timestamp,repo_id,module,condition,test_scope,build_tool,focal_class,target_tests,tests_found,mutations_generated,mutations_killed,mutations_survived,mutations_no_coverage,mutation_score_pct,status,phase,exit_code,error_type,error_message,retries,fixed_by,pit_target_classes,pit_version,pit_status,pit_log_file,run_dir
20260411T211421Z,100021742,spring-cloud-stream-binder-artemis,HUMAN,focal,maven,me.snowdrop.stream.binder.artemis.provisioning.ArtemisBrokerManager,me.snowdrop.stream.binder.artemis.provisioning.ArtemisBrokerManagerTest,9,22,11,0,11,100.000000,OK,summarize,0,,,0,NONE,me.snowdrop.stream.binder.artemis.provisioning.ArtemisBrokerManager*,1.6.9,OK,D:\Khedma\Mr wiem\mutation-test-pipeline\logs\runs\20260411T211421Z_100021742_spring-cloud-stream-binder-artemis_HUMAN_focal_maven\04_pit.log,D:\Khedma\Mr wiem\mutation-test-pipeline\logs\runs\20260411T211421Z_100021742_spring-cloud-stream-binder-artemis_HUMAN_focal_maven
20260411T211511Z,100021742,spring-cloud-stream-binder-artemis,AI_ONLY,focal,maven,me.snowdrop.stream.binder.artemis.provisioning.ArtemisBrokerManager,,,,,,,,FAIL,clone,1,FILE_NOT_FOUND,Generated AI test not found: D:\Khedma\Mr wiem\mutation-test-pipeline\experiments\generated_tests\100021742_19_GeneratedTest.java,0,NONE,,1.6.9,,,D:\Khedma\Mr wiem\mutation-test-pipeline\logs\runs\20260411T211511Z_100021742_spring-cloud-stream-binder-artemis_AI_ONLY_focal_maven
scorer,100035986,codalab/scorer,HUMAN,focal,maven,de.tudarmstadt.ukp.argumentation.semeval2018.Scorer,de.tudarmstadt.ukp.argumentation.semeval2018.ScorerTest,,,,,,,FAIL,test,1,TEST_FAILURE,"Command '['mvn.cmd', '-s', 'D:\\Khedma\\Mr wiem\\mutation-test-pipeline\\.mvn\\settings.xml', '-Dtest=de.tudarmstadt.ukp.argumentation.semeval2018.ScorerTest', 'test']' returned non-zero exit status 1.: [INFO] Scanning for projects... [INFO] [INFO] --------< de.tudarmstadt.ukp.argumentation.semeval2018:scorer >--------- [INFO] Building scorer 1.0-SNAPSHOT [INFO] from pom.xml [INFO] ---------------",0,NONE,,1.6.9,,,D:\Khedma\Mr wiem\mutation-test-pipeline\logs\runs\20260411T211526Z_100035986_codalab\scorer_HUMAN_focal_maven
scorer,100035986,codalab/scorer,AI_ONLY,focal,maven,de.tudarmstadt.ukp.argumentation.semeval2018.Scorer,,,,,,,,FAIL,clone,1,FILE_NOT_FOUND,Generated AI test not found: D:\Khedma\Mr wiem\mutation-test-pipeline\experiments\generated_tests\100035986_1_GeneratedTest.java,0,NONE,,1.6.9,,,D:\Khedma\Mr wiem\mutation-test-pipeline\logs\runs\20260411T211540Z_100035986_codalab\scorer_AI_ONLY_focal_maven
20260411T211554Z,10005385,store,HUMAN,focal,maven,,,,,,,,,FAIL,clone,1,MODULE_MISSING,Module directory does not exist: D:\Khedma\Mr wiem\mutation-test-pipeline\target-repos\10005385\store,0,NONE,,1.6.9,,,D:\Khedma\Mr wiem\mutation-test-pipeline\logs\runs\20260411T211554Z_10005385_store_HUMAN_focal_maven
20260411T211555Z,10005385,store,AI_ONLY,focal,maven,,,,,,,,,FAIL,clone,1,MODULE_MISSING,Module directory does not exist: D:\Khedma\Mr wiem\mutation-test-pipeline\target-repos\10005385\store,0,NONE,,1.6.9,,,D:\Khedma\Mr wiem\mutation-test-pipeline\logs\runs\20260411T211555Z_10005385_store_AI_ONLY_focal_maven
20260412T134832Z,100021742,spring-cloud-stream-binder-artemis,HUMAN,focal,maven,me.snowdrop.stream.binder.artemis.provisioning.ArtemisBrokerManager,me.snowdrop.stream.binder.artemis.provisioning.ArtemisBrokerManagerTest,9,22,11,0,11,100.000000,OK,summarize,0,,,0,NONE,me.snowdrop.stream.binder.artemis.provisioning.ArtemisBrokerManager*,1.6.9,OK,D:\Khedma\Mr wiem\mutation-test-pipeline\logs\runs\20260412T134832Z_100021742_spring-cloud-stream-binder-artemis_HUMAN_focal_maven\04_pit.log,D:\Khedma\Mr wiem\mutation-test-pipeline\logs\runs\20260412T134832Z_100021742_spring-cloud-stream-binder-artemis_HUMAN_focal_maven
20260412T134859Z,100021742,spring-cloud-stream-binder-artemis,AI_ONLY,focal,maven,me.snowdrop.stream.binder.artemis.provisioning.ArtemisBrokerManager,,,,,,,,FAIL,clone,1,FILE_NOT_FOUND,Generated AI test not found: D:\Khedma\Mr wiem\mutation-test-pipeline\experiments\generated_tests\100021742_19_GeneratedTest.java,0,NONE,,1.6.9,,,D:\Khedma\Mr wiem\mutation-test-pipeline\logs\runs\20260412T134859Z_100021742_spring-cloud-stream-binder-artemis_AI_ONLY_focal_maven
20260412T170914Z,100021742,spring-cloud-stream-binder-artemis,HUMAN,focal,maven,me.snowdrop.stream.binder.artemis.provisioning.ArtemisBrokerManager,me.snowdrop.stream.binder.artemis.provisioning.ArtemisBrokerManagerTest,9,22,11,0,11,100.000000,OK,summarize,0,,,0,NONE,me.snowdrop.stream.binder.artemis.provisioning.ArtemisBrokerManager*,1.6.9,OK,D:\Khedma\Mr wiem\mutation-test-pipeline\logs\runs\20260412T170914Z_100021742_spring-cloud-stream-binder-artemis_HUMAN_focal_maven\04_pit.log,D:\Khedma\Mr wiem\mutation-test-pipeline\logs\runs\20260412T170914Z_100021742_spring-cloud-stream-binder-artemis_HUMAN_focal_maven
20260412T170935Z,100021742,spring-cloud-stream-binder-artemis,AI_ONLY,focal,maven,me.snowdrop.stream.binder.artemis.provisioning.ArtemisBrokerManager,me.snowdrop.stream.binder.artemis.provisioning.ArtemisBrokerManagerAiTest,,,,,,,FAIL,test,1,COMPILATION,"Command '['mvn.cmd', '-s', 'D:\\Khedma\\Mr wiem\\mutation-test-pipeline\\.mvn\\settings.xml', '-Dtest=me.snowdrop.stream.binder.artemis.provisioning.ArtemisBrokerManagerAiTest', 'test']' returned non-zero exit status 1.: [INFO] Scanning for projects... [INFO] [INFO] -----------< me.snowdrop:spring-cloud-stream-binder-artemis >----------- [INFO] Building Spring Cloud Stream Artemis binder 0.1.3-SNA",0,NONE,,1.6.9,,,D:\Khedma\Mr wiem\mutation-test-pipeline\logs\runs\20260412T170935Z_100021742_spring-cloud-stream-binder-artemis_AI_ONLY_focal_maven
scorer,100035986,codalab/scorer,HUMAN,focal,maven,de.tudarmstadt.ukp.argumentation.semeval2018.Scorer,de.tudarmstadt.ukp.argumentation.semeval2018.ScorerTest,,,,,,,FAIL,test,1,TEST_FAILURE,"Command '['mvn.cmd', '-s', 'D:\\Khedma\\Mr wiem\\mutation-test-pipeline\\.mvn\\settings.xml', '-Dtest=de.tudarmstadt.ukp.argumentation.semeval2018.ScorerTest', 'test']' returned non-zero exit status 1.: [INFO] Scanning for projects... [INFO] [INFO] --------< de.tudarmstadt.ukp.argumentation.semeval2018:scorer >--------- [INFO] Building scorer 1.0-SNAPSHOT [INFO] from pom.xml [INFO] ---------------",0,NONE,,1.6.9,,,D:\Khedma\Mr wiem\mutation-test-pipeline\logs\runs\20260412T171809Z_100035986_codalab\scorer_HUMAN_focal_maven
scorer,100035986,codalab/scorer,AI_ONLY,focal,maven,de.tudarmstadt.ukp.argumentation.semeval2018.Scorer,de.tudarmstadt.ukp.argumentation.semeval2018.ScorerAiTest,,,,,,,FAIL,test,1,TEST_FAILURE,"Command '['mvn.cmd', '-s', 'D:\\Khedma\\Mr wiem\\mutation-test-pipeline\\.mvn\\settings.xml', '-Dtest=de.tudarmstadt.ukp.argumentation.semeval2018.ScorerAiTest', 'test']' returned non-zero exit status 1.: [INFO] Scanning for projects... [INFO] [INFO] --------< de.tudarmstadt.ukp.argumentation.semeval2018:scorer >--------- [INFO] Building scorer 1.0-SNAPSHOT [INFO] from pom.xml [INFO] -------------",0,NONE,,1.6.9,,,D:\Khedma\Mr wiem\mutation-test-pipeline\logs\runs\20260412T171817Z_100035986_codalab\scorer_AI_ONLY_focal_maven
20260412T171844Z,10005385,store,HUMAN,focal,maven,,,,,,,,,FAIL,clone,1,MODULE_MISSING,Module directory does not exist: D:\Khedma\Mr wiem\mutation-test-pipeline\target-repos\10005385\store,0,NONE,,1.6.9,,,D:\Khedma\Mr wiem\mutation-test-pipeline\logs\runs\20260412T171844Z_10005385_store_HUMAN_focal_maven
20260412T171845Z,10005385,store,AI_ONLY,focal,maven,,,,,,,,,FAIL,clone,1,MODULE_MISSING,Module directory does not exist: D:\Khedma\Mr wiem\mutation-test-pipeline\target-repos\10005385\store,0,NONE,,1.6.9,,,D:\Khedma\Mr wiem\mutation-test-pipeline\logs\runs\20260412T171845Z_10005385_store_AI_ONLY_focal_maven
com.sandpolis.core.foundation,100069523,module/com.sandpolis.core.foundation,HUMAN,focal,maven,,,,,,,,,FAIL,clone,1,MODULE_MISSING,Module directory does not exist: D:\Khedma\Mr wiem\mutation-test-pipeline\target-repos\100069523\module\com.sandpolis.core.foundation,0,NONE,,1.6.9,,,D:\Khedma\Mr wiem\mutation-test-pipeline\logs\runs\20260412T171901Z_100069523_module\com.sandpolis.core.foundation_HUMAN_focal_maven
com.sandpolis.core.foundation,100069523,module/com.sandpolis.core.foundation,AI_ONLY,focal,maven,,,,,,,,,FAIL,clone,1,MODULE_MISSING,Module directory does not exist: D:\Khedma\Mr wiem\mutation-test-pipeline\target-repos\100069523\module\com.sandpolis.core.foundation,0,NONE,,1.6.9,,,D:\Khedma\Mr wiem\mutation-test-pipeline\logs\runs\20260412T171901Z_100069523_module\com.sandpolis.core.foundation_AI_ONLY_focal_maven
20260412T171923Z,100077276,lookup,HUMAN,focal,maven,,,,,,,,,FAIL,clone,1,MODULE_MISSING,Module directory does not exist: D:\Khedma\Mr wiem\mutation-test-pipeline\target-repos\100077276\lookup,0,NONE,,1.6.9,,,D:\Khedma\Mr wiem\mutation-test-pipeline\logs\runs\20260412T171923Z_100077276_lookup_HUMAN_focal_maven
20260412T171923Z,100077276,lookup,AI_ONLY,focal,maven,,,,,,,,,FAIL,clone,1,MODULE_MISSING,Module directory does not exist: D:\Khedma\Mr wiem\mutation-test-pipeline\target-repos\100077276\lookup,0,NONE,,1.6.9,,,D:\Khedma\Mr wiem\mutation-test-pipeline\logs\runs\20260412T171923Z_100077276_lookup_AI_ONLY_focal_maven
20260412T171946Z,100086904,supply-location-service,HUMAN,focal,maven,demo.SupplyLocationBulkUploadController,demo.SupplyLocationBulkUploadControllerTest,,,,,,,FAIL,compile,1,COMPILATION,"Command '['mvn.cmd', '-s', 'D:\\Khedma\\Mr wiem\\mutation-test-pipeline\\.mvn\\settings.xml', '-DskipTests', 'compile']' returned non-zero exit status 1.: [INFO] Scanning for projects... Downloading from spring-snapshots: https://repo.spring.io/snapshot/org/springframework/boot/spring-boot-starter-parent/1.3.0.RELEASE/spring-boot-starter-parent-1.3.0.RELEASE.pom Downloading from spring-milestones:",0,NONE,,1.6.9,,,D:\Khedma\Mr wiem\mutation-test-pipeline\logs\runs\20260412T171946Z_100086904_supply-location-service_HUMAN_focal_maven
20260412T172019Z,100086904,supply-location-service,AI_ONLY,focal,maven,demo.SupplyLocationBulkUploadController,demo.SupplyLocationBulkUploadControllerAiTest,,,,,,,FAIL,compile,1,COMPILATION,"Command '['mvn.cmd', '-s', 'D:\\Khedma\\Mr wiem\\mutation-test-pipeline\\.mvn\\settings.xml', '-DskipTests', 'compile']' returned non-zero exit status 1.: [INFO] Scanning for projects... [INFO] [INFO] ---------------< com.ross.cs504:supply-location-service >--------------- [INFO] Building supply-location-service 1.0.0.BUILD-SNAPSHOT [INFO] from pom.xml [INFO] --------------------------------[ jar ",0,NONE,,1.6.9,,,D:\Khedma\Mr wiem\mutation-test-pipeline\logs\runs\20260412T172019Z_100086904_supply-location-service_AI_ONLY_focal_maven
20260412T172045Z,1001284,core,HUMAN,focal,maven,com.pholser.junit.quickcheck.internal.GeometricDistribution,com.pholser.junit.quickcheck.internal.GeometricDistributionTest,9,15,15,0,0,100.000000,OK,summarize,0,,,0,NONE,com.pholser.junit.quickcheck.internal.GeometricDistribution*,1.6.9,OK,D:\Khedma\Mr wiem\mutation-test-pipeline\logs\runs\20260412T172045Z_1001284_core_HUMAN_focal_maven\04_pit.log,D:\Khedma\Mr wiem\mutation-test-pipeline\logs\runs\20260412T172045Z_1001284_core_HUMAN_focal_maven
20260412T172117Z,1001284,core,AI_ONLY,focal,maven,com.pholser.junit.quickcheck.internal.GeometricDistribution,com.pholser.junit.quickcheck.internal.GeometricDistributionAiTest,,,,,,,FAIL,test,1,TEST_FAILURE,"Command '['mvn.cmd', '-s', 'D:\\Khedma\\Mr wiem\\mutation-test-pipeline\\.mvn\\settings.xml', '-Dtest=com.pholser.junit.quickcheck.internal.GeometricDistributionAiTest', 'test']' returned non-zero exit status 1.: [INFO] Scanning for projects... [INFO] [INFO] -----------------< com.pholser:junit-quickcheck-core >------------------ [INFO] Building junit-quickcheck-core 1.1-SNAPSHOT [INFO] from pom.x",0,NONE,,1.6.9,,,D:\Khedma\Mr wiem\mutation-test-pipeline\logs\runs\20260412T172117Z_1001284_core_AI_ONLY_focal_maven
20260412T172151Z,100135378,livedoc-core,HUMAN,focal,maven,org.hildan.livedoc.core.util.Defaults,org.hildan.livedoc.core.util.DefaultsTest,,,,,,,FAIL,compile,1,OTHER,"Command '['mvn.cmd', '-s', 'D:\\Khedma\\Mr wiem\\mutation-test-pipeline\\.mvn\\settings.xml', '-DskipTests', 'compile']' returned non-zero exit status 1.: [INFO] Scanning for projects... [INFO] ------------------------------------------------------------------------ [INFO] BUILD FAILURE [INFO] ------------------------------------------------------------------------ [INFO] Total time: 0.063 s [INFO",0,NONE,,1.6.9,,,D:\Khedma\Mr wiem\mutation-test-pipeline\logs\runs\20260412T172151Z_100135378_livedoc-core_HUMAN_focal_maven
20260412T172155Z,100135378,livedoc-core,AI_ONLY,focal,maven,org.hildan.livedoc.core.util.Defaults,org.hildan.livedoc.core.util.DefaultsAiTest,,,,,,,FAIL,compile,1,OTHER,"Command '['mvn.cmd', '-s', 'D:\\Khedma\\Mr wiem\\mutation-test-pipeline\\.mvn\\settings.xml', '-DskipTests', 'compile']' returned non-zero exit status 1.: [INFO] Scanning for projects... [INFO] ------------------------------------------------------------------------ [INFO] BUILD FAILURE [INFO] ------------------------------------------------------------------------ [INFO] Total time: 0.061 s [INFO",0,NONE,,1.6.9,,,D:\Khedma\Mr wiem\mutation-test-pipeline\logs\runs\20260412T172155Z_100135378_livedoc-core_AI_ONLY_focal_maven
20260412T172216Z,10016717,spanners-mvc,HUMAN,focal,maven,org.dontpanic.spanners.springmvc.controllers.HomeController,org.dontpanic.spanners.springmvc.controllers.HomeControllerTest,1,1,1,0,0,100.000000,OK,summarize,0,,,0,NONE,org.dontpanic.spanners.springmvc.controllers.HomeController*,1.6.9,OK,D:\Khedma\Mr wiem\mutation-test-pipeline\logs\runs\20260412T172216Z_10016717_spanners-mvc_HUMAN_focal_maven\04_pit.log,D:\Khedma\Mr wiem\mutation-test-pipeline\logs\runs\20260412T172216Z_10016717_spanners-mvc_HUMAN_focal_maven
20260412T172258Z,10016717,spanners-mvc,AI_ONLY,focal,maven,org.dontpanic.spanners.springmvc.controllers.HomeController,org.dontpanic.spanners.springmvc.controllers.HomeControllerAiTest,1,1,1,0,0,100.000000,OK,summarize,0,,,0,NONE,org.dontpanic.spanners.springmvc.controllers.HomeController*,1.6.9,OK,D:\Khedma\Mr wiem\mutation-test-pipeline\logs\runs\20260412T172258Z_10016717_spanners-mvc_AI_ONLY_focal_maven\04_pit.log,D:\Khedma\Mr wiem\mutation-test-pipeline\logs\runs\20260412T172258Z_10016717_spanners-mvc_AI_ONLY_focal_maven
20260412T172338Z,100218123,mongodb,HUMAN,focal,maven,top.maplefix.controller.MongoDbController,top.maplefix.controller.MongoDbControllerTest,,,,,,,FAIL,compile,1,COMPILATION,"Command '['mvn.cmd', '-s', 'D:\\Khedma\\Mr wiem\\mutation-test-pipeline\\.mvn\\settings.xml', '-DskipTests', 'compile']' returned non-zero exit status 1.: [INFO] Scanning for projects... Downloading from central: https://repo1.maven.org/maven2/org/springframework/boot/spring-boot-starter-parent/2.1.6.RELEASE/spring-boot-starter-parent-2.1.6.RELEASE.pom Progress (1): 986 B Progress (1): 3.1 kB Prog",0,NONE,,1.6.9,,,D:\Khedma\Mr wiem\mutation-test-pipeline\logs\runs\20260412T172338Z_100218123_mongodb_HUMAN_focal_maven
20260412T172350Z,100218123,mongodb,AI_ONLY,focal,maven,top.maplefix.controller.MongoDbController,top.maplefix.controller.MongoDbControllerAiTest,,,,,,,FAIL,compile,1,COMPILATION,"Command '['mvn.cmd', '-s', 'D:\\Khedma\\Mr wiem\\mutation-test-pipeline\\.mvn\\settings.xml', '-DskipTests', 'compile']' returned non-zero exit status 1.: [INFO] Scanning for projects... [INFO] [INFO] ------------------------< top.maplefix:mongodb >------------------------ [INFO] Building mongodb 0.0.1-SNAPSHOT [INFO] from pom.xml [INFO] --------------------------------[ jar ]---------------------",0,NONE,,1.6.9,,,D:\Khedma\Mr wiem\mutation-test-pipeline\logs\runs\20260412T172350Z_100218123_mongodb_AI_ONLY_focal_maven
20260412T172421Z,100262257,solutions,HUMAN,focal,maven,org.pg4200.sol01.MyArrayListInteger,org.pg4200.sol01.MyArrayListIntegerTest,,,,,,,FAIL,compile,1,DEP_RESOLUTION,"Command '['mvn.cmd', '-s', 'D:\\Khedma\\Mr wiem\\mutation-test-pipeline\\.mvn\\settings.xml', '-DskipTests', 'compile']' returned non-zero exit status 1.: [INFO] Scanning for projects... [INFO] [INFO] --------------------< org.pg4200:pg4200-solutions >--------------------- [INFO] Building pg4200-solutions 0.0.1-SNAPSHOT [INFO] from pom.xml [INFO] --------------------------------[ jar ]------------",0,NONE,,1.6.9,,,D:\Khedma\Mr wiem\mutation-test-pipeline\logs\runs\20260412T172421Z_100262257_solutions_HUMAN_focal_maven
20260412T172425Z,100262257,solutions,AI_ONLY,focal,maven,org.pg4200.sol01.MyArrayListInteger,,,,,,,,FAIL,clone,1,FILE_NOT_FOUND,Generated AI test has no public class declaration: D:\Khedma\Mr wiem\mutation-test-pipeline\experiments\generated_tests\100262257_9_GeneratedTest.java,0,NONE,,1.6.9,,,D:\Khedma\Mr wiem\mutation-test-pipeline\logs\runs\20260412T172425Z_100262257_solutions_AI_ONLY_focal_maven
20260412T173142Z,100021742,spring-cloud-stream-binder-artemis,HUMAN,focal,maven,me.snowdrop.stream.binder.artemis.provisioning.ArtemisBrokerManager,me.snowdrop.stream.binder.artemis.provisioning.ArtemisBrokerManagerTest,9,22,11,0,11,100.000000,OK,summarize,0,,,0,NONE,me.snowdrop.stream.binder.artemis.provisioning.ArtemisBrokerManager*,1.6.9,OK,D:\Khedma\Mr wiem\mutation-test-pipeline\logs\runs\20260412T173142Z_100021742_spring-cloud-stream-binder-artemis_HUMAN_focal_maven\04_pit.log,D:\Khedma\Mr wiem\mutation-test-pipeline\logs\runs\20260412T173142Z_100021742_spring-cloud-stream-binder-artemis_HUMAN_focal_maven
20260412T173205Z,100021742,spring-cloud-stream-binder-artemis,AI_ONLY,focal,maven,me.snowdrop.stream.binder.artemis.provisioning.ArtemisBrokerManager,me.snowdrop.stream.binder.artemis.provisioning.ArtemisBrokerManagerAiTest,,,,,,,FAIL,test,1,COMPILATION,"Command '['mvn.cmd', '-s', 'D:\\Khedma\\Mr wiem\\mutation-test-pipeline\\.mvn\\settings.xml', '-Dtest=me.snowdrop.stream.binder.artemis.provisioning.ArtemisBrokerManagerAiTest', 'test']' returned non-zero exit status 1.: [INFO] Scanning for projects... [INFO] [INFO] -----------< me.snowdrop:spring-cloud-stream-binder-artemis >----------- [INFO] Building Spring Cloud Stream Artemis binder 0.1.3-SNA",0,NONE,,1.6.9,,,D:\Khedma\Mr wiem\mutation-test-pipeline\logs\runs\20260412T173205Z_100021742_spring-cloud-stream-binder-artemis_AI_ONLY_focal_maven
scorer,100035986,codalab/scorer,HUMAN,focal,maven,de.tudarmstadt.ukp.argumentation.semeval2018.Scorer,de.tudarmstadt.ukp.argumentation.semeval2018.ScorerTest,,,,,,,FAIL,test,1,TEST_FAILURE,"Command '['mvn.cmd', '-s', 'D:\\Khedma\\Mr wiem\\mutation-test-pipeline\\.mvn\\settings.xml', '-Dtest=de.tudarmstadt.ukp.argumentation.semeval2018.ScorerTest', 'test']' returned non-zero exit status 1.: [INFO] Scanning for projects... [INFO] [INFO] --------< de.tudarmstadt.ukp.argumentation.semeval2018:scorer >--------- [INFO] Building scorer 1.0-SNAPSHOT [INFO] from pom.xml [INFO] ---------------",0,NONE,,1.6.9,,,D:\Khedma\Mr wiem\mutation-test-pipeline\logs\runs\20260412T173222Z_100035986_codalab\scorer_HUMAN_focal_maven
scorer,100035986,codalab/scorer,AI_ONLY,focal,maven,de.tudarmstadt.ukp.argumentation.semeval2018.Scorer,de.tudarmstadt.ukp.argumentation.semeval2018.ScorerAiTest,,,,,,,FAIL,test,1,TEST_FAILURE,"Command '['mvn.cmd', '-s', 'D:\\Khedma\\Mr wiem\\mutation-test-pipeline\\.mvn\\settings.xml', '-Dtest=de.tudarmstadt.ukp.argumentation.semeval2018.ScorerAiTest', 'test']' returned non-zero exit status 1.: [INFO] Scanning for projects... [INFO] [INFO] --------< de.tudarmstadt.ukp.argumentation.semeval2018:scorer >--------- [INFO] Building scorer 1.0-SNAPSHOT [INFO] from pom.xml [INFO] -------------",0,NONE,,1.6.9,,,D:\Khedma\Mr wiem\mutation-test-pipeline\logs\runs\20260412T173231Z_100035986_codalab\scorer_AI_ONLY_focal_maven
20260412T173240Z,10005385,store,HUMAN,focal,maven,,,,,,,,,FAIL,clone,1,MODULE_MISSING,Module directory does not exist: D:\Khedma\Mr wiem\mutation-test-pipeline\target-repos\10005385\store,0,NONE,,1.6.9,,,D:\Khedma\Mr wiem\mutation-test-pipeline\logs\runs\20260412T173240Z_10005385_store_HUMAN_focal_maven
20260412T173241Z,10005385,store,AI_ONLY,focal,maven,,,,,,,,,FAIL,clone,1,MODULE_MISSING,Module directory does not exist: D:\Khedma\Mr wiem\mutation-test-pipeline\target-repos\10005385\store,0,NONE,,1.6.9,,,D:\Khedma\Mr wiem\mutation-test-pipeline\logs\runs\20260412T173241Z_10005385_store_AI_ONLY_focal_maven
20260412T173620Z,100021742,spring-cloud-stream-binder-artemis,HUMAN,focal,maven,me.snowdrop.stream.binder.artemis.provisioning.ArtemisBrokerManager,me.snowdrop.stream.binder.artemis.provisioning.ArtemisBrokerManagerTest,9,22,11,0,11,100.000000,OK,summarize,0,,,0,NONE,me.snowdrop.stream.binder.artemis.provisioning.ArtemisBrokerManager*,1.6.9,OK,D:\Khedma\Mr wiem\mutation-test-pipeline\logs\runs\20260412T173620Z_100021742_spring-cloud-stream-binder-artemis_HUMAN_focal_maven\04_pit.log,D:\Khedma\Mr wiem\mutation-test-pipeline\logs\runs\20260412T173620Z_100021742_spring-cloud-stream-binder-artemis_HUMAN_focal_maven
20260412T173641Z,100021742,spring-cloud-stream-binder-artemis,AI_ONLY,focal,maven,me.snowdrop.stream.binder.artemis.provisioning.ArtemisBrokerManager,me.snowdrop.stream.binder.artemis.provisioning.ArtemisBrokerManagerAiTest,,,,,,,FAIL,test,1,COMPILATION,"Command '['mvn.cmd', '-s', 'D:\\Khedma\\Mr wiem\\mutation-test-pipeline\\.mvn\\settings.xml', '-Dtest=me.snowdrop.stream.binder.artemis.provisioning.ArtemisBrokerManagerAiTest', 'test']' returned non-zero exit status 1.: [INFO] Scanning for projects... [INFO] [INFO] -----------< me.snowdrop:spring-cloud-stream-binder-artemis >----------- [INFO] Building Spring Cloud Stream Artemis binder 0.1.3-SNA",0,NONE,,1.6.9,,,D:\Khedma\Mr wiem\mutation-test-pipeline\logs\runs\20260412T173641Z_100021742_spring-cloud-stream-binder-artemis_AI_ONLY_focal_maven
scorer,100035986,codalab/scorer,HUMAN,focal,maven,de.tudarmstadt.ukp.argumentation.semeval2018.Scorer,de.tudarmstadt.ukp.argumentation.semeval2018.ScorerTest,,,,,,,FAIL,test,1,TEST_FAILURE,"Command '['mvn.cmd', '-s', 'D:\\Khedma\\Mr wiem\\mutation-test-pipeline\\.mvn\\settings.xml', '-Dtest=de.tudarmstadt.ukp.argumentation.semeval2018.ScorerTest', 'test']' returned non-zero exit status 1.: [INFO] Scanning for projects... [INFO] [INFO] --------< de.tudarmstadt.ukp.argumentation.semeval2018:scorer >--------- [INFO] Building scorer 1.0-SNAPSHOT [INFO] from pom.xml [INFO] ---------------",0,NONE,,1.6.9,,,D:\Khedma\Mr wiem\mutation-test-pipeline\logs\runs\20260412T173651Z_100035986_codalab\scorer_HUMAN_focal_maven
scorer,100035986,codalab/scorer,AI_ONLY,focal,maven,de.tudarmstadt.ukp.argumentation.semeval2018.Scorer,de.tudarmstadt.ukp.argumentation.semeval2018.ScorerAiTest,,,,,,,FAIL,test,1,TEST_FAILURE,"Command '['mvn.cmd', '-s', 'D:\\Khedma\\Mr wiem\\mutation-test-pipeline\\.mvn\\settings.xml', '-Dtest=de.tudarmstadt.ukp.argumentation.semeval2018.ScorerAiTest', 'test']' returned non-zero exit status 1.: [INFO] Scanning for projects... [INFO] [INFO] --------< de.tudarmstadt.ukp.argumentation.semeval2018:scorer >--------- [INFO] Building scorer 1.0-SNAPSHOT [INFO] from pom.xml [INFO] -------------",0,NONE,,1.6.9,,,D:\Khedma\Mr wiem\mutation-test-pipeline\logs\runs\20260412T173700Z_100035986_codalab\scorer_AI_ONLY_focal_maven
20260412T173709Z,10005385,store,HUMAN,focal,maven,,,,,,,,,FAIL,clone,1,MODULE_MISSING,Module directory does not exist: D:\Khedma\Mr wiem\mutation-test-pipeline\target-repos\10005385\store,0,NONE,,1.6.9,,,D:\Khedma\Mr wiem\mutation-test-pipeline\logs\runs\20260412T173709Z_10005385_store_HUMAN_focal_maven
20260412T173709Z,10005385,store,AI_ONLY,focal,maven,,,,,,,,,FAIL,clone,1,MODULE_MISSING,Module directory does not exist: D:\Khedma\Mr wiem\mutation-test-pipeline\target-repos\10005385\store,0,NONE,,1.6.9,,,D:\Khedma\Mr wiem\mutation-test-pipeline\logs\runs\20260412T173709Z_10005385_store_AI_ONLY_focal_maven
com.sandpolis.core.foundation,100069523,module/com.sandpolis.core.foundation,HUMAN,focal,maven,,,,,,,,,FAIL,clone,1,MODULE_MISSING,Module directory does not exist: D:\Khedma\Mr wiem\mutation-test-pipeline\target-repos\100069523\module\com.sandpolis.core.foundation,0,NONE,,1.6.9,,,D:\Khedma\Mr wiem\mutation-test-pipeline\logs\runs\20260412T173725Z_100069523_module\com.sandpolis.core.foundation_HUMAN_focal_maven
com.sandpolis.core.foundation,100069523,module/com.sandpolis.core.foundation,AI_ONLY,focal,maven,,,,,,,,,FAIL,clone,1,MODULE_MISSING,Module directory does not exist: D:\Khedma\Mr wiem\mutation-test-pipeline\target-repos\100069523\module\com.sandpolis.core.foundation,0,NONE,,1.6.9,,,D:\Khedma\Mr wiem\mutation-test-pipeline\logs\runs\20260412T173726Z_100069523_module\com.sandpolis.core.foundation_AI_ONLY_focal_maven
20260412T173726Z,100077276,lookup,HUMAN,focal,maven,,,,,,,,,FAIL,clone,1,MODULE_MISSING,Module directory does not exist: D:\Khedma\Mr wiem\mutation-test-pipeline\target-repos\100077276\lookup,0,NONE,,1.6.9,,,D:\Khedma\Mr wiem\mutation-test-pipeline\logs\runs\20260412T173726Z_100077276_lookup_HUMAN_focal_maven
20260412T173726Z,100077276,lookup,AI_ONLY,focal,maven,,,,,,,,,FAIL,clone,1,MODULE_MISSING,Module directory does not exist: D:\Khedma\Mr wiem\mutation-test-pipeline\target-repos\100077276\lookup,0,NONE,,1.6.9,,,D:\Khedma\Mr wiem\mutation-test-pipeline\logs\runs\20260412T173726Z_100077276_lookup_AI_ONLY_focal_maven
20260412T173727Z,100086904,supply-location-service,HUMAN,focal,maven,demo.SupplyLocationBulkUploadController,demo.SupplyLocationBulkUploadControllerTest,,,,,,,FAIL,compile,1,COMPILATION,"Command '['mvn.cmd', '-s', 'D:\\Khedma\\Mr wiem\\mutation-test-pipeline\\.mvn\\settings.xml', '-DskipTests', 'compile']' returned non-zero exit status 1.: [INFO] Scanning for projects... [INFO] [INFO] ---------------< com.ross.cs504:supply-location-service >--------------- [INFO] Building supply-location-service 1.0.0.BUILD-SNAPSHOT [INFO] from pom.xml [INFO] --------------------------------[ jar ",0,NONE,,1.6.9,,,D:\Khedma\Mr wiem\mutation-test-pipeline\logs\runs\20260412T173727Z_100086904_supply-location-service_HUMAN_focal_maven
20260412T173733Z,100086904,supply-location-service,AI_ONLY,focal,maven,demo.SupplyLocationBulkUploadController,demo.SupplyLocationBulkUploadControllerAiTest,,,,,,,FAIL,compile,1,COMPILATION,"Command '['mvn.cmd', '-s', 'D:\\Khedma\\Mr wiem\\mutation-test-pipeline\\.mvn\\settings.xml', '-DskipTests', 'compile']' returned non-zero exit status 1.: [INFO] Scanning for projects... [INFO] [INFO] ---------------< com.ross.cs504:supply-location-service >--------------- [INFO] Building supply-location-service 1.0.0.BUILD-SNAPSHOT [INFO] from pom.xml [INFO] --------------------------------[ jar ",0,NONE,,1.6.9,,,D:\Khedma\Mr wiem\mutation-test-pipeline\logs\runs\20260412T173733Z_100086904_supply-location-service_AI_ONLY_focal_maven
20260412T173739Z,1001284,core,HUMAN,focal,maven,com.pholser.junit.quickcheck.internal.GeometricDistribution,com.pholser.junit.quickcheck.internal.GeometricDistributionTest,9,15,15,0,0,100.000000,OK,summarize,0,,,0,NONE,com.pholser.junit.quickcheck.internal.GeometricDistribution*,1.6.9,OK,D:\Khedma\Mr wiem\mutation-test-pipeline\logs\runs\20260412T173739Z_1001284_core_HUMAN_focal_maven\04_pit.log,D:\Khedma\Mr wiem\mutation-test-pipeline\logs\runs\20260412T173739Z_1001284_core_HUMAN_focal_maven
20260412T173802Z,1001284,core,AI_ONLY,focal,maven,com.pholser.junit.quickcheck.internal.GeometricDistribution,com.pholser.junit.quickcheck.internal.GeometricDistributionAiTest,,,,,,,FAIL,test,1,TEST_FAILURE,"Command '['mvn.cmd', '-s', 'D:\\Khedma\\Mr wiem\\mutation-test-pipeline\\.mvn\\settings.xml', '-Dtest=com.pholser.junit.quickcheck.internal.GeometricDistributionAiTest', 'test']' returned non-zero exit status 1.: [INFO] Scanning for projects... [INFO] [INFO] -----------------< com.pholser:junit-quickcheck-core >------------------ [INFO] Building junit-quickcheck-core 1.1-SNAPSHOT [INFO] from pom.x",0,NONE,,1.6.9,,,D:\Khedma\Mr wiem\mutation-test-pipeline\logs\runs\20260412T173802Z_1001284_core_AI_ONLY_focal_maven
20260412T173817Z,100135378,livedoc-core,HUMAN,focal,maven,org.hildan.livedoc.core.util.Defaults,org.hildan.livedoc.core.util.DefaultsTest,,,,,,,FAIL,compile,1,OTHER,"Command '['mvn.cmd', '-s', 'D:\\Khedma\\Mr wiem\\mutation-test-pipeline\\.mvn\\settings.xml', '-DskipTests', 'compile']' returned non-zero exit status 1.: [INFO] Scanning for projects... [INFO] ------------------------------------------------------------------------ [INFO] BUILD FAILURE [INFO] ------------------------------------------------------------------------ [INFO] Total time: 0.065 s [INFO",0,NONE,,1.6.9,,,D:\Khedma\Mr wiem\mutation-test-pipeline\logs\runs\20260412T173817Z_100135378_livedoc-core_HUMAN_focal_maven
20260412T173821Z,100135378,livedoc-core,AI_ONLY,focal,maven,org.hildan.livedoc.core.util.Defaults,org.hildan.livedoc.core.util.DefaultsAiTest,,,,,,,FAIL,compile,1,OTHER,"Command '['mvn.cmd', '-s', 'D:\\Khedma\\Mr wiem\\mutation-test-pipeline\\.mvn\\settings.xml', '-DskipTests', 'compile']' returned non-zero exit status 1.: [INFO] Scanning for projects... [INFO] ------------------------------------------------------------------------ [INFO] BUILD FAILURE [INFO] ------------------------------------------------------------------------ [INFO] Total time: 0.071 s [INFO",0,NONE,,1.6.9,,,D:\Khedma\Mr wiem\mutation-test-pipeline\logs\runs\20260412T173821Z_100135378_livedoc-core_AI_ONLY_focal_maven
20260412T173825Z,10016717,spanners-mvc,HUMAN,focal,maven,org.dontpanic.spanners.springmvc.controllers.HomeController,org.dontpanic.spanners.springmvc.controllers.HomeControllerTest,1,1,1,0,0,100.000000,OK,summarize,0,,,0,NONE,org.dontpanic.spanners.springmvc.controllers.HomeController*,1.6.9,OK,D:\Khedma\Mr wiem\mutation-test-pipeline\logs\runs\20260412T173825Z_10016717_spanners-mvc_HUMAN_focal_maven\04_pit.log,D:\Khedma\Mr wiem\mutation-test-pipeline\logs\runs\20260412T173825Z_10016717_spanners-mvc_HUMAN_focal_maven
20260412T173844Z,10016717,spanners-mvc,AI_ONLY,focal,maven,org.dontpanic.spanners.springmvc.controllers.HomeController,org.dontpanic.spanners.springmvc.controllers.HomeControllerAiTest,1,1,1,0,0,100.000000,OK,summarize,0,,,0,NONE,org.dontpanic.spanners.springmvc.controllers.HomeController*,1.6.9,OK,D:\Khedma\Mr wiem\mutation-test-pipeline\logs\runs\20260412T173844Z_10016717_spanners-mvc_AI_ONLY_focal_maven\04_pit.log,D:\Khedma\Mr wiem\mutation-test-pipeline\logs\runs\20260412T173844Z_10016717_spanners-mvc_AI_ONLY_focal_maven
20260412T173906Z,100218123,mongodb,HUMAN,focal,maven,top.maplefix.controller.MongoDbController,top.maplefix.controller.MongoDbControllerTest,,,,,,,FAIL,compile,1,COMPILATION,"Command '['mvn.cmd', '-s', 'D:\\Khedma\\Mr wiem\\mutation-test-pipeline\\.mvn\\settings.xml', '-DskipTests', 'compile']' returned non-zero exit status 1.: [INFO] Scanning for projects... [INFO] [INFO] ------------------------< top.maplefix:mongodb >------------------------ [INFO] Building mongodb 0.0.1-SNAPSHOT [INFO] from pom.xml [INFO] --------------------------------[ jar ]---------------------",0,NONE,,1.6.9,,,D:\Khedma\Mr wiem\mutation-test-pipeline\logs\runs\20260412T173906Z_100218123_mongodb_HUMAN_focal_maven
20260412T173911Z,100218123,mongodb,AI_ONLY,focal,maven,top.maplefix.controller.MongoDbController,top.maplefix.controller.MongoDbControllerAiTest,,,,,,,FAIL,compile,1,COMPILATION,"Command '['mvn.cmd', '-s', 'D:\\Khedma\\Mr wiem\\mutation-test-pipeline\\.mvn\\settings.xml', '-DskipTests', 'compile']' returned non-zero exit status 1.: [INFO] Scanning for projects... [INFO] [INFO] ------------------------< top.maplefix:mongodb >------------------------ [INFO] Building mongodb 0.0.1-SNAPSHOT [INFO] from pom.xml [INFO] --------------------------------[ jar ]---------------------",0,NONE,,1.6.9,,,D:\Khedma\Mr wiem\mutation-test-pipeline\logs\runs\20260412T173911Z_100218123_mongodb_AI_ONLY_focal_maven
20260412T174701Z,100262257,solutions,HUMAN,focal,maven,org.pg4200.sol01.MyArrayListInteger,org.pg4200.sol01.MyArrayListIntegerTest,,,,,,,FAIL,compile,1,DEP_RESOLUTION,"Command '['mvn.cmd', '-s', 'D:\\Khedma\\Mr wiem\\mutation-test-pipeline\\.mvn\\settings.xml', '-DskipTests', 'compile']' returned non-zero exit status 1.: [INFO] Scanning for projects... [INFO] [INFO] --------------------< org.pg4200:pg4200-solutions >--------------------- [INFO] Building pg4200-solutions 0.0.1-SNAPSHOT [INFO] from pom.xml [INFO] --------------------------------[ jar ]------------",0,NONE,,1.6.9,,,D:\Khedma\Mr wiem\mutation-test-pipeline\logs\runs\20260412T174701Z_100262257_solutions_HUMAN_focal_maven
20260412T174705Z,100262257,solutions,AI_ONLY,focal,maven,org.pg4200.sol01.MyArrayListInteger,,,,,,,,FAIL,clone,1,FILE_NOT_FOUND,Generated AI test has no public class declaration: D:\Khedma\Mr wiem\mutation-test-pipeline\experiments\generated_tests\100262257_9_GeneratedTest.java,0,NONE,,1.6.9,,,D:\Khedma\Mr wiem\mutation-test-pipeline\logs\runs\20260412T174705Z_100262257_solutions_AI_ONLY_focal_maven
20260412T174726Z,100280380,axondb-client-java,HUMAN,focal,maven,io.axoniq.axondb.client.axon.AxonDBEventStore,io.axoniq.axondb.client.axon.AxonDBEventStoreTest,,,,,,,FAIL,compile,1,DEP_RESOLUTION,"Command '['mvn.cmd', '-s', 'D:\\Khedma\\Mr wiem\\mutation-test-pipeline\\.mvn\\settings.xml', '-DskipTests', 'compile']' returned non-zero exit status 1.: [INFO] Scanning for projects... Downloading from central: https://repo1.maven.org/maven2/kr/motd/maven/os-maven-plugin/1.4.0.Final/os-maven-plugin-1.4.0.Final.pom Progress (1): 1.1 kB Progress (1): 2.8 kB Progress (1): 5.5 kB Progress (1): 6.2 k",0,NONE,,1.6.9,,,D:\Khedma\Mr wiem\mutation-test-pipeline\logs\runs\20260412T174726Z_100280380_axondb-client-java_HUMAN_focal_maven
20260412T174738Z,100280380,axondb-client-java,AI_ONLY,focal,maven,io.axoniq.axondb.client.axon.AxonDBEventStore,,,,,,,,FAIL,clone,1,FILE_NOT_FOUND,Generated AI test has no public class declaration: D:\Khedma\Mr wiem\mutation-test-pipeline\experiments\generated_tests\100280380_0_GeneratedTest.java,0,NONE,,1.6.9,,,D:\Khedma\Mr wiem\mutation-test-pipeline\logs\runs\20260412T174738Z_100280380_axondb-client-java_AI_ONLY_focal_maven
20260412T174759Z,100295611,wamp2spring-core,HUMAN,focal,maven,ch.rasc.wamp2spring.message.EventMessage,ch.rasc.wamp2spring.message.EventMessageTest,,,,,,,FAIL,test,1,COMPILATION,"Command '['mvn.cmd', '-s', 'D:\\Khedma\\Mr wiem\\mutation-test-pipeline\\.mvn\\settings.xml', '-Dtest=ch.rasc.wamp2spring.message.EventMessageTest', 'test']' returned non-zero exit status 1.: [INFO] Scanning for projects... [INFO] Inspecting build with total of 1 modules [INFO] Installing Central Publishing features [INFO] [INFO] ----------------------< ch.rasc:wamp2spring-core >------------------",0,NONE,,1.6.9,,,D:\Khedma\Mr wiem\mutation-test-pipeline\logs\runs\20260412T174759Z_100295611_wamp2spring-core_HUMAN_focal_maven
20260412T174816Z,100295611,wamp2spring-core,AI_ONLY,focal,maven,ch.rasc.wamp2spring.message.EventMessage,ch.rasc.wamp2spring.message.EventMessageAiTest,,,,,,,FAIL,test,1,TEST_FAILURE,"Command '['mvn.cmd', '-s', 'D:\\Khedma\\Mr wiem\\mutation-test-pipeline\\.mvn\\settings.xml', '-Dtest=ch.rasc.wamp2spring.message.EventMessageAiTest', 'test']' returned non-zero exit status 1.: [INFO] Scanning for projects... [INFO] Inspecting build with total of 1 modules [INFO] Installing Central Publishing features [INFO] [INFO] ----------------------< ch.rasc:wamp2spring-core >----------------",0,NONE,,1.6.9,,,D:\Khedma\Mr wiem\mutation-test-pipeline\logs\runs\20260412T174816Z_100295611_wamp2spring-core_AI_ONLY_focal_maven
android-liquibase-core,10035739,android-liquibase/android-liquibase-core,HUMAN,focal,maven,liquibase.serializer.core.xml.XMLChangeLogSerializer,liquibase.serializer.core.xml.XMLChangeLogSerializerTest,,,,,,,FAIL,compile,1,COMPILATION,"Command '['mvn.cmd', '-s', 'D:\\Khedma\\Mr wiem\\mutation-test-pipeline\\.mvn\\settings.xml', '-DskipTests', 'compile']' returned non-zero exit status 1.: [INFO] Scanning for projects... [INFO] [INFO] ------------< org.openforis.android:android-liquibase-core >------------ [INFO] Building android-liquibase-core 2.0.6-Alpha3-SNAPSHOT [INFO] from pom.xml [INFO] --------------------------------[ jar ",0,NONE,,1.6.9,,,D:\Khedma\Mr wiem\mutation-test-pipeline\logs\runs\20260412T174852Z_10035739_android-liquibase\android-liquibase-core_HUMAN_focal_maven
android-liquibase-core,10035739,android-liquibase/android-liquibase-core,AI_ONLY,focal,maven,liquibase.serializer.core.xml.XMLChangeLogSerializer,liquibase.serializer.core.xml.XMLChangeLogSerializerAiTest,,,,,,,FAIL,compile,1,COMPILATION,"Command '['mvn.cmd', '-s', 'D:\\Khedma\\Mr wiem\\mutation-test-pipeline\\.mvn\\settings.xml', '-DskipTests', 'compile']' returned non-zero exit status 1.: [INFO] Scanning for projects... [INFO] [INFO] ------------< org.openforis.android:android-liquibase-core >------------ [INFO] Building android-liquibase-core 2.0.6-Alpha3-SNAPSHOT [INFO] from pom.xml [INFO] --------------------------------[ jar ",0,NONE,,1.6.9,,,D:\Khedma\Mr wiem\mutation-test-pipeline\logs\runs\20260412T174900Z_10035739_android-liquibase\android-liquibase-core_AI_ONLY_focal_maven
20260412T175930Z,100021742,spring-cloud-stream-binder-artemis,HUMAN,focal,maven,me.snowdrop.stream.binder.artemis.provisioning.ArtemisBrokerManager,me.snowdrop.stream.binder.artemis.provisioning.ArtemisBrokerManagerTest,9,22,11,0,11,100.000000,OK,summarize,0,,,0,NONE,me.snowdrop.stream.binder.artemis.provisioning.ArtemisBrokerManager*,1.6.9,OK,D:\Khedma\Mr wiem\mutation-test-pipeline\logs\runs\20260412T175930Z_100021742_spring-cloud-stream-binder-artemis_HUMAN_focal_maven\04_pit.log,D:\Khedma\Mr wiem\mutation-test-pipeline\logs\runs\20260412T175930Z_100021742_spring-cloud-stream-binder-artemis_HUMAN_focal_maven
20260412T175951Z,100021742,spring-cloud-stream-binder-artemis,AI_ONLY,focal,maven,me.snowdrop.stream.binder.artemis.provisioning.ArtemisBrokerManager,me.snowdrop.stream.binder.artemis.provisioning.ArtemisBrokerManagerAiTest,,,,,,,FAIL,test,1,COMPILATION,"Command '['mvn.cmd', '-s', 'D:\\Khedma\\Mr wiem\\mutation-test-pipeline\\.mvn\\settings.xml', '-Dtest=me.snowdrop.stream.binder.artemis.provisioning.ArtemisBrokerManagerAiTest', 'test']' returned non-zero exit status 1.: [INFO] Scanning for projects... [INFO] [INFO] -----------< me.snowdrop:spring-cloud-stream-binder-artemis >----------- [INFO] Building Spring Cloud Stream Artemis binder 0.1.3-SNA",0,NONE,,1.6.9,,,D:\Khedma\Mr wiem\mutation-test-pipeline\logs\runs\20260412T175951Z_100021742_spring-cloud-stream-binder-artemis_AI_ONLY_focal_maven
scorer,100035986,codalab/scorer,HUMAN,focal,maven,de.tudarmstadt.ukp.argumentation.semeval2018.Scorer,de.tudarmstadt.ukp.argumentation.semeval2018.ScorerTest,,,,,,,FAIL,test,1,TEST_FAILURE,"Command '['mvn.cmd', '-s', 'D:\\Khedma\\Mr wiem\\mutation-test-pipeline\\.mvn\\settings.xml', '-Dtest=de.tudarmstadt.ukp.argumentation.semeval2018.ScorerTest', 'test']' returned non-zero exit status 1.: [INFO] Scanning for projects... [INFO] [INFO] --------< de.tudarmstadt.ukp.argumentation.semeval2018:scorer >--------- [INFO] Building scorer 1.0-SNAPSHOT [INFO] from pom.xml [INFO] ---------------",0,NONE,,1.6.9,,,D:\Khedma\Mr wiem\mutation-test-pipeline\logs\runs\20260412T180001Z_100035986_codalab\scorer_HUMAN_focal_maven
scorer,100035986,codalab/scorer,AI_ONLY,focal,maven,de.tudarmstadt.ukp.argumentation.semeval2018.Scorer,de.tudarmstadt.ukp.argumentation.semeval2018.ScorerAiTest,,,,,,,FAIL,test,1,TEST_FAILURE,"Command '['mvn.cmd', '-s', 'D:\\Khedma\\Mr wiem\\mutation-test-pipeline\\.mvn\\settings.xml', '-Dtest=de.tudarmstadt.ukp.argumentation.semeval2018.ScorerAiTest', 'test']' returned non-zero exit status 1.: [INFO] Scanning for projects... [INFO] [INFO] --------< de.tudarmstadt.ukp.argumentation.semeval2018:scorer >--------- [INFO] Building scorer 1.0-SNAPSHOT [INFO] from pom.xml [INFO] -------------",0,NONE,,1.6.9,,,D:\Khedma\Mr wiem\mutation-test-pipeline\logs\runs\20260412T180010Z_100035986_codalab\scorer_AI_ONLY_focal_maven
20260412T180018Z,10005385,store,HUMAN,focal,maven,,,,,,,,,FAIL,clone,1,MODULE_MISSING,Module directory does not exist: D:\Khedma\Mr wiem\mutation-test-pipeline\target-repos\10005385\store,0,NONE,,1.6.9,,,D:\Khedma\Mr wiem\mutation-test-pipeline\logs\runs\20260412T180018Z_10005385_store_HUMAN_focal_maven
20260412T180019Z,10005385,store,AI_ONLY,focal,maven,,,,,,,,,FAIL,clone,1,MODULE_MISSING,Module directory does not exist: D:\Khedma\Mr wiem\mutation-test-pipeline\target-repos\10005385\store,0,NONE,,1.6.9,,,D:\Khedma\Mr wiem\mutation-test-pipeline\logs\runs\20260412T180019Z_10005385_store_AI_ONLY_focal_maven
com.sandpolis.core.foundation,100069523,module/com.sandpolis.core.foundation,HUMAN,focal,maven,,,,,,,,,FAIL,clone,1,MODULE_MISSING,Module directory does not exist: D:\Khedma\Mr wiem\mutation-test-pipeline\target-repos\100069523\module\com.sandpolis.core.foundation,0,NONE,,1.6.9,,,D:\Khedma\Mr wiem\mutation-test-pipeline\logs\runs\20260412T180033Z_100069523_module\com.sandpolis.core.foundation_HUMAN_focal_maven
com.sandpolis.core.foundation,100069523,module/com.sandpolis.core.foundation,AI_ONLY,focal,maven,,,,,,,,,FAIL,clone,1,MODULE_MISSING,Module directory does not exist: D:\Khedma\Mr wiem\mutation-test-pipeline\target-repos\100069523\module\com.sandpolis.core.foundation,0,NONE,,1.6.9,,,D:\Khedma\Mr wiem\mutation-test-pipeline\logs\runs\20260412T180033Z_100069523_module\com.sandpolis.core.foundation_AI_ONLY_focal_maven
20260412T180034Z,100077276,lookup,HUMAN,focal,maven,,,,,,,,,FAIL,clone,1,MODULE_MISSING,Module directory does not exist: D:\Khedma\Mr wiem\mutation-test-pipeline\target-repos\100077276\lookup,0,NONE,,1.6.9,,,D:\Khedma\Mr wiem\mutation-test-pipeline\logs\runs\20260412T180034Z_100077276_lookup_HUMAN_focal_maven
20260412T180034Z,100077276,lookup,AI_ONLY,focal,maven,,,,,,,,,FAIL,clone,1,MODULE_MISSING,Module directory does not exist: D:\Khedma\Mr wiem\mutation-test-pipeline\target-repos\100077276\lookup,0,NONE,,1.6.9,,,D:\Khedma\Mr wiem\mutation-test-pipeline\logs\runs\20260412T180034Z_100077276_lookup_AI_ONLY_focal_maven
20260412T180035Z,100086904,supply-location-service,HUMAN,focal,maven,demo.SupplyLocationBulkUploadController,demo.SupplyLocationBulkUploadControllerTest,,,,,,,FAIL,compile,1,COMPILATION,"Command '['mvn.cmd', '-s', 'D:\\Khedma\\Mr wiem\\mutation-test-pipeline\\.mvn\\settings.xml', '-DskipTests', 'compile']' returned non-zero exit status 1.: [INFO] Scanning for projects... [INFO] [INFO] ---------------< com.ross.cs504:supply-location-service >--------------- [INFO] Building supply-location-service 1.0.0.BUILD-SNAPSHOT [INFO] from pom.xml [INFO] --------------------------------[ jar ",0,NONE,,1.6.9,,,D:\Khedma\Mr wiem\mutation-test-pipeline\logs\runs\20260412T180035Z_100086904_supply-location-service_HUMAN_focal_maven
20260412T180040Z,100086904,supply-location-service,AI_ONLY,focal,maven,demo.SupplyLocationBulkUploadController,demo.SupplyLocationBulkUploadControllerAiTest,,,,,,,FAIL,compile,1,COMPILATION,"Command '['mvn.cmd', '-s', 'D:\\Khedma\\Mr wiem\\mutation-test-pipeline\\.mvn\\settings.xml', '-DskipTests', 'compile']' returned non-zero exit status 1.: [INFO] Scanning for projects... [INFO] [INFO] ---------------< com.ross.cs504:supply-location-service >--------------- [INFO] Building supply-location-service 1.0.0.BUILD-SNAPSHOT [INFO] from pom.xml [INFO] --------------------------------[ jar ",0,NONE,,1.6.9,,,D:\Khedma\Mr wiem\mutation-test-pipeline\logs\runs\20260412T180040Z_100086904_supply-location-service_AI_ONLY_focal_maven
20260412T180046Z,1001284,core,HUMAN,focal,maven,com.pholser.junit.quickcheck.internal.GeometricDistribution,com.pholser.junit.quickcheck.internal.GeometricDistributionTest,9,15,15,0,0,100.000000,OK,summarize,0,,,0,NONE,com.pholser.junit.quickcheck.internal.GeometricDistribution*,1.6.9,OK,D:\Khedma\Mr wiem\mutation-test-pipeline\logs\runs\20260412T180046Z_1001284_core_HUMAN_focal_maven\04_pit.log,D:\Khedma\Mr wiem\mutation-test-pipeline\logs\runs\20260412T180046Z_1001284_core_HUMAN_focal_maven
20260412T180109Z,1001284,core,AI_ONLY,focal,maven,com.pholser.junit.quickcheck.internal.GeometricDistribution,com.pholser.junit.quickcheck.internal.GeometricDistributionAiTest,,,,,,,FAIL,test,1,TEST_FAILURE,"Command '['mvn.cmd', '-s', 'D:\\Khedma\\Mr wiem\\mutation-test-pipeline\\.mvn\\settings.xml', '-Dtest=com.pholser.junit.quickcheck.internal.GeometricDistributionAiTest', 'test']' returned non-zero exit status 1.: [INFO] Scanning for projects... [INFO] [INFO] -----------------< com.pholser:junit-quickcheck-core >------------------ [INFO] Building junit-quickcheck-core 1.1-SNAPSHOT [INFO] from pom.x",0,NONE,,1.6.9,,,D:\Khedma\Mr wiem\mutation-test-pipeline\logs\runs\20260412T180109Z_1001284_core_AI_ONLY_focal_maven
20260412T180123Z,100135378,livedoc-core,HUMAN,focal,maven,org.hildan.livedoc.core.util.Defaults,org.hildan.livedoc.core.util.DefaultsTest,,,,,,,FAIL,compile,1,OTHER,"Command '['mvn.cmd', '-s', 'D:\\Khedma\\Mr wiem\\mutation-test-pipeline\\.mvn\\settings.xml', '-DskipTests', 'compile']' returned non-zero exit status 1.: [INFO] Scanning for projects... [INFO] ------------------------------------------------------------------------ [INFO] BUILD FAILURE [INFO] ------------------------------------------------------------------------ [INFO] Total time: 0.066 s [INFO",0,NONE,,1.6.9,,,D:\Khedma\Mr wiem\mutation-test-pipeline\logs\runs\20260412T180123Z_100135378_livedoc-core_HUMAN_focal_maven
20260412T180127Z,100135378,livedoc-core,AI_ONLY,focal,maven,org.hildan.livedoc.core.util.Defaults,org.hildan.livedoc.core.util.DefaultsAiTest,,,,,,,FAIL,compile,1,OTHER,"Command '['mvn.cmd', '-s', 'D:\\Khedma\\Mr wiem\\mutation-test-pipeline\\.mvn\\settings.xml', '-DskipTests', 'compile']' returned non-zero exit status 1.: [INFO] Scanning for projects... [INFO] ------------------------------------------------------------------------ [INFO] BUILD FAILURE [INFO] ------------------------------------------------------------------------ [INFO] Total time: 0.064 s [INFO",0,NONE,,1.6.9,,,D:\Khedma\Mr wiem\mutation-test-pipeline\logs\runs\20260412T180127Z_100135378_livedoc-core_AI_ONLY_focal_maven
20260412T180131Z,10016717,spanners-mvc,HUMAN,focal,maven,org.dontpanic.spanners.springmvc.controllers.HomeController,org.dontpanic.spanners.springmvc.controllers.HomeControllerTest,1,1,1,0,0,100.000000,OK,summarize,0,,,0,NONE,org.dontpanic.spanners.springmvc.controllers.HomeController*,1.6.9,OK,D:\Khedma\Mr wiem\mutation-test-pipeline\logs\runs\20260412T180131Z_10016717_spanners-mvc_HUMAN_focal_maven\04_pit.log,D:\Khedma\Mr wiem\mutation-test-pipeline\logs\runs\20260412T180131Z_10016717_spanners-mvc_HUMAN_focal_maven
20260412T180150Z,10016717,spanners-mvc,AI_ONLY,focal,maven,org.dontpanic.spanners.springmvc.controllers.HomeController,org.dontpanic.spanners.springmvc.controllers.HomeControllerAiTest,1,1,1,0,0,100.000000,OK,summarize,0,,,0,NONE,org.dontpanic.spanners.springmvc.controllers.HomeController*,1.6.9,OK,D:\Khedma\Mr wiem\mutation-test-pipeline\logs\runs\20260412T180150Z_10016717_spanners-mvc_AI_ONLY_focal_maven\04_pit.log,D:\Khedma\Mr wiem\mutation-test-pipeline\logs\runs\20260412T180150Z_10016717_spanners-mvc_AI_ONLY_focal_maven
20260412T180210Z,100218123,mongodb,HUMAN,focal,maven,top.maplefix.controller.MongoDbController,top.maplefix.controller.MongoDbControllerTest,,,,,,,FAIL,compile,1,COMPILATION,"Command '['mvn.cmd', '-s', 'D:\\Khedma\\Mr wiem\\mutation-test-pipeline\\.mvn\\settings.xml', '-DskipTests', 'compile']' returned non-zero exit status 1.: [INFO] Scanning for projects... [INFO] [INFO] ------------------------< top.maplefix:mongodb >------------------------ [INFO] Building mongodb 0.0.1-SNAPSHOT [INFO] from pom.xml [INFO] --------------------------------[ jar ]---------------------",0,NONE,,1.6.9,,,D:\Khedma\Mr wiem\mutation-test-pipeline\logs\runs\20260412T180210Z_100218123_mongodb_HUMAN_focal_maven
20260412T180216Z,100218123,mongodb,AI_ONLY,focal,maven,top.maplefix.controller.MongoDbController,top.maplefix.controller.MongoDbControllerAiTest,,,,,,,FAIL,compile,1,COMPILATION,"Command '['mvn.cmd', '-s', 'D:\\Khedma\\Mr wiem\\mutation-test-pipeline\\.mvn\\settings.xml', '-DskipTests', 'compile']' returned non-zero exit status 1.: [INFO] Scanning for projects... [INFO] [INFO] ------------------------< top.maplefix:mongodb >------------------------ [INFO] Building mongodb 0.0.1-SNAPSHOT [INFO] from pom.xml [INFO] --------------------------------[ jar ]---------------------",0,NONE,,1.6.9,,,D:\Khedma\Mr wiem\mutation-test-pipeline\logs\runs\20260412T180216Z_100218123_mongodb_AI_ONLY_focal_maven
20260412T180221Z,100262257,solutions,HUMAN,focal,maven,org.pg4200.sol01.MyArrayListInteger,org.pg4200.sol01.MyArrayListIntegerTest,,,,,,,FAIL,compile,1,DEP_RESOLUTION,"Command '['mvn.cmd', '-s', 'D:\\Khedma\\Mr wiem\\mutation-test-pipeline\\.mvn\\settings.xml', '-DskipTests', 'compile']' returned non-zero exit status 1.: [INFO] Scanning for projects... [INFO] [INFO] --------------------< org.pg4200:pg4200-solutions >--------------------- [INFO] Building pg4200-solutions 0.0.1-SNAPSHOT [INFO] from pom.xml [INFO] --------------------------------[ jar ]------------",0,NONE,,1.6.9,,,D:\Khedma\Mr wiem\mutation-test-pipeline\logs\runs\20260412T180221Z_100262257_solutions_HUMAN_focal_maven
20260412T180225Z,100262257,solutions,AI_ONLY,focal,maven,org.pg4200.sol01.MyArrayListInteger,,,,,,,,FAIL,clone,1,FILE_NOT_FOUND,Generated AI test has no public class declaration: D:\Khedma\Mr wiem\mutation-test-pipeline\experiments\generated_tests\100262257_9_GeneratedTest.java,0,NONE,,1.6.9,,,D:\Khedma\Mr wiem\mutation-test-pipeline\logs\runs\20260412T180225Z_100262257_solutions_AI_ONLY_focal_maven
20260412T180226Z,100280380,axondb-client-java,HUMAN,focal,maven,io.axoniq.axondb.client.axon.AxonDBEventStore,io.axoniq.axondb.client.axon.AxonDBEventStoreTest,,,,,,,FAIL,compile,1,DEP_RESOLUTION,"Command '['mvn.cmd', '-s', 'D:\\Khedma\\Mr wiem\\mutation-test-pipeline\\.mvn\\settings.xml', '-DskipTests', 'compile']' returned non-zero exit status 1.: [INFO] Scanning for projects... [INFO] ------------------------------------------------------------------------ [INFO] Detecting the operating system and CPU architecture [INFO] -------------------------------------------------------------------",0,NONE,,1.6.9,,,D:\Khedma\Mr wiem\mutation-test-pipeline\logs\runs\20260412T180226Z_100280380_axondb-client-java_HUMAN_focal_maven
20260412T180230Z,100280380,axondb-client-java,AI_ONLY,focal,maven,io.axoniq.axondb.client.axon.AxonDBEventStore,,,,,,,,FAIL,clone,1,FILE_NOT_FOUND,Generated AI test has no public class declaration: D:\Khedma\Mr wiem\mutation-test-pipeline\experiments\generated_tests\100280380_0_GeneratedTest.java,0,NONE,,1.6.9,,,D:\Khedma\Mr wiem\mutation-test-pipeline\logs\runs\20260412T180230Z_100280380_axondb-client-java_AI_ONLY_focal_maven
20260412T180230Z,100295611,wamp2spring-core,HUMAN,focal,maven,ch.rasc.wamp2spring.message.EventMessage,ch.rasc.wamp2spring.message.EventMessageTest,,,,,,,FAIL,test,1,COMPILATION,"Command '['mvn.cmd', '-s', 'D:\\Khedma\\Mr wiem\\mutation-test-pipeline\\.mvn\\settings.xml', '-Dtest=ch.rasc.wamp2spring.message.EventMessageTest', 'test']' returned non-zero exit status 1.: [INFO] Scanning for projects... [INFO] Inspecting build with total of 1 modules [INFO] Installing Central Publishing features [INFO] [INFO] ----------------------< ch.rasc:wamp2spring-core >------------------",0,NONE,,1.6.9,,,D:\Khedma\Mr wiem\mutation-test-pipeline\logs\runs\20260412T180230Z_100295611_wamp2spring-core_HUMAN_focal_maven
20260412T180240Z,100295611,wamp2spring-core,AI_ONLY,focal,maven,ch.rasc.wamp2spring.message.EventMessage,ch.rasc.wamp2spring.message.EventMessageAiTest,,,,,,,FAIL,test,1,TEST_FAILURE,"Command '['mvn.cmd', '-s', 'D:\\Khedma\\Mr wiem\\mutation-test-pipeline\\.mvn\\settings.xml', '-Dtest=ch.rasc.wamp2spring.message.EventMessageAiTest', 'test']' returned non-zero exit status 1.: [INFO] Scanning for projects... [INFO] Inspecting build with total of 1 modules [INFO] Installing Central Publishing features [INFO] [INFO] ----------------------< ch.rasc:wamp2spring-core >----------------",0,NONE,,1.6.9,,,D:\Khedma\Mr wiem\mutation-test-pipeline\logs\runs\20260412T180240Z_100295611_wamp2spring-core_AI_ONLY_focal_maven
android-liquibase-core,10035739,android-liquibase/android-liquibase-core,HUMAN,focal,maven,liquibase.serializer.core.xml.XMLChangeLogSerializer,liquibase.serializer.core.xml.XMLChangeLogSerializerTest,,,,,,,FAIL,compile,1,COMPILATION,"Command '['mvn.cmd', '-s', 'D:\\Khedma\\Mr wiem\\mutation-test-pipeline\\.mvn\\settings.xml', '-DskipTests', 'compile']' returned non-zero exit status 1.: [INFO] Scanning for projects... [INFO] [INFO] ------------< org.openforis.android:android-liquibase-core >------------ [INFO] Building android-liquibase-core 2.0.6-Alpha3-SNAPSHOT [INFO] from pom.xml [INFO] --------------------------------[ jar ",0,NONE,,1.6.9,,,D:\Khedma\Mr wiem\mutation-test-pipeline\logs\runs\20260412T180252Z_10035739_android-liquibase\android-liquibase-core_HUMAN_focal_maven
android-liquibase-core,10035739,android-liquibase/android-liquibase-core,AI_ONLY,focal,maven,liquibase.serializer.core.xml.XMLChangeLogSerializer,liquibase.serializer.core.xml.XMLChangeLogSerializerAiTest,,,,,,,FAIL,compile,1,COMPILATION,"Command '['mvn.cmd', '-s', 'D:\\Khedma\\Mr wiem\\mutation-test-pipeline\\.mvn\\settings.xml', '-DskipTests', 'compile']' returned non-zero exit status 1.: [INFO] Scanning for projects... [INFO] [INFO] ------------< org.openforis.android:android-liquibase-core >------------ [INFO] Building android-liquibase-core 2.0.6-Alpha3-SNAPSHOT [INFO] from pom.xml [INFO] --------------------------------[ jar ",0,NONE,,1.6.9,,,D:\Khedma\Mr wiem\mutation-test-pipeline\logs\runs\20260412T180256Z_10035739_android-liquibase\android-liquibase-core_AI_ONLY_focal_maven
20260412T180322Z,100366560,beanmother-core,HUMAN,focal,maven,io.beanmother.core.converter.std.ObjectToStringConverter,io.beanmother.core.converter.std.ObjectToStringConverterTest,,,,,,,FAIL,test,1,TEST_FAILURE,"Command '['mvn.cmd', '-s', 'D:\\Khedma\\Mr wiem\\mutation-test-pipeline\\.mvn\\settings.xml', '-Dtest=io.beanmother.core.converter.std.ObjectToStringConverterTest', 'test']' returned non-zero exit status 1.: Exception in thread ""main"" java.lang.reflect.InvocationTargetException at java.base/jdk.internal.reflect.NativeMethodAccessorImpl.invoke0(Native Method) at java.base/jdk.internal.reflect.Nativ",0,NONE,,1.6.9,,,D:\Khedma\Mr wiem\mutation-test-pipeline\logs\runs\20260412T180322Z_100366560_beanmother-core_HUMAN_focal_maven
20260412T180344Z,100366560,beanmother-core,AI_ONLY,focal,maven,io.beanmother.core.converter.std.ObjectToStringConverter,io.beanmother.core.converter.std.ObjectToStringConverterAiTest,,,,,,,FAIL,test,1,TEST_FAILURE,"Command '['mvn.cmd', '-s', 'D:\\Khedma\\Mr wiem\\mutation-test-pipeline\\.mvn\\settings.xml', '-Dtest=io.beanmother.core.converter.std.ObjectToStringConverterAiTest', 'test']' returned non-zero exit status 1.: Exception in thread ""main"" java.lang.reflect.InvocationTargetException at java.base/jdk.internal.reflect.NativeMethodAccessorImpl.invoke0(Native Method) at java.base/jdk.internal.reflect.Nat",0,NONE,,1.6.9,,,D:\Khedma\Mr wiem\mutation-test-pipeline\logs\runs\20260412T180344Z_100366560_beanmother-core_AI_ONLY_focal_maven
20260412T180416Z,100388774,ccri-database,HUMAN,focal,maven,uk.nhs.careconnect.ri.database.entity.BaseHumanName,uk.nhs.careconnect.ri.database.entity.BaseHumanNameTest,,,,,,,FAIL,compile,1,DEP_RESOLUTION,"Command '['mvn.cmd', '-s', 'D:\\Khedma\\Mr wiem\\mutation-test-pipeline\\.mvn\\settings.xml', '-DskipTests', 'compile']' returned non-zero exit status 1.: [INFO] Scanning for projects... Downloading from bintray-dnault-maven: https://dl.bintray.com/dnault/maven/org/springframework/boot/spring-boot-starter-parent/2.1.1.RELEASE/spring-boot-starter-parent-2.1.1.RELEASE.pom Downloading from jitpack.io",0,NONE,,1.6.9,,,D:\Khedma\Mr wiem\mutation-test-pipeline\logs\runs\20260412T180416Z_100388774_ccri-database_HUMAN_focal_maven
20260412T180453Z,100388774,ccri-database,AI_ONLY,focal,maven,uk.nhs.careconnect.ri.database.entity.BaseHumanName,,,,,,,,FAIL,clone,1,FILE_NOT_FOUND,Generated AI test has no public class declaration: D:\Khedma\Mr wiem\mutation-test-pipeline\experiments\generated_tests\100388774_0_GeneratedTest.java,0,NONE,,1.6.9,,,D:\Khedma\Mr wiem\mutation-test-pipeline\logs\runs\20260412T180453Z_100388774_ccri-database_AI_ONLY_focal_maven
20260412T180513Z,100394036,app,HUMAN,focal,maven,com.iitp.njack.iitp_connect.core.profile.ProfileRepository,com.iitp.njack.iitp_connect.core.profile.ProfileRepositoryTest,,,,,,,FAIL,compile,1,OTHER,"Command '['mvn.cmd', '-s', 'D:\\Khedma\\Mr wiem\\mutation-test-pipeline\\.mvn\\settings.xml', '-DskipTests', 'compile']' returned non-zero exit status 1.: [INFO] Scanning for projects... [INFO] ------------------------------------------------------------------------ [INFO] BUILD FAILURE [INFO] ------------------------------------------------------------------------ [INFO] Total time: 0.061 s [INFO",0,NONE,,1.6.9,,,D:\Khedma\Mr wiem\mutation-test-pipeline\logs\runs\20260412T180513Z_100394036_app_HUMAN_focal_maven
20260412T180517Z,100394036,app,AI_ONLY,focal,maven,com.iitp.njack.iitp_connect.core.profile.ProfileRepository,com.iitp.njack.iitp_connect.core.profile.ProfileRepositoryAiTest,,,,,,,FAIL,compile,1,OTHER,"Command '['mvn.cmd', '-s', 'D:\\Khedma\\Mr wiem\\mutation-test-pipeline\\.mvn\\settings.xml', '-DskipTests', 'compile']' returned non-zero exit status 1.: [INFO] Scanning for projects... [INFO] ------------------------------------------------------------------------ [INFO] BUILD FAILURE [INFO] ------------------------------------------------------------------------ [INFO] Total time: 0.063 s [INFO",0,NONE,,1.6.9,,,D:\Khedma\Mr wiem\mutation-test-pipeline\logs\runs\20260412T180517Z_100394036_app_AI_ONLY_focal_maven
20260412T180540Z,100394760,config,HUMAN,focal,maven,io.scalecube.config.ObjectPropertyField,io.scalecube.config.ObjectPropertyFieldTest,,,,,,,FAIL,test,1,TEST_FAILURE,"Command '['mvn.cmd', '-s', 'D:\\Khedma\\Mr wiem\\mutation-test-pipeline\\.mvn\\settings.xml', '-Dtest=io.scalecube.config.ObjectPropertyFieldTest', 'test']' returned non-zero exit status 1.: Error opening zip file or JAR manifest missing : C:\Users\Aymen",0,NONE,,1.6.9,,,D:\Khedma\Mr wiem\mutation-test-pipeline\logs\runs\20260412T180540Z_100394760_config_HUMAN_focal_maven
20260412T180604Z,100394760,config,AI_ONLY,focal,maven,io.scalecube.config.ObjectPropertyField,,,,,,,,FAIL,clone,1,FILE_NOT_FOUND,Generated AI test has no public class declaration: D:\Khedma\Mr wiem\mutation-test-pipeline\experiments\generated_tests\100394760_1_GeneratedTest.java,0,NONE,,1.6.9,,,D:\Khedma\Mr wiem\mutation-test-pipeline\logs\runs\20260412T180604Z_100394760_config_AI_ONLY_focal_maven
20260412T180629Z,100402355,cruise-control,HUMAN,focal,maven,com.linkedin.kafka.cruisecontrol.servlet.security.trustedproxy.TrustedProxyAuthorizationService,com.linkedin.kafka.cruisecontrol.servlet.security.trustedproxy.TrustedProxyAuthorizationServiceTest,,,,,,,FAIL,compile,1,OTHER,"Command '['mvn.cmd', '-s', 'D:\\Khedma\\Mr wiem\\mutation-test-pipeline\\.mvn\\settings.xml', '-DskipTests', 'compile']' returned non-zero exit status 1.: [INFO] Scanning for projects... [INFO] ------------------------------------------------------------------------ [INFO] BUILD FAILURE [INFO] ------------------------------------------------------------------------ [INFO] Total time: 0.059 s [INFO",0,NONE,,1.6.9,,,D:\Khedma\Mr wiem\mutation-test-pipeline\logs\runs\20260412T180629Z_100402355_cruise-control_HUMAN_focal_maven
20260412T180633Z,100402355,cruise-control,AI_ONLY,focal,maven,com.linkedin.kafka.cruisecontrol.servlet.security.trustedproxy.TrustedProxyAuthorizationService,com.linkedin.kafka.cruisecontrol.servlet.security.trustedproxy.TrustedProxyAuthorizationServiceAiTest,,,,,,,FAIL,compile,1,OTHER,"Command '['mvn.cmd', '-s', 'D:\\Khedma\\Mr wiem\\mutation-test-pipeline\\.mvn\\settings.xml', '-DskipTests', 'compile']' returned non-zero exit status 1.: [INFO] Scanning for projects... [INFO] ------------------------------------------------------------------------ [INFO] BUILD FAILURE [INFO] ------------------------------------------------------------------------ [INFO] Total time: 0.065 s [INFO",0,NONE,,1.6.9,,,D:\Khedma\Mr wiem\mutation-test-pipeline\logs\runs\20260412T180633Z_100402355_cruise-control_AI_ONLY_focal_maven
20260412T180656Z,100407794,kontent-delivery,HUMAN,focal,maven,,,,,,,,,FAIL,clone,1,MODULE_MISSING,Module directory does not exist: D:\Khedma\Mr wiem\mutation-test-pipeline\target-repos\100407794\kontent-delivery,0,NONE,,1.6.9,,,D:\Khedma\Mr wiem\mutation-test-pipeline\logs\runs\20260412T180656Z_100407794_kontent-delivery_HUMAN_focal_maven
20260412T180656Z,100407794,kontent-delivery,AI_ONLY,focal,maven,,,,,,,,,FAIL,clone,1,MODULE_MISSING,Module directory does not exist: D:\Khedma\Mr wiem\mutation-test-pipeline\target-repos\100407794\kontent-delivery,0,NONE,,1.6.9,,,D:\Khedma\Mr wiem\mutation-test-pipeline\logs\runs\20260412T180656Z_100407794_kontent-delivery_AI_ONLY_focal_maven
20260412T180724Z,10040960,compute,HUMAN,focal,maven,org.jclouds.compute.options.TemplateOptions,org.jclouds.compute.options.TemplateOptionsTest,,,,,,,FAIL,compile,1,HTTP_BLOCKER,"Command '['mvn.cmd', '-s', 'D:\\Khedma\\Mr wiem\\mutation-test-pipeline\\.mvn\\settings.xml', '-DskipTests', 'compile']' returned non-zero exit status 1.: [INFO] Scanning for projects... Downloading from central: https://repo1.maven.org/maven2/org/apache/felix/maven-bundle-plugin/2.3.7/maven-bundle-plugin-2.3.7.pom Progress (1): 822 B Progress (1): 1.6 kB Progress (1): 4.0 kB Downloaded from centr",0,NONE,,1.6.9,,,D:\Khedma\Mr wiem\mutation-test-pipeline\logs\runs\20260412T180724Z_10040960_compute_HUMAN_focal_maven
20260412T180734Z,10040960,compute,HUMAN,focal,maven,org.jclouds.compute.options.TemplateOptions,org.jclouds.compute.options.TemplateOptionsTest,,,,,,,FAIL,compile,1,HTTP_BLOCKER,"Command '['mvn.cmd', '-U', '-s', 'D:\\Khedma\\Mr wiem\\mutation-test-pipeline\\target-repos\\10040960\\.mvn\\settings.xml', '-DskipTests', 'compile']' returned non-zero exit status 1.: [INFO] Scanning for projects... Downloading from central-https: https://repo1.maven.org/maven2/org/apache/apache/14/apache-14.pom Progress (1): 745 B Progress (1): 1.6 kB Progress (1): 3.3 kB Progress (1): 6.9 kB Pr",1,HTTP_SETTINGS_FIX,,1.6.9,,,D:\Khedma\Mr wiem\mutation-test-pipeline\logs\runs\20260412T180734Z_10040960_compute_HUMAN_focal_maven
20260412T180753Z,10040960,compute,AI_ONLY,focal,maven,org.jclouds.compute.options.TemplateOptions,org.jclouds.compute.options.TemplateOptionsAiTest,,,,,,,FAIL,compile,1,HTTP_BLOCKER,"Command '['mvn.cmd', '-s', 'D:\\Khedma\\Mr wiem\\mutation-test-pipeline\\.mvn\\settings.xml', '-DskipTests', 'compile']' returned non-zero exit status 1.: [INFO] Scanning for projects... [INFO] Artifact org.apache:apache:pom:14 is present in the local repository, but cached from a remote repository ID that is unavailable in current build context, verifying that is downloadable from [apache-snapsho",0,NONE,,1.6.9,,,D:\Khedma\Mr wiem\mutation-test-pipeline\logs\runs\20260412T180753Z_10040960_compute_AI_ONLY_focal_maven
20260412T180804Z,10040960,compute,AI_ONLY,focal,maven,org.jclouds.compute.options.TemplateOptions,org.jclouds.compute.options.TemplateOptionsAiTest,,,,,,,FAIL,compile,1,HTTP_BLOCKER,"Command '['mvn.cmd', '-U', '-s', 'D:\\Khedma\\Mr wiem\\mutation-test-pipeline\\target-repos\\10040960\\.mvn\\settings.xml', '-DskipTests', 'compile']' returned non-zero exit status 1.: [INFO] Scanning for projects... [WARNING] [WARNING] Some problems were encountered while building the effective model for org.apache.jclouds:jclouds-compute:bundle:2.3.0-SNAPSHOT [WARNING] 'build.pluginManagement.pl",1,HTTP_SETTINGS_FIX,,1.6.9,,,D:\Khedma\Mr wiem\mutation-test-pipeline\logs\runs\20260412T180804Z_10040960_compute_AI_ONLY_focal_maven
20260412T180838Z,100417935,rc-common,HUMAN,focal,maven,org.rcdukes.common.Environment,org.rcdukes.common.TestEnvironment,4,30,19,2,9,90.476190,OK,summarize,0,,,0,NONE,org.rcdukes.common.Environment*,1.6.9,OK,D:\Khedma\Mr wiem\mutation-test-pipeline\logs\runs\20260412T180838Z_100417935_rc-common_HUMAN_focal_maven\04_pit.log,D:\Khedma\Mr wiem\mutation-test-pipeline\logs\runs\20260412T180838Z_100417935_rc-common_HUMAN_focal_maven
20260412T180920Z,100417935,rc-common,AI_ONLY,focal,maven,org.rcdukes.common.Environment,org.rcdukes.common.EnvironmentAiTest,,,,,,,FAIL,test,1,COMPILATION,"Command '['mvn.cmd', '-s', 'D:\\Khedma\\Mr wiem\\mutation-test-pipeline\\.mvn\\settings.xml', '-Dtest=org.rcdukes.common.EnvironmentAiTest', 'test']' returned non-zero exit status 1.: [INFO] Scanning for projects... [INFO] Inspecting build with total of 1 modules... [INFO] Installing Nexus Staging features: [INFO] ... total of 1 executions of maven-deploy-plugin replaced with nexus-staging-maven-p",0,NONE,,1.6.9,,,D:\Khedma\Mr wiem\mutation-test-pipeline\logs\runs\20260412T180920Z_100417935_rc-common_AI_ONLY_focal_maven
20260412T180951Z,100418846,universa_node,HUMAN,focal,maven,com.icodici.universa.node2.Main,com.icodici.universa.node2.MainTest,,,,,,,FAIL,compile,1,OTHER,"Command '['mvn.cmd', '-s', 'D:\\Khedma\\Mr wiem\\mutation-test-pipeline\\.mvn\\settings.xml', '-DskipTests', 'compile']' returned non-zero exit status 1.: [INFO] Scanning for projects... [INFO] ------------------------------------------------------------------------ [INFO] BUILD FAILURE [INFO] ------------------------------------------------------------------------ [INFO] Total time: 0.060 s [INFO",0,NONE,,1.6.9,,,D:\Khedma\Mr wiem\mutation-test-pipeline\logs\runs\20260412T180951Z_100418846_universa_node_HUMAN_focal_maven
20260412T180955Z,100418846,universa_node,AI_ONLY,focal,maven,com.icodici.universa.node2.Main,com.icodici.universa.node2.MainAiTest,,,,,,,FAIL,compile,1,OTHER,"Command '['mvn.cmd', '-s', 'D:\\Khedma\\Mr wiem\\mutation-test-pipeline\\.mvn\\settings.xml', '-DskipTests', 'compile']' returned non-zero exit status 1.: [INFO] Scanning for projects... [INFO] ------------------------------------------------------------------------ [INFO] BUILD FAILURE [INFO] ------------------------------------------------------------------------ [INFO] Total time: 0.066 s [INFO",0,NONE,,1.6.9,,,D:\Khedma\Mr wiem\mutation-test-pipeline\logs\runs\20260412T180955Z_100418846_universa_node_AI_ONLY_focal_maven
20260412T181018Z,100464616,game-engine,HUMAN,focal,maven,com.jzy.game.engine.math.MathUtil,com.jzy.game.engine.math.MathUtilTest,26,248,130,23,95,84.967320,OK,summarize,0,,,0,NONE,com.jzy.game.engine.math.MathUtil*,1.6.9,OK,D:\Khedma\Mr wiem\mutation-test-pipeline\logs\runs\20260412T181018Z_100464616_game-engine_HUMAN_focal_maven\04_pit.log,D:\Khedma\Mr wiem\mutation-test-pipeline\logs\runs\20260412T181018Z_100464616_game-engine_HUMAN_focal_maven
20260412T181052Z,100464616,game-engine,AI_ONLY,focal,maven,com.jzy.game.engine.math.MathUtil,com.jzy.game.engine.math.MathUtilAiTest,8,248,3,0,245,100.000000,OK,summarize,0,,,0,NONE,com.jzy.game.engine.math.MathUtil*,1.6.9,OK,D:\Khedma\Mr wiem\mutation-test-pipeline\logs\runs\20260412T181052Z_100464616_game-engine_AI_ONLY_focal_maven\04_pit.log,D:\Khedma\Mr wiem\mutation-test-pipeline\logs\runs\20260412T181052Z_100464616_game-engine_AI_ONLY_focal_maven
standalone,100470026,ejb/standalone,HUMAN,focal,maven,javaeetutorial.standalone.ejb.StandaloneBean,javaeetutorial.standalone.ejb.StandaloneBeanTest,,,,,,,FAIL,test,1,TEST_FAILURE,"Command '['mvn.cmd', '-s', 'D:\\Khedma\\Mr wiem\\mutation-test-pipeline\\.mvn\\settings.xml', '-Dtest=javaeetutorial.standalone.ejb.StandaloneBeanTest', 'test']' returned non-zero exit status 1.: Apr 12, 2026 2:11:49 PM org.glassfish.ejb.embedded.EJBContainerProviderImpl getValidFile WARNING: EJB6008:Specified or calculated application server instance [C:\Users\Aymen Masmoudi\.m2\repository\org\gl",0,NONE,,1.6.9,,,D:\Khedma\Mr wiem\mutation-test-pipeline\logs\runs\20260412T181131Z_100470026_ejb\standalone_HUMAN_focal_maven
standalone,100470026,ejb/standalone,AI_ONLY,focal,maven,javaeetutorial.standalone.ejb.StandaloneBean,javaeetutorial.standalone.ejb.StandaloneBeanAiTest,,,,,,,FAIL,test,1,COMPILATION,"Command '['mvn.cmd', '-s', 'D:\\Khedma\\Mr wiem\\mutation-test-pipeline\\.mvn\\settings.xml', '-Dtest=javaeetutorial.standalone.ejb.StandaloneBeanAiTest', 'test']' returned non-zero exit status 1.: [INFO] Scanning for projects... [INFO] [INFO] --------------< org.glassfish.javaeetutorial:standalone >--------------- [INFO] Building standalone 8.1-SNAPSHOT [INFO] from pom.xml [INFO] ----------------",0,NONE,,1.6.9,,,D:\Khedma\Mr wiem\mutation-test-pipeline\logs\runs\20260412T181205Z_100470026_ejb\standalone_AI_ONLY_focal_maven
20260412T181233Z,100470837,tensor-playground,HUMAN,focal,maven,,,,,,,,,FAIL,clone,1,MODULE_MISSING,Module directory does not exist: D:\Khedma\Mr wiem\mutation-test-pipeline\target-repos\100470837\tensor-playground,0,NONE,,1.6.9,,,D:\Khedma\Mr wiem\mutation-test-pipeline\logs\runs\20260412T181233Z_100470837_tensor-playground_HUMAN_focal_maven
20260412T181234Z,100470837,tensor-playground,AI_ONLY,focal,maven,,,,,,,,,FAIL,clone,1,MODULE_MISSING,Module directory does not exist: D:\Khedma\Mr wiem\mutation-test-pipeline\target-repos\100470837\tensor-playground,0,NONE,,1.6.9,,,D:\Khedma\Mr wiem\mutation-test-pipeline\logs\runs\20260412T181234Z_100470837_tensor-playground_AI_ONLY_focal_maven
20260412T181252Z,100522769,gremlin-objects,HUMAN,focal,maven,org.apache.tinkerpop.gremlin.object.reflect.Classes,org.apache.tinkerpop.gremlin.object.reflect.ClassesTest,,,,,,,FAIL,compile,1,HTTP_BLOCKER,"Command '['mvn.cmd', '-s', 'D:\\Khedma\\Mr wiem\\mutation-test-pipeline\\.mvn\\settings.xml', '-DskipTests', 'compile']' returned non-zero exit status 1.: [INFO] Scanning for projects... Downloading from central: https://repo1.maven.org/maven2/org/apache/tinkerpop/tinkerpop/3.3.1/tinkerpop-3.3.1.pom Progress (1): 722 B Progress (1): 1.8 kB Progress (1): 4.4 kB Progress (1): 6.4 kB Progress (1): 7.",0,NONE,,1.6.9,,,D:\Khedma\Mr wiem\mutation-test-pipeline\logs\runs\20260412T181252Z_100522769_gremlin-objects_HUMAN_focal_maven
20260412T181315Z,100522769,gremlin-objects,HUMAN,focal,maven,org.apache.tinkerpop.gremlin.object.reflect.Classes,org.apache.tinkerpop.gremlin.object.reflect.ClassesTest,,,,,,,FAIL,compile,1,COMPILATION,"Command '['mvn.cmd', '-U', '-s', 'D:\\Khedma\\Mr wiem\\mutation-test-pipeline\\target-repos\\100522769\\.mvn\\settings.xml', '-DskipTests', 'compile']' returned non-zero exit status 1.: [INFO] Scanning for projects... Downloading from central-https: https://repo1.maven.org/maven2/org/apache/tinkerpop/tinkerpop/3.3.1/tinkerpop-3.3.1.pom Progress (1): 722 B Progress (1): 1.8 kB Progress (1): 4.4 kB ",1,HTTP_SETTINGS_FIX,,1.6.9,,,D:\Khedma\Mr wiem\mutation-test-pipeline\logs\runs\20260412T181315Z_100522769_gremlin-objects_HUMAN_focal_maven
20260412T181411Z,100522769,gremlin-objects,AI_ONLY,focal,maven,org.apache.tinkerpop.gremlin.object.reflect.Classes,org.apache.tinkerpop.gremlin.object.reflect.ClassesAiTest,,,,,,,FAIL,compile,1,HTTP_BLOCKER,"Command '['mvn.cmd', '-s', 'D:\\Khedma\\Mr wiem\\mutation-test-pipeline\\.mvn\\settings.xml', '-DskipTests', 'compile']' returned non-zero exit status 1.: [INFO] Scanning for projects... [INFO] Artifact org.apache.tinkerpop:tinkerpop:pom:3.3.1 is present in the local repository, but cached from a remote repository ID that is unavailable in current build context, verifying that is downloadable from",0,NONE,,1.6.9,,,D:\Khedma\Mr wiem\mutation-test-pipeline\logs\runs\20260412T181411Z_100522769_gremlin-objects_AI_ONLY_focal_maven
20260412T181430Z,100522769,gremlin-objects,AI_ONLY,focal,maven,org.apache.tinkerpop.gremlin.object.reflect.Classes,org.apache.tinkerpop.gremlin.object.reflect.ClassesAiTest,,,,,,,FAIL,compile,1,OTHER,"Command '['mvn.cmd', '-U', '-s', 'D:\\Khedma\\Mr wiem\\mutation-test-pipeline\\target-repos\\100522769\\.mvn\\settings.xml', '-DskipTests', 'compile']' returned non-zero exit status 1.: [INFO] Scanning for projects... Downloading from central-https: https://repo1.maven.org/maven2/org/apache/tinkerpop/tinkerpop/3.3.1/tinkerpop-3.3.1.pom Progress (1): 722 B Progress (1): 1.8 kB Progress (1): 4.4 kB ",0,HTTP_SETTINGS_FIX,,1.6.9,,,D:\Khedma\Mr wiem\mutation-test-pipeline\logs\runs\20260412T181430Z_100522769_gremlin-objects_AI_ONLY_focal_maven
20260412T181456Z,100544309,counter,HUMAN,focal,maven,com.acme.counter.CounterViewModel,com.acme.counter.CounterViewModelTest,,,,,,,FAIL,compile,1,OTHER,"Command '['mvn.cmd', '-s', 'D:\\Khedma\\Mr wiem\\mutation-test-pipeline\\.mvn\\settings.xml', '-DskipTests', 'compile']' returned non-zero exit status 1.: [INFO] Scanning for projects... [INFO] ------------------------------------------------------------------------ [INFO] BUILD FAILURE [INFO] ------------------------------------------------------------------------ [INFO] Total time: 0.059 s [INFO",0,NONE,,1.6.9,,,D:\Khedma\Mr wiem\mutation-test-pipeline\logs\runs\20260412T181456Z_100544309_counter_HUMAN_focal_maven
20260412T181500Z,100544309,counter,AI_ONLY,focal,maven,com.acme.counter.CounterViewModel,com.acme.counter.CounterViewModelAiTest,,,,,,,FAIL,compile,1,OTHER,"Command '['mvn.cmd', '-s', 'D:\\Khedma\\Mr wiem\\mutation-test-pipeline\\.mvn\\settings.xml', '-DskipTests', 'compile']' returned non-zero exit status 1.: [INFO] Scanning for projects... [INFO] ------------------------------------------------------------------------ [INFO] BUILD FAILURE [INFO] ------------------------------------------------------------------------ [INFO] Total time: 0.058 s [INFO",0,NONE,,1.6.9,,,D:\Khedma\Mr wiem\mutation-test-pipeline\logs\runs\20260412T181500Z_100544309_counter_AI_ONLY_focal_maven
spring-amqp,100566396,framework/spring/spring-amqp,HUMAN,focal,maven,org.laidu.learn.amqp.rabbitmq.java.RabbitmqClientDemo,org.laidu.learn.amqp.rabbitmq.java.RabbitmqClientDemoTest,,,,,,,FAIL,compile,1,DEP_RESOLUTION,"Command '['mvn.cmd', '-s', 'D:\\Khedma\\Mr wiem\\mutation-test-pipeline\\.mvn\\settings.xml', '-DskipTests', 'compile']' returned non-zero exit status 1.: [INFO] Scanning for projects... Downloading from central: https://repo1.maven.org/maven2/org/springframework/boot/spring-boot-dependencies/2.5.1/spring-boot-dependencies-2.5.1.pom Progress (1): 967 B Progress (1): 2.2 kB Progress (1): 4.2 kB Pro",0,NONE,,1.6.9,,,D:\Khedma\Mr wiem\mutation-test-pipeline\logs\runs\20260412T181528Z_100566396_framework\spring\spring-amqp_HUMAN_focal_maven
spring-amqp,100566396,framework/spring/spring-amqp,AI_ONLY,focal,maven,org.laidu.learn.amqp.rabbitmq.java.RabbitmqClientDemo,,,,,,,,FAIL,clone,1,FILE_NOT_FOUND,Generated AI test has no public class declaration: D:\Khedma\Mr wiem\mutation-test-pipeline\experiments\generated_tests\100566396_4_GeneratedTest.java,0,NONE,,1.6.9,,,D:\Khedma\Mr wiem\mutation-test-pipeline\logs\runs\20260412T181542Z_100566396_framework\spring\spring-amqp_AI_ONLY_focal_maven
20260412T181603Z,10057936,picasso-pollexor,HUMAN,focal,maven,com.squareup.picasso3.pollexor.PollexorRequestTransformer,,,,,,,,FAIL,clone,1,FILE_NOT_FOUND,Mapped human test class file does not exist: D:\Khedma\Mr wiem\mutation-test-pipeline\target-repos\10057936\picasso-pollexor\src\test\java\com\squareup\picasso3\pollexor\PollexorRequestTransformerTest.java,0,NONE,,1.6.9,,,D:\Khedma\Mr wiem\mutation-test-pipeline\logs\runs\20260412T181603Z_10057936_picasso-pollexor_HUMAN_focal_maven
20260412T181604Z,10057936,picasso-pollexor,AI_ONLY,focal,maven,com.squareup.picasso3.pollexor.PollexorRequestTransformer,,,,,,,,FAIL,clone,1,FILE_NOT_FOUND,Mapped human test class file does not exist: D:\Khedma\Mr wiem\mutation-test-pipeline\target-repos\10057936\picasso-pollexor\src\test\java\com\squareup\picasso3\pollexor\PollexorRequestTransformerTest.java,0,NONE,,1.6.9,,,D:\Khedma\Mr wiem\mutation-test-pipeline\logs\runs\20260412T181604Z_10057936_picasso-pollexor_AI_ONLY_focal_maven
20260412T181624Z,100600744,backend,HUMAN,focal,maven,jmstool.jms.SimpleMessageTextCreator,jmstool.jms.SimpleMessageTextCreatorTest,,,,,,,FAIL,compile,1,HTTP_BLOCKER,"Command '['mvn.cmd', '-s', 'D:\\Khedma\\Mr wiem\\mutation-test-pipeline\\.mvn\\settings.xml', '-DskipTests', 'compile']' returned non-zero exit status 1.: [INFO] Scanning for projects... Downloading from repository.jboss.org-public: https://repository.jboss.org/nexus/content/groups/public/org/apache/logging/log4j/log4j-bom/2.7/log4j-bom-2.7.pom Downloading from central: https://repo1.maven.org/mav",0,NONE,,1.6.9,,,D:\Khedma\Mr wiem\mutation-test-pipeline\logs\runs\20260412T181624Z_100600744_backend_HUMAN_focal_maven
20260412T181650Z,100600744,backend,HUMAN,focal,maven,jmstool.jms.SimpleMessageTextCreator,jmstool.jms.SimpleMessageTextCreatorTest,,,,,,,FAIL,compile,1,DEP_RESOLUTION,"Command '['mvn.cmd', '-U', '-s', 'D:\\Khedma\\Mr wiem\\mutation-test-pipeline\\target-repos\\100600744\\.mvn\\settings.xml', '-DskipTests', 'compile']' returned non-zero exit status 1.: [INFO] Scanning for projects... Downloading from central-https: https://repo1.maven.org/maven2/org/springframework/boot/spring-boot-starter-parent/1.5.3.RELEASE/spring-boot-starter-parent-1.5.3.RELEASE.pom Progress",1,HTTP_SETTINGS_FIX,,1.6.9,,,D:\Khedma\Mr wiem\mutation-test-pipeline\logs\runs\20260412T181650Z_100600744_backend_HUMAN_focal_maven
20260412T181713Z,100600744,backend,AI_ONLY,focal,maven,jmstool.jms.SimpleMessageTextCreator,jmstool.jms.SimpleMessageTextCreatorAiTest,,,,,,,FAIL,compile,1,HTTP_BLOCKER,"Command '['mvn.cmd', '-s', 'D:\\Khedma\\Mr wiem\\mutation-test-pipeline\\.mvn\\settings.xml', '-DskipTests', 'compile']' returned non-zero exit status 1.: [INFO] Scanning for projects... [INFO] Artifact org.springframework.boot:spring-boot-starter-parent:pom:1.5.3.RELEASE is present in the local repository, but cached from a remote repository ID that is unavailable in current build context, verify",0,NONE,,1.6.9,,,D:\Khedma\Mr wiem\mutation-test-pipeline\logs\runs\20260412T181713Z_100600744_backend_AI_ONLY_focal_maven
20260412T181755Z,100600744,backend,AI_ONLY,focal,maven,jmstool.jms.SimpleMessageTextCreator,jmstool.jms.SimpleMessageTextCreatorAiTest,,,,,,,FAIL,compile,1,DEP_RESOLUTION,"Command '['mvn.cmd', '-U', '-s', 'D:\\Khedma\\Mr wiem\\mutation-test-pipeline\\target-repos\\100600744\\.mvn\\settings.xml', '-DskipTests', 'compile']' returned non-zero exit status 1.: [INFO] Scanning for projects... Downloading from central-https: https://repo1.maven.org/maven2/org/springframework/boot/spring-boot-starter-parent/1.5.3.RELEASE/spring-boot-starter-parent-1.5.3.RELEASE.pom Progress",0,HTTP_SETTINGS_FIX,,1.6.9,,,D:\Khedma\Mr wiem\mutation-test-pipeline\logs\runs\20260412T181755Z_100600744_backend_AI_ONLY_focal_maven
20260412T181821Z,1006123,wave-api,HUMAN,focal,maven,com.google.wave.api.ClientWave,com.google.wave.api.ClientWaveTest,,,,,,,FAIL,compile,1,HTTP_BLOCKER,"Command '['mvn.cmd', '-s', 'D:\\Khedma\\Mr wiem\\mutation-test-pipeline\\.mvn\\settings.xml', '-DskipTests', 'compile']' returned non-zero exit status 1.: [INFO] Scanning for projects... [WARNING] [WARNING] Some problems were encountered while building the effective model for android-wave-client:wave-api:jar:1.0-SNAPSHOT [WARNING] 'build.plugins.plugin.version' for org.apache.maven.plugins:maven-c",0,NONE,,1.6.9,,,D:\Khedma\Mr wiem\mutation-test-pipeline\logs\runs\20260412T181821Z_1006123_wave-api_HUMAN_focal_maven
20260412T181827Z,1006123,wave-api,HUMAN,focal,maven,com.google.wave.api.ClientWave,com.google.wave.api.ClientWaveTest,,,,,,,FAIL,compile,1,HTTP_BLOCKER,"Command '['mvn.cmd', '-U', '-s', 'D:\\Khedma\\Mr wiem\\mutation-test-pipeline\\target-repos\\1006123\\.mvn\\settings.xml', '-DskipTests', 'compile']' returned non-zero exit status 1.: [INFO] Scanning for projects... [WARNING] [WARNING] Some problems were encountered while building the effective model for android-wave-client:wave-api:jar:1.0-SNAPSHOT [WARNING] 'build.plugins.plugin.version' for org",1,HTTP_SETTINGS_FIX,,1.6.9,,,D:\Khedma\Mr wiem\mutation-test-pipeline\logs\runs\20260412T181827Z_1006123_wave-api_HUMAN_focal_maven
20260412T181837Z,1006123,wave-api,AI_ONLY,focal,maven,com.google.wave.api.ClientWave,com.google.wave.api.ClientWaveAiTest,,,,,,,FAIL,compile,1,HTTP_BLOCKER,"Command '['mvn.cmd', '-s', 'D:\\Khedma\\Mr wiem\\mutation-test-pipeline\\.mvn\\settings.xml', '-DskipTests', 'compile']' returned non-zero exit status 1.: [INFO] Scanning for projects... [WARNING] [WARNING] Some problems were encountered while building the effective model for android-wave-client:wave-api:jar:1.0-SNAPSHOT [WARNING] 'build.plugins.plugin.version' for org.apache.maven.plugins:maven-c",0,NONE,,1.6.9,,,D:\Khedma\Mr wiem\mutation-test-pipeline\logs\runs\20260412T181837Z_1006123_wave-api_AI_ONLY_focal_maven
20260412T181843Z,1006123,wave-api,AI_ONLY,focal,maven,com.google.wave.api.ClientWave,com.google.wave.api.ClientWaveAiTest,,,,,,,FAIL,compile,1,HTTP_BLOCKER,"Command '['mvn.cmd', '-U', '-s', 'D:\\Khedma\\Mr wiem\\mutation-test-pipeline\\target-repos\\1006123\\.mvn\\settings.xml', '-DskipTests', 'compile']' returned non-zero exit status 1.: [INFO] Scanning for projects... [WARNING] [WARNING] Some problems were encountered while building the effective model for android-wave-client:wave-api:jar:1.0-SNAPSHOT [WARNING] 'build.plugins.plugin.version' for org",1,HTTP_SETTINGS_FIX,,1.6.9,,,D:\Khedma\Mr wiem\mutation-test-pipeline\logs\runs\20260412T181843Z_1006123_wave-api_AI_ONLY_focal_maven
datastore,10062583,java/datastore,HUMAN,focal,maven,,,,,,,,,FAIL,clone,1,MODULE_MISSING,Module directory does not exist: D:\Khedma\Mr wiem\mutation-test-pipeline\target-repos\10062583\java\datastore,0,NONE,,1.6.9,,,D:\Khedma\Mr wiem\mutation-test-pipeline\logs\runs\20260412T181907Z_10062583_java\datastore_HUMAN_focal_maven
datastore,10062583,java/datastore,AI_ONLY,focal,maven,,,,,,,,,FAIL,clone,1,MODULE_MISSING,Module directory does not exist: D:\Khedma\Mr wiem\mutation-test-pipeline\target-repos\10062583\java\datastore,0,NONE,,1.6.9,,,D:\Khedma\Mr wiem\mutation-test-pipeline\logs\runs\20260412T181908Z_10062583_java\datastore_AI_ONLY_focal_maven
spring-boot-starter,10064418,extensions/spring-boot-starter,HUMAN,focal,maven,org.trimou.extension.spring.starter.TrimouTemplateAvailabilityProvider,org.trimou.extension.spring.starter.TrimouTemplateAvailabilityProviderTest,,,,,,,FAIL,compile,1,HTTP_BLOCKER,"Command '['mvn.cmd', '-s', 'D:\\Khedma\\Mr wiem\\mutation-test-pipeline\\.mvn\\settings.xml', '-DskipTests', 'compile']' returned non-zero exit status 1.: [INFO] Scanning for projects... Downloading from central: https://repo1.maven.org/maven2/org/springframework/boot/spring-boot-dependencies/1.5.7.RELEASE/spring-boot-dependencies-1.5.7.RELEASE.pom Progress (1): 928 B Progress (1): 2.3 kB Progress",0,NONE,,1.6.9,,,D:\Khedma\Mr wiem\mutation-test-pipeline\logs\runs\20260412T181928Z_10064418_extensions\spring-boot-starter_HUMAN_focal_maven
spring-boot-starter,10064418,extensions/spring-boot-starter,HUMAN,focal,maven,org.trimou.extension.spring.starter.TrimouTemplateAvailabilityProvider,org.trimou.extension.spring.starter.TrimouTemplateAvailabilityProviderTest,,,,,,,FAIL,compile,1,DEP_RESOLUTION,"Command '['mvn.cmd', '-U', '-s', 'D:\\Khedma\\Mr wiem\\mutation-test-pipeline\\target-repos\\10064418\\.mvn\\settings.xml', '-DskipTests', 'compile']' returned non-zero exit status 1.: [INFO] Scanning for projects... Downloading from central-https: https://repo1.maven.org/maven2/org/springframework/boot/spring-boot-dependencies/1.5.7.RELEASE/spring-boot-dependencies-1.5.7.RELEASE.pom Progress (1):",1,HTTP_SETTINGS_FIX,,1.6.9,,,D:\Khedma\Mr wiem\mutation-test-pipeline\logs\runs\20260412T181937Z_10064418_extensions\spring-boot-starter_HUMAN_focal_maven
spring-boot-starter,10064418,extensions/spring-boot-starter,AI_ONLY,focal,maven,org.trimou.extension.spring.starter.TrimouTemplateAvailabilityProvider,org.trimou.extension.spring.starter.TrimouTemplateAvailabilityProviderAiTest,,,,,,,FAIL,compile,1,HTTP_BLOCKER,"Command '['mvn.cmd', '-s', 'D:\\Khedma\\Mr wiem\\mutation-test-pipeline\\.mvn\\settings.xml', '-DskipTests', 'compile']' returned non-zero exit status 1.: [INFO] Scanning for projects... [INFO] Artifact org.springframework.boot:spring-boot-dependencies:pom:1.5.7.RELEASE is present in the local repository, but cached from a remote repository ID that is unavailable in current build context, verifyin",0,NONE,,1.6.9,,,D:\Khedma\Mr wiem\mutation-test-pipeline\logs\runs\20260412T181954Z_10064418_extensions\spring-boot-starter_AI_ONLY_focal_maven
spring-boot-starter,10064418,extensions/spring-boot-starter,AI_ONLY,focal,maven,org.trimou.extension.spring.starter.TrimouTemplateAvailabilityProvider,org.trimou.extension.spring.starter.TrimouTemplateAvailabilityProviderAiTest,,,,,,,FAIL,compile,1,DEP_RESOLUTION,"Command '['mvn.cmd', '-U', '-s', 'D:\\Khedma\\Mr wiem\\mutation-test-pipeline\\target-repos\\10064418\\.mvn\\settings.xml', '-DskipTests', 'compile']' returned non-zero exit status 1.: [INFO] Scanning for projects... [INFO] [INFO] ----------< org.trimou:trimou-extension-spring-boot-starter >----------- [INFO] Building trimou-extension-spring-boot-starter 2.5.2-SNAPSHOT [INFO] from pom.xml [INFO] -",1,HTTP_SETTINGS_FIX,,1.6.9,,,D:\Khedma\Mr wiem\mutation-test-pipeline\logs\runs\20260412T182003Z_10064418_extensions\spring-boot-starter_AI_ONLY_focal_maven
WorkflowExample,10065023,tutorials/WorkflowExample,HUMAN,focal,maven,org.neuro4j.workflow.tutorial.HelloWorld,org.neuro4j.workflow.tutorial.HelloWorldTest,1,3,3,0,0,100.000000,OK,summarize,0,,,0,NONE,org.neuro4j.workflow.tutorial.HelloWorld*,1.6.9,OK,D:\Khedma\Mr wiem\mutation-test-pipeline\logs\runs\20260412T182033Z_10065023_tutorials\WorkflowExample_HUMAN_focal_maven\04_pit.log,D:\Khedma\Mr wiem\mutation-test-pipeline\logs\runs\20260412T182033Z_10065023_tutorials\WorkflowExample_HUMAN_focal_maven
WorkflowExample,10065023,tutorials/WorkflowExample,AI_ONLY,focal,maven,org.neuro4j.workflow.tutorial.HelloWorld,org.neuro4j.workflow.tutorial.HelloWorldAiTest,5,3,2,1,0,66.666667,OK,summarize,0,,,0,NONE,org.neuro4j.workflow.tutorial.HelloWorld*,1.6.9,OK,D:\Khedma\Mr wiem\mutation-test-pipeline\logs\runs\20260412T182059Z_10065023_tutorials\WorkflowExample_AI_ONLY_focal_maven\04_pit.log,D:\Khedma\Mr wiem\mutation-test-pipeline\logs\runs\20260412T182059Z_10065023_tutorials\WorkflowExample_AI_ONLY_focal_maven
Code,100677440,RemainingCodes/Code,HUMAN,focal,maven,com.packt.cookbook.ch05_streams.TrafficDensity3,com.packt.cookbook.ch05_streams.TrafficDensity3Test,,,,,,,FAIL,test,1,TEST_FAILURE,"Command '['mvn.cmd', '-s', 'D:\\Khedma\\Mr wiem\\mutation-test-pipeline\\.mvn\\settings.xml', '-Dtest=com.packt.cookbook.ch05_streams.TrafficDensity3Test', 'test']' returned non-zero exit status 1.: [INFO] Scanning for projects... [INFO] [INFO] --------------------< com.packt.cookbook:cookbook >--------------------- [INFO] Building cookbook 1.0 [INFO] from pom.xml [INFO] --------------------------",0,NONE,,1.6.9,,,D:\Khedma\Mr wiem\mutation-test-pipeline\logs\runs\20260412T182135Z_100677440_RemainingCodes\Code_HUMAN_focal_maven
Code,100677440,RemainingCodes/Code,AI_ONLY,focal,maven,com.packt.cookbook.ch05_streams.TrafficDensity3,com.packt.cookbook.ch05_streams.TrafficDensity3AiTest,,,,,,,FAIL,test,1,COMPILATION,"Command '['mvn.cmd', '-s', 'D:\\Khedma\\Mr wiem\\mutation-test-pipeline\\.mvn\\settings.xml', '-Dtest=com.packt.cookbook.ch05_streams.TrafficDensity3AiTest', 'test']' returned non-zero exit status 1.: [INFO] Scanning for projects... [INFO] [INFO] --------------------< com.packt.cookbook:cookbook >--------------------- [INFO] Building cookbook 1.0 [INFO] from pom.xml [INFO] ------------------------",0,NONE,,1.6.9,,,D:\Khedma\Mr wiem\mutation-test-pipeline\logs\runs\20260412T182147Z_100677440_RemainingCodes\Code_AI_ONLY_focal_maven
tools.descartes.teastore.image,100679870,services/tools.descartes.teastore.image,HUMAN,focal,maven,tools.descartes.teastore.image.StoreImage,tools.descartes.teastore.image.TestStoreImage,,,,,,,FAIL,compile,1,DEP_RESOLUTION,"Command '['mvn.cmd', '-s', 'D:\\Khedma\\Mr wiem\\mutation-test-pipeline\\.mvn\\settings.xml', '-DskipTests', 'compile']' returned non-zero exit status 1.: [INFO] Scanning for projects... [WARNING] [WARNING] Some problems were encountered while building the effective model for tools.descartes.teastore:image:war:1.4.2 [WARNING] 'version' contains an expression but should be a constant. @ tools.desca",0,NONE,,1.6.9,,,D:\Khedma\Mr wiem\mutation-test-pipeline\logs\runs\20260412T182217Z_100679870_services\tools.descartes.teastore.image_HUMAN_focal_maven
tools.descartes.teastore.image,100679870,services/tools.descartes.teastore.image,AI_ONLY,focal,maven,tools.descartes.teastore.image.StoreImage,tools.descartes.teastore.image.StoreImageAiTest,,,,,,,FAIL,compile,1,SNAPSHOT_MISSING,"Command '['mvn.cmd', '-s', 'D:\\Khedma\\Mr wiem\\mutation-test-pipeline\\.mvn\\settings.xml', '-DskipTests', 'compile']' returned non-zero exit status 1.: [INFO] Scanning for projects... [WARNING] [WARNING] Some problems were encountered while building the effective model for tools.descartes.teastore:image:war:1.4.2 [WARNING] 'version' contains an expression but should be a constant. @ tools.desca",0,NONE,,1.6.9,,,D:\Khedma\Mr wiem\mutation-test-pipeline\logs\runs\20260412T182223Z_100679870_services\tools.descartes.teastore.image_AI_ONLY_focal_maven
tools.descartes.teastore.image,100679870,services/tools.descartes.teastore.image,AI_ONLY,focal,maven,tools.descartes.teastore.image.StoreImage,tools.descartes.teastore.image.StoreImageAiTest,,,,,,,FAIL,compile,1,DEP_RESOLUTION,"Command '['mvn.cmd', '-U', '-s', 'D:\\Khedma\\Mr wiem\\mutation-test-pipeline\\.mvn\\settings.xml', '-DskipTests', 'compile']' returned non-zero exit status 1.: [INFO] Scanning for projects... [WARNING] [WARNING] Some problems were encountered while building the effective model for tools.descartes.teastore:image:war:1.4.2 [WARNING] 'version' contains an expression but should be a constant. @ tools",0,MAVEN_FORCE_UPDATE,,1.6.9,,,D:\Khedma\Mr wiem\mutation-test-pipeline\logs\runs\20260412T182226Z_100679870_services\tools.descartes.teastore.image_AI_ONLY_focal_maven
model,100683024,ldap/model,HUMAN,focal,maven,org.apache.directory.api.ldap.model.url.LdapUrl,org.apache.directory.api.ldap.model.url.LdapUrlTest,,,,,,,FAIL,compile,1,HTTP_BLOCKER,"Command '['mvn.cmd', '-s', 'D:\\Khedma\\Mr wiem\\mutation-test-pipeline\\.mvn\\settings.xml', '-DskipTests', 'compile']' returned non-zero exit status 1.: WARNING: A terminally deprecated method in java.lang.System has been called WARNING: System::setSecurityManager has been called by org.codehaus.mojo.antlr.AbstractAntlrMojo (file:/C:/Users/Aymen%20Masmoudi/.m2/repository/org/codehaus/mojo/antlr-",0,NONE,,1.6.9,,,D:\Khedma\Mr wiem\mutation-test-pipeline\logs\runs\20260412T182255Z_100683024_ldap\model_HUMAN_focal_maven
model,100683024,ldap/model,HUMAN,focal,maven,org.apache.directory.api.ldap.model.url.LdapUrl,org.apache.directory.api.ldap.model.url.LdapUrlTest,,,,,,,FAIL,compile,1,COMPILATION,"Command '['mvn.cmd', '-U', '-s', 'D:\\Khedma\\Mr wiem\\mutation-test-pipeline\\target-repos\\100683024\\.mvn\\settings.xml', '-DskipTests', 'compile']' returned non-zero exit status 1.: [INFO] Scanning for projects... Downloading from sonatype-snapshots: https://oss.sonatype.org/content/repositories/snapshots/org/apache/directory/project/project/51-SNAPSHOT/maven-metadata.xml Downloading from apac",1,HTTP_SETTINGS_FIX,,1.6.9,,,D:\Khedma\Mr wiem\mutation-test-pipeline\logs\runs\20260412T182328Z_100683024_ldap\model_HUMAN_focal_maven
model,100683024,ldap/model,AI_ONLY,focal,maven,org.apache.directory.api.ldap.model.url.LdapUrl,org.apache.directory.api.ldap.model.url.LdapUrlAiTest,,,,,,,FAIL,compile,1,COMPILATION,"Command '['mvn.cmd', '-s', 'D:\\Khedma\\Mr wiem\\mutation-test-pipeline\\.mvn\\settings.xml', '-DskipTests', 'compile']' returned non-zero exit status 1.: WARNING: A terminally deprecated method in java.lang.System has been called WARNING: System::setSecurityManager has been called by org.codehaus.mojo.antlr.AbstractAntlrMojo (file:/C:/Users/Aymen%20Masmoudi/.m2/repository/org/codehaus/mojo/antlr-",0,NONE,,1.6.9,,,D:\Khedma\Mr wiem\mutation-test-pipeline\logs\runs\20260412T182413Z_100683024_ldap\model_AI_ONLY_focal_maven
20260412T182452Z,100716846,flow-runtime,HUMAN,focal,maven,com.fnproject.fn.runtime.flow.RemoteFlowApiClient,com.fnproject.fn.runtime.flow.RemoteFlowApiClientTest,,,,,,,FAIL,compile,1,DEP_RESOLUTION,"Command '['mvn.cmd', '-s', 'D:\\Khedma\\Mr wiem\\mutation-test-pipeline\\.mvn\\settings.xml', '-DskipTests', 'compile']' returned non-zero exit status 1.: [INFO] Scanning for projects... Downloading from central: https://repo1.maven.org/maven2/com/spotify/dockerfile-maven-extension/1.4.3/dockerfile-maven-extension-1.4.3.pom Progress (1): 605 B Downloaded from central: https://repo1.maven.org/maven",0,NONE,,1.6.9,,,D:\Khedma\Mr wiem\mutation-test-pipeline\logs\runs\20260412T182452Z_100716846_flow-runtime_HUMAN_focal_maven
20260412T182458Z,100716846,flow-runtime,AI_ONLY,focal,maven,com.fnproject.fn.runtime.flow.RemoteFlowApiClient,,,,,,,,FAIL,clone,1,FILE_NOT_FOUND,Generated AI test has no public class declaration: D:\Khedma\Mr wiem\mutation-test-pipeline\experiments\generated_tests\100716846_3_GeneratedTest.java,0,NONE,,1.6.9,,,D:\Khedma\Mr wiem\mutation-test-pipeline\logs\runs\20260412T182458Z_100716846_flow-runtime_AI_ONLY_focal_maven
20260412T182520Z,10075325,52n-wps-server,HUMAN,focal,maven,org.n52.wps.server.request.InputHandler,org.n52.wps.server.request.InputHandlerTest,,,,,,,FAIL,compile,1,HTTP_BLOCKER,"Command '['mvn.cmd', '-s', 'D:\\Khedma\\Mr wiem\\mutation-test-pipeline\\.mvn\\settings.xml', '-DskipTests', 'compile']' returned non-zero exit status 1.: [INFO] Scanning for projects... Downloading from central: https://repo1.maven.org/maven2/org/n52/52-North/5.6.6/52-North-5.6.6.pom [ERROR] [ERROR] Some problems were encountered while processing the POMs: [FATAL] Non-resolvable parent POM for or",0,NONE,,1.6.9,,,D:\Khedma\Mr wiem\mutation-test-pipeline\logs\runs\20260412T182520Z_10075325_52n-wps-server_HUMAN_focal_maven
20260412T182524Z,10075325,52n-wps-server,HUMAN,focal,maven,org.n52.wps.server.request.InputHandler,org.n52.wps.server.request.InputHandlerTest,,,,,,,FAIL,compile,1,HTTP_BLOCKER,"Command '['mvn.cmd', '-U', '-s', 'D:\\Khedma\\Mr wiem\\mutation-test-pipeline\\target-repos\\10075325\\.mvn\\settings.xml', '-DskipTests', 'compile']' returned non-zero exit status 1.: [INFO] Scanning for projects... Downloading from central-https: https://repo1.maven.org/maven2/org/n52/52-North/5.6.6/52-North-5.6.6.pom [ERROR] [ERROR] Some problems were encountered while processing the POMs: [FAT",1,HTTP_SETTINGS_FIX,,1.6.9,,,D:\Khedma\Mr wiem\mutation-test-pipeline\logs\runs\20260412T182524Z_10075325_52n-wps-server_HUMAN_focal_maven
20260412T182530Z,10075325,52n-wps-server,AI_ONLY,focal,maven,org.n52.wps.server.request.InputHandler,org.n52.wps.server.request.InputHandlerAiTest,,,,,,,FAIL,compile,1,HTTP_BLOCKER,"Command '['mvn.cmd', '-s', 'D:\\Khedma\\Mr wiem\\mutation-test-pipeline\\.mvn\\settings.xml', '-DskipTests', 'compile']' returned non-zero exit status 1.: [INFO] Scanning for projects... [ERROR] [ERROR] Some problems were encountered while processing the POMs: [FATAL] Non-resolvable parent POM for org.n52.wps:52n-wps-parent:3.6.4-SNAPSHOT: The following artifacts could not be resolved: org.n52:52-",0,NONE,,1.6.9,,,D:\Khedma\Mr wiem\mutation-test-pipeline\logs\runs\20260412T182530Z_10075325_52n-wps-server_AI_ONLY_focal_maven
20260412T182533Z,10075325,52n-wps-server,AI_ONLY,focal,maven,org.n52.wps.server.request.InputHandler,org.n52.wps.server.request.InputHandlerAiTest,,,,,,,FAIL,compile,1,HTTP_BLOCKER,"Command '['mvn.cmd', '-U', '-s', 'D:\\Khedma\\Mr wiem\\mutation-test-pipeline\\target-repos\\10075325\\.mvn\\settings.xml', '-DskipTests', 'compile']' returned non-zero exit status 1.: [INFO] Scanning for projects... Downloading from central-https: https://repo1.maven.org/maven2/org/n52/52-North/5.6.6/52-North-5.6.6.pom [ERROR] [ERROR] Some problems were encountered while processing the POMs: [FAT",1,HTTP_SETTINGS_FIX,,1.6.9,,,D:\Khedma\Mr wiem\mutation-test-pipeline\logs\runs\20260412T182533Z_10075325_52n-wps-server_AI_ONLY_focal_maven
20260412T182600Z,100758796,app,HUMAN,focal,maven,io.left.ripple.RightMeshConnector,io.left.ripple.RightMeshConnectorTest,,,,,,,FAIL,compile,1,OTHER,"Command '['mvn.cmd', '-s', 'D:\\Khedma\\Mr wiem\\mutation-test-pipeline\\.mvn\\settings.xml', '-DskipTests', 'compile']' returned non-zero exit status 1.: [INFO] Scanning for projects... [INFO] ------------------------------------------------------------------------ [INFO] BUILD FAILURE [INFO] ------------------------------------------------------------------------ [INFO] Total time: 0.059 s [INFO",0,NONE,,1.6.9,,,D:\Khedma\Mr wiem\mutation-test-pipeline\logs\runs\20260412T182600Z_100758796_app_HUMAN_focal_maven
20260412T182603Z,100758796,app,AI_ONLY,focal,maven,io.left.ripple.RightMeshConnector,io.left.ripple.RightMeshConnectorAiTest,,,,,,,FAIL,compile,1,OTHER,"Command '['mvn.cmd', '-s', 'D:\\Khedma\\Mr wiem\\mutation-test-pipeline\\.mvn\\settings.xml', '-DskipTests', 'compile']' returned non-zero exit status 1.: [INFO] Scanning for projects... [INFO] ------------------------------------------------------------------------ [INFO] BUILD FAILURE [INFO] ------------------------------------------------------------------------ [INFO] Total time: 0.062 s [INFO",0,NONE,,1.6.9,,,D:\Khedma\Mr wiem\mutation-test-pipeline\logs\runs\20260412T182603Z_100758796_app_AI_ONLY_focal_maven
20260412T182626Z,1007836,1007836,HUMAN,focal,maven,,,,,,,,,FAIL,clone,1,MODULE_MISSING,Module directory does not exist: D:\Khedma\Mr wiem\mutation-test-pipeline\target-repos\1007836\1007836,0,NONE,,1.6.9,,,D:\Khedma\Mr wiem\mutation-test-pipeline\logs\runs\20260412T182626Z_1007836_1007836_HUMAN_focal_maven
20260412T182627Z,1007836,1007836,AI_ONLY,focal,maven,,,,,,,,,FAIL,clone,1,MODULE_MISSING,Module directory does not exist: D:\Khedma\Mr wiem\mutation-test-pipeline\target-repos\1007836\1007836,0,NONE,,1.6.9,,,D:\Khedma\Mr wiem\mutation-test-pipeline\logs\runs\20260412T182627Z_1007836_1007836_AI_ONLY_focal_maven
shell,10079780,ui/shell,HUMAN,focal,maven,org.cloudml.ui.shell.ShellMode,org.cloudml.ui.shell.ShellModeTest,,,,,,,FAIL,compile,1,DEP_RESOLUTION,"Command '['mvn.cmd', '-s', 'D:\\Khedma\\Mr wiem\\mutation-test-pipeline\\.mvn\\settings.xml', '-DskipTests', 'compile']' returned non-zero exit status 1.: [INFO] Scanning for projects... Downloading from central: https://repo1.maven.org/maven2/org/apache/maven/wagon/wagon-ssh/2.4/wagon-ssh-2.4.pom Progress (1): 800 B Progress (1): 2.2 kB Progress (1): 5.7 kB Downloaded from central: https://repo1.",0,NONE,,1.6.9,,,D:\Khedma\Mr wiem\mutation-test-pipeline\logs\runs\20260412T182646Z_10079780_ui\shell_HUMAN_focal_maven
shell,10079780,ui/shell,AI_ONLY,focal,maven,org.cloudml.ui.shell.ShellMode,,,,,,,,FAIL,clone,1,FILE_NOT_FOUND,Generated AI test has no public class declaration: D:\Khedma\Mr wiem\mutation-test-pipeline\experiments\generated_tests\10079780_0_GeneratedTest.java,0,NONE,,1.6.9,,,D:\Khedma\Mr wiem\mutation-test-pipeline\logs\runs\20260412T182652Z_10079780_ui\shell_AI_ONLY_focal_maven
20260412T182712Z,100808500,oulipo-streams,HUMAN,focal,maven,org.oulipo.streams.opcodes.PutInvariantMediaOp,org.oulipo.streams.opcodes.PutInvariantMediaOpTest,,,,,,,FAIL,compile,1,OTHER,"Command '['mvn.cmd', '-s', 'D:\\Khedma\\Mr wiem\\mutation-test-pipeline\\.mvn\\settings.xml', '-DskipTests', 'compile']' returned non-zero exit status 1.: [INFO] Scanning for projects... [INFO] ------------------------------------------------------------------------ [INFO] BUILD FAILURE [INFO] ------------------------------------------------------------------------ [INFO] Total time: 0.060 s [INFO",0,NONE,,1.6.9,,,D:\Khedma\Mr wiem\mutation-test-pipeline\logs\runs\20260412T182712Z_100808500_oulipo-streams_HUMAN_focal_maven
20260412T182715Z,100808500,oulipo-streams,AI_ONLY,focal,maven,org.oulipo.streams.opcodes.PutInvariantMediaOp,org.oulipo.streams.opcodes.PutInvariantMediaOpAiTest,,,,,,,FAIL,compile,1,OTHER,"Command '['mvn.cmd', '-s', 'D:\\Khedma\\Mr wiem\\mutation-test-pipeline\\.mvn\\settings.xml', '-DskipTests', 'compile']' returned non-zero exit status 1.: [INFO] Scanning for projects... [INFO] ------------------------------------------------------------------------ [INFO] BUILD FAILURE [INFO] ------------------------------------------------------------------------ [INFO] Total time: 0.060 s [INFO",0,NONE,,1.6.9,,,D:\Khedma\Mr wiem\mutation-test-pipeline\logs\runs\20260412T182715Z_100808500_oulipo-streams_AI_ONLY_focal_maven
20260412T182740Z,10081109,blueflood-core,HUMAN,focal,maven,com.rackspacecloud.blueflood.service.LocatorFetchRunnable,com.rackspacecloud.blueflood.service.LocatorFetchRunnableTest,,,,,,,FAIL,compile,1,HTTP_BLOCKER,"Command '['mvn.cmd', '-s', 'D:\\Khedma\\Mr wiem\\mutation-test-pipeline\\.mvn\\settings.xml', '-DskipTests', 'compile']' returned non-zero exit status 1.: [INFO] Scanning for projects... [INFO] [INFO] -----------------< com.rackspacecloud:blueflood-core >------------------ [INFO] Building Blueflood Core Engine 2.1.1-SNAPSHOT [INFO] from pom.xml [INFO] --------------------------------[ jar ]-------",0,NONE,,1.6.9,,,D:\Khedma\Mr wiem\mutation-test-pipeline\logs\runs\20260412T182740Z_10081109_blueflood-core_HUMAN_focal_maven
20260412T182829Z,10081109,blueflood-core,HUMAN,focal,maven,com.rackspacecloud.blueflood.service.LocatorFetchRunnable,com.rackspacecloud.blueflood.service.LocatorFetchRunnableTest,,,,,,,FAIL,compile,1,COMPILATION,"Command '['mvn.cmd', '-U', '-s', 'D:\\Khedma\\Mr wiem\\mutation-test-pipeline\\target-repos\\10081109\\.mvn\\settings.xml', '-DskipTests', 'compile']' returned non-zero exit status 1.: [INFO] Scanning for projects... [INFO] [INFO] -----------------< com.rackspacecloud:blueflood-core >------------------ [INFO] Building Blueflood Core Engine 2.1.1-SNAPSHOT [INFO] from pom.xml [INFO] ----------------",1,HTTP_SETTINGS_FIX,,1.6.9,,,D:\Khedma\Mr wiem\mutation-test-pipeline\logs\runs\20260412T182829Z_10081109_blueflood-core_HUMAN_focal_maven
20260412T182901Z,10081109,blueflood-core,AI_ONLY,focal,maven,com.rackspacecloud.blueflood.service.LocatorFetchRunnable,com.rackspacecloud.blueflood.service.LocatorFetchRunnableAiTest,,,,,,,FAIL,compile,1,HTTP_BLOCKER,"Command '['mvn.cmd', '-s', 'D:\\Khedma\\Mr wiem\\mutation-test-pipeline\\.mvn\\settings.xml', '-DskipTests', 'compile']' returned non-zero exit status 1.: [INFO] Scanning for projects... [INFO] [INFO] -----------------< com.rackspacecloud:blueflood-core >------------------ [INFO] Building Blueflood Core Engine 2.1.1-SNAPSHOT [INFO] from pom.xml [INFO] --------------------------------[ jar ]-------",0,NONE,,1.6.9,,,D:\Khedma\Mr wiem\mutation-test-pipeline\logs\runs\20260412T182901Z_10081109_blueflood-core_AI_ONLY_focal_maven
20260412T182929Z,10081109,blueflood-core,AI_ONLY,focal,maven,com.rackspacecloud.blueflood.service.LocatorFetchRunnable,com.rackspacecloud.blueflood.service.LocatorFetchRunnableAiTest,,,,,,,FAIL,compile,1,COMPILATION,"Command '['mvn.cmd', '-U', '-s', 'D:\\Khedma\\Mr wiem\\mutation-test-pipeline\\target-repos\\10081109\\.mvn\\settings.xml', '-DskipTests', 'compile']' returned non-zero exit status 1.: [INFO] Scanning for projects... [INFO] [INFO] -----------------< com.rackspacecloud:blueflood-core >------------------ [INFO] Building Blueflood Core Engine 2.1.1-SNAPSHOT [INFO] from pom.xml [INFO] ----------------",0,HTTP_SETTINGS_FIX,,1.6.9,,,D:\Khedma\Mr wiem\mutation-test-pipeline\logs\runs\20260412T182929Z_10081109_blueflood-core_AI_ONLY_focal_maven
maven,10085184,manager/resolver/maven,HUMAN,focal,maven,org.jboss.forge.furnace.manager.maven.util.MavenRepositories,org.jboss.forge.furnace.manager.maven.util.MavenRepositoriesTest,,,,,,,FAIL,compile,1,HTTP_BLOCKER,"Command '['mvn.cmd', '-s', 'D:\\Khedma\\Mr wiem\\mutation-test-pipeline\\.mvn\\settings.xml', '-DskipTests', 'compile']' returned non-zero exit status 1.: [INFO] Scanning for projects... Downloading from central: https://repo1.maven.org/maven2/org/jboss/jboss-parent/39/jboss-parent-39.pom Progress (1): 701 B Progress (1): 1.5 kB Progress (1): 3.9 kB Progress (1): 6.2 kB Progress (1): 7.6 kB Progre",0,NONE,,1.6.9,,,D:\Khedma\Mr wiem\mutation-test-pipeline\logs\runs\20260412T182957Z_10085184_manager\resolver\maven_HUMAN_focal_maven
maven,10085184,manager/resolver/maven,HUMAN,focal,maven,org.jboss.forge.furnace.manager.maven.util.MavenRepositories,org.jboss.forge.furnace.manager.maven.util.MavenRepositoriesTest,,,,,,,FAIL,compile,1,DEP_RESOLUTION,"Command '['mvn.cmd', '-U', '-s', 'D:\\Khedma\\Mr wiem\\mutation-test-pipeline\\target-repos\\10085184\\.mvn\\settings.xml', '-DskipTests', 'compile']' returned non-zero exit status 1.: [INFO] Scanning for projects... Downloading from central-https: https://repo1.maven.org/maven2/org/jboss/jboss-parent/39/jboss-parent-39.pom Progress (1): 809 B Progress (1): 1.8 kB Progress (1): 3.9 kB Progress (1)",1,HTTP_SETTINGS_FIX,,1.6.9,,,D:\Khedma\Mr wiem\mutation-test-pipeline\logs\runs\20260412T183033Z_10085184_manager\resolver\maven_HUMAN_focal_maven
maven,10085184,manager/resolver/maven,AI_ONLY,focal,maven,org.jboss.forge.furnace.manager.maven.util.MavenRepositories,org.jboss.forge.furnace.manager.maven.util.MavenRepositoriesAiTest,,,,,,,FAIL,compile,1,HTTP_BLOCKER,"Command '['mvn.cmd', '-s', 'D:\\Khedma\\Mr wiem\\mutation-test-pipeline\\.mvn\\settings.xml', '-DskipTests', 'compile']' returned non-zero exit status 1.: [INFO] Scanning for projects... [INFO] Artifact org.jboss:jboss-parent:pom:39 is present in the local repository, but cached from a remote repository ID that is unavailable in current build context, verifying that is downloadable from [central (",0,NONE,,1.6.9,,,D:\Khedma\Mr wiem\mutation-test-pipeline\logs\runs\20260412T183132Z_10085184_manager\resolver\maven_AI_ONLY_focal_maven
maven,10085184,manager/resolver/maven,AI_ONLY,focal,maven,org.jboss.forge.furnace.manager.maven.util.MavenRepositories,org.jboss.forge.furnace.manager.maven.util.MavenRepositoriesAiTest,,,,,,,FAIL,compile,1,DEP_RESOLUTION,"Command '['mvn.cmd', '-U', '-s', 'D:\\Khedma\\Mr wiem\\mutation-test-pipeline\\target-repos\\10085184\\.mvn\\settings.xml', '-DskipTests', 'compile']' returned non-zero exit status 1.: [INFO] Scanning for projects... Downloading from central-https: https://repo1.maven.org/maven2/org/jboss/jboss-parent/39/jboss-parent-39.pom Progress (1): 701 B Progress (1): 1.5 kB Progress (1): 3.9 kB Progress (1)",0,HTTP_SETTINGS_FIX,,1.6.9,,,D:\Khedma\Mr wiem\mutation-test-pipeline\logs\runs\20260412T183220Z_10085184_manager\resolver\maven_AI_ONLY_focal_maven
20260412T183247Z,100874896,kcp-netty,HUMAN,focal,maven,io.jpower.kcp.netty.internal.ReItrLinkedList,io.jpower.kcp.netty.internal.ReItrLinkedListTest,3,212,37,12,163,75.510204,OK,summarize,0,,,0,NONE,io.jpower.kcp.netty.internal.ReItrLinkedList*,1.6.9,OK,D:\Khedma\Mr wiem\mutation-test-pipeline\logs\runs\20260412T183247Z_100874896_kcp-netty_HUMAN_focal_maven\04_pit.log,D:\Khedma\Mr wiem\mutation-test-pipeline\logs\runs\20260412T183247Z_100874896_kcp-netty_HUMAN_focal_maven
20260412T183322Z,100874896,kcp-netty,AI_ONLY,focal,maven,io.jpower.kcp.netty.internal.ReItrLinkedList,io.jpower.kcp.netty.internal.ReItrLinkedListAiTest,6,212,33,9,170,78.571429,OK,summarize,0,,,0,NONE,io.jpower.kcp.netty.internal.ReItrLinkedList*,1.6.9,OK,D:\Khedma\Mr wiem\mutation-test-pipeline\logs\runs\20260412T183322Z_100874896_kcp-netty_AI_ONLY_focal_maven\04_pit.log,D:\Khedma\Mr wiem\mutation-test-pipeline\logs\runs\20260412T183322Z_100874896_kcp-netty_AI_ONLY_focal_maven
statemachine,100928537,AVARE-Box-Project/AvareBox/statemachine,HUMAN,focal,maven,de.fzi.zielke.statemachine.StateMachine,de.fzi.zielke.statemachine.StateMachineTest,,,,,,,FAIL,compile,1,OTHER,"Command '['mvn.cmd', '-s', 'D:\\Khedma\\Mr wiem\\mutation-test-pipeline\\.mvn\\settings.xml', '-DskipTests', 'compile']' returned non-zero exit status 1.: [INFO] Scanning for projects... [INFO] ------------------------------------------------------------------------ [INFO] BUILD FAILURE [INFO] ------------------------------------------------------------------------ [INFO] Total time: 0.064 s [INFO",0,NONE,,1.6.9,,,D:\Khedma\Mr wiem\mutation-test-pipeline\logs\runs\20260412T183402Z_100928537_AVARE-Box-Project\AvareBox\statemachine_HUMAN_focal_maven
statemachine,100928537,AVARE-Box-Project/AvareBox/statemachine,AI_ONLY,focal,maven,de.fzi.zielke.statemachine.StateMachine,,,,,,,,FAIL,clone,1,FILE_NOT_FOUND,Generated AI test has no public class declaration: D:\Khedma\Mr wiem\mutation-test-pipeline\experiments\generated_tests\100928537_0_GeneratedTest.java,0,NONE,,1.6.9,,,D:\Khedma\Mr wiem\mutation-test-pipeline\logs\runs\20260412T183406Z_100928537_AVARE-Box-Project\AvareBox\statemachine_AI_ONLY_focal_maven
20260412T183423Z,100955538,gru,HUMAN,focal,maven,,,,,,,,,FAIL,clone,1,MODULE_MISSING,Module directory does not exist: D:\Khedma\Mr wiem\mutation-test-pipeline\target-repos\100955538\gru,0,NONE,,1.6.9,,,D:\Khedma\Mr wiem\mutation-test-pipeline\logs\runs\20260412T183423Z_100955538_gru_HUMAN_focal_maven
20260412T183424Z,100955538,gru,AI_ONLY,focal,maven,,,,,,,,,FAIL,clone,1,MODULE_MISSING,Module directory does not exist: D:\Khedma\Mr wiem\mutation-test-pipeline\target-repos\100955538\gru,0,NONE,,1.6.9,,,D:\Khedma\Mr wiem\mutation-test-pipeline\logs\runs\20260412T183424Z_100955538_gru_AI_ONLY_focal_maven
20260412T183444Z,101035547,hamming-error-correction,HUMAN,focal,maven,com.pivovarit.hamming.vavr.VavrHammingEncoder,com.pivovarit.hamming.vavr.VavrHammingEncoderTest,,,,,,,FAIL,pit,1,PIT_ERROR,"Command '['java', '-cp', 'C:\\Users\\Aymen Masmoudi\\.m2\\repository\\org\\pitest\\pitest-command-line\\1.6.9\\pitest-command-line-1.6.9.jar;C:\\Users\\Aymen Masmoudi\\.m2\\repository\\org\\pitest\\pitest-entry\\1.6.9\\pitest-entry-1.6.9.jar;C:\\Users\\Aymen Masmoudi\\.m2\\repository\\org\\pitest\\pitest\\1.6.9\\pitest-1.6.9.jar;C:\\Users\\Aymen Masmoudi\\.m2\\repository\\io\\vavr\\vavr-match\\1.0",0,NONE,com.pivovarit.hamming.vavr.VavrHammingEncoder*,1.6.9,FAIL,D:\Khedma\Mr wiem\mutation-test-pipeline\logs\runs\20260412T183444Z_101035547_hamming-error-correction_HUMAN_focal_maven\04_pit.log,D:\Khedma\Mr wiem\mutation-test-pipeline\logs\runs\20260412T183444Z_101035547_hamming-error-correction_HUMAN_focal_maven
20260412T183523Z,101035547,hamming-error-correction,AI_ONLY,focal,maven,com.pivovarit.hamming.vavr.VavrHammingEncoder,,,,,,,,FAIL,clone,1,FILE_NOT_FOUND,Generated AI test has no public class declaration: D:\Khedma\Mr wiem\mutation-test-pipeline\experiments\generated_tests\101035547_0_GeneratedTest.java,0,NONE,,1.6.9,,,D:\Khedma\Mr wiem\mutation-test-pipeline\logs\runs\20260412T183523Z_101035547_hamming-error-correction_AI_ONLY_focal_maven
20260412T183547Z,101047757,momentum-model,HUMAN,focal,maven,tum.cms.sim.momentum.model.layout.graph.raw.FromConfigurationOperation,tum.cms.sim.momentum.model.layout.graph.raw.FromConfigurationOperationTest,,,,,,,FAIL,compile,1,HTTP_BLOCKER,"Command '['mvn.cmd', '-s', 'D:\\Khedma\\Mr wiem\\mutation-test-pipeline\\.mvn\\settings.xml', '-DskipTests', 'compile']' returned non-zero exit status 1.: [INFO] Scanning for projects... [INFO] [INFO] ----------------< tum.cms.sim.momentum:momentum-model >----------------- [INFO] Building momentum-model 2.0.2 [INFO] from pom.xml [INFO] --------------------------------[ jar ]-----------------------",0,NONE,,1.6.9,,,D:\Khedma\Mr wiem\mutation-test-pipeline\logs\runs\20260412T183547Z_101047757_momentum-model_HUMAN_focal_maven
20260412T183555Z,101047757,momentum-model,HUMAN,focal,maven,tum.cms.sim.momentum.model.layout.graph.raw.FromConfigurationOperation,tum.cms.sim.momentum.model.layout.graph.raw.FromConfigurationOperationTest,,,,,,,FAIL,compile,1,DEP_RESOLUTION,"Command '['mvn.cmd', '-U', '-s', 'D:\\Khedma\\Mr wiem\\mutation-test-pipeline\\target-repos\\101047757\\.mvn\\settings.xml', '-DskipTests', 'compile']' returned non-zero exit status 1.: [INFO] Scanning for projects... [INFO] [INFO] ----------------< tum.cms.sim.momentum:momentum-model >----------------- [INFO] Building momentum-model 2.0.2 [INFO] from pom.xml [INFO] -------------------------------",1,HTTP_SETTINGS_FIX,,1.6.9,,,D:\Khedma\Mr wiem\mutation-test-pipeline\logs\runs\20260412T183555Z_101047757_momentum-model_HUMAN_focal_maven
20260412T183616Z,101047757,momentum-model,AI_ONLY,focal,maven,tum.cms.sim.momentum.model.layout.graph.raw.FromConfigurationOperation,tum.cms.sim.momentum.model.layout.graph.raw.FromConfigurationOperationAiTest,,,,,,,FAIL,compile,1,HTTP_BLOCKER,"Command '['mvn.cmd', '-s', 'D:\\Khedma\\Mr wiem\\mutation-test-pipeline\\.mvn\\settings.xml', '-DskipTests', 'compile']' returned non-zero exit status 1.: [INFO] Scanning for projects... [INFO] [INFO] ----------------< tum.cms.sim.momentum:momentum-model >----------------- [INFO] Building momentum-model 2.0.2 [INFO] from pom.xml [INFO] --------------------------------[ jar ]-----------------------",0,NONE,,1.6.9,,,D:\Khedma\Mr wiem\mutation-test-pipeline\logs\runs\20260412T183616Z_101047757_momentum-model_AI_ONLY_focal_maven
20260412T183624Z,101047757,momentum-model,AI_ONLY,focal,maven,tum.cms.sim.momentum.model.layout.graph.raw.FromConfigurationOperation,tum.cms.sim.momentum.model.layout.graph.raw.FromConfigurationOperationAiTest,,,,,,,FAIL,compile,1,DEP_RESOLUTION,"Command '['mvn.cmd', '-U', '-s', 'D:\\Khedma\\Mr wiem\\mutation-test-pipeline\\target-repos\\101047757\\.mvn\\settings.xml', '-DskipTests', 'compile']' returned non-zero exit status 1.: [INFO] Scanning for projects... [INFO] [INFO] ----------------< tum.cms.sim.momentum:momentum-model >----------------- [INFO] Building momentum-model 2.0.2 [INFO] from pom.xml [INFO] -------------------------------",0,HTTP_SETTINGS_FIX,,1.6.9,,,D:\Khedma\Mr wiem\mutation-test-pipeline\logs\runs\20260412T183624Z_101047757_momentum-model_AI_ONLY_focal_maven
20260412T183655Z,101086314,lib,HUMAN,focal,maven,org.openapitools.openapistylevalidator.OpenApiSpecStyleValidator,org.openapitools.openapistylevalidator.OpenApiSpecStyleValidatorTest,,,,,,,FAIL,compile,1,OTHER,"Command '['mvn.cmd', '-s', 'D:\\Khedma\\Mr wiem\\mutation-test-pipeline\\.mvn\\settings.xml', '-DskipTests', 'compile']' returned non-zero exit status 1.: [INFO] Scanning for projects... [INFO] ------------------------------------------------------------------------ [INFO] BUILD FAILURE [INFO] ------------------------------------------------------------------------ [INFO] Total time: 0.059 s [INFO",0,NONE,,1.6.9,,,D:\Khedma\Mr wiem\mutation-test-pipeline\logs\runs\20260412T183655Z_101086314_lib_HUMAN_focal_maven
20260412T183658Z,101086314,lib,AI_ONLY,focal,maven,org.openapitools.openapistylevalidator.OpenApiSpecStyleValidator,org.openapitools.openapistylevalidator.OpenApiSpecStyleValidatorAiTest,,,,,,,FAIL,compile,1,OTHER,"Command '['mvn.cmd', '-s', 'D:\\Khedma\\Mr wiem\\mutation-test-pipeline\\.mvn\\settings.xml', '-DskipTests', 'compile']' returned non-zero exit status 1.: [INFO] Scanning for projects... [INFO] ------------------------------------------------------------------------ [INFO] BUILD FAILURE [INFO] ------------------------------------------------------------------------ [INFO] Total time: 0.062 s [INFO",0,NONE,,1.6.9,,,D:\Khedma\Mr wiem\mutation-test-pipeline\logs\runs\20260412T183658Z_101086314_lib_AI_ONLY_focal_maven
20260412T183721Z,10113030,library,HUMAN,focal,maven,com.google.maps.android.data.kml.KmlContainerParser,com.google.maps.android.data.kml.KmlContainerParserTest,,,,,,,FAIL,compile,1,OTHER,"Command '['mvn.cmd', '-s', 'D:\\Khedma\\Mr wiem\\mutation-test-pipeline\\.mvn\\settings.xml', '-DskipTests', 'compile']' returned non-zero exit status 1.: [INFO] Scanning for projects... [INFO] ------------------------------------------------------------------------ [INFO] BUILD FAILURE [INFO] ------------------------------------------------------------------------ [INFO] Total time: 0.060 s [INFO",0,NONE,,1.6.9,,,D:\Khedma\Mr wiem\mutation-test-pipeline\logs\runs\20260412T183721Z_10113030_library_HUMAN_focal_maven
20260412T183725Z,10113030,library,AI_ONLY,focal,maven,com.google.maps.android.data.kml.KmlContainerParser,com.google.maps.android.data.kml.KmlContainerParserAiTest,,,,,,,FAIL,compile,1,OTHER,"Command '['mvn.cmd', '-s', 'D:\\Khedma\\Mr wiem\\mutation-test-pipeline\\.mvn\\settings.xml', '-DskipTests', 'compile']' returned non-zero exit status 1.: [INFO] Scanning for projects... [INFO] ------------------------------------------------------------------------ [INFO] BUILD FAILURE [INFO] ------------------------------------------------------------------------ [INFO] Total time: 0.060 s [INFO",0,NONE,,1.6.9,,,D:\Khedma\Mr wiem\mutation-test-pipeline\logs\runs\20260412T183725Z_10113030_library_AI_ONLY_focal_maven
20260412T183747Z,1011634,Exercice-4,HUMAN,focal,maven,ch.genevajug.crappy.sampleservice.impl.SampleServiceImpl,ch.genevajug.crappy.sampleservice.impl.SampleServiceImplTest,,,,,,,FAIL,test,1,TEST_FAILURE,"Command '['mvn.cmd', '-s', 'D:\\Khedma\\Mr wiem\\mutation-test-pipeline\\.mvn\\settings.xml', '-Dtest=ch.genevajug.crappy.sampleservice.impl.SampleServiceImplTest', 'test']' returned non-zero exit status 1.: [INFO] Scanning for projects... [INFO] [INFO] --------------------< LegacyMocking:LegacyMocking >--------------------- [INFO] Building LegacyMocking 1.0-SNAPSHOT [INFO] from pom.xml [INFO] ---",0,NONE,,1.6.9,,,D:\Khedma\Mr wiem\mutation-test-pipeline\logs\runs\20260412T183747Z_1011634_Exercice-4_HUMAN_focal_maven
20260412T183800Z,1011634,Exercice-4,AI_ONLY,focal,maven,ch.genevajug.crappy.sampleservice.impl.SampleServiceImpl,,,,,,,,FAIL,clone,1,FILE_NOT_FOUND,Generated AI test has no public class declaration: D:\Khedma\Mr wiem\mutation-test-pipeline\experiments\generated_tests\1011634_2_GeneratedTest.java,0,NONE,,1.6.9,,,D:\Khedma\Mr wiem\mutation-test-pipeline\logs\runs\20260412T183800Z_1011634_Exercice-4_AI_ONLY_focal_maven
vcs-log-impl,10116915,modules/base/vcs-log-impl,HUMAN,focal,maven,,,,,,,,,FAIL,clone,1,MODULE_MISSING,Module directory does not exist: D:\Khedma\Mr wiem\mutation-test-pipeline\target-repos\10116915\modules\base\vcs-log-impl,0,NONE,,1.6.9,,,D:\Khedma\Mr wiem\mutation-test-pipeline\logs\runs\20260412T183836Z_10116915_modules\base\vcs-log-impl_HUMAN_focal_maven
vcs-log-impl,10116915,modules/base/vcs-log-impl,AI_ONLY,focal,maven,,,,,,,,,FAIL,clone,1,MODULE_MISSING,Module directory does not exist: D:\Khedma\Mr wiem\mutation-test-pipeline\target-repos\10116915\modules\base\vcs-log-impl,0,NONE,,1.6.9,,,D:\Khedma\Mr wiem\mutation-test-pipeline\logs\runs\20260412T183838Z_10116915_modules\base\vcs-log-impl_AI_ONLY_focal_maven
20260412T183859Z,101179084,rxfilesdownloader,HUMAN,focal,maven,com.oussaki.rxfilesdownloader.RxDownloader,com.oussaki.rxfilesdownloader.RxDownloaderTest,,,,,,,FAIL,compile,1,OTHER,"Command '['mvn.cmd', '-s', 'D:\\Khedma\\Mr wiem\\mutation-test-pipeline\\.mvn\\settings.xml', '-DskipTests', 'compile']' returned non-zero exit status 1.: [INFO] Scanning for projects... [INFO] ------------------------------------------------------------------------ [INFO] BUILD FAILURE [INFO] ------------------------------------------------------------------------ [INFO] Total time: 0.055 s [INFO",0,NONE,,1.6.9,,,D:\Khedma\Mr wiem\mutation-test-pipeline\logs\runs\20260412T183859Z_101179084_rxfilesdownloader_HUMAN_focal_maven
20260412T183902Z,101179084,rxfilesdownloader,AI_ONLY,focal,maven,com.oussaki.rxfilesdownloader.RxDownloader,com.oussaki.rxfilesdownloader.RxDownloaderAiTest,,,,,,,FAIL,compile,1,OTHER,"Command '['mvn.cmd', '-s', 'D:\\Khedma\\Mr wiem\\mutation-test-pipeline\\.mvn\\settings.xml', '-DskipTests', 'compile']' returned non-zero exit status 1.: [INFO] Scanning for projects... [INFO] ------------------------------------------------------------------------ [INFO] BUILD FAILURE [INFO] ------------------------------------------------------------------------ [INFO] Total time: 0.063 s [INFO",0,NONE,,1.6.9,,,D:\Khedma\Mr wiem\mutation-test-pipeline\logs\runs\20260412T183902Z_101179084_rxfilesdownloader_AI_ONLY_focal_maven
20260412T183925Z,101184471,source,HUMAN,focal,maven,com.thangbui.consoledrawing.command.CommandFactory,com.thangbui.consoledrawing.command.CommandFactoryTest,,,,,,,FAIL,test,1,OTHER,"Command '['mvn.cmd', '-s', 'D:\\Khedma\\Mr wiem\\mutation-test-pipeline\\.mvn\\settings.xml', '-Dtest=com.thangbui.consoledrawing.command.CommandFactoryTest', 'test']' returned non-zero exit status 1.: [INFO] Scanning for projects... [INFO] [INFO] -----------------< com.credit-suisse:console-drawing >------------------ [INFO] Building console-drawing 1.0 [INFO] from pom.xml [INFO] ----------------",0,NONE,,1.6.9,,,D:\Khedma\Mr wiem\mutation-test-pipeline\logs\runs\20260412T183925Z_101184471_source_HUMAN_focal_maven
20260412T183935Z,101184471,source,AI_ONLY,focal,maven,com.thangbui.consoledrawing.command.CommandFactory,,,,,,,,FAIL,clone,1,FILE_NOT_FOUND,Generated AI test has no public class declaration: D:\Khedma\Mr wiem\mutation-test-pipeline\experiments\generated_tests\101184471_10_GeneratedTest.java,0,NONE,,1.6.9,,,D:\Khedma\Mr wiem\mutation-test-pipeline\logs\runs\20260412T183935Z_101184471_source_AI_ONLY_focal_maven
20260412T183955Z,101228354,api,HUMAN,focal,maven,com.ldtteam.blockout.binding.dependency.injection.DependencyObjectInjector,com.ldtteam.blockout.binding.dependency.injection.DependencyObjectInjectorTest,,,,,,,FAIL,compile,1,OTHER,"Command '['mvn.cmd', '-s', 'D:\\Khedma\\Mr wiem\\mutation-test-pipeline\\.mvn\\settings.xml', '-DskipTests', 'compile']' returned non-zero exit status 1.: [INFO] Scanning for projects... [INFO] ------------------------------------------------------------------------ [INFO] BUILD FAILURE [INFO] ------------------------------------------------------------------------ [INFO] Total time: 0.062 s [INFO",0,NONE,,1.6.9,,,D:\Khedma\Mr wiem\mutation-test-pipeline\logs\runs\20260412T183955Z_101228354_api_HUMAN_focal_maven
20260412T183959Z,101228354,api,AI_ONLY,focal,maven,com.ldtteam.blockout.binding.dependency.injection.DependencyObjectInjector,,,,,,,,FAIL,clone,1,FILE_NOT_FOUND,Generated AI test has no public class declaration: D:\Khedma\Mr wiem\mutation-test-pipeline\experiments\generated_tests\101228354_11_GeneratedTest.java,0,NONE,,1.6.9,,,D:\Khedma\Mr wiem\mutation-test-pipeline\logs\runs\20260412T183959Z_101228354_api_AI_ONLY_focal_maven
20260412T184018Z,101231823,iextrading4j-hist-api,HUMAN,focal,maven,pl.zankowski.iextrading4j.hist.api.field.IEXPrice,pl.zankowski.iextrading4j.hist.api.field.IEXPriceTest,,,,,,,FAIL,pit,1,PIT_ERROR,"Command '['java', '-cp', 'C:\\Users\\Aymen Masmoudi\\.m2\\repository\\org\\pitest\\pitest-command-line\\1.6.9\\pitest-command-line-1.6.9.jar;C:\\Users\\Aymen Masmoudi\\.m2\\repository\\org\\pitest\\pitest-entry\\1.6.9\\pitest-entry-1.6.9.jar;C:\\Users\\Aymen Masmoudi\\.m2\\repository\\org\\pitest\\pitest\\1.6.9\\pitest-1.6.9.jar;C:\\Users\\Aymen Masmoudi\\.m2\\repository\\com\\fasterxml\\jackson\\",0,NONE,pl.zankowski.iextrading4j.hist.api.field.IEXPrice*,1.6.9,FAIL,D:\Khedma\Mr wiem\mutation-test-pipeline\logs\runs\20260412T184018Z_101231823_iextrading4j-hist-api_HUMAN_focal_maven\04_pit.log,D:\Khedma\Mr wiem\mutation-test-pipeline\logs\runs\20260412T184018Z_101231823_iextrading4j-hist-api_HUMAN_focal_maven
20260412T184046Z,101231823,iextrading4j-hist-api,AI_ONLY,focal,maven,pl.zankowski.iextrading4j.hist.api.field.IEXPrice,,,,,,,,FAIL,clone,1,FILE_NOT_FOUND,Generated AI test has no public class declaration: D:\Khedma\Mr wiem\mutation-test-pipeline\experiments\generated_tests\101231823_8_GeneratedTest.java,0,NONE,,1.6.9,,,D:\Khedma\Mr wiem\mutation-test-pipeline\logs\runs\20260412T184046Z_101231823_iextrading4j-hist-api_AI_ONLY_focal_maven
20260412T184104Z,101264180,rest-example-master,HUMAN,focal,maven,pl.finsys.example.service.BookServiceImpl,pl.finsys.example.service.BookServiceImplTest,,,,,,,FAIL,test,1,COMPILATION,"Command '['mvn.cmd', '-s', 'D:\\Khedma\\Mr wiem\\mutation-test-pipeline\\.mvn\\settings.xml', '-Dtest=pl.finsys.example.service.BookServiceImplTest', 'test']' returned non-zero exit status 1.: [INFO] Scanning for projects... [WARNING] [WARNING] Some problems were encountered while building the effective model for pl.finsys:rest-example:jar:0.1.0 [WARNING] 'dependencies.dependency.(groupId:artifact",0,NONE,,1.6.9,,,D:\Khedma\Mr wiem\mutation-test-pipeline\logs\runs\20260412T184104Z_101264180_rest-example-master_HUMAN_focal_maven
20260412T184134Z,101264180,rest-example-master,AI_ONLY,focal,maven,pl.finsys.example.service.BookServiceImpl,pl.finsys.example.service.BookServiceImplAiTest,,,,,,,FAIL,test,1,COMPILATION,"Command '['mvn.cmd', '-s', 'D:\\Khedma\\Mr wiem\\mutation-test-pipeline\\.mvn\\settings.xml', '-Dtest=pl.finsys.example.service.BookServiceImplAiTest', 'test']' returned non-zero exit status 1.: [INFO] Scanning for projects... [WARNING] [WARNING] Some problems were encountered while building the effective model for pl.finsys:rest-example:jar:0.1.0 [WARNING] 'dependencies.dependency.(groupId:artifa",0,NONE,,1.6.9,,,D:\Khedma\Mr wiem\mutation-test-pipeline\logs\runs\20260412T184134Z_101264180_rest-example-master_AI_ONLY_focal_maven
20260412T184204Z,101264271,app,HUMAN,focal,maven,com.karrel.bluetoothsample.presenter.DeviceListPresenterImpl,com.karrel.bluetoothsample.presenter.DeviceListPresenterImplTest,,,,,,,FAIL,compile,1,OTHER,"Command '['mvn.cmd', '-s', 'D:\\Khedma\\Mr wiem\\mutation-test-pipeline\\.mvn\\settings.xml', '-DskipTests', 'compile']' returned non-zero exit status 1.: [INFO] Scanning for projects... [INFO] ------------------------------------------------------------------------ [INFO] BUILD FAILURE [INFO] ------------------------------------------------------------------------ [INFO] Total time: 0.062 s [INFO",0,NONE,,1.6.9,,,D:\Khedma\Mr wiem\mutation-test-pipeline\logs\runs\20260412T184204Z_101264271_app_HUMAN_focal_maven
20260412T184207Z,101264271,app,AI_ONLY,focal,maven,com.karrel.bluetoothsample.presenter.DeviceListPresenterImpl,com.karrel.bluetoothsample.presenter.DeviceListPresenterImplAiTest,,,,,,,FAIL,compile,1,OTHER,"Command '['mvn.cmd', '-s', 'D:\\Khedma\\Mr wiem\\mutation-test-pipeline\\.mvn\\settings.xml', '-DskipTests', 'compile']' returned non-zero exit status 1.: [INFO] Scanning for projects... [INFO] ------------------------------------------------------------------------ [INFO] BUILD FAILURE [INFO] ------------------------------------------------------------------------ [INFO] Total time: 0.065 s [INFO",0,NONE,,1.6.9,,,D:\Khedma\Mr wiem\mutation-test-pipeline\logs\runs\20260412T184207Z_101264271_app_AI_ONLY_focal_maven
20260412T184230Z,101380382,endpoint2mock2,HUMAN,focal,maven,com.car2go.endpoint2mock2.Registry,com.car2go.endpoint2mock2.RegistryTest,,,,,,,FAIL,compile,1,OTHER,"Command '['mvn.cmd', '-s', 'D:\\Khedma\\Mr wiem\\mutation-test-pipeline\\.mvn\\settings.xml', '-DskipTests', 'compile']' returned non-zero exit status 1.: [INFO] Scanning for projects... [INFO] ------------------------------------------------------------------------ [INFO] BUILD FAILURE [INFO] ------------------------------------------------------------------------ [INFO] Total time: 0.061 s [INFO",0,NONE,,1.6.9,,,D:\Khedma\Mr wiem\mutation-test-pipeline\logs\runs\20260412T184230Z_101380382_endpoint2mock2_HUMAN_focal_maven
20260412T184233Z,101380382,endpoint2mock2,AI_ONLY,focal,maven,com.car2go.endpoint2mock2.Registry,com.car2go.endpoint2mock2.RegistryAiTest,,,,,,,FAIL,compile,1,OTHER,"Command '['mvn.cmd', '-s', 'D:\\Khedma\\Mr wiem\\mutation-test-pipeline\\.mvn\\settings.xml', '-DskipTests', 'compile']' returned non-zero exit status 1.: [INFO] Scanning for projects... [INFO] ------------------------------------------------------------------------ [INFO] BUILD FAILURE [INFO] ------------------------------------------------------------------------ [INFO] Total time: 0.057 s [INFO",0,NONE,,1.6.9,,,D:\Khedma\Mr wiem\mutation-test-pipeline\logs\runs\20260412T184233Z_101380382_endpoint2mock2_AI_ONLY_focal_maven
20260412T184258Z,101401522,iextrading4j-book-api,HUMAN,focal,maven,pl.zankowski.iextrading4j.book.api.PriceLevel,pl.zankowski.iextrading4j.book.api.PriceLevelTest,,,,,,,FAIL,test,1,COMPILATION,"Command '['mvn.cmd', '-s', 'D:\\Khedma\\Mr wiem\\mutation-test-pipeline\\.mvn\\settings.xml', '-Dtest=pl.zankowski.iextrading4j.book.api.PriceLevelTest', 'test']' returned non-zero exit status 1.: [INFO] Scanning for projects... [INFO] [INFO] -----------------< pl.zankowski:iextrading4j-book-api >----------------- [INFO] Building iextrading4j-book-api 1.1.0-SNAPSHOT [INFO] from pom.xml [INFO] ----",0,NONE,,1.6.9,,,D:\Khedma\Mr wiem\mutation-test-pipeline\logs\runs\20260412T184258Z_101401522_iextrading4j-book-api_HUMAN_focal_maven
20260412T184309Z,101401522,iextrading4j-book-api,AI_ONLY,focal,maven,pl.zankowski.iextrading4j.book.api.PriceLevel,,,,,,,,FAIL,clone,1,FILE_NOT_FOUND,Generated AI test has no public class declaration: D:\Khedma\Mr wiem\mutation-test-pipeline\experiments\generated_tests\101401522_2_GeneratedTest.java,0,NONE,,1.6.9,,,D:\Khedma\Mr wiem\mutation-test-pipeline\logs\runs\20260412T184309Z_101401522_iextrading4j-book-api_AI_ONLY_focal_maven
DDR,101408117,debugtools/DDR_VM,HUMAN,focal,maven,,,,,,,,,FAIL,clone,1,OTHER,Could not derive class name from path: debugtools/DDR_VM/src/com/ibm/j9ddr/corereaders/memory/AbstractMemory.java,0,NONE,,1.6.9,,,D:\Khedma\Mr wiem\mutation-test-pipeline\logs\runs\20260412T184338Z_101408117_debugtools\DDR_VM_HUMAN_focal_maven
DDR,101408117,debugtools/DDR_VM,AI_ONLY,focal,maven,,,,,,,,,FAIL,clone,1,OTHER,Could not derive class name from path: debugtools/DDR_VM/src/com/ibm/j9ddr/corereaders/memory/AbstractMemory.java,0,NONE,,1.6.9,,,D:\Khedma\Mr wiem\mutation-test-pipeline\logs\runs\20260412T184339Z_101408117_debugtools\DDR_VM_AI_ONLY_focal_maven
20260412T184400Z,101422199,jfleet-core,HUMAN,focal,maven,org.jfleet.inspection.FieldTypeInspector,org.jfleet.inspection.FieldTypeInspectorTest,,,,,,,FAIL,compile,1,OTHER,"Command '['mvn.cmd', '-s', 'D:\\Khedma\\Mr wiem\\mutation-test-pipeline\\.mvn\\settings.xml', '-DskipTests', 'compile']' returned non-zero exit status 1.: [INFO] Scanning for projects... [INFO] ------------------------------------------------------------------------ [INFO] BUILD FAILURE [INFO] ------------------------------------------------------------------------ [INFO] Total time: 0.057 s [INFO",0,NONE,,1.6.9,,,D:\Khedma\Mr wiem\mutation-test-pipeline\logs\runs\20260412T184400Z_101422199_jfleet-core_HUMAN_focal_maven
20260412T184403Z,101422199,jfleet-core,AI_ONLY,focal,maven,org.jfleet.inspection.FieldTypeInspector,,,,,,,,FAIL,clone,1,FILE_NOT_FOUND,Generated AI test has no public class declaration: D:\Khedma\Mr wiem\mutation-test-pipeline\experiments\generated_tests\101422199_41_GeneratedTest.java,0,NONE,,1.6.9,,,D:\Khedma\Mr wiem\mutation-test-pipeline\logs\runs\20260412T184403Z_101422199_jfleet-core_AI_ONLY_focal_maven
20260412T184422Z,101436299,lambdora-common,HUMAN,focal,maven,org.fcrepo.lambdora.common.utils.UriUtils,org.fcrepo.lambdora.common.utils.UriUtilsTest,,,,,,,FAIL,compile,1,OTHER,"Command '['mvn.cmd', '-s', 'D:\\Khedma\\Mr wiem\\mutation-test-pipeline\\.mvn\\settings.xml', '-DskipTests', 'compile']' returned non-zero exit status 1.: [INFO] Scanning for projects... [INFO] ------------------------------------------------------------------------ [INFO] BUILD FAILURE [INFO] ------------------------------------------------------------------------ [INFO] Total time: 0.061 s [INFO",0,NONE,,1.6.9,,,D:\Khedma\Mr wiem\mutation-test-pipeline\logs\runs\20260412T184422Z_101436299_lambdora-common_HUMAN_focal_maven
20260412T184426Z,101436299,lambdora-common,AI_ONLY,focal,maven,org.fcrepo.lambdora.common.utils.UriUtils,org.fcrepo.lambdora.common.utils.UriUtilsAiTest,,,,,,,FAIL,compile,1,OTHER,"Command '['mvn.cmd', '-s', 'D:\\Khedma\\Mr wiem\\mutation-test-pipeline\\.mvn\\settings.xml', '-DskipTests', 'compile']' returned non-zero exit status 1.: [INFO] Scanning for projects... [INFO] ------------------------------------------------------------------------ [INFO] BUILD FAILURE [INFO] ------------------------------------------------------------------------ [INFO] Total time: 0.061 s [INFO",0,NONE,,1.6.9,,,D:\Khedma\Mr wiem\mutation-test-pipeline\logs\runs\20260412T184426Z_101436299_lambdora-common_AI_ONLY_focal_maven
20260412T184448Z,10144081,easy-random-core,HUMAN,focal,maven,,,,,,,,,FAIL,clone,1,MODULE_MISSING,Module directory does not exist: D:\Khedma\Mr wiem\mutation-test-pipeline\target-repos\10144081\easy-random-core,0,NONE,,1.6.9,,,D:\Khedma\Mr wiem\mutation-test-pipeline\logs\runs\20260412T184448Z_10144081_easy-random-core_HUMAN_focal_maven
20260412T184449Z,10144081,easy-random-core,AI_ONLY,focal,maven,,,,,,,,,FAIL,clone,1,MODULE_MISSING,Module directory does not exist: D:\Khedma\Mr wiem\mutation-test-pipeline\target-repos\10144081\easy-random-core,0,NONE,,1.6.9,,,D:\Khedma\Mr wiem\mutation-test-pipeline\logs\runs\20260412T184449Z_10144081_easy-random-core_AI_ONLY_focal_maven
20260412T184509Z,1014623,common,HUMAN,focal,maven,com.rhymestore.store.RedisStore,com.rhymestore.store.RedisStoreTest,,,,,,,FAIL,compile,1,COMPILATION,"Command '['mvn.cmd', '-s', 'D:\\Khedma\\Mr wiem\\mutation-test-pipeline\\.mvn\\settings.xml', '-DskipTests', 'compile']' returned non-zero exit status 1.: [INFO] Scanning for projects... [WARNING] [WARNING] Some problems were encountered while building the effective model for com.rhymestore:rhymestore-common:jar:2.0-SNAPSHOT [WARNING] 'build.plugins.plugin.version' for org.apache.maven.plugins:mav",0,NONE,,1.6.9,,,D:\Khedma\Mr wiem\mutation-test-pipeline\logs\runs\20260412T184509Z_1014623_common_HUMAN_focal_maven
20260412T184515Z,1014623,common,AI_ONLY,focal,maven,com.rhymestore.store.RedisStore,com.rhymestore.store.RedisStoreAiTest,,,,,,,FAIL,compile,1,COMPILATION,"Command '['mvn.cmd', '-s', 'D:\\Khedma\\Mr wiem\\mutation-test-pipeline\\.mvn\\settings.xml', '-DskipTests', 'compile']' returned non-zero exit status 1.: [INFO] Scanning for projects... [WARNING] [WARNING] Some problems were encountered while building the effective model for com.rhymestore:rhymestore-common:jar:2.0-SNAPSHOT [WARNING] 'build.plugins.plugin.version' for org.apache.maven.plugins:mav",0,NONE,,1.6.9,,,D:\Khedma\Mr wiem\mutation-test-pipeline\logs\runs\20260412T184515Z_1014623_common_AI_ONLY_focal_maven
20260412T184553Z,101466853,vcell-server,HUMAN,focal,maven,cbit.vcell.message.server.dispatcher.BatchScheduler,cbit.vcell.message.server.dispatcher.BatchSchedulerTest,,,,,,,FAIL,compile,1,DEP_RESOLUTION,"Command '['mvn.cmd', '-s', 'D:\\Khedma\\Mr wiem\\mutation-test-pipeline\\.mvn\\settings.xml', '-DskipTests', 'compile']' returned non-zero exit status 1.: [INFO] Scanning for projects... [INFO] [INFO] -----------------------< org.vcell:vcell-server >----------------------- [INFO] Building vcell-server 0.0.1-SNAPSHOT [INFO] from pom.xml [INFO] --------------------------------[ jar ]----------------",0,NONE,,1.6.9,,,D:\Khedma\Mr wiem\mutation-test-pipeline\logs\runs\20260412T184553Z_101466853_vcell-server_HUMAN_focal_maven
20260412T184647Z,101466853,vcell-server,AI_ONLY,focal,maven,cbit.vcell.message.server.dispatcher.BatchScheduler,,,,,,,,FAIL,clone,1,FILE_NOT_FOUND,Generated AI test has no public class declaration: D:\Khedma\Mr wiem\mutation-test-pipeline\experiments\generated_tests\101466853_0_GeneratedTest.java,0,NONE,,1.6.9,,,D:\Khedma\Mr wiem\mutation-test-pipeline\logs\runs\20260412T184647Z_101466853_vcell-server_AI_ONLY_focal_maven
20260412T184706Z,101477481,streaming-sparql,HUMAN,focal,maven,com.weblyzard.sparql.tsv.TsvParser,com.weblyzard.sparql.tsv.TsvParserTest,,,,,,,FAIL,compile,1,HTTP_BLOCKER,"Command '['mvn.cmd', '-s', 'D:\\Khedma\\Mr wiem\\mutation-test-pipeline\\.mvn\\settings.xml', '-DskipTests', 'compile']' returned non-zero exit status 1.: [INFO] Scanning for projects... Downloading from central: https://repo1.maven.org/maven2/org/apache/maven/wagon/wagon-webdav-jackrabbit/2.4/wagon-webdav-jackrabbit-2.4.pom Progress (1): 801 B Progress (1): 1.8 kB Progress (1): 4.4 kB Progress (1",0,NONE,,1.6.9,,,D:\Khedma\Mr wiem\mutation-test-pipeline\logs\runs\20260412T184706Z_101477481_streaming-sparql_HUMAN_focal_maven
20260412T184721Z,101477481,streaming-sparql,HUMAN,focal,maven,com.weblyzard.sparql.tsv.TsvParser,com.weblyzard.sparql.tsv.TsvParserTest,,,,,,,FAIL,compile,1,COMPILATION,"Command '['mvn.cmd', '-U', '-s', 'D:\\Khedma\\Mr wiem\\mutation-test-pipeline\\target-repos\\101477481\\.mvn\\settings.xml', '-DskipTests', 'compile']' returned non-zero exit status 1.: [INFO] Scanning for projects... Downloading from central-https: https://repo1.maven.org/maven2/org/apache/maven/wagon/wagon-webdav-jackrabbit/2.4/wagon-webdav-jackrabbit-2.4.pom Progress (1): 801 B Progress (1): 1.",1,HTTP_SETTINGS_FIX,,1.6.9,,,D:\Khedma\Mr wiem\mutation-test-pipeline\logs\runs\20260412T184721Z_101477481_streaming-sparql_HUMAN_focal_maven
20260412T184802Z,101477481,streaming-sparql,AI_ONLY,focal,maven,com.weblyzard.sparql.tsv.TsvParser,com.weblyzard.sparql.tsv.TsvParserAiTest,,,,,,,FAIL,compile,1,HTTP_BLOCKER,"Command '['mvn.cmd', '-s', 'D:\\Khedma\\Mr wiem\\mutation-test-pipeline\\.mvn\\settings.xml', '-DskipTests', 'compile']' returned non-zero exit status 1.: [INFO] Scanning for projects... [INFO] Artifact org.apache.maven.wagon:wagon-webdav-jackrabbit:pom:2.4 is present in the local repository, but cached from a remote repository ID that is unavailable in current build context, verifying that is dow",0,NONE,,1.6.9,,,D:\Khedma\Mr wiem\mutation-test-pipeline\logs\runs\20260412T184802Z_101477481_streaming-sparql_AI_ONLY_focal_maven
20260412T184821Z,101477481,streaming-sparql,AI_ONLY,focal,maven,com.weblyzard.sparql.tsv.TsvParser,com.weblyzard.sparql.tsv.TsvParserAiTest,,,,,,,FAIL,compile,1,COMPILATION,"Command '['mvn.cmd', '-U', '-s', 'D:\\Khedma\\Mr wiem\\mutation-test-pipeline\\target-repos\\101477481\\.mvn\\settings.xml', '-DskipTests', 'compile']' returned non-zero exit status 1.: [INFO] Scanning for projects... Downloading from central-https: https://repo1.maven.org/maven2/org/apache/maven/wagon/wagon-webdav-jackrabbit/2.4/wagon-webdav-jackrabbit-2.4.pom Progress (1): 801 B Progress (1): 1.",0,HTTP_SETTINGS_FIX,,1.6.9,,,D:\Khedma\Mr wiem\mutation-test-pipeline\logs\runs\20260412T184821Z_101477481_streaming-sparql_AI_ONLY_focal_maven
20260412T184848Z,101495687,maven-osgi-targetplatform-lib,HUMAN,focal,maven,,,,,,,,,FAIL,clone,1,MODULE_MISSING,Module directory does not exist: D:\Khedma\Mr wiem\mutation-test-pipeline\target-repos\101495687\maven-osgi-targetplatform-lib,0,NONE,,1.6.9,,,D:\Khedma\Mr wiem\mutation-test-pipeline\logs\runs\20260412T184848Z_101495687_maven-osgi-targetplatform-lib_HUMAN_focal_maven
20260412T184848Z,101495687,maven-osgi-targetplatform-lib,AI_ONLY,focal,maven,,,,,,,,,FAIL,clone,1,MODULE_MISSING,Module directory does not exist: D:\Khedma\Mr wiem\mutation-test-pipeline\target-repos\101495687\maven-osgi-targetplatform-lib,0,NONE,,1.6.9,,,D:\Khedma\Mr wiem\mutation-test-pipeline\logs\runs\20260412T184848Z_101495687_maven-osgi-targetplatform-lib_AI_ONLY_focal_maven
20260412T184906Z,101559429,rxactivityresults,HUMAN,focal,maven,com.mohamadamin.rxactivityresults.ActivityResult,com.mohamadamin.rxactivityresults.ActivityResultTest,,,,,,,FAIL,compile,1,OTHER,"Command '['mvn.cmd', '-s', 'D:\\Khedma\\Mr wiem\\mutation-test-pipeline\\.mvn\\settings.xml', '-DskipTests', 'compile']' returned non-zero exit status 1.: [INFO] Scanning for projects... [INFO] ------------------------------------------------------------------------ [INFO] BUILD FAILURE [INFO] ------------------------------------------------------------------------ [INFO] Total time: 0.062 s [INFO",0,NONE,,1.6.9,,,D:\Khedma\Mr wiem\mutation-test-pipeline\logs\runs\20260412T184906Z_101559429_rxactivityresults_HUMAN_focal_maven
20260412T184910Z,101559429,rxactivityresults,AI_ONLY,focal,maven,com.mohamadamin.rxactivityresults.ActivityResult,com.mohamadamin.rxactivityresults.ActivityResultAiTest,,,,,,,FAIL,compile,1,OTHER,"Command '['mvn.cmd', '-s', 'D:\\Khedma\\Mr wiem\\mutation-test-pipeline\\.mvn\\settings.xml', '-DskipTests', 'compile']' returned non-zero exit status 1.: [INFO] Scanning for projects... [INFO] ------------------------------------------------------------------------ [INFO] BUILD FAILURE [INFO] ------------------------------------------------------------------------ [INFO] Total time: 0.064 s [INFO",0,NONE,,1.6.9,,,D:\Khedma\Mr wiem\mutation-test-pipeline\logs\runs\20260412T184910Z_101559429_rxactivityresults_AI_ONLY_focal_maven
20260412T184933Z,101634406,newrelic-api-client,HUMAN,focal,maven,com.ocadotechnology.newrelic.apiclient.internal.DefaultAlertsPoliciesApi,com.ocadotechnology.newrelic.apiclient.internal.DefaultAlertsPoliciesApiTest,,,,,,,FAIL,compile,1,OTHER,"Command '['mvn.cmd', '-s', 'D:\\Khedma\\Mr wiem\\mutation-test-pipeline\\.mvn\\settings.xml', '-DskipTests', 'compile']' returned non-zero exit status 1.: [INFO] Scanning for projects... [INFO] ------------------------------------------------------------------------ [INFO] BUILD FAILURE [INFO] ------------------------------------------------------------------------ [INFO] Total time: 0.061 s [INFO",0,NONE,,1.6.9,,,D:\Khedma\Mr wiem\mutation-test-pipeline\logs\runs\20260412T184933Z_101634406_newrelic-api-client_HUMAN_focal_maven
20260412T184937Z,101634406,newrelic-api-client,AI_ONLY,focal,maven,com.ocadotechnology.newrelic.apiclient.internal.DefaultAlertsPoliciesApi,com.ocadotechnology.newrelic.apiclient.internal.DefaultAlertsPoliciesApiAiTest,,,,,,,FAIL,compile,1,OTHER,"Command '['mvn.cmd', '-s', 'D:\\Khedma\\Mr wiem\\mutation-test-pipeline\\.mvn\\settings.xml', '-DskipTests', 'compile']' returned non-zero exit status 1.: [INFO] Scanning for projects... [INFO] ------------------------------------------------------------------------ [INFO] BUILD FAILURE [INFO] ------------------------------------------------------------------------ [INFO] Total time: 0.061 s [INFO",0,NONE,,1.6.9,,,D:\Khedma\Mr wiem\mutation-test-pipeline\logs\runs\20260412T184937Z_101634406_newrelic-api-client_AI_ONLY_focal_maven
20260412T184958Z,101637037,embedded-jms-junit,HUMAN,focal,maven,org.zapodot.junit.jms.impl.EmbeddedJmsRuleImpl,org.zapodot.junit.jms.impl.EmbeddedJmsRuleImplTest,,,,,,,FAIL,compile,1,DEP_RESOLUTION,"Command '['mvn.cmd', '-s', 'D:\\Khedma\\Mr wiem\\mutation-test-pipeline\\.mvn\\settings.xml', '-DskipTests', 'compile']' returned non-zero exit status 1.: [INFO] Scanning for projects... [INFO] [INFO] -------------------< org.zapodot:embedded-jms-junit >------------------- [INFO] Building Embedded JMS JUnit4 @Rule 0.3-SNAPSHOT [INFO] from pom.xml [INFO] --------------------------------[ jar ]-----",0,NONE,,1.6.9,,,D:\Khedma\Mr wiem\mutation-test-pipeline\logs\runs\20260412T184958Z_101637037_embedded-jms-junit_HUMAN_focal_maven
20260412T185007Z,101637037,embedded-jms-junit,AI_ONLY,focal,maven,org.zapodot.junit.jms.impl.EmbeddedJmsRuleImpl,org.zapodot.junit.jms.impl.EmbeddedJmsRuleImplAiTest,,,,,,,FAIL,compile,1,DEP_RESOLUTION,"Command '['mvn.cmd', '-s', 'D:\\Khedma\\Mr wiem\\mutation-test-pipeline\\.mvn\\settings.xml', '-DskipTests', 'compile']' returned non-zero exit status 1.: [INFO] Scanning for projects... [INFO] [INFO] -------------------< org.zapodot:embedded-jms-junit >------------------- [INFO] Building Embedded JMS JUnit4 @Rule 0.3-SNAPSHOT [INFO] from pom.xml [INFO] --------------------------------[ jar ]-----",0,NONE,,1.6.9,,,D:\Khedma\Mr wiem\mutation-test-pipeline\logs\runs\20260412T185007Z_101637037_embedded-jms-junit_AI_ONLY_focal_maven
spring-zeebe,101650961,client/spring-zeebe,HUMAN,focal,maven,,,,,,,,,FAIL,clone,1,MODULE_MISSING,Module directory does not exist: D:\Khedma\Mr wiem\mutation-test-pipeline\target-repos\101650961\client\spring-zeebe,0,NONE,,1.6.9,,,D:\Khedma\Mr wiem\mutation-test-pipeline\logs\runs\20260412T185025Z_101650961_client\spring-zeebe_HUMAN_focal_maven
spring-zeebe,101650961,client/spring-zeebe,AI_ONLY,focal,maven,,,,,,,,,FAIL,clone,1,MODULE_MISSING,Module directory does not exist: D:\Khedma\Mr wiem\mutation-test-pipeline\target-repos\101650961\client\spring-zeebe,0,NONE,,1.6.9,,,D:\Khedma\Mr wiem\mutation-test-pipeline\logs\runs\20260412T185026Z_101650961_client\spring-zeebe_AI_ONLY_focal_maven
dhc,10172073,algorithms/active/dhc,HUMAN,focal,maven,de.learnlib.algorithms.dhc.mealy.MealyDHC,,,,,,,,FAIL,clone,1,FILE_NOT_FOUND,Mapped human test class file does not exist: D:\Khedma\Mr wiem\mutation-test-pipeline\target-repos\10172073\algorithms\active\dhc\src\test\java\de\learnlib\algorithms\dhc\mealy\MealyDHCTest.java,0,NONE,,1.6.9,,,D:\Khedma\Mr wiem\mutation-test-pipeline\logs\runs\20260412T185045Z_10172073_algorithms\active\dhc_HUMAN_focal_maven
dhc,10172073,algorithms/active/dhc,AI_ONLY,focal,maven,de.learnlib.algorithms.dhc.mealy.MealyDHC,,,,,,,,FAIL,clone,1,FILE_NOT_FOUND,Mapped human test class file does not exist: D:\Khedma\Mr wiem\mutation-test-pipeline\target-repos\10172073\algorithms\active\dhc\src\test\java\de\learnlib\algorithms\dhc\mealy\MealyDHCTest.java,0,NONE,,1.6.9,,,D:\Khedma\Mr wiem\mutation-test-pipeline\logs\runs\20260412T185045Z_10172073_algorithms\active\dhc_AI_ONLY_focal_maven
20260412T185129Z,101732174,common,HUMAN,focal,maven,com.linecorp.centraldogma.internal.jsonpatch.JsonPatch,com.linecorp.centraldogma.internal.jsonpatch.JsonPatchTest,,,,,,,FAIL,compile,1,OTHER,"Command '['mvn.cmd', '-s', 'D:\\Khedma\\Mr wiem\\mutation-test-pipeline\\.mvn\\settings.xml', '-DskipTests', 'compile']' returned non-zero exit status 1.: [INFO] Scanning for projects... [INFO] ------------------------------------------------------------------------ [INFO] BUILD FAILURE [INFO] ------------------------------------------------------------------------ [INFO] Total time: 0.061 s [INFO",0,NONE,,1.6.9,,,D:\Khedma\Mr wiem\mutation-test-pipeline\logs\runs\20260412T185129Z_101732174_common_HUMAN_focal_maven
20260412T185133Z,101732174,common,AI_ONLY,focal,maven,com.linecorp.centraldogma.internal.jsonpatch.JsonPatch,,,,,,,,FAIL,clone,1,FILE_NOT_FOUND,Generated AI test has no public class declaration: D:\Khedma\Mr wiem\mutation-test-pipeline\experiments\generated_tests\101732174_11_GeneratedTest.java,0,NONE,,1.6.9,,,D:\Khedma\Mr wiem\mutation-test-pipeline\logs\runs\20260412T185133Z_101732174_common_AI_ONLY_focal_maven
moped,101735230,src/moped,HUMAN,focal,maven,core.sensors.QuickChangeFilter,core.sensors.QuickChangeFilterTest,,,,,,,FAIL,compile,1,DEP_RESOLUTION,"Command '['mvn.cmd', '-s', 'D:\\Khedma\\Mr wiem\\mutation-test-pipeline\\.mvn\\settings.xml', '-DskipTests', 'compile']' returned non-zero exit status 1.: [INFO] Scanning for projects... [INFO] [INFO] -------------------------< moppepojkar:moped >-------------------------- [INFO] Building moped 3.14 [INFO] from pom.xml [INFO] --------------------------------[ jar ]---------------------------------",0,NONE,,1.6.9,,,D:\Khedma\Mr wiem\mutation-test-pipeline\logs\runs\20260412T185156Z_101735230_src\moped_HUMAN_focal_maven
moped,101735230,src/moped,AI_ONLY,focal,maven,core.sensors.QuickChangeFilter,,,,,,,,FAIL,clone,1,FILE_NOT_FOUND,Generated AI test has no public class declaration: D:\Khedma\Mr wiem\mutation-test-pipeline\experiments\generated_tests\101735230_14_GeneratedTest.java,0,NONE,,1.6.9,,,D:\Khedma\Mr wiem\mutation-test-pipeline\logs\runs\20260412T185201Z_101735230_src\moped_AI_ONLY_focal_maven
20260412T185221Z,1017889,brix-core,HUMAN,focal,maven,org.brixcms.Path,org.brixcms.PathTest,,,,,,,FAIL,compile,1,HTTP_BLOCKER,"Command '['mvn.cmd', '-s', 'D:\\Khedma\\Mr wiem\\mutation-test-pipeline\\.mvn\\settings.xml', '-DskipTests', 'compile']' returned non-zero exit status 1.: [INFO] Scanning for projects... Downloading from central: https://repo1.maven.org/maven2/org/apache/felix/maven-bundle-plugin/5.1.2/maven-bundle-plugin-5.1.2.pom Progress (1): 788 B Progress (1): 1.6 kB Progress (1): 3.8 kB Progress (1): 6.5 kB ",0,NONE,,1.6.9,,,D:\Khedma\Mr wiem\mutation-test-pipeline\logs\runs\20260412T185221Z_1017889_brix-core_HUMAN_focal_maven
20260412T185241Z,1017889,brix-core,HUMAN,focal,maven,org.brixcms.Path,org.brixcms.PathTest,,,,,,,FAIL,compile,1,DEP_RESOLUTION,"Command '['mvn.cmd', '-U', '-s', 'D:\\Khedma\\Mr wiem\\mutation-test-pipeline\\target-repos\\1017889\\.mvn\\settings.xml', '-DskipTests', 'compile']' returned non-zero exit status 1.: [INFO] Scanning for projects... Downloading from central-https: https://repo1.maven.org/maven2/org/apache/felix/maven-bundle-plugin/5.1.2/maven-bundle-plugin-5.1.2.pom Progress (1): 788 B Progress (1): 1.6 kB Progres",1,HTTP_SETTINGS_FIX,,1.6.9,,,D:\Khedma\Mr wiem\mutation-test-pipeline\logs\runs\20260412T185241Z_1017889_brix-core_HUMAN_focal_maven
20260412T185310Z,1017889,brix-core,AI_ONLY,focal,maven,org.brixcms.Path,org.brixcms.PathAiTest,,,,,,,FAIL,compile,1,HTTP_BLOCKER,"Command '['mvn.cmd', '-s', 'D:\\Khedma\\Mr wiem\\mutation-test-pipeline\\.mvn\\settings.xml', '-DskipTests', 'compile']' returned non-zero exit status 1.: [INFO] Scanning for projects... [INFO] Artifact org.apache.felix:maven-bundle-plugin:pom:5.1.2 is present in the local repository, but cached from a remote repository ID that is unavailable in current build context, verifying that is downloadabl",0,NONE,,1.6.9,,,D:\Khedma\Mr wiem\mutation-test-pipeline\logs\runs\20260412T185310Z_1017889_brix-core_AI_ONLY_focal_maven
20260412T185329Z,1017889,brix-core,AI_ONLY,focal,maven,org.brixcms.Path,org.brixcms.PathAiTest,,,,,,,FAIL,compile,1,DEP_RESOLUTION,"Command '['mvn.cmd', '-U', '-s', 'D:\\Khedma\\Mr wiem\\mutation-test-pipeline\\target-repos\\1017889\\.mvn\\settings.xml', '-DskipTests', 'compile']' returned non-zero exit status 1.: [INFO] Scanning for projects... [INFO] [INFO] -----------------------< org.brixcms:brix-core >------------------------ [INFO] Building Brix Core 9.0.0-SNAPSHOT [INFO] from pom.xml [INFO] -----------------------------",1,HTTP_SETTINGS_FIX,,1.6.9,,,D:\Khedma\Mr wiem\mutation-test-pipeline\logs\runs\20260412T185329Z_1017889_brix-core_AI_ONLY_focal_maven
20260412T185401Z,101884957,app,HUMAN,focal,maven,com.teester.whatsnearby.data.source.QueryOverpass,com.teester.whatsnearby.data.source.QueryOverpassTest,,,,,,,FAIL,compile,1,OTHER,"Command '['mvn.cmd', '-s', 'D:\\Khedma\\Mr wiem\\mutation-test-pipeline\\.mvn\\settings.xml', '-DskipTests', 'compile']' returned non-zero exit status 1.: [INFO] Scanning for projects... [INFO] ------------------------------------------------------------------------ [INFO] BUILD FAILURE [INFO] ------------------------------------------------------------------------ [INFO] Total time: 0.060 s [INFO",0,NONE,,1.6.9,,,D:\Khedma\Mr wiem\mutation-test-pipeline\logs\runs\20260412T185401Z_101884957_app_HUMAN_focal_maven
20260412T185405Z,101884957,app,AI_ONLY,focal,maven,com.teester.whatsnearby.data.source.QueryOverpass,com.teester.whatsnearby.data.source.QueryOverpassAiTest,,,,,,,FAIL,compile,1,OTHER,"Command '['mvn.cmd', '-s', 'D:\\Khedma\\Mr wiem\\mutation-test-pipeline\\.mvn\\settings.xml', '-DskipTests', 'compile']' returned non-zero exit status 1.: [INFO] Scanning for projects... [INFO] ------------------------------------------------------------------------ [INFO] BUILD FAILURE [INFO] ------------------------------------------------------------------------ [INFO] Total time: 0.058 s [INFO",0,NONE,,1.6.9,,,D:\Khedma\Mr wiem\mutation-test-pipeline\logs\runs\20260412T185405Z_101884957_app_AI_ONLY_focal_maven
doris.common,10189028,common/doris.common/doris.common,HUMAN,focal,maven,com.alibaba.doris.common.serialize.JavaObjectSerializer,com.alibaba.doris.common.serialize.JavaObjectSerializerTest,,,,,,,FAIL,compile,1,DEP_RESOLUTION,"Command '['mvn.cmd', '-s', 'D:\\Khedma\\Mr wiem\\mutation-test-pipeline\\.mvn\\settings.xml', '-DskipTests', 'compile']' returned non-zero exit status 1.: [INFO] Scanning for projects... [WARNING] [WARNING] Some problems were encountered while building the effective model for com.alibaba.platform.shared:doris.common:jar:0.1.6.2 [WARNING] 'dependencies.dependency.(groupId:artifactId:type:classifier",0,NONE,,1.6.9,,,D:\Khedma\Mr wiem\mutation-test-pipeline\logs\runs\20260412T185427Z_10189028_common\doris.common\doris.common_HUMAN_focal_maven
doris.common,10189028,common/doris.common/doris.common,AI_ONLY,focal,maven,com.alibaba.doris.common.serialize.JavaObjectSerializer,com.alibaba.doris.common.serialize.JavaObjectSerializerAiTest,,,,,,,FAIL,compile,1,SNAPSHOT_MISSING,"Command '['mvn.cmd', '-s', 'D:\\Khedma\\Mr wiem\\mutation-test-pipeline\\.mvn\\settings.xml', '-DskipTests', 'compile']' returned non-zero exit status 1.: [INFO] Scanning for projects... [WARNING] [WARNING] Some problems were encountered while building the effective model for com.alibaba.platform.shared:doris.common:jar:0.1.6.2 [WARNING] 'dependencies.dependency.(groupId:artifactId:type:classifier",0,NONE,,1.6.9,,,D:\Khedma\Mr wiem\mutation-test-pipeline\logs\runs\20260412T185432Z_10189028_common\doris.common\doris.common_AI_ONLY_focal_maven
doris.common,10189028,common/doris.common/doris.common,AI_ONLY,focal,maven,com.alibaba.doris.common.serialize.JavaObjectSerializer,com.alibaba.doris.common.serialize.JavaObjectSerializerAiTest,,,,,,,FAIL,compile,1,DEP_RESOLUTION,"Command '['mvn.cmd', '-U', '-s', 'D:\\Khedma\\Mr wiem\\mutation-test-pipeline\\.mvn\\settings.xml', '-DskipTests', 'compile']' returned non-zero exit status 1.: [INFO] Scanning for projects... [WARNING] [WARNING] Some problems were encountered while building the effective model for com.alibaba.platform.shared:doris.common:jar:0.1.6.2 [WARNING] 'dependencies.dependency.(groupId:artifactId:type:clas",0,MAVEN_FORCE_UPDATE,,1.6.9,,,D:\Khedma\Mr wiem\mutation-test-pipeline\logs\runs\20260412T185436Z_10189028_common\doris.common\doris.common_AI_ONLY_focal_maven
20260412T185506Z,10192655,SushiImport,HUMAN,focal,maven,sushi.xml.importer.XMLParser,sushi.xml.importer.XMLParserTest,,,,,,,FAIL,compile,1,SNAPSHOT_MISSING,"Command '['mvn.cmd', '-s', 'D:\\Khedma\\Mr wiem\\mutation-test-pipeline\\.mvn\\settings.xml', '-DskipTests', 'compile']' returned non-zero exit status 1.: [INFO] Scanning for projects... [WARNING] [WARNING] Some problems were encountered while building the effective model for de.hpi-web.sushiimport:SushiImport:jar:SNAPSHOT [WARNING] 'version' uses an unsupported snapshot version format, should be ",0,NONE,,1.6.9,,,D:\Khedma\Mr wiem\mutation-test-pipeline\logs\runs\20260412T185506Z_10192655_SushiImport_HUMAN_focal_maven
20260412T185513Z,10192655,SushiImport,HUMAN,focal,maven,sushi.xml.importer.XMLParser,sushi.xml.importer.XMLParserTest,,,,,,,FAIL,compile,1,SNAPSHOT_MISSING,"Command '['mvn.cmd', '-U', '-s', 'D:\\Khedma\\Mr wiem\\mutation-test-pipeline\\.mvn\\settings.xml', '-DskipTests', 'compile']' returned non-zero exit status 1.: [INFO] Scanning for projects... [WARNING] [WARNING] Some problems were encountered while building the effective model for de.hpi-web.sushiimport:SushiImport:jar:SNAPSHOT [WARNING] 'version' uses an unsupported snapshot version format, shou",0,MAVEN_FORCE_UPDATE,,1.6.9,,,D:\Khedma\Mr wiem\mutation-test-pipeline\logs\runs\20260412T185513Z_10192655_SushiImport_HUMAN_focal_maven
20260412T185517Z,10192655,SushiImport,AI_ONLY,focal,maven,sushi.xml.importer.XMLParser,sushi.xml.importer.XMLParserAiTest,,,,,,,FAIL,compile,1,SNAPSHOT_MISSING,"Command '['mvn.cmd', '-s', 'D:\\Khedma\\Mr wiem\\mutation-test-pipeline\\.mvn\\settings.xml', '-DskipTests', 'compile']' returned non-zero exit status 1.: [INFO] Scanning for projects... [WARNING] [WARNING] Some problems were encountered while building the effective model for de.hpi-web.sushiimport:SushiImport:jar:SNAPSHOT [WARNING] 'version' uses an unsupported snapshot version format, should be ",0,NONE,,1.6.9,,,D:\Khedma\Mr wiem\mutation-test-pipeline\logs\runs\20260412T185517Z_10192655_SushiImport_AI_ONLY_focal_maven
20260412T185521Z,10192655,SushiImport,AI_ONLY,focal,maven,sushi.xml.importer.XMLParser,sushi.xml.importer.XMLParserAiTest,,,,,,,FAIL,compile,1,SNAPSHOT_MISSING,"Command '['mvn.cmd', '-U', '-s', 'D:\\Khedma\\Mr wiem\\mutation-test-pipeline\\.mvn\\settings.xml', '-DskipTests', 'compile']' returned non-zero exit status 1.: [INFO] Scanning for projects... [WARNING] [WARNING] Some problems were encountered while building the effective model for de.hpi-web.sushiimport:SushiImport:jar:SNAPSHOT [WARNING] 'version' uses an unsupported snapshot version format, shou",0,MAVEN_FORCE_UPDATE,,1.6.9,,,D:\Khedma\Mr wiem\mutation-test-pipeline\logs\runs\20260412T185521Z_10192655_SushiImport_AI_ONLY_focal_maven
20260412T185543Z,10195984,sezpoz,HUMAN,focal,maven,net.java.sezpoz.Index,net.java.sezpoz.IndexTest,,,,,,,FAIL,test,1,COMPILATION,"Command '['mvn.cmd', '-s', 'D:\\Khedma\\Mr wiem\\mutation-test-pipeline\\.mvn\\settings.xml', '-Dtest=net.java.sezpoz.IndexTest', 'test']' returned non-zero exit status 1.: [INFO] Scanning for projects... [INFO] [INFO] -----------------------< net.java.sezpoz:sezpoz >----------------------- [INFO] Building SezPoz Library 1.14-SNAPSHOT [INFO] from pom.xml [INFO] --------------------------------[ ja",0,NONE,,1.6.9,,,D:\Khedma\Mr wiem\mutation-test-pipeline\logs\runs\20260412T185543Z_10195984_sezpoz_HUMAN_focal_maven
20260412T185558Z,10195984,sezpoz,AI_ONLY,focal,maven,net.java.sezpoz.Index,net.java.sezpoz.IndexAiTest,,,,,,,FAIL,test,1,TEST_FAILURE,"Command '['mvn.cmd', '-s', 'D:\\Khedma\\Mr wiem\\mutation-test-pipeline\\.mvn\\settings.xml', '-Dtest=net.java.sezpoz.IndexAiTest', 'test']' returned non-zero exit status 1.: [INFO] Scanning for projects... [INFO] [INFO] -----------------------< net.java.sezpoz:sezpoz >----------------------- [INFO] Building SezPoz Library 1.14-SNAPSHOT [INFO] from pom.xml [INFO] --------------------------------[ ",0,NONE,,1.6.9,,,D:\Khedma\Mr wiem\mutation-test-pipeline\logs\runs\20260412T185558Z_10195984_sezpoz_AI_ONLY_focal_maven
20260412T185627Z,101970978,iotdb,HUMAN,focal,maven,org.apache.iotdb.db.metadata.MTree,org.apache.iotdb.db.metadata.MTreeTest,,,,,,,FAIL,compile,1,HTTP_BLOCKER,"Command '['mvn.cmd', '-s', 'D:\\Khedma\\Mr wiem\\mutation-test-pipeline\\.mvn\\settings.xml', '-DskipTests', 'compile']' returned non-zero exit status 1.: [INFO] Scanning for projects... [INFO] [INFO] -----------------------< org.apache.iotdb:iotdb >----------------------- [INFO] Building IoTDB 0.8.0-SNAPSHOT [INFO] from pom.xml [INFO] --------------------------------[ jar ]-----------------------",0,NONE,,1.6.9,,,D:\Khedma\Mr wiem\mutation-test-pipeline\logs\runs\20260412T185627Z_101970978_iotdb_HUMAN_focal_maven
20260412T185637Z,101970978,iotdb,HUMAN,focal,maven,org.apache.iotdb.db.metadata.MTree,org.apache.iotdb.db.metadata.MTreeTest,,,,,,,FAIL,compile,1,HTTP_BLOCKER,"Command '['mvn.cmd', '-U', '-s', 'D:\\Khedma\\Mr wiem\\mutation-test-pipeline\\target-repos\\101970978\\.mvn\\settings.xml', '-DskipTests', 'compile']' returned non-zero exit status 1.: [INFO] Scanning for projects... [INFO] [INFO] -----------------------< org.apache.iotdb:iotdb >----------------------- [INFO] Building IoTDB 0.8.0-SNAPSHOT [INFO] from pom.xml [INFO] -------------------------------",1,HTTP_SETTINGS_FIX,,1.6.9,,,D:\Khedma\Mr wiem\mutation-test-pipeline\logs\runs\20260412T185637Z_101970978_iotdb_HUMAN_focal_maven
20260412T185652Z,101970978,iotdb,AI_ONLY,focal,maven,org.apache.iotdb.db.metadata.MTree,org.apache.iotdb.db.metadata.MTreeAiTest,,,,,,,FAIL,compile,1,HTTP_BLOCKER,"Command '['mvn.cmd', '-s', 'D:\\Khedma\\Mr wiem\\mutation-test-pipeline\\.mvn\\settings.xml', '-DskipTests', 'compile']' returned non-zero exit status 1.: [INFO] Scanning for projects... [INFO] [INFO] -----------------------< org.apache.iotdb:iotdb >----------------------- [INFO] Building IoTDB 0.8.0-SNAPSHOT [INFO] from pom.xml [INFO] --------------------------------[ jar ]-----------------------",0,NONE,,1.6.9,,,D:\Khedma\Mr wiem\mutation-test-pipeline\logs\runs\20260412T185652Z_101970978_iotdb_AI_ONLY_focal_maven
20260412T185700Z,101970978,iotdb,AI_ONLY,focal,maven,org.apache.iotdb.db.metadata.MTree,org.apache.iotdb.db.metadata.MTreeAiTest,,,,,,,FAIL,compile,1,HTTP_BLOCKER,"Command '['mvn.cmd', '-U', '-s', 'D:\\Khedma\\Mr wiem\\mutation-test-pipeline\\target-repos\\101970978\\.mvn\\settings.xml', '-DskipTests', 'compile']' returned non-zero exit status 1.: [INFO] Scanning for projects... [INFO] [INFO] -----------------------< org.apache.iotdb:iotdb >----------------------- [INFO] Building IoTDB 0.8.0-SNAPSHOT [INFO] from pom.xml [INFO] -------------------------------",1,HTTP_SETTINGS_FIX,,1.6.9,,,D:\Khedma\Mr wiem\mutation-test-pipeline\logs\runs\20260412T185700Z_101970978_iotdb_AI_ONLY_focal_maven
20260412T185730Z,101989943,StreamDeckCore,HUMAN,focal,maven,de.rcblum.stream.deck.util.IconHelper,de.rcblum.stream.deck.util.IconHelperTest,,,,,,,FAIL,compile,1,DEP_RESOLUTION,"Command '['mvn.cmd', '-s', 'D:\\Khedma\\Mr wiem\\mutation-test-pipeline\\.mvn\\settings.xml', '-DskipTests', 'compile']' returned non-zero exit status 1.: [INFO] Scanning for projects... [INFO] [INFO] ------------------< io.github.vveird:StreamDeckCore >------------------- [INFO] Building VVIERD Streamdeck API 1.2.0 [INFO] from pom.xml [INFO] --------------------------------[ jar ]----------------",0,NONE,,1.6.9,,,D:\Khedma\Mr wiem\mutation-test-pipeline\logs\runs\20260412T185730Z_101989943_StreamDeckCore_HUMAN_focal_maven
20260412T185735Z,101989943,StreamDeckCore,AI_ONLY,focal,maven,de.rcblum.stream.deck.util.IconHelper,,,,,,,,FAIL,clone,1,FILE_NOT_FOUND,Generated AI test has no public class declaration: D:\Khedma\Mr wiem\mutation-test-pipeline\experiments\generated_tests\101989943_20_GeneratedTest.java,0,NONE,,1.6.9,,,D:\Khedma\Mr wiem\mutation-test-pipeline\logs\runs\20260412T185735Z_101989943_StreamDeckCore_AI_ONLY_focal_maven
20260412T185753Z,102014366,yuvi,HUMAN,focal,maven,com.pinterest.yuvi.bitstream.BitStream,com.pinterest.yuvi.bitstream.BitStreamTest,,,,,,,FAIL,compile,1,DEP_RESOLUTION,"Command '['mvn.cmd', '-s', 'D:\\Khedma\\Mr wiem\\mutation-test-pipeline\\.mvn\\settings.xml', '-DskipTests', 'compile']' returned non-zero exit status 1.: [INFO] Scanning for projects... [INFO] [INFO] ----------------------< com.pinterest.yuvi:yuvi >----------------------- [INFO] Building yuvi 0.1-SNAPSHOT [INFO] from pom.xml [INFO] --------------------------------[ jar ]--------------------------",0,NONE,,1.6.9,,,D:\Khedma\Mr wiem\mutation-test-pipeline\logs\runs\20260412T185753Z_102014366_yuvi_HUMAN_focal_maven
20260412T185804Z,102014366,yuvi,AI_ONLY,focal,maven,com.pinterest.yuvi.bitstream.BitStream,com.pinterest.yuvi.bitstream.BitStreamAiTest,,,,,,,FAIL,compile,1,DEP_RESOLUTION,"Command '['mvn.cmd', '-s', 'D:\\Khedma\\Mr wiem\\mutation-test-pipeline\\.mvn\\settings.xml', '-DskipTests', 'compile']' returned non-zero exit status 1.: [INFO] Scanning for projects... [INFO] [INFO] ----------------------< com.pinterest.yuvi:yuvi >----------------------- [INFO] Building yuvi 0.1-SNAPSHOT [INFO] from pom.xml [INFO] --------------------------------[ jar ]--------------------------",0,NONE,,1.6.9,,,D:\Khedma\Mr wiem\mutation-test-pipeline\logs\runs\20260412T185804Z_102014366_yuvi_AI_ONLY_focal_maven
20260412T185827Z,102026692,spring-cloud-etcd-discovery,HUMAN,focal,maven,com.scienjus.spring.cloud.etcd.serviceregistry.EtcdServiceRegistry,com.scienjus.spring.cloud.etcd.serviceregistry.EtcdServiceRegistryTest,,,,,,,FAIL,compile,1,DEP_RESOLUTION,"Command '['mvn.cmd', '-s', 'D:\\Khedma\\Mr wiem\\mutation-test-pipeline\\.mvn\\settings.xml', '-DskipTests', 'compile']' returned non-zero exit status 1.: [INFO] Scanning for projects... Downloading from central: https://repo1.maven.org/maven2/org/springframework/cloud/spring-cloud-netflix-dependencies/1.3.1.RELEASE/spring-cloud-netflix-dependencies-1.3.1.RELEASE.pom Progress (1): 1.1 kB Progress ",0,NONE,,1.6.9,,,D:\Khedma\Mr wiem\mutation-test-pipeline\logs\runs\20260412T185827Z_102026692_spring-cloud-etcd-discovery_HUMAN_focal_maven
20260412T185837Z,102026692,spring-cloud-etcd-discovery,AI_ONLY,focal,maven,com.scienjus.spring.cloud.etcd.serviceregistry.EtcdServiceRegistry,com.scienjus.spring.cloud.etcd.serviceregistry.EtcdServiceRegistryAiTest,,,,,,,FAIL,compile,1,DEP_RESOLUTION,"Command '['mvn.cmd', '-s', 'D:\\Khedma\\Mr wiem\\mutation-test-pipeline\\.mvn\\settings.xml', '-DskipTests', 'compile']' returned non-zero exit status 1.: [INFO] Scanning for projects... [INFO] [INFO] --------------< com.scienjus:spring-cloud-etcd-discovery >-------------- [INFO] Building spring-cloud-etcd-discovery 1.0-SNAPSHOT [INFO] from pom.xml [INFO] --------------------------------[ jar ]---",0,NONE,,1.6.9,,,D:\Khedma\Mr wiem\mutation-test-pipeline\logs\runs\20260412T185837Z_102026692_spring-cloud-etcd-discovery_AI_ONLY_focal_maven
20260412T185901Z,102047648,jc101-password,HUMAN,focal,maven,fr.bmartel.passwords.PasswordEntry,fr.bmartel.passwords.PasswordEntryTest,,,,,,,FAIL,compile,1,OTHER,"Command '['mvn.cmd', '-s', 'D:\\Khedma\\Mr wiem\\mutation-test-pipeline\\.mvn\\settings.xml', '-DskipTests', 'compile']' returned non-zero exit status 1.: [INFO] Scanning for projects... [INFO] ------------------------------------------------------------------------ [INFO] BUILD FAILURE [INFO] ------------------------------------------------------------------------ [INFO] Total time: 0.058 s [INFO",0,NONE,,1.6.9,,,D:\Khedma\Mr wiem\mutation-test-pipeline\logs\runs\20260412T185901Z_102047648_jc101-password_HUMAN_focal_maven
20260412T185904Z,102047648,jc101-password,AI_ONLY,focal,maven,fr.bmartel.passwords.PasswordEntry,,,,,,,,FAIL,clone,1,FILE_NOT_FOUND,Generated AI test has no public class declaration: D:\Khedma\Mr wiem\mutation-test-pipeline\experiments\generated_tests\102047648_7_GeneratedTest.java,0,NONE,,1.6.9,,,D:\Khedma\Mr wiem\mutation-test-pipeline\logs\runs\20260412T185904Z_102047648_jc101-password_AI_ONLY_focal_maven
20260412T185925Z,1020601,core,HUMAN,focal,maven,org.modelmapper.internal.converter.NumberConverter,org.modelmapper.internal.converter.NumberConverterTest,,,,,,,FAIL,test,1,HTTP_BLOCKER,"Command '['mvn.cmd', '-s', 'D:\\Khedma\\Mr wiem\\mutation-test-pipeline\\.mvn\\settings.xml', '-Dtest=org.modelmapper.internal.converter.NumberConverterTest', 'test']' returned non-zero exit status 1.: [INFO] Scanning for projects... [WARNING] [WARNING] Some problems were encountered while building the effective model for org.modelmapper:modelmapper:jar:3.2.7-SNAPSHOT [WARNING] 'build.plugins.plug",0,NONE,,1.6.9,,,D:\Khedma\Mr wiem\mutation-test-pipeline\logs\runs\20260412T185925Z_1020601_core_HUMAN_focal_maven
20260412T185951Z,1020601,core,HUMAN,focal,maven,org.modelmapper.internal.converter.NumberConverter,org.modelmapper.internal.converter.NumberConverterTest,,,,,,,FAIL,test,1,COMPILATION,"Command '['mvn.cmd', '-U', '-s', 'D:\\Khedma\\Mr wiem\\mutation-test-pipeline\\target-repos\\1020601\\.mvn\\settings.xml', '-Dtest=org.modelmapper.internal.converter.NumberConverterTest', 'test']' returned non-zero exit status 1.: [INFO] Scanning for projects... [WARNING] [WARNING] Some problems were encountered while building the effective model for org.modelmapper:modelmapper:jar:3.2.7-SNAPSHOT ",1,HTTP_SETTINGS_FIX,,1.6.9,,,D:\Khedma\Mr wiem\mutation-test-pipeline\logs\runs\20260412T185951Z_1020601_core_HUMAN_focal_maven
20260412T190037Z,1020601,core,AI_ONLY,focal,maven,org.modelmapper.internal.converter.NumberConverter,org.modelmapper.internal.converter.NumberConverterAiTest,,,,,,,FAIL,test,1,HTTP_BLOCKER,"Command '['mvn.cmd', '-s', 'D:\\Khedma\\Mr wiem\\mutation-test-pipeline\\.mvn\\settings.xml', '-Dtest=org.modelmapper.internal.converter.NumberConverterAiTest', 'test']' returned non-zero exit status 1.: [INFO] Scanning for projects... [WARNING] [WARNING] Some problems were encountered while building the effective model for org.modelmapper:modelmapper:jar:3.2.7-SNAPSHOT [WARNING] 'build.plugins.pl",0,NONE,,1.6.9,,,D:\Khedma\Mr wiem\mutation-test-pipeline\logs\runs\20260412T190037Z_1020601_core_AI_ONLY_focal_maven
20260412T190100Z,1020601,core,AI_ONLY,focal,maven,org.modelmapper.internal.converter.NumberConverter,org.modelmapper.internal.converter.NumberConverterAiTest,,,,,,,FAIL,test,1,COMPILATION,"Command '['mvn.cmd', '-U', '-s', 'D:\\Khedma\\Mr wiem\\mutation-test-pipeline\\target-repos\\1020601\\.mvn\\settings.xml', '-Dtest=org.modelmapper.internal.converter.NumberConverterAiTest', 'test']' returned non-zero exit status 1.: [INFO] Scanning for projects... [WARNING] [WARNING] Some problems were encountered while building the effective model for org.modelmapper:modelmapper:jar:3.2.7-SNAPSHO",0,HTTP_SETTINGS_FIX,,1.6.9,,,D:\Khedma\Mr wiem\mutation-test-pipeline\logs\runs\20260412T190100Z_1020601_core_AI_ONLY_focal_maven
20260412T190314Z,102083574,json,HUMAN,focal,maven,org.netbeans.html.json.impl.JSON,org.netbeans.html.json.impl.JSONTest,1,239,24,2,213,92.307692,OK,summarize,0,,,0,NONE,org.netbeans.html.json.impl.JSON*,1.6.9,OK,D:\Khedma\Mr wiem\mutation-test-pipeline\logs\runs\20260412T190314Z_102083574_json_HUMAN_focal_maven\04_pit.log,D:\Khedma\Mr wiem\mutation-test-pipeline\logs\runs\20260412T190314Z_102083574_json_HUMAN_focal_maven
20260412T190353Z,102083574,json,AI_ONLY,focal,maven,org.netbeans.html.json.impl.JSON,org.netbeans.html.json.impl.JSONAiTest,,,,,,,FAIL,test,1,COMPILATION,"Command '['mvn.cmd', '-s', 'D:\\Khedma\\Mr wiem\\mutation-test-pipeline\\.mvn\\settings.xml', '-Dtest=org.netbeans.html.json.impl.JSONAiTest', 'test']' returned non-zero exit status 1.: [INFO] Scanning for projects... [INFO] [INFO] ----------------< org.netbeans.html:net.java.html.json >---------------- [INFO] Building JSON Model in Java 2.0-SNAPSHOT [INFO] from pom.xml [INFO] --------------------",0,NONE,,1.6.9,,,D:\Khedma\Mr wiem\mutation-test-pipeline\logs\runs\20260412T190353Z_102083574_json_AI_ONLY_focal_maven
20260412T190423Z,102089663,raincat-admin,HUMAN,focal,maven,org.dromara.raincat.admin.service.recover.ZookeeperRecoverTransactionServiceImpl,org.dromara.raincat.admin.service.recover.ZookeeperRecoverTransactionServiceImplTest,,,,,,,FAIL,compile,1,COMPILATION,"Command '['mvn.cmd', '-s', 'D:\\Khedma\\Mr wiem\\mutation-test-pipeline\\.mvn\\settings.xml', '-DskipTests', 'compile']' returned non-zero exit status 1.: [INFO] Scanning for projects... Downloading from central: https://repo1.maven.org/maven2/org/springframework/boot/spring-boot-starter-parent/2.0.2.RELEASE/spring-boot-starter-parent-2.0.2.RELEASE.pom Progress (1): 1.0 kB Progress (1): 3.6 kB Pro",0,NONE,,1.6.9,,,D:\Khedma\Mr wiem\mutation-test-pipeline\logs\runs\20260412T190423Z_102089663_raincat-admin_HUMAN_focal_maven
20260412T190445Z,102089663,raincat-admin,AI_ONLY,focal,maven,org.dromara.raincat.admin.service.recover.ZookeeperRecoverTransactionServiceImpl,org.dromara.raincat.admin.service.recover.ZookeeperRecoverTransactionServiceImplAiTest,,,,,,,FAIL,compile,1,COMPILATION,"Command '['mvn.cmd', '-s', 'D:\\Khedma\\Mr wiem\\mutation-test-pipeline\\.mvn\\settings.xml', '-DskipTests', 'compile']' returned non-zero exit status 1.: [INFO] Scanning for projects... [INFO] [INFO] ---------------------< org.dromara:raincat-admin >---------------------- [INFO] Building raincat-admin 2.0.1-RELEASE [INFO] from pom.xml [INFO] --------------------------------[ jar ]----------------",0,NONE,,1.6.9,,,D:\Khedma\Mr wiem\mutation-test-pipeline\logs\runs\20260412T190445Z_102089663_raincat-admin_AI_ONLY_focal_maven
20260412T190511Z,102093756,ga,HUMAN,focal,maven,nl.tudelft.serg.evosql.fixture.type.DBTypeSelector,nl.tudelft.serg.evosql.fixture.type.DBTypeSelectorTest,,,,,,,FAIL,compile,1,OTHER,"Command '['mvn.cmd', '-s', 'D:\\Khedma\\Mr wiem\\mutation-test-pipeline\\.mvn\\settings.xml', '-DskipTests', 'compile']' returned non-zero exit status 1.: [INFO] Scanning for projects... [INFO] ------------------------------------------------------------------------ [INFO] BUILD FAILURE [INFO] ------------------------------------------------------------------------ [INFO] Total time: 0.064 s [INFO",0,NONE,,1.6.9,,,D:\Khedma\Mr wiem\mutation-test-pipeline\logs\runs\20260412T190511Z_102093756_ga_HUMAN_focal_maven
20260412T190515Z,102093756,ga,AI_ONLY,focal,maven,nl.tudelft.serg.evosql.fixture.type.DBTypeSelector,,,,,,,,FAIL,clone,1,FILE_NOT_FOUND,Generated AI test has no public class declaration: D:\Khedma\Mr wiem\mutation-test-pipeline\experiments\generated_tests\102093756_50_GeneratedTest.java,0,NONE,,1.6.9,,,D:\Khedma\Mr wiem\mutation-test-pipeline\logs\runs\20260412T190515Z_102093756_ga_AI_ONLY_focal_maven
20260412T190537Z,102096357,vr_object,HUMAN,focal,maven,com.vr_object.fixed.Vector3D,com.vr_object.fixed.Vector3DTest,,,,,,,FAIL,compile,1,OTHER,"Command '['mvn.cmd', '-s', 'D:\\Khedma\\Mr wiem\\mutation-test-pipeline\\.mvn\\settings.xml', '-DskipTests', 'compile']' returned non-zero exit status 1.: [INFO] Scanning for projects... [INFO] ------------------------------------------------------------------------ [INFO] BUILD FAILURE [INFO] ------------------------------------------------------------------------ [INFO] Total time: 0.061 s [INFO",0,NONE,,1.6.9,,,D:\Khedma\Mr wiem\mutation-test-pipeline\logs\runs\20260412T190537Z_102096357_vr_object_HUMAN_focal_maven
20260412T190540Z,102096357,vr_object,AI_ONLY,focal,maven,com.vr_object.fixed.Vector3D,com.vr_object.fixed.Vector3DAiTest,,,,,,,FAIL,compile,1,OTHER,"Command '['mvn.cmd', '-s', 'D:\\Khedma\\Mr wiem\\mutation-test-pipeline\\.mvn\\settings.xml', '-DskipTests', 'compile']' returned non-zero exit status 1.: [INFO] Scanning for projects... [INFO] ------------------------------------------------------------------------ [INFO] BUILD FAILURE [INFO] ------------------------------------------------------------------------ [INFO] Total time: 0.062 s [INFO",0,NONE,,1.6.9,,,D:\Khedma\Mr wiem\mutation-test-pipeline\logs\runs\20260412T190540Z_102096357_vr_object_AI_ONLY_focal_maven
20260412T190601Z,102137829,102137829,HUMAN,focal,maven,,,,,,,,,FAIL,clone,1,MODULE_MISSING,Module directory does not exist: D:\Khedma\Mr wiem\mutation-test-pipeline\target-repos\102137829\102137829,0,NONE,,1.6.9,,,D:\Khedma\Mr wiem\mutation-test-pipeline\logs\runs\20260412T190601Z_102137829_102137829_HUMAN_focal_maven
20260412T190602Z,102137829,102137829,AI_ONLY,focal,maven,,,,,,,,,FAIL,clone,1,MODULE_MISSING,Module directory does not exist: D:\Khedma\Mr wiem\mutation-test-pipeline\target-repos\102137829\102137829,0,NONE,,1.6.9,,,D:\Khedma\Mr wiem\mutation-test-pipeline\logs\runs\20260412T190602Z_102137829_102137829_AI_ONLY_focal_maven
20260412T190619Z,102138890,hello-world,HUMAN,focal,maven,HelloWorldBuilder,HelloWorldBuilderTest,,,,,,,FAIL,pit,1,PIT_ERROR,"Command '['java', '-cp', 'C:\\Users\\Aymen Masmoudi\\.m2\\repository\\org\\pitest\\pitest-command-line\\1.6.9\\pitest-command-line-1.6.9.jar;C:\\Users\\Aymen Masmoudi\\.m2\\repository\\org\\pitest\\pitest-entry\\1.6.9\\pitest-entry-1.6.9.jar;C:\\Users\\Aymen Masmoudi\\.m2\\repository\\org\\pitest\\pitest\\1.6.9\\pitest-1.6.9.jar;D:\\Khedma\\Mr wiem\\mutation-test-pipeline\\target-repos\\102138890\",0,NONE,HelloWorldBuilder*,1.6.9,FAIL,D:\Khedma\Mr wiem\mutation-test-pipeline\logs\runs\20260412T190619Z_102138890_hello-world_HUMAN_focal_maven\04_pit.log,D:\Khedma\Mr wiem\mutation-test-pipeline\logs\runs\20260412T190619Z_102138890_hello-world_HUMAN_focal_maven
20260412T190639Z,102138890,hello-world,AI_ONLY,focal,maven,HelloWorldBuilder,HelloWorldBuilderAiTest,,,,,,,FAIL,pit,1,PIT_ERROR,"Command '['java', '-cp', 'C:\\Users\\Aymen Masmoudi\\.m2\\repository\\org\\pitest\\pitest-command-line\\1.6.9\\pitest-command-line-1.6.9.jar;C:\\Users\\Aymen Masmoudi\\.m2\\repository\\org\\pitest\\pitest-entry\\1.6.9\\pitest-entry-1.6.9.jar;C:\\Users\\Aymen Masmoudi\\.m2\\repository\\org\\pitest\\pitest\\1.6.9\\pitest-1.6.9.jar;D:\\Khedma\\Mr wiem\\mutation-test-pipeline\\target-repos\\102138890\",0,NONE,HelloWorldBuilder*,1.6.9,FAIL,D:\Khedma\Mr wiem\mutation-test-pipeline\logs\runs\20260412T190639Z_102138890_hello-world_AI_ONLY_focal_maven\04_pit.log,D:\Khedma\Mr wiem\mutation-test-pipeline\logs\runs\20260412T190639Z_102138890_hello-world_AI_ONLY_focal_maven
20260412T190710Z,102143456,product-detail-page,HUMAN,focal,maven,com.rewedigital.examples.msintegration.productdetailpage.product.ProductEventConsumer,com.rewedigital.examples.msintegration.productdetailpage.product.ProductEventConsumerTest,3,1,1,0,0,100.000000,OK,summarize,0,,,0,NONE,com.rewedigital.examples.msintegration.productdetailpage.product.ProductEventConsumer*,1.6.9,OK,D:\Khedma\Mr wiem\mutation-test-pipeline\logs\runs\20260412T190710Z_102143456_product-detail-page_HUMAN_focal_maven\04_pit.log,D:\Khedma\Mr wiem\mutation-test-pipeline\logs\runs\20260412T190710Z_102143456_product-detail-page_HUMAN_focal_maven
20260412T190741Z,102143456,product-detail-page,AI_ONLY,focal,maven,com.rewedigital.examples.msintegration.productdetailpage.product.ProductEventConsumer,com.rewedigital.examples.msintegration.productdetailpage.product.ProductEventConsumerAiTest,,,,,,,FAIL,test,1,COMPILATION,"Command '['mvn.cmd', '-s', 'D:\\Khedma\\Mr wiem\\mutation-test-pipeline\\.mvn\\settings.xml', '-Dtest=com.rewedigital.examples.msintegration.productdetailpage.product.ProductEventConsumerAiTest', 'test']' returned non-zero exit status 1.: [INFO] Scanning for projects... [INFO] [INFO] -----< com.rewedigital.examples.msintegration:product-detail-page >----- [INFO] Building product-detail-page 0.0.1-",0,NONE,,1.6.9,,,D:\Khedma\Mr wiem\mutation-test-pipeline\logs\runs\20260412T190741Z_102143456_product-detail-page_AI_ONLY_focal_maven
20260412T190812Z,102170678,catalog-vertx,HUMAN,focal,maven,com.redhat.coolstore.catalog.api.ApiVerticle,com.redhat.coolstore.catalog.api.ApiVerticleTest,,23,0,0,23,0.000000,OK,summarize,0,,,0,NONE,com.redhat.coolstore.catalog.api.ApiVerticle*,1.6.9,OK,D:\Khedma\Mr wiem\mutation-test-pipeline\logs\runs\20260412T190812Z_102170678_catalog-vertx_HUMAN_focal_maven\04_pit.log,D:\Khedma\Mr wiem\mutation-test-pipeline\logs\runs\20260412T190812Z_102170678_catalog-vertx_HUMAN_focal_maven
20260412T190902Z,102170678,catalog-vertx,AI_ONLY,focal,maven,com.redhat.coolstore.catalog.api.ApiVerticle,com.redhat.coolstore.catalog.api.ApiVerticleAiTest,,23,0,0,23,0.000000,OK,summarize,0,,,0,NONE,com.redhat.coolstore.catalog.api.ApiVerticle*,1.6.9,OK,D:\Khedma\Mr wiem\mutation-test-pipeline\logs\runs\20260412T190902Z_102170678_catalog-vertx_AI_ONLY_focal_maven\04_pit.log,D:\Khedma\Mr wiem\mutation-test-pipeline\logs\runs\20260412T190902Z_102170678_catalog-vertx_AI_ONLY_focal_maven
stuff,102229956,mapdb/stuff,HUMAN,focal,maven,com.github.rickardoberg.cqrs.memory.FileEventStorage,com.github.rickardoberg.cqrs.memory.FileEventStorageTest,,,,,,,FAIL,compile,1,HTTP_BLOCKER,"Command '['mvn.cmd', '-s', 'D:\\Khedma\\Mr wiem\\mutation-test-pipeline\\.mvn\\settings.xml', '-DskipTests', 'compile']' returned non-zero exit status 1.: [INFO] Scanning for projects... [INFO] [INFO] -------------------< com.rickardoberg.github:stuff >-------------------- [INFO] Building stuff 1.0-SNAPSHOT [INFO] from pom.xml [INFO] --------------------------------[ war ]-------------------------",0,NONE,,1.6.9,,,D:\Khedma\Mr wiem\mutation-test-pipeline\logs\runs\20260412T190941Z_102229956_mapdb\stuff_HUMAN_focal_maven
stuff,102229956,mapdb/stuff,HUMAN,focal,maven,com.github.rickardoberg.cqrs.memory.FileEventStorage,com.github.rickardoberg.cqrs.memory.FileEventStorageTest,,,,,,,FAIL,compile,1,HTTP_BLOCKER,"Command '['mvn.cmd', '-U', '-s', 'D:\\Khedma\\Mr wiem\\mutation-test-pipeline\\target-repos\\102229956\\.mvn\\settings.xml', '-DskipTests', 'compile']' returned non-zero exit status 1.: [INFO] Scanning for projects... [INFO] [INFO] -------------------< com.rickardoberg.github:stuff >-------------------- [INFO] Building stuff 1.0-SNAPSHOT [INFO] from pom.xml [INFO] --------------------------------[",1,HTTP_SETTINGS_FIX,,1.6.9,,,D:\Khedma\Mr wiem\mutation-test-pipeline\logs\runs\20260412T190948Z_102229956_mapdb\stuff_HUMAN_focal_maven
stuff,102229956,mapdb/stuff,AI_ONLY,focal,maven,com.github.rickardoberg.cqrs.memory.FileEventStorage,,,,,,,,FAIL,clone,1,FILE_NOT_FOUND,Generated AI test has no public class declaration: D:\Khedma\Mr wiem\mutation-test-pipeline\experiments\generated_tests\102229956_1_GeneratedTest.java,0,NONE,,1.6.9,,,D:\Khedma\Mr wiem\mutation-test-pipeline\logs\runs\20260412T190959Z_102229956_mapdb\stuff_AI_ONLY_focal_maven
app,102268868,storj_hoststats_app/app,HUMAN,focal,maven,com.steinbacher.storj_hoststats_app.util.Version,com.steinbacher.storj_hoststats_app.util.VersionTest,,,,,,,FAIL,compile,1,OTHER,"Command '['mvn.cmd', '-s', 'D:\\Khedma\\Mr wiem\\mutation-test-pipeline\\.mvn\\settings.xml', '-DskipTests', 'compile']' returned non-zero exit status 1.: [INFO] Scanning for projects... [INFO] ------------------------------------------------------------------------ [INFO] BUILD FAILURE [INFO] ------------------------------------------------------------------------ [INFO] Total time: 0.062 s [INFO",0,NONE,,1.6.9,,,D:\Khedma\Mr wiem\mutation-test-pipeline\logs\runs\20260412T191017Z_102268868_storj_hoststats_app\app_HUMAN_focal_maven
app,102268868,storj_hoststats_app/app,AI_ONLY,focal,maven,com.steinbacher.storj_hoststats_app.util.Version,com.steinbacher.storj_hoststats_app.util.VersionAiTest,,,,,,,FAIL,compile,1,OTHER,"Command '['mvn.cmd', '-s', 'D:\\Khedma\\Mr wiem\\mutation-test-pipeline\\.mvn\\settings.xml', '-DskipTests', 'compile']' returned non-zero exit status 1.: [INFO] Scanning for projects... [INFO] ------------------------------------------------------------------------ [INFO] BUILD FAILURE [INFO] ------------------------------------------------------------------------ [INFO] Total time: 0.058 s [INFO",0,NONE,,1.6.9,,,D:\Khedma\Mr wiem\mutation-test-pipeline\logs\runs\20260412T191021Z_102268868_storj_hoststats_app\app_AI_ONLY_focal_maven
20260412T191043Z,102274375,Bean-Validation-2-0,HUMAN,focal,maven,com.readlearncode.constraints.notblank.Person,com.readlearncode.constraints.notblank.PersonTest,1,4,0,0,4,0.000000,OK,summarize,0,,,0,NONE,com.readlearncode.constraints.notblank.Person*,1.6.9,OK,D:\Khedma\Mr wiem\mutation-test-pipeline\logs\runs\20260412T191043Z_102274375_Bean-Validation-2-0_HUMAN_focal_maven\04_pit.log,D:\Khedma\Mr wiem\mutation-test-pipeline\logs\runs\20260412T191043Z_102274375_Bean-Validation-2-0_HUMAN_focal_maven
20260412T191108Z,102274375,Bean-Validation-2-0,AI_ONLY,focal,maven,com.readlearncode.constraints.notblank.Person,,,,,,,,FAIL,clone,1,FILE_NOT_FOUND,Generated AI test has no public class declaration: D:\Khedma\Mr wiem\mutation-test-pipeline\experiments\generated_tests\102274375_51_GeneratedTest.java,0,NONE,,1.6.9,,,D:\Khedma\Mr wiem\mutation-test-pipeline\logs\runs\20260412T191108Z_102274375_Bean-Validation-2-0_AI_ONLY_focal_maven
spring-sec-31,10227537,protected-method-scheduled-job/spring-sec-31,HUMAN,focal,maven,net.petrikainulainen.spring.trenches.scheduling.job.AuthenticationUtil,net.petrikainulainen.spring.trenches.scheduling.job.AuthenticationUtilTest,,,,,,,FAIL,test,1,TEST_FAILURE,"Command '['mvn.cmd', '-s', 'D:\\Khedma\\Mr wiem\\mutation-test-pipeline\\.mvn\\settings.xml', '-Dtest=net.petrikainulainen.spring.trenches.scheduling.job.AuthenticationUtilTest', 'test']' returned non-zero exit status 1.: [INFO] Scanning for projects... [INFO] [INFO] --< net.petrikainulainen.spring.trenches:protected-method-scheduled-job-sec-31 >-- [INFO] Building Spring from the Trenches - Invoki",0,NONE,,1.6.9,,,D:\Khedma\Mr wiem\mutation-test-pipeline\logs\runs\20260412T191127Z_10227537_protected-method-scheduled-job\spring-sec-31_HUMAN_focal_maven
spring-sec-31,10227537,protected-method-scheduled-job/spring-sec-31,AI_ONLY,focal,maven,net.petrikainulainen.spring.trenches.scheduling.job.AuthenticationUtil,net.petrikainulainen.spring.trenches.scheduling.job.AuthenticationUtilAiTest,,,,,,,FAIL,test,1,COMPILATION,"Command '['mvn.cmd', '-s', 'D:\\Khedma\\Mr wiem\\mutation-test-pipeline\\.mvn\\settings.xml', '-Dtest=net.petrikainulainen.spring.trenches.scheduling.job.AuthenticationUtilAiTest', 'test']' returned non-zero exit status 1.: [INFO] Scanning for projects... [INFO] [INFO] --< net.petrikainulainen.spring.trenches:protected-method-scheduled-job-sec-31 >-- [INFO] Building Spring from the Trenches - Invo",0,NONE,,1.6.9,,,D:\Khedma\Mr wiem\mutation-test-pipeline\logs\runs\20260412T191142Z_10227537_protected-method-scheduled-job\spring-sec-31_AI_ONLY_focal_maven
20260412T191208Z,10230369,common,HUMAN,focal,maven,com.google.auto.common.AnnotationValues,com.google.auto.common.AnnotationValuesTest,27,61,34,0,27,100.000000,OK,summarize,0,,,0,NONE,com.google.auto.common.AnnotationValues*,1.6.9,OK,D:\Khedma\Mr wiem\mutation-test-pipeline\logs\runs\20260412T191208Z_10230369_common_HUMAN_focal_maven\04_pit.log,D:\Khedma\Mr wiem\mutation-test-pipeline\logs\runs\20260412T191208Z_10230369_common_HUMAN_focal_maven
20260412T191239Z,10230369,common,AI_ONLY,focal,maven,com.google.auto.common.AnnotationValues,com.google.auto.common.AnnotationValuesAiTest,,,,,,,FAIL,test,1,COMPILATION,"Command '['mvn.cmd', '-s', 'D:\\Khedma\\Mr wiem\\mutation-test-pipeline\\.mvn\\settings.xml', '-Dtest=com.google.auto.common.AnnotationValuesAiTest', 'test']' returned non-zero exit status 1.: [INFO] Scanning for projects... [INFO] Inspecting build with total of 1 modules [INFO] Installing Central Publishing features [INFO] [INFO] --------------------< com.google.auto:auto-common >----------------",0,NONE,,1.6.9,,,D:\Khedma\Mr wiem\mutation-test-pipeline\logs\runs\20260412T191239Z_10230369_common_AI_ONLY_focal_maven
20260412T191303Z,102328857,PlatformInsights,HUMAN,focal,maven,,,,,,,,,FAIL,clone,1,MODULE_MISSING,Module directory does not exist: D:\Khedma\Mr wiem\mutation-test-pipeline\target-repos\102328857\PlatformInsights,0,NONE,,1.6.9,,,D:\Khedma\Mr wiem\mutation-test-pipeline\logs\runs\20260412T191303Z_102328857_PlatformInsights_HUMAN_focal_maven
20260412T191304Z,102328857,PlatformInsights,AI_ONLY,focal,maven,,,,,,,,,FAIL,clone,1,MODULE_MISSING,Module directory does not exist: D:\Khedma\Mr wiem\mutation-test-pipeline\target-repos\102328857\PlatformInsights,0,NONE,,1.6.9,,,D:\Khedma\Mr wiem\mutation-test-pipeline\logs\runs\20260412T191304Z_102328857_PlatformInsights_AI_ONLY_focal_maven
20260412T191329Z,102341886,swagger-dubbo,HUMAN,focal,maven,com.deepoove.swagger.dubbo.http.HttpMatch,com.deepoove.swagger.dubbo.http.HttpMatchTest,,,,,,,FAIL,test,1,COMPILATION,"Command '['mvn.cmd', '-s', 'D:\\Khedma\\Mr wiem\\mutation-test-pipeline\\.mvn\\settings.xml', '-Dtest=com.deepoove.swagger.dubbo.http.HttpMatchTest', 'test']' returned non-zero exit status 1.: [INFO] Scanning for projects... [INFO] [INFO] ---------------------< com.deepoove:swagger-dubbo >--------------------- [INFO] Building swagger-dubbo 3.0.0-beta [INFO] from pom.xml [INFO] --------------------",0,NONE,,1.6.9,,,D:\Khedma\Mr wiem\mutation-test-pipeline\logs\runs\20260412T191329Z_102341886_swagger-dubbo_HUMAN_focal_maven
20260412T191347Z,102341886,swagger-dubbo,AI_ONLY,focal,maven,com.deepoove.swagger.dubbo.http.HttpMatch,com.deepoove.swagger.dubbo.http.HttpMatchAiTest,,,,,,,FAIL,test,1,COMPILATION,"Command '['mvn.cmd', '-s', 'D:\\Khedma\\Mr wiem\\mutation-test-pipeline\\.mvn\\settings.xml', '-Dtest=com.deepoove.swagger.dubbo.http.HttpMatchAiTest', 'test']' returned non-zero exit status 1.: [INFO] Scanning for projects... [INFO] [INFO] ---------------------< com.deepoove:swagger-dubbo >--------------------- [INFO] Building swagger-dubbo 3.0.0-beta [INFO] from pom.xml [INFO] ------------------",0,NONE,,1.6.9,,,D:\Khedma\Mr wiem\mutation-test-pipeline\logs\runs\20260412T191347Z_102341886_swagger-dubbo_AI_ONLY_focal_maven
20260412T191414Z,102415104,app,HUMAN,focal,maven,br.com.liveo.mvp.screen.home.HomePresenter,br.com.liveo.mvp.screen.home.HomePresenterTest,,,,,,,FAIL,compile,1,OTHER,"Command '['mvn.cmd', '-s', 'D:\\Khedma\\Mr wiem\\mutation-test-pipeline\\.mvn\\settings.xml', '-DskipTests', 'compile']' returned non-zero exit status 1.: [INFO] Scanning for projects... [INFO] ------------------------------------------------------------------------ [INFO] BUILD FAILURE [INFO] ------------------------------------------------------------------------ [INFO] Total time: 0.058 s [INFO",0,NONE,,1.6.9,,,D:\Khedma\Mr wiem\mutation-test-pipeline\logs\runs\20260412T191414Z_102415104_app_HUMAN_focal_maven
20260412T191418Z,102415104,app,AI_ONLY,focal,maven,br.com.liveo.mvp.screen.home.HomePresenter,br.com.liveo.mvp.screen.home.HomePresenterAiTest,,,,,,,FAIL,compile,1,OTHER,"Command '['mvn.cmd', '-s', 'D:\\Khedma\\Mr wiem\\mutation-test-pipeline\\.mvn\\settings.xml', '-DskipTests', 'compile']' returned non-zero exit status 1.: [INFO] Scanning for projects... [INFO] ------------------------------------------------------------------------ [INFO] BUILD FAILURE [INFO] ------------------------------------------------------------------------ [INFO] Total time: 0.062 s [INFO",0,NONE,,1.6.9,,,D:\Khedma\Mr wiem\mutation-test-pipeline\logs\runs\20260412T191418Z_102415104_app_AI_ONLY_focal_maven
20260412T191436Z,102444259,camel-ids,HUMAN,focal,maven,,,,,,,,,FAIL,clone,1,MODULE_MISSING,Module directory does not exist: D:\Khedma\Mr wiem\mutation-test-pipeline\target-repos\102444259\camel-ids,0,NONE,,1.6.9,,,D:\Khedma\Mr wiem\mutation-test-pipeline\logs\runs\20260412T191436Z_102444259_camel-ids_HUMAN_focal_maven
20260412T191436Z,102444259,camel-ids,AI_ONLY,focal,maven,,,,,,,,,FAIL,clone,1,MODULE_MISSING,Module directory does not exist: D:\Khedma\Mr wiem\mutation-test-pipeline\target-repos\102444259\camel-ids,0,NONE,,1.6.9,,,D:\Khedma\Mr wiem\mutation-test-pipeline\logs\runs\20260412T191436Z_102444259_camel-ids_AI_ONLY_focal_maven
20260412T191455Z,102452115,broccoli-core,HUMAN,focal,maven,nl.tudelft.broccoli.core.track.OneWayTrack,nl.tudelft.broccoli.core.track.OneWayTrackTest,,,,,,,FAIL,compile,1,OTHER,"Command '['mvn.cmd', '-s', 'D:\\Khedma\\Mr wiem\\mutation-test-pipeline\\.mvn\\settings.xml', '-DskipTests', 'compile']' returned non-zero exit status 1.: [INFO] Scanning for projects... [INFO] ------------------------------------------------------------------------ [INFO] BUILD FAILURE [INFO] ------------------------------------------------------------------------ [INFO] Total time: 0.061 s [INFO",0,NONE,,1.6.9,,,D:\Khedma\Mr wiem\mutation-test-pipeline\logs\runs\20260412T191455Z_102452115_broccoli-core_HUMAN_focal_maven
20260412T191459Z,102452115,broccoli-core,AI_ONLY,focal,maven,nl.tudelft.broccoli.core.track.OneWayTrack,,,,,,,,FAIL,clone,1,FILE_NOT_FOUND,Generated AI test has no public class declaration: D:\Khedma\Mr wiem\mutation-test-pipeline\experiments\generated_tests\102452115_158_GeneratedTest.java,0,NONE,,1.6.9,,,D:\Khedma\Mr wiem\mutation-test-pipeline\logs\runs\20260412T191459Z_102452115_broccoli-core_AI_ONLY_focal_maven
20260412T191517Z,1024699,g3-java-client,HUMAN,focal,maven,net.dahanne.gallery3.client.utils.G3ConvertUtils,net.dahanne.gallery3.client.utils.G3ConvertUtilsTest,,,,,,,FAIL,compile,1,DEP_RESOLUTION,"Command '['mvn.cmd', '-s', 'D:\\Khedma\\Mr wiem\\mutation-test-pipeline\\.mvn\\settings.xml', '-DskipTests', 'compile']' returned non-zero exit status 1.: [INFO] Scanning for projects... [INFO] [INFO] ----------------< net.dahanne.gallery3:g3-java-client >----------------- [INFO] Building Gallery3 Java Client 1.2.1-SNAPSHOT [INFO] from pom.xml [INFO] --------------------------------[ jar ]--------",0,NONE,,1.6.9,,,D:\Khedma\Mr wiem\mutation-test-pipeline\logs\runs\20260412T191517Z_1024699_g3-java-client_HUMAN_focal_maven
20260412T191523Z,1024699,g3-java-client,AI_ONLY,focal,maven,net.dahanne.gallery3.client.utils.G3ConvertUtils,net.dahanne.gallery3.client.utils.G3ConvertUtilsAiTest,,,,,,,FAIL,compile,1,DEP_RESOLUTION,"Command '['mvn.cmd', '-s', 'D:\\Khedma\\Mr wiem\\mutation-test-pipeline\\.mvn\\settings.xml', '-DskipTests', 'compile']' returned non-zero exit status 1.: [INFO] Scanning for projects... [INFO] [INFO] ----------------< net.dahanne.gallery3:g3-java-client >----------------- [INFO] Building Gallery3 Java Client 1.2.1-SNAPSHOT [INFO] from pom.xml [INFO] --------------------------------[ jar ]--------",0,NONE,,1.6.9,,,D:\Khedma\Mr wiem\mutation-test-pipeline\logs\runs\20260412T191523Z_1024699_g3-java-client_AI_ONLY_focal_maven
20260412T191548Z,102471968,credit,HUMAN,focal,maven,de.n26.n26androidsamples.credit.data.CreditDraftMapper,de.n26.n26androidsamples.credit.data.CreditDraftMapperTest,,,,,,,FAIL,compile,1,OTHER,"Command '['mvn.cmd', '-s', 'D:\\Khedma\\Mr wiem\\mutation-test-pipeline\\.mvn\\settings.xml', '-DskipTests', 'compile']' returned non-zero exit status 1.: [INFO] Scanning for projects... [INFO] ------------------------------------------------------------------------ [INFO] BUILD FAILURE [INFO] ------------------------------------------------------------------------ [INFO] Total time: 0.062 s [INFO",0,NONE,,1.6.9,,,D:\Khedma\Mr wiem\mutation-test-pipeline\logs\runs\20260412T191548Z_102471968_credit_HUMAN_focal_maven
20260412T191551Z,102471968,credit,AI_ONLY,focal,maven,de.n26.n26androidsamples.credit.data.CreditDraftMapper,de.n26.n26androidsamples.credit.data.CreditDraftMapperAiTest,,,,,,,FAIL,compile,1,OTHER,"Command '['mvn.cmd', '-s', 'D:\\Khedma\\Mr wiem\\mutation-test-pipeline\\.mvn\\settings.xml', '-DskipTests', 'compile']' returned non-zero exit status 1.: [INFO] Scanning for projects... [INFO] ------------------------------------------------------------------------ [INFO] BUILD FAILURE [INFO] ------------------------------------------------------------------------ [INFO] Total time: 0.060 s [INFO",0,NONE,,1.6.9,,,D:\Khedma\Mr wiem\mutation-test-pipeline\logs\runs\20260412T191551Z_102471968_credit_AI_ONLY_focal_maven
services,1025030,core/services,HUMAN,focal,maven,eu.planets_project.ifr.core.common.conf.ServiceConfig,eu.planets_project.ifr.core.common.conf.ServiceConfigTest,,,,,,,FAIL,compile,1,HTTP_BLOCKER,"Command '['mvn.cmd', '-s', 'D:\\Khedma\\Mr wiem\\mutation-test-pipeline\\.mvn\\settings.xml', '-DskipTests', 'compile']' returned non-zero exit status 1.: [INFO] Scanning for projects... Downloading from central: https://repo1.maven.org/maven2/org/apache/maven/wagon/wagon-ssh/1.0-beta-6/wagon-ssh-1.0-beta-6.pom Progress (1): 818 B Progress (1): 2.2 kB Progress (1): 2.9 kB Downloaded from central: ",0,NONE,,1.6.9,,,D:\Khedma\Mr wiem\mutation-test-pipeline\logs\runs\20260412T191620Z_1025030_core\services_HUMAN_focal_maven
services,1025030,core/services,HUMAN,focal,maven,eu.planets_project.ifr.core.common.conf.ServiceConfig,eu.planets_project.ifr.core.common.conf.ServiceConfigTest,,,,,,,FAIL,compile,1,HTTP_BLOCKER,"Command '['mvn.cmd', '-U', '-s', 'D:\\Khedma\\Mr wiem\\mutation-test-pipeline\\target-repos\\1025030\\.mvn\\settings.xml', '-DskipTests', 'compile']' returned non-zero exit status 1.: [INFO] Scanning for projects... Downloading from central-https: https://repo1.maven.org/maven2/org/apache/maven/wagon/wagon-ssh/1.0-beta-6/wagon-ssh-1.0-beta-6.pom Progress (1): 818 B Progress (1): 2.2 kB Progress (1",1,HTTP_SETTINGS_FIX,,1.6.9,,,D:\Khedma\Mr wiem\mutation-test-pipeline\logs\runs\20260412T191631Z_1025030_core\services_HUMAN_focal_maven
services,1025030,core/services,AI_ONLY,focal,maven,eu.planets_project.ifr.core.common.conf.ServiceConfig,eu.planets_project.ifr.core.common.conf.ServiceConfigAiTest,,,,,,,FAIL,compile,1,HTTP_BLOCKER,"Command '['mvn.cmd', '-s', 'D:\\Khedma\\Mr wiem\\mutation-test-pipeline\\.mvn\\settings.xml', '-DskipTests', 'compile']' returned non-zero exit status 1.: [INFO] Scanning for projects... [INFO] Artifact org.apache.maven.wagon:wagon-ssh:pom:1.0-beta-6 is present in the local repository, but cached from a remote repository ID that is unavailable in current build context, verifying that is downloadab",0,NONE,,1.6.9,,,D:\Khedma\Mr wiem\mutation-test-pipeline\logs\runs\20260412T191651Z_1025030_core\services_AI_ONLY_focal_maven
services,1025030,core/services,AI_ONLY,focal,maven,eu.planets_project.ifr.core.common.conf.ServiceConfig,eu.planets_project.ifr.core.common.conf.ServiceConfigAiTest,,,,,,,FAIL,compile,1,HTTP_BLOCKER,"Command '['mvn.cmd', '-U', '-s', 'D:\\Khedma\\Mr wiem\\mutation-test-pipeline\\target-repos\\1025030\\.mvn\\settings.xml', '-DskipTests', 'compile']' returned non-zero exit status 1.: [INFO] Scanning for projects... [INFO] [INFO] -----------------< org.opf-labs.planets:core-services >----------------- [INFO] Building Planets Service Definitions 1.0.2-SNAPSHOT [INFO] from pom.xml [INFO] -----------",1,HTTP_SETTINGS_FIX,,1.6.9,,,D:\Khedma\Mr wiem\mutation-test-pipeline\logs\runs\20260412T191702Z_1025030_core\services_AI_ONLY_focal_maven
command,1025574,clients/command,HUMAN,focal,maven,eu.planets_project.tools.ToolSpec,eu.planets_project.tools.ToolSpecTest,,,,,,,FAIL,compile,1,HTTP_BLOCKER,"Command '['mvn.cmd', '-s', 'D:\\Khedma\\Mr wiem\\mutation-test-pipeline\\.mvn\\settings.xml', '-DskipTests', 'compile']' returned non-zero exit status 1.: [INFO] Scanning for projects... [INFO] [INFO] ------------------< planets-contrib.clients:command >------------------- [INFO] Building Planets Invocation Tool 0.0.1-SNAPSHOT [INFO] from pom.xml [INFO] --------------------------------[ jar ]-----",0,NONE,,1.6.9,,,D:\Khedma\Mr wiem\mutation-test-pipeline\logs\runs\20260412T191729Z_1025574_clients\command_HUMAN_focal_maven
command,1025574,clients/command,HUMAN,focal,maven,eu.planets_project.tools.ToolSpec,eu.planets_project.tools.ToolSpecTest,,,,,,,FAIL,compile,1,HTTP_BLOCKER,"Command '['mvn.cmd', '-U', '-s', 'D:\\Khedma\\Mr wiem\\mutation-test-pipeline\\target-repos\\1025574\\.mvn\\settings.xml', '-DskipTests', 'compile']' returned non-zero exit status 1.: [INFO] Scanning for projects... [INFO] [INFO] ------------------< planets-contrib.clients:command >------------------- [INFO] Building Planets Invocation Tool 0.0.1-SNAPSHOT [INFO] from pom.xml [INFO] ---------------",1,HTTP_SETTINGS_FIX,,1.6.9,,,D:\Khedma\Mr wiem\mutation-test-pipeline\logs\runs\20260412T191735Z_1025574_clients\command_HUMAN_focal_maven
command,1025574,clients/command,AI_ONLY,focal,maven,eu.planets_project.tools.ToolSpec,eu.planets_project.tools.ToolSpecAiTest,,,,,,,FAIL,compile,1,HTTP_BLOCKER,"Command '['mvn.cmd', '-s', 'D:\\Khedma\\Mr wiem\\mutation-test-pipeline\\.mvn\\settings.xml', '-DskipTests', 'compile']' returned non-zero exit status 1.: [INFO] Scanning for projects... [INFO] [INFO] ------------------< planets-contrib.clients:command >------------------- [INFO] Building Planets Invocation Tool 0.0.1-SNAPSHOT [INFO] from pom.xml [INFO] --------------------------------[ jar ]-----",0,NONE,,1.6.9,,,D:\Khedma\Mr wiem\mutation-test-pipeline\logs\runs\20260412T191744Z_1025574_clients\command_AI_ONLY_focal_maven
command,1025574,clients/command,AI_ONLY,focal,maven,eu.planets_project.tools.ToolSpec,eu.planets_project.tools.ToolSpecAiTest,,,,,,,FAIL,compile,1,HTTP_BLOCKER,"Command '['mvn.cmd', '-U', '-s', 'D:\\Khedma\\Mr wiem\\mutation-test-pipeline\\target-repos\\1025574\\.mvn\\settings.xml', '-DskipTests', 'compile']' returned non-zero exit status 1.: [INFO] Scanning for projects... [INFO] [INFO] ------------------< planets-contrib.clients:command >------------------- [INFO] Building Planets Invocation Tool 0.0.1-SNAPSHOT [INFO] from pom.xml [INFO] ---------------",1,HTTP_SETTINGS_FIX,,1.6.9,,,D:\Khedma\Mr wiem\mutation-test-pipeline\logs\runs\20260412T191748Z_1025574_clients\command_AI_ONLY_focal_maven
20260412T191815Z,102583752,com.microsoft.java.debug.core,HUMAN,focal,maven,com.microsoft.java.debug.core.adapter.formatter.ObjectFormatter,com.microsoft.java.debug.core.adapter.formatter.ObjectFormatterTest,,,,,,,FAIL,compile,1,OTHER,"Command '['mvn.cmd', '-s', 'D:\\Khedma\\Mr wiem\\mutation-test-pipeline\\.mvn\\settings.xml', '-DskipTests', 'compile']' returned non-zero exit status 1.: [INFO] Scanning for projects... Downloading from central: https://repo1.maven.org/maven2/org/eclipse/tycho/tycho-maven-plugin/5.0.0/tycho-maven-plugin-5.0.0.pom Progress (1): 950 B Progress (1): 1.7 kB Downloaded from central: https://repo1.mave",0,NONE,,1.6.9,,,D:\Khedma\Mr wiem\mutation-test-pipeline\logs\runs\20260412T191815Z_102583752_com.microsoft.java.debug.core_HUMAN_focal_maven
20260412T191829Z,102583752,com.microsoft.java.debug.core,AI_ONLY,focal,maven,com.microsoft.java.debug.core.adapter.formatter.ObjectFormatter,com.microsoft.java.debug.core.adapter.formatter.ObjectFormatterAiTest,,,,,,,FAIL,compile,1,OTHER,"Command '['mvn.cmd', '-s', 'D:\\Khedma\\Mr wiem\\mutation-test-pipeline\\.mvn\\settings.xml', '-DskipTests', 'compile']' returned non-zero exit status 1.: [INFO] Scanning for projects... [WARNING] Error injecting: org.eclipse.tycho.core.maven.TychoReactorReader java.lang.TypeNotPresentException: Type org.eclipse.tycho.core.maven.TychoReactorReader not present at org.eclipse.sisu.space.URLClassSpac",0,NONE,,1.6.9,,,D:\Khedma\Mr wiem\mutation-test-pipeline\logs\runs\20260412T191829Z_102583752_com.microsoft.java.debug.core_AI_ONLY_focal_maven
common-util,102596286,util/common-util,HUMAN,focal,maven,com.emc.ocopea.util.HashCodeUtil,com.emc.ocopea.util.HashCodeUtilTest,,,,,,,FAIL,compile,1,DEP_RESOLUTION,"Command '['mvn.cmd', '-s', 'D:\\Khedma\\Mr wiem\\mutation-test-pipeline\\.mvn\\settings.xml', '-DskipTests', 'compile']' returned non-zero exit status 1.: [INFO] Scanning for projects... Downloading from central: https://repo1.maven.org/maven2/org/jboss/resteasy/resteasy-bom/3.0.16.Final/resteasy-bom-3.0.16.Final.pom Progress (1): 3.8 kB Progress (1): 7.1 kB Downloaded from central: https://repo1.",0,NONE,,1.6.9,,,D:\Khedma\Mr wiem\mutation-test-pipeline\logs\runs\20260412T191853Z_102596286_util\common-util_HUMAN_focal_maven
common-util,102596286,util/common-util,AI_ONLY,focal,maven,com.emc.ocopea.util.HashCodeUtil,com.emc.ocopea.util.HashCodeUtilAiTest,,,,,,,FAIL,compile,1,SNAPSHOT_MISSING,"Command '['mvn.cmd', '-s', 'D:\\Khedma\\Mr wiem\\mutation-test-pipeline\\.mvn\\settings.xml', '-DskipTests', 'compile']' returned non-zero exit status 1.: [INFO] Scanning for projects... [INFO] [INFO] ------------------< com.emc.ocopea.util:common-util >------------------- [INFO] Building Common Utility 0.1-SNAPSHOT [INFO] from pom.xml [INFO] --------------------------------[ jar ]----------------",0,NONE,,1.6.9,,,D:\Khedma\Mr wiem\mutation-test-pipeline\logs\runs\20260412T191859Z_102596286_util\common-util_AI_ONLY_focal_maven
common-util,102596286,util/common-util,AI_ONLY,focal,maven,com.emc.ocopea.util.HashCodeUtil,com.emc.ocopea.util.HashCodeUtilAiTest,,,,,,,FAIL,compile,1,DEP_RESOLUTION,"Command '['mvn.cmd', '-U', '-s', 'D:\\Khedma\\Mr wiem\\mutation-test-pipeline\\.mvn\\settings.xml', '-DskipTests', 'compile']' returned non-zero exit status 1.: [INFO] Scanning for projects... [INFO] [INFO] ------------------< com.emc.ocopea.util:common-util >------------------- [INFO] Building Common Utility 0.1-SNAPSHOT [INFO] from pom.xml [INFO] --------------------------------[ jar ]----------",0,MAVEN_FORCE_UPDATE,,1.6.9,,,D:\Khedma\Mr wiem\mutation-test-pipeline\logs\runs\20260412T191903Z_102596286_util\common-util_AI_ONLY_focal_maven
20260412T191924Z,102597994,memguard,HUMAN,focal,maven,com.tolpp.memguard.encoder.RandomXorEncoderFactory,com.tolpp.memguard.encoder.RandomXorEncoderFactoryTest,,,,,,,FAIL,compile,1,OTHER,"Command '['mvn.cmd', '-s', 'D:\\Khedma\\Mr wiem\\mutation-test-pipeline\\.mvn\\settings.xml', '-DskipTests', 'compile']' returned non-zero exit status 1.: [INFO] Scanning for projects... [INFO] ------------------------------------------------------------------------ [INFO] BUILD FAILURE [INFO] ------------------------------------------------------------------------ [INFO] Total time: 0.061 s [INFO",0,NONE,,1.6.9,,,D:\Khedma\Mr wiem\mutation-test-pipeline\logs\runs\20260412T191924Z_102597994_memguard_HUMAN_focal_maven
20260412T191927Z,102597994,memguard,AI_ONLY,focal,maven,com.tolpp.memguard.encoder.RandomXorEncoderFactory,,,,,,,,FAIL,clone,1,FILE_NOT_FOUND,Generated AI test has no public class declaration: D:\Khedma\Mr wiem\mutation-test-pipeline\experiments\generated_tests\102597994_6_GeneratedTest.java,0,NONE,,1.6.9,,,D:\Khedma\Mr wiem\mutation-test-pipeline\logs\runs\20260412T191927Z_102597994_memguard_AI_ONLY_focal_maven
20260412T191948Z,102608940,portfolio-service,HUMAN,focal,maven,io.vertx.workshop.portfolio.impl.PortfolioServiceImpl,io.vertx.workshop.portfolio.impl.PortfolioServiceImplTest,,,,,,,FAIL,compile,1,HTTP_BLOCKER,"Command '['mvn.cmd', '-s', 'D:\\Khedma\\Mr wiem\\mutation-test-pipeline\\.mvn\\settings.xml', '-DskipTests', 'compile']' returned non-zero exit status 1.: INFO: io.vertx.codegen.CodeGenProcessor - Loaded service_proxy_handler code generator INFO: io.vertx.codegen.CodeGenProcessor - Loaded service_proxy code generator INFO: io.vertx.codegen.CodeGenProcessor - Loaded sockjs_service_proxies code gene",0,NONE,,1.6.9,,,D:\Khedma\Mr wiem\mutation-test-pipeline\logs\runs\20260412T191948Z_102608940_portfolio-service_HUMAN_focal_maven
20260412T192028Z,102608940,portfolio-service,HUMAN,focal,maven,io.vertx.workshop.portfolio.impl.PortfolioServiceImpl,io.vertx.workshop.portfolio.impl.PortfolioServiceImplTest,,,,,,,FAIL,compile,1,COMPILATION,"Command '['mvn.cmd', '-U', '-s', 'D:\\Khedma\\Mr wiem\\mutation-test-pipeline\\target-repos\\102608940\\.mvn\\settings.xml', '-DskipTests', 'compile']' returned non-zero exit status 1.: INFO: io.vertx.codegen.CodeGenProcessor - Loaded service_proxy_handler code generator INFO: io.vertx.codegen.CodeGenProcessor - Loaded service_proxy code generator INFO: io.vertx.codegen.CodeGenProcessor - Loaded s",1,HTTP_SETTINGS_FIX,,1.6.9,,,D:\Khedma\Mr wiem\mutation-test-pipeline\logs\runs\20260412T192028Z_102608940_portfolio-service_HUMAN_focal_maven
20260412T192111Z,102608940,portfolio-service,AI_ONLY,focal,maven,io.vertx.workshop.portfolio.impl.PortfolioServiceImpl,,,,,,,,FAIL,clone,1,FILE_NOT_FOUND,Generated AI test has no public class declaration: D:\Khedma\Mr wiem\mutation-test-pipeline\experiments\generated_tests\102608940_4_GeneratedTest.java,0,NONE,,1.6.9,,,D:\Khedma\Mr wiem\mutation-test-pipeline\logs\runs\20260412T192111Z_102608940_portfolio-service_AI_ONLY_focal_maven
20260412T192133Z,102614080,ds,HUMAN,focal,maven,org.opendaylight.etcd.ds.impl.EtcdWatcherSplittingConsumer,org.opendaylight.etcd.ds.impl.EtcdWatcherSplittingConsumerTest,,,,,,,FAIL,compile,1,DEP_RESOLUTION,"Command '['mvn.cmd', '-s', 'D:\\Khedma\\Mr wiem\\mutation-test-pipeline\\.mvn\\settings.xml', '-DskipTests', 'compile']' returned non-zero exit status 1.: [INFO] Scanning for projects... [ERROR] [ERROR] Some problems were encountered while processing the POMs: [FATAL] Non-resolvable parent POM for org.opendaylight.etcd:bundle-parent:0.0.1-SNAPSHOT: The following artifacts could not be resolved: or",0,NONE,,1.6.9,,,D:\Khedma\Mr wiem\mutation-test-pipeline\logs\runs\20260412T192133Z_102614080_ds_HUMAN_focal_maven
20260412T192137Z,102614080,ds,AI_ONLY,focal,maven,org.opendaylight.etcd.ds.impl.EtcdWatcherSplittingConsumer,org.opendaylight.etcd.ds.impl.EtcdWatcherSplittingConsumerAiTest,,,,,,,FAIL,compile,1,DEP_RESOLUTION,"Command '['mvn.cmd', '-s', 'D:\\Khedma\\Mr wiem\\mutation-test-pipeline\\.mvn\\settings.xml', '-DskipTests', 'compile']' returned non-zero exit status 1.: [INFO] Scanning for projects... [ERROR] [ERROR] Some problems were encountered while processing the POMs: [FATAL] Non-resolvable parent POM for org.opendaylight.etcd:bundle-parent:0.0.1-SNAPSHOT: The following artifacts could not be resolved: or",0,NONE,,1.6.9,,,D:\Khedma\Mr wiem\mutation-test-pipeline\logs\runs\20260412T192137Z_102614080_ds_AI_ONLY_focal_maven
20260412T192201Z,10262572,as2-lib,HUMAN,focal,maven,,,,,,,,,FAIL,clone,1,MODULE_MISSING,Module directory does not exist: D:\Khedma\Mr wiem\mutation-test-pipeline\target-repos\10262572\as2-lib,0,NONE,,1.6.9,,,D:\Khedma\Mr wiem\mutation-test-pipeline\logs\runs\20260412T192201Z_10262572_as2-lib_HUMAN_focal_maven
20260412T192202Z,10262572,as2-lib,AI_ONLY,focal,maven,,,,,,,,,FAIL,clone,1,MODULE_MISSING,Module directory does not exist: D:\Khedma\Mr wiem\mutation-test-pipeline\target-repos\10262572\as2-lib,0,NONE,,1.6.9,,,D:\Khedma\Mr wiem\mutation-test-pipeline\logs\runs\20260412T192202Z_10262572_as2-lib_AI_ONLY_focal_maven
java-examples,10264172,vol1/java-examples,HUMAN,focal,maven,com.heatonresearch.aifh.general.fns.link.InverseSquaredLinkFunction,com.heatonresearch.aifh.general.fns.link.TestInverseSquaredLinkFunction,,,,,,,FAIL,compile,1,OTHER,"Command '['mvn.cmd', '-s', 'D:\\Khedma\\Mr wiem\\mutation-test-pipeline\\.mvn\\settings.xml', '-DskipTests', 'compile']' returned non-zero exit status 1.: [INFO] Scanning for projects... [INFO] ------------------------------------------------------------------------ [INFO] BUILD FAILURE [INFO] ------------------------------------------------------------------------ [INFO] Total time: 0.059 s [INFO",0,NONE,,1.6.9,,,D:\Khedma\Mr wiem\mutation-test-pipeline\logs\runs\20260412T192222Z_10264172_vol1\java-examples_HUMAN_focal_maven
java-examples,10264172,vol1/java-examples,AI_ONLY,focal,maven,com.heatonresearch.aifh.general.fns.link.InverseSquaredLinkFunction,com.heatonresearch.aifh.general.fns.link.InverseSquaredLinkFunctionAiTest,,,,,,,FAIL,compile,1,OTHER,"Command '['mvn.cmd', '-s', 'D:\\Khedma\\Mr wiem\\mutation-test-pipeline\\.mvn\\settings.xml', '-DskipTests', 'compile']' returned non-zero exit status 1.: [INFO] Scanning for projects... [INFO] ------------------------------------------------------------------------ [INFO] BUILD FAILURE [INFO] ------------------------------------------------------------------------ [INFO] Total time: 0.059 s [INFO",0,NONE,,1.6.9,,,D:\Khedma\Mr wiem\mutation-test-pipeline\logs\runs\20260412T192225Z_10264172_vol1\java-examples_AI_ONLY_focal_maven
20260412T192249Z,10269178,scenarioo-server,HUMAN,focal,maven,org.scenarioo.utils.IdGenerator,org.scenarioo.utils.IdGeneratorTest,,,,,,,FAIL,compile,1,OTHER,"Command '['mvn.cmd', '-s', 'D:\\Khedma\\Mr wiem\\mutation-test-pipeline\\.mvn\\settings.xml', '-DskipTests', 'compile']' returned non-zero exit status 1.: [INFO] Scanning for projects... [INFO] ------------------------------------------------------------------------ [INFO] BUILD FAILURE [INFO] ------------------------------------------------------------------------ [INFO] Total time: 0.063 s [INFO",0,NONE,,1.6.9,,,D:\Khedma\Mr wiem\mutation-test-pipeline\logs\runs\20260412T192249Z_10269178_scenarioo-server_HUMAN_focal_maven
20260412T192253Z,10269178,scenarioo-server,AI_ONLY,focal,maven,org.scenarioo.utils.IdGenerator,org.scenarioo.utils.IdGeneratorAiTest,,,,,,,FAIL,compile,1,OTHER,"Command '['mvn.cmd', '-s', 'D:\\Khedma\\Mr wiem\\mutation-test-pipeline\\.mvn\\settings.xml', '-DskipTests', 'compile']' returned non-zero exit status 1.: [INFO] Scanning for projects... [INFO] ------------------------------------------------------------------------ [INFO] BUILD FAILURE [INFO] ------------------------------------------------------------------------ [INFO] Total time: 0.059 s [INFO",0,NONE,,1.6.9,,,D:\Khedma\Mr wiem\mutation-test-pipeline\logs\runs\20260412T192253Z_10269178_scenarioo-server_AI_ONLY_focal_maven
20260412T192316Z,102705073,common-lib,HUMAN,focal,maven,com.jokers.common.date.DateUtil,com.jokers.common.date.DateUtilTest,,,,,,,FAIL,compile,1,COMPILATION,"Command '['mvn.cmd', '-s', 'D:\\Khedma\\Mr wiem\\mutation-test-pipeline\\.mvn\\settings.xml', '-DskipTests', 'compile']' returned non-zero exit status 1.: [INFO] Scanning for projects... [INFO] [INFO] -------------------< io.github.tong12580:common-lib >------------------- [INFO] Building common-lib 1.3.4-SNAPSHOT [INFO] from pom.xml [INFO] --------------------------------[ jar ]------------------",0,NONE,,1.6.9,,,D:\Khedma\Mr wiem\mutation-test-pipeline\logs\runs\20260412T192316Z_102705073_common-lib_HUMAN_focal_maven
20260412T192326Z,102705073,common-lib,AI_ONLY,focal,maven,com.jokers.common.date.DateUtil,,,,,,,,FAIL,clone,1,FILE_NOT_FOUND,Generated AI test has no public class declaration: D:\Khedma\Mr wiem\mutation-test-pipeline\experiments\generated_tests\102705073_0_GeneratedTest.java,0,NONE,,1.6.9,,,D:\Khedma\Mr wiem\mutation-test-pipeline\logs\runs\20260412T192326Z_102705073_common-lib_AI_ONLY_focal_maven
20260412T192345Z,1027501,http,HUMAN,focal,maven,com.ning.metrics.eventtracker.HttpSender,com.ning.metrics.eventtracker.TestHttpSender,,,,,,,FAIL,compile,1,DEP_RESOLUTION,"Command '['mvn.cmd', '-s', 'D:\\Khedma\\Mr wiem\\mutation-test-pipeline\\.mvn\\settings.xml', '-DskipTests', 'compile']' returned non-zero exit status 1.: [INFO] Scanning for projects... Downloading from central: https://repo1.maven.org/maven2/com/ning/metrics.base-pom/0.1.4/metrics.base-pom-0.1.4.pom Progress (1): 1.2 kB Progress (1): 3.6 kB Progress (1): 7.4 kB Progress (1): 8.2 kB Progress (1):",0,NONE,,1.6.9,,,D:\Khedma\Mr wiem\mutation-test-pipeline\logs\runs\20260412T192345Z_1027501_http_HUMAN_focal_maven
20260412T192354Z,1027501,http,AI_ONLY,focal,maven,com.ning.metrics.eventtracker.HttpSender,com.ning.metrics.eventtracker.HttpSenderAiTest,,,,,,,FAIL,compile,1,SNAPSHOT_MISSING,"Command '['mvn.cmd', '-s', 'D:\\Khedma\\Mr wiem\\mutation-test-pipeline\\.mvn\\settings.xml', '-DskipTests', 'compile']' returned non-zero exit status 1.: [INFO] Scanning for projects... [WARNING] [WARNING] Some problems were encountered while building the effective model for com.ning:metrics.eventtracker-http:jar:4.1.3-SNAPSHOT [WARNING] Reporting configuration should be done in <reporting> secti",0,NONE,,1.6.9,,,D:\Khedma\Mr wiem\mutation-test-pipeline\logs\runs\20260412T192354Z_1027501_http_AI_ONLY_focal_maven
20260412T192358Z,1027501,http,AI_ONLY,focal,maven,com.ning.metrics.eventtracker.HttpSender,com.ning.metrics.eventtracker.HttpSenderAiTest,,,,,,,FAIL,compile,1,HTTP_BLOCKER,"Command '['mvn.cmd', '-U', '-s', 'D:\\Khedma\\Mr wiem\\mutation-test-pipeline\\target-repos\\1027501\\.mvn\\settings.xml', '-DskipTests', 'compile']' returned non-zero exit status 1.: [INFO] Scanning for projects... Downloading from central-https: https://repo1.maven.org/maven2/com/ning/metrics.base-pom/0.1.4/metrics.base-pom-0.1.4.pom Progress (1): 1.1 kB Progress (1): 2.5 kB Progress (1): 7.4 kB",1,HTTP_SETTINGS_FIX,,1.6.9,,,D:\Khedma\Mr wiem\mutation-test-pipeline\logs\runs\20260412T192358Z_1027501_http_AI_ONLY_focal_maven
module2,10275891,sample/module2,HUMAN,focal,maven,org.eluder.coverage.sample.PartialCoverage,org.eluder.coverage.sample.PartialCoverageTest,,,,,,,FAIL,compile,1,COMPILATION,"Command '['mvn.cmd', '-s', 'D:\\Khedma\\Mr wiem\\mutation-test-pipeline\\.mvn\\settings.xml', '-DskipTests', 'compile']' returned non-zero exit status 1.: [INFO] Scanning for projects... Downloading from central: https://repo1.maven.org/maven2/org/eluder/eluder-parent/9/eluder-parent-9.pom Progress (1): 1.1 kB Progress (1): 2.6 kB Progress (1): 6.9 kB Progress (1): 11 kB Progress (1): 13 kB Progre",0,NONE,,1.6.9,,,D:\Khedma\Mr wiem\mutation-test-pipeline\logs\runs\20260412T192424Z_10275891_sample\module2_HUMAN_focal_maven
module2,10275891,sample/module2,AI_ONLY,focal,maven,org.eluder.coverage.sample.PartialCoverage,org.eluder.coverage.sample.PartialCoverageAiTest,,,,,,,FAIL,compile,1,COMPILATION,"Command '['mvn.cmd', '-s', 'D:\\Khedma\\Mr wiem\\mutation-test-pipeline\\.mvn\\settings.xml', '-DskipTests', 'compile']' returned non-zero exit status 1.: [INFO] Scanning for projects... [INFO] [INFO] --------------------< org.eluder.coverage:module2 >--------------------- [INFO] Building module2 1.0-SNAPSHOT [INFO] from pom.xml [INFO] --------------------------------[ jar ]-----------------------",0,NONE,,1.6.9,,,D:\Khedma\Mr wiem\mutation-test-pipeline\logs\runs\20260412T192431Z_10275891_sample\module2_AI_ONLY_focal_maven
20260412T192457Z,10277647,provisio-core,HUMAN,focal,maven,ca.vanzyl.provisio.perms.ModeParser,ca.vanzyl.provisio.perms.ModeParserTest,,,,,,,FAIL,compile,1,DEP_RESOLUTION,"Command '['mvn.cmd', '-s', 'D:\\Khedma\\Mr wiem\\mutation-test-pipeline\\.mvn\\settings.xml', '-DskipTests', 'compile']' returned non-zero exit status 1.: [INFO] Scanning for projects... Downloading from central: https://repo1.maven.org/maven2/io/takari/takari/63/takari-63.pom Progress (1): 838 B Progress (1): 2.4 kB Progress (1): 4.0 kB Progress (1): 7.0 kB Progress (1): 8.3 kB Progress (1): 12 k",0,NONE,,1.6.9,,,D:\Khedma\Mr wiem\mutation-test-pipeline\logs\runs\20260412T192457Z_10277647_provisio-core_HUMAN_focal_maven
20260412T192510Z,10277647,provisio-core,AI_ONLY,focal,maven,ca.vanzyl.provisio.perms.ModeParser,ca.vanzyl.provisio.perms.ModeParserAiTest,,,,,,,FAIL,compile,1,DEP_RESOLUTION,"Command '['mvn.cmd', '-s', 'D:\\Khedma\\Mr wiem\\mutation-test-pipeline\\.mvn\\settings.xml', '-DskipTests', 'compile']' returned non-zero exit status 1.: [INFO] Scanning for projects... [INFO] [INFO] ----------------------< ca.vanzyl:provisio-core >----------------------- [INFO] Building Provisio :: Core 1.1.2-SNAPSHOT [INFO] from pom.xml [INFO] -----------------------------[ takari-jar ]--------",0,NONE,,1.6.9,,,D:\Khedma\Mr wiem\mutation-test-pipeline\logs\runs\20260412T192510Z_10277647_provisio-core_AI_ONLY_focal_maven
20260412T192534Z,1028034,core,HUMAN,focal,maven,org.kabeja.math.ParametricPlane,org.kabeja.math.ParametricPlaneTest,,,,,,,FAIL,compile,1,COMPILATION,"Command '['mvn.cmd', '-s', 'D:\\Khedma\\Mr wiem\\mutation-test-pipeline\\.mvn\\settings.xml', '-DskipTests', 'compile']' returned non-zero exit status 1.: [INFO] Scanning for projects... [INFO] [INFO] -----------------------< org.kabeja:kabeja-core >----------------------- [INFO] Building Kabeja core 0.5.0-SNAPSHOT [INFO] from pom.xml [INFO] --------------------------------[ jar ]-----------------",0,NONE,,1.6.9,,,D:\Khedma\Mr wiem\mutation-test-pipeline\logs\runs\20260412T192534Z_1028034_core_HUMAN_focal_maven
20260412T192541Z,1028034,core,AI_ONLY,focal,maven,org.kabeja.math.ParametricPlane,org.kabeja.math.ParametricPlaneAiTest,,,,,,,FAIL,compile,1,COMPILATION,"Command '['mvn.cmd', '-s', 'D:\\Khedma\\Mr wiem\\mutation-test-pipeline\\.mvn\\settings.xml', '-DskipTests', 'compile']' returned non-zero exit status 1.: [INFO] Scanning for projects... [INFO] [INFO] -----------------------< org.kabeja:kabeja-core >----------------------- [INFO] Building Kabeja core 0.5.0-SNAPSHOT [INFO] from pom.xml [INFO] --------------------------------[ jar ]-----------------",0,NONE,,1.6.9,,,D:\Khedma\Mr wiem\mutation-test-pipeline\logs\runs\20260412T192541Z_1028034_core_AI_ONLY_focal_maven
20260412T192603Z,102814088,collectionview,HUMAN,focal,maven,vn.tiki.collectionview.CollectionViewPresenter,vn.tiki.collectionview.CollectionViewPresenterTest,,,,,,,FAIL,compile,1,OTHER,"Command '['mvn.cmd', '-s', 'D:\\Khedma\\Mr wiem\\mutation-test-pipeline\\.mvn\\settings.xml', '-DskipTests', 'compile']' returned non-zero exit status 1.: [INFO] Scanning for projects... [INFO] ------------------------------------------------------------------------ [INFO] BUILD FAILURE [INFO] ------------------------------------------------------------------------ [INFO] Total time: 0.062 s [INFO",0,NONE,,1.6.9,,,D:\Khedma\Mr wiem\mutation-test-pipeline\logs\runs\20260412T192603Z_102814088_collectionview_HUMAN_focal_maven
20260412T192606Z,102814088,collectionview,AI_ONLY,focal,maven,vn.tiki.collectionview.CollectionViewPresenter,vn.tiki.collectionview.CollectionViewPresenterAiTest,,,,,,,FAIL,compile,1,OTHER,"Command '['mvn.cmd', '-s', 'D:\\Khedma\\Mr wiem\\mutation-test-pipeline\\.mvn\\settings.xml', '-DskipTests', 'compile']' returned non-zero exit status 1.: [INFO] Scanning for projects... [INFO] ------------------------------------------------------------------------ [INFO] BUILD FAILURE [INFO] ------------------------------------------------------------------------ [INFO] Total time: 0.060 s [INFO",0,NONE,,1.6.9,,,D:\Khedma\Mr wiem\mutation-test-pipeline\logs\runs\20260412T192606Z_102814088_collectionview_AI_ONLY_focal_maven
sopremo-common,10283615,sopremo/sopremo-common,HUMAN,focal,maven,eu.stratosphere.sopremo.type.JavaToJsonMapper,eu.stratosphere.sopremo.type.JavaToJsonMapperTest,,,,,,,FAIL,compile,1,HTTP_BLOCKER,"Command '['mvn.cmd', '-s', 'D:\\Khedma\\Mr wiem\\mutation-test-pipeline\\.mvn\\settings.xml', '-DskipTests', 'compile']' returned non-zero exit status 1.: [INFO] Scanning for projects... [INFO] [INFO] -------------------< eu.stratosphere:sopremo-common >------------------- [INFO] Building sopremo-common 0.4.3-SNAPSHOT [INFO] from pom.xml [INFO] --------------------------------[ jar ]--------------",0,NONE,,1.6.9,,,D:\Khedma\Mr wiem\mutation-test-pipeline\logs\runs\20260412T192630Z_10283615_sopremo\sopremo-common_HUMAN_focal_maven
sopremo-common,10283615,sopremo/sopremo-common,HUMAN,focal,maven,eu.stratosphere.sopremo.type.JavaToJsonMapper,eu.stratosphere.sopremo.type.JavaToJsonMapperTest,,,,,,,FAIL,compile,1,DEP_RESOLUTION,"Command '['mvn.cmd', '-U', '-s', 'D:\\Khedma\\Mr wiem\\mutation-test-pipeline\\target-repos\\10283615\\.mvn\\settings.xml', '-DskipTests', 'compile']' returned non-zero exit status 1.: [INFO] Scanning for projects... [INFO] [INFO] -------------------< eu.stratosphere:sopremo-common >------------------- [INFO] Building sopremo-common 0.4.3-SNAPSHOT [INFO] from pom.xml [INFO] -----------------------",1,HTTP_SETTINGS_FIX,,1.6.9,,,D:\Khedma\Mr wiem\mutation-test-pipeline\logs\runs\20260412T192656Z_10283615_sopremo\sopremo-common_HUMAN_focal_maven
sopremo-common,10283615,sopremo/sopremo-common,AI_ONLY,focal,maven,eu.stratosphere.sopremo.type.JavaToJsonMapper,eu.stratosphere.sopremo.type.JavaToJsonMapperAiTest,,,,,,,FAIL,compile,1,HTTP_BLOCKER,"Command '['mvn.cmd', '-s', 'D:\\Khedma\\Mr wiem\\mutation-test-pipeline\\.mvn\\settings.xml', '-DskipTests', 'compile']' returned non-zero exit status 1.: [INFO] Scanning for projects... [INFO] [INFO] -------------------< eu.stratosphere:sopremo-common >------------------- [INFO] Building sopremo-common 0.4.3-SNAPSHOT [INFO] from pom.xml [INFO] --------------------------------[ jar ]--------------",0,NONE,,1.6.9,,,D:\Khedma\Mr wiem\mutation-test-pipeline\logs\runs\20260412T192752Z_10283615_sopremo\sopremo-common_AI_ONLY_focal_maven
sopremo-common,10283615,sopremo/sopremo-common,AI_ONLY,focal,maven,eu.stratosphere.sopremo.type.JavaToJsonMapper,eu.stratosphere.sopremo.type.JavaToJsonMapperAiTest,,,,,,,FAIL,compile,1,DEP_RESOLUTION,"Command '['mvn.cmd', '-U', '-s', 'D:\\Khedma\\Mr wiem\\mutation-test-pipeline\\target-repos\\10283615\\.mvn\\settings.xml', '-DskipTests', 'compile']' returned non-zero exit status 1.: [INFO] Scanning for projects... [INFO] [INFO] -------------------< eu.stratosphere:sopremo-common >------------------- [INFO] Building sopremo-common 0.4.3-SNAPSHOT [INFO] from pom.xml [INFO] -----------------------",1,HTTP_SETTINGS_FIX,,1.6.9,,,D:\Khedma\Mr wiem\mutation-test-pipeline\logs\runs\20260412T192809Z_10283615_sopremo\sopremo-common_AI_ONLY_focal_maven
20260412T192901Z,102846466,syncer-core,HUMAN,focal,maven,com.github.zzt93.syncer.producer.input.mysql.connect.BinlogInfo,com.github.zzt93.syncer.producer.input.mysql.connect.BinlogInfoTest,,,,,,,FAIL,compile,1,DEP_RESOLUTION,"Command '['mvn.cmd', '-s', 'D:\\Khedma\\Mr wiem\\mutation-test-pipeline\\.mvn\\settings.xml', '-DskipTests', 'compile']' returned non-zero exit status 1.: [INFO] Scanning for projects... [INFO] [INFO] --------------------< com.github.zzt93:syncer-core >-------------------- [INFO] Building syncer-core 1.0-SNAPSHOT [INFO] from pom.xml [INFO] --------------------------------[ jar ]-------------------",0,NONE,,1.6.9,,,D:\Khedma\Mr wiem\mutation-test-pipeline\logs\runs\20260412T192901Z_102846466_syncer-core_HUMAN_focal_maven
20260412T192941Z,102846466,syncer-core,AI_ONLY,focal,maven,com.github.zzt93.syncer.producer.input.mysql.connect.BinlogInfo,,,,,,,,FAIL,clone,1,FILE_NOT_FOUND,Generated AI test has no public class declaration: D:\Khedma\Mr wiem\mutation-test-pipeline\experiments\generated_tests\102846466_7_GeneratedTest.java,0,NONE,,1.6.9,,,D:\Khedma\Mr wiem\mutation-test-pipeline\logs\runs\20260412T192941Z_102846466_syncer-core_AI_ONLY_focal_maven
20260412T193010Z,102874275,evaluation,HUMAN,focal,maven,org.eclipse.rdf4j.query.algebra.evaluation.util.ValueComparator,org.eclipse.rdf4j.query.algebra.evaluation.util.ValueComparatorTest,,,,,,,FAIL,compile,1,DEP_RESOLUTION,"Command '['mvn.cmd', '-s', 'D:\\Khedma\\Mr wiem\\mutation-test-pipeline\\.mvn\\settings.xml', '-DskipTests', 'compile']' returned non-zero exit status 1.: [INFO] Scanning for projects... Downloading from central: https://repo1.maven.org/maven2/org/apache/maven/wagon/wagon-ssh-external/2.8/wagon-ssh-external-2.8.pom Progress (1): 801 B Progress (1): 1.8 kB Progress (1): 4.3 kB Downloaded from centr",0,NONE,,1.6.9,,,D:\Khedma\Mr wiem\mutation-test-pipeline\logs\runs\20260412T193010Z_102874275_evaluation_HUMAN_focal_maven
20260412T193019Z,102874275,evaluation,AI_ONLY,focal,maven,org.eclipse.rdf4j.query.algebra.evaluation.util.ValueComparator,org.eclipse.rdf4j.query.algebra.evaluation.util.ValueComparatorAiTest,,,,,,,FAIL,compile,1,SNAPSHOT_MISSING,"Command '['mvn.cmd', '-s', 'D:\\Khedma\\Mr wiem\\mutation-test-pipeline\\.mvn\\settings.xml', '-DskipTests', 'compile']' returned non-zero exit status 1.: [INFO] Scanning for projects... [INFO] [INFO] ----------< org.eclipse.rdf4j:rdf4j-queryalgebra-evaluation >----------- [INFO] Building RDF4J: Query algebra - evaluation 3.0-SNAPSHOT [INFO] from pom.xml [INFO] --------------------------------[ ja",0,NONE,,1.6.9,,,D:\Khedma\Mr wiem\mutation-test-pipeline\logs\runs\20260412T193019Z_102874275_evaluation_AI_ONLY_focal_maven
20260412T193023Z,102874275,evaluation,AI_ONLY,focal,maven,org.eclipse.rdf4j.query.algebra.evaluation.util.ValueComparator,org.eclipse.rdf4j.query.algebra.evaluation.util.ValueComparatorAiTest,,,,,,,FAIL,compile,1,HTTP_BLOCKER,"Command '['mvn.cmd', '-U', '-s', 'D:\\Khedma\\Mr wiem\\mutation-test-pipeline\\target-repos\\102874275\\.mvn\\settings.xml', '-DskipTests', 'compile']' returned non-zero exit status 1.: [INFO] Scanning for projects... [INFO] Artifact org.apache.maven.wagon:wagon-ssh-external:pom:2.8 is present in the local repository, but cached from a remote repository ID that is unavailable in current build cont",1,HTTP_SETTINGS_FIX,,1.6.9,,,D:\Khedma\Mr wiem\mutation-test-pipeline\logs\runs\20260412T193023Z_102874275_evaluation_AI_ONLY_focal_maven
20260412T193056Z,102874374,console,HUMAN,focal,maven,org.eclipse.rdf4j.console.command.Federate,org.eclipse.rdf4j.console.command.FederateTest,,,,,,,FAIL,compile,1,DEP_RESOLUTION,"Command '['mvn.cmd', '-s', 'D:\\Khedma\\Mr wiem\\mutation-test-pipeline\\.mvn\\settings.xml', '-DskipTests', 'compile']' returned non-zero exit status 1.: [INFO] Scanning for projects... [INFO] [INFO] ------------------< org.eclipse.rdf4j:rdf4j-console >------------------- [INFO] Building RDF4J: Console 3.0-SNAPSHOT [INFO] from pom.xml [INFO] --------------------------------[ jar ]----------------",0,NONE,,1.6.9,,,D:\Khedma\Mr wiem\mutation-test-pipeline\logs\runs\20260412T193056Z_102874374_console_HUMAN_focal_maven
20260412T193102Z,102874374,console,AI_ONLY,focal,maven,org.eclipse.rdf4j.console.command.Federate,org.eclipse.rdf4j.console.command.FederateAiTest,,,,,,,FAIL,compile,1,SNAPSHOT_MISSING,"Command '['mvn.cmd', '-s', 'D:\\Khedma\\Mr wiem\\mutation-test-pipeline\\.mvn\\settings.xml', '-DskipTests', 'compile']' returned non-zero exit status 1.: [INFO] Scanning for projects... [INFO] [INFO] ------------------< org.eclipse.rdf4j:rdf4j-console >------------------- [INFO] Building RDF4J: Console 3.0-SNAPSHOT [INFO] from pom.xml [INFO] --------------------------------[ jar ]----------------",0,NONE,,1.6.9,,,D:\Khedma\Mr wiem\mutation-test-pipeline\logs\runs\20260412T193102Z_102874374_console_AI_ONLY_focal_maven
20260412T193106Z,102874374,console,AI_ONLY,focal,maven,org.eclipse.rdf4j.console.command.Federate,org.eclipse.rdf4j.console.command.FederateAiTest,,,,,,,FAIL,compile,1,DEP_RESOLUTION,"Command '['mvn.cmd', '-U', '-s', 'D:\\Khedma\\Mr wiem\\mutation-test-pipeline\\target-repos\\102874374\\.mvn\\settings.xml', '-DskipTests', 'compile']' returned non-zero exit status 1.: [INFO] Scanning for projects... [INFO] [INFO] ------------------< org.eclipse.rdf4j:rdf4j-console >------------------- [INFO] Building RDF4J: Console 3.0-SNAPSHOT [INFO] from pom.xml [INFO] ------------------------",1,HTTP_SETTINGS_FIX,,1.6.9,,,D:\Khedma\Mr wiem\mutation-test-pipeline\logs\runs\20260412T193106Z_102874374_console_AI_ONLY_focal_maven
20260412T193133Z,10288113,library,HUMAN,focal,maven,com.github.jberkel.whassup.model.WhatsAppMessage,com.github.jberkel.whassup.model.WhatsAppMessageTest,,,,,,,FAIL,compile,1,OTHER,"Command '['mvn.cmd', '-s', 'D:\\Khedma\\Mr wiem\\mutation-test-pipeline\\.mvn\\settings.xml', '-DskipTests', 'compile']' returned non-zero exit status 1.: [INFO] Scanning for projects... Downloading from central: https://repo1.maven.org/maven2/com/simpligility/maven/plugins/android-maven-plugin/4.0.0/android-maven-plugin-4.0.0.pom Progress (1): 734 B Progress (1): 1.7 kB Progress (1): 3.5 kB Progr",0,NONE,,1.6.9,,,D:\Khedma\Mr wiem\mutation-test-pipeline\logs\runs\20260412T193133Z_10288113_library_HUMAN_focal_maven
20260412T193151Z,10288113,library,AI_ONLY,focal,maven,com.github.jberkel.whassup.model.WhatsAppMessage,com.github.jberkel.whassup.model.WhatsAppMessageAiTest,,,,,,,FAIL,compile,1,OTHER,"Command '['mvn.cmd', '-s', 'D:\\Khedma\\Mr wiem\\mutation-test-pipeline\\.mvn\\settings.xml', '-DskipTests', 'compile']' returned non-zero exit status 1.: [INFO] Scanning for projects... [INFO] [INFO] -----------------< com.github.jberkel.whassup:library >----------------- [INFO] Building Whassup library 0.0.8-SNAPSHOT [INFO] from pom.xml [INFO] -------------------------------[ apklib ]-----------",0,NONE,,1.6.9,,,D:\Khedma\Mr wiem\mutation-test-pipeline\logs\runs\20260412T193151Z_10288113_library_AI_ONLY_focal_maven
20260412T193215Z,10288749,tutorial-part-eight,HUMAN,focal,maven,net.petrikainulainen.spring.datajpa.service.RepositoryPersonService,net.petrikainulainen.spring.datajpa.service.RepositoryPersonServiceTest,,,,,,,FAIL,compile,1,OTHER,"Command '['mvn.cmd', '-s', 'D:\\Khedma\\Mr wiem\\mutation-test-pipeline\\.mvn\\settings.xml', '-DskipTests', 'compile']' returned non-zero exit status 1.: D:\Khedma\Mr wiem\mutation-test-pipeline\target-repos\10288749\tutorial-part-eight\src\main\java\net\petrikainulainen\spring\datajpa\config\ApplicationContext.java:17: error: cannot find symbol import javax.annotation.Resource; ^ symbol: class R",0,NONE,,1.6.9,,,D:\Khedma\Mr wiem\mutation-test-pipeline\logs\runs\20260412T193215Z_10288749_tutorial-part-eight_HUMAN_focal_maven
20260412T193250Z,10288749,tutorial-part-eight,AI_ONLY,focal,maven,net.petrikainulainen.spring.datajpa.service.RepositoryPersonService,net.petrikainulainen.spring.datajpa.service.RepositoryPersonServiceAiTest,,,,,,,FAIL,compile,1,OTHER,"Command '['mvn.cmd', '-s', 'D:\\Khedma\\Mr wiem\\mutation-test-pipeline\\.mvn\\settings.xml', '-DskipTests', 'compile']' returned non-zero exit status 1.: D:\Khedma\Mr wiem\mutation-test-pipeline\target-repos\10288749\tutorial-part-eight\src\main\java\net\petrikainulainen\spring\datajpa\config\ApplicationContext.java:17: error: cannot find symbol import javax.annotation.Resource; ^ symbol: class R",0,NONE,,1.6.9,,,D:\Khedma\Mr wiem\mutation-test-pipeline\logs\runs\20260412T193250Z_10288749_tutorial-part-eight_AI_ONLY_focal_maven
business,10294926,components/business,HUMAN,focal,maven,com.emix.dubai.business.service.system.UserService,com.emix.dubai.business.service.system.UserServiceTest,,,,,,,FAIL,compile,1,DEP_RESOLUTION,"Command '['mvn.cmd', '-s', 'D:\\Khedma\\Mr wiem\\mutation-test-pipeline\\.mvn\\settings.xml', '-DskipTests', 'compile']' returned non-zero exit status 1.: [INFO] Scanning for projects... [INFO] [INFO] -------------------------< com.emix:business >-------------------------- [INFO] Building Dubai :: Module :: business 1.0-SNAPSHOT [INFO] from pom.xml [INFO] --------------------------------[ jar ]---",0,NONE,,1.6.9,,,D:\Khedma\Mr wiem\mutation-test-pipeline\logs\runs\20260412T193313Z_10294926_components\business_HUMAN_focal_maven
business,10294926,components/business,AI_ONLY,focal,maven,com.emix.dubai.business.service.system.UserService,com.emix.dubai.business.service.system.UserServiceAiTest,,,,,,,FAIL,compile,1,DEP_RESOLUTION,"Command '['mvn.cmd', '-s', 'D:\\Khedma\\Mr wiem\\mutation-test-pipeline\\.mvn\\settings.xml', '-DskipTests', 'compile']' returned non-zero exit status 1.: [INFO] Scanning for projects... [INFO] [INFO] -------------------------< com.emix:business >-------------------------- [INFO] Building Dubai :: Module :: business 1.0-SNAPSHOT [INFO] from pom.xml [INFO] --------------------------------[ jar ]---",0,NONE,,1.6.9,,,D:\Khedma\Mr wiem\mutation-test-pipeline\logs\runs\20260412T193330Z_10294926_components\business_AI_ONLY_focal_maven
20260412T193354Z,102955709,ibm-cos-java-sdk-s3,HUMAN,focal,maven,com.ibm.cloud.objectstorage.services.aspera.transfer.AsperaFaspManagerWrapper,com.ibm.cloud.objectstorage.services.aspera.transfer.AsperaFaspManagerWrapperTest,,,,,,,FAIL,test,1,TEST_FAILURE,"Command '['mvn.cmd', '-s', 'D:\\Khedma\\Mr wiem\\mutation-test-pipeline\\.mvn\\settings.xml', '-Dtest=com.ibm.cloud.objectstorage.services.aspera.transfer.AsperaFaspManagerWrapperTest', 'test']' returned non-zero exit status 1.: [INFO] Scanning for projects... [INFO] [INFO] ------------------< com.ibm.cos:ibm-cos-java-sdk-s3 >------------------- [INFO] Building IBM COS Java SDK for Amazon S3 2.15.",0,NONE,,1.6.9,,,D:\Khedma\Mr wiem\mutation-test-pipeline\logs\runs\20260412T193354Z_102955709_ibm-cos-java-sdk-s3_HUMAN_focal_maven
20260412T193416Z,102955709,ibm-cos-java-sdk-s3,AI_ONLY,focal,maven,com.ibm.cloud.objectstorage.services.aspera.transfer.AsperaFaspManagerWrapper,com.ibm.cloud.objectstorage.services.aspera.transfer.AsperaFaspManagerWrapperAiTest,,,,,,,FAIL,test,1,COMPILATION,"Command '['mvn.cmd', '-s', 'D:\\Khedma\\Mr wiem\\mutation-test-pipeline\\.mvn\\settings.xml', '-Dtest=com.ibm.cloud.objectstorage.services.aspera.transfer.AsperaFaspManagerWrapperAiTest', 'test']' returned non-zero exit status 1.: [INFO] Scanning for projects... [INFO] [INFO] ------------------< com.ibm.cos:ibm-cos-java-sdk-s3 >------------------- [INFO] Building IBM COS Java SDK for Amazon S3 2.1",0,NONE,,1.6.9,,,D:\Khedma\Mr wiem\mutation-test-pipeline\logs\runs\20260412T193416Z_102955709_ibm-cos-java-sdk-s3_AI_ONLY_focal_maven
20260412T193448Z,102960162,app-layout-addon,HUMAN,focal,maven,com.github.appreciated.app.layout.navigation.RouteSimilarity,com.github.appreciated.app.layout.navigation.RouteSimilarityTest,3,16,4,9,3,30.769231,OK,summarize,0,,,0,NONE,com.github.appreciated.app.layout.navigation.RouteSimilarity*,1.6.9,OK,D:\Khedma\Mr wiem\mutation-test-pipeline\logs\runs\20260412T193448Z_102960162_app-layout-addon_HUMAN_focal_maven\04_pit.log,D:\Khedma\Mr wiem\mutation-test-pipeline\logs\runs\20260412T193448Z_102960162_app-layout-addon_HUMAN_focal_maven
20260412T193558Z,102960162,app-layout-addon,AI_ONLY,focal,maven,com.github.appreciated.app.layout.navigation.RouteSimilarity,com.github.appreciated.app.layout.navigation.RouteSimilarityAiTest,,,,,,,FAIL,test,1,HTTP_BLOCKER,"Command '['mvn.cmd', '-s', 'D:\\Khedma\\Mr wiem\\mutation-test-pipeline\\.mvn\\settings.xml', '-Dtest=com.github.appreciated.app.layout.navigation.RouteSimilarityAiTest', 'test']' returned non-zero exit status 1.: [INFO] Scanning for projects... [INFO] [INFO] --------------< com.github.appreciated:app-layout-addon >--------------- [INFO] Building App Layout Add-on 4.0.0-SNAPSHOT [INFO] from pom.xm",0,NONE,,1.6.9,,,D:\Khedma\Mr wiem\mutation-test-pipeline\logs\runs\20260412T193558Z_102960162_app-layout-addon_AI_ONLY_focal_maven
20260412T193615Z,102960162,app-layout-addon,AI_ONLY,focal,maven,com.github.appreciated.app.layout.navigation.RouteSimilarity,com.github.appreciated.app.layout.navigation.RouteSimilarityAiTest,,,,,,,FAIL,test,1,HTTP_BLOCKER,"Command '['mvn.cmd', '-U', '-s', 'D:\\Khedma\\Mr wiem\\mutation-test-pipeline\\target-repos\\102960162\\.mvn\\settings.xml', '-Dtest=com.github.appreciated.app.layout.navigation.RouteSimilarityAiTest', 'test']' returned non-zero exit status 1.: [INFO] Scanning for projects... [INFO] [INFO] --------------< com.github.appreciated:app-layout-addon >--------------- [INFO] Building App Layout Add-on 4.",1,HTTP_SETTINGS_FIX,,1.6.9,,,D:\Khedma\Mr wiem\mutation-test-pipeline\logs\runs\20260412T193615Z_102960162_app-layout-addon_AI_ONLY_focal_maven
20260412T193722Z,10300045,app,HUMAN,focal,maven,org.gdg.frisbee.android.eventseries.EventDateComparator,org.gdg.frisbee.android.eventseries.EventDateComparatorTest,,,,,,,FAIL,compile,1,OTHER,"Command '['mvn.cmd', '-s', 'D:\\Khedma\\Mr wiem\\mutation-test-pipeline\\.mvn\\settings.xml', '-DskipTests', 'compile']' returned non-zero exit status 1.: [INFO] Scanning for projects... [INFO] ------------------------------------------------------------------------ [INFO] BUILD FAILURE [INFO] ------------------------------------------------------------------------ [INFO] Total time: 0.059 s [INFO",0,NONE,,1.6.9,,,D:\Khedma\Mr wiem\mutation-test-pipeline\logs\runs\20260412T193722Z_10300045_app_HUMAN_focal_maven
20260412T193726Z,10300045,app,AI_ONLY,focal,maven,org.gdg.frisbee.android.eventseries.EventDateComparator,org.gdg.frisbee.android.eventseries.EventDateComparatorAiTest,,,,,,,FAIL,compile,1,OTHER,"Command '['mvn.cmd', '-s', 'D:\\Khedma\\Mr wiem\\mutation-test-pipeline\\.mvn\\settings.xml', '-DskipTests', 'compile']' returned non-zero exit status 1.: [INFO] Scanning for projects... [INFO] ------------------------------------------------------------------------ [INFO] BUILD FAILURE [INFO] ------------------------------------------------------------------------ [INFO] Total time: 0.062 s [INFO",0,NONE,,1.6.9,,,D:\Khedma\Mr wiem\mutation-test-pipeline\logs\runs\20260412T193726Z_10300045_app_AI_ONLY_focal_maven
cas-server-support-openid,103009179,cas-4.1.0/cas-server-support-openid,HUMAN,focal,maven,org.jasig.cas.support.openid.web.mvc.SmartOpenIdController,org.jasig.cas.support.openid.web.mvc.SmartOpenIdControllerTest,,,,,,,FAIL,compile,1,HTTP_BLOCKER,"Command '['mvn.cmd', '-s', 'D:\\Khedma\\Mr wiem\\mutation-test-pipeline\\.mvn\\settings.xml', '-DskipTests', 'compile']' returned non-zero exit status 1.: [INFO] Scanning for projects... Downloading from central: https://repo1.maven.org/maven2/org/jasig/parent/jasig-parent/40/jasig-parent-40.pom Progress (1): 1.2 kB Progress (1): 2.6 kB Progress (1): 7.4 kB Progress (1): 12 kB Progress (1): 15 kB ",0,NONE,,1.6.9,,,D:\Khedma\Mr wiem\mutation-test-pipeline\logs\runs\20260412T193749Z_103009179_cas-4.1.0\cas-server-support-openid_HUMAN_focal_maven
cas-server-support-openid,103009179,cas-4.1.0/cas-server-support-openid,HUMAN,focal,maven,org.jasig.cas.support.openid.web.mvc.SmartOpenIdController,org.jasig.cas.support.openid.web.mvc.SmartOpenIdControllerTest,,,,,,,FAIL,compile,1,OTHER,"Command '['mvn.cmd', '-U', '-s', 'D:\\Khedma\\Mr wiem\\mutation-test-pipeline\\target-repos\\103009179\\.mvn\\settings.xml', '-DskipTests', 'compile']' returned non-zero exit status 1.: [INFO] Scanning for projects... Downloading from central-https: https://repo1.maven.org/maven2/org/jasig/parent/jasig-parent/40/jasig-parent-40.pom Progress (1): 1.2 kB Progress (1): 2.6 kB Progress (1): 7.4 kB Pro",1,HTTP_SETTINGS_FIX,,1.6.9,,,D:\Khedma\Mr wiem\mutation-test-pipeline\logs\runs\20260412T193822Z_103009179_cas-4.1.0\cas-server-support-openid_HUMAN_focal_maven
cas-server-support-openid,103009179,cas-4.1.0/cas-server-support-openid,AI_ONLY,focal,maven,org.jasig.cas.support.openid.web.mvc.SmartOpenIdController,org.jasig.cas.support.openid.web.mvc.SmartOpenIdControllerAiTest,,,,,,,FAIL,compile,1,HTTP_BLOCKER,"Command '['mvn.cmd', '-s', 'D:\\Khedma\\Mr wiem\\mutation-test-pipeline\\.mvn\\settings.xml', '-DskipTests', 'compile']' returned non-zero exit status 1.: [INFO] Scanning for projects... [INFO] Artifact org.jasig.parent:jasig-parent:pom:40 is present in the local repository, but cached from a remote repository ID that is unavailable in current build context, verifying that is downloadable from [ce",0,NONE,,1.6.9,,,D:\Khedma\Mr wiem\mutation-test-pipeline\logs\runs\20260412T193917Z_103009179_cas-4.1.0\cas-server-support-openid_AI_ONLY_focal_maven
cas-server-support-openid,103009179,cas-4.1.0/cas-server-support-openid,AI_ONLY,focal,maven,org.jasig.cas.support.openid.web.mvc.SmartOpenIdController,org.jasig.cas.support.openid.web.mvc.SmartOpenIdControllerAiTest,,,,,,,FAIL,compile,1,OTHER,"Command '['mvn.cmd', '-U', '-s', 'D:\\Khedma\\Mr wiem\\mutation-test-pipeline\\target-repos\\103009179\\.mvn\\settings.xml', '-DskipTests', 'compile']' returned non-zero exit status 1.: [INFO] Scanning for projects... [WARNING] [WARNING] Some problems were encountered while building the effective model for org.jasig.cas:cas-server-support-openid:jar:4.1.0 [WARNING] Reporting configuration should b",1,HTTP_SETTINGS_FIX,,1.6.9,,,D:\Khedma\Mr wiem\mutation-test-pipeline\logs\runs\20260412T193942Z_103009179_cas-4.1.0\cas-server-support-openid_AI_ONLY_focal_maven
20260412T194017Z,103023961,app,HUMAN,focal,maven,com.annimon.hotarufx.lexer.HotaruLexer,com.annimon.hotarufx.lexer.HotaruLexerTest,,,,,,,FAIL,compile,1,OTHER,"Command '['mvn.cmd', '-s', 'D:\\Khedma\\Mr wiem\\mutation-test-pipeline\\.mvn\\settings.xml', '-DskipTests', 'compile']' returned non-zero exit status 1.: [INFO] Scanning for projects... [INFO] ------------------------------------------------------------------------ [INFO] BUILD FAILURE [INFO] ------------------------------------------------------------------------ [INFO] Total time: 0.063 s [INFO",0,NONE,,1.6.9,,,D:\Khedma\Mr wiem\mutation-test-pipeline\logs\runs\20260412T194017Z_103023961_app_HUMAN_focal_maven
20260412T194021Z,103023961,app,AI_ONLY,focal,maven,com.annimon.hotarufx.lexer.HotaruLexer,com.annimon.hotarufx.lexer.HotaruLexerAiTest,,,,,,,FAIL,compile,1,OTHER,"Command '['mvn.cmd', '-s', 'D:\\Khedma\\Mr wiem\\mutation-test-pipeline\\.mvn\\settings.xml', '-DskipTests', 'compile']' returned non-zero exit status 1.: [INFO] Scanning for projects... [INFO] ------------------------------------------------------------------------ [INFO] BUILD FAILURE [INFO] ------------------------------------------------------------------------ [INFO] Total time: 0.062 s [INFO",0,NONE,,1.6.9,,,D:\Khedma\Mr wiem\mutation-test-pipeline\logs\runs\20260412T194021Z_103023961_app_AI_ONLY_focal_maven
20260412T194043Z,103027757,YuiHatano,HUMAN,focal,maven,android.content.res.ShadowResources,android.content.res.ShadowResourcesTest,,,,,,,FAIL,compile,1,OTHER,"Command '['mvn.cmd', '-s', 'D:\\Khedma\\Mr wiem\\mutation-test-pipeline\\.mvn\\settings.xml', '-DskipTests', 'compile']' returned non-zero exit status 1.: [INFO] Scanning for projects... [INFO] ------------------------------------------------------------------------ [INFO] BUILD FAILURE [INFO] ------------------------------------------------------------------------ [INFO] Total time: 0.057 s [INFO",0,NONE,,1.6.9,,,D:\Khedma\Mr wiem\mutation-test-pipeline\logs\runs\20260412T194043Z_103027757_YuiHatano_HUMAN_focal_maven
20260412T194047Z,103027757,YuiHatano,AI_ONLY,focal,maven,android.content.res.ShadowResources,android.content.res.ShadowResourcesAiTest,,,,,,,FAIL,compile,1,OTHER,"Command '['mvn.cmd', '-s', 'D:\\Khedma\\Mr wiem\\mutation-test-pipeline\\.mvn\\settings.xml', '-DskipTests', 'compile']' returned non-zero exit status 1.: [INFO] Scanning for projects... [INFO] ------------------------------------------------------------------------ [INFO] BUILD FAILURE [INFO] ------------------------------------------------------------------------ [INFO] Total time: 0.063 s [INFO",0,NONE,,1.6.9,,,D:\Khedma\Mr wiem\mutation-test-pipeline\logs\runs\20260412T194047Z_103027757_YuiHatano_AI_ONLY_focal_maven
20260412T194112Z,103035,red5_base,HUMAN,focal,maven,org.red5.server.service.ConversionUtils,org.red5.server.service.ConversionUtilsTest,,,,,,,FAIL,compile,1,DEP_RESOLUTION,"Command '['mvn.cmd', '-s', 'D:\\Khedma\\Mr wiem\\mutation-test-pipeline\\.mvn\\settings.xml', '-DskipTests', 'compile']' returned non-zero exit status 1.: [INFO] Scanning for projects... [INFO] [INFO] -------------------------< org.red5:red5-base >------------------------- [INFO] Building red5-base 0.8rc2-SNAPSHOT [INFO] from pom.xml [INFO] --------------------------------[ jar ]------------------",0,NONE,,1.6.9,,,D:\Khedma\Mr wiem\mutation-test-pipeline\logs\runs\20260412T194112Z_103035_red5_base_HUMAN_focal_maven
20260412T194133Z,103035,red5_base,AI_ONLY,focal,maven,org.red5.server.service.ConversionUtils,org.red5.server.service.ConversionUtilsAiTest,,,,,,,FAIL,compile,1,SNAPSHOT_MISSING,"Command '['mvn.cmd', '-s', 'D:\\Khedma\\Mr wiem\\mutation-test-pipeline\\.mvn\\settings.xml', '-DskipTests', 'compile']' returned non-zero exit status 1.: [INFO] Scanning for projects... [INFO] [INFO] -------------------------< org.red5:red5-base >------------------------- [INFO] Building red5-base 0.8rc2-SNAPSHOT [INFO] from pom.xml [INFO] --------------------------------[ jar ]------------------",0,NONE,,1.6.9,,,D:\Khedma\Mr wiem\mutation-test-pipeline\logs\runs\20260412T194133Z_103035_red5_base_AI_ONLY_focal_maven
20260412T194137Z,103035,red5_base,AI_ONLY,focal,maven,org.red5.server.service.ConversionUtils,org.red5.server.service.ConversionUtilsAiTest,,,,,,,FAIL,compile,1,DEP_RESOLUTION,"Command '['mvn.cmd', '-U', '-s', 'D:\\Khedma\\Mr wiem\\mutation-test-pipeline\\.mvn\\settings.xml', '-DskipTests', 'compile']' returned non-zero exit status 1.: [INFO] Scanning for projects... [INFO] [INFO] -------------------------< org.red5:red5-base >------------------------- [INFO] Building red5-base 0.8rc2-SNAPSHOT [INFO] from pom.xml [INFO] --------------------------------[ jar ]------------",0,MAVEN_FORCE_UPDATE,,1.6.9,,,D:\Khedma\Mr wiem\mutation-test-pipeline\logs\runs\20260412T194137Z_103035_red5_base_AI_ONLY_focal_maven
20260412T194201Z,103047907,physics,HUMAN,focal,maven,org.jscience.physics.unit.PhysicsUnit,org.jscience.physics.unit.PhysicsUnitTest,,,,,,,FAIL,compile,1,HTTP_BLOCKER,"Command '['mvn.cmd', '-s', 'D:\\Khedma\\Mr wiem\\mutation-test-pipeline\\.mvn\\settings.xml', '-DskipTests', 'compile']' returned non-zero exit status 1.: [INFO] Scanning for projects... Downloading from central: https://repo1.maven.org/maven2/org/apache/felix/maven-bundle-plugin/2.3.7/maven-bundle-plugin-2.3.7.pom Progress (1): 822 B Progress (1): 1.6 kB Progress (1): 4.0 kB Downloaded from centr",0,NONE,,1.6.9,,,D:\Khedma\Mr wiem\mutation-test-pipeline\logs\runs\20260412T194201Z_103047907_physics_HUMAN_focal_maven
20260412T194209Z,103047907,physics,HUMAN,focal,maven,org.jscience.physics.unit.PhysicsUnit,org.jscience.physics.unit.PhysicsUnitTest,,,,,,,FAIL,compile,1,HTTP_BLOCKER,"Command '['mvn.cmd', '-U', '-s', 'D:\\Khedma\\Mr wiem\\mutation-test-pipeline\\target-repos\\103047907\\.mvn\\settings.xml', '-DskipTests', 'compile']' returned non-zero exit status 1.: [INFO] Scanning for projects... Downloading from central-https: https://repo1.maven.org/maven2/org/apache/felix/maven-bundle-plugin/2.3.7/maven-bundle-plugin-2.3.7.pom Progress (1): 822 B Progress (1): 1.6 kB Progr",1,HTTP_SETTINGS_FIX,,1.6.9,,,D:\Khedma\Mr wiem\mutation-test-pipeline\logs\runs\20260412T194209Z_103047907_physics_HUMAN_focal_maven
20260412T194228Z,103047907,physics,AI_ONLY,focal,maven,org.jscience.physics.unit.PhysicsUnit,org.jscience.physics.unit.PhysicsUnitAiTest,,,,,,,FAIL,compile,1,HTTP_BLOCKER,"Command '['mvn.cmd', '-s', 'D:\\Khedma\\Mr wiem\\mutation-test-pipeline\\.mvn\\settings.xml', '-DskipTests', 'compile']' returned non-zero exit status 1.: [INFO] Scanning for projects... [INFO] Artifact org.apache.felix:maven-bundle-plugin:pom:2.3.7 is present in the local repository, but cached from a remote repository ID that is unavailable in current build context, verifying that is downloadabl",0,NONE,,1.6.9,,,D:\Khedma\Mr wiem\mutation-test-pipeline\logs\runs\20260412T194228Z_103047907_physics_AI_ONLY_focal_maven
20260412T194238Z,103047907,physics,AI_ONLY,focal,maven,org.jscience.physics.unit.PhysicsUnit,org.jscience.physics.unit.PhysicsUnitAiTest,,,,,,,FAIL,compile,1,HTTP_BLOCKER,"Command '['mvn.cmd', '-U', '-s', 'D:\\Khedma\\Mr wiem\\mutation-test-pipeline\\target-repos\\103047907\\.mvn\\settings.xml', '-DskipTests', 'compile']' returned non-zero exit status 1.: [INFO] Scanning for projects... [WARNING] [WARNING] Some problems were encountered while building the effective model for org.jscience:jscience-physics:bundle:5.0.0-SNAPSHOT [WARNING] The expression ${version} is d",1,HTTP_SETTINGS_FIX,,1.6.9,,,D:\Khedma\Mr wiem\mutation-test-pipeline\logs\runs\20260412T194238Z_103047907_physics_AI_ONLY_focal_maven
20260412T194313Z,103109633,jaeger-spark-dependencies-common,HUMAN,focal,maven,io.jaegertracing.spark.dependencies.SpansToDependencyLinks,io.jaegertracing.spark.dependencies.SpansToDependencyLinksTest,,,,,,,FAIL,compile,1,COMPILATION,"Command '['mvn.cmd', '-s', 'D:\\Khedma\\Mr wiem\\mutation-test-pipeline\\.mvn\\settings.xml', '-DskipTests', 'compile']' returned non-zero exit status 1.: [INFO] Scanning for projects... [INFO] [INFO] ---< io.jaegertracing.dependencies:jaeger-spark-dependencies-common >--- [INFO] Building jaeger-spark-dependencies-common 0.0.1-SNAPSHOT [INFO] from pom.xml [INFO] --------------------------------[ j",0,NONE,,1.6.9,,,D:\Khedma\Mr wiem\mutation-test-pipeline\logs\runs\20260412T194313Z_103109633_jaeger-spark-dependencies-common_HUMAN_focal_maven
20260412T194350Z,103109633,jaeger-spark-dependencies-common,AI_ONLY,focal,maven,io.jaegertracing.spark.dependencies.SpansToDependencyLinks,io.jaegertracing.spark.dependencies.SpansToDependencyLinksAiTest,,,,,,,FAIL,compile,1,COMPILATION,"Command '['mvn.cmd', '-s', 'D:\\Khedma\\Mr wiem\\mutation-test-pipeline\\.mvn\\settings.xml', '-DskipTests', 'compile']' returned non-zero exit status 1.: [INFO] Scanning for projects... [INFO] [INFO] ---< io.jaegertracing.dependencies:jaeger-spark-dependencies-common >--- [INFO] Building jaeger-spark-dependencies-common 0.0.1-SNAPSHOT [INFO] from pom.xml [INFO] --------------------------------[ j",0,NONE,,1.6.9,,,D:\Khedma\Mr wiem\mutation-test-pipeline\logs\runs\20260412T194350Z_103109633_jaeger-spark-dependencies-common_AI_ONLY_focal_maven
20260412T194415Z,10311319,lang-sandbox,HUMAN,focal,maven,net.openhft.lang.io.serialization.direct.DirectSerializationFilter,net.openhft.lang.io.serialization.direct.DirectSerializationFilterTest,,,,,,,FAIL,compile,1,DEP_RESOLUTION,"Command '['mvn.cmd', '-s', 'D:\\Khedma\\Mr wiem\\mutation-test-pipeline\\.mvn\\settings.xml', '-DskipTests', 'compile']' returned non-zero exit status 1.: [INFO] Scanning for projects... Downloading from central: https://repo1.maven.org/maven2/net/openhft/java-parent-pom/1.1.13/java-parent-pom-1.1.13.pom Progress (1): 823 B Progress (1): 3.1 kB Progress (1): 6.0 kB Progress (1): 6.6 kB Downloaded ",0,NONE,,1.6.9,,,D:\Khedma\Mr wiem\mutation-test-pipeline\logs\runs\20260412T194415Z_10311319_lang-sandbox_HUMAN_focal_maven
20260412T194422Z,10311319,lang-sandbox,AI_ONLY,focal,maven,net.openhft.lang.io.serialization.direct.DirectSerializationFilter,net.openhft.lang.io.serialization.direct.DirectSerializationFilterAiTest,,,,,,,FAIL,compile,1,SNAPSHOT_MISSING,"Command '['mvn.cmd', '-s', 'D:\\Khedma\\Mr wiem\\mutation-test-pipeline\\.mvn\\settings.xml', '-DskipTests', 'compile']' returned non-zero exit status 1.: [INFO] Scanning for projects... [WARNING] [WARNING] Some problems were encountered while building the effective model for net.openhft:lang-sandbox:jar:6.8.3-SNAPSHOT [WARNING] 'dependencyManagement.dependencies.dependency.systemPath' for com.sun",0,NONE,,1.6.9,,,D:\Khedma\Mr wiem\mutation-test-pipeline\logs\runs\20260412T194422Z_10311319_lang-sandbox_AI_ONLY_focal_maven
20260412T194425Z,10311319,lang-sandbox,AI_ONLY,focal,maven,net.openhft.lang.io.serialization.direct.DirectSerializationFilter,net.openhft.lang.io.serialization.direct.DirectSerializationFilterAiTest,,,,,,,FAIL,compile,1,HTTP_BLOCKER,"Command '['mvn.cmd', '-U', '-s', 'D:\\Khedma\\Mr wiem\\mutation-test-pipeline\\target-repos\\10311319\\.mvn\\settings.xml', '-DskipTests', 'compile']' returned non-zero exit status 1.: [INFO] Scanning for projects... Downloading from central-https: https://repo1.maven.org/maven2/net/openhft/java-parent-pom/1.1.13/java-parent-pom-1.1.13.pom Progress (1): 801 B Progress (1): 2.7 kB Progress (1): 6.1",1,HTTP_SETTINGS_FIX,,1.6.9,,,D:\Khedma\Mr wiem\mutation-test-pipeline\logs\runs\20260412T194425Z_10311319_lang-sandbox_AI_ONLY_focal_maven
20260412T194451Z,103139287,springboot-helloworld,HUMAN,focal,maven,org.spring.springboot.web.HelloWorldController,org.spring.springboot.web.HelloWorldControllerTest,,,,,,,FAIL,compile,1,COMPILATION,"Command '['mvn.cmd', '-s', 'D:\\Khedma\\Mr wiem\\mutation-test-pipeline\\.mvn\\settings.xml', '-DskipTests', 'compile']' returned non-zero exit status 1.: [INFO] Scanning for projects... Downloading from central: https://repo1.maven.org/maven2/org/springframework/boot/spring-boot-starter-parent/1.5.1.RELEASE/spring-boot-starter-parent-1.5.1.RELEASE.pom Progress (1): 962 B Progress (1): 2.4 kB Prog",0,NONE,,1.6.9,,,D:\Khedma\Mr wiem\mutation-test-pipeline\logs\runs\20260412T194451Z_103139287_springboot-helloworld_HUMAN_focal_maven
20260412T194503Z,103139287,springboot-helloworld,AI_ONLY,focal,maven,org.spring.springboot.web.HelloWorldController,org.spring.springboot.web.HelloWorldControllerAiTest,,,,,,,FAIL,compile,1,COMPILATION,"Command '['mvn.cmd', '-s', 'D:\\Khedma\\Mr wiem\\mutation-test-pipeline\\.mvn\\settings.xml', '-DskipTests', 'compile']' returned non-zero exit status 1.: [INFO] Scanning for projects... [WARNING] [WARNING] Some problems were encountered while building the effective model for springboot:springboot-helloworld:jar:0.0.1-SNAPSHOT [WARNING] 'parent.relativePath' of POM springboot:springboot-helloworld",0,NONE,,1.6.9,,,D:\Khedma\Mr wiem\mutation-test-pipeline\logs\runs\20260412T194503Z_103139287_springboot-helloworld_AI_ONLY_focal_maven
20260412T194526Z,103151406,app,HUMAN,focal,maven,de.vier_bier.habpanelviewer.openhab.OpenhabSseConnection,de.vier_bier.habpanelviewer.openhab.OpenhabSseConnectionTest,,,,,,,FAIL,compile,1,OTHER,"Command '['mvn.cmd', '-s', 'D:\\Khedma\\Mr wiem\\mutation-test-pipeline\\.mvn\\settings.xml', '-DskipTests', 'compile']' returned non-zero exit status 1.: [INFO] Scanning for projects... [INFO] ------------------------------------------------------------------------ [INFO] BUILD FAILURE [INFO] ------------------------------------------------------------------------ [INFO] Total time: 0.060 s [INFO",0,NONE,,1.6.9,,,D:\Khedma\Mr wiem\mutation-test-pipeline\logs\runs\20260412T194526Z_103151406_app_HUMAN_focal_maven
20260412T194530Z,103151406,app,AI_ONLY,focal,maven,de.vier_bier.habpanelviewer.openhab.OpenhabSseConnection,de.vier_bier.habpanelviewer.openhab.OpenhabSseConnectionAiTest,,,,,,,FAIL,compile,1,OTHER,"Command '['mvn.cmd', '-s', 'D:\\Khedma\\Mr wiem\\mutation-test-pipeline\\.mvn\\settings.xml', '-DskipTests', 'compile']' returned non-zero exit status 1.: [INFO] Scanning for projects... [INFO] ------------------------------------------------------------------------ [INFO] BUILD FAILURE [INFO] ------------------------------------------------------------------------ [INFO] Total time: 0.062 s [INFO",0,NONE,,1.6.9,,,D:\Khedma\Mr wiem\mutation-test-pipeline\logs\runs\20260412T194530Z_103151406_app_AI_ONLY_focal_maven
20260412T194553Z,1031515,core,HUMAN,focal,maven,eu.delving.core.util.LocalizedFieldNames,eu.delving.core.util.TestLocalizedFieldNames,,,,,,,FAIL,compile,1,HTTP_BLOCKER,"Command '['mvn.cmd', '-s', 'D:\\Khedma\\Mr wiem\\mutation-test-pipeline\\.mvn\\settings.xml', '-DskipTests', 'compile']' returned non-zero exit status 1.: [INFO] Scanning for projects... [INFO] [INFO] --------------------------< eu.delving:core >--------------------------- [INFO] Building Delving Shared Core Classes 0.2.9-SNAPSHOT [INFO] from pom.xml [INFO] --------------------------------[ jar ]-",0,NONE,,1.6.9,,,D:\Khedma\Mr wiem\mutation-test-pipeline\logs\runs\20260412T194553Z_1031515_core_HUMAN_focal_maven
20260412T194604Z,1031515,core,HUMAN,focal,maven,eu.delving.core.util.LocalizedFieldNames,eu.delving.core.util.TestLocalizedFieldNames,,,,,,,FAIL,compile,1,HTTP_BLOCKER,"Command '['mvn.cmd', '-U', '-s', 'D:\\Khedma\\Mr wiem\\mutation-test-pipeline\\target-repos\\1031515\\.mvn\\settings.xml', '-DskipTests', 'compile']' returned non-zero exit status 1.: [INFO] Scanning for projects... [INFO] [INFO] --------------------------< eu.delving:core >--------------------------- [INFO] Building Delving Shared Core Classes 0.2.9-SNAPSHOT [INFO] from pom.xml [INFO] -----------",1,HTTP_SETTINGS_FIX,,1.6.9,,,D:\Khedma\Mr wiem\mutation-test-pipeline\logs\runs\20260412T194604Z_1031515_core_HUMAN_focal_maven
20260412T194619Z,1031515,core,AI_ONLY,focal,maven,eu.delving.core.util.LocalizedFieldNames,eu.delving.core.util.LocalizedFieldNamesAiTest,,,,,,,FAIL,compile,1,HTTP_BLOCKER,"Command '['mvn.cmd', '-s', 'D:\\Khedma\\Mr wiem\\mutation-test-pipeline\\.mvn\\settings.xml', '-DskipTests', 'compile']' returned non-zero exit status 1.: [INFO] Scanning for projects... [INFO] [INFO] --------------------------< eu.delving:core >--------------------------- [INFO] Building Delving Shared Core Classes 0.2.9-SNAPSHOT [INFO] from pom.xml [INFO] --------------------------------[ jar ]-",0,NONE,,1.6.9,,,D:\Khedma\Mr wiem\mutation-test-pipeline\logs\runs\20260412T194619Z_1031515_core_AI_ONLY_focal_maven
20260412T194627Z,1031515,core,AI_ONLY,focal,maven,eu.delving.core.util.LocalizedFieldNames,eu.delving.core.util.LocalizedFieldNamesAiTest,,,,,,,FAIL,compile,1,HTTP_BLOCKER,"Command '['mvn.cmd', '-U', '-s', 'D:\\Khedma\\Mr wiem\\mutation-test-pipeline\\target-repos\\1031515\\.mvn\\settings.xml', '-DskipTests', 'compile']' returned non-zero exit status 1.: [INFO] Scanning for projects... [INFO] [INFO] --------------------------< eu.delving:core >--------------------------- [INFO] Building Delving Shared Core Classes 0.2.9-SNAPSHOT [INFO] from pom.xml [INFO] -----------",1,HTTP_SETTINGS_FIX,,1.6.9,,,D:\Khedma\Mr wiem\mutation-test-pipeline\logs\runs\20260412T194627Z_1031515_core_AI_ONLY_focal_maven
20260412T194652Z,103155862,openrouteservice,HUMAN,focal,maven,,,,,,,,,FAIL,clone,1,MODULE_MISSING,Module directory does not exist: D:\Khedma\Mr wiem\mutation-test-pipeline\target-repos\103155862\openrouteservice,0,NONE,,1.6.9,,,D:\Khedma\Mr wiem\mutation-test-pipeline\logs\runs\20260412T194652Z_103155862_openrouteservice_HUMAN_focal_maven
20260412T194653Z,103155862,openrouteservice,AI_ONLY,focal,maven,,,,,,,,,FAIL,clone,1,MODULE_MISSING,Module directory does not exist: D:\Khedma\Mr wiem\mutation-test-pipeline\target-repos\103155862\openrouteservice,0,NONE,,1.6.9,,,D:\Khedma\Mr wiem\mutation-test-pipeline\logs\runs\20260412T194653Z_103155862_openrouteservice_AI_ONLY_focal_maven
20260412T194714Z,103232734,gdx-fireapp-android,HUMAN,focal,maven,pl.mk5.gdx.fireapp.android.auth.AuthPromiseConsumer,pl.mk5.gdx.fireapp.android.auth.AuthPromiseConsumerTest,,,,,,,FAIL,compile,1,OTHER,"Command '['mvn.cmd', '-s', 'D:\\Khedma\\Mr wiem\\mutation-test-pipeline\\.mvn\\settings.xml', '-DskipTests', 'compile']' returned non-zero exit status 1.: [INFO] Scanning for projects... [INFO] ------------------------------------------------------------------------ [INFO] BUILD FAILURE [INFO] ------------------------------------------------------------------------ [INFO] Total time: 0.059 s [INFO",0,NONE,,1.6.9,,,D:\Khedma\Mr wiem\mutation-test-pipeline\logs\runs\20260412T194714Z_103232734_gdx-fireapp-android_HUMAN_focal_maven
20260412T194718Z,103232734,gdx-fireapp-android,AI_ONLY,focal,maven,pl.mk5.gdx.fireapp.android.auth.AuthPromiseConsumer,pl.mk5.gdx.fireapp.android.auth.AuthPromiseConsumerAiTest,,,,,,,FAIL,compile,1,OTHER,"Command '['mvn.cmd', '-s', 'D:\\Khedma\\Mr wiem\\mutation-test-pipeline\\.mvn\\settings.xml', '-DskipTests', 'compile']' returned non-zero exit status 1.: [INFO] Scanning for projects... [INFO] ------------------------------------------------------------------------ [INFO] BUILD FAILURE [INFO] ------------------------------------------------------------------------ [INFO] Total time: 0.060 s [INFO",0,NONE,,1.6.9,,,D:\Khedma\Mr wiem\mutation-test-pipeline\logs\runs\20260412T194718Z_103232734_gdx-fireapp-android_AI_ONLY_focal_maven
20260412T194746Z,10325227,plugin,HUMAN,focal,maven,io.soliton.protobuf.plugin.ProtoFileHandler,io.soliton.protobuf.plugin.ProtoFileHandlerTest,,,,,,,FAIL,compile,1,OTHER,"Command '['mvn.cmd', '-s', 'D:\\Khedma\\Mr wiem\\mutation-test-pipeline\\.mvn\\settings.xml', '-DskipTests', 'compile']' returned non-zero exit status 1.: [INFO] Scanning for projects... Downloading from central: https://repo1.maven.org/maven2/com/google/protobuf/tools/maven-protoc-plugin/0.3.2/maven-protoc-plugin-0.3.2.pom [ERROR] [ERROR] Some problems were encountered while processing the POMs: ",0,NONE,,1.6.9,,,D:\Khedma\Mr wiem\mutation-test-pipeline\logs\runs\20260412T194746Z_10325227_plugin_HUMAN_focal_maven
20260412T194750Z,10325227,plugin,AI_ONLY,focal,maven,io.soliton.protobuf.plugin.ProtoFileHandler,io.soliton.protobuf.plugin.ProtoFileHandlerAiTest,,,,,,,FAIL,compile,1,OTHER,"Command '['mvn.cmd', '-s', 'D:\\Khedma\\Mr wiem\\mutation-test-pipeline\\.mvn\\settings.xml', '-DskipTests', 'compile']' returned non-zero exit status 1.: [INFO] Scanning for projects... [ERROR] [ERROR] Some problems were encountered while processing the POMs: [ERROR] Unresolveable build extension: Plugin com.google.protobuf.tools:maven-protoc-plugin:0.3.2 or one of its dependencies could not be r",0,NONE,,1.6.9,,,D:\Khedma\Mr wiem\mutation-test-pipeline\logs\runs\20260412T194750Z_10325227_plugin_AI_ONLY_focal_maven
app,103259097,ZeplinDiff/app,HUMAN,focal,maven,net.jspiner.zeplindiff.ui.login.LoginPresenter,net.jspiner.zeplindiff.ui.login.LoginPresenterTest,,,,,,,FAIL,compile,1,OTHER,"Command '['mvn.cmd', '-s', 'D:\\Khedma\\Mr wiem\\mutation-test-pipeline\\.mvn\\settings.xml', '-DskipTests', 'compile']' returned non-zero exit status 1.: [INFO] Scanning for projects... [INFO] ------------------------------------------------------------------------ [INFO] BUILD FAILURE [INFO] ------------------------------------------------------------------------ [INFO] Total time: 0.059 s [INFO",0,NONE,,1.6.9,,,D:\Khedma\Mr wiem\mutation-test-pipeline\logs\runs\20260412T194812Z_103259097_ZeplinDiff\app_HUMAN_focal_maven
app,103259097,ZeplinDiff/app,AI_ONLY,focal,maven,net.jspiner.zeplindiff.ui.login.LoginPresenter,net.jspiner.zeplindiff.ui.login.LoginPresenterAiTest,,,,,,,FAIL,compile,1,OTHER,"Command '['mvn.cmd', '-s', 'D:\\Khedma\\Mr wiem\\mutation-test-pipeline\\.mvn\\settings.xml', '-DskipTests', 'compile']' returned non-zero exit status 1.: [INFO] Scanning for projects... [INFO] ------------------------------------------------------------------------ [INFO] BUILD FAILURE [INFO] ------------------------------------------------------------------------ [INFO] Total time: 0.058 s [INFO",0,NONE,,1.6.9,,,D:\Khedma\Mr wiem\mutation-test-pipeline\logs\runs\20260412T194816Z_103259097_ZeplinDiff\app_AI_ONLY_focal_maven
20260412T194838Z,103286363,formsfx-core,HUMAN,focal,maven,com.dlsc.formsfx.model.validators.StringLengthValidator,com.dlsc.formsfx.model.validators.StringLengthValidatorTest,4,15,15,0,0,100.000000,OK,summarize,0,,,0,NONE,com.dlsc.formsfx.model.validators.StringLengthValidator*,1.6.9,OK,D:\Khedma\Mr wiem\mutation-test-pipeline\logs\runs\20260412T194838Z_103286363_formsfx-core_HUMAN_focal_maven\04_pit.log,D:\Khedma\Mr wiem\mutation-test-pipeline\logs\runs\20260412T194838Z_103286363_formsfx-core_HUMAN_focal_maven
20260412T194922Z,103286363,formsfx-core,AI_ONLY,focal,maven,com.dlsc.formsfx.model.validators.StringLengthValidator,,,,,,,,FAIL,clone,1,FILE_NOT_FOUND,Generated AI test has no public class declaration: D:\Khedma\Mr wiem\mutation-test-pipeline\experiments\generated_tests\103286363_16_GeneratedTest.java,0,NONE,,1.6.9,,,D:\Khedma\Mr wiem\mutation-test-pipeline\logs\runs\20260412T194922Z_103286363_formsfx-core_AI_ONLY_focal_maven
20260412T194941Z,103289349,example,HUMAN,focal,maven,cz.jcode.auto.value.step.builder.example.primitive.Primitive,cz.jcode.auto.value.step.builder.example.primitive.PrimitiveTest,,,,,,,FAIL,compile,1,OTHER,"Command '['mvn.cmd', '-s', 'D:\\Khedma\\Mr wiem\\mutation-test-pipeline\\.mvn\\settings.xml', '-DskipTests', 'compile']' returned non-zero exit status 1.: [INFO] Scanning for projects... [INFO] ------------------------------------------------------------------------ [INFO] BUILD FAILURE [INFO] ------------------------------------------------------------------------ [INFO] Total time: 0.059 s [INFO",0,NONE,,1.6.9,,,D:\Khedma\Mr wiem\mutation-test-pipeline\logs\runs\20260412T194941Z_103289349_example_HUMAN_focal_maven
20260412T194945Z,103289349,example,AI_ONLY,focal,maven,cz.jcode.auto.value.step.builder.example.primitive.Primitive,,,,,,,,FAIL,clone,1,FILE_NOT_FOUND,Generated AI test has no public class declaration: D:\Khedma\Mr wiem\mutation-test-pipeline\experiments\generated_tests\103289349_1_GeneratedTest.java,0,NONE,,1.6.9,,,D:\Khedma\Mr wiem\mutation-test-pipeline\logs\runs\20260412T194945Z_103289349_example_AI_ONLY_focal_maven
20260412T195003Z,10329015,ObjectLayout-examples,HUMAN,focal,maven,org.ObjectLayout.examples.PointArray,org.ObjectLayout.examples.PointArrayTest,,,,,,,FAIL,compile,1,DEP_RESOLUTION,"Command '['mvn.cmd', '-s', 'D:\\Khedma\\Mr wiem\\mutation-test-pipeline\\.mvn\\settings.xml', '-DskipTests', 'compile']' returned non-zero exit status 1.: [INFO] Scanning for projects... [INFO] [INFO] ---------------< org.objectlayout:ObjectLayout-examples >--------------- [INFO] Building ObjectLayoutExamples 1.0.5-SNAPSHOT [INFO] from pom.xml [INFO] --------------------------------[ jar ]--------",0,NONE,,1.6.9,,,D:\Khedma\Mr wiem\mutation-test-pipeline\logs\runs\20260412T195003Z_10329015_ObjectLayout-examples_HUMAN_focal_maven
20260412T195007Z,10329015,ObjectLayout-examples,AI_ONLY,focal,maven,org.ObjectLayout.examples.PointArray,,,,,,,,FAIL,clone,1,FILE_NOT_FOUND,Generated AI test has no public class declaration: D:\Khedma\Mr wiem\mutation-test-pipeline\experiments\generated_tests\10329015_2_GeneratedTest.java,0,NONE,,1.6.9,,,D:\Khedma\Mr wiem\mutation-test-pipeline\logs\runs\20260412T195007Z_10329015_ObjectLayout-examples_AI_ONLY_focal_maven
common,10329619,oauth-2.0/common,HUMAN,focal,maven,org.apache.oltu.oauth2.common.validators.AbstractValidator,org.apache.oltu.oauth2.common.validators.AbstractValidatorTest,,,,,,,FAIL,test,1,COMPILATION,"Command '['mvn.cmd', '-s', 'D:\\Khedma\\Mr wiem\\mutation-test-pipeline\\.mvn\\settings.xml', '-Dtest=org.apache.oltu.oauth2.common.validators.AbstractValidatorTest', 'test']' returned non-zero exit status 1.: [INFO] Scanning for projects... [INFO] [INFO] --------< org.apache.oltu.oauth2:org.apache.oltu.oauth2.common >-------- [INFO] Building Apache Oltu - OAuth 2.0 - Common 1.0.3-SNAPSHOT [INFO] ",0,NONE,,1.6.9,,,D:\Khedma\Mr wiem\mutation-test-pipeline\logs\runs\20260412T195025Z_10329619_oauth-2.0\common_HUMAN_focal_maven
common,10329619,oauth-2.0/common,AI_ONLY,focal,maven,org.apache.oltu.oauth2.common.validators.AbstractValidator,org.apache.oltu.oauth2.common.validators.AbstractValidatorAiTest,,,,,,,FAIL,test,1,COMPILATION,"Command '['mvn.cmd', '-s', 'D:\\Khedma\\Mr wiem\\mutation-test-pipeline\\.mvn\\settings.xml', '-Dtest=org.apache.oltu.oauth2.common.validators.AbstractValidatorAiTest', 'test']' returned non-zero exit status 1.: [INFO] Scanning for projects... [INFO] [INFO] --------< org.apache.oltu.oauth2:org.apache.oltu.oauth2.common >-------- [INFO] Building Apache Oltu - OAuth 2.0 - Common 1.0.3-SNAPSHOT [INFO",0,NONE,,1.6.9,,,D:\Khedma\Mr wiem\mutation-test-pipeline\logs\runs\20260412T195044Z_10329619_oauth-2.0\common_AI_ONLY_focal_maven
20260412T195113Z,103328683,qmail-library,HUMAN,focal,maven,com.fsck.k9.mail.TransportUris,com.fsck.k9.mail.TransportUrisTest,,,,,,,FAIL,compile,1,OTHER,"Command '['mvn.cmd', '-s', 'D:\\Khedma\\Mr wiem\\mutation-test-pipeline\\.mvn\\settings.xml', '-DskipTests', 'compile']' returned non-zero exit status 1.: [INFO] Scanning for projects... [INFO] ------------------------------------------------------------------------ [INFO] BUILD FAILURE [INFO] ------------------------------------------------------------------------ [INFO] Total time: 0.061 s [INFO",0,NONE,,1.6.9,,,D:\Khedma\Mr wiem\mutation-test-pipeline\logs\runs\20260412T195113Z_103328683_qmail-library_HUMAN_focal_maven
20260412T195117Z,103328683,qmail-library,AI_ONLY,focal,maven,com.fsck.k9.mail.TransportUris,com.fsck.k9.mail.TransportUrisAiTest,,,,,,,FAIL,compile,1,OTHER,"Command '['mvn.cmd', '-s', 'D:\\Khedma\\Mr wiem\\mutation-test-pipeline\\.mvn\\settings.xml', '-DskipTests', 'compile']' returned non-zero exit status 1.: [INFO] Scanning for projects... [INFO] ------------------------------------------------------------------------ [INFO] BUILD FAILURE [INFO] ------------------------------------------------------------------------ [INFO] Total time: 0.061 s [INFO",0,NONE,,1.6.9,,,D:\Khedma\Mr wiem\mutation-test-pipeline\logs\runs\20260412T195117Z_103328683_qmail-library_AI_ONLY_focal_maven
group1,103377081,02-RockPaperScissorLizardSpock/java/group1,HUMAN,focal,maven,com.capgemini.coedevon.codingdojo.rockpaperscissorslizardspock.RockPaper,,,,,,,,FAIL,clone,1,FILE_NOT_FOUND,Mapped human test class file does not exist: D:\Khedma\Mr wiem\mutation-test-pipeline\target-repos\103377081\02-RockPaperScissorLizardSpock\java\group1\src\test\java\com\capgemini\coedevon\codingdojo\rockpaperscissorslizardspock\RockPaperTest.java,0,NONE,,1.6.9,,,D:\Khedma\Mr wiem\mutation-test-pipeline\logs\runs\20260412T195142Z_103377081_02-RockPaperScissorLizardSpock\java\group1_HUMAN_focal_maven
group1,103377081,02-RockPaperScissorLizardSpock/java/group1,AI_ONLY,focal,maven,com.capgemini.coedevon.codingdojo.rockpaperscissorslizardspock.RockPaper,,,,,,,,FAIL,clone,1,FILE_NOT_FOUND,Mapped human test class file does not exist: D:\Khedma\Mr wiem\mutation-test-pipeline\target-repos\103377081\02-RockPaperScissorLizardSpock\java\group1\src\test\java\com\capgemini\coedevon\codingdojo\rockpaperscissorslizardspock\RockPaperTest.java,0,NONE,,1.6.9,,,D:\Khedma\Mr wiem\mutation-test-pipeline\logs\runs\20260412T195142Z_103377081_02-RockPaperScissorLizardSpock\java\group1_AI_ONLY_focal_maven
20260412T195200Z,103384901,elasticsearch,HUMAN,focal,maven,lt.tokenmill.crawling.es.ElasticConnection,lt.tokenmill.crawling.es.ElasticConnectionTest,,,,,,,FAIL,compile,1,HTTP_BLOCKER,"Command '['mvn.cmd', '-s', 'D:\\Khedma\\Mr wiem\\mutation-test-pipeline\\.mvn\\settings.xml', '-DskipTests', 'compile']' returned non-zero exit status 1.: [INFO] Scanning for projects... Downloading from clojars.org: https://repo.clojars.org/com/vaadin/vaadin-bom/7.7.24/vaadin-bom-7.7.24.pom Downloading from central: https://repo1.maven.org/maven2/com/vaadin/vaadin-bom/7.7.24/vaadin-bom-7.7.24.pom",0,NONE,,1.6.9,,,D:\Khedma\Mr wiem\mutation-test-pipeline\logs\runs\20260412T195200Z_103384901_elasticsearch_HUMAN_focal_maven
20260412T195219Z,103384901,elasticsearch,HUMAN,focal,maven,lt.tokenmill.crawling.es.ElasticConnection,lt.tokenmill.crawling.es.ElasticConnectionTest,,,,,,,FAIL,compile,1,HTTP_BLOCKER,"Command '['mvn.cmd', '-U', '-s', 'D:\\Khedma\\Mr wiem\\mutation-test-pipeline\\target-repos\\103384901\\.mvn\\settings.xml', '-DskipTests', 'compile']' returned non-zero exit status 1.: [INFO] Scanning for projects... Downloading from central-https: https://repo1.maven.org/maven2/com/vaadin/vaadin-bom/7.7.24/vaadin-bom-7.7.24.pom Progress (1): 2.4 kB Downloaded from central-https: https://repo1.ma",1,HTTP_SETTINGS_FIX,,1.6.9,,,D:\Khedma\Mr wiem\mutation-test-pipeline\logs\runs\20260412T195219Z_103384901_elasticsearch_HUMAN_focal_maven
20260412T195237Z,103384901,elasticsearch,AI_ONLY,focal,maven,lt.tokenmill.crawling.es.ElasticConnection,lt.tokenmill.crawling.es.ElasticConnectionAiTest,,,,,,,FAIL,compile,1,HTTP_BLOCKER,"Command '['mvn.cmd', '-s', 'D:\\Khedma\\Mr wiem\\mutation-test-pipeline\\.mvn\\settings.xml', '-DskipTests', 'compile']' returned non-zero exit status 1.: [INFO] Scanning for projects... [INFO] Artifact com.vaadin:vaadin-bom:pom:7.7.24 is present in the local repository, but cached from a remote repository ID that is unavailable in current build context, verifying that is downloadable from [maven-",0,NONE,,1.6.9,,,D:\Khedma\Mr wiem\mutation-test-pipeline\logs\runs\20260412T195237Z_103384901_elasticsearch_AI_ONLY_focal_maven
20260412T195250Z,103384901,elasticsearch,AI_ONLY,focal,maven,lt.tokenmill.crawling.es.ElasticConnection,lt.tokenmill.crawling.es.ElasticConnectionAiTest,,,,,,,FAIL,compile,1,HTTP_BLOCKER,"Command '['mvn.cmd', '-U', '-s', 'D:\\Khedma\\Mr wiem\\mutation-test-pipeline\\target-repos\\103384901\\.mvn\\settings.xml', '-DskipTests', 'compile']' returned non-zero exit status 1.: [INFO] Scanning for projects... [INFO] [INFO] ----------------< lt.tokenmill.crawling:elasticsearch >----------------- [INFO] Building elasticsearch 0.3.4-SNAPSHOT [INFO] from pom.xml [INFO] -----------------------",1,HTTP_SETTINGS_FIX,,1.6.9,,,D:\Khedma\Mr wiem\mutation-test-pipeline\logs\runs\20260412T195250Z_103384901_elasticsearch_AI_ONLY_focal_maven
20260412T195318Z,103437385,kie-soup-commons,HUMAN,focal,maven,org.kie.soup.commons.util.ListSplitter,org.kie.soup.commons.util.ListSplitterTest,15,6,6,0,0,100.000000,OK,summarize,0,,,0,NONE,org.kie.soup.commons.util.ListSplitter*,1.6.9,OK,D:\Khedma\Mr wiem\mutation-test-pipeline\logs\runs\20260412T195318Z_103437385_kie-soup-commons_HUMAN_focal_maven\04_pit.log,D:\Khedma\Mr wiem\mutation-test-pipeline\logs\runs\20260412T195318Z_103437385_kie-soup-commons_HUMAN_focal_maven
20260412T195700Z,103437385,kie-soup-commons,AI_ONLY,focal,maven,org.kie.soup.commons.util.ListSplitter,org.kie.soup.commons.util.ListSplitterAiTest,,,,,,,FAIL,test,1,TEST_FAILURE,"Command '['mvn.cmd', '-s', 'D:\\Khedma\\Mr wiem\\mutation-test-pipeline\\.mvn\\settings.xml', '-Dtest=org.kie.soup.commons.util.ListSplitterAiTest', 'test']' returned non-zero exit status 1.: [INFO] Scanning for projects... [INFO] [INFO] -------------------< org.kie.soup:kie-soup-commons >-------------------- [INFO] Building KIE Soup Commons 7.75.0-SNAPSHOT [INFO] from pom.xml [INFO] -------------",0,NONE,,1.6.9,,,D:\Khedma\Mr wiem\mutation-test-pipeline\logs\runs\20260412T195700Z_103437385_kie-soup-commons_AI_ONLY_focal_maven
nifi-asymmetrik-standard-processors,103464837,nifi-asymmetrik-standard-bundle/nifi-asymmetrik-standard-processors,HUMAN,focal,maven,com.asymmetrik.nifi.processors.util.JsonUtil,com.asymmetrik.nifi.processors.util.JsonUtilTest,,,,,,,FAIL,compile,1,DEP_RESOLUTION,"Command '['mvn.cmd', '-s', 'D:\\Khedma\\Mr wiem\\mutation-test-pipeline\\.mvn\\settings.xml', '-DskipTests', 'compile']' returned non-zero exit status 1.: [INFO] Scanning for projects... Downloading from central: https://repo1.maven.org/maven2/org/apache/nifi/nifi-nar-maven-plugin/1.2.0/nifi-nar-maven-plugin-1.2.0.pom Progress (1): 770 B Progress (1): 2.0 kB Progress (1): 4.5 kB Progress (1): 8.7 ",0,NONE,,1.6.9,,,D:\Khedma\Mr wiem\mutation-test-pipeline\logs\runs\20260412T195737Z_103464837_nifi-asymmetrik-standard-bundle\nifi-asymmetrik-standard-processors_HUMAN_focal_maven
nifi-asymmetrik-standard-processors,103464837,nifi-asymmetrik-standard-bundle/nifi-asymmetrik-standard-processors,AI_ONLY,focal,maven,com.asymmetrik.nifi.processors.util.JsonUtil,,,,,,,,FAIL,clone,1,FILE_NOT_FOUND,Generated AI test has no public class declaration: D:\Khedma\Mr wiem\mutation-test-pipeline\experiments\generated_tests\103464837_5_GeneratedTest.java,0,NONE,,1.6.9,,,D:\Khedma\Mr wiem\mutation-test-pipeline\logs\runs\20260412T195801Z_103464837_nifi-asymmetrik-standard-bundle\nifi-asymmetrik-standard-processors_AI_ONLY_focal_maven
20260412T195822Z,103522601,plugin,HUMAN,focal,maven,com.h3xstream.findsecbugs.common.ByteCode,com.h3xstream.findsecbugs.common.ByteCodeTest,,,,,,,FAIL,compile,1,DEP_RESOLUTION,"Command '['mvn.cmd', '-s', 'D:\\Khedma\\Mr wiem\\mutation-test-pipeline\\.mvn\\settings.xml', '-DskipTests', 'compile']' returned non-zero exit status 1.: [INFO] Scanning for projects... [INFO] [INFO] ------------< com.h3xstream.findsecbugs:findsecbugs-plugin >------------ [INFO] Building Find Security Bugs Plugin 1.7.0-SNAPSHOT [INFO] from pom.xml [INFO] --------------------------------[ jar ]---",0,NONE,,1.6.9,,,D:\Khedma\Mr wiem\mutation-test-pipeline\logs\runs\20260412T195822Z_103522601_plugin_HUMAN_focal_maven
20260412T195828Z,103522601,plugin,AI_ONLY,focal,maven,com.h3xstream.findsecbugs.common.ByteCode,com.h3xstream.findsecbugs.common.ByteCodeAiTest,,,,,,,FAIL,compile,1,DEP_RESOLUTION,"Command '['mvn.cmd', '-s', 'D:\\Khedma\\Mr wiem\\mutation-test-pipeline\\.mvn\\settings.xml', '-DskipTests', 'compile']' returned non-zero exit status 1.: [INFO] Scanning for projects... [INFO] [INFO] ------------< com.h3xstream.findsecbugs:findsecbugs-plugin >------------ [INFO] Building Find Security Bugs Plugin 1.7.0-SNAPSHOT [INFO] from pom.xml [INFO] --------------------------------[ jar ]---",0,NONE,,1.6.9,,,D:\Khedma\Mr wiem\mutation-test-pipeline\logs\runs\20260412T195828Z_103522601_plugin_AI_ONLY_focal_maven
20260412T195850Z,10354997,langid-java,HUMAN,focal,maven,com.carrotsearch.labs.langid.DoubleLinkedCountingSet,com.carrotsearch.labs.langid.TestDoubleLinkedCountingSet,,,,,,,FAIL,compile,1,COMPILATION,"Command '['mvn.cmd', '-s', 'D:\\Khedma\\Mr wiem\\mutation-test-pipeline\\.mvn\\settings.xml', '-DskipTests', 'compile']' returned non-zero exit status 1.: [INFO] Scanning for projects... [INFO] [INFO] --------------------< com.carrotsearch:langid-java >-------------------- [INFO] Building langid-java 1.1.0-SNAPSHOT [INFO] from pom.xml [INFO] --------------------------------[ jar ]-----------------",0,NONE,,1.6.9,,,D:\Khedma\Mr wiem\mutation-test-pipeline\logs\runs\20260412T195850Z_10354997_langid-java_HUMAN_focal_maven
20260412T195857Z,10354997,langid-java,AI_ONLY,focal,maven,com.carrotsearch.labs.langid.DoubleLinkedCountingSet,com.carrotsearch.labs.langid.DoubleLinkedCountingSetAiTest,,,,,,,FAIL,compile,1,COMPILATION,"Command '['mvn.cmd', '-s', 'D:\\Khedma\\Mr wiem\\mutation-test-pipeline\\.mvn\\settings.xml', '-DskipTests', 'compile']' returned non-zero exit status 1.: [INFO] Scanning for projects... [INFO] [INFO] --------------------< com.carrotsearch:langid-java >-------------------- [INFO] Building langid-java 1.1.0-SNAPSHOT [INFO] from pom.xml [INFO] --------------------------------[ jar ]-----------------",0,NONE,,1.6.9,,,D:\Khedma\Mr wiem\mutation-test-pipeline\logs\runs\20260412T195857Z_10354997_langid-java_AI_ONLY_focal_maven
20260412T195917Z,103560333,ta4j-core,HUMAN,focal,maven,org.ta4j.core.analysis.criteria.AverageProfitCriterion,,,,,,,,FAIL,clone,1,FILE_NOT_FOUND,Mapped human test class file does not exist: D:\Khedma\Mr wiem\mutation-test-pipeline\target-repos\103560333\ta4j-core\src\test\java\org\ta4j\core\analysis\criteria\AverageProfitCriterionTest.java,0,NONE,,1.6.9,,,D:\Khedma\Mr wiem\mutation-test-pipeline\logs\runs\20260412T195917Z_103560333_ta4j-core_HUMAN_focal_maven
20260412T195918Z,103560333,ta4j-core,AI_ONLY,focal,maven,org.ta4j.core.analysis.criteria.AverageProfitCriterion,,,,,,,,FAIL,clone,1,FILE_NOT_FOUND,Generated AI test not found: D:\Khedma\Mr wiem\mutation-test-pipeline\experiments\generated_tests\103560333_104_GeneratedTest.java,0,NONE,,1.6.9,,,D:\Khedma\Mr wiem\mutation-test-pipeline\logs\runs\20260412T195918Z_103560333_ta4j-core_AI_ONLY_focal_maven
20260412T195939Z,10359213,core,HUMAN,focal,maven,i5.las2peer.p2p.NodeServiceCache,i5.las2peer.p2p.NodeServiceCacheTest,,,,,,,FAIL,compile,1,OTHER,"Command '['mvn.cmd', '-s', 'D:\\Khedma\\Mr wiem\\mutation-test-pipeline\\.mvn\\settings.xml', '-DskipTests', 'compile']' returned non-zero exit status 1.: [INFO] Scanning for projects... [INFO] ------------------------------------------------------------------------ [INFO] BUILD FAILURE [INFO] ------------------------------------------------------------------------ [INFO] Total time: 0.057 s [INFO",0,NONE,,1.6.9,,,D:\Khedma\Mr wiem\mutation-test-pipeline\logs\runs\20260412T195939Z_10359213_core_HUMAN_focal_maven
20260412T195942Z,10359213,core,AI_ONLY,focal,maven,i5.las2peer.p2p.NodeServiceCache,i5.las2peer.p2p.NodeServiceCacheAiTest,,,,,,,FAIL,compile,1,OTHER,"Command '['mvn.cmd', '-s', 'D:\\Khedma\\Mr wiem\\mutation-test-pipeline\\.mvn\\settings.xml', '-DskipTests', 'compile']' returned non-zero exit status 1.: [INFO] Scanning for projects... [INFO] ------------------------------------------------------------------------ [INFO] BUILD FAILURE [INFO] ------------------------------------------------------------------------ [INFO] Total time: 0.059 s [INFO",0,NONE,,1.6.9,,,D:\Khedma\Mr wiem\mutation-test-pipeline\logs\runs\20260412T195942Z_10359213_core_AI_ONLY_focal_maven
20260412T200004Z,103602142,app,HUMAN,focal,maven,com.csci150.newsapp.entirenews.utils.Utils,com.csci150.newsapp.entirenews.utils.UtilsTest,,,,,,,FAIL,compile,1,OTHER,"Command '['mvn.cmd', '-s', 'D:\\Khedma\\Mr wiem\\mutation-test-pipeline\\.mvn\\settings.xml', '-DskipTests', 'compile']' returned non-zero exit status 1.: [INFO] Scanning for projects... [INFO] ------------------------------------------------------------------------ [INFO] BUILD FAILURE [INFO] ------------------------------------------------------------------------ [INFO] Total time: 0.057 s [INFO",0,NONE,,1.6.9,,,D:\Khedma\Mr wiem\mutation-test-pipeline\logs\runs\20260412T200004Z_103602142_app_HUMAN_focal_maven
20260412T200008Z,103602142,app,AI_ONLY,focal,maven,com.csci150.newsapp.entirenews.utils.Utils,com.csci150.newsapp.entirenews.utils.UtilsAiTest,,,,,,,FAIL,compile,1,OTHER,"Command '['mvn.cmd', '-s', 'D:\\Khedma\\Mr wiem\\mutation-test-pipeline\\.mvn\\settings.xml', '-DskipTests', 'compile']' returned non-zero exit status 1.: [INFO] Scanning for projects... [INFO] ------------------------------------------------------------------------ [INFO] BUILD FAILURE [INFO] ------------------------------------------------------------------------ [INFO] Total time: 0.062 s [INFO",0,NONE,,1.6.9,,,D:\Khedma\Mr wiem\mutation-test-pipeline\logs\runs\20260412T200008Z_103602142_app_AI_ONLY_focal_maven
java,103604931,lang/java,HUMAN,focal,maven,com.google.devtools.build.bfg.ReferencedClassesParser,com.google.devtools.build.bfg.ReferencedClassesParserTest,,,,,,,FAIL,compile,1,OTHER,"Command '['mvn.cmd', '-s', 'D:\\Khedma\\Mr wiem\\mutation-test-pipeline\\.mvn\\settings.xml', '-DskipTests', 'compile']' returned non-zero exit status 1.: [INFO] Scanning for projects... [INFO] ------------------------------------------------------------------------ [INFO] BUILD FAILURE [INFO] ------------------------------------------------------------------------ [INFO] Total time: 0.061 s [INFO",0,NONE,,1.6.9,,,D:\Khedma\Mr wiem\mutation-test-pipeline\logs\runs\20260412T200030Z_103604931_lang\java_HUMAN_focal_maven
java,103604931,lang/java,AI_ONLY,focal,maven,com.google.devtools.build.bfg.ReferencedClassesParser,com.google.devtools.build.bfg.ReferencedClassesParserAiTest,,,,,,,FAIL,compile,1,OTHER,"Command '['mvn.cmd', '-s', 'D:\\Khedma\\Mr wiem\\mutation-test-pipeline\\.mvn\\settings.xml', '-DskipTests', 'compile']' returned non-zero exit status 1.: [INFO] Scanning for projects... [INFO] ------------------------------------------------------------------------ [INFO] BUILD FAILURE [INFO] ------------------------------------------------------------------------ [INFO] Total time: 0.067 s [INFO",0,NONE,,1.6.9,,,D:\Khedma\Mr wiem\mutation-test-pipeline\logs\runs\20260412T200034Z_103604931_lang\java_AI_ONLY_focal_maven
20260412T200055Z,103613782,zen-playground,HUMAN,focal,maven,com.bluexiii.zenscaffold.service.ProductService,com.bluexiii.zenscaffold.service.ProductServiceTest,,,,,,,FAIL,compile,1,DEP_RESOLUTION,"Command '['mvn.cmd', '-s', 'D:\\Khedma\\Mr wiem\\mutation-test-pipeline\\.mvn\\settings.xml', '-DskipTests', 'compile']' returned non-zero exit status 1.: [INFO] Scanning for projects... Downloading from central: https://repo1.maven.org/maven2/org/springframework/boot/spring-boot-starter-parent/1.5.4.RELEASE/spring-boot-starter-parent-1.5.4.RELEASE.pom Progress (1): 961 B Progress (1): 2.5 kB Prog",0,NONE,,1.6.9,,,D:\Khedma\Mr wiem\mutation-test-pipeline\logs\runs\20260412T200055Z_103613782_zen-playground_HUMAN_focal_maven
20260412T200101Z,103613782,zen-playground,AI_ONLY,focal,maven,com.bluexiii.zenscaffold.service.ProductService,com.bluexiii.zenscaffold.service.ProductServiceAiTest,,,,,,,FAIL,compile,1,DEP_RESOLUTION,"Command '['mvn.cmd', '-s', 'D:\\Khedma\\Mr wiem\\mutation-test-pipeline\\.mvn\\settings.xml', '-DskipTests', 'compile']' returned non-zero exit status 1.: [INFO] Scanning for projects... [INFO] [INFO] --------------< com.bluexiii.zenscaffold:zen-playground >--------------- [INFO] Building zen-playground 1.6.0 [INFO] from pom.xml [INFO] --------------------------------[ jar ]-----------------------",0,NONE,,1.6.9,,,D:\Khedma\Mr wiem\mutation-test-pipeline\logs\runs\20260412T200101Z_103613782_zen-playground_AI_ONLY_focal_maven
20260412T200132Z,103616209,core,HUMAN,focal,maven,org.nzbhydra.indexers.Binsearch,org.nzbhydra.indexers.BinsearchTest,,,,,,,FAIL,compile,1,DEP_RESOLUTION,"Command '['mvn.cmd', '-s', 'D:\\Khedma\\Mr wiem\\mutation-test-pipeline\\.mvn\\settings.xml', '-DskipTests', 'compile']' returned non-zero exit status 1.: [INFO] Scanning for projects... [INFO] [INFO] -------------------------< org.nzbhydra:core >-------------------------- [INFO] Building core 8.5.5-SNAPSHOT [INFO] from pom.xml [INFO] --------------------------------[ jar ]------------------------",0,NONE,,1.6.9,,,D:\Khedma\Mr wiem\mutation-test-pipeline\logs\runs\20260412T200132Z_103616209_core_HUMAN_focal_maven
20260412T200204Z,103616209,core,AI_ONLY,focal,maven,org.nzbhydra.indexers.Binsearch,,,,,,,,FAIL,clone,1,FILE_NOT_FOUND,Generated AI test has no public class declaration: D:\Khedma\Mr wiem\mutation-test-pipeline\experiments\generated_tests\103616209_64_GeneratedTest.java,0,NONE,,1.6.9,,,D:\Khedma\Mr wiem\mutation-test-pipeline\logs\runs\20260412T200204Z_103616209_core_AI_ONLY_focal_maven
api,10361643,sli/api,HUMAN,focal,maven,org.slc.sli.api.security.context.ContextValidator,org.slc.sli.api.security.context.ContextValidatorTest,,,,,,,FAIL,compile,1,HTTP_BLOCKER,"Command '['mvn.cmd', '-s', 'D:\\Khedma\\Mr wiem\\mutation-test-pipeline\\.mvn\\settings.xml', '-DskipTests', 'compile']' returned non-zero exit status 1.: [INFO] Scanning for projects... [WARNING] [WARNING] Some problems were encountered while building the effective model for org.slc.sli:api:war:1.0-SNAPSHOT [WARNING] Reporting configuration should be done in <reporting> section, not in maven-site",0,NONE,,1.6.9,,,D:\Khedma\Mr wiem\mutation-test-pipeline\logs\runs\20260412T200243Z_10361643_sli\api_HUMAN_focal_maven
api,10361643,sli/api,HUMAN,focal,maven,org.slc.sli.api.security.context.ContextValidator,org.slc.sli.api.security.context.ContextValidatorTest,,,,,,,FAIL,compile,1,HTTP_BLOCKER,"Command '['mvn.cmd', '-U', '-s', 'D:\\Khedma\\Mr wiem\\mutation-test-pipeline\\target-repos\\10361643\\.mvn\\settings.xml', '-DskipTests', 'compile']' returned non-zero exit status 1.: [INFO] Scanning for projects... [WARNING] [WARNING] Some problems were encountered while building the effective model for org.slc.sli:api:war:1.0-SNAPSHOT [WARNING] Reporting configuration should be done in <reporti",1,HTTP_SETTINGS_FIX,,1.6.9,,,D:\Khedma\Mr wiem\mutation-test-pipeline\logs\runs\20260412T200303Z_10361643_sli\api_HUMAN_focal_maven
api,10361643,sli/api,AI_ONLY,focal,maven,org.slc.sli.api.security.context.ContextValidator,org.slc.sli.api.security.context.ContextValidatorAiTest,,,,,,,FAIL,compile,1,HTTP_BLOCKER,"Command '['mvn.cmd', '-s', 'D:\\Khedma\\Mr wiem\\mutation-test-pipeline\\.mvn\\settings.xml', '-DskipTests', 'compile']' returned non-zero exit status 1.: [INFO] Scanning for projects... [WARNING] [WARNING] Some problems were encountered while building the effective model for org.slc.sli:api:war:1.0-SNAPSHOT [WARNING] Reporting configuration should be done in <reporting> section, not in maven-site",0,NONE,,1.6.9,,,D:\Khedma\Mr wiem\mutation-test-pipeline\logs\runs\20260412T200332Z_10361643_sli\api_AI_ONLY_focal_maven
api,10361643,sli/api,AI_ONLY,focal,maven,org.slc.sli.api.security.context.ContextValidator,org.slc.sli.api.security.context.ContextValidatorAiTest,,,,,,,FAIL,compile,1,HTTP_BLOCKER,"Command '['mvn.cmd', '-U', '-s', 'D:\\Khedma\\Mr wiem\\mutation-test-pipeline\\target-repos\\10361643\\.mvn\\settings.xml', '-DskipTests', 'compile']' returned non-zero exit status 1.: [INFO] Scanning for projects... [WARNING] [WARNING] Some problems were encountered while building the effective model for org.slc.sli:api:war:1.0-SNAPSHOT [WARNING] Reporting configuration should be done in <reporti",1,HTTP_SETTINGS_FIX,,1.6.9,,,D:\Khedma\Mr wiem\mutation-test-pipeline\logs\runs\20260412T200352Z_10361643_sli\api_AI_ONLY_focal_maven
20260412T200426Z,103630840,shepher-service,HUMAN,focal,maven,com.xiaomi.shepher.service.NodeService,com.xiaomi.shepher.service.NodeServiceTest,,,,,,,FAIL,compile,1,DEP_RESOLUTION,"Command '['mvn.cmd', '-s', 'D:\\Khedma\\Mr wiem\\mutation-test-pipeline\\.mvn\\settings.xml', '-DskipTests', 'compile']' returned non-zero exit status 1.: [INFO] Scanning for projects... Downloading from central: https://repo1.maven.org/maven2/org/springframework/boot/spring-boot-starter-parent/1.3.6.RELEASE/spring-boot-starter-parent-1.3.6.RELEASE.pom Progress (1): 1.0 kB Progress (1): 2.5 kB Pro",0,NONE,,1.6.9,,,D:\Khedma\Mr wiem\mutation-test-pipeline\logs\runs\20260412T200426Z_103630840_shepher-service_HUMAN_focal_maven
20260412T200436Z,103630840,shepher-service,AI_ONLY,focal,maven,com.xiaomi.shepher.service.NodeService,com.xiaomi.shepher.service.NodeServiceAiTest,,,,,,,FAIL,compile,1,SNAPSHOT_MISSING,"Command '['mvn.cmd', '-s', 'D:\\Khedma\\Mr wiem\\mutation-test-pipeline\\.mvn\\settings.xml', '-DskipTests', 'compile']' returned non-zero exit status 1.: [INFO] Scanning for projects... [INFO] [INFO] ---------------------< com.xiaomi:shepher-service >--------------------- [INFO] Building shepher-service 1.0 [INFO] from pom.xml [INFO] --------------------------------[ jar ]------------------------",0,NONE,,1.6.9,,,D:\Khedma\Mr wiem\mutation-test-pipeline\logs\runs\20260412T200436Z_103630840_shepher-service_AI_ONLY_focal_maven
20260412T200441Z,103630840,shepher-service,AI_ONLY,focal,maven,com.xiaomi.shepher.service.NodeService,com.xiaomi.shepher.service.NodeServiceAiTest,,,,,,,FAIL,compile,1,DEP_RESOLUTION,"Command '['mvn.cmd', '-U', '-s', 'D:\\Khedma\\Mr wiem\\mutation-test-pipeline\\.mvn\\settings.xml', '-DskipTests', 'compile']' returned non-zero exit status 1.: [INFO] Scanning for projects... [INFO] [INFO] ---------------------< com.xiaomi:shepher-service >--------------------- [INFO] Building shepher-service 1.0 [INFO] from pom.xml [INFO] --------------------------------[ jar ]------------------",0,MAVEN_FORCE_UPDATE,,1.6.9,,,D:\Khedma\Mr wiem\mutation-test-pipeline\logs\runs\20260412T200441Z_103630840_shepher-service_AI_ONLY_focal_maven
truevfs-kernel-spec,103653841,truevfs-kernel/truevfs-kernel-spec,HUMAN,focal,maven,net.java.truevfs.kernel.spec.FsScheme,net.java.truevfs.kernel.spec.FsSchemeTest,,,,,,,FAIL,compile,1,OTHER,"Command '['mvn.cmd', '-s', 'D:\\Khedma\\Mr wiem\\mutation-test-pipeline\\.mvn\\settings.xml', '-DskipTests', 'compile']' returned non-zero exit status 1.: [INFO] Scanning for projects... [INFO] ------------------------------------------------------------------------ [INFO] BUILD FAILURE [INFO] ------------------------------------------------------------------------ [INFO] Total time: 0.057 s [INFO",0,NONE,,1.6.9,,,D:\Khedma\Mr wiem\mutation-test-pipeline\logs\runs\20260412T200504Z_103653841_truevfs-kernel\truevfs-kernel-spec_HUMAN_focal_maven
truevfs-kernel-spec,103653841,truevfs-kernel/truevfs-kernel-spec,AI_ONLY,focal,maven,net.java.truevfs.kernel.spec.FsScheme,net.java.truevfs.kernel.spec.FsSchemeAiTest,,,,,,,FAIL,compile,1,OTHER,"Command '['mvn.cmd', '-s', 'D:\\Khedma\\Mr wiem\\mutation-test-pipeline\\.mvn\\settings.xml', '-DskipTests', 'compile']' returned non-zero exit status 1.: [INFO] Scanning for projects... [INFO] ------------------------------------------------------------------------ [INFO] BUILD FAILURE [INFO] ------------------------------------------------------------------------ [INFO] Total time: 0.058 s [INFO",0,NONE,,1.6.9,,,D:\Khedma\Mr wiem\mutation-test-pipeline\logs\runs\20260412T200508Z_103653841_truevfs-kernel\truevfs-kernel-spec_AI_ONLY_focal_maven
20260412T200530Z,103674706,wolf-core,HUMAN,focal,maven,com.carl.wolf.core.foundation.module.DefaultModuleScanStrategy,com.carl.wolf.core.foundation.module.DefaultModuleScanStrategyTest,,,,,,,FAIL,test,1,COMPILATION,"Command '['mvn.cmd', '-s', 'D:\\Khedma\\Mr wiem\\mutation-test-pipeline\\.mvn\\settings.xml', '-Dtest=com.carl.wolf.core.foundation.module.DefaultModuleScanStrategyTest', 'test']' returned non-zero exit status 1.: [INFO] Scanning for projects... [INFO] [INFO] ----------------------< com.carl.wolf:wolf-core >----------------------- [INFO] Building wolf-core 1.0.0-SNAPSHOT [INFO] from pom.xml [INFO]",0,NONE,,1.6.9,,,D:\Khedma\Mr wiem\mutation-test-pipeline\logs\runs\20260412T200530Z_103674706_wolf-core_HUMAN_focal_maven
20260412T200545Z,103674706,wolf-core,AI_ONLY,focal,maven,com.carl.wolf.core.foundation.module.DefaultModuleScanStrategy,,,,,,,,FAIL,clone,1,FILE_NOT_FOUND,Generated AI test has no public class declaration: D:\Khedma\Mr wiem\mutation-test-pipeline\experiments\generated_tests\103674706_0_GeneratedTest.java,0,NONE,,1.6.9,,,D:\Khedma\Mr wiem\mutation-test-pipeline\logs\runs\20260412T200545Z_103674706_wolf-core_AI_ONLY_focal_maven
20260412T200609Z,10367500,website,HUMAN,focal,maven,fr.cph.stock.entities.Portfolio,fr.cph.stock.entities.PortfolioTest,,,,,,,FAIL,compile,1,OTHER,"Command '['mvn.cmd', '-s', 'D:\\Khedma\\Mr wiem\\mutation-test-pipeline\\.mvn\\settings.xml', '-DskipTests', 'compile']' returned non-zero exit status 1.: [INFO] Scanning for projects... [INFO] ------------------------------------------------------------------------ [INFO] BUILD FAILURE [INFO] ------------------------------------------------------------------------ [INFO] Total time: 0.058 s [INFO",0,NONE,,1.6.9,,,D:\Khedma\Mr wiem\mutation-test-pipeline\logs\runs\20260412T200609Z_10367500_website_HUMAN_focal_maven
20260412T200612Z,10367500,website,AI_ONLY,focal,maven,fr.cph.stock.entities.Portfolio,fr.cph.stock.entities.PortfolioAiTest,,,,,,,FAIL,compile,1,OTHER,"Command '['mvn.cmd', '-s', 'D:\\Khedma\\Mr wiem\\mutation-test-pipeline\\.mvn\\settings.xml', '-DskipTests', 'compile']' returned non-zero exit status 1.: [INFO] Scanning for projects... [INFO] ------------------------------------------------------------------------ [INFO] BUILD FAILURE [INFO] ------------------------------------------------------------------------ [INFO] Total time: 0.058 s [INFO",0,NONE,,1.6.9,,,D:\Khedma\Mr wiem\mutation-test-pipeline\logs\runs\20260412T200612Z_10367500_website_AI_ONLY_focal_maven
fat,103694377,dev/com.ibm.ws.security.mp.jwt_fat_tck/fat,HUMAN,focal,maven,,,,,,,,,FAIL,clone,1,MODULE_MISSING,Module directory does not exist: D:\Khedma\Mr wiem\mutation-test-pipeline\target-repos\103694377\dev\com.ibm.ws.security.mp.jwt_fat_tck\fat,0,NONE,,1.6.9,,,D:\Khedma\Mr wiem\mutation-test-pipeline\logs\runs\20260412T200821Z_103694377_dev\com.ibm.ws.security.mp.jwt_fat_tck\fat_HUMAN_focal_maven
fat,103694377,dev/com.ibm.ws.security.mp.jwt_fat_tck/fat,AI_ONLY,focal,maven,,,,,,,,,FAIL,clone,1,MODULE_MISSING,Module directory does not exist: D:\Khedma\Mr wiem\mutation-test-pipeline\target-repos\103694377\dev\com.ibm.ws.security.mp.jwt_fat_tck\fat,0,NONE,,1.6.9,,,D:\Khedma\Mr wiem\mutation-test-pipeline\logs\runs\20260412T200825Z_103694377_dev\com.ibm.ws.security.mp.jwt_fat_tck\fat_AI_ONLY_focal_maven
20260412T200852Z,103698172,core,HUMAN,focal,maven,com.expedia.www.haystack.client.dispatchers.clients.HttpCollectorClient,com.expedia.www.haystack.client.dispatchers.clients.HttpCollectorClientTest,,,,,,,FAIL,compile,1,DEP_RESOLUTION,"Command '['mvn.cmd', '-s', 'D:\\Khedma\\Mr wiem\\mutation-test-pipeline\\.mvn\\settings.xml', '-DskipTests', 'compile']' returned non-zero exit status 1.: [INFO] Scanning for projects... [INFO] [INFO] ----------------< com.expedia.www:haystack-client-core >---------------- [INFO] Building haystack-client-java-core 0.4.1-SNAPSHOT [INFO] from pom.xml [INFO] --------------------------------[ jar ]---",0,NONE,,1.6.9,,,D:\Khedma\Mr wiem\mutation-test-pipeline\logs\runs\20260412T200852Z_103698172_core_HUMAN_focal_maven
20260412T200859Z,103698172,core,AI_ONLY,focal,maven,com.expedia.www.haystack.client.dispatchers.clients.HttpCollectorClient,com.expedia.www.haystack.client.dispatchers.clients.HttpCollectorClientAiTest,,,,,,,FAIL,compile,1,DEP_RESOLUTION,"Command '['mvn.cmd', '-s', 'D:\\Khedma\\Mr wiem\\mutation-test-pipeline\\.mvn\\settings.xml', '-DskipTests', 'compile']' returned non-zero exit status 1.: [INFO] Scanning for projects... [INFO] [INFO] ----------------< com.expedia.www:haystack-client-core >---------------- [INFO] Building haystack-client-java-core 0.4.1-SNAPSHOT [INFO] from pom.xml [INFO] --------------------------------[ jar ]---",0,NONE,,1.6.9,,,D:\Khedma\Mr wiem\mutation-test-pipeline\logs\runs\20260412T200859Z_103698172_core_AI_ONLY_focal_maven
20260412T200926Z,103700346,resiliency-studio-service,HUMAN,focal,maven,com.att.tta.rs.controller.EventRestController,com.att.tta.rs.controller.EventRestControllerTest,,,,,,,FAIL,test,1,HTTP_BLOCKER,"Command '['mvn.cmd', '-s', 'D:\\Khedma\\Mr wiem\\mutation-test-pipeline\\.mvn\\settings.xml', '-Dtest=com.att.tta.rs.controller.EventRestControllerTest', 'test']' returned non-zero exit status 1.: Exception in thread ""main"" java.lang.reflect.InvocationTargetException at java.base/jdk.internal.reflect.NativeMethodAccessorImpl.invoke0(Native Method) at java.base/jdk.internal.reflect.NativeMethodAcce",0,NONE,,1.6.9,,,D:\Khedma\Mr wiem\mutation-test-pipeline\logs\runs\20260412T200926Z_103700346_resiliency-studio-service_HUMAN_focal_maven
20260412T201009Z,103700346,resiliency-studio-service,HUMAN,focal,maven,com.att.tta.rs.controller.EventRestController,com.att.tta.rs.controller.EventRestControllerTest,,,,,,,FAIL,test,1,HTTP_BLOCKER,"Command '['mvn.cmd', '-U', '-s', 'D:\\Khedma\\Mr wiem\\mutation-test-pipeline\\target-repos\\103700346\\.mvn\\settings.xml', '-Dtest=com.att.tta.rs.controller.EventRestControllerTest', 'test']' returned non-zero exit status 1.: Exception in thread ""main"" java.lang.reflect.InvocationTargetException at java.base/jdk.internal.reflect.NativeMethodAccessorImpl.invoke0(Native Method) at java.base/jdk.in",1,HTTP_SETTINGS_FIX,,1.6.9,,,D:\Khedma\Mr wiem\mutation-test-pipeline\logs\runs\20260412T201009Z_103700346_resiliency-studio-service_HUMAN_focal_maven
20260412T201055Z,103700346,resiliency-studio-service,AI_ONLY,focal,maven,com.att.tta.rs.controller.EventRestController,com.att.tta.rs.controller.EventRestControllerAiTest,,,,,,,FAIL,test,1,HTTP_BLOCKER,"Command '['mvn.cmd', '-s', 'D:\\Khedma\\Mr wiem\\mutation-test-pipeline\\.mvn\\settings.xml', '-Dtest=com.att.tta.rs.controller.EventRestControllerAiTest', 'test']' returned non-zero exit status 1.: [INFO] Scanning for projects... [WARNING] [WARNING] Some problems were encountered while building the effective model for com.att.tta.rs:resiliency-studio-service:jar:0.0.1-SNAPSHOT [WARNING] 'build.pl",0,NONE,,1.6.9,,,D:\Khedma\Mr wiem\mutation-test-pipeline\logs\runs\20260412T201055Z_103700346_resiliency-studio-service_AI_ONLY_focal_maven
20260412T201107Z,103700346,resiliency-studio-service,AI_ONLY,focal,maven,com.att.tta.rs.controller.EventRestController,com.att.tta.rs.controller.EventRestControllerAiTest,,,,,,,FAIL,test,1,HTTP_BLOCKER,"Command '['mvn.cmd', '-U', '-s', 'D:\\Khedma\\Mr wiem\\mutation-test-pipeline\\target-repos\\103700346\\.mvn\\settings.xml', '-Dtest=com.att.tta.rs.controller.EventRestControllerAiTest', 'test']' returned non-zero exit status 1.: [INFO] Scanning for projects... [WARNING] [WARNING] Some problems were encountered while building the effective model for com.att.tta.rs:resiliency-studio-service:jar:0.0",1,HTTP_SETTINGS_FIX,,1.6.9,,,D:\Khedma\Mr wiem\mutation-test-pipeline\logs\runs\20260412T201107Z_103700346_resiliency-studio-service_AI_ONLY_focal_maven
spring,103728471,integrating/spring,HUMAN,focal,maven,org.agoncal.fascicle.jpa.integrating.spring.AddressEndpoint,org.agoncal.fascicle.jpa.integrating.spring.AddressEndpointTest,3,4,3,1,0,75.000000,OK,summarize,0,,,0,NONE,org.agoncal.fascicle.jpa.integrating.spring.AddressEndpoint*,1.6.9,OK,D:\Khedma\Mr wiem\mutation-test-pipeline\logs\runs\20260412T201154Z_103728471_integrating\spring_HUMAN_focal_maven\04_pit.log,D:\Khedma\Mr wiem\mutation-test-pipeline\logs\runs\20260412T201154Z_103728471_integrating\spring_HUMAN_focal_maven
spring,103728471,integrating/spring,AI_ONLY,focal,maven,org.agoncal.fascicle.jpa.integrating.spring.AddressEndpoint,,,,,,,,FAIL,clone,1,FILE_NOT_FOUND,Generated AI test has no public class declaration: D:\Khedma\Mr wiem\mutation-test-pipeline\experiments\generated_tests\103728471_3_GeneratedTest.java,0,NONE,,1.6.9,,,D:\Khedma\Mr wiem\mutation-test-pipeline\logs\runs\20260412T201313Z_103728471_integrating\spring_AI_ONLY_focal_maven
20260412T201333Z,103760642,core,HUMAN,focal,maven,com.intendia.qualifier.Extension,com.intendia.qualifier.ExtensionTest,2,4,2,0,2,100.000000,OK,summarize,0,,,0,NONE,com.intendia.qualifier.Extension*,1.6.9,OK,D:\Khedma\Mr wiem\mutation-test-pipeline\logs\runs\20260412T201333Z_103760642_core_HUMAN_focal_maven\04_pit.log,D:\Khedma\Mr wiem\mutation-test-pipeline\logs\runs\20260412T201333Z_103760642_core_HUMAN_focal_maven
20260412T201349Z,103760642,core,AI_ONLY,focal,maven,com.intendia.qualifier.Extension,com.intendia.qualifier.NamedExtensionAiTest,,,,,,,FAIL,test,1,COMPILATION,"Command '['mvn.cmd', '-s', 'D:\\Khedma\\Mr wiem\\mutation-test-pipeline\\.mvn\\settings.xml', '-Dtest=com.intendia.qualifier.NamedExtensionAiTest', 'test']' returned non-zero exit status 1.: [INFO] Scanning for projects... [INFO] [INFO] ------------------< com.intendia.qualifier:qualifier >------------------ [INFO] Building Qualifier :: Core HEAD-SNAPSHOT [INFO] from pom.xml [INFO] ---------------",0,NONE,,1.6.9,,,D:\Khedma\Mr wiem\mutation-test-pipeline\logs\runs\20260412T201349Z_103760642_core_AI_ONLY_focal_maven
13,103764705,Module/eaf/13_Reactor,HUMAN,focal,maven,ch.fhnw.reactor.Part02Transform,ch.fhnw.reactor.Part02TransformTest,,,,,,,FAIL,compile,1,OTHER,"Command '['mvn.cmd', '-s', 'D:\\Khedma\\Mr wiem\\mutation-test-pipeline\\.mvn\\settings.xml', '-DskipTests', 'compile']' returned non-zero exit status 1.: [INFO] Scanning for projects... [INFO] ------------------------------------------------------------------------ [INFO] BUILD FAILURE [INFO] ------------------------------------------------------------------------ [INFO] Total time: 0.059 s [INFO",0,NONE,,1.6.9,,,D:\Khedma\Mr wiem\mutation-test-pipeline\logs\runs\20260412T201528Z_103764705_Module\eaf\13_Reactor_HUMAN_focal_maven
13,103764705,Module/eaf/13_Reactor,AI_ONLY,focal,maven,ch.fhnw.reactor.Part02Transform,ch.fhnw.reactor.Part02TransformAiTest,,,,,,,FAIL,compile,1,OTHER,"Command '['mvn.cmd', '-s', 'D:\\Khedma\\Mr wiem\\mutation-test-pipeline\\.mvn\\settings.xml', '-DskipTests', 'compile']' returned non-zero exit status 1.: [INFO] Scanning for projects... [INFO] ------------------------------------------------------------------------ [INFO] BUILD FAILURE [INFO] ------------------------------------------------------------------------ [INFO] Total time: 0.060 s [INFO",0,NONE,,1.6.9,,,D:\Khedma\Mr wiem\mutation-test-pipeline\logs\runs\20260412T201532Z_103764705_Module\eaf\13_Reactor_AI_ONLY_focal_maven
20260412T201554Z,10385460,jabm,HUMAN,focal,maven,net.sourceforge.jabm.spring.PRNGSeedFactoryBean,net.sourceforge.jabm.spring.PRNGSeedFactoryBeanTest,,,,,,,FAIL,compile,1,HTTP_BLOCKER,"Command '['mvn.cmd', '-s', 'D:\\Khedma\\Mr wiem\\mutation-test-pipeline\\.mvn\\settings.xml', '-DskipTests', 'compile']' returned non-zero exit status 1.: [INFO] Scanning for projects... Downloading from central: https://repo1.maven.org/maven2/org/sonatype/plugins/nexus-staging-maven-plugin/1.6.7/nexus-staging-maven-plugin-1.6.7.pom Progress (1): 1.3 kB Progress (1): 3.6 kB Progress (1): 10 kB Pro",0,NONE,,1.6.9,,,D:\Khedma\Mr wiem\mutation-test-pipeline\logs\runs\20260412T201554Z_10385460_jabm_HUMAN_focal_maven
20260412T201604Z,10385460,jabm,HUMAN,focal,maven,net.sourceforge.jabm.spring.PRNGSeedFactoryBean,net.sourceforge.jabm.spring.PRNGSeedFactoryBeanTest,,,,,,,FAIL,compile,1,HTTP_BLOCKER,"Command '['mvn.cmd', '-U', '-s', 'D:\\Khedma\\Mr wiem\\mutation-test-pipeline\\target-repos\\10385460\\.mvn\\settings.xml', '-DskipTests', 'compile']' returned non-zero exit status 1.: [INFO] Scanning for projects... Downloading from central-https: https://repo1.maven.org/maven2/org/sonatype/plugins/nexus-staging-maven-plugin/1.6.7/nexus-staging-maven-plugin-1.6.7.pom Progress (1): 1.3 kB Progress",1,HTTP_SETTINGS_FIX,,1.6.9,,,D:\Khedma\Mr wiem\mutation-test-pipeline\logs\runs\20260412T201604Z_10385460_jabm_HUMAN_focal_maven
20260412T201622Z,10385460,jabm,AI_ONLY,focal,maven,net.sourceforge.jabm.spring.PRNGSeedFactoryBean,net.sourceforge.jabm.spring.PRNGSeedFactoryBeanAiTest,,,,,,,FAIL,compile,1,HTTP_BLOCKER,"Command '['mvn.cmd', '-s', 'D:\\Khedma\\Mr wiem\\mutation-test-pipeline\\.mvn\\settings.xml', '-DskipTests', 'compile']' returned non-zero exit status 1.: [INFO] Scanning for projects... [INFO] Artifact org.sonatype.plugins:nexus-staging-maven-plugin:pom:1.6.7 is present in the local repository, but cached from a remote repository ID that is unavailable in current build context, verifying that is ",0,NONE,,1.6.9,,,D:\Khedma\Mr wiem\mutation-test-pipeline\logs\runs\20260412T201622Z_10385460_jabm_AI_ONLY_focal_maven
20260412T201633Z,10385460,jabm,AI_ONLY,focal,maven,net.sourceforge.jabm.spring.PRNGSeedFactoryBean,net.sourceforge.jabm.spring.PRNGSeedFactoryBeanAiTest,,,,,,,FAIL,compile,1,HTTP_BLOCKER,"Command '['mvn.cmd', '-U', '-s', 'D:\\Khedma\\Mr wiem\\mutation-test-pipeline\\target-repos\\10385460\\.mvn\\settings.xml', '-DskipTests', 'compile']' returned non-zero exit status 1.: [INFO] Scanning for projects... [INFO] Inspecting build with total of 1 modules... [INFO] Installing Nexus Staging features: [INFO] ... total of 1 executions of maven-deploy-plugin replaced with nexus-staging-maven-",1,HTTP_SETTINGS_FIX,,1.6.9,,,D:\Khedma\Mr wiem\mutation-test-pipeline\logs\runs\20260412T201633Z_10385460_jabm_AI_ONLY_focal_maven
20260412T201700Z,103962048,MavenService,HUMAN,focal,maven,ru.itpark.dao.HumansJdbcTemplateDaoImpl,ru.itpark.dao.HumansJdbcTemplateDaoImplTest,,,,,,,FAIL,compile,1,COMPILATION,"Command '['mvn.cmd', '-s', 'D:\\Khedma\\Mr wiem\\mutation-test-pipeline\\.mvn\\settings.xml', '-DskipTests', 'compile']' returned non-zero exit status 1.: [INFO] Scanning for projects... [WARNING] [WARNING] Some problems were encountered while building the effective model for ru.itpark:maven-service:jar:0.1 [WARNING] 'build.plugins.plugin.version' for org.apache.maven.plugins:maven-compiler-plugin",0,NONE,,1.6.9,,,D:\Khedma\Mr wiem\mutation-test-pipeline\logs\runs\20260412T201700Z_103962048_MavenService_HUMAN_focal_maven
20260412T201707Z,103962048,MavenService,AI_ONLY,focal,maven,ru.itpark.dao.HumansJdbcTemplateDaoImpl,,,,,,,,FAIL,clone,1,FILE_NOT_FOUND,Generated AI test has no public class declaration: D:\Khedma\Mr wiem\mutation-test-pipeline\experiments\generated_tests\103962048_4_GeneratedTest.java,0,NONE,,1.6.9,,,D:\Khedma\Mr wiem\mutation-test-pipeline\logs\runs\20260412T201707Z_103962048_MavenService_AI_ONLY_focal_maven
20260412T201728Z,103989411,athenax-vm-compiler,HUMAN,focal,maven,com.uber.athenax.vm.compiler.planner.Planner,com.uber.athenax.vm.compiler.planner.PlannerTest,,,,,,,FAIL,compile,1,DEP_RESOLUTION,"Command '['mvn.cmd', '-s', 'D:\\Khedma\\Mr wiem\\mutation-test-pipeline\\.mvn\\settings.xml', '-DskipTests', 'compile']' returned non-zero exit status 1.: [INFO] Scanning for projects... [INFO] [INFO] ----------------< com.uber.athenax:athenax-vm-compiler >---------------- [INFO] Building AthenaX Compiler 0.2-SNAPSHOT [INFO] from pom.xml [INFO] --------------------------------[ jar ]--------------",0,NONE,,1.6.9,,,D:\Khedma\Mr wiem\mutation-test-pipeline\logs\runs\20260412T201728Z_103989411_athenax-vm-compiler_HUMAN_focal_maven
20260412T201740Z,103989411,athenax-vm-compiler,AI_ONLY,focal,maven,com.uber.athenax.vm.compiler.planner.Planner,com.uber.athenax.vm.compiler.planner.PlannerAiTest,,,,,,,FAIL,compile,1,DEP_RESOLUTION,"Command '['mvn.cmd', '-s', 'D:\\Khedma\\Mr wiem\\mutation-test-pipeline\\.mvn\\settings.xml', '-DskipTests', 'compile']' returned non-zero exit status 1.: [INFO] Scanning for projects... [INFO] [INFO] ----------------< com.uber.athenax:athenax-vm-compiler >---------------- [INFO] Building AthenaX Compiler 0.2-SNAPSHOT [INFO] from pom.xml [INFO] --------------------------------[ jar ]--------------",0,NONE,,1.6.9,,,D:\Khedma\Mr wiem\mutation-test-pipeline\logs\runs\20260412T201740Z_103989411_athenax-vm-compiler_AI_ONLY_focal_maven
20260412T201805Z,10400052,activejdbc,HUMAN,focal,maven,org.javalite.activejdbc.Base,org.javalite.activejdbc.BaseTest,,,,,,,FAIL,compile,1,DEP_RESOLUTION,"Command '['mvn.cmd', '-s', 'D:\\Khedma\\Mr wiem\\mutation-test-pipeline\\.mvn\\settings.xml', '-DskipTests', 'compile']' returned non-zero exit status 1.: [INFO] Scanning for projects... Downloading from apache_plugin_snapshots: https://repository.apache.org/snapshots/org/sonatype/central/central-publishing-maven-plugin/0.9.0/central-publishing-maven-plugin-0.9.0.pom Downloading from central: http",0,NONE,,1.6.9,,,D:\Khedma\Mr wiem\mutation-test-pipeline\logs\runs\20260412T201805Z_10400052_activejdbc_HUMAN_focal_maven
20260412T201821Z,10400052,activejdbc,AI_ONLY,focal,maven,org.javalite.activejdbc.Base,org.javalite.activejdbc.BaseAiTest,,,,,,,FAIL,compile,1,SNAPSHOT_MISSING,"Command '['mvn.cmd', '-s', 'D:\\Khedma\\Mr wiem\\mutation-test-pipeline\\.mvn\\settings.xml', '-DskipTests', 'compile']' returned non-zero exit status 1.: [INFO] Scanning for projects... [INFO] Inspecting build with total of 1 modules [INFO] Installing Central Publishing features [INFO] [INFO] ----------------------< org.javalite:activejdbc >----------------------- [INFO] Building JavaLite - Activ",0,NONE,,1.6.9,,,D:\Khedma\Mr wiem\mutation-test-pipeline\logs\runs\20260412T201821Z_10400052_activejdbc_AI_ONLY_focal_maven
20260412T201826Z,10400052,activejdbc,AI_ONLY,focal,maven,org.javalite.activejdbc.Base,org.javalite.activejdbc.BaseAiTest,,,,,,,FAIL,compile,1,HTTP_BLOCKER,"Command '['mvn.cmd', '-U', '-s', 'D:\\Khedma\\Mr wiem\\mutation-test-pipeline\\target-repos\\10400052\\.mvn\\settings.xml', '-DskipTests', 'compile']' returned non-zero exit status 1.: [INFO] Scanning for projects... [INFO] Artifact org.sonatype.central:central-publishing-maven-plugin:pom:0.9.0 is present in the local repository, but cached from a remote repository ID that is unavailable in curren",1,HTTP_SETTINGS_FIX,,1.6.9,,,D:\Khedma\Mr wiem\mutation-test-pipeline\logs\runs\20260412T201826Z_10400052_activejdbc_AI_ONLY_focal_maven
common,104025215,paging/common,HUMAN,focal,maven,android.arch.util.paging.PagedList,android.arch.util.paging.PagedListTest,,,,,,,FAIL,compile,1,OTHER,"Command '['mvn.cmd', '-s', 'D:\\Khedma\\Mr wiem\\mutation-test-pipeline\\.mvn\\settings.xml', '-DskipTests', 'compile']' returned non-zero exit status 1.: [INFO] Scanning for projects... [INFO] ------------------------------------------------------------------------ [INFO] BUILD FAILURE [INFO] ------------------------------------------------------------------------ [INFO] Total time: 0.058 s [INFO",0,NONE,,1.6.9,,,D:\Khedma\Mr wiem\mutation-test-pipeline\logs\runs\20260412T201908Z_104025215_paging\common_HUMAN_focal_maven
common,104025215,paging/common,AI_ONLY,focal,maven,android.arch.util.paging.PagedList,android.arch.util.paging.PagedListAiTest,,,,,,,FAIL,compile,1,OTHER,"Command '['mvn.cmd', '-s', 'D:\\Khedma\\Mr wiem\\mutation-test-pipeline\\.mvn\\settings.xml', '-DskipTests', 'compile']' returned non-zero exit status 1.: [INFO] Scanning for projects... [INFO] ------------------------------------------------------------------------ [INFO] BUILD FAILURE [INFO] ------------------------------------------------------------------------ [INFO] Total time: 0.062 s [INFO",0,NONE,,1.6.9,,,D:\Khedma\Mr wiem\mutation-test-pipeline\logs\runs\20260412T201912Z_104025215_paging\common_AI_ONLY_focal_maven
20260412T201934Z,104078932,spring-boot-mybatis-multi,HUMAN,focal,maven,com.jaycekon.mybatis.multi.service.UserService,com.jaycekon.mybatis.multi.service.UserServiceTest,,,,,,,FAIL,compile,1,COMPILATION,"Command '['mvn.cmd', '-s', 'D:\\Khedma\\Mr wiem\\mutation-test-pipeline\\.mvn\\settings.xml', '-DskipTests', 'compile']' returned non-zero exit status 1.: [INFO] Scanning for projects... Downloading from central: https://repo1.maven.org/maven2/org/springframework/boot/spring-boot-starter-parent/2.1.0.RELEASE/spring-boot-starter-parent-2.1.0.RELEASE.pom Progress (1): 1.0 kB Progress (1): 3.6 kB Pro",0,NONE,,1.6.9,,,D:\Khedma\Mr wiem\mutation-test-pipeline\logs\runs\20260412T201934Z_104078932_spring-boot-mybatis-multi_HUMAN_focal_maven
20260412T201947Z,104078932,spring-boot-mybatis-multi,AI_ONLY,focal,maven,com.jaycekon.mybatis.multi.service.UserService,com.jaycekon.mybatis.multi.service.UserServiceAiTest,,,,,,,FAIL,compile,1,COMPILATION,"Command '['mvn.cmd', '-s', 'D:\\Khedma\\Mr wiem\\mutation-test-pipeline\\.mvn\\settings.xml', '-DskipTests', 'compile']' returned non-zero exit status 1.: [INFO] Scanning for projects... [INFO] [INFO] ---------------< com.jaycekon:spring-boot-mybatis-multi >--------------- [INFO] Building spring-boot-mybatis-multi 0.0.1-SNAPSHOT [INFO] from pom.xml [INFO] --------------------------------[ jar ]---",0,NONE,,1.6.9,,,D:\Khedma\Mr wiem\mutation-test-pipeline\logs\runs\20260412T201947Z_104078932_spring-boot-mybatis-multi_AI_ONLY_focal_maven
jee-agents-tomcat-v6,104092353,jee-agents-tomcat/jee-agents-tomcat-v6,HUMAN,focal,maven,,,,,,,,,FAIL,clone,1,MODULE_MISSING,Module directory does not exist: D:\Khedma\Mr wiem\mutation-test-pipeline\target-repos\104092353\jee-agents-tomcat\jee-agents-tomcat-v6,0,NONE,,1.6.9,,,D:\Khedma\Mr wiem\mutation-test-pipeline\logs\runs\20260412T202007Z_104092353_jee-agents-tomcat\jee-agents-tomcat-v6_HUMAN_focal_maven
jee-agents-tomcat-v6,104092353,jee-agents-tomcat/jee-agents-tomcat-v6,AI_ONLY,focal,maven,,,,,,,,,FAIL,clone,1,MODULE_MISSING,Module directory does not exist: D:\Khedma\Mr wiem\mutation-test-pipeline\target-repos\104092353\jee-agents-tomcat\jee-agents-tomcat-v6,0,NONE,,1.6.9,,,D:\Khedma\Mr wiem\mutation-test-pipeline\logs\runs\20260412T202007Z_104092353_jee-agents-tomcat\jee-agents-tomcat-v6_AI_ONLY_focal_maven
20260412T202027Z,104094274,carml-rdf-mapper,HUMAN,focal,maven,com.taxonic.carml.rdf_mapper.impl.CarmlMapper,,,,,,,,FAIL,clone,1,FILE_NOT_FOUND,Mapped human test class file does not exist: D:\Khedma\Mr wiem\mutation-test-pipeline\target-repos\104094274\carml-rdf-mapper\src\test\java\com\taxonic\carml\rdf_mapper\impl\CarmlMapperTest.java,0,NONE,,1.6.9,,,D:\Khedma\Mr wiem\mutation-test-pipeline\logs\runs\20260412T202027Z_104094274_carml-rdf-mapper_HUMAN_focal_maven
20260412T202027Z,104094274,carml-rdf-mapper,AI_ONLY,focal,maven,com.taxonic.carml.rdf_mapper.impl.CarmlMapper,,,,,,,,FAIL,clone,1,FILE_NOT_FOUND,Generated AI test has no public class declaration: D:\Khedma\Mr wiem\mutation-test-pipeline\experiments\generated_tests\104094274_15_GeneratedTest.java,0,NONE,,1.6.9,,,D:\Khedma\Mr wiem\mutation-test-pipeline\logs\runs\20260412T202027Z_104094274_carml-rdf-mapper_AI_ONLY_focal_maven
20260412T202045Z,10410163,minium-elements,HUMAN,focal,maven,minium.Offsets,minium.OffsetsTest,4,33,27,0,6,100.000000,OK,summarize,0,,,0,NONE,minium.Offsets*,1.6.9,OK,D:\Khedma\Mr wiem\mutation-test-pipeline\logs\runs\20260412T202045Z_10410163_minium-elements_HUMAN_focal_maven\04_pit.log,D:\Khedma\Mr wiem\mutation-test-pipeline\logs\runs\20260412T202045Z_10410163_minium-elements_HUMAN_focal_maven
20260412T202133Z,10410163,minium-elements,AI_ONLY,focal,maven,minium.Offsets,minium.OffsetsAiTest,,,,,,,FAIL,compile,1,OTHER,"Command '['mvn.cmd', '-s', 'D:\\Khedma\\Mr wiem\\mutation-test-pipeline\\.mvn\\settings.xml', '-DskipTests', 'compile']' returned non-zero exit status 1.: [INFO] Scanning for projects... [WARNING] [WARNING] Some problems were encountered while building the effective model for io.vilt.minium:minium-elements:jar:2.5.1-SNAPSHOT [WARNING] 'dependencyManagement.dependencies.dependency.systemPath' for c",0,NONE,,1.6.9,,,D:\Khedma\Mr wiem\mutation-test-pipeline\logs\runs\20260412T202133Z_10410163_minium-elements_AI_ONLY_focal_maven
20260412T202200Z,104141049,jdbc-manager,HUMAN,focal,maven,com.networknt.session.jdbc.JdbcSessionRepository,com.networknt.session.jdbc.JdbcSessionRepositoryTest,,,,,,,FAIL,compile,1,COMPILATION,"Command '['mvn.cmd', '-s', 'D:\\Khedma\\Mr wiem\\mutation-test-pipeline\\.mvn\\settings.xml', '-DskipTests', 'compile']' returned non-zero exit status 1.: [INFO] Scanning for projects... Downloading from central: https://repo1.maven.org/maven2/com/fasterxml/jackson/jackson-bom/2.21.1/jackson-bom-2.21.1.pom Progress (1): 930 B Progress (1): 2.0 kB Progress (1): 4.2 kB Progress (1): 14 kB Progress (",0,NONE,,1.6.9,,,D:\Khedma\Mr wiem\mutation-test-pipeline\logs\runs\20260412T202200Z_104141049_jdbc-manager_HUMAN_focal_maven
20260412T202248Z,104141049,jdbc-manager,AI_ONLY,focal,maven,com.networknt.session.jdbc.JdbcSessionRepository,com.networknt.session.jdbc.JdbcSessionRepositoryAiTest,,,,,,,FAIL,compile,1,COMPILATION,"Command '['mvn.cmd', '-s', 'D:\\Khedma\\Mr wiem\\mutation-test-pipeline\\.mvn\\settings.xml', '-DskipTests', 'compile']' returned non-zero exit status 1.: [INFO] Scanning for projects... [INFO] [INFO] ---------------------< com.networknt:jdbc-manager >--------------------- [INFO] Building jdbc-manager 2.3.4-SNAPSHOT [INFO] from pom.xml [INFO] --------------------------------[ jar ]----------------",0,NONE,,1.6.9,,,D:\Khedma\Mr wiem\mutation-test-pipeline\logs\runs\20260412T202248Z_104141049_jdbc-manager_AI_ONLY_focal_maven
20260412T202312Z,104152070,core,HUMAN,focal,maven,react4j.Contexts,react4j.ContextsTest,,,,,,,FAIL,compile,1,OTHER,"Command '['mvn.cmd', '-s', 'D:\\Khedma\\Mr wiem\\mutation-test-pipeline\\.mvn\\settings.xml', '-DskipTests', 'compile']' returned non-zero exit status 1.: [INFO] Scanning for projects... [INFO] ------------------------------------------------------------------------ [INFO] BUILD FAILURE [INFO] ------------------------------------------------------------------------ [INFO] Total time: 0.059 s [INFO",0,NONE,,1.6.9,,,D:\Khedma\Mr wiem\mutation-test-pipeline\logs\runs\20260412T202312Z_104152070_core_HUMAN_focal_maven
20260412T202316Z,104152070,core,AI_ONLY,focal,maven,react4j.Contexts,react4j.ContextsAiTest,,,,,,,FAIL,compile,1,OTHER,"Command '['mvn.cmd', '-s', 'D:\\Khedma\\Mr wiem\\mutation-test-pipeline\\.mvn\\settings.xml', '-DskipTests', 'compile']' returned non-zero exit status 1.: [INFO] Scanning for projects... [INFO] ------------------------------------------------------------------------ [INFO] BUILD FAILURE [INFO] ------------------------------------------------------------------------ [INFO] Total time: 0.062 s [INFO",0,NONE,,1.6.9,,,D:\Khedma\Mr wiem\mutation-test-pipeline\logs\runs\20260412T202316Z_104152070_core_AI_ONLY_focal_maven
20260412T202344Z,104154908,bboss-elasticsearch-rest,HUMAN,focal,maven,org.frameworkset.elasticsearch.serial.CharEscapeUtil,org.frameworkset.elasticsearch.serial.CharEscapeUtilTest,,,,,,,FAIL,compile,1,OTHER,"Command '['mvn.cmd', '-s', 'D:\\Khedma\\Mr wiem\\mutation-test-pipeline\\.mvn\\settings.xml', '-DskipTests', 'compile']' returned non-zero exit status 1.: [INFO] Scanning for projects... [INFO] ------------------------------------------------------------------------ [INFO] BUILD FAILURE [INFO] ------------------------------------------------------------------------ [INFO] Total time: 0.058 s [INFO",0,NONE,,1.6.9,,,D:\Khedma\Mr wiem\mutation-test-pipeline\logs\runs\20260412T202344Z_104154908_bboss-elasticsearch-rest_HUMAN_focal_maven
20260412T202348Z,104154908,bboss-elasticsearch-rest,AI_ONLY,focal,maven,org.frameworkset.elasticsearch.serial.CharEscapeUtil,org.frameworkset.elasticsearch.serial.CharEscapeUtilAiTest,,,,,,,FAIL,compile,1,OTHER,"Command '['mvn.cmd', '-s', 'D:\\Khedma\\Mr wiem\\mutation-test-pipeline\\.mvn\\settings.xml', '-DskipTests', 'compile']' returned non-zero exit status 1.: [INFO] Scanning for projects... [INFO] ------------------------------------------------------------------------ [INFO] BUILD FAILURE [INFO] ------------------------------------------------------------------------ [INFO] Total time: 0.063 s [INFO",0,NONE,,1.6.9,,,D:\Khedma\Mr wiem\mutation-test-pipeline\logs\runs\20260412T202348Z_104154908_bboss-elasticsearch-rest_AI_ONLY_focal_maven
20260412T202410Z,104169114,gts-nameserver,HUMAN,focal,maven,com.wf.gts.nameserver.route.RouteInfoManager,com.wf.gts.nameserver.route.RouteInfoManagerTest,,,,,,,FAIL,compile,1,DEP_RESOLUTION,"Command '['mvn.cmd', '-s', 'D:\\Khedma\\Mr wiem\\mutation-test-pipeline\\.mvn\\settings.xml', '-DskipTests', 'compile']' returned non-zero exit status 1.: [INFO] Scanning for projects... Downloading from alfresco-maven-repo: https://maven.alfresco.com/nexus/content/groups/public/org/springframework/boot/spring-boot-starter-parent/1.5.4.RELEASE/spring-boot-starter-parent-1.5.4.RELEASE.pom Downloadi",0,NONE,,1.6.9,,,D:\Khedma\Mr wiem\mutation-test-pipeline\logs\runs\20260412T202410Z_104169114_gts-nameserver_HUMAN_focal_maven
20260412T202419Z,104169114,gts-nameserver,AI_ONLY,focal,maven,com.wf.gts.nameserver.route.RouteInfoManager,,,,,,,,FAIL,clone,1,FILE_NOT_FOUND,Generated AI test has no public class declaration: D:\Khedma\Mr wiem\mutation-test-pipeline\experiments\generated_tests\104169114_3_GeneratedTest.java,0,NONE,,1.6.9,,,D:\Khedma\Mr wiem\mutation-test-pipeline\logs\runs\20260412T202419Z_104169114_gts-nameserver_AI_ONLY_focal_maven
20260412T202439Z,104217624,rpki-validator,HUMAN,focal,maven,net.ripe.rpki.validator3.domain.cleanup.RpkiObjectCleanupService,net.ripe.rpki.validator3.domain.cleanup.RpkiObjectCleanupServiceTest,,,,,,,FAIL,test,1,COMPILATION,"Command '['mvn.cmd', '-s', 'D:\\Khedma\\Mr wiem\\mutation-test-pipeline\\.mvn\\settings.xml', '-Dtest=net.ripe.rpki.validator3.domain.cleanup.RpkiObjectCleanupServiceTest', 'test']' returned non-zero exit status 1.: [INFO] Scanning for projects... [INFO] [INFO] --------------------< net.ripe.rpki:rpki-validator >-------------------- [INFO] Building rpki-validator-3 3.2-SNAPSHOT [INFO] from pom.xml",0,NONE,,1.6.9,,,D:\Khedma\Mr wiem\mutation-test-pipeline\logs\runs\20260412T202439Z_104217624_rpki-validator_HUMAN_focal_maven
20260412T202543Z,104217624,rpki-validator,AI_ONLY,focal,maven,net.ripe.rpki.validator3.domain.cleanup.RpkiObjectCleanupService,net.ripe.rpki.validator3.domain.cleanup.RpkiObjectCleanupServiceAiTest,,,,,,,FAIL,test,1,COMPILATION,"Command '['mvn.cmd', '-s', 'D:\\Khedma\\Mr wiem\\mutation-test-pipeline\\.mvn\\settings.xml', '-Dtest=net.ripe.rpki.validator3.domain.cleanup.RpkiObjectCleanupServiceAiTest', 'test']' returned non-zero exit status 1.: [INFO] Scanning for projects... [INFO] [INFO] --------------------< net.ripe.rpki:rpki-validator >-------------------- [INFO] Building rpki-validator-3 3.2-SNAPSHOT [INFO] from pom.x",0,NONE,,1.6.9,,,D:\Khedma\Mr wiem\mutation-test-pipeline\logs\runs\20260412T202543Z_104217624_rpki-validator_AI_ONLY_focal_maven
searching,10422484,app/core/searching,HUMAN,focal,maven,org.greencheek.related.searching.repository.NodeOrTransportBasedElasticSearchClientFactoryCreator,org.greencheek.related.searching.repository.NodeOrTransportBasedElasticSearchClientFactoryCreatorTest,,,,,,,FAIL,compile,1,DEP_RESOLUTION,"Command '['mvn.cmd', '-s', 'D:\\Khedma\\Mr wiem\\mutation-test-pipeline\\.mvn\\settings.xml', '-DskipTests', 'compile']' returned non-zero exit status 1.: [INFO] Scanning for projects... [INFO] [INFO] --------------< org.greencheek.related:related-searching >-------------- [INFO] Building related-searching 1.1.1-SNAPSHOT [INFO] from pom.xml [INFO] --------------------------------[ jar ]-----------",0,NONE,,1.6.9,,,D:\Khedma\Mr wiem\mutation-test-pipeline\logs\runs\20260412T202617Z_10422484_app\core\searching_HUMAN_focal_maven
searching,10422484,app/core/searching,AI_ONLY,focal,maven,org.greencheek.related.searching.repository.NodeOrTransportBasedElasticSearchClientFactoryCreator,org.greencheek.related.searching.repository.NodeOrTransportBasedElasticSearchClientFactoryCreatorAiTest,,,,,,,FAIL,compile,1,DEP_RESOLUTION,"Command '['mvn.cmd', '-s', 'D:\\Khedma\\Mr wiem\\mutation-test-pipeline\\.mvn\\settings.xml', '-DskipTests', 'compile']' returned non-zero exit status 1.: [INFO] Scanning for projects... [INFO] [INFO] --------------< org.greencheek.related:related-searching >-------------- [INFO] Building related-searching 1.1.1-SNAPSHOT [INFO] from pom.xml [INFO] --------------------------------[ jar ]-----------",0,NONE,,1.6.9,,,D:\Khedma\Mr wiem\mutation-test-pipeline\logs\runs\20260412T202626Z_10422484_app\core\searching_AI_ONLY_focal_maven
20260412T202644Z,104249541,app,HUMAN,focal,maven,,,,,,,,,FAIL,clone,1,MODULE_MISSING,Module directory does not exist: D:\Khedma\Mr wiem\mutation-test-pipeline\target-repos\104249541\app,0,NONE,,1.6.9,,,D:\Khedma\Mr wiem\mutation-test-pipeline\logs\runs\20260412T202644Z_104249541_app_HUMAN_focal_maven
20260412T202645Z,104249541,app,AI_ONLY,focal,maven,,,,,,,,,FAIL,clone,1,MODULE_MISSING,Module directory does not exist: D:\Khedma\Mr wiem\mutation-test-pipeline\target-repos\104249541\app,0,NONE,,1.6.9,,,D:\Khedma\Mr wiem\mutation-test-pipeline\logs\runs\20260412T202645Z_104249541_app_AI_ONLY_focal_maven
20260412T202708Z,104262301,server,HUMAN,focal,maven,com.gms.service.configuration.ConfigurationService,com.gms.service.configuration.ConfigurationServiceTest,,,,,,,FAIL,compile,1,OTHER,"Command '['mvn.cmd', '-s', 'D:\\Khedma\\Mr wiem\\mutation-test-pipeline\\.mvn\\settings.xml', '-DskipTests', 'compile']' returned non-zero exit status 1.: [INFO] Scanning for projects... [INFO] ------------------------------------------------------------------------ [INFO] BUILD FAILURE [INFO] ------------------------------------------------------------------------ [INFO] Total time: 0.059 s [INFO",0,NONE,,1.6.9,,,D:\Khedma\Mr wiem\mutation-test-pipeline\logs\runs\20260412T202708Z_104262301_server_HUMAN_focal_maven
20260412T202711Z,104262301,server,AI_ONLY,focal,maven,com.gms.service.configuration.ConfigurationService,com.gms.service.configuration.ConfigurationServiceAiTest,,,,,,,FAIL,compile,1,OTHER,"Command '['mvn.cmd', '-s', 'D:\\Khedma\\Mr wiem\\mutation-test-pipeline\\.mvn\\settings.xml', '-DskipTests', 'compile']' returned non-zero exit status 1.: [INFO] Scanning for projects... [INFO] ------------------------------------------------------------------------ [INFO] BUILD FAILURE [INFO] ------------------------------------------------------------------------ [INFO] Total time: 0.059 s [INFO",0,NONE,,1.6.9,,,D:\Khedma\Mr wiem\mutation-test-pipeline\logs\runs\20260412T202711Z_104262301_server_AI_ONLY_focal_maven
20260412T202733Z,10429628,10429628,HUMAN,focal,maven,,,,,,,,,FAIL,clone,1,MODULE_MISSING,Module directory does not exist: D:\Khedma\Mr wiem\mutation-test-pipeline\target-repos\10429628\10429628,0,NONE,,1.6.9,,,D:\Khedma\Mr wiem\mutation-test-pipeline\logs\runs\20260412T202733Z_10429628_10429628_HUMAN_focal_maven
20260412T202734Z,10429628,10429628,AI_ONLY,focal,maven,,,,,,,,,FAIL,clone,1,MODULE_MISSING,Module directory does not exist: D:\Khedma\Mr wiem\mutation-test-pipeline\target-repos\10429628\10429628,0,NONE,,1.6.9,,,D:\Khedma\Mr wiem\mutation-test-pipeline\logs\runs\20260412T202734Z_10429628_10429628_AI_ONLY_focal_maven
20260412T202752Z,104316906,framework-poi,HUMAN,focal,maven,com.github.fartherp.framework.poi.excel.write.FileExcelWrite,com.github.fartherp.framework.poi.excel.write.FileExcelWriteTest,,,,,,,FAIL,compile,1,DEP_RESOLUTION,"Command '['mvn.cmd', '-s', 'D:\\Khedma\\Mr wiem\\mutation-test-pipeline\\.mvn\\settings.xml', '-DskipTests', 'compile']' returned non-zero exit status 1.: [INFO] Scanning for projects... [ERROR] [ERROR] Some problems were encountered while processing the POMs: [FATAL] Non-resolvable parent POM for com.github.fartherp:framework:3.0.7-SNAPSHOT: The following artifacts could not be resolved: com.gith",0,NONE,,1.6.9,,,D:\Khedma\Mr wiem\mutation-test-pipeline\logs\runs\20260412T202752Z_104316906_framework-poi_HUMAN_focal_maven
20260412T202756Z,104316906,framework-poi,AI_ONLY,focal,maven,com.github.fartherp.framework.poi.excel.write.FileExcelWrite,,,,,,,,FAIL,clone,1,FILE_NOT_FOUND,Generated AI test has no public class declaration: D:\Khedma\Mr wiem\mutation-test-pipeline\experiments\generated_tests\104316906_19_GeneratedTest.java,0,NONE,,1.6.9,,,D:\Khedma\Mr wiem\mutation-test-pipeline\logs\runs\20260412T202756Z_104316906_framework-poi_AI_ONLY_focal_maven
20260412T202817Z,104398040,butterfly-utilities,HUMAN,focal,maven,com.paypal.butterfly.utilities.pom.PomGetParent,com.paypal.butterfly.utilities.pom.PomGetParentTest,,,,,,,FAIL,compile,1,COMPILATION,"Command '['mvn.cmd', '-s', 'D:\\Khedma\\Mr wiem\\mutation-test-pipeline\\.mvn\\settings.xml', '-DskipTests', 'compile']' returned non-zero exit status 1.: [INFO] Scanning for projects... [INFO] [INFO] --------------< com.paypal.butterfly:butterfly-utilities >-------------- [INFO] Building butterfly-utilities 3.2.8 [INFO] from pom.xml [INFO] --------------------------------[ jar ]------------------",0,NONE,,1.6.9,,,D:\Khedma\Mr wiem\mutation-test-pipeline\logs\runs\20260412T202817Z_104398040_butterfly-utilities_HUMAN_focal_maven
20260412T202825Z,104398040,butterfly-utilities,AI_ONLY,focal,maven,com.paypal.butterfly.utilities.pom.PomGetParent,com.paypal.butterfly.utilities.pom.PomGetParentAiTest,,,,,,,FAIL,compile,1,COMPILATION,"Command '['mvn.cmd', '-s', 'D:\\Khedma\\Mr wiem\\mutation-test-pipeline\\.mvn\\settings.xml', '-DskipTests', 'compile']' returned non-zero exit status 1.: [INFO] Scanning for projects... [INFO] [INFO] --------------< com.paypal.butterfly:butterfly-utilities >-------------- [INFO] Building butterfly-utilities 3.2.8 [INFO] from pom.xml [INFO] --------------------------------[ jar ]------------------",0,NONE,,1.6.9,,,D:\Khedma\Mr wiem\mutation-test-pipeline\logs\runs\20260412T202825Z_104398040_butterfly-utilities_AI_ONLY_focal_maven
20260412T202852Z,10445803,stripes,HUMAN,focal,maven,net.sourceforge.stripes.validation.BigIntegerTypeConverter,net.sourceforge.stripes.validation.BigIntegerTypeConverterTest,1,4,4,0,0,100.000000,OK,summarize,0,,,0,NONE,net.sourceforge.stripes.validation.BigIntegerTypeConverter*,1.6.9,OK,D:\Khedma\Mr wiem\mutation-test-pipeline\logs\runs\20260412T202852Z_10445803_stripes_HUMAN_focal_maven\04_pit.log,D:\Khedma\Mr wiem\mutation-test-pipeline\logs\runs\20260412T202852Z_10445803_stripes_HUMAN_focal_maven
20260412T202916Z,10445803,stripes,AI_ONLY,focal,maven,net.sourceforge.stripes.validation.BigIntegerTypeConverter,net.sourceforge.stripes.validation.BigIntegerTypeConverterAiTest,,,,,,,FAIL,test,1,TEST_FAILURE,"Command '['mvn.cmd', '-s', 'D:\\Khedma\\Mr wiem\\mutation-test-pipeline\\.mvn\\settings.xml', '-Dtest=net.sourceforge.stripes.validation.BigIntegerTypeConverterAiTest', 'test']' returned non-zero exit status 1.: [INFO] Scanning for projects... [WARNING] [WARNING] Some problems were encountered while building the effective model for net.sourceforge.stripes:stripes:jar:1.7.0-SNAPSHOT [WARNING] 'buil",0,NONE,,1.6.9,,,D:\Khedma\Mr wiem\mutation-test-pipeline\logs\runs\20260412T202916Z_10445803_stripes_AI_ONLY_focal_maven
20260412T202948Z,10448161,normalization,HUMAN,focal,maven,zemberek.normalization.CharacterGraphDecoder,zemberek.normalization.CharacterGraphDecoderTest,,,,,,,FAIL,compile,1,DEP_RESOLUTION,"Command '['mvn.cmd', '-s', 'D:\\Khedma\\Mr wiem\\mutation-test-pipeline\\.mvn\\settings.xml', '-DskipTests', 'compile']' returned non-zero exit status 1.: [INFO] Scanning for projects... Downloading from central: https://repo1.maven.org/maven2/kr/motd/maven/os-maven-plugin/1.6.0/os-maven-plugin-1.6.0.pom Progress (1): 1.1 kB Progress (1): 2.9 kB Progress (1): 5.3 kB Progress (1): 6.3 kB Downloaded",0,NONE,,1.6.9,,,D:\Khedma\Mr wiem\mutation-test-pipeline\logs\runs\20260412T202948Z_10448161_normalization_HUMAN_focal_maven
20260412T202956Z,10448161,normalization,AI_ONLY,focal,maven,zemberek.normalization.CharacterGraphDecoder,zemberek.normalization.CharacterGraphDecoderAiTest,,,,,,,FAIL,compile,1,SNAPSHOT_MISSING,"Command '['mvn.cmd', '-s', 'D:\\Khedma\\Mr wiem\\mutation-test-pipeline\\.mvn\\settings.xml', '-DskipTests', 'compile']' returned non-zero exit status 1.: [INFO] Scanning for projects... [INFO] ------------------------------------------------------------------------ [INFO] Detecting the operating system and CPU architecture [INFO] -------------------------------------------------------------------",0,NONE,,1.6.9,,,D:\Khedma\Mr wiem\mutation-test-pipeline\logs\runs\20260412T202956Z_10448161_normalization_AI_ONLY_focal_maven
20260412T203000Z,10448161,normalization,AI_ONLY,focal,maven,zemberek.normalization.CharacterGraphDecoder,zemberek.normalization.CharacterGraphDecoderAiTest,,,,,,,FAIL,compile,1,DEP_RESOLUTION,"Command '['mvn.cmd', '-U', '-s', 'D:\\Khedma\\Mr wiem\\mutation-test-pipeline\\.mvn\\settings.xml', '-DskipTests', 'compile']' returned non-zero exit status 1.: [INFO] Scanning for projects... [INFO] ------------------------------------------------------------------------ [INFO] Detecting the operating system and CPU architecture [INFO] -------------------------------------------------------------",0,MAVEN_FORCE_UPDATE,,1.6.9,,,D:\Khedma\Mr wiem\mutation-test-pipeline\logs\runs\20260412T203000Z_10448161_normalization_AI_ONLY_focal_maven
20260412T203019Z,104490112,xyz.balzaclang.balzac.lib,HUMAN,focal,maven,xyz.balzaclang.lib.ECKeyStore,,,,,,,,FAIL,clone,1,FILE_NOT_FOUND,Mapped human test class file does not exist: D:\Khedma\Mr wiem\mutation-test-pipeline\target-repos\104490112\xyz.balzaclang.balzac.lib\src\test\java\xyz\balzaclang\lib\ECKeyStoreTest.java,0,NONE,,1.6.9,,,D:\Khedma\Mr wiem\mutation-test-pipeline\logs\runs\20260412T203019Z_104490112_xyz.balzaclang.balzac.lib_HUMAN_focal_maven
20260412T203019Z,104490112,xyz.balzaclang.balzac.lib,AI_ONLY,focal,maven,xyz.balzaclang.lib.ECKeyStore,,,,,,,,FAIL,clone,1,FILE_NOT_FOUND,Generated AI test not found: D:\Khedma\Mr wiem\mutation-test-pipeline\experiments\generated_tests\104490112_1_GeneratedTest.java,0,NONE,,1.6.9,,,D:\Khedma\Mr wiem\mutation-test-pipeline\logs\runs\20260412T203019Z_104490112_xyz.balzaclang.balzac.lib_AI_ONLY_focal_maven
20260412T203039Z,104512497,reporters,HUMAN,focal,maven,com.facebook.battery.reporter.cpu.CpuFrequencyMetricsReporter,com.facebook.battery.reporter.cpu.CpuFrequencyMetricsReporterTest,,,,,,,FAIL,compile,1,OTHER,"Command '['mvn.cmd', '-s', 'D:\\Khedma\\Mr wiem\\mutation-test-pipeline\\.mvn\\settings.xml', '-DskipTests', 'compile']' returned non-zero exit status 1.: [INFO] Scanning for projects... [INFO] ------------------------------------------------------------------------ [INFO] BUILD FAILURE [INFO] ------------------------------------------------------------------------ [INFO] Total time: 0.056 s [INFO",0,NONE,,1.6.9,,,D:\Khedma\Mr wiem\mutation-test-pipeline\logs\runs\20260412T203039Z_104512497_reporters_HUMAN_focal_maven
20260412T203042Z,104512497,reporters,AI_ONLY,focal,maven,com.facebook.battery.reporter.cpu.CpuFrequencyMetricsReporter,com.facebook.battery.reporter.cpu.CpuFrequencyMetricsReporterAiTest,,,,,,,FAIL,compile,1,OTHER,"Command '['mvn.cmd', '-s', 'D:\\Khedma\\Mr wiem\\mutation-test-pipeline\\.mvn\\settings.xml', '-DskipTests', 'compile']' returned non-zero exit status 1.: [INFO] Scanning for projects... [INFO] ------------------------------------------------------------------------ [INFO] BUILD FAILURE [INFO] ------------------------------------------------------------------------ [INFO] Total time: 0.056 s [INFO",0,NONE,,1.6.9,,,D:\Khedma\Mr wiem\mutation-test-pipeline\logs\runs\20260412T203042Z_104512497_reporters_AI_ONLY_focal_maven
20260412T203105Z,104515879,undertow,HUMAN,focal,maven,com.obsidiandynamics.socketx.undertow.UndertowEndpointManager,com.obsidiandynamics.socketx.undertow.UndertowEndpointManagerTest,,,,,,,FAIL,compile,1,OTHER,"Command '['mvn.cmd', '-s', 'D:\\Khedma\\Mr wiem\\mutation-test-pipeline\\.mvn\\settings.xml', '-DskipTests', 'compile']' returned non-zero exit status 1.: [INFO] Scanning for projects... [INFO] ------------------------------------------------------------------------ [INFO] BUILD FAILURE [INFO] ------------------------------------------------------------------------ [INFO] Total time: 0.060 s [INFO",0,NONE,,1.6.9,,,D:\Khedma\Mr wiem\mutation-test-pipeline\logs\runs\20260412T203105Z_104515879_undertow_HUMAN_focal_maven
20260412T203109Z,104515879,undertow,AI_ONLY,focal,maven,com.obsidiandynamics.socketx.undertow.UndertowEndpointManager,com.obsidiandynamics.socketx.undertow.UndertowEndpointManagerAiTest,,,,,,,FAIL,compile,1,OTHER,"Command '['mvn.cmd', '-s', 'D:\\Khedma\\Mr wiem\\mutation-test-pipeline\\.mvn\\settings.xml', '-DskipTests', 'compile']' returned non-zero exit status 1.: [INFO] Scanning for projects... [INFO] ------------------------------------------------------------------------ [INFO] BUILD FAILURE [INFO] ------------------------------------------------------------------------ [INFO] Total time: 0.061 s [INFO",0,NONE,,1.6.9,,,D:\Khedma\Mr wiem\mutation-test-pipeline\logs\runs\20260412T203109Z_104515879_undertow_AI_ONLY_focal_maven
20260412T203130Z,104516152,updatebot-core,HUMAN,focal,maven,io.fabric8.updatebot.kind.maven.PomHelper,io.fabric8.updatebot.kind.maven.PomHelperTest,,,,,,,FAIL,compile,1,HTTP_BLOCKER,"Command '['mvn.cmd', '-s', 'D:\\Khedma\\Mr wiem\\mutation-test-pipeline\\.mvn\\settings.xml', '-DskipTests', 'compile']' returned non-zero exit status 1.: [INFO] Scanning for projects... Downloading from central: https://repo1.maven.org/maven2/io/fabric8/fabric8-project-bom-with-platform-deps/2.3.7/fabric8-project-bom-with-platform-deps-2.3.7.pom Progress (1): 956 B Progress (1): 3.5 kB Progress (",0,NONE,,1.6.9,,,D:\Khedma\Mr wiem\mutation-test-pipeline\logs\runs\20260412T203130Z_104516152_updatebot-core_HUMAN_focal_maven
20260412T203137Z,104516152,updatebot-core,HUMAN,focal,maven,io.fabric8.updatebot.kind.maven.PomHelper,io.fabric8.updatebot.kind.maven.PomHelperTest,,,,,,,FAIL,compile,1,HTTP_BLOCKER,"Command '['mvn.cmd', '-U', '-s', 'D:\\Khedma\\Mr wiem\\mutation-test-pipeline\\target-repos\\104516152\\.mvn\\settings.xml', '-DskipTests', 'compile']' returned non-zero exit status 1.: [INFO] Scanning for projects... Downloading from central-https: https://repo1.maven.org/maven2/io/fabric8/fabric8-project-bom-with-platform-deps/2.3.7/fabric8-project-bom-with-platform-deps-2.3.7.pom Progress (1): ",1,HTTP_SETTINGS_FIX,,1.6.9,,,D:\Khedma\Mr wiem\mutation-test-pipeline\logs\runs\20260412T203137Z_104516152_updatebot-core_HUMAN_focal_maven
20260412T203151Z,104516152,updatebot-core,AI_ONLY,focal,maven,io.fabric8.updatebot.kind.maven.PomHelper,io.fabric8.updatebot.kind.maven.PomHelperAiTest,,,,,,,FAIL,compile,1,HTTP_BLOCKER,"Command '['mvn.cmd', '-s', 'D:\\Khedma\\Mr wiem\\mutation-test-pipeline\\.mvn\\settings.xml', '-DskipTests', 'compile']' returned non-zero exit status 1.: [INFO] Scanning for projects... [INFO] Artifact io.fabric8:fabric8-project-bom-with-platform-deps:pom:2.3.7 is present in the local repository, but cached from a remote repository ID that is unavailable in current build context, verifying that i",0,NONE,,1.6.9,,,D:\Khedma\Mr wiem\mutation-test-pipeline\logs\runs\20260412T203151Z_104516152_updatebot-core_AI_ONLY_focal_maven
20260412T203158Z,104516152,updatebot-core,AI_ONLY,focal,maven,io.fabric8.updatebot.kind.maven.PomHelper,io.fabric8.updatebot.kind.maven.PomHelperAiTest,,,,,,,FAIL,compile,1,HTTP_BLOCKER,"Command '['mvn.cmd', '-U', '-s', 'D:\\Khedma\\Mr wiem\\mutation-test-pipeline\\target-repos\\104516152\\.mvn\\settings.xml', '-DskipTests', 'compile']' returned non-zero exit status 1.: [INFO] Scanning for projects... Downloading from central-https: https://repo1.maven.org/maven2/io/fabric8/fabric8-project-bom-with-platform-deps/2.3.7/fabric8-project-bom-with-platform-deps-2.3.7.pom Progress (1): ",1,HTTP_SETTINGS_FIX,,1.6.9,,,D:\Khedma\Mr wiem\mutation-test-pipeline\logs\runs\20260412T203158Z_104516152_updatebot-core_AI_ONLY_focal_maven
20260412T203224Z,10455939,wikibrain-sr,HUMAN,focal,maven,org.wikibrain.sr.dataset.DatasetDao,org.wikibrain.sr.dataset.TestDatasetDao,,,,,,,FAIL,compile,1,HTTP_BLOCKER,"Command '['mvn.cmd', '-s', 'D:\\Khedma\\Mr wiem\\mutation-test-pipeline\\.mvn\\settings.xml', '-DskipTests', 'compile']' returned non-zero exit status 1.: [INFO] Scanning for projects... [INFO] [INFO] -------------------< org.wikibrainapi:wikibrain-sr >-------------------- [INFO] Building wikibrain-sr 0.9.1 [INFO] from pom.xml [INFO] --------------------------------[ jar ]-------------------------",0,NONE,,1.6.9,,,D:\Khedma\Mr wiem\mutation-test-pipeline\logs\runs\20260412T203224Z_10455939_wikibrain-sr_HUMAN_focal_maven
20260412T203239Z,10455939,wikibrain-sr,HUMAN,focal,maven,org.wikibrain.sr.dataset.DatasetDao,org.wikibrain.sr.dataset.TestDatasetDao,,,,,,,FAIL,compile,1,HTTP_BLOCKER,"Command '['mvn.cmd', '-U', '-s', 'D:\\Khedma\\Mr wiem\\mutation-test-pipeline\\target-repos\\10455939\\.mvn\\settings.xml', '-DskipTests', 'compile']' returned non-zero exit status 1.: [INFO] Scanning for projects... [INFO] [INFO] -------------------< org.wikibrainapi:wikibrain-sr >-------------------- [INFO] Building wikibrain-sr 0.9.1 [INFO] from pom.xml [INFO] --------------------------------[ ",1,HTTP_SETTINGS_FIX,,1.6.9,,,D:\Khedma\Mr wiem\mutation-test-pipeline\logs\runs\20260412T203239Z_10455939_wikibrain-sr_HUMAN_focal_maven
20260412T203301Z,10455939,wikibrain-sr,AI_ONLY,focal,maven,org.wikibrain.sr.dataset.DatasetDao,org.wikibrain.sr.dataset.DatasetDaoAiTest,,,,,,,FAIL,compile,1,HTTP_BLOCKER,"Command '['mvn.cmd', '-s', 'D:\\Khedma\\Mr wiem\\mutation-test-pipeline\\.mvn\\settings.xml', '-DskipTests', 'compile']' returned non-zero exit status 1.: [INFO] Scanning for projects... [INFO] [INFO] -------------------< org.wikibrainapi:wikibrain-sr >-------------------- [INFO] Building wikibrain-sr 0.9.1 [INFO] from pom.xml [INFO] --------------------------------[ jar ]-------------------------",0,NONE,,1.6.9,,,D:\Khedma\Mr wiem\mutation-test-pipeline\logs\runs\20260412T203301Z_10455939_wikibrain-sr_AI_ONLY_focal_maven
20260412T203312Z,10455939,wikibrain-sr,AI_ONLY,focal,maven,org.wikibrain.sr.dataset.DatasetDao,org.wikibrain.sr.dataset.DatasetDaoAiTest,,,,,,,FAIL,compile,1,HTTP_BLOCKER,"Command '['mvn.cmd', '-U', '-s', 'D:\\Khedma\\Mr wiem\\mutation-test-pipeline\\target-repos\\10455939\\.mvn\\settings.xml', '-DskipTests', 'compile']' returned non-zero exit status 1.: [INFO] Scanning for projects... [INFO] [INFO] -------------------< org.wikibrainapi:wikibrain-sr >-------------------- [INFO] Building wikibrain-sr 0.9.1 [INFO] from pom.xml [INFO] --------------------------------[ ",1,HTTP_SETTINGS_FIX,,1.6.9,,,D:\Khedma\Mr wiem\mutation-test-pipeline\logs\runs\20260412T203312Z_10455939_wikibrain-sr_AI_ONLY_focal_maven
20260412T203342Z,104583079,core,HUMAN,focal,maven,org.bitcoinj.core.Transaction,org.bitcoinj.core.TransactionTest,,,,,,,FAIL,test,1,COMPILATION,"Command '['mvn.cmd', '-s', 'D:\\Khedma\\Mr wiem\\mutation-test-pipeline\\.mvn\\settings.xml', '-Dtest=org.bitcoinj.core.TransactionTest', 'test']' returned non-zero exit status 1.: [INFO] Scanning for projects... [INFO] Inspecting build with total of 1 modules... [INFO] Installing Nexus Staging features: [INFO] ... total of 1 executions of maven-deploy-plugin replaced with nexus-staging-maven-plug",0,NONE,,1.6.9,,,D:\Khedma\Mr wiem\mutation-test-pipeline\logs\runs\20260412T203342Z_104583079_core_HUMAN_focal_maven
20260412T203413Z,104583079,core,AI_ONLY,focal,maven,org.bitcoinj.core.Transaction,org.bitcoinj.core.TransactionAiTest,,,,,,,FAIL,test,1,COMPILATION,"Command '['mvn.cmd', '-s', 'D:\\Khedma\\Mr wiem\\mutation-test-pipeline\\.mvn\\settings.xml', '-Dtest=org.bitcoinj.core.TransactionAiTest', 'test']' returned non-zero exit status 1.: [INFO] Scanning for projects... [INFO] Inspecting build with total of 1 modules... [INFO] Installing Nexus Staging features: [INFO] ... total of 1 executions of maven-deploy-plugin replaced with nexus-staging-maven-pl",0,NONE,,1.6.9,,,D:\Khedma\Mr wiem\mutation-test-pipeline\logs\runs\20260412T203413Z_104583079_core_AI_ONLY_focal_maven
fl-ho-nl,10459637,network-level/fl-ho-nl,HUMAN,focal,maven,net.floodlightcontroller.util.MACAddress,net.floodlightcontroller.util.MACAddressTest,,,,,,,FAIL,compile,1,OTHER,"Command '['mvn.cmd', '-s', 'D:\\Khedma\\Mr wiem\\mutation-test-pipeline\\.mvn\\settings.xml', '-DskipTests', 'compile']' returned non-zero exit status 1.: [INFO] Scanning for projects... [INFO] ------------------------------------------------------------------------ [INFO] BUILD FAILURE [INFO] ------------------------------------------------------------------------ [INFO] Total time: 0.064 s [INFO",0,NONE,,1.6.9,,,D:\Khedma\Mr wiem\mutation-test-pipeline\logs\runs\20260412T203453Z_10459637_network-level\fl-ho-nl_HUMAN_focal_maven
fl-ho-nl,10459637,network-level/fl-ho-nl,AI_ONLY,focal,maven,net.floodlightcontroller.util.MACAddress,net.floodlightcontroller.util.MACAddressAiTest,,,,,,,FAIL,compile,1,OTHER,"Command '['mvn.cmd', '-s', 'D:\\Khedma\\Mr wiem\\mutation-test-pipeline\\.mvn\\settings.xml', '-DskipTests', 'compile']' returned non-zero exit status 1.: [INFO] Scanning for projects... [INFO] ------------------------------------------------------------------------ [INFO] BUILD FAILURE [INFO] ------------------------------------------------------------------------ [INFO] Total time: 0.058 s [INFO",0,NONE,,1.6.9,,,D:\Khedma\Mr wiem\mutation-test-pipeline\logs\runs\20260412T203457Z_10459637_network-level\fl-ho-nl_AI_ONLY_focal_maven
20260412T203519Z,1045976,py4j-java,HUMAN,focal,maven,py4j.reflection.ReflectionEngine,py4j.reflection.ReflectionEngineTest,,,,,,,FAIL,compile,1,COMPILATION,"Command '['mvn.cmd', '-s', 'D:\\Khedma\\Mr wiem\\mutation-test-pipeline\\.mvn\\settings.xml', '-DskipTests', 'compile']' returned non-zero exit status 1.: [INFO] Scanning for projects... [INFO] Artifact org.sonatype.plugins:nexus-staging-maven-plugin:pom:1.6.7 is present in the local repository, but cached from a remote repository ID that is unavailable in current build context, verifying that is ",0,NONE,,1.6.9,,,D:\Khedma\Mr wiem\mutation-test-pipeline\logs\runs\20260412T203519Z_1045976_py4j-java_HUMAN_focal_maven
20260412T203526Z,1045976,py4j-java,AI_ONLY,focal,maven,py4j.reflection.ReflectionEngine,py4j.reflection.ReflectionEngineAiTest,,,,,,,FAIL,compile,1,COMPILATION,"Command '['mvn.cmd', '-s', 'D:\\Khedma\\Mr wiem\\mutation-test-pipeline\\.mvn\\settings.xml', '-DskipTests', 'compile']' returned non-zero exit status 1.: [INFO] Scanning for projects... [INFO] Inspecting build with total of 1 modules... [INFO] Installing Nexus Staging features: [INFO] ... total of 1 executions of maven-deploy-plugin replaced with nexus-staging-maven-plugin [INFO] [INFO] ---------",0,NONE,,1.6.9,,,D:\Khedma\Mr wiem\mutation-test-pipeline\logs\runs\20260412T203526Z_1045976_py4j-java_AI_ONLY_focal_maven
20260412T203553Z,104654714,nifi-prometheus-reporting-task,HUMAN,focal,maven,org.apache.nifi.reporting.prometheus.metrics.MetricsService,org.apache.nifi.reporting.prometheus.metrics.TestMetricsService,,,,,,,FAIL,test,1,TEST_FAILURE,"Command '['mvn.cmd', '-s', 'D:\\Khedma\\Mr wiem\\mutation-test-pipeline\\.mvn\\settings.xml', '-Dtest=org.apache.nifi.reporting.prometheus.metrics.TestMetricsService', 'test']' returned non-zero exit status 1.: [INFO] Scanning for projects... [INFO] Inspecting build with total of 1 modules... [INFO] Installing Nexus Staging features: [INFO] ... total of 1 executions of maven-deploy-plugin replaced",0,NONE,,1.6.9,,,D:\Khedma\Mr wiem\mutation-test-pipeline\logs\runs\20260412T203553Z_104654714_nifi-prometheus-reporting-task_HUMAN_focal_maven
20260412T203626Z,104654714,nifi-prometheus-reporting-task,AI_ONLY,focal,maven,org.apache.nifi.reporting.prometheus.metrics.MetricsService,org.apache.nifi.reporting.prometheus.metrics.MetricsServiceAiTest,,,,,,,FAIL,test,1,COMPILATION,"Command '['mvn.cmd', '-s', 'D:\\Khedma\\Mr wiem\\mutation-test-pipeline\\.mvn\\settings.xml', '-Dtest=org.apache.nifi.reporting.prometheus.metrics.MetricsServiceAiTest', 'test']' returned non-zero exit status 1.: [INFO] Scanning for projects... [INFO] Inspecting build with total of 1 modules... [INFO] Installing Nexus Staging features: [INFO] ... total of 1 executions of maven-deploy-plugin replac",0,NONE,,1.6.9,,,D:\Khedma\Mr wiem\mutation-test-pipeline\logs\runs\20260412T203626Z_104654714_nifi-prometheus-reporting-task_AI_ONLY_focal_maven
20260412T203659Z,104670115,kafka-connector,HUMAN,focal,maven,me.escoffier.fluid.kafka.KafkaSourceFactory,me.escoffier.fluid.kafka.KafkaSourceFactoryTest,,,,,,,FAIL,compile,1,DEP_RESOLUTION,"Command '['mvn.cmd', '-s', 'D:\\Khedma\\Mr wiem\\mutation-test-pipeline\\.mvn\\settings.xml', '-DskipTests', 'compile']' returned non-zero exit status 1.: [INFO] Scanning for projects... Downloading from central: https://repo1.maven.org/maven2/io/vertx/vertx-dependencies/3.6.0/vertx-dependencies-3.6.0.pom Progress (1): 921 B Progress (1): 3.2 kB Progress (1): 17 kB Progress (1): 28 kB Progress (1)",0,NONE,,1.6.9,,,D:\Khedma\Mr wiem\mutation-test-pipeline\logs\runs\20260412T203659Z_104670115_kafka-connector_HUMAN_focal_maven
20260412T203708Z,104670115,kafka-connector,AI_ONLY,focal,maven,me.escoffier.fluid.kafka.KafkaSourceFactory,me.escoffier.fluid.kafka.KafkaSourceFactoryAiTest,,,,,,,FAIL,compile,1,DEP_RESOLUTION,"Command '['mvn.cmd', '-s', 'D:\\Khedma\\Mr wiem\\mutation-test-pipeline\\.mvn\\settings.xml', '-DskipTests', 'compile']' returned non-zero exit status 1.: [INFO] Scanning for projects... [INFO] [INFO] -----------------< me.escoffier.fluid:kafka-connector >----------------- [INFO] Building kafka-connector 0.9-SNAPSHOT [INFO] from pom.xml [INFO] --------------------------------[ jar ]---------------",0,NONE,,1.6.9,,,D:\Khedma\Mr wiem\mutation-test-pipeline\logs\runs\20260412T203708Z_104670115_kafka-connector_AI_ONLY_focal_maven
20260412T203729Z,104691408,sample,HUMAN,focal,maven,com.techyourchance.threadposters.FetchDataUseCase,com.techyourchance.threadposters.FetchDataUseCaseTest,,,,,,,FAIL,compile,1,OTHER,"Command '['mvn.cmd', '-s', 'D:\\Khedma\\Mr wiem\\mutation-test-pipeline\\.mvn\\settings.xml', '-DskipTests', 'compile']' returned non-zero exit status 1.: [INFO] Scanning for projects... [INFO] ------------------------------------------------------------------------ [INFO] BUILD FAILURE [INFO] ------------------------------------------------------------------------ [INFO] Total time: 0.067 s [INFO",0,NONE,,1.6.9,,,D:\Khedma\Mr wiem\mutation-test-pipeline\logs\runs\20260412T203729Z_104691408_sample_HUMAN_focal_maven
20260412T203732Z,104691408,sample,AI_ONLY,focal,maven,com.techyourchance.threadposters.FetchDataUseCase,com.techyourchance.threadposters.FetchDataUseCaseAiTest,,,,,,,FAIL,compile,1,OTHER,"Command '['mvn.cmd', '-s', 'D:\\Khedma\\Mr wiem\\mutation-test-pipeline\\.mvn\\settings.xml', '-DskipTests', 'compile']' returned non-zero exit status 1.: [INFO] Scanning for projects... [INFO] ------------------------------------------------------------------------ [INFO] BUILD FAILURE [INFO] ------------------------------------------------------------------------ [INFO] Total time: 0.062 s [INFO",0,NONE,,1.6.9,,,D:\Khedma\Mr wiem\mutation-test-pipeline\logs\runs\20260412T203732Z_104691408_sample_AI_ONLY_focal_maven
20260412T203757Z,104705553,hibernate-types-43,HUMAN,focal,maven,,,,,,,,,FAIL,clone,1,MODULE_MISSING,Module directory does not exist: D:\Khedma\Mr wiem\mutation-test-pipeline\target-repos\104705553\hibernate-types-43,0,NONE,,1.6.9,,,D:\Khedma\Mr wiem\mutation-test-pipeline\logs\runs\20260412T203757Z_104705553_hibernate-types-43_HUMAN_focal_maven
20260412T203758Z,104705553,hibernate-types-43,AI_ONLY,focal,maven,,,,,,,,,FAIL,clone,1,MODULE_MISSING,Module directory does not exist: D:\Khedma\Mr wiem\mutation-test-pipeline\target-repos\104705553\hibernate-types-43,0,NONE,,1.6.9,,,D:\Khedma\Mr wiem\mutation-test-pipeline\logs\runs\20260412T203758Z_104705553_hibernate-types-43_AI_ONLY_focal_maven
20260412T203818Z,104718236,broker,HUMAN,focal,maven,,,,,,,,,FAIL,clone,1,MODULE_MISSING,Module directory does not exist: D:\Khedma\Mr wiem\mutation-test-pipeline\target-repos\104718236\broker,0,NONE,,1.6.9,,,D:\Khedma\Mr wiem\mutation-test-pipeline\logs\runs\20260412T203818Z_104718236_broker_HUMAN_focal_maven
20260412T203819Z,104718236,broker,AI_ONLY,focal,maven,,,,,,,,,FAIL,clone,1,MODULE_MISSING,Module directory does not exist: D:\Khedma\Mr wiem\mutation-test-pipeline\target-repos\104718236\broker,0,NONE,,1.6.9,,,D:\Khedma\Mr wiem\mutation-test-pipeline\logs\runs\20260412T203819Z_104718236_broker_AI_ONLY_focal_maven
20260412T203841Z,104718330,cas-server-core,HUMAN,focal,maven,org.jasig.cas.authentication.principal.ChainingPrincipalResolver,org.jasig.cas.authentication.principal.ChainingPrincipalResolverTest,,,,,,,FAIL,compile,1,HTTP_BLOCKER,"Command '['mvn.cmd', '-s', 'D:\\Khedma\\Mr wiem\\mutation-test-pipeline\\.mvn\\settings.xml', '-DskipTests', 'compile']' returned non-zero exit status 1.: [INFO] Scanning for projects... [INFO] Artifact org.jasig.parent:jasig-parent:pom:40 is present in the local repository, but cached from a remote repository ID that is unavailable in current build context, verifying that is downloadable from [ma",0,NONE,,1.6.9,,,D:\Khedma\Mr wiem\mutation-test-pipeline\logs\runs\20260412T203841Z_104718330_cas-server-core_HUMAN_focal_maven
20260412T203853Z,104718330,cas-server-core,HUMAN,focal,maven,org.jasig.cas.authentication.principal.ChainingPrincipalResolver,org.jasig.cas.authentication.principal.ChainingPrincipalResolverTest,,,,,,,FAIL,compile,1,COMPILATION,"Command '['mvn.cmd', '-U', '-s', 'D:\\Khedma\\Mr wiem\\mutation-test-pipeline\\target-repos\\104718330\\.mvn\\settings.xml', '-DskipTests', 'compile']' returned non-zero exit status 1.: [INFO] Scanning for projects... [WARNING] [WARNING] Some problems were encountered while building the effective model for org.jasig.cas:cas-server-core:jar:4.0.8-SNAPSHOT [WARNING] Reporting configuration should be",1,HTTP_SETTINGS_FIX,,1.6.9,,,D:\Khedma\Mr wiem\mutation-test-pipeline\logs\runs\20260412T203853Z_104718330_cas-server-core_HUMAN_focal_maven
20260412T203920Z,104718330,cas-server-core,AI_ONLY,focal,maven,org.jasig.cas.authentication.principal.ChainingPrincipalResolver,org.jasig.cas.authentication.principal.ChainingPrincipalResolverAiTest,,,,,,,FAIL,compile,1,HTTP_BLOCKER,"Command '['mvn.cmd', '-s', 'D:\\Khedma\\Mr wiem\\mutation-test-pipeline\\.mvn\\settings.xml', '-DskipTests', 'compile']' returned non-zero exit status 1.: [INFO] Scanning for projects... [INFO] Artifact org.jasig.parent:jasig-parent:pom:40 is present in the local repository, but cached from a remote repository ID that is unavailable in current build context, verifying that is downloadable from [ma",0,NONE,,1.6.9,,,D:\Khedma\Mr wiem\mutation-test-pipeline\logs\runs\20260412T203920Z_104718330_cas-server-core_AI_ONLY_focal_maven
20260412T203937Z,104718330,cas-server-core,AI_ONLY,focal,maven,org.jasig.cas.authentication.principal.ChainingPrincipalResolver,org.jasig.cas.authentication.principal.ChainingPrincipalResolverAiTest,,,,,,,FAIL,compile,1,COMPILATION,"Command '['mvn.cmd', '-U', '-s', 'D:\\Khedma\\Mr wiem\\mutation-test-pipeline\\target-repos\\104718330\\.mvn\\settings.xml', '-DskipTests', 'compile']' returned non-zero exit status 1.: [INFO] Scanning for projects... Downloading from central-https: https://repo1.maven.org/maven2/org/jasig/parent/jasig-parent/40/jasig-parent-40.pom Progress (1): 1.2 kB Progress (1): 2.6 kB Progress (1): 7.4 kB Pro",0,HTTP_SETTINGS_FIX,,1.6.9,,,D:\Khedma\Mr wiem\mutation-test-pipeline\logs\runs\20260412T203937Z_104718330_cas-server-core_AI_ONLY_focal_maven
20260412T204002Z,10472733,app,HUMAN,focal,maven,com.muzima.view.progressdialog.MuzimaProgressDialog,com.muzima.view.progressdialog.MuzimaProgressDialogTest,,,,,,,FAIL,compile,1,OTHER,"Command '['mvn.cmd', '-s', 'D:\\Khedma\\Mr wiem\\mutation-test-pipeline\\.mvn\\settings.xml', '-DskipTests', 'compile']' returned non-zero exit status 1.: [INFO] Scanning for projects... [INFO] ------------------------------------------------------------------------ [INFO] BUILD FAILURE [INFO] ------------------------------------------------------------------------ [INFO] Total time: 0.060 s [INFO",0,NONE,,1.6.9,,,D:\Khedma\Mr wiem\mutation-test-pipeline\logs\runs\20260412T204002Z_10472733_app_HUMAN_focal_maven
20260412T204006Z,10472733,app,AI_ONLY,focal,maven,com.muzima.view.progressdialog.MuzimaProgressDialog,com.muzima.view.progressdialog.MuzimaProgressDialogAiTest,,,,,,,FAIL,compile,1,OTHER,"Command '['mvn.cmd', '-s', 'D:\\Khedma\\Mr wiem\\mutation-test-pipeline\\.mvn\\settings.xml', '-DskipTests', 'compile']' returned non-zero exit status 1.: [INFO] Scanning for projects... [INFO] ------------------------------------------------------------------------ [INFO] BUILD FAILURE [INFO] ------------------------------------------------------------------------ [INFO] Total time: 0.060 s [INFO",0,NONE,,1.6.9,,,D:\Khedma\Mr wiem\mutation-test-pipeline\logs\runs\20260412T204006Z_10472733_app_AI_ONLY_focal_maven
impl,10472781,deltaspike/modules/data/impl,HUMAN,focal,maven,org.apache.deltaspike.data.impl.handler.EntityRepositoryHandler,org.apache.deltaspike.data.impl.handler.EntityRepositoryHandlerTest,,,,,,,FAIL,compile,1,DEP_RESOLUTION,"Command '['mvn.cmd', '-s', 'D:\\Khedma\\Mr wiem\\mutation-test-pipeline\\.mvn\\settings.xml', '-DskipTests', 'compile']' returned non-zero exit status 1.: [INFO] Scanning for projects... Downloading from central: https://repo1.maven.org/maven2/org/apache/apache/35/apache-35.pom Progress (1): 739 B Progress (1): 1.6 kB Progress (1): 3.4 kB Progress (1): 5.1 kB Progress (1): 7.2 kB Progress (1): 12 ",0,NONE,,1.6.9,,,D:\Khedma\Mr wiem\mutation-test-pipeline\logs\runs\20260412T204030Z_10472781_deltaspike\modules\data\impl_HUMAN_focal_maven
impl,10472781,deltaspike/modules/data/impl,AI_ONLY,focal,maven,org.apache.deltaspike.data.impl.handler.EntityRepositoryHandler,org.apache.deltaspike.data.impl.handler.EntityRepositoryHandlerAiTest,,,,,,,FAIL,compile,1,SNAPSHOT_MISSING,"Command '['mvn.cmd', '-s', 'D:\\Khedma\\Mr wiem\\mutation-test-pipeline\\.mvn\\settings.xml', '-DskipTests', 'compile']' returned non-zero exit status 1.: [INFO] Scanning for projects... [INFO] [INFO] -----< org.apache.deltaspike.modules:deltaspike-data-module-impl >------ [INFO] Building Apache DeltaSpike Data-Module Impl 2.0.2-SNAPSHOT [INFO] from pom.xml [INFO] --------------------------------[",0,NONE,,1.6.9,,,D:\Khedma\Mr wiem\mutation-test-pipeline\logs\runs\20260412T204051Z_10472781_deltaspike\modules\data\impl_AI_ONLY_focal_maven
impl,10472781,deltaspike/modules/data/impl,AI_ONLY,focal,maven,org.apache.deltaspike.data.impl.handler.EntityRepositoryHandler,org.apache.deltaspike.data.impl.handler.EntityRepositoryHandlerAiTest,,,,,,,FAIL,compile,1,DEP_RESOLUTION,"Command '['mvn.cmd', '-U', '-s', 'D:\\Khedma\\Mr wiem\\mutation-test-pipeline\\.mvn\\settings.xml', '-DskipTests', 'compile']' returned non-zero exit status 1.: [INFO] Scanning for projects... [INFO] [INFO] -----< org.apache.deltaspike.modules:deltaspike-data-module-impl >------ [INFO] Building Apache DeltaSpike Data-Module Impl 2.0.2-SNAPSHOT [INFO] from pom.xml [INFO] ---------------------------",0,MAVEN_FORCE_UPDATE,,1.6.9,,,D:\Khedma\Mr wiem\mutation-test-pipeline\logs\runs\20260412T204056Z_10472781_deltaspike\modules\data\impl_AI_ONLY_focal_maven
20260412T204124Z,104750793,qav-input-java,HUMAN,focal,maven,de.qaware.qav.input.javacode.impl.JavaScopeReader,de.qaware.qav.input.javacode.impl.JavaScopeReaderTest,,,,,,,FAIL,compile,1,OTHER,"Command '['mvn.cmd', '-s', 'D:\\Khedma\\Mr wiem\\mutation-test-pipeline\\.mvn\\settings.xml', '-DskipTests', 'compile']' returned non-zero exit status 1.: [INFO] Scanning for projects... [INFO] ------------------------------------------------------------------------ [INFO] BUILD FAILURE [INFO] ------------------------------------------------------------------------ [INFO] Total time: 0.062 s [INFO",0,NONE,,1.6.9,,,D:\Khedma\Mr wiem\mutation-test-pipeline\logs\runs\20260412T204124Z_104750793_qav-input-java_HUMAN_focal_maven
20260412T204128Z,104750793,qav-input-java,AI_ONLY,focal,maven,de.qaware.qav.input.javacode.impl.JavaScopeReader,,,,,,,,FAIL,clone,1,FILE_NOT_FOUND,Generated AI test has no public class declaration: D:\Khedma\Mr wiem\mutation-test-pipeline\experiments\generated_tests\104750793_127_GeneratedTest.java,0,NONE,,1.6.9,,,D:\Khedma\Mr wiem\mutation-test-pipeline\logs\runs\20260412T204128Z_104750793_qav-input-java_AI_ONLY_focal_maven
20260412T204147Z,10476504,devicehive-plugin,HUMAN,focal,maven,com.devicehive.service.PluginRegisterService,com.devicehive.service.PluginRegisterServiceTest,,,,,,,FAIL,compile,1,DEP_RESOLUTION,"Command '['mvn.cmd', '-s', 'D:\\Khedma\\Mr wiem\\mutation-test-pipeline\\.mvn\\settings.xml', '-DskipTests', 'compile']' returned non-zero exit status 1.: [INFO] Scanning for projects... Downloading from central: https://repo1.maven.org/maven2/org/springframework/boot/spring-boot-dependencies/2.7.5/spring-boot-dependencies-2.7.5.pom Progress (1): 958 B Progress (1): 2.2 kB Progress (1): 4.1 kB Pro",0,NONE,,1.6.9,,,D:\Khedma\Mr wiem\mutation-test-pipeline\logs\runs\20260412T204147Z_10476504_devicehive-plugin_HUMAN_focal_maven
20260412T204203Z,10476504,devicehive-plugin,AI_ONLY,focal,maven,com.devicehive.service.PluginRegisterService,com.devicehive.service.PluginRegisterServiceAiTest,,,,,,,FAIL,compile,1,SNAPSHOT_MISSING,"Command '['mvn.cmd', '-s', 'D:\\Khedma\\Mr wiem\\mutation-test-pipeline\\.mvn\\settings.xml', '-DskipTests', 'compile']' returned non-zero exit status 1.: [INFO] Scanning for projects... [INFO] [INFO] ------------------< com.devicehive:devicehive-plugin >------------------ [INFO] Building DeviceHive Plugin Logic 4.1.0 [INFO] from pom.xml [INFO] --------------------------------[ jar ]--------------",0,NONE,,1.6.9,,,D:\Khedma\Mr wiem\mutation-test-pipeline\logs\runs\20260412T204203Z_10476504_devicehive-plugin_AI_ONLY_focal_maven
20260412T204208Z,10476504,devicehive-plugin,AI_ONLY,focal,maven,com.devicehive.service.PluginRegisterService,com.devicehive.service.PluginRegisterServiceAiTest,,,,,,,FAIL,compile,1,DEP_RESOLUTION,"Command '['mvn.cmd', '-U', '-s', 'D:\\Khedma\\Mr wiem\\mutation-test-pipeline\\.mvn\\settings.xml', '-DskipTests', 'compile']' returned non-zero exit status 1.: [INFO] Scanning for projects... [INFO] [INFO] ------------------< com.devicehive:devicehive-plugin >------------------ [INFO] Building DeviceHive Plugin Logic 4.1.0 [INFO] from pom.xml [INFO] --------------------------------[ jar ]--------",0,MAVEN_FORCE_UPDATE,,1.6.9,,,D:\Khedma\Mr wiem\mutation-test-pipeline\logs\runs\20260412T204208Z_10476504_devicehive-plugin_AI_ONLY_focal_maven
