COMMAND: mvn.cmd -s D:\Khedma\Mr wiem\mutation-test-pipeline\.mvn\settings.xml -DskipTests compile

STDOUT:
[INFO] Scanning for projects...
Downloading from central: https://repo1.maven.org/maven2/org/apache/felix/maven-bundle-plugin/2.3.6/maven-bundle-plugin-2.3.6.pom
Progress (1): 822 B
Progress (1): 1.8 kB
Progress (1): 4.0 kB
                    
Downloaded from central: https://repo1.maven.org/maven2/org/apache/felix/maven-bundle-plugin/2.3.6/maven-bundle-plugin-2.3.6.pom (4.0 kB at 6.5 kB/s)
Downloading from central: https://repo1.maven.org/maven2/biz/aQute/bndlib/1.50.0/bndlib-1.50.0.pom
Progress (1): 1.4 kB
                    
Downloaded from central: https://repo1.maven.org/maven2/biz/aQute/bndlib/1.50.0/bndlib-1.50.0.pom (1.4 kB at 23 kB/s)
Downloading from central: https://repo1.maven.org/maven2/org/apache/maven/maven-core/2.0.7/maven-core-2.0.7.pom
Progress (1): 771 B
Progress (1): 2.1 kB
Progress (1): 6.7 kB
                    
Downloaded from central: https://repo1.maven.org/maven2/org/apache/maven/maven-core/2.0.7/maven-core-2.0.7.pom (6.7 kB at 106 kB/s)
Downloading from central: https://repo1.maven.org/maven2/org/apache/maven/maven/2.0.7/maven-2.0.7.pom
Progress (1): 779 B
Progress (1): 1.7 kB
Progress (1): 3.8 kB
Progress (1): 9.2 kB
Progress (1): 11 kB 
                   
Downloaded from central: https://repo1.maven.org/maven2/org/apache/maven/maven/2.0.7/maven-2.0.7.pom (11 kB at 196 kB/s)
Downloading from central: https://repo1.maven.org/maven2/org/apache/maven/maven-settings/2.0.7/maven-settings-2.0.7.pom
Progress (1): 830 B
Progress (1): 2.0 kB
                    
Downloaded from central: https://repo1.maven.org/maven2/org/apache/maven/maven-settings/2.0.7/maven-settings-2.0.7.pom (2.0 kB at 30 kB/s)
Downloading from central: https://repo1.maven.org/maven2/org/apache/maven/maven-model/2.0.7/maven-model-2.0.7.pom
Progress (1): 814 B
Progress (1): 2.3 kB
Progress (1): 3.0 kB
                    
Downloaded from central: https://repo1.maven.org/maven2/org/apache/maven/maven-model/2.0.7/maven-model-2.0.7.pom (3.0 kB at 57 kB/s)
Downloading from central: https://repo1.maven.org/maven2/org/apache/maven/maven-plugin-parameter-documenter/2.0.7/maven-plugin-parameter-documenter-2.0.7.pom
Progress (1): 830 B
Progress (1): 1.9 kB
                    
Downloaded from central: https://repo1.maven.org/maven2/org/apache/maven/maven-plugin-parameter-documenter/2.0.7/maven-plugin-parameter-documenter-2.0.7.pom (1.9 kB at 29 kB/s)
Downloading from central: https://repo1.maven.org/maven2/org/apache/maven/reporting/maven-reporting-api/2.0.7/maven-reporting-api-2.0.7.pom
Progress (1): 830 B
Progress (1): 1.8 kB
                    
Downloaded from central: https://repo1.maven.org/maven2/org/apache/maven/reporting/maven-reporting-api/2.0.7/maven-reporting-api-2.0.7.pom (1.8 kB at 37 kB/s)
Downloading from central: https://repo1.maven.org/maven2/org/apache/maven/reporting/maven-reporting/2.0.7/maven-reporting-2.0.7.pom
Progress (1): 835 B
Progress (1): 1.4 kB
                    
Downloaded from central: https://repo1.maven.org/maven2/org/apache/maven/reporting/maven-reporting/2.0.7/maven-reporting-2.0.7.pom (1.4 kB at 24 kB/s)
Downloading from central: https://repo1.maven.org/maven2/org/apache/maven/maven-profile/2.0.7/maven-profile-2.0.7.pom
Progress (1): 830 B
Progress (1): 2.0 kB
                    
Downloaded from central: https://repo1.maven.org/maven2/org/apache/maven/maven-profile/2.0.7/maven-profile-2.0.7.pom (2.0 kB at 35 kB/s)
Downloading from central: https://repo1.maven.org/maven2/org/apache/maven/maven-artifact/2.0.7/maven-artifact-2.0.7.pom
Progress (1): 835 B
Progress (1): 1.6 kB
                    
Downloaded from central: https://repo1.maven.org/maven2/org/apache/maven/maven-artifact/2.0.7/maven-artifact-2.0.7.pom (1.6 kB at 33 kB/s)
Downloading from central: https://repo1.maven.org/maven2/org/apache/maven/maven-repository-metadata/2.0.7/maven-repository-metadata-2.0.7.pom
Progress (1): 832 B
Progress (1): 1.9 kB
                    
Downloaded from central: https://repo1.maven.org/maven2/org/apache/maven/maven-repository-metadata/2.0.7/maven-repository-metadata-2.0.7.pom (1.9 kB at 34 kB/s)
Downloading from central: https://repo1.maven.org/maven2/org/apache/maven/maven-error-diagnostics/2.0.7/maven-error-diagnostics-2.0.7.pom
Progress (1): 832 B
Progress (1): 1.7 kB
                    
Downloaded from central: https://repo1.maven.org/maven2/org/apache/maven/maven-error-diagnostics/2.0.7/maven-error-diagnostics-2.0.7.pom (1.7 kB at 32 kB/s)
Downloading from central: https://repo1.maven.org/maven2/org/apache/maven/maven-project/2.0.7/maven-project-2.0.7.pom
Progress (1): 823 B
Progress (1): 2.6 kB
                    
Downloaded from central: https://repo1.maven.org/maven2/org/apache/maven/maven-project/2.0.7/maven-project-2.0.7.pom (2.6 kB at 43 kB/s)
Downloading from central: https://repo1.maven.org/maven2/org/apache/maven/maven-artifact-manager/2.0.7/maven-artifact-manager-2.0.7.pom
Progress (1): 816 B
Progress (1): 2.5 kB
Progress (1): 2.6 kB
                    
Downloaded from central: https://repo1.maven.org/maven2/org/apache/maven/maven-artifact-manager/2.0.7/maven-artifact-manager-2.0.7.pom (2.6 kB at 49 kB/s)
Downloading from central: https://repo1.maven.org/maven2/org/apache/maven/maven-plugin-registry/2.0.7/maven-plugin-registry-2.0.7.pom
Progress (1): 830 B
Progress (1): 1.9 kB
                    
Downloaded from central: https://repo1.maven.org/maven2/org/apache/maven/maven-plugin-registry/2.0.7/maven-plugin-registry-2.0.7.pom (1.9 kB at 34 kB/s)
Downloading from central: https://repo1.maven.org/maven2/org/apache/maven/maven-plugin-api/2.0.7/maven-plugin-api-2.0.7.pom
Progress (1): 847 B
Progress (1): 1.5 kB
                    
Downloaded from central: https://repo1.maven.org/maven2/org/apache/maven/maven-plugin-api/2.0.7/maven-plugin-api-2.0.7.pom (1.5 kB at 23 kB/s)
Downloading from central: https://repo1.maven.org/maven2/org/apache/maven/maven-plugin-descriptor/2.0.7/maven-plugin-descriptor-2.0.7.pom
Progress (1): 830 B
Progress (1): 2.0 kB
                    
Downloaded from central: https://repo1.maven.org/maven2/org/apache/maven/maven-plugin-descriptor/2.0.7/maven-plugin-descriptor-2.0.7.pom (2.0 kB at 26 kB/s)
Downloading from central: https://repo1.maven.org/maven2/org/apache/maven/maven-monitor/2.0.7/maven-monitor-2.0.7.pom
Progress (1): 849 B
Progress (1): 1.3 kB
                    
Downloaded from central: https://repo1.maven.org/maven2/org/apache/maven/maven-monitor/2.0.7/maven-monitor-2.0.7.pom (1.3 kB at 22 kB/s)
Downloading from central: https://repo1.maven.org/maven2/org/apache/maven/maven-archiver/2.4.1/maven-archiver-2.4.1.pom
Progress (1): 804 B
Progress (1): 2.0 kB
Progress (1): 4.0 kB
                    
Downloaded from central: https://repo1.maven.org/maven2/org/apache/maven/maven-archiver/2.4.1/maven-archiver-2.4.1.pom (4.0 kB at 57 kB/s)
Downloading from central: https://repo1.maven.org/maven2/org/codehaus/plexus/plexus-archiver/1.0/plexus-archiver-1.0.pom
Progress (1): 1.6 kB
                    
Downloaded from central: https://repo1.maven.org/maven2/org/codehaus/plexus/plexus-archiver/1.0/plexus-archiver-1.0.pom (1.6 kB at 27 kB/s)
Downloading from central: https://repo1.maven.org/maven2/org/codehaus/plexus/plexus-io/1.0/plexus-io-1.0.pom
Progress (1): 1.2 kB
                    
Downloaded from central: https://repo1.maven.org/maven2/org/codehaus/plexus/plexus-io/1.0/plexus-io-1.0.pom (1.2 kB at 23 kB/s)
Downloading from central: https://repo1.maven.org/maven2/org/codehaus/plexus/plexus-interpolation/1.13/plexus-interpolation-1.13.pom
Progress (1): 890 B
                   
Downloaded from central: https://repo1.maven.org/maven2/org/codehaus/plexus/plexus-interpolation/1.13/plexus-interpolation-1.13.pom (890 B at 16 kB/s)
Downloading from central: https://repo1.maven.org/maven2/org/codehaus/plexus/plexus-components/1.1.15/plexus-components-1.1.15.pom
Progress (1): 1.5 kB
Progress (1): 2.8 kB
                    
Downloaded from central: https://repo1.maven.org/maven2/org/codehaus/plexus/plexus-components/1.1.15/plexus-components-1.1.15.pom (2.8 kB at 56 kB/s)
Downloading from central: https://repo1.maven.org/maven2/org/apache/maven/maven-settings/2.0.8/maven-settings-2.0.8.pom
Progress (1): 829 B
Progress (1): 2.1 kB
                    
Downloaded from central: https://repo1.maven.org/maven2/org/apache/maven/maven-settings/2.0.8/maven-settings-2.0.8.pom (2.1 kB at 41 kB/s)
Downloading from central: https://repo1.maven.org/maven2/org/codehaus/plexus/plexus-utils/1.4.6/plexus-utils-1.4.6.pom
Progress (1): 1.2 kB
Progress (1): 2.3 kB
                    
Downloaded from central: https://repo1.maven.org/maven2/org/codehaus/plexus/plexus-utils/1.4.6/plexus-utils-1.4.6.pom (2.3 kB at 48 kB/s)
Downloading from central: https://repo1.maven.org/maven2/org/apache/maven/maven-profile/2.0.8/maven-profile-2.0.8.pom
Progress (1): 829 B
Progress (1): 2.0 kB
                    
Downloaded from central: https://repo1.maven.org/maven2/org/apache/maven/maven-profile/2.0.8/maven-profile-2.0.8.pom (2.0 kB at 42 kB/s)
Downloading from central: https://repo1.maven.org/maven2/org/apache/maven/maven-artifact-manager/2.0.8/maven-artifact-manager-2.0.8.pom
Progress (1): 819 B
Progress (1): 2.7 kB
                    
Downloaded from central: https://repo1.maven.org/maven2/org/apache/maven/maven-artifact-manager/2.0.8/maven-artifact-manager-2.0.8.pom (2.7 kB at 18 kB/s)
Downloading from central: https://repo1.maven.org/maven2/org/apache/maven/maven-repository-metadata/2.0.8/maven-repository-metadata-2.0.8.pom
Progress (1): 831 B
Progress (1): 1.9 kB
                    
Downloaded from central: https://repo1.maven.org/maven2/org/apache/maven/maven-repository-metadata/2.0.8/maven-repository-metadata-2.0.8.pom (1.9 kB at 40 kB/s)
Downloading from central: https://repo1.maven.org/maven2/org/apache/maven/maven-plugin-registry/2.0.8/maven-plugin-registry-2.0.8.pom
Progress (1): 826 B
Progress (1): 2.0 kB
                    
Downloaded from central: https://repo1.maven.org/maven2/org/apache/maven/maven-plugin-registry/2.0.8/maven-plugin-registry-2.0.8.pom (2.0 kB at 38 kB/s)
Downloading from central: https://repo1.maven.org/maven2/org/apache/felix/maven-bundle-plugin/2.3.6/maven-bundle-plugin-2.3.6.jar
Downloading from central: https://repo1.maven.org/maven2/biz/aQute/bndlib/1.50.0/bndlib-1.50.0.jar
Downloading from central: https://repo1.maven.org/maven2/org/osgi/org.osgi.core/4.1.0/org.osgi.core-4.1.0.jar
Downloading from central: https://repo1.maven.org/maven2/org/apache/maven/maven-core/2.0.7/maven-core-2.0.7.jar
Downloading from central: https://repo1.maven.org/maven2/org/apache/maven/maven-settings/2.0.7/maven-settings-2.0.7.jar
Progress (1): 3.8/124 kB
Progress (1): 8.0/124 kB
Progress (1): 12/124 kB 
Progress (1): 16/124 kB
Progress (1): 21/124 kB
Progress (1): 25/124 kB
Progress (1): 29/124 kB
Progress (1): 33/124 kB
Progress (1): 38/124 kB
Progress (1): 42/124 kB
Progress (1): 46/124 kB
Progress (1): 50/124 kB
Progress (1): 55/124 kB
Progress (1): 59/124 kB
Progress (1): 63/124 kB
Progress (1): 67/124 kB
Progress (1): 71/124 kB
Progress (1): 76/124 kB
Progress (1): 80/124 kB
Progress (1): 84/124 kB
Progress (1): 88/124 kB
Progress (1): 93/124 kB
Progress (1): 97/124 kB
Progress (1): 113/124 kB
Progress (1): 124 kB    
Progress (2): 124 kB | 0.9/163 kB
Progress (2): 124 kB | 2.3/163 kB
Progress (2): 124 kB | 3.7/163 kB
Progress (2): 124 kB | 5.0/163 kB
Progress (2): 124 kB | 6.4/163 kB
Progress (2): 124 kB | 7.8/163 kB
Progress (2): 124 kB | 9.1/163 kB
Progress (2): 124 kB | 11/163 kB 
Progress (2): 124 kB | 12/163 kB
Progress (2): 124 kB | 13/163 kB
Progress (2): 124 kB | 15/163 kB
Progress (2): 124 kB | 16/163 kB
Progress (2): 124 kB | 17/163 kB
Progress (2): 124 kB | 19/163 kB
Progress (2): 124 kB | 20/163 kB
Progress (2): 124 kB | 21/163 kB
Progress (2): 124 kB | 23/163 kB
Progress (2): 124 kB | 24/163 kB
Progress (2): 124 kB | 26/163 kB
Progress (2): 124 kB | 27/163 kB
Progress (2): 124 kB | 28/163 kB
Progress (2): 124 kB | 30/163 kB
Progress (2): 124 kB | 31/163 kB
Progress (2): 124 kB | 32/163 kB
Progress (2): 124 kB | 34/163 kB
Progress (2): 124 kB | 35/163 kB
Progress (2): 124 kB | 37/163 kB
Progress (2): 124 kB | 38/163 kB
Progress (2): 124 kB | 39/163 kB
Progress (2): 124 kB | 41/163 kB
Progress (2): 124 kB | 42/163 kB
Progress (2): 124 kB | 43/163 kB
Progress (2): 124 kB | 45/163 kB
Progress (2): 124 kB | 46/163 kB
Progress (2): 124 kB | 47/163 kB
Progress (2): 124 kB | 49/163 kB
Progress (2): 124 kB | 50/163 kB
Progress (2): 124 kB | 52/163 kB
Progress (2): 124 kB | 53/163 kB
Progress (2): 124 kB | 54/163 kB
Progress (2): 124 kB | 56/163 kB
Progress (2): 124 kB | 60/163 kB
                                
Downloaded from central: https://repo1.maven.org/maven2/org/apache/felix/maven-bundle-plugin/2.3.6/maven-bundle-plugin-2.3.6.jar (124 kB at 1.5 MB/s)
Downloading from central: https://repo1.maven.org/maven2/org/apache/maven/maven-plugin-parameter-documenter/2.0.7/maven-plugin-parameter-documenter-2.0.7.jar
Progress (2): 60/163 kB | 0.9/49 kB
Progress (2): 60/163 kB | 2.3/49 kB
Progress (2): 60/163 kB | 3.7/49 kB
Progress (2): 60/163 kB | 5.0/49 kB
Progress (2): 60/163 kB | 6.4/49 kB
Progress (2): 60/163 kB | 7.8/49 kB
Progress (2): 60/163 kB | 9.1/49 kB
Progress (2): 60/163 kB | 11/49 kB 
Progress (2): 60/163 kB | 12/49 kB
Progress (2): 60/163 kB | 13/49 kB
Progress (2): 60/163 kB | 15/49 kB
Progress (2): 60/163 kB | 16/49 kB
Progress (2): 60/163 kB | 17/49 kB
Progress (2): 60/163 kB | 19/49 kB
Progress (2): 60/163 kB | 20/49 kB
Progress (2): 60/163 kB | 21/49 kB
Progress (2): 60/163 kB | 23/49 kB
Progress (2): 60/163 kB | 24/49 kB
Progress (2): 60/163 kB | 26/49 kB
Progress (2): 60/163 kB | 27/49 kB
Progress (2): 60/163 kB | 28/49 kB
Progress (2): 60/163 kB | 30/49 kB
Progress (2): 60/163 kB | 31/49 kB
Progress (2): 60/163 kB | 32/49 kB
Progress (2): 60/163 kB | 34/49 kB
Progress (2): 60/163 kB | 35/49 kB
Progress (2): 60/163 kB | 37/49 kB
Progress (2): 60/163 kB | 38/49 kB
Progress (2): 60/163 kB | 39/49 kB
Progress (2): 60/163 kB | 41/49 kB
Progress (2): 60/163 kB | 42/49 kB
Progress (2): 60/163 kB | 43/49 kB
Progress (2): 60/163 kB | 45/49 kB
Progress (2): 60/163 kB | 46/49 kB
Progress (2): 60/163 kB | 47/49 kB
Progress (2): 60/163 kB | 49/49 kB
Progress (2): 60/163 kB | 49 kB   
Progress (2): 64/163 kB | 49 kB
Progress (2): 68/163 kB | 49 kB
Progress (2): 73/163 kB | 49 kB
Progress (2): 77/163 kB | 49 kB
                               
Downloaded from central: https://repo1.maven.org/maven2/org/apache/maven/maven-settings/2.0.7/maven-settings-2.0.7.jar (49 kB at 431 kB/s)
Downloading from central: https://repo1.maven.org/maven2/org/apache/maven/reporting/maven-reporting-api/2.0.7/maven-reporting-api-2.0.7.jar
Progress (1): 81/163 kB
Progress (1): 85/163 kB
Progress (1): 90/163 kB
Progress (1): 94/163 kB
Progress (1): 98/163 kB
Progress (1): 102/163 kB
Progress (1): 106/163 kB
Progress (1): 111/163 kB
Progress (2): 111/163 kB | 7.7/21 kB
Progress (2): 111/163 kB | 16/21 kB 
Progress (2): 111/163 kB | 21 kB   
Progress (3): 111/163 kB | 21 kB | 1.4/920 kB
Progress (3): 115/163 kB | 21 kB | 1.4/920 kB
Progress (3): 115/163 kB | 21 kB | 2.7/920 kB
Progress (3): 119/163 kB | 21 kB | 2.7/920 kB
Progress (3): 123/163 kB | 21 kB | 2.7/920 kB
Progress (3): 123/163 kB | 21 kB | 4.1/920 kB
Progress (3): 128/163 kB | 21 kB | 4.1/920 kB
Progress (3): 128/163 kB | 21 kB | 5.5/920 kB
Progress (3): 128/163 kB | 21 kB | 6.8/920 kB
Progress (3): 132/163 kB | 21 kB | 6.8/920 kB
Progress (3): 132/163 kB | 21 kB | 8.2/920 kB
Progress (3): 132/163 kB | 21 kB | 9.6/920 kB
Progress (3): 136/163 kB | 21 kB | 9.6/920 kB
Progress (3): 136/163 kB | 21 kB | 11/920 kB 
Progress (3): 136/163 kB | 21 kB | 12/920 kB
Progress (3): 140/163 kB | 21 kB | 12/920 kB
Progress (3): 140/163 kB | 21 kB | 14/920 kB
Progress (3): 144/163 kB | 21 kB | 14/920 kB
Progress (3): 144/163 kB | 21 kB | 15/920 kB
Progress (3): 149/163 kB | 21 kB | 15/920 kB
Progress (3): 153/163 kB | 21 kB | 15/920 kB
Progress (3): 153/163 kB | 21 kB | 16/920 kB
Progress (4): 153/163 kB | 21 kB | 16/920 kB | 0.9/153 kB
Progress (4): 153/163 kB | 21 kB | 18/920 kB | 0.9/153 kB
Progress (4): 153/163 kB | 21 kB | 19/920 kB | 0.9/153 kB
Progress (4): 153/163 kB | 21 kB | 21/920 kB | 0.9/153 kB
Progress (4): 153/163 kB | 21 kB | 22/920 kB | 0.9/153 kB
Progress (4): 153/163 kB | 21 kB | 23/920 kB | 0.9/153 kB
Progress (4): 153/163 kB | 21 kB | 25/920 kB | 0.9/153 kB
Progress (4): 153/163 kB | 21 kB | 26/920 kB | 0.9/153 kB
Progress (4): 153/163 kB | 21 kB | 27/920 kB | 0.9/153 kB
Progress (4): 153/163 kB | 21 kB | 29/920 kB | 0.9/153 kB
Progress (4): 153/163 kB | 21 kB | 29/920 kB | 2.3/153 kB
Progress (4): 153/163 kB | 21 kB | 30/920 kB | 2.3/153 kB
Progress (4): 153/163 kB | 21 kB | 30/920 kB | 3.7/153 kB
Progress (4): 153/163 kB | 21 kB | 31/920 kB | 3.7/153 kB
Progress (4): 153/163 kB | 21 kB | 31/920 kB | 5.0/153 kB
Progress (4): 153/163 kB | 21 kB | 31/920 kB | 6.4/153 kB
Progress (4): 153/163 kB | 21 kB | 33/920 kB | 6.4/153 kB
Progress (4): 153/163 kB | 21 kB | 33/920 kB | 7.8/153 kB
Progress (4): 153/163 kB | 21 kB | 34/920 kB | 7.8/153 kB
Progress (4): 157/163 kB | 21 kB | 34/920 kB | 7.8/153 kB
Progress (4): 157/163 kB | 21 kB | 34/920 kB | 9.1/153 kB
Progress (4): 157/163 kB | 21 kB | 36/920 kB | 9.1/153 kB
Progress (4): 161/163 kB | 21 kB | 36/920 kB | 9.1/153 kB
Progress (4): 161/163 kB | 21 kB | 36/920 kB | 11/153 kB 
Progress (4): 163 kB | 21 kB | 36/920 kB | 11/153 kB    
Progress (4): 163 kB | 21 kB | 37/920 kB | 11/153 kB
Progress (4): 163 kB | 21 kB | 37/920 kB | 12/153 kB
Progress (4): 163 kB | 21 kB | 37/920 kB | 13/153 kB
Progress (4): 163 kB | 21 kB | 38/920 kB | 13/153 kB
Progress (4): 163 kB | 21 kB | 40/920 kB | 13/153 kB
Progress (4): 163 kB | 21 kB | 40/920 kB | 14/153 kB
Progress (4): 163 kB | 21 kB | 41/920 kB | 14/153 kB
Progress (4): 163 kB | 21 kB | 41/920 kB | 16/153 kB
Progress (4): 163 kB | 21 kB | 42/920 kB | 16/153 kB
Progress (4): 163 kB | 21 kB | 44/920 kB | 16/153 kB
Progress (4): 163 kB | 21 kB | 44/920 kB | 17/153 kB
Progress (4): 163 kB | 21 kB | 45/920 kB | 17/153 kB
Progress (4): 163 kB | 21 kB | 45/920 kB | 18/153 kB
Progress (4): 163 kB | 21 kB | 47/920 kB | 18/153 kB
Progress (4): 163 kB | 21 kB | 47/920 kB | 20/153 kB
Progress (4): 163 kB | 21 kB | 48/920 kB | 20/153 kB
Progress (4): 163 kB | 21 kB | 48/920 kB | 21/153 kB
Progress (4): 163 kB | 21 kB | 49/920 kB | 21/153 kB
Progress (4): 163 kB | 21 kB | 49/920 kB | 23/153 kB
Progress (4): 163 kB | 21 kB | 51/920 kB | 23/153 kB
Progress (4): 163 kB | 21 kB | 51/920 kB | 24/153 kB
Progress (4): 163 kB | 21 kB | 52/920 kB | 24/153 kB
Progress (4): 163 kB | 21 kB | 52/920 kB | 25/153 kB
Progress (4): 163 kB | 21 kB | 53/920 kB | 25/153 kB
Progress (4): 163 kB | 21 kB | 53/920 kB | 27/153 kB
Progress (4): 163 kB | 21 kB | 55/920 kB | 27/153 kB
Progress (4): 163 kB | 21 kB | 55/920 kB | 28/153 kB
Progress (4): 163 kB | 21 kB | 59/920 kB | 28/153 kB
Progress (4): 163 kB | 21 kB | 59/920 kB | 29/153 kB
Progress (4): 163 kB | 21 kB | 59/920 kB | 31/153 kB
Progress (4): 163 kB | 21 kB | 63/920 kB | 31/153 kB
Progress (4): 163 kB | 21 kB | 63/920 kB | 32/153 kB
Progress (4): 163 kB | 21 kB | 63/920 kB | 33/153 kB
Progress (4): 163 kB | 21 kB | 67/920 kB | 33/153 kB
Progress (4): 163 kB | 21 kB | 67/920 kB | 35/153 kB
Progress (4): 163 kB | 21 kB | 67/920 kB | 36/153 kB
Progress (4): 163 kB | 21 kB | 67/920 kB | 38/153 kB
Progress (4): 163 kB | 21 kB | 72/920 kB | 38/153 kB
Progress (4): 163 kB | 21 kB | 72/920 kB | 39/153 kB
Progress (4): 163 kB | 21 kB | 72/920 kB | 40/153 kB
Progress (4): 163 kB | 21 kB | 76/920 kB | 40/153 kB
Progress (4): 163 kB | 21 kB | 76/920 kB | 42/153 kB
Progress (4): 163 kB | 21 kB | 76/920 kB | 43/153 kB
Progress (4): 163 kB | 21 kB | 80/920 kB | 43/153 kB
Progress (4): 163 kB | 21 kB | 80/920 kB | 44/153 kB
Progress (4): 163 kB | 21 kB | 84/920 kB | 44/153 kB
Progress (4): 163 kB | 21 kB | 84/920 kB | 46/153 kB
Progress (4): 163 kB | 21 kB | 84/920 kB | 47/153 kB
Progress (4): 163 kB | 21 kB | 89/920 kB | 47/153 kB
Progress (4): 163 kB | 21 kB | 89/920 kB | 49/153 kB
Progress (4): 163 kB | 21 kB | 93/920 kB | 49/153 kB
Progress (4): 163 kB | 21 kB | 93/920 kB | 50/153 kB
Progress (4): 163 kB | 21 kB | 97/920 kB | 50/153 kB
Progress (4): 163 kB | 21 kB | 97/920 kB | 51/153 kB
Progress (4): 163 kB | 21 kB | 97/920 kB | 53/153 kB
Progress (4): 163 kB | 21 kB | 101/920 kB | 53/153 kB
Progress (4): 163 kB | 21 kB | 101/920 kB | 54/153 kB
Progress (4): 163 kB | 21 kB | 106/920 kB | 54/153 kB
Progress (4): 163 kB | 21 kB | 106/920 kB | 55/153 kB
Progress (4): 163 kB | 21 kB | 110/920 kB | 55/153 kB
Progress (4): 163 kB | 21 kB | 110/920 kB | 57/153 kB
Progress (4): 163 kB | 21 kB | 114/920 kB | 57/153 kB
Progress (4): 163 kB | 21 kB | 114/920 kB | 62/153 kB
Progress (4): 163 kB | 21 kB | 118/920 kB | 62/153 kB
Progress (4): 163 kB | 21 kB | 122/920 kB | 62/153 kB
                                                     
Downloaded from central: https://repo1.maven.org/maven2/org/apache/maven/maven-plugin-parameter-documenter/2.0.7/maven-plugin-parameter-documenter-2.0.7.jar (21 kB at 158 kB/s)
Downloading from central: https://repo1.maven.org/maven2/org/apache/maven/maven-profile/2.0.7/maven-profile-2.0.7.jar
Progress (3): 163 kB | 122/920 kB | 66/153 kB
Progress (3): 163 kB | 122/920 kB | 70/153 kB
Progress (3): 163 kB | 122/920 kB | 74/153 kB
Progress (3): 163 kB | 122/920 kB | 78/153 kB
                                             
Downloaded from central: https://repo1.maven.org/maven2/org/osgi/org.osgi.core/4.1.0/org.osgi.core-4.1.0.jar (163 kB at 1.2 MB/s)
Downloading from central: https://repo1.maven.org/maven2/org/apache/maven/maven-model/2.0.7/maven-model-2.0.7.jar
Progress (2): 122/920 kB | 82/153 kB
Progress (2): 122/920 kB | 86/153 kB
Progress (2): 122/920 kB | 90/153 kB
Progress (2): 122/920 kB | 94/153 kB
Progress (2): 122/920 kB | 99/153 kB
Progress (2): 122/920 kB | 103/153 kB
Progress (2): 122/920 kB | 107/153 kB
Progress (2): 122/920 kB | 111/153 kB
Progress (2): 122/920 kB | 115/153 kB
Progress (2): 122/920 kB | 119/153 kB
Progress (2): 122/920 kB | 123/153 kB
Progress (2): 122/920 kB | 127/153 kB
Progress (2): 127/920 kB | 127/153 kB
Progress (2): 131/920 kB | 127/153 kB
Progress (2): 131/920 kB | 127/153 kB
Progress (2): 135/920 kB | 127/153 kB
Progress (2): 140/920 kB | 127/153 kB
Progress (2): 144/920 kB | 127/153 kB
Progress (2): 148/920 kB | 127/153 kB
Progress (2): 152/920 kB | 127/153 kB
Progress (2): 156/920 kB | 127/153 kB
Progress (2): 161/920 kB | 127/153 kB
Progress (2): 165/920 kB | 127/153 kB
Progress (2): 169/920 kB | 127/153 kB
Progress (2): 173/920 kB | 127/153 kB
Progress (2): 178/920 kB | 127/153 kB
Progress (2): 182/920 kB | 127/153 kB
Progress (2): 186/920 kB | 127/153 kB
Progress (2): 190/920 kB | 127/153 kB
Progress (2): 195/920 kB | 127/153 kB
Progress (2): 199/920 kB | 127/153 kB
Progress (2): 203/920 kB | 127/153 kB
Progress (2): 207/920 kB | 127/153 kB
Progress (2): 211/920 kB | 127/153 kB
Progress (2): 216/920 kB | 127/153 kB
Progress (2): 220/920 kB | 127/153 kB
Progress (2): 236/920 kB | 127/153 kB
Progress (2): 236/920 kB | 132/153 kB
Progress (2): 253/920 kB | 132/153 kB
Progress (2): 253/920 kB | 136/153 kB
Progress (2): 253/920 kB | 140/153 kB
Progress (2): 253/920 kB | 144/153 kB
Progress (2): 253/920 kB | 149/153 kB
Progress (2): 253/920 kB | 153/153 kB
Progress (2): 253/920 kB | 153 kB    
Progress (2): 262/920 kB | 153 kB
Progress (2): 279/920 kB | 153 kB
Progress (2): 295/920 kB | 153 kB
Progress (2): 311/920 kB | 153 kB
Progress (2): 328/920 kB | 153 kB
Progress (2): 344/920 kB | 153 kB
Progress (2): 360/920 kB | 153 kB
Progress (2): 377/920 kB | 153 kB
Progress (2): 393/920 kB | 153 kB
                                 
Downloaded from central: https://repo1.maven.org/maven2/org/apache/maven/maven-core/2.0.7/maven-core-2.0.7.jar (153 kB at 905 kB/s)
Downloading from central: https://repo1.maven.org/maven2/org/apache/maven/maven-artifact/2.0.7/maven-artifact-2.0.7.jar
Progress (1): 410/920 kB
Progress (1): 426/920 kB
Progress (1): 442/920 kB
Progress (1): 459/920 kB
Progress (1): 475/920 kB
Progress (1): 492/920 kB
Progress (1): 508/920 kB
Progress (1): 524/920 kB
Progress (1): 541/920 kB
Progress (1): 557/920 kB
Progress (1): 573/920 kB
Progress (1): 590/920 kB
Progress (1): 606/920 kB
Progress (1): 623/920 kB
Progress (1): 639/920 kB
Progress (1): 655/920 kB
Progress (1): 672/920 kB
Progress (1): 688/920 kB
Progress (1): 705/920 kB
Progress (1): 721/920 kB
Progress (1): 737/920 kB
Progress (1): 754/920 kB
Progress (1): 770/920 kB
Progress (1): 786/920 kB
Progress (1): 803/920 kB
Progress (1): 819/920 kB
Progress (1): 836/920 kB
Progress (1): 852/920 kB
Progress (1): 868/920 kB
Progress (1): 885/920 kB
Progress (1): 901/920 kB
Progress (1): 918/920 kB
Progress (1): 920 kB    
Progress (2): 920 kB | 3.8/35 kB
Progress (2): 920 kB | 8.0/35 kB
Progress (2): 920 kB | 12/35 kB 
Progress (2): 920 kB | 16/35 kB
Progress (2): 920 kB | 20/35 kB
Progress (2): 920 kB | 24/35 kB
Progress (2): 920 kB | 28/35 kB
Progress (3): 920 kB | 28/35 kB | 8.2/86 kB
Progress (3): 920 kB | 33/35 kB | 8.2/86 kB
Progress (3): 920 kB | 33/35 kB | 25/86 kB 
Progress (3): 920 kB | 35 kB | 25/86 kB   
Progress (3): 920 kB | 35 kB | 33/86 kB
Progress (3): 920 kB | 35 kB | 49/86 kB
Progress (3): 920 kB | 35 kB | 66/86 kB
Progress (3): 920 kB | 35 kB | 82/86 kB
Progress (3): 920 kB | 35 kB | 86 kB   
Progress (4): 920 kB | 35 kB | 86 kB | 3.8/88 kB
Progress (4): 920 kB | 35 kB | 86 kB | 8.0/88 kB
Progress (4): 920 kB | 35 kB | 86 kB | 12/88 kB 
Progress (4): 920 kB | 35 kB | 86 kB | 16/88 kB
Progress (4): 920 kB | 35 kB | 86 kB | 21/88 kB
Progress (4): 920 kB | 35 kB | 86 kB | 25/88 kB
Progress (4): 920 kB | 35 kB | 86 kB | 29/88 kB
Progress (4): 920 kB | 35 kB | 86 kB | 33/88 kB
Progress (4): 920 kB | 35 kB | 86 kB | 37/88 kB
                                               
Downloaded from central: https://repo1.maven.org/maven2/org/apache/maven/maven-profile/2.0.7/maven-profile-2.0.7.jar (35 kB at 162 kB/s)
Downloading from central: https://repo1.maven.org/maven2/org/apache/maven/maven-repository-metadata/2.0.7/maven-repository-metadata-2.0.7.jar
Progress (3): 920 kB | 86 kB | 41/88 kB
Progress (3): 920 kB | 86 kB | 46/88 kB
Progress (3): 920 kB | 86 kB | 50/88 kB
Progress (3): 920 kB | 86 kB | 54/88 kB
Progress (3): 920 kB | 86 kB | 58/88 kB
Progress (3): 920 kB | 86 kB | 63/88 kB
Progress (3): 920 kB | 86 kB | 79/88 kB
Progress (3): 920 kB | 86 kB | 88 kB   
                                    
Downloaded from central: https://repo1.maven.org/maven2/biz/aQute/bndlib/1.50.0/bndlib-1.50.0.jar (920 kB at 4.2 MB/s)
Downloading from central: https://repo1.maven.org/maven2/org/apache/maven/maven-error-diagnostics/2.0.7/maven-error-diagnostics-2.0.7.jar
Downloaded from central: https://repo1.maven.org/maven2/org/apache/maven/maven-model/2.0.7/maven-model-2.0.7.jar (86 kB at 391 kB/s)
Downloading from central: https://repo1.maven.org/maven2/org/apache/maven/maven-project/2.0.7/maven-project-2.0.7.jar
Downloaded from central: https://repo1.maven.org/maven2/org/apache/maven/maven-artifact/2.0.7/maven-artifact-2.0.7.jar (88 kB at 379 kB/s)
Downloading from central: https://repo1.maven.org/maven2/org/apache/maven/maven-plugin-registry/2.0.7/maven-plugin-registry-2.0.7.jar
Progress (1): 7.7/24 kB
Progress (1): 16/24 kB 
Progress (1): 24 kB   
Progress (2): 24 kB | 7.7/14 kB
Progress (2): 24 kB | 8.2/14 kB
Progress (2): 24 kB | 14 kB    
Progress (3): 24 kB | 14 kB | 7.7/29 kB
Progress (3): 24 kB | 14 kB | 8.2/29 kB
                                       
Downloaded from central: https://repo1.maven.org/maven2/org/apache/maven/maven-repository-metadata/2.0.7/maven-repository-metadata-2.0.7.jar (24 kB at 89 kB/s)
Downloading from central: https://repo1.maven.org/maven2/org/apache/maven/maven-plugin-api/2.0.7/maven-plugin-api-2.0.7.jar
Progress (2): 14 kB | 25/29 kB
Progress (2): 14 kB | 29 kB   
                           
Downloaded from central: https://repo1.maven.org/maven2/org/apache/maven/maven-error-diagnostics/2.0.7/maven-error-diagnostics-2.0.7.jar (14 kB at 48 kB/s)
Downloading from central: https://repo1.maven.org/maven2/org/apache/maven/maven-plugin-descriptor/2.0.7/maven-plugin-descriptor-2.0.7.jar
Progress (2): 29 kB | 3.8/117 kB
Progress (2): 29 kB | 8.0/117 kB
Progress (2): 29 kB | 12/117 kB 
Progress (2): 29 kB | 16/117 kB
Progress (2): 29 kB | 21/117 kB
Progress (2): 29 kB | 29/117 kB
Progress (2): 29 kB | 45/117 kB
Progress (2): 29 kB | 61/117 kB
Progress (2): 29 kB | 78/117 kB
Progress (2): 29 kB | 94/117 kB
Progress (2): 29 kB | 111/117 kB
Progress (2): 29 kB | 117 kB    
                            
Downloaded from central: https://repo1.maven.org/maven2/org/apache/maven/maven-plugin-registry/2.0.7/maven-plugin-registry-2.0.7.jar (29 kB at 100 kB/s)
Downloading from central: https://repo1.maven.org/maven2/org/apache/maven/maven-artifact-manager/2.0.7/maven-artifact-manager-2.0.7.jar
Downloaded from central: https://repo1.maven.org/maven2/org/apache/maven/maven-project/2.0.7/maven-project-2.0.7.jar (117 kB at 388 kB/s)
Downloading from central: https://repo1.maven.org/maven2/org/apache/maven/maven-monitor/2.0.7/maven-monitor-2.0.7.jar
Progress (1): 7.7/10 kB
Progress (1): 10 kB    
Progress (2): 10 kB | 7.7/13 kB
Progress (2): 10 kB | 13 kB    
                           
Downloaded from central: https://repo1.maven.org/maven2/org/apache/maven/maven-monitor/2.0.7/maven-monitor-2.0.7.jar (10 kB at 29 kB/s)
Downloading from central: https://repo1.maven.org/maven2/org/apache/maven/maven-archiver/2.4.1/maven-archiver-2.4.1.jar
Progress (2): 13 kB | 7.8/57 kB
Progress (2): 13 kB | 16/57 kB 
Progress (2): 13 kB | 32/57 kB
Progress (2): 13 kB | 49/57 kB
Progress (2): 13 kB | 57 kB   
Progress (3): 13 kB | 57 kB | 7.8/37 kB
Progress (3): 13 kB | 57 kB | 16/37 kB 
Progress (3): 13 kB | 57 kB | 32/37 kB
Progress (3): 13 kB | 57 kB | 37 kB   
                                   
Downloaded from central: https://repo1.maven.org/maven2/org/apache/maven/maven-plugin-api/2.0.7/maven-plugin-api-2.0.7.jar (13 kB at 35 kB/s)
Downloading from central: https://repo1.maven.org/maven2/org/codehaus/plexus/plexus-archiver/1.0/plexus-archiver-1.0.jar
Downloaded from central: https://repo1.maven.org/maven2/org/apache/maven/maven-artifact-manager/2.0.7/maven-artifact-manager-2.0.7.jar (57 kB at 153 kB/s)
Downloading from central: https://repo1.maven.org/maven2/org/codehaus/plexus/plexus-io/1.0/plexus-io-1.0.jar
Downloaded from central: https://repo1.maven.org/maven2/org/apache/maven/maven-plugin-descriptor/2.0.7/maven-plugin-descriptor-2.0.7.jar (37 kB at 98 kB/s)
Downloading from central: https://repo1.maven.org/maven2/org/codehaus/plexus/plexus-interpolation/1.13/plexus-interpolation-1.13.jar
Progress (1): 7.7/20 kB
Progress (1): 12/20 kB 
Progress (1): 20 kB   
Progress (2): 20 kB | 7.7/51 kB
Progress (2): 20 kB | 12/51 kB 
Progress (2): 20 kB | 29/51 kB
Progress (2): 20 kB | 45/51 kB
Progress (2): 20 kB | 51 kB   
                           
Downloaded from central: https://repo1.maven.org/maven2/org/apache/maven/maven-archiver/2.4.1/maven-archiver-2.4.1.jar (20 kB at 49 kB/s)
Downloading from central: https://repo1.maven.org/maven2/org/codehaus/plexus/plexus-utils/2.1/plexus-utils-2.1.jar
Progress (2): 51 kB | 7.7/61 kB
Progress (2): 51 kB | 16/61 kB 
Progress (2): 51 kB | 25/61 kB
Progress (2): 51 kB | 41/61 kB
Progress (2): 51 kB | 57/61 kB
Progress (2): 51 kB | 61 kB   
Progress (3): 51 kB | 61 kB | 7.7/177 kB
                                        
Downloaded from central: https://repo1.maven.org/maven2/org/codehaus/plexus/plexus-io/1.0/plexus-io-1.0.jar (51 kB at 122 kB/s)
Progress (2): 61 kB | 16/177 kB
Progress (2): 61 kB | 25/177 kB
Progress (2): 61 kB | 41/177 kB
Progress (2): 61 kB | 57/177 kB
Progress (2): 61 kB | 74/177 kB
Progress (2): 61 kB | 90/177 kB
Progress (2): 61 kB | 98/177 kB
Progress (2): 61 kB | 106/177 kB
                                
Downloaded from central: https://repo1.maven.org/maven2/org/codehaus/plexus/plexus-interpolation/1.13/plexus-interpolation-1.13.jar (61 kB at 144 kB/s)
Progress (1): 123/177 kB
Progress (1): 139/177 kB
Progress (1): 147/177 kB
Progress (1): 164/177 kB
Progress (1): 172/177 kB
Progress (1): 177 kB    
                    
Downloaded from central: https://repo1.maven.org/maven2/org/codehaus/plexus/plexus-archiver/1.0/plexus-archiver-1.0.jar (177 kB at 402 kB/s)
Progress (1): 7.7/225 kB
Progress (1): 16/225 kB 
Progress (1): 32/225 kB
Progress (1): 49/225 kB
Progress (1): 57/225 kB
Progress (1): 74/225 kB
Progress (1): 82/225 kB
Progress (1): 98/225 kB
Progress (1): 115/225 kB
Progress (1): 131/225 kB
Progress (1): 147/225 kB
Progress (1): 164/225 kB
Progress (1): 180/225 kB
Progress (1): 197/225 kB
Progress (1): 213/225 kB
Progress (1): 225 kB    
                    
Downloaded from central: https://repo1.maven.org/maven2/org/codehaus/plexus/plexus-utils/2.1/plexus-utils-2.1.jar (225 kB at 464 kB/s)
Progress (1): 0.9/9.9 kB
Progress (1): 2.3/9.9 kB
Progress (1): 3.7/9.9 kB
Progress (1): 5.0/9.9 kB
Progress (1): 7.5/9.9 kB
Progress (1): 9.9 kB    
                    
Downloaded from central: https://repo1.maven.org/maven2/org/apache/maven/reporting/maven-reporting-api/2.0.7/maven-reporting-api-2.0.7.jar (9.9 kB at 19 kB/s)
[INFO] 
[INFO] -------------< org.apache.synapse:synapse-nhttp-transport >-------------
[INFO] Building Apache Synapse - Non-blocking HTTP/s Transport 3.0.3-SNAPSHOT
[INFO]   from pom.xml
[INFO] -------------------------------[ bundle ]-------------------------------
Downloading from central: https://repo1.maven.org/maven2/org/apache/maven/plugins/maven-site-plugin/3.6/maven-site-plugin-3.6.pom
Progress (1): 1.0 kB
Progress (1): 3.9 kB
Progress (1): 6.7 kB
Progress (1): 11 kB 
Progress (1): 17 kB
Progress (1): 18 kB
                   
Downloaded from central: https://repo1.maven.org/maven2/org/apache/maven/plugins/maven-site-plugin/3.6/maven-site-plugin-3.6.pom (18 kB at 119 kB/s)
Downloading from central: https://repo1.maven.org/maven2/org/apache/maven/plugins/maven-site-plugin/3.6/maven-site-plugin-3.6.jar
Progress (1): 3.8/132 kB
Progress (1): 8.0/132 kB
Progress (1): 12/132 kB 
Progress (1): 16/132 kB
Progress (1): 21/132 kB
Progress (1): 25/132 kB
Progress (1): 29/132 kB
Progress (1): 33/132 kB
Progress (1): 38/132 kB
Progress (1): 42/132 kB
Progress (1): 46/132 kB
Progress (1): 50/132 kB
Progress (1): 55/132 kB
Progress (1): 59/132 kB
Progress (1): 63/132 kB
Progress (1): 67/132 kB
Progress (1): 71/132 kB
Progress (1): 76/132 kB
Progress (1): 80/132 kB
Progress (1): 84/132 kB
Progress (1): 88/132 kB
Progress (1): 93/132 kB
Progress (1): 97/132 kB
Progress (1): 101/132 kB
Progress (1): 105/132 kB
Progress (1): 110/132 kB
Progress (1): 114/132 kB
Progress (1): 118/132 kB
Progress (1): 122/132 kB
Progress (1): 126/132 kB
Progress (1): 131/132 kB
Progress (1): 132 kB    
                    
Downloaded from central: https://repo1.maven.org/maven2/org/apache/maven/plugins/maven-site-plugin/3.6/maven-site-plugin-3.6.jar (132 kB at 1.3 MB/s)
Downloading from central: https://repo1.maven.org/maven2/com/github/veithen/alta/alta-maven-plugin/0.7.1/alta-maven-plugin-0.7.1.pom
Progress (1): 741 B
Progress (1): 2.3 kB
Progress (1): 5.7 kB
Progress (1): 9.7 kB
Progress (1): 11 kB 
                   
Downloaded from central: https://repo1.maven.org/maven2/com/github/veithen/alta/alta-maven-plugin/0.7.1/alta-maven-plugin-0.7.1.pom (11 kB at 71 kB/s)
Downloading from central: https://repo1.maven.org/maven2/com/github/veithen/parent/30/parent-30.pom
Progress (1): 1.1 kB
Progress (1): 3.7 kB
Progress (1): 6.8 kB
Progress (1): 11 kB 
Progress (1): 14 kB
Progress (1): 20 kB
Progress (1): 25 kB
Progress (1): 29 kB
Progress (1): 34 kB
Progress (1): 35 kB
                   
Downloaded from central: https://repo1.maven.org/maven2/com/github/veithen/parent/30/parent-30.pom (35 kB at 507 kB/s)
Downloading from central: https://repo1.maven.org/maven2/com/github/veithen/alta/alta-maven-plugin/0.7.1/alta-maven-plugin-0.7.1.jar
Progress (1): 7.8/33 kB
Progress (1): 13/33 kB 
Progress (1): 29/33 kB
Progress (1): 33 kB   
                   
Downloaded from central: https://repo1.maven.org/maven2/com/github/veithen/alta/alta-maven-plugin/0.7.1/alta-maven-plugin-0.7.1.jar (33 kB at 146 kB/s)
Downloading from central: https://repo1.maven.org/maven2/org/apache/maven/plugins/maven-resources-plugin/2.5/maven-resources-plugin-2.5.pom
Progress (1): 775 B
Progress (1): 2.1 kB
Progress (1): 6.0 kB
Progress (1): 7.1 kB
                    
Downloaded from central: https://repo1.maven.org/maven2/org/apache/maven/plugins/maven-resources-plugin/2.5/maven-resources-plugin-2.5.pom (7.1 kB at 94 kB/s)
Downloading from central: https://repo1.maven.org/maven2/org/apache/maven/plugins/maven-plugins/19/maven-plugins-19.pom
Progress (1): 756 B
Progress (1): 2.3 kB
Progress (1): 6.6 kB
Progress (1): 9.5 kB
Progress (1): 11 kB 
                   
Downloaded from central: https://repo1.maven.org/maven2/org/apache/maven/plugins/maven-plugins/19/maven-plugins-19.pom (11 kB at 128 kB/s)
Downloading from central: https://repo1.maven.org/maven2/org/apache/maven/maven-parent/19/maven-parent-19.pom
Progress (1): 743 B
Progress (1): 2.0 kB
Progress (1): 6.5 kB
Progress (1): 11 kB 
Progress (1): 15 kB
Progress (1): 18 kB
Progress (1): 20 kB
Progress (1): 24 kB
Progress (1): 25 kB
                   
Downloaded from central: https://repo1.maven.org/maven2/org/apache/maven/maven-parent/19/maven-parent-19.pom (25 kB at 373 kB/s)
Downloading from central: https://repo1.maven.org/maven2/org/apache/maven/plugins/maven-resources-plugin/2.5/maven-resources-plugin-2.5.jar
Progress (1): 16/26 kB
Progress (1): 26 kB   
                   
Downloaded from central: https://repo1.maven.org/maven2/org/apache/maven/plugins/maven-resources-plugin/2.5/maven-resources-plugin-2.5.jar (26 kB at 349 kB/s)
Downloading from wso2-m2: https://maven.wso2.org/nexus/content/groups/wso2-public/org/apache/httpcomponents/httpcore/4.3.3/httpcore-4.3.3.pom
Progress (1): 867 B
Progress (1): 1.6 kB
Progress (1): 3.4 kB
Progress (1): 4.6 kB
                    
Downloaded from wso2-m2: https://maven.wso2.org/nexus/content/groups/wso2-public/org/apache/httpcomponents/httpcore/4.3.3/httpcore-4.3.3.pom (4.6 kB at 5.0 kB/s)
Downloading from wso2-m2: https://maven.wso2.org/nexus/content/groups/wso2-public/org/apache/httpcomponents/httpcomponents-core/4.3.3/httpcomponents-core-4.3.3.pom
Progress (1): 848 B
Progress (1): 1.5 kB
Progress (1): 3.2 kB
Progress (1): 5.9 kB
Progress (1): 7.4 kB
Progress (1): 12 kB 
Progress (1): 12 kB
Progress (1): 13 kB
                   
Downloaded from wso2-m2: https://maven.wso2.org/nexus/content/groups/wso2-public/org/apache/httpcomponents/httpcomponents-core/4.3.3/httpcomponents-core-4.3.3.pom (13 kB at 120 kB/s)
[INFO] Artifact org.apache.httpcomponents:project:pom:7 is present in the local repository, but cached from a remote repository ID that is unavailable in current build context, verifying that is downloadable from [wso2-m2 (https://maven.wso2.org/nexus/content/groups/wso2-public/, default, releases), apache.snapshots (https://repository.apache.org/snapshots, default, snapshots), central (https://repo1.maven.org/maven2, default, releases)]
[INFO] Artifact org.apache.httpcomponents:project:pom:7 is present in the local repository, but cached from a remote repository ID that is unavailable in current build context, verifying that is downloadable from [wso2-m2 (https://maven.wso2.org/nexus/content/groups/wso2-public/, default, releases), apache.snapshots (https://repository.apache.org/snapshots, default, snapshots), central (https://repo1.maven.org/maven2, default, releases)]
Downloading from wso2-m2: https://maven.wso2.org/nexus/content/groups/wso2-public/org/apache/httpcomponents/project/7/project-7.pom
Downloaded from wso2-m2: https://maven.wso2.org/nexus/content/groups/wso2-public/org/apache/httpcomponents/project/7/project-7.pom (0 B at 0 B/s)
Downloading from wso2-m2: https://maven.wso2.org/nexus/content/groups/wso2-public/org/apache/httpcomponents/httpcore-nio/4.3.3/httpcore-nio-4.3.3.pom
Progress (1): 869 B
Progress (1): 1.6 kB
Progress (1): 3.6 kB
Progress (1): 4.9 kB
                    
Downloaded from wso2-m2: https://maven.wso2.org/nexus/content/groups/wso2-public/org/apache/httpcomponents/httpcore-nio/4.3.3/httpcore-nio-4.3.3.pom (4.9 kB at 41 kB/s)
Downloading from wso2-m2: https://maven.wso2.org/nexus/content/groups/wso2-public/org/apache/axis2/axis2-transport-http/1.7.9/axis2-transport-http-1.7.9.pom
Progress (1): 823 B
Progress (1): 1.4 kB
Progress (1): 4.0 kB
Progress (1): 4.5 kB
                    
Downloaded from wso2-m2: https://maven.wso2.org/nexus/content/groups/wso2-public/org/apache/axis2/axis2-transport-http/1.7.9/axis2-transport-http-1.7.9.pom (4.5 kB at 44 kB/s)
Downloading from wso2-m2: https://maven.wso2.org/nexus/content/groups/wso2-public/org/apache/axis2/axis2/1.7.9/axis2-1.7.9.pom
Progress (1): 783 B
Progress (1): 1.4 kB
Progress (1): 4.5 kB
Progress (1): 7.3 kB
Progress (1): 9.4 kB
Progress (1): 14 kB 
Progress (1): 17 kB
Progress (1): 19 kB
Progress (1): 22 kB
Progress (1): 24 kB
Progress (1): 24 kB
Progress (1): 31 kB
Progress (1): 38 kB
Progress (1): 43 kB
Progress (1): 47 kB
Progress (1): 52 kB
Progress (1): 54 kB
Progress (1): 58 kB
Progress (1): 62 kB
Progress (1): 62 kB
                   
Downloaded from wso2-m2: https://maven.wso2.org/nexus/content/groups/wso2-public/org/apache/axis2/axis2/1.7.9/axis2-1.7.9.pom (62 kB at 529 kB/s)
Downloading from wso2-m2: https://maven.wso2.org/nexus/content/groups/wso2-public/org/apache/apache/20/apache-20.pom
Progress (1): 754 B
Progress (1): 1.4 kB
Progress (1): 3.0 kB
Progress (1): 5.3 kB
Progress (1): 8.7 kB
Progress (1): 13 kB 
Progress (1): 16 kB
                   
Downloaded from wso2-m2: https://maven.wso2.org/nexus/content/groups/wso2-public/org/apache/apache/20/apache-20.pom (16 kB at 230 kB/s)
Downloading from wso2-m2: https://maven.wso2.org/nexus/content/groups/wso2-public/org/apache/axis2/axis2-kernel/1.7.9/axis2-kernel-1.7.9.pom
Progress (1): 801 B
Progress (1): 1.4 kB
Progress (1): 4.8 kB
Progress (1): 7.5 kB
Progress (1): 11 kB 
Progress (1): 11 kB
                   
Downloaded from wso2-m2: https://maven.wso2.org/nexus/content/groups/wso2-public/org/apache/axis2/axis2-kernel/1.7.9/axis2-kernel-1.7.9.pom (11 kB at 119 kB/s)
Downloading from wso2-m2: https://maven.wso2.org/nexus/content/groups/wso2-public/org/apache/ws/commons/axiom/axiom-api/1.2.22/axiom-api-1.2.22.pom
Progress (1): 796 B
Progress (1): 1.4 kB
Progress (1): 5.2 kB
Progress (1): 11 kB 
Progress (1): 12 kB
Progress (1): 16 kB
                   
Downloaded from wso2-m2: https://maven.wso2.org/nexus/content/groups/wso2-public/org/apache/ws/commons/axiom/axiom-api/1.2.22/axiom-api-1.2.22.pom (16 kB at 218 kB/s)
Downloading from wso2-m2: https://maven.wso2.org/nexus/content/groups/wso2-public/org/apache/ws/commons/axiom/axiom/1.2.22/axiom-1.2.22.pom
Progress (1): 764 B
Progress (1): 1.4 kB
Progress (1): 4.3 kB
Progress (1): 7.8 kB
Progress (1): 9.2 kB
Progress (1): 12 kB 
Progress (1): 19 kB
Progress (1): 22 kB
Progress (1): 24 kB
Progress (1): 28 kB
Progress (1): 30 kB
Progress (1): 36 kB
Progress (1): 40 kB
Progress (1): 41 kB
Progress (1): 45 kB
Progress (1): 49 kB
Progress (1): 52 kB
Progress (1): 56 kB
Progress (1): 57 kB
                   
Downloaded from wso2-m2: https://maven.wso2.org/nexus/content/groups/wso2-public/org/apache/ws/commons/axiom/axiom/1.2.22/axiom-1.2.22.pom (57 kB at 703 kB/s)
Downloading from wso2-m2: https://maven.wso2.org/nexus/content/groups/wso2-public/org/apache/ws/ws-parent/3/ws-parent-3.pom
Progress (1): 823 B
Progress (1): 3.0 kB
Progress (1): 4.8 kB
                    
Downloaded from wso2-m2: https://maven.wso2.org/nexus/content/groups/wso2-public/org/apache/ws/ws-parent/3/ws-parent-3.pom (4.8 kB at 64 kB/s)
Downloading from wso2-m2: https://maven.wso2.org/nexus/content/groups/wso2-public/org/apache/geronimo/specs/geronimo-activation_1.1_spec/1.1/geronimo-activation_1.1_spec-1.1.pom
Progress (1): 824 B
Progress (1): 2.1 kB
Progress (1): 4.8 kB
Progress (1): 5.0 kB
                    
Downloaded from wso2-m2: https://maven.wso2.org/nexus/content/groups/wso2-public/org/apache/geronimo/specs/geronimo-activation_1.1_spec/1.1/geronimo-activation_1.1_spec-1.1.pom (5.0 kB at 74 kB/s)
Downloading from wso2-m2: https://maven.wso2.org/nexus/content/groups/wso2-public/jaxen/jaxen/1.1.6/jaxen-1.1.6.pom
Progress (1): 1.0 kB
Progress (1): 3.4 kB
Progress (1): 5.8 kB
Progress (1): 7.7 kB
Progress (1): 10 kB 
Progress (1): 14 kB
                   
Downloaded from wso2-m2: https://maven.wso2.org/nexus/content/groups/wso2-public/jaxen/jaxen/1.1.6/jaxen-1.1.6.pom (14 kB at 203 kB/s)
Downloading from wso2-m2: https://maven.wso2.org/nexus/content/groups/wso2-public/org/apache/geronimo/specs/geronimo-stax-api_1.0_spec/1.0.1/geronimo-stax-api_1.0_spec-1.0.1.pom
Progress (1): 858 B
Progress (1): 2.2 kB
                    
Downloaded from wso2-m2: https://maven.wso2.org/nexus/content/groups/wso2-public/org/apache/geronimo/specs/geronimo-stax-api_1.0_spec/1.0.1/geronimo-stax-api_1.0_spec-1.0.1.pom (2.2 kB at 33 kB/s)
Downloading from wso2-m2: https://maven.wso2.org/nexus/content/groups/wso2-public/org/apache/geronimo/specs/specs/1.3/specs-1.3.pom
Progress (1): 881 B
Progress (1): 2.3 kB
Progress (1): 5.0 kB
Progress (1): 7.0 kB
Progress (1): 7.0 kB
                    
Downloaded from wso2-m2: https://maven.wso2.org/nexus/content/groups/wso2-public/org/apache/geronimo/specs/specs/1.3/specs-1.3.pom (7.0 kB at 105 kB/s)
Downloading from wso2-m2: https://maven.wso2.org/nexus/content/groups/wso2-public/org/apache/geronimo/genesis/config/project-config/1.1/project-config-1.1.pom
Progress (1): 1.2 kB
Progress (1): 3.9 kB
Progress (1): 7.8 kB
Progress (1): 12 kB 
Progress (1): 14 kB
                   
Downloaded from wso2-m2: https://maven.wso2.org/nexus/content/groups/wso2-public/org/apache/geronimo/genesis/config/project-config/1.1/project-config-1.1.pom (14 kB at 214 kB/s)
Downloading from wso2-m2: https://maven.wso2.org/nexus/content/groups/wso2-public/org/apache/geronimo/genesis/config/config/1.1/config-1.1.pom
Progress (1): 670 B
                   
Downloaded from wso2-m2: https://maven.wso2.org/nexus/content/groups/wso2-public/org/apache/geronimo/genesis/config/config/1.1/config-1.1.pom (670 B at 12 kB/s)
Downloading from wso2-m2: https://maven.wso2.org/nexus/content/groups/wso2-public/org/apache/geronimo/genesis/genesis/1.1/genesis-1.1.pom
Progress (1): 1.3 kB
Progress (1): 4.3 kB
Progress (1): 6.8 kB
                    
Downloaded from wso2-m2: https://maven.wso2.org/nexus/content/groups/wso2-public/org/apache/geronimo/genesis/genesis/1.1/genesis-1.1.pom (6.8 kB at 90 kB/s)
Downloading from wso2-m2: https://maven.wso2.org/nexus/content/groups/wso2-public/org/apache/james/apache-mime4j-core/0.7.2/apache-mime4j-core-0.7.2.pom
Progress (1): 856 B
Progress (1): 2.4 kB
                    
Downloaded from wso2-m2: https://maven.wso2.org/nexus/content/groups/wso2-public/org/apache/james/apache-mime4j-core/0.7.2/apache-mime4j-core-0.7.2.pom (2.4 kB at 39 kB/s)
Downloading from wso2-m2: https://maven.wso2.org/nexus/content/groups/wso2-public/org/apache/james/apache-mime4j-project/0.7.2/apache-mime4j-project-0.7.2.pom
Progress (1): 804 B
Progress (1): 2.4 kB
Progress (1): 5.0 kB
Progress (1): 8.7 kB
Progress (1): 9.8 kB
                    
Downloaded from wso2-m2: https://maven.wso2.org/nexus/content/groups/wso2-public/org/apache/james/apache-mime4j-project/0.7.2/apache-mime4j-project-0.7.2.pom (9.8 kB at 151 kB/s)
Downloading from wso2-m2: https://maven.wso2.org/nexus/content/groups/wso2-public/org/apache/james/james-project/1.8/james-project-1.8.pom
Progress (1): 758 B
Progress (1): 1.9 kB
Progress (1): 3.7 kB
Progress (1): 6.7 kB
Progress (1): 11 kB 
Progress (1): 13 kB
Progress (1): 17 kB
Progress (1): 17 kB
Progress (1): 19 kB
Progress (1): 21 kB
Progress (1): 24 kB
Progress (1): 29 kB
Progress (1): 34 kB
Progress (1): 38 kB
Progress (1): 44 kB
Progress (1): 53 kB
Progress (1): 54 kB
                   
Downloaded from wso2-m2: https://maven.wso2.org/nexus/content/groups/wso2-public/org/apache/james/james-project/1.8/james-project-1.8.pom (54 kB at 718 kB/s)
Downloading from wso2-m2: https://maven.wso2.org/nexus/content/groups/wso2-public/org/apache/ws/commons/axiom/axiom-impl/1.2.22/axiom-impl-1.2.22.pom
Progress (1): 831 B
Progress (1): 3.6 kB
Progress (1): 5.1 kB
                    
Downloaded from wso2-m2: https://maven.wso2.org/nexus/content/groups/wso2-public/org/apache/ws/commons/axiom/axiom-impl/1.2.22/axiom-impl-1.2.22.pom (5.1 kB at 70 kB/s)
Downloading from wso2-m2: https://maven.wso2.org/nexus/content/groups/wso2-public/org/apache/ws/commons/axiom/implementations/1.2.22/implementations-1.2.22.pom
Progress (1): 819 B
Progress (1): 3.0 kB
Progress (1): 5.1 kB
Progress (1): 6.7 kB
                    
Downloaded from wso2-m2: https://maven.wso2.org/nexus/content/groups/wso2-public/org/apache/ws/commons/axiom/implementations/1.2.22/implementations-1.2.22.pom (6.7 kB at 78 kB/s)
Downloading from wso2-m2: https://maven.wso2.org/nexus/content/groups/wso2-public/org/codehaus/woodstox/woodstox-core-asl/4.2.0/woodstox-core-asl-4.2.0.pom
Progress (1): 978 B
Progress (1): 1.8 kB
                    
Downloaded from wso2-m2: https://maven.wso2.org/nexus/content/groups/wso2-public/org/codehaus/woodstox/woodstox-core-asl/4.2.0/woodstox-core-asl-4.2.0.pom (1.8 kB at 26 kB/s)
Downloading from wso2-m2: https://maven.wso2.org/nexus/content/groups/wso2-public/org/codehaus/woodstox/stax2-api/3.1.1/stax2-api-3.1.1.pom
Progress (1): 947 B
Progress (1): 1.4 kB
                    
Downloaded from wso2-m2: https://maven.wso2.org/nexus/content/groups/wso2-public/org/codehaus/woodstox/stax2-api/3.1.1/stax2-api-3.1.1.pom (1.4 kB at 21 kB/s)
Downloading from wso2-m2: https://maven.wso2.org/nexus/content/groups/wso2-public/org/apache/geronimo/specs/geronimo-ws-metadata_2.0_spec/1.1.2/geronimo-ws-metadata_2.0_spec-1.1.2.pom
Progress (1): 866 B
Progress (1): 2.2 kB
                    
Downloaded from wso2-m2: https://maven.wso2.org/nexus/content/groups/wso2-public/org/apache/geronimo/specs/geronimo-ws-metadata_2.0_spec/1.1.2/geronimo-ws-metadata_2.0_spec-1.1.2.pom (2.2 kB at 32 kB/s)
[INFO] Artifact org.apache.geronimo.specs:specs:pom:1.4 is present in the local repository, but cached from a remote repository ID that is unavailable in current build context, verifying that is downloadable from [wso2-m2 (https://maven.wso2.org/nexus/content/groups/wso2-public/, default, releases), apache.snapshots (https://repository.apache.org/snapshots, default, snapshots), central (https://repo1.maven.org/maven2, default, releases)]
[INFO] Artifact org.apache.geronimo.specs:specs:pom:1.4 is present in the local repository, but cached from a remote repository ID that is unavailable in current build context, verifying that is downloadable from [wso2-m2 (https://maven.wso2.org/nexus/content/groups/wso2-public/, default, releases), apache.snapshots (https://repository.apache.org/snapshots, default, snapshots), central (https://repo1.maven.org/maven2, default, releases)]
Downloading from wso2-m2: https://maven.wso2.org/nexus/content/groups/wso2-public/org/apache/geronimo/specs/specs/1.4/specs-1.4.pom
Downloaded from wso2-m2: https://maven.wso2.org/nexus/content/groups/wso2-public/org/apache/geronimo/specs/specs/1.4/specs-1.4.pom (0 B at 0 B/s)
[INFO] Artifact org.apache.geronimo.genesis.config:project-config:pom:1.2 is present in the local repository, but cached from a remote repository ID that is unavailable in current build context, verifying that is downloadable from [wso2-m2 (https://maven.wso2.org/nexus/content/groups/wso2-public/, default, releases), apache.snapshots (https://repository.apache.org/snapshots, default, snapshots), central (https://repo1.maven.org/maven2, default, releases)]
[INFO] Artifact org.apache.geronimo.genesis.config:project-config:pom:1.2 is present in the local repository, but cached from a remote repository ID that is unavailable in current build context, verifying that is downloadable from [wso2-m2 (https://maven.wso2.org/nexus/content/groups/wso2-public/, default, releases), apache.snapshots (https://repository.apache.org/snapshots, default, snapshots), central (https://repo1.maven.org/maven2, default, releases)]
Downloading from wso2-m2: https://maven.wso2.org/nexus/content/groups/wso2-public/org/apache/geronimo/genesis/config/project-config/1.2/project-config-1.2.pom
Downloaded from wso2-m2: https://maven.wso2.org/nexus/content/groups/wso2-public/org/apache/geronimo/genesis/config/project-config/1.2/project-config-1.2.pom (0 B at 0 B/s)
[INFO] Artifact org.apache.geronimo.genesis.config:config:pom:1.2 is present in the local repository, but cached from a remote repository ID that is unavailable in current build context, verifying that is downloadable from [wso2-m2 (https://maven.wso2.org/nexus/content/groups/wso2-public/, default, releases), apache.snapshots (https://repository.apache.org/snapshots, default, snapshots), central (https://repo1.maven.org/maven2, default, releases), maven-default-http-blocker (http://0.0.0.0/, default, releases+snapshots, blocked)]
[INFO] Artifact org.apache.geronimo.genesis.config:config:pom:1.2 is present in the local repository, but cached from a remote repository ID that is unavailable in current build context, verifying that is downloadable from [wso2-m2 (https://maven.wso2.org/nexus/content/groups/wso2-public/, default, releases), apache.snapshots (https://repository.apache.org/snapshots, default, snapshots), central (https://repo1.maven.org/maven2, default, releases), maven-default-http-blocker (http://0.0.0.0/, default, releases+snapshots, blocked)]
Downloading from wso2-m2: https://maven.wso2.org/nexus/content/groups/wso2-public/org/apache/geronimo/genesis/config/config/1.2/config-1.2.pom
Downloaded from wso2-m2: https://maven.wso2.org/nexus/content/groups/wso2-public/org/apache/geronimo/genesis/config/config/1.2/config-1.2.pom (0 B at 0 B/s)
[INFO] Artifact org.apache.geronimo.genesis:genesis:pom:1.2 is present in the local repository, but cached from a remote repository ID that is unavailable in current build context, verifying that is downloadable from [wso2-m2 (https://maven.wso2.org/nexus/content/groups/wso2-public/, default, releases), apache.snapshots (https://repository.apache.org/snapshots, default, snapshots), central (https://repo1.maven.org/maven2, default, releases), maven-default-http-blocker (http://0.0.0.0/, default, releases+snapshots, blocked)]
[INFO] Artifact org.apache.geronimo.genesis:genesis:pom:1.2 is present in the local repository, but cached from a remote repository ID that is unavailable in current build context, verifying that is downloadable from [wso2-m2 (https://maven.wso2.org/nexus/content/groups/wso2-public/, default, releases), apache.snapshots (https://repository.apache.org/snapshots, default, snapshots), central (https://repo1.maven.org/maven2, default, releases), maven-default-http-blocker (http://0.0.0.0/, default, releases+snapshots, blocked)]
Downloading from wso2-m2: https://maven.wso2.org/nexus/content/groups/wso2-public/org/apache/geronimo/genesis/genesis/1.2/genesis-1.2.pom
Downloaded from wso2-m2: https://maven.wso2.org/nexus/content/groups/wso2-public/org/apache/geronimo/genesis/genesis/1.2/genesis-1.2.pom (0 B at 0 B/s)
Downloading from wso2-m2: https://maven.wso2.org/nexus/content/groups/wso2-public/org/apache/geronimo/specs/geronimo-jta_1.1_spec/1.1/geronimo-jta_1.1_spec-1.1.pom
Progress (1): 871 B
Progress (1): 1.5 kB
                    
Downloaded from wso2-m2: https://maven.wso2.org/nexus/content/groups/wso2-public/org/apache/geronimo/specs/geronimo-jta_1.1_spec/1.1/geronimo-jta_1.1_spec-1.1.pom (1.5 kB at 22 kB/s)
Downloading from wso2-m2: https://maven.wso2.org/nexus/content/groups/wso2-public/org/apache/geronimo/specs/specs/1.2/specs-1.2.pom
Progress (1): 1.5 kB
Progress (1): 2.7 kB
                    
Downloaded from wso2-m2: https://maven.wso2.org/nexus/content/groups/wso2-public/org/apache/geronimo/specs/specs/1.2/specs-1.2.pom (2.7 kB at 40 kB/s)
Downloading from wso2-m2: https://maven.wso2.org/nexus/content/groups/wso2-public/commons-fileupload/commons-fileupload/1.3.3/commons-fileupload-1.3.3.pom
Progress (1): 756 B
Progress (1): 2.2 kB
Progress (1): 4.8 kB
Progress (1): 6.8 kB
Progress (1): 9.0 kB
Progress (1): 11 kB 
                   
Downloaded from wso2-m2: https://maven.wso2.org/nexus/content/groups/wso2-public/commons-fileupload/commons-fileupload/1.3.3/commons-fileupload-1.3.3.pom (11 kB at 121 kB/s)
Downloading from wso2-m2: https://maven.wso2.org/nexus/content/groups/wso2-public/org/apache/commons/commons-parent/41/commons-parent-41.pom
Progress (1): 705 B
Progress (1): 1.9 kB
Progress (1): 3.2 kB
Progress (1): 4.5 kB
Progress (1): 6.0 kB
Progress (1): 9.4 kB
Progress (1): 12 kB 
Progress (1): 14 kB
Progress (1): 18 kB
Progress (1): 21 kB
Progress (1): 23 kB
Progress (1): 26 kB
Progress (1): 29 kB
Progress (1): 32 kB
Progress (1): 34 kB
Progress (1): 36 kB
Progress (1): 41 kB
Progress (1): 45 kB
Progress (1): 50 kB
Progress (1): 53 kB
Progress (1): 55 kB
Progress (1): 57 kB
Progress (1): 59 kB
Progress (1): 61 kB
Progress (1): 63 kB
Progress (1): 65 kB
                   
Downloaded from wso2-m2: https://maven.wso2.org/nexus/content/groups/wso2-public/org/apache/commons/commons-parent/41/commons-parent-41.pom (65 kB at 842 kB/s)
Downloading from wso2-m2: https://maven.wso2.org/nexus/content/groups/wso2-public/commons-io/commons-io/2.7/commons-io-2.7.pom
Progress (1): 778 B
Progress (1): 2.1 kB
Progress (1): 5.4 kB
Progress (1): 8.2 kB
Progress (1): 10 kB 
Progress (1): 13 kB
Progress (1): 16 kB
Progress (1): 16 kB
                   
Downloaded from wso2-m2: https://maven.wso2.org/nexus/content/groups/wso2-public/commons-io/commons-io/2.7/commons-io-2.7.pom (16 kB at 82 kB/s)
Downloading from wso2-m2: https://maven.wso2.org/nexus/content/groups/wso2-public/org/apache/commons/commons-parent/50/commons-parent-50.pom
Progress (1): 702 B
Progress (1): 1.8 kB
Progress (1): 3.1 kB
Progress (1): 4.6 kB
Progress (1): 6.7 kB
Progress (1): 8.3 kB
Progress (1): 11 kB 
Progress (1): 13 kB
Progress (1): 15 kB
Progress (1): 17 kB
Progress (1): 20 kB
Progress (1): 23 kB
Progress (1): 26 kB
Progress (1): 30 kB
Progress (1): 33 kB
Progress (1): 36 kB
Progress (1): 39 kB
Progress (1): 41 kB
Progress (1): 44 kB
Progress (1): 47 kB
Progress (1): 51 kB
Progress (1): 53 kB
Progress (1): 56 kB
Progress (1): 61 kB
Progress (1): 68 kB
Progress (1): 71 kB
Progress (1): 75 kB
Progress (1): 76 kB
                   
Downloaded from wso2-m2: https://maven.wso2.org/nexus/content/groups/wso2-public/org/apache/commons/commons-parent/50/commons-parent-50.pom (76 kB at 442 kB/s)
Downloading from wso2-m2: https://maven.wso2.org/nexus/content/groups/wso2-public/wsdl4j/wsdl4j/1.6.2/wsdl4j-1.6.2.pom
Progress (1): 939 B
                   
Downloaded from wso2-m2: https://maven.wso2.org/nexus/content/groups/wso2-public/wsdl4j/wsdl4j/1.6.2/wsdl4j-1.6.2.pom (939 B at 13 kB/s)
Downloading from wso2-m2: https://maven.wso2.org/nexus/content/groups/wso2-public/org/apache/ws/xmlschema/xmlschema-core/2.2.1/xmlschema-core-2.2.1.pom
Progress (1): 783 B
Progress (1): 2.4 kB
Progress (1): 5.1 kB
Progress (1): 6.8 kB
                    
Downloaded from wso2-m2: https://maven.wso2.org/nexus/content/groups/wso2-public/org/apache/ws/xmlschema/xmlschema-core/2.2.1/xmlschema-core-2.2.1.pom (6.8 kB at 69 kB/s)
Downloading from wso2-m2: https://maven.wso2.org/nexus/content/groups/wso2-public/org/apache/ws/xmlschema/xmlschema/2.2.1/xmlschema-2.2.1.pom
Progress (1): 754 B
Progress (1): 2.2 kB
Progress (1): 4.8 kB
Progress (1): 8.4 kB
Progress (1): 13 kB 
Progress (1): 18 kB
Progress (1): 22 kB
Progress (1): 27 kB
Progress (1): 30 kB
Progress (1): 33 kB
                   
Downloaded from wso2-m2: https://maven.wso2.org/nexus/content/groups/wso2-public/org/apache/ws/xmlschema/xmlschema/2.2.1/xmlschema-2.2.1.pom (33 kB at 391 kB/s)
Downloading from wso2-m2: https://maven.wso2.org/nexus/content/groups/wso2-public/org/apache/neethi/neethi/3.0.3/neethi-3.0.3.pom
Progress (1): 799 B
Progress (1): 2.1 kB
Progress (1): 4.6 kB
Progress (1): 7.6 kB
Progress (1): 10 kB 
Progress (1): 13 kB
                   
Downloaded from wso2-m2: https://maven.wso2.org/nexus/content/groups/wso2-public/org/apache/neethi/neethi/3.0.3/neethi-3.0.3.pom (13 kB at 127 kB/s)
Downloading from wso2-m2: https://maven.wso2.org/nexus/content/groups/wso2-public/org/apache/woden/woden-core/1.0M10/woden-core-1.0M10.pom
Progress (1): 813 B
Progress (1): 2.9 kB
Progress (1): 4.4 kB
                    
Downloaded from wso2-m2: https://maven.wso2.org/nexus/content/groups/wso2-public/org/apache/woden/woden-core/1.0M10/woden-core-1.0M10.pom (4.4 kB at 49 kB/s)
Downloading from wso2-m2: https://maven.wso2.org/nexus/content/groups/wso2-public/org/apache/woden/woden/1.0M10/woden-1.0M10.pom
Progress (1): 779 B
Progress (1): 2.0 kB
Progress (1): 4.1 kB
Progress (1): 7.6 kB
Progress (1): 11 kB 
Progress (1): 11 kB
                   
Downloaded from wso2-m2: https://maven.wso2.org/nexus/content/groups/wso2-public/org/apache/woden/woden/1.0M10/woden-1.0M10.pom (11 kB at 127 kB/s)
Downloading from wso2-m2: https://maven.wso2.org/nexus/content/groups/wso2-public/org/apache/ws/ws-parent/1/ws-parent-1.pom
Progress (1): 822 B
Progress (1): 3.0 kB
Progress (1): 4.5 kB
                    
Downloaded from wso2-m2: https://maven.wso2.org/nexus/content/groups/wso2-public/org/apache/ws/ws-parent/1/ws-parent-1.pom (4.5 kB at 54 kB/s)
Downloading from wso2-m2: https://maven.wso2.org/nexus/content/groups/wso2-public/javax/ws/rs/jsr311-api/1.1.1/jsr311-api-1.1.1.pom
Progress (1): 1.4 kB
Progress (1): 3.2 kB
Progress (1): 5.5 kB
                    
Downloaded from wso2-m2: https://maven.wso2.org/nexus/content/groups/wso2-public/javax/ws/rs/jsr311-api/1.1.1/jsr311-api-1.1.1.pom (5.5 kB at 75 kB/s)
Downloading from wso2-m2: https://maven.wso2.org/nexus/content/groups/wso2-public/org/apache/httpcomponents/httpclient/4.3.6/httpclient-4.3.6.pom
Progress (1): 867 B
Progress (1): 2.8 kB
Progress (1): 5.2 kB
                    
Downloaded from wso2-m2: https://maven.wso2.org/nexus/content/groups/wso2-public/org/apache/httpcomponents/httpclient/4.3.6/httpclient-4.3.6.pom (5.2 kB at 46 kB/s)
Downloading from wso2-m2: https://maven.wso2.org/nexus/content/groups/wso2-public/org/apache/httpcomponents/httpcomponents-client/4.3.6/httpcomponents-client-4.3.6.pom
Progress (1): 840 B
Progress (1): 2.3 kB
Progress (1): 4.4 kB
Progress (1): 8.6 kB
Progress (1): 11 kB 
Progress (1): 15 kB
Progress (1): 16 kB
                   
Downloaded from wso2-m2: https://maven.wso2.org/nexus/content/groups/wso2-public/org/apache/httpcomponents/httpcomponents-client/4.3.6/httpcomponents-client-4.3.6.pom (16 kB at 159 kB/s)
Downloading from wso2-m2: https://maven.wso2.org/nexus/content/groups/wso2-public/commons-logging/commons-logging/1.1.3/commons-logging-1.1.3.pom
Progress (1): 771 B
Progress (1): 2.0 kB
Progress (1): 5.3 kB
Progress (1): 7.4 kB
Progress (1): 11 kB 
Progress (1): 14 kB
Progress (1): 17 kB
Progress (1): 18 kB
                   
Downloaded from wso2-m2: https://maven.wso2.org/nexus/content/groups/wso2-public/commons-logging/commons-logging/1.1.3/commons-logging-1.1.3.pom (18 kB at 266 kB/s)
Downloading from wso2-m2: https://maven.wso2.org/nexus/content/groups/wso2-public/commons-codec/commons-codec/1.6/commons-codec-1.6.pom
Progress (1): 752 B
Progress (1): 2.1 kB
Progress (1): 4.4 kB
Progress (1): 6.6 kB
Progress (1): 9.2 kB
Progress (1): 11 kB 
                   
Downloaded from wso2-m2: https://maven.wso2.org/nexus/content/groups/wso2-public/commons-codec/commons-codec/1.6/commons-codec-1.6.pom (11 kB at 147 kB/s)
Downloading from wso2-m2: https://maven.wso2.org/nexus/content/groups/wso2-public/org/apache/ws/commons/axiom/axiom-compat/1.2.22/axiom-compat-1.2.22.pom
Progress (1): 819 B
Progress (1): 4.1 kB
Progress (1): 5.7 kB
                    
Downloaded from wso2-m2: https://maven.wso2.org/nexus/content/groups/wso2-public/org/apache/ws/commons/axiom/axiom-compat/1.2.22/axiom-compat-1.2.22.pom (5.7 kB at 54 kB/s)
Downloading from wso2-m2: https://maven.wso2.org/nexus/content/groups/wso2-public/org/bouncycastle/bcprov-jdk15on/1.70/bcprov-jdk15on-1.70.pom
Progress (1): 1.1 kB
                    
Downloaded from wso2-m2: https://maven.wso2.org/nexus/content/groups/wso2-public/org/bouncycastle/bcprov-jdk15on/1.70/bcprov-jdk15on-1.70.pom (1.1 kB at 18 kB/s)
Downloading from wso2-m2: https://maven.wso2.org/nexus/content/groups/wso2-public/org/bouncycastle/bcpkix-jdk15on/1.70/bcpkix-jdk15on-1.70.pom
Progress (1): 1.0 kB
Progress (1): 1.6 kB
                    
Downloaded from wso2-m2: https://maven.wso2.org/nexus/content/groups/wso2-public/org/bouncycastle/bcpkix-jdk15on/1.70/bcpkix-jdk15on-1.70.pom (1.6 kB at 15 kB/s)
Downloading from wso2-m2: https://maven.wso2.org/nexus/content/groups/wso2-public/org/bouncycastle/bcutil-jdk15on/1.70/bcutil-jdk15on-1.70.pom
Progress (1): 1.2 kB
Progress (1): 1.3 kB
                    
Downloaded from wso2-m2: https://maven.wso2.org/nexus/content/groups/wso2-public/org/bouncycastle/bcutil-jdk15on/1.70/bcutil-jdk15on-1.70.pom (1.3 kB at 11 kB/s)
Downloading from apache.snapshots: https://repository.apache.org/snapshots/org/apache/synapse/synapse-commons/3.0.3-SNAPSHOT/maven-metadata.xml
Downloading from apache.snapshots: https://repository.apache.org/snapshots/org/apache/synapse/synapse-commons/3.0.3-SNAPSHOT/synapse-commons-3.0.3-SNAPSHOT.pom
[WARNING] The POM for org.apache.synapse:synapse-commons:jar:3.0.3-SNAPSHOT is missing, no dependency information available
Downloading from wso2-m2: https://maven.wso2.org/nexus/content/groups/wso2-public/org/apache/axis2/axis2-transport-base/1.7.9/axis2-transport-base-1.7.9.pom
Progress (1): 839 B
Progress (1): 2.6 kB
Progress (1): 4.0 kB
                    
Downloaded from wso2-m2: https://maven.wso2.org/nexus/content/groups/wso2-public/org/apache/axis2/axis2-transport-base/1.7.9/axis2-transport-base-1.7.9.pom (4.0 kB at 35 kB/s)
Downloading from wso2-m2: https://maven.wso2.org/nexus/content/groups/wso2-public/org/apache/axis2/axis2-transport-testkit/1.7.9/axis2-transport-testkit-1.7.9.pom
Progress (1): 808 B
Progress (1): 2.9 kB
Progress (1): 6.9 kB
Progress (1): 7.4 kB
                    
Downloaded from wso2-m2: https://maven.wso2.org/nexus/content/groups/wso2-public/org/apache/axis2/axis2-transport-testkit/1.7.9/axis2-transport-testkit-1.7.9.pom (7.4 kB at 58 kB/s)
Downloading from wso2-m2: https://maven.wso2.org/nexus/content/groups/wso2-public/org/apache/axis2/addressing/1.7.9/addressing-1.7.9.pom
Progress (1): 816 B
Progress (1): 2.7 kB
Progress (1): 5.2 kB
                    
Downloaded from wso2-m2: https://maven.wso2.org/nexus/content/groups/wso2-public/org/apache/axis2/addressing/1.7.9/addressing-1.7.9.pom (5.2 kB at 43 kB/s)
Downloading from wso2-m2: https://maven.wso2.org/nexus/content/groups/wso2-public/org/apache/directory/shared/shared-ldap/0.9.11/shared-ldap-0.9.11.pom
Progress (1): 807 B
Progress (1): 2.6 kB
Progress (1): 3.7 kB
                    
Downloaded from wso2-m2: https://maven.wso2.org/nexus/content/groups/wso2-public/org/apache/directory/shared/shared-ldap/0.9.11/shared-ldap-0.9.11.pom (3.7 kB at 43 kB/s)
Downloading from wso2-m2: https://maven.wso2.org/nexus/content/groups/wso2-public/org/apache/directory/shared/shared-parent/0.9.11/shared-parent-0.9.11.pom
Progress (1): 781 B
Progress (1): 2.2 kB
Progress (1): 5.2 kB
Progress (1): 7.7 kB
Progress (1): 8.0 kB
                    
Downloaded from wso2-m2: https://maven.wso2.org/nexus/content/groups/wso2-public/org/apache/directory/shared/shared-parent/0.9.11/shared-parent-0.9.11.pom (8.0 kB at 94 kB/s)
Downloading from wso2-m2: https://maven.wso2.org/nexus/content/groups/wso2-public/org/apache/directory/project/project/10/project-10.pom
Progress (1): 773 B
Progress (1): 2.2 kB
Progress (1): 6.2 kB
Progress (1): 9.8 kB
Progress (1): 13 kB 
Progress (1): 17 kB
                   
Downloaded from wso2-m2: https://maven.wso2.org/nexus/content/groups/wso2-public/org/apache/directory/project/project/10/project-10.pom (17 kB at 203 kB/s)
Downloading from wso2-m2: https://maven.wso2.org/nexus/content/groups/wso2-public/org/apache/directory/shared/shared-asn1/0.9.11/shared-asn1-0.9.11.pom
Progress (1): 848 B
Progress (1): 1.6 kB
                    
Downloaded from wso2-m2: https://maven.wso2.org/nexus/content/groups/wso2-public/org/apache/directory/shared/shared-asn1/0.9.11/shared-asn1-0.9.11.pom (1.6 kB at 18 kB/s)
Downloading from wso2-m2: https://maven.wso2.org/nexus/content/groups/wso2-public/org/apache/directory/shared/shared-ldap-constants/0.9.11/shared-ldap-constants-0.9.11.pom
Progress (1): 844 B
Progress (1): 1.8 kB
                    
Downloaded from wso2-m2: https://maven.wso2.org/nexus/content/groups/wso2-public/org/apache/directory/shared/shared-ldap-constants/0.9.11/shared-ldap-constants-0.9.11.pom (1.8 kB at 23 kB/s)
Downloading from wso2-m2: https://maven.wso2.org/nexus/content/groups/wso2-public/org/slf4j/slf4j-log4j12/1.3.0/slf4j-log4j12-1.3.0.pom
Progress (1): 1.4 kB
                    
Downloaded from wso2-m2: https://maven.wso2.org/nexus/content/groups/wso2-public/org/slf4j/slf4j-log4j12/1.3.0/slf4j-log4j12-1.3.0.pom (1.4 kB at 20 kB/s)
Downloading from wso2-m2: https://maven.wso2.org/nexus/content/groups/wso2-public/org/slf4j/slf4j-parent/1.3.0/slf4j-parent-1.3.0.pom
Progress (1): 1.2 kB
Progress (1): 3.2 kB
Progress (1): 6.2 kB
Progress (1): 6.7 kB
                    
Downloaded from wso2-m2: https://maven.wso2.org/nexus/content/groups/wso2-public/org/slf4j/slf4j-parent/1.3.0/slf4j-parent-1.3.0.pom (6.7 kB at 85 kB/s)
Downloading from wso2-m2: https://maven.wso2.org/nexus/content/groups/wso2-public/org/slf4j/slf4j-api/1.3.0/slf4j-api-1.3.0.pom
Progress (1): 1.5 kB
Progress (1): 2.3 kB
                    
Downloaded from wso2-m2: https://maven.wso2.org/nexus/content/groups/wso2-public/org/slf4j/slf4j-api/1.3.0/slf4j-api-1.3.0.pom (2.3 kB at 32 kB/s)
Downloading from wso2-m2: https://maven.wso2.org/nexus/content/groups/wso2-public/org/aspectj/aspectjrt/1.8.2/aspectjrt-1.8.2.pom
Progress (1): 1.0 kB
                    
Downloaded from wso2-m2: https://maven.wso2.org/nexus/content/groups/wso2-public/org/aspectj/aspectjrt/1.8.2/aspectjrt-1.8.2.pom (1.0 kB at 15 kB/s)
Downloading from wso2-m2: https://maven.wso2.org/nexus/content/groups/wso2-public/jetty/jetty/5.1.10/jetty-5.1.10.pom
Progress (1): 910 B
Progress (1): 1.8 kB
                    
Downloaded from wso2-m2: https://maven.wso2.org/nexus/content/groups/wso2-public/jetty/jetty/5.1.10/jetty-5.1.10.pom (1.8 kB at 17 kB/s)
Downloading from wso2-m2: https://maven.wso2.org/nexus/content/groups/wso2-public/org/apache/geronimo/specs/geronimo-javamail_1.4_spec/1.6/geronimo-javamail_1.4_spec-1.6.pom
Progress (1): 838 B
Progress (1): 2.3 kB
Progress (1): 3.0 kB
                    
Downloaded from wso2-m2: https://maven.wso2.org/nexus/content/groups/wso2-public/org/apache/geronimo/specs/geronimo-javamail_1.4_spec/1.6/geronimo-javamail_1.4_spec-1.6.pom (3.0 kB at 45 kB/s)
Downloading from wso2-m2: https://maven.wso2.org/nexus/content/groups/wso2-public/org/apache/geronimo/specs/specs-parent/1.6/specs-parent-1.6.pom
Progress (1): 801 B
Progress (1): 2.3 kB
Progress (1): 5.0 kB
Progress (1): 5.9 kB
                    
Downloaded from wso2-m2: https://maven.wso2.org/nexus/content/groups/wso2-public/org/apache/geronimo/specs/specs-parent/1.6/specs-parent-1.6.pom (5.9 kB at 84 kB/s)
Downloading from wso2-m2: https://maven.wso2.org/nexus/content/groups/wso2-public/org/apache/geronimo/genesis/config/project-config/1.5/project-config-1.5.pom
Progress (1): 795 B
Progress (1): 2.2 kB
Progress (1): 5.2 kB
Progress (1): 9.6 kB
Progress (1): 13 kB 
Progress (1): 17 kB
                   
Downloaded from wso2-m2: https://maven.wso2.org/nexus/content/groups/wso2-public/org/apache/geronimo/genesis/config/project-config/1.5/project-config-1.5.pom (17 kB at 229 kB/s)
Downloading from wso2-m2: https://maven.wso2.org/nexus/content/groups/wso2-public/org/apache/geronimo/genesis/config/config/1.5/config-1.5.pom
Progress (1): 866 B
Progress (1): 2.2 kB
                    
Downloaded from wso2-m2: https://maven.wso2.org/nexus/content/groups/wso2-public/org/apache/geronimo/genesis/config/config/1.5/config-1.5.pom (2.2 kB at 33 kB/s)
Downloading from wso2-m2: https://maven.wso2.org/nexus/content/groups/wso2-public/org/apache/geronimo/genesis/genesis/1.5/genesis-1.5.pom
Progress (1): 800 B
Progress (1): 2.1 kB
Progress (1): 6.2 kB
Progress (1): 9.5 kB
Progress (1): 15 kB 
                   
Downloaded from wso2-m2: https://maven.wso2.org/nexus/content/groups/wso2-public/org/apache/geronimo/genesis/genesis/1.5/genesis-1.5.pom (15 kB at 213 kB/s)
Downloading from wso2-m2: https://maven.wso2.org/nexus/content/groups/wso2-public/org/apache/httpcomponents/httpcore/4.3.3/httpcore-4.3.3.jar
Downloading from wso2-m2: https://maven.wso2.org/nexus/content/groups/wso2-public/org/apache/httpcomponents/httpcore-nio/4.3.3/httpcore-nio-4.3.3.jar
Downloading from wso2-m2: https://maven.wso2.org/nexus/content/groups/wso2-public/org/apache/axis2/axis2-transport-http/1.7.9/axis2-transport-http-1.7.9.jar
Downloading from wso2-m2: https://maven.wso2.org/nexus/content/groups/wso2-public/org/apache/axis2/axis2-kernel/1.7.9/axis2-kernel-1.7.9.jar
Downloading from wso2-m2: https://maven.wso2.org/nexus/content/groups/wso2-public/org/apache/ws/commons/axiom/axiom-impl/1.2.22/axiom-impl-1.2.22.jar
Progress (1): 8.2/178 kB
Progress (1): 16/178 kB 
Progress (1): 33/178 kB
Progress (1): 49/178 kB
Progress (1): 66/178 kB
Progress (1): 82/178 kB
Progress (1): 98/178 kB
Progress (1): 115/178 kB
Progress (1): 131/178 kB
Progress (1): 147/178 kB
Progress (1): 164/178 kB
Progress (1): 178 kB    
                    
Downloaded from wso2-m2: https://maven.wso2.org/nexus/content/groups/wso2-public/org/apache/axis2/axis2-transport-http/1.7.9/axis2-transport-http-1.7.9.jar (178 kB at 1.7 MB/s)
Downloading from wso2-m2: https://maven.wso2.org/nexus/content/groups/wso2-public/org/codehaus/woodstox/woodstox-core-asl/4.2.0/woodstox-core-asl-4.2.0.jar
Progress (1): 1.4/574 kB
Progress (1): 2.7/574 kB
Progress (1): 4.1/574 kB
Progress (1): 5.5/574 kB
Progress (1): 6.8/574 kB
Progress (1): 8.2/574 kB
Progress (1): 9.6/574 kB
Progress (1): 11/574 kB 
Progress (1): 12/574 kB
Progress (1): 14/574 kB
Progress (1): 15/574 kB
Progress (1): 16/574 kB
Progress (1): 18/574 kB
Progress (1): 19/574 kB
Progress (1): 21/574 kB
Progress (1): 22/574 kB
Progress (1): 23/574 kB
Progress (1): 25/574 kB
Progress (1): 26/574 kB
Progress (1): 27/574 kB
Progress (1): 29/574 kB
Progress (1): 30/574 kB
Progress (1): 31/574 kB
Progress (1): 33/574 kB
Progress (1): 34/574 kB
Progress (1): 36/574 kB
Progress (1): 37/574 kB
Progress (1): 38/574 kB
Progress (1): 40/574 kB
Progress (1): 41/574 kB
Progress (1): 42/574 kB
Progress (1): 44/574 kB
Progress (1): 45/574 kB
Progress (1): 46/574 kB
Progress (1): 48/574 kB
Progress (1): 49/574 kB
Progress (1): 51/574 kB
Progress (1): 52/574 kB
Progress (1): 53/574 kB
Progress (1): 55/574 kB
Progress (1): 59/574 kB
Progress (1): 63/574 kB
Progress (1): 66/574 kB
Progress (2): 66/574 kB | 1.4/283 kB
Progress (2): 70/574 kB | 1.4/283 kB
Progress (2): 74/574 kB | 1.4/283 kB
Progress (2): 78/574 kB | 1.4/283 kB
Progress (2): 82/574 kB | 1.4/283 kB
Progress (2): 82/574 kB | 2.7/283 kB
Progress (2): 87/574 kB | 2.7/283 kB
Progress (2): 91/574 kB | 2.7/283 kB
Progress (2): 95/574 kB | 2.7/283 kB
Progress (2): 95/574 kB | 4.1/283 kB
Progress (2): 99/574 kB | 4.1/283 kB
Progress (2): 104/574 kB | 4.1/283 kB
Progress (2): 108/574 kB | 4.1/283 kB
Progress (2): 108/574 kB | 5.5/283 kB
Progress (2): 112/574 kB | 5.5/283 kB
Progress (2): 116/574 kB | 5.5/283 kB
Progress (2): 121/574 kB | 5.5/283 kB
Progress (2): 121/574 kB | 6.8/283 kB
Progress (2): 125/574 kB | 6.8/283 kB
Progress (2): 129/574 kB | 6.8/283 kB
Progress (2): 131/574 kB | 6.8/283 kB
Progress (2): 131/574 kB | 8.2/283 kB
Progress (2): 135/574 kB | 8.2/283 kB
Progress (2): 135/574 kB | 9.6/283 kB
Progress (2): 140/574 kB | 9.6/283 kB
Progress (2): 140/574 kB | 11/283 kB 
Progress (2): 144/574 kB | 11/283 kB
Progress (2): 144/574 kB | 12/283 kB
Progress (2): 148/574 kB | 12/283 kB
Progress (2): 148/574 kB | 14/283 kB
Progress (2): 148/574 kB | 15/283 kB
Progress (2): 148/574 kB | 16/283 kB
Progress (2): 148/574 kB | 18/283 kB
Progress (2): 152/574 kB | 18/283 kB
Progress (2): 152/574 kB | 19/283 kB
Progress (2): 156/574 kB | 19/283 kB
Progress (2): 156/574 kB | 21/283 kB
Progress (2): 156/574 kB | 22/283 kB
Progress (2): 156/574 kB | 23/283 kB
Progress (2): 156/574 kB | 25/283 kB
Progress (2): 156/574 kB | 26/283 kB
Progress (2): 161/574 kB | 26/283 kB
Progress (2): 161/574 kB | 27/283 kB
Progress (2): 165/574 kB | 27/283 kB
Progress (2): 165/574 kB | 29/283 kB
Progress (2): 165/574 kB | 30/283 kB
Progress (2): 165/574 kB | 31/283 kB
Progress (2): 165/574 kB | 33/283 kB
Progress (2): 165/574 kB | 34/283 kB
Progress (2): 165/574 kB | 36/283 kB
Progress (2): 165/574 kB | 37/283 kB
Progress (2): 165/574 kB | 38/283 kB
Progress (2): 169/574 kB | 38/283 kB
Progress (2): 169/574 kB | 40/283 kB
Progress (2): 169/574 kB | 41/283 kB
Progress (2): 173/574 kB | 41/283 kB
Progress (2): 173/574 kB | 42/283 kB
Progress (2): 173/574 kB | 44/283 kB
Progress (2): 173/574 kB | 45/283 kB
Progress (2): 173/574 kB | 46/283 kB
Progress (2): 173/574 kB | 48/283 kB
Progress (2): 173/574 kB | 49/283 kB
Progress (2): 173/574 kB | 51/283 kB
Progress (2): 173/574 kB | 52/283 kB
Progress (2): 178/574 kB | 52/283 kB
Progress (2): 178/574 kB | 53/283 kB
Progress (2): 182/574 kB | 53/283 kB
Progress (2): 182/574 kB | 55/283 kB
Progress (2): 186/574 kB | 55/283 kB
Progress (2): 186/574 kB | 57/283 kB
Progress (2): 190/574 kB | 57/283 kB
Progress (2): 190/574 kB | 62/283 kB
Progress (2): 195/574 kB | 62/283 kB
Progress (2): 199/574 kB | 62/283 kB
Progress (2): 203/574 kB | 62/283 kB
Progress (2): 207/574 kB | 62/283 kB
Progress (2): 211/574 kB | 62/283 kB
Progress (2): 216/574 kB | 62/283 kB
Progress (2): 220/574 kB | 62/283 kB
Progress (2): 220/574 kB | 66/283 kB
Progress (2): 220/574 kB | 70/283 kB
Progress (2): 220/574 kB | 74/283 kB
Progress (2): 220/574 kB | 78/283 kB
Progress (2): 220/574 kB | 83/283 kB
Progress (2): 220/574 kB | 87/283 kB
Progress (2): 236/574 kB | 87/283 kB
Progress (2): 253/574 kB | 87/283 kB
Progress (2): 262/574 kB | 87/283 kB
Progress (2): 279/574 kB | 87/283 kB
Progress (2): 295/574 kB | 87/283 kB
Progress (2): 311/574 kB | 87/283 kB
Progress (2): 328/574 kB | 87/283 kB
Progress (3): 328/574 kB | 87/283 kB | 0.7/317 kB
Progress (3): 344/574 kB | 87/283 kB | 0.7/317 kB
Progress (3): 344/574 kB | 87/283 kB | 2.1/317 kB
Progress (3): 344/574 kB | 87/283 kB | 3.4/317 kB
Progress (3): 360/574 kB | 87/283 kB | 3.4/317 kB
Progress (3): 360/574 kB | 87/283 kB | 3.5/317 kB
Progress (3): 360/574 kB | 91/283 kB | 3.5/317 kB
Progress (3): 360/574 kB | 95/283 kB | 3.5/317 kB
Progress (3): 377/574 kB | 95/283 kB | 3.5/317 kB
Progress (3): 377/574 kB | 95/283 kB | 4.9/317 kB
Progress (3): 377/574 kB | 95/283 kB | 6.3/317 kB
Progress (3): 377/574 kB | 100/283 kB | 6.3/317 kB
Progress (3): 377/574 kB | 100/283 kB | 7.6/317 kB
Progress (3): 377/574 kB | 104/283 kB | 7.6/317 kB
Progress (3): 393/574 kB | 104/283 kB | 7.6/317 kB
Progress (3): 393/574 kB | 104/283 kB | 9.0/317 kB
Progress (3): 393/574 kB | 108/283 kB | 9.0/317 kB
Progress (3): 393/574 kB | 108/283 kB | 10/317 kB 
Progress (3): 393/574 kB | 108/283 kB | 12/317 kB
Progress (3): 393/574 kB | 112/283 kB | 12/317 kB
Progress (3): 410/574 kB | 112/283 kB | 12/317 kB
Progress (3): 410/574 kB | 112/283 kB | 13/317 kB
Progress (3): 410/574 kB | 117/283 kB | 13/317 kB
Progress (3): 410/574 kB | 117/283 kB | 14/317 kB
Progress (3): 410/574 kB | 117/283 kB | 16/317 kB
Progress (3): 410/574 kB | 121/283 kB | 16/317 kB
Progress (3): 410/574 kB | 121/283 kB | 17/317 kB
Progress (3): 410/574 kB | 125/283 kB | 17/317 kB
Progress (3): 410/574 kB | 125/283 kB | 19/317 kB
Progress (3): 426/574 kB | 125/283 kB | 19/317 kB
Progress (3): 426/574 kB | 125/283 kB | 20/317 kB
Progress (3): 426/574 kB | 125/283 kB | 21/317 kB
Progress (3): 426/574 kB | 125/283 kB | 23/317 kB
Progress (3): 426/574 kB | 129/283 kB | 23/317 kB
Progress (3): 426/574 kB | 131/283 kB | 23/317 kB
Progress (3): 426/574 kB | 131/283 kB | 24/317 kB
Progress (3): 426/574 kB | 131/283 kB | 25/317 kB
Progress (3): 426/574 kB | 135/283 kB | 25/317 kB
Progress (3): 426/574 kB | 135/283 kB | 27/317 kB
Progress (3): 442/574 kB | 135/283 kB | 27/317 kB
Progress (3): 442/574 kB | 135/283 kB | 28/317 kB
Progress (3): 442/574 kB | 140/283 kB | 28/317 kB
Progress (3): 442/574 kB | 140/283 kB | 30/317 kB
Progress (3): 442/574 kB | 140/283 kB | 31/317 kB
Progress (3): 442/574 kB | 140/283 kB | 32/317 kB
Progress (3): 442/574 kB | 144/283 kB | 32/317 kB
Progress (3): 442/574 kB | 144/283 kB | 34/317 kB
Progress (3): 442/574 kB | 144/283 kB | 35/317 kB
Progress (3): 442/574 kB | 148/283 kB | 35/317 kB
Progress (3): 442/574 kB | 148/283 kB | 36/317 kB
Progress (3): 442/574 kB | 152/283 kB | 36/317 kB
Progress (3): 442/574 kB | 152/283 kB | 38/317 kB
Progress (3): 442/574 kB | 152/283 kB | 39/317 kB
Progress (3): 442/574 kB | 152/283 kB | 40/317 kB
Progress (3): 442/574 kB | 156/283 kB | 40/317 kB
Progress (3): 442/574 kB | 156/283 kB | 42/317 kB
Progress (3): 442/574 kB | 156/283 kB | 43/317 kB
Progress (3): 442/574 kB | 156/283 kB | 45/317 kB
Progress (3): 442/574 kB | 161/283 kB | 45/317 kB
Progress (3): 442/574 kB | 161/283 kB | 46/317 kB
Progress (3): 442/574 kB | 161/283 kB | 47/317 kB
Progress (3): 442/574 kB | 165/283 kB | 47/317 kB
Progress (3): 442/574 kB | 165/283 kB | 49/317 kB
Progress (3): 442/574 kB | 165/283 kB | 50/317 kB
Progress (3): 442/574 kB | 169/283 kB | 50/317 kB
Progress (3): 442/574 kB | 169/283 kB | 51/317 kB
Progress (3): 442/574 kB | 173/283 kB | 51/317 kB
Progress (3): 442/574 kB | 173/283 kB | 53/317 kB
Progress (3): 442/574 kB | 178/283 kB | 53/317 kB
Progress (3): 442/574 kB | 178/283 kB | 54/317 kB
Progress (3): 442/574 kB | 178/283 kB | 58/317 kB
Progress (3): 442/574 kB | 178/283 kB | 63/317 kB
Progress (3): 442/574 kB | 182/283 kB | 63/317 kB
Progress (3): 442/574 kB | 186/283 kB | 63/317 kB
Progress (3): 459/574 kB | 186/283 kB | 63/317 kB
Progress (4): 459/574 kB | 186/283 kB | 63/317 kB | 8.2/482 kB
Progress (4): 459/574 kB | 190/283 kB | 63/317 kB | 8.2/482 kB
Progress (4): 475/574 kB | 190/283 kB | 63/317 kB | 8.2/482 kB
Progress (4): 475/574 kB | 195/283 kB | 63/317 kB | 8.2/482 kB
Progress (4): 475/574 kB | 199/283 kB | 63/317 kB | 8.2/482 kB
Progress (4): 492/574 kB | 199/283 kB | 63/317 kB | 8.2/482 kB
Progress (4): 492/574 kB | 203/283 kB | 63/317 kB | 8.2/482 kB
Progress (4): 492/574 kB | 203/283 kB | 63/317 kB | 25/482 kB 
Progress (4): 492/574 kB | 203/283 kB | 63/317 kB | 41/482 kB
Progress (4): 508/574 kB | 203/283 kB | 63/317 kB | 41/482 kB
Progress (4): 508/574 kB | 207/283 kB | 63/317 kB | 41/482 kB
Progress (4): 508/574 kB | 211/283 kB | 63/317 kB | 41/482 kB
Progress (4): 508/574 kB | 211/283 kB | 63/317 kB | 49/482 kB
Progress (4): 524/574 kB | 211/283 kB | 63/317 kB | 49/482 kB
Progress (4): 524/574 kB | 216/283 kB | 63/317 kB | 49/482 kB
Progress (4): 524/574 kB | 216/283 kB | 63/317 kB | 66/482 kB
Progress (4): 541/574 kB | 216/283 kB | 63/317 kB | 66/482 kB
Progress (4): 541/574 kB | 216/283 kB | 63/317 kB | 82/482 kB
Progress (4): 557/574 kB | 216/283 kB | 63/317 kB | 82/482 kB
Progress (4): 557/574 kB | 216/283 kB | 63/317 kB | 98/482 kB
Progress (4): 573/574 kB | 216/283 kB | 63/317 kB | 98/482 kB
Progress (4): 574 kB | 216/283 kB | 63/317 kB | 98/482 kB    
Progress (4): 574 kB | 216/283 kB | 63/317 kB | 115/482 kB
Progress (4): 574 kB | 216/283 kB | 63/317 kB | 131/482 kB
Progress (4): 574 kB | 216/283 kB | 63/317 kB | 147/482 kB
Progress (4): 574 kB | 216/283 kB | 63/317 kB | 164/482 kB
Progress (4): 574 kB | 216/283 kB | 63/317 kB | 180/482 kB
Progress (4): 574 kB | 216/283 kB | 67/317 kB | 180/482 kB
Progress (4): 574 kB | 216/283 kB | 71/317 kB | 180/482 kB
Progress (4): 574 kB | 216/283 kB | 75/317 kB | 180/482 kB
Progress (4): 574 kB | 216/283 kB | 80/317 kB | 180/482 kB
Progress (4): 574 kB | 216/283 kB | 84/317 kB | 180/482 kB
Progress (4): 574 kB | 216/283 kB | 88/317 kB | 180/482 kB
Progress (4): 574 kB | 216/283 kB | 92/317 kB | 180/482 kB
Progress (4): 574 kB | 216/283 kB | 96/317 kB | 180/482 kB
Progress (4): 574 kB | 216/283 kB | 101/317 kB | 180/482 kB
Progress (4): 574 kB | 216/283 kB | 105/317 kB | 180/482 kB
Progress (4): 574 kB | 220/283 kB | 105/317 kB | 180/482 kB
Progress (4): 574 kB | 220/283 kB | 109/317 kB | 180/482 kB
Progress (4): 574 kB | 236/283 kB | 109/317 kB | 180/482 kB
Progress (4): 574 kB | 236/283 kB | 113/317 kB | 180/482 kB
Progress (4): 574 kB | 236/283 kB | 113/317 kB | 197/482 kB
Progress (4): 574 kB | 236/283 kB | 118/317 kB | 197/482 kB
Progress (4): 574 kB | 253/283 kB | 118/317 kB | 197/482 kB
Progress (4): 574 kB | 253/283 kB | 118/317 kB | 197/482 kB
Progress (4): 574 kB | 253/283 kB | 122/317 kB | 197/482 kB
Progress (4): 574 kB | 262/283 kB | 122/317 kB | 197/482 kB
Progress (4): 574 kB | 262/283 kB | 122/317 kB | 213/482 kB
Progress (4): 574 kB | 262/283 kB | 122/317 kB | 229/482 kB
Progress (4): 574 kB | 279/283 kB | 122/317 kB | 229/482 kB
Progress (4): 574 kB | 283 kB | 122/317 kB | 229/482 kB    
Progress (4): 574 kB | 283 kB | 122/317 kB | 246/482 kB
Progress (4): 574 kB | 283 kB | 122/317 kB | 262/482 kB
Progress (4): 574 kB | 283 kB | 122/317 kB | 279/482 kB
Progress (4): 574 kB | 283 kB | 122/317 kB | 295/482 kB
Progress (4): 574 kB | 283 kB | 122/317 kB | 311/482 kB
Progress (4): 574 kB | 283 kB | 122/317 kB | 328/482 kB
Progress (4): 574 kB | 283 kB | 122/317 kB | 344/482 kB
Progress (4): 574 kB | 283 kB | 122/317 kB | 360/482 kB
Progress (4): 574 kB | 283 kB | 122/317 kB | 377/482 kB
                                                       
Downloaded from wso2-m2: https://maven.wso2.org/nexus/content/groups/wso2-public/org/apache/ws/commons/axiom/axiom-impl/1.2.22/axiom-impl-1.2.22.jar (574 kB at 3.2 MB/s)
Downloading from wso2-m2: https://maven.wso2.org/nexus/content/groups/wso2-public/org/codehaus/woodstox/stax2-api/3.1.1/stax2-api-3.1.1.jar
Progress (3): 283 kB | 122/317 kB | 393/482 kB
Progress (3): 283 kB | 127/317 kB | 393/482 kB
Progress (3): 283 kB | 127/317 kB | 410/482 kB
Progress (3): 283 kB | 131/317 kB | 410/482 kB
Progress (3): 283 kB | 135/317 kB | 410/482 kB
Progress (3): 283 kB | 135/317 kB | 426/482 kB
Progress (3): 283 kB | 139/317 kB | 426/482 kB
Progress (3): 283 kB | 144/317 kB | 426/482 kB
Progress (3): 283 kB | 144/317 kB | 442/482 kB
Progress (3): 283 kB | 148/317 kB | 442/482 kB
Progress (3): 283 kB | 152/317 kB | 442/482 kB
Progress (3): 283 kB | 156/317 kB | 442/482 kB
Progress (3): 283 kB | 160/317 kB | 442/482 kB
Progress (3): 283 kB | 165/317 kB | 442/482 kB
Progress (3): 283 kB | 169/317 kB | 442/482 kB
Progress (3): 283 kB | 173/317 kB | 442/482 kB
Progress (3): 283 kB | 177/317 kB | 442/482 kB
                                              
Downloaded from wso2-m2: https://maven.wso2.org/nexus/content/groups/wso2-public/org/apache/httpcomponents/httpcore/4.3.3/httpcore-4.3.3.jar (283 kB at 1.5 MB/s)
Downloading from wso2-m2: https://maven.wso2.org/nexus/content/groups/wso2-public/org/apache/geronimo/specs/geronimo-ws-metadata_2.0_spec/1.1.2/geronimo-ws-metadata_2.0_spec-1.1.2.jar
Progress (2): 177/317 kB | 459/482 kB
Progress (2): 182/317 kB | 459/482 kB
Progress (2): 182/317 kB | 475/482 kB
Progress (2): 186/317 kB | 475/482 kB
Progress (2): 186/317 kB | 482 kB    
Progress (2): 190/317 kB | 482 kB
Progress (2): 194/317 kB | 482 kB
Progress (2): 199/317 kB | 482 kB
Progress (2): 203/317 kB | 482 kB
Progress (2): 207/317 kB | 482 kB
Progress (2): 211/317 kB | 482 kB
Progress (2): 215/317 kB | 482 kB
Progress (2): 220/317 kB | 482 kB
Progress (2): 236/317 kB | 482 kB
Progress (2): 249/317 kB | 482 kB
Progress (2): 266/317 kB | 482 kB
Progress (2): 282/317 kB | 482 kB
                                 
Downloaded from wso2-m2: https://maven.wso2.org/nexus/content/groups/wso2-public/org/codehaus/woodstox/woodstox-core-asl/4.2.0/woodstox-core-asl-4.2.0.jar (482 kB at 2.4 MB/s)
Downloading from wso2-m2: https://maven.wso2.org/nexus/content/groups/wso2-public/org/apache/geronimo/specs/geronimo-jta_1.1_spec/1.1/geronimo-jta_1.1_spec-1.1.jar
Progress (1): 298/317 kB
Progress (1): 315/317 kB
Progress (1): 317 kB    
                    
Downloaded from wso2-m2: https://maven.wso2.org/nexus/content/groups/wso2-public/org/apache/httpcomponents/httpcore-nio/4.3.3/httpcore-nio-4.3.3.jar (317 kB at 1.5 MB/s)
Downloading from wso2-m2: https://maven.wso2.org/nexus/content/groups/wso2-public/javax/servlet/servlet-api/2.3/servlet-api-2.3.jar
Progress (1): 8.2/182 kB
Progress (1): 25/182 kB 
Progress (1): 41/182 kB
Progress (1): 49/182 kB
Progress (1): 66/182 kB
Progress (1): 82/182 kB
Progress (1): 98/182 kB
Progress (1): 115/182 kB
Progress (1): 131/182 kB
Progress (1): 147/182 kB
Progress (1): 164/182 kB
Progress (1): 180/182 kB
Progress (1): 182 kB    
Progress (2): 182 kB | 7.5/15 kB
Progress (2): 182 kB | 15 kB    
Progress (3): 182 kB | 15 kB | 8.2/16 kB
Progress (3): 182 kB | 15 kB | 16 kB    
Progress (4): 182 kB | 15 kB | 16 kB | 8.2/78 kB
                                                
Downloaded from wso2-m2: https://maven.wso2.org/nexus/content/groups/wso2-public/org/codehaus/woodstox/stax2-api/3.1.1/stax2-api-3.1.1.jar (182 kB at 709 kB/s)
Downloading from wso2-m2: https://maven.wso2.org/nexus/content/groups/wso2-public/commons-fileupload/commons-fileupload/1.3.3/commons-fileupload-1.3.3.jar
Progress (3): 15 kB | 16 kB | 25/78 kB
Progress (3): 15 kB | 16 kB | 41/78 kB
Progress (3): 15 kB | 16 kB | 57/78 kB
Progress (3): 15 kB | 16 kB | 74/78 kB
Progress (3): 15 kB | 16 kB | 78 kB   
                                   
Downloaded from wso2-m2: https://maven.wso2.org/nexus/content/groups/wso2-public/org/apache/geronimo/specs/geronimo-ws-metadata_2.0_spec/1.1.2/geronimo-ws-metadata_2.0_spec-1.1.2.jar (15 kB at 55 kB/s)
Downloading from wso2-m2: https://maven.wso2.org/nexus/content/groups/wso2-public/wsdl4j/wsdl4j/1.6.2/wsdl4j-1.6.2.jar
Downloaded from wso2-m2: https://maven.wso2.org/nexus/content/groups/wso2-public/org/apache/geronimo/specs/geronimo-jta_1.1_spec/1.1/geronimo-jta_1.1_spec-1.1.jar (16 kB at 59 kB/s)
Downloading from wso2-m2: https://maven.wso2.org/nexus/content/groups/wso2-public/org/apache/ws/xmlschema/xmlschema-core/2.2.1/xmlschema-core-2.2.1.jar
Downloaded from wso2-m2: https://maven.wso2.org/nexus/content/groups/wso2-public/javax/servlet/servlet-api/2.3/servlet-api-2.3.jar (78 kB at 289 kB/s)
Downloading from wso2-m2: https://maven.wso2.org/nexus/content/groups/wso2-public/org/apache/neethi/neethi/3.0.3/neethi-3.0.3.jar
Progress (1): 0/1.0 MB
Progress (1): 0/1.0 MB
Progress (1): 0/1.0 MB
Progress (1): 0/1.0 MB
Progress (1): 0/1.0 MB
Progress (1): 0/1.0 MB
Progress (1): 0/1.0 MB
Progress (1): 0/1.0 MB
Progress (1): 0/1.0 MB
Progress (1): 0/1.0 MB
Progress (1): 0/1.0 MB
Progress (1): 0/1.0 MB
Progress (1): 0/1.0 MB
Progress (1): 0/1.0 MB
Progress (1): 0/1.0 MB
Progress (1): 0/1.0 MB
Progress (1): 0/1.0 MB
Progress (1): 0/1.0 MB
Progress (1): 0/1.0 MB
Progress (1): 0/1.0 MB
Progress (1): 0/1.0 MB
Progress (1): 0/1.0 MB
Progress (1): 0/1.0 MB
Progress (1): 0/1.0 MB
Progress (1): 0/1.0 MB
Progress (1): 0/1.0 MB
Progress (1): 0/1.0 MB
Progress (1): 0/1.0 MB
Progress (1): 0/1.0 MB
Progress (1): 0/1.0 MB
Progress (1): 0/1.0 MB
Progress (1): 0/1.0 MB
Progress (1): 0/1.0 MB
Progress (1): 0/1.0 MB
Progress (1): 0/1.0 MB
Progress (1): 0/1.0 MB
Progress (1): 0.1/1.0 MB
Progress (1): 0.1/1.0 MB
Progress (1): 0.1/1.0 MB
Progress (1): 0.1/1.0 MB
Progress (1): 0.1/1.0 MB
Progress (1): 0.1/1.0 MB
Progress (1): 0.1/1.0 MB
Progress (1): 0.1/1.0 MB
Progress (1): 0.1/1.0 MB
Progress (1): 0.1/1.0 MB
Progress (1): 0.1/1.0 MB
Progress (1): 0.1/1.0 MB
Progress (1): 0.1/1.0 MB
Progress (1): 0.1/1.0 MB
Progress (1): 0.1/1.0 MB
Progress (1): 0.1/1.0 MB
Progress (1): 0.1/1.0 MB
Progress (1): 0.1/1.0 MB
Progress (1): 0.1/1.0 MB
Progress (1): 0.1/1.0 MB
Progress (1): 0.1/1.0 MB
Progress (1): 0.1/1.0 MB
Progress (1): 0.1/1.0 MB
Progress (1): 0.1/1.0 MB
Progress (1): 0.1/1.0 MB
Progress (1): 0.1/1.0 MB
Progress (1): 0.1/1.0 MB
Progress (1): 0.2/1.0 MB
Progress (1): 0.2/1.0 MB
Progress (1): 0.2/1.0 MB
Progress (1): 0.2/1.0 MB
Progress (1): 0.2/1.0 MB
Progress (1): 0.2/1.0 MB
Progress (1): 0.2/1.0 MB
Progress (1): 0.2/1.0 MB
Progress (1): 0.2/1.0 MB
Progress (1): 0.2/1.0 MB
Progress (1): 0.2/1.0 MB
Progress (1): 0.2/1.0 MB
Progress (1): 0.2/1.0 MB
Progress (1): 0.2/1.0 MB
Progress (1): 0.2/1.0 MB
Progress (1): 0.2/1.0 MB
Progress (1): 0.2/1.0 MB
Progress (1): 0.2/1.0 MB
Progress (1): 0.3/1.0 MB
Progress (1): 0.3/1.0 MB
Progress (1): 0.3/1.0 MB
Progress (1): 0.3/1.0 MB
Progress (1): 0.3/1.0 MB
Progress (1): 0.3/1.0 MB
Progress (1): 0.3/1.0 MB
Progress (1): 0.4/1.0 MB
Progress (1): 0.4/1.0 MB
Progress (1): 0.4/1.0 MB
Progress (1): 0.4/1.0 MB
Progress (1): 0.4/1.0 MB
Progress (1): 0.4/1.0 MB
Progress (1): 0.5/1.0 MB
Progress (1): 0.5/1.0 MB
Progress (1): 0.5/1.0 MB
Progress (1): 0.5/1.0 MB
Progress (1): 0.5/1.0 MB
Progress (1): 0.5/1.0 MB
Progress (1): 0.6/1.0 MB
Progress (1): 0.6/1.0 MB
Progress (1): 0.6/1.0 MB
Progress (1): 0.6/1.0 MB
Progress (1): 0.6/1.0 MB
Progress (1): 0.6/1.0 MB
Progress (1): 0.7/1.0 MB
Progress (1): 0.7/1.0 MB
Progress (1): 0.7/1.0 MB
Progress (1): 0.7/1.0 MB
Progress (1): 0.7/1.0 MB
Progress (1): 0.7/1.0 MB
Progress (1): 0.8/1.0 MB
Progress (1): 0.8/1.0 MB
Progress (1): 0.8/1.0 MB
Progress (1): 0.8/1.0 MB
Progress (1): 0.8/1.0 MB
Progress (1): 0.8/1.0 MB
Progress (1): 0.9/1.0 MB
Progress (1): 0.9/1.0 MB
Progress (1): 0.9/1.0 MB
Progress (1): 0.9/1.0 MB
Progress (1): 0.9/1.0 MB
Progress (1): 0.9/1.0 MB
Progress (1): 1.0/1.0 MB
Progress (1): 1.0/1.0 MB
Progress (1): 1.0/1.0 MB
Progress (1): 1.0/1.0 MB
Progress (1): 1.0/1.0 MB
Progress (1): 1.0/1.0 MB
Progress (1): 1.0 MB    
Progress (2): 1.0 MB | 16/172 kB
Progress (2): 1.0 MB | 33/172 kB
Progress (2): 1.0 MB | 41/172 kB
Progress (2): 1.0 MB | 57/172 kB
Progress (2): 1.0 MB | 66/172 kB
Progress (3): 1.0 MB | 66/172 kB | 16/148 kB
Progress (3): 1.0 MB | 82/172 kB | 16/148 kB
Progress (3): 1.0 MB | 82/172 kB | 25/148 kB
Progress (3): 1.0 MB | 98/172 kB | 25/148 kB
Progress (3): 1.0 MB | 115/172 kB | 25/148 kB
Progress (3): 1.0 MB | 115/172 kB | 41/148 kB
Progress (3): 1.0 MB | 131/172 kB | 41/148 kB
Progress (3): 1.0 MB | 131/172 kB | 57/148 kB
Progress (3): 1.0 MB | 147/172 kB | 57/148 kB
Progress (3): 1.0 MB | 147/172 kB | 74/148 kB
Progress (3): 1.0 MB | 164/172 kB | 74/148 kB
Progress (3): 1.0 MB | 164/172 kB | 90/148 kB
Progress (3): 1.0 MB | 172 kB | 90/148 kB    
Progress (3): 1.0 MB | 172 kB | 106/148 kB
Progress (3): 1.0 MB | 172 kB | 123/148 kB
Progress (3): 1.0 MB | 172 kB | 139/148 kB
Progress (3): 1.0 MB | 172 kB | 148 kB    
Progress (4): 1.0 MB | 172 kB | 148 kB | 8.2/71 kB
Progress (4): 1.0 MB | 172 kB | 148 kB | 16/71 kB 
Progress (4): 1.0 MB | 172 kB | 148 kB | 33/71 kB
Progress (4): 1.0 MB | 172 kB | 148 kB | 41/71 kB
Progress (4): 1.0 MB | 172 kB | 148 kB | 49/71 kB
Progress (4): 1.0 MB | 172 kB | 148 kB | 66/71 kB
Progress (4): 1.0 MB | 172 kB | 148 kB | 71 kB   
Progress (5): 1.0 MB | 172 kB | 148 kB | 71 kB | 16/71 kB
Progress (5): 1.0 MB | 172 kB | 148 kB | 71 kB | 33/71 kB
Progress (5): 1.0 MB | 172 kB | 148 kB | 71 kB | 49/71 kB
Progress (5): 1.0 MB | 172 kB | 148 kB | 71 kB | 66/71 kB
Progress (5): 1.0 MB | 172 kB | 148 kB | 71 kB | 71 kB   
                                                      
Downloaded from wso2-m2: https://maven.wso2.org/nexus/content/groups/wso2-public/org/apache/ws/xmlschema/xmlschema-core/2.2.1/xmlschema-core-2.2.1.jar (172 kB at 472 kB/s)
Downloading from wso2-m2: https://maven.wso2.org/nexus/content/groups/wso2-public/org/apache/woden/woden-core/1.0M10/woden-core-1.0M10.jar
Downloaded from wso2-m2: https://maven.wso2.org/nexus/content/groups/wso2-public/wsdl4j/wsdl4j/1.6.2/wsdl4j-1.6.2.jar (148 kB at 407 kB/s)
Downloading from wso2-m2: https://maven.wso2.org/nexus/content/groups/wso2-public/javax/ws/rs/jsr311-api/1.1.1/jsr311-api-1.1.1.jar
Downloaded from wso2-m2: https://maven.wso2.org/nexus/content/groups/wso2-public/commons-fileupload/commons-fileupload/1.3.3/commons-fileupload-1.3.3.jar (71 kB at 192 kB/s)
Downloading from wso2-m2: https://maven.wso2.org/nexus/content/groups/wso2-public/org/apache/httpcomponents/httpclient/4.3.6/httpclient-4.3.6.jar
Downloaded from wso2-m2: https://maven.wso2.org/nexus/content/groups/wso2-public/org/apache/axis2/axis2-kernel/1.7.9/axis2-kernel-1.7.9.jar (1.0 MB at 2.8 MB/s)
Downloading from wso2-m2: https://maven.wso2.org/nexus/content/groups/wso2-public/commons-codec/commons-codec/1.6/commons-codec-1.6.jar
Downloaded from wso2-m2: https://maven.wso2.org/nexus/content/groups/wso2-public/org/apache/neethi/neethi/3.0.3/neethi-3.0.3.jar (71 kB at 191 kB/s)
Downloading from wso2-m2: https://maven.wso2.org/nexus/content/groups/wso2-public/org/apache/ws/commons/axiom/axiom-compat/1.2.22/axiom-compat-1.2.22.jar
Progress (1): 8.2/46 kB
Progress (1): 25/46 kB 
Progress (1): 33/46 kB
Progress (1): 46 kB   
Progress (2): 46 kB | 16/233 kB
Progress (2): 46 kB | 33/233 kB
Progress (2): 46 kB | 49/233 kB
Progress (2): 46 kB | 66/233 kB
Progress (2): 46 kB | 82/233 kB
Progress (2): 46 kB | 90/233 kB
Progress (2): 46 kB | 98/233 kB
Progress (2): 46 kB | 115/233 kB
Progress (2): 46 kB | 131/233 kB
Progress (2): 46 kB | 147/233 kB
Progress (2): 46 kB | 164/233 kB
Progress (2): 46 kB | 180/233 kB
Progress (2): 46 kB | 197/233 kB
Progress (3): 46 kB | 197/233 kB | 8.2/592 kB
Progress (3): 46 kB | 213/233 kB | 8.2/592 kB
Progress (3): 46 kB | 229/233 kB | 8.2/592 kB
Progress (3): 46 kB | 233 kB | 8.2/592 kB    
Progress (3): 46 kB | 233 kB | 16/592 kB 
Progress (3): 46 kB | 233 kB | 33/592 kB
                                        
Downloaded from wso2-m2: https://maven.wso2.org/nexus/content/groups/wso2-public/javax/ws/rs/jsr311-api/1.1.1/jsr311-api-1.1.1.jar (46 kB at 106 kB/s)
Progress (2): 233 kB | 49/592 kB
                                
Downloading from wso2-m2: https://maven.wso2.org/nexus/content/groups/wso2-public/org/apache/ws/commons/axiom/axiom-api/1.2.22/axiom-api-1.2.22.jar
Progress (2): 233 kB | 66/592 kB
Progress (2): 233 kB | 82/592 kB
Progress (2): 233 kB | 98/592 kB
Progress (3): 233 kB | 98/592 kB | 7.5/374 kB
Progress (3): 233 kB | 98/592 kB | 16/374 kB 
Progress (3): 233 kB | 115/592 kB | 16/374 kB
Progress (3): 233 kB | 115/592 kB | 25/374 kB
Progress (3): 233 kB | 115/592 kB | 41/374 kB
Progress (3): 233 kB | 115/592 kB | 57/374 kB
Progress (3): 233 kB | 115/592 kB | 74/374 kB
Progress (3): 233 kB | 115/592 kB | 90/374 kB
Progress (3): 233 kB | 115/592 kB | 106/374 kB
Progress (3): 233 kB | 131/592 kB | 106/374 kB
Progress (3): 233 kB | 131/592 kB | 123/374 kB
Progress (3): 233 kB | 131/592 kB | 131/374 kB
Progress (3): 233 kB | 131/592 kB | 147/374 kB
Progress (3): 233 kB | 147/592 kB | 147/374 kB
Progress (3): 233 kB | 147/592 kB | 164/374 kB
Progress (3): 233 kB | 147/592 kB | 180/374 kB
Progress (3): 233 kB | 147/592 kB | 197/374 kB
Progress (3): 233 kB | 147/592 kB | 213/374 kB
Progress (3): 233 kB | 147/592 kB | 229/374 kB
Progress (3): 233 kB | 147/592 kB | 246/374 kB
Progress (3): 233 kB | 147/592 kB | 262/374 kB
Progress (3): 233 kB | 147/592 kB | 279/374 kB
Progress (3): 233 kB | 164/592 kB | 279/374 kB
Progress (3): 233 kB | 164/592 kB | 295/374 kB
Progress (3): 233 kB | 164/592 kB | 311/374 kB
Progress (3): 233 kB | 180/592 kB | 311/374 kB
Progress (3): 233 kB | 180/592 kB | 328/374 kB
Progress (3): 233 kB | 180/592 kB | 344/374 kB
Progress (3): 233 kB | 197/592 kB | 344/374 kB
Progress (3): 233 kB | 213/592 kB | 344/374 kB
                                              
Downloaded from wso2-m2: https://maven.wso2.org/nexus/content/groups/wso2-public/commons-codec/commons-codec/1.6/commons-codec-1.6.jar (233 kB at 518 kB/s)
Downloading from wso2-m2: https://maven.wso2.org/nexus/content/groups/wso2-public/org/apache/geronimo/specs/geronimo-activation_1.1_spec/1.1/geronimo-activation_1.1_spec-1.1.jar
Progress (2): 229/592 kB | 344/374 kB
Progress (2): 246/592 kB | 344/374 kB
Progress (2): 262/592 kB | 344/374 kB
Progress (2): 279/592 kB | 344/374 kB
Progress (2): 279/592 kB | 360/374 kB
Progress (2): 279/592 kB | 374 kB    
Progress (2): 295/592 kB | 374 kB
Progress (2): 311/592 kB | 374 kB
Progress (2): 328/592 kB | 374 kB
Progress (2): 344/592 kB | 374 kB
Progress (2): 360/592 kB | 374 kB
Progress (2): 377/592 kB | 374 kB
Progress (2): 393/592 kB | 374 kB
Progress (2): 410/592 kB | 374 kB
Progress (2): 426/592 kB | 374 kB
Progress (2): 442/592 kB | 374 kB
Progress (2): 459/592 kB | 374 kB
Progress (2): 475/592 kB | 374 kB
Progress (2): 492/592 kB | 374 kB
Progress (2): 508/592 kB | 374 kB
Progress (2): 524/592 kB | 374 kB
Progress (2): 541/592 kB | 374 kB
Progress (2): 557/592 kB | 374 kB
Progress (2): 573/592 kB | 374 kB
Progress (2): 590/592 kB | 374 kB
Progress (2): 592 kB | 374 kB    
Progress (3): 592 kB | 374 kB | 16/75 kB
Progress (3): 592 kB | 374 kB | 33/75 kB
Progress (3): 592 kB | 374 kB | 49/75 kB
Progress (3): 592 kB | 374 kB | 66/75 kB
Progress (3): 592 kB | 374 kB | 75 kB   
Progress (4): 592 kB | 374 kB | 75 kB | 8.2/426 kB
Progress (4): 592 kB | 374 kB | 75 kB | 16/426 kB 
Progress (4): 592 kB | 374 kB | 75 kB | 33/426 kB
Progress (4): 592 kB | 374 kB | 75 kB | 49/426 kB
Progress (4): 592 kB | 374 kB | 75 kB | 66/426 kB
Progress (4): 592 kB | 374 kB | 75 kB | 82/426 kB
Progress (4): 592 kB | 374 kB | 75 kB | 98/426 kB
Progress (4): 592 kB | 374 kB | 75 kB | 115/426 kB
Progress (4): 592 kB | 374 kB | 75 kB | 131/426 kB
Progress (4): 592 kB | 374 kB | 75 kB | 147/426 kB
Progress (4): 592 kB | 374 kB | 75 kB | 164/426 kB
Progress (4): 592 kB | 374 kB | 75 kB | 180/426 kB
                                                  
Downloaded from wso2-m2: https://maven.wso2.org/nexus/content/groups/wso2-public/org/apache/woden/woden-core/1.0M10/woden-core-1.0M10.jar (374 kB at 756 kB/s)
Downloading from wso2-m2: https://maven.wso2.org/nexus/content/groups/wso2-public/jaxen/jaxen/1.1.6/jaxen-1.1.6.jar
Progress (3): 592 kB | 75 kB | 197/426 kB
Progress (3): 592 kB | 75 kB | 213/426 kB
Progress (3): 592 kB | 75 kB | 229/426 kB
Progress (3): 592 kB | 75 kB | 246/426 kB
Progress (3): 592 kB | 75 kB | 262/426 kB
Progress (3): 592 kB | 75 kB | 279/426 kB
Progress (3): 592 kB | 75 kB | 295/426 kB
Progress (3): 592 kB | 75 kB | 311/426 kB
                                         
Downloaded from wso2-m2: https://maven.wso2.org/nexus/content/groups/wso2-public/org/apache/ws/commons/axiom/axiom-compat/1.2.22/axiom-compat-1.2.22.jar (75 kB at 150 kB/s)
Downloading from wso2-m2: https://maven.wso2.org/nexus/content/groups/wso2-public/org/apache/geronimo/specs/geronimo-stax-api_1.0_spec/1.0.1/geronimo-stax-api_1.0_spec-1.0.1.jar
Progress (2): 592 kB | 328/426 kB
Progress (2): 592 kB | 344/426 kB
                                 
Downloaded from wso2-m2: https://maven.wso2.org/nexus/content/groups/wso2-public/org/apache/httpcomponents/httpclient/4.3.6/httpclient-4.3.6.jar (592 kB at 1.2 MB/s)
Downloading from wso2-m2: https://maven.wso2.org/nexus/content/groups/wso2-public/org/apache/james/apache-mime4j-core/0.7.2/apache-mime4j-core-0.7.2.jar
Progress (1): 360/426 kB
Progress (1): 377/426 kB
Progress (1): 393/426 kB
Progress (1): 410/426 kB
Progress (1): 426/426 kB
Progress (1): 426 kB    
                    
Downloaded from wso2-m2: https://maven.wso2.org/nexus/content/groups/wso2-public/org/apache/ws/commons/axiom/axiom-api/1.2.22/axiom-api-1.2.22.jar (426 kB at 834 kB/s)
Downloading from wso2-m2: https://maven.wso2.org/nexus/content/groups/wso2-public/org/bouncycastle/bcprov-jdk15on/1.70/bcprov-jdk15on-1.70.jar
Progress (1): 7.5/47 kB
Progress (1): 16/47 kB 
Progress (1): 25/47 kB
Progress (1): 41/47 kB
Progress (1): 47 kB   
                   
Downloaded from wso2-m2: https://maven.wso2.org/nexus/content/groups/wso2-public/org/apache/geronimo/specs/geronimo-activation_1.1_spec/1.1/geronimo-activation_1.1_spec-1.1.jar (47 kB at 90 kB/s)
Downloading from wso2-m2: https://maven.wso2.org/nexus/content/groups/wso2-public/org/bouncycastle/bcpkix-jdk15on/1.70/bcpkix-jdk15on-1.70.jar
Progress (1): 16/96 kB
Progress (1): 33/96 kB
Progress (1): 49/96 kB
Progress (1): 66/96 kB
Progress (1): 82/96 kB
Progress (1): 96 kB   
Progress (2): 96 kB | 16/29 kB
Progress (2): 96 kB | 25/29 kB
Progress (2): 96 kB | 29 kB   
                           
Downloaded from wso2-m2: https://maven.wso2.org/nexus/content/groups/wso2-public/org/apache/james/apache-mime4j-core/0.7.2/apache-mime4j-core-0.7.2.jar (96 kB at 170 kB/s)
Downloading from wso2-m2: https://maven.wso2.org/nexus/content/groups/wso2-public/org/bouncycastle/bcutil-jdk15on/1.70/bcutil-jdk15on-1.70.jar
Downloaded from wso2-m2: https://maven.wso2.org/nexus/content/groups/wso2-public/org/apache/geronimo/specs/geronimo-stax-api_1.0_spec/1.0.1/geronimo-stax-api_1.0_spec-1.0.1.jar (29 kB at 51 kB/s)
Downloading from wso2-m2: https://maven.wso2.org/nexus/content/groups/wso2-public/org/apache/axis2/axis2-transport-base/1.7.9/axis2-transport-base-1.7.9.jar
Progress (1): 7.5/232 kB
Progress (1): 16/232 kB 
Progress (1): 16/232 kB
Progress (1): 33/232 kB
Progress (1): 41/232 kB
Progress (1): 57/232 kB
Progress (1): 74/232 kB
Progress (1): 82/232 kB
Progress (1): 98/232 kB
Progress (1): 115/232 kB
Progress (1): 131/232 kB
Progress (1): 147/232 kB
Progress (1): 164/232 kB
Progress (1): 180/232 kB
Progress (1): 197/232 kB
Progress (1): 213/232 kB
Progress (1): 229/232 kB
Progress (1): 232 kB    
Progress (2): 232 kB | 8.2/964 kB
                                 
Downloaded from wso2-m2: https://maven.wso2.org/nexus/content/groups/wso2-public/jaxen/jaxen/1.1.6/jaxen-1.1.6.jar (232 kB at 378 kB/s)
Downloading from wso2-m2: https://maven.wso2.org/nexus/content/groups/wso2-public/commons-io/commons-io/2.7/commons-io-2.7.jar
Progress (1): 25/964 kB
Progress (1): 33/964 kB
Progress (1): 49/964 kB
Progress (1): 66/964 kB
Progress (1): 82/964 kB
Progress (1): 98/964 kB
Progress (1): 115/964 kB
Progress (1): 131/964 kB
Progress (1): 147/964 kB
Progress (1): 164/964 kB
Progress (1): 180/964 kB
Progress (1): 197/964 kB
Progress (1): 213/964 kB
Progress (1): 229/964 kB
Progress (1): 246/964 kB
Progress (1): 262/964 kB
Progress (1): 279/964 kB
Progress (1): 295/964 kB
Progress (1): 311/964 kB
Progress (1): 328/964 kB
Progress (1): 344/964 kB
Progress (1): 360/964 kB
Progress (1): 377/964 kB
Progress (1): 393/964 kB
Progress (1): 410/964 kB
Progress (1): 426/964 kB
Progress (1): 442/964 kB
Progress (1): 459/964 kB
Progress (1): 475/964 kB
Progress (1): 492/964 kB
Progress (1): 508/964 kB
Progress (1): 524/964 kB
Progress (1): 541/964 kB
Progress (1): 557/964 kB
Progress (1): 573/964 kB
Progress (1): 590/964 kB
Progress (1): 606/964 kB
Progress (1): 623/964 kB
Progress (1): 639/964 kB
Progress (1): 655/964 kB
Progress (1): 672/964 kB
Progress (1): 688/964 kB
Progress (1): 705/964 kB
Progress (1): 721/964 kB
Progress (1): 737/964 kB
Progress (1): 754/964 kB
Progress (1): 770/964 kB
Progress (1): 774/964 kB
Progress (1): 790/964 kB
Progress (1): 807/964 kB
Progress (1): 823/964 kB
Progress (1): 839/964 kB
Progress (1): 856/964 kB
Progress (1): 872/964 kB
Progress (1): 889/964 kB
Progress (1): 905/964 kB
Progress (1): 921/964 kB
Progress (1): 938/964 kB
Progress (1): 954/964 kB
Progress (1): 964 kB    
Progress (2): 964 kB | 8.2/483 kB
Progress (2): 964 kB | 25/483 kB 
Progress (2): 964 kB | 33/483 kB
Progress (2): 964 kB | 49/483 kB
Progress (2): 964 kB | 66/483 kB
Progress (2): 964 kB | 82/483 kB
Progress (2): 964 kB | 98/483 kB
Progress (2): 964 kB | 115/483 kB
Progress (2): 964 kB | 131/483 kB
Progress (2): 964 kB | 147/483 kB
Progress (2): 964 kB | 164/483 kB
Progress (2): 964 kB | 180/483 kB
Progress (2): 964 kB | 197/483 kB
Progress (2): 964 kB | 213/483 kB
Progress (2): 964 kB | 229/483 kB
Progress (2): 964 kB | 246/483 kB
Progress (2): 964 kB | 262/483 kB
Progress (2): 964 kB | 279/483 kB
Progress (2): 964 kB | 295/483 kB
                                 
Downloaded from wso2-m2: https://maven.wso2.org/nexus/content/groups/wso2-public/org/bouncycastle/bcpkix-jdk15on/1.70/bcpkix-jdk15on-1.70.jar (964 kB at 1.5 MB/s)
Downloading from wso2-m2: https://maven.wso2.org/nexus/content/groups/wso2-public/org/apache/axis2/axis2-transport-testkit/1.7.9/axis2-transport-testkit-1.7.9.jar
Progress (1): 311/483 kB
Progress (1): 328/483 kB
Progress (1): 344/483 kB
Progress (1): 360/483 kB
Progress (1): 377/483 kB
Progress (1): 393/483 kB
Progress (1): 410/483 kB
Progress (1): 426/483 kB
Progress (1): 442/483 kB
Progress (1): 459/483 kB
Progress (1): 475/483 kB
Progress (1): 483 kB    
Progress (2): 483 kB | 8.2/276 kB
Progress (2): 483 kB | 16/276 kB 
Progress (2): 483 kB | 33/276 kB
Progress (2): 483 kB | 49/276 kB
Progress (2): 483 kB | 66/276 kB
Progress (2): 483 kB | 82/276 kB
Progress (2): 483 kB | 98/276 kB
Progress (2): 483 kB | 115/276 kB
Progress (2): 483 kB | 131/276 kB
Progress (2): 483 kB | 147/276 kB
Progress (2): 483 kB | 164/276 kB
Progress (2): 483 kB | 180/276 kB
Progress (2): 483 kB | 197/276 kB
Progress (2): 483 kB | 213/276 kB
Progress (2): 483 kB | 229/276 kB
Progress (2): 483 kB | 246/276 kB
Progress (2): 483 kB | 262/276 kB
Progress (2): 483 kB | 276 kB    
                             
Downloaded from wso2-m2: https://maven.wso2.org/nexus/content/groups/wso2-public/org/bouncycastle/bcutil-jdk15on/1.70/bcutil-jdk15on-1.70.jar (483 kB at 705 kB/s)
Downloading from wso2-m2: https://maven.wso2.org/nexus/content/groups/wso2-public/org/apache/axis2/addressing/1.7.9/addressing-1.7.9.mar
Progress (2): 276 kB | 16/106 kB
Progress (2): 276 kB | 25/106 kB
Progress (2): 276 kB | 41/106 kB
Progress (2): 276 kB | 57/106 kB
Progress (2): 276 kB | 74/106 kB
Progress (2): 276 kB | 90/106 kB
Progress (2): 276 kB | 106 kB   
                             
Downloaded from wso2-m2: https://maven.wso2.org/nexus/content/groups/wso2-public/commons-io/commons-io/2.7/commons-io-2.7.jar (276 kB at 401 kB/s)
Downloading from wso2-m2: https://maven.wso2.org/nexus/content/groups/wso2-public/junit/junit/4.13.1/junit-4.13.1.jar
Downloaded from wso2-m2: https://maven.wso2.org/nexus/content/groups/wso2-public/org/apache/axis2/axis2-transport-base/1.7.9/axis2-transport-base-1.7.9.jar (106 kB at 151 kB/s)
Downloading from wso2-m2: https://maven.wso2.org/nexus/content/groups/wso2-public/org/apache/directory/shared/shared-ldap/0.9.11/shared-ldap-0.9.11.jar
Progress (1): 0/5.9 MB
Progress (1): 0/5.9 MB
Progress (1): 0/5.9 MB
Progress (1): 0/5.9 MB
Progress (1): 0.1/5.9 MB
Progress (1): 0.1/5.9 MB
Progress (1): 0.1/5.9 MB
Progress (1): 0.1/5.9 MB
Progress (1): 0.1/5.9 MB
Progress (1): 0.1/5.9 MB
Progress (1): 0.2/5.9 MB
Progress (1): 0.2/5.9 MB
Progress (1): 0.2/5.9 MB
Progress (1): 0.2/5.9 MB
Progress (1): 0.2/5.9 MB
Progress (1): 0.2/5.9 MB
Progress (1): 0.3/5.9 MB
Progress (1): 0.3/5.9 MB
Progress (1): 0.3/5.9 MB
Progress (1): 0.3/5.9 MB
Progress (1): 0.3/5.9 MB
Progress (1): 0.3/5.9 MB
Progress (1): 0.4/5.9 MB
Progress (1): 0.4/5.9 MB
Progress (1): 0.4/5.9 MB
Progress (1): 0.4/5.9 MB
Progress (1): 0.4/5.9 MB
Progress (1): 0.4/5.9 MB
Progress (1): 0.5/5.9 MB
Progress (1): 0.5/5.9 MB
Progress (1): 0.5/5.9 MB
Progress (1): 0.5/5.9 MB
Progress (1): 0.5/5.9 MB
Progress (1): 0.5/5.9 MB
Progress (1): 0.6/5.9 MB
Progress (1): 0.6/5.9 MB
Progress (1): 0.6/5.9 MB
Progress (1): 0.6/5.9 MB
Progress (1): 0.6/5.9 MB
Progress (1): 0.6/5.9 MB
Progress (1): 0.7/5.9 MB
Progress (1): 0.7/5.9 MB
Progress (1): 0.7/5.9 MB
Progress (1): 0.7/5.9 MB
Progress (1): 0.7/5.9 MB
Progress (1): 0.7/5.9 MB
Progress (1): 0.8/5.9 MB
Progress (1): 0.8/5.9 MB
Progress (1): 0.8/5.9 MB
Progress (1): 0.8/5.9 MB
Progress (1): 0.8/5.9 MB
Progress (1): 0.8/5.9 MB
Progress (1): 0.9/5.9 MB
Progress (1): 0.9/5.9 MB
Progress (1): 0.9/5.9 MB
Progress (1): 0.9/5.9 MB
Progress (1): 0.9/5.9 MB
Progress (1): 0.9/5.9 MB
Progress (1): 0.9/5.9 MB
Progress (1): 1.0/5.9 MB
Progress (1): 1.0/5.9 MB
Progress (1): 1.0/5.9 MB
Progress (1): 1.0/5.9 MB
Progress (1): 1.0/5.9 MB
Progress (1): 1.0/5.9 MB
Progress (1): 1.0/5.9 MB
Progress (1): 1.1/5.9 MB
Progress (1): 1.1/5.9 MB
Progress (1): 1.1/5.9 MB
Progress (1): 1.1/5.9 MB
Progress (1): 1.1/5.9 MB
Progress (1): 1.1/5.9 MB
Progress (1): 1.2/5.9 MB
Progress (1): 1.2/5.9 MB
Progress (1): 1.2/5.9 MB
Progress (1): 1.2/5.9 MB
Progress (1): 1.2/5.9 MB
Progress (1): 1.2/5.9 MB
Progress (1): 1.3/5.9 MB
Progress (1): 1.3/5.9 MB
Progress (1): 1.3/5.9 MB
Progress (1): 1.3/5.9 MB
Progress (1): 1.3/5.9 MB
Progress (1): 1.3/5.9 MB
Progress (1): 1.4/5.9 MB
Progress (1): 1.4/5.9 MB
Progress (1): 1.4/5.9 MB
Progress (1): 1.4/5.9 MB
Progress (1): 1.4/5.9 MB
Progress (1): 1.4/5.9 MB
Progress (2): 1.4/5.9 MB | 7.5/383 kB
Progress (2): 1.4/5.9 MB | 16/383 kB 
Progress (2): 1.5/5.9 MB | 16/383 kB
Progress (2): 1.5/5.9 MB | 16/383 kB
Progress (2): 1.5/5.9 MB | 32/383 kB
Progress (2): 1.5/5.9 MB | 32/383 kB
Progress (2): 1.5/5.9 MB | 48/383 kB
Progress (2): 1.5/5.9 MB | 48/383 kB
Progress (2): 1.5/5.9 MB | 65/383 kB
Progress (2): 1.5/5.9 MB | 65/383 kB
Progress (2): 1.5/5.9 MB | 66/383 kB
Progress (2): 1.5/5.9 MB | 66/383 kB
Progress (2): 1.5/5.9 MB | 82/383 kB
Progress (2): 1.6/5.9 MB | 82/383 kB
Progress (2): 1.6/5.9 MB | 82/383 kB
Progress (2): 1.6/5.9 MB | 98/383 kB
Progress (2): 1.6/5.9 MB | 115/383 kB
Progress (2): 1.6/5.9 MB | 115/383 kB
Progress (2): 1.6/5.9 MB | 131/383 kB
Progress (2): 1.6/5.9 MB | 131/383 kB
Progress (2): 1.6/5.9 MB | 147/383 kB
Progress (2): 1.6/5.9 MB | 147/383 kB
Progress (2): 1.6/5.9 MB | 147/383 kB
Progress (2): 1.6/5.9 MB | 164/383 kB
Progress (2): 1.6/5.9 MB | 164/383 kB
Progress (2): 1.6/5.9 MB | 180/383 kB
Progress (2): 1.7/5.9 MB | 180/383 kB
Progress (2): 1.7/5.9 MB | 180/383 kB
Progress (2): 1.7/5.9 MB | 197/383 kB
Progress (2): 1.7/5.9 MB | 197/383 kB
Progress (2): 1.7/5.9 MB | 213/383 kB
Progress (2): 1.7/5.9 MB | 213/383 kB
Progress (2): 1.7/5.9 MB | 229/383 kB
Progress (2): 1.7/5.9 MB | 229/383 kB
Progress (2): 1.7/5.9 MB | 246/383 kB
Progress (2): 1.7/5.9 MB | 246/383 kB
Progress (2): 1.7/5.9 MB | 262/383 kB
Progress (2): 1.8/5.9 MB | 262/383 kB
Progress (2): 1.8/5.9 MB | 279/383 kB
Progress (2): 1.8/5.9 MB | 295/383 kB
Progress (2): 1.8/5.9 MB | 295/383 kB
Progress (2): 1.8/5.9 MB | 311/383 kB
Progress (2): 1.8/5.9 MB | 311/383 kB
Progress (2): 1.8/5.9 MB | 328/383 kB
Progress (2): 1.8/5.9 MB | 328/383 kB
Progress (2): 1.8/5.9 MB | 344/383 kB
Progress (2): 1.8/5.9 MB | 344/383 kB
Progress (2): 1.8/5.9 MB | 360/383 kB
Progress (2): 1.8/5.9 MB | 360/383 kB
Progress (2): 1.9/5.9 MB | 360/383 kB
Progress (2): 1.9/5.9 MB | 360/383 kB
Progress (2): 1.9/5.9 MB | 360/383 kB
Progress (2): 1.9/5.9 MB | 360/383 kB
Progress (2): 1.9/5.9 MB | 360/383 kB
Progress (2): 1.9/5.9 MB | 360/383 kB
Progress (2): 1.9/5.9 MB | 377/383 kB
Progress (2): 2.0/5.9 MB | 377/383 kB
Progress (2): 2.0/5.9 MB | 383 kB    
Progress (2): 2.0/5.9 MB | 383 kB
Progress (2): 2.0/5.9 MB | 383 kB
Progress (2): 2.0/5.9 MB | 383 kB
Progress (2): 2.0/5.9 MB | 383 kB
Progress (2): 2.0/5.9 MB | 383 kB
Progress (2): 2.1/5.9 MB | 383 kB
Progress (2): 2.1/5.9 MB | 383 kB
Progress (2): 2.1/5.9 MB | 383 kB
Progress (2): 2.1/5.9 MB | 383 kB
Progress (2): 2.1/5.9 MB | 383 kB
Progress (2): 2.1/5.9 MB | 383 kB
Progress (2): 2.2/5.9 MB | 383 kB
Progress (2): 2.2/5.9 MB | 383 kB
Progress (2): 2.2/5.9 MB | 383 kB
Progress (2): 2.2/5.9 MB | 383 kB
Progress (2): 2.2/5.9 MB | 383 kB
Progress (2): 2.2/5.9 MB | 383 kB
Progress (2): 2.2/5.9 MB | 383 kB
Progress (2): 2.3/5.9 MB | 383 kB
Progress (2): 2.3/5.9 MB | 383 kB
Progress (2): 2.3/5.9 MB | 383 kB
Progress (2): 2.3/5.9 MB | 383 kB
Progress (2): 2.3/5.9 MB | 383 kB
Progress (2): 2.3/5.9 MB | 383 kB
Progress (2): 2.4/5.9 MB | 383 kB
Progress (2): 2.4/5.9 MB | 383 kB
Progress (2): 2.4/5.9 MB | 383 kB
Progress (2): 2.4/5.9 MB | 383 kB
Progress (2): 2.4/5.9 MB | 383 kB
Progress (2): 2.4/5.9 MB | 383 kB
Progress (2): 2.5/5.9 MB | 383 kB
Progress (2): 2.5/5.9 MB | 383 kB
Progress (2): 2.5/5.9 MB | 383 kB
Progress (2): 2.5/5.9 MB | 383 kB
Progress (2): 2.5/5.9 MB | 383 kB
Progress (2): 2.5/5.9 MB | 383 kB
Progress (2): 2.6/5.9 MB | 383 kB
Progress (2): 2.6/5.9 MB | 383 kB
Progress (2): 2.6/5.9 MB | 383 kB
Progress (2): 2.6/5.9 MB | 383 kB
Progress (2): 2.6/5.9 MB | 383 kB
Progress (2): 2.6/5.9 MB | 383 kB
Progress (2): 2.7/5.9 MB | 383 kB
                                 
Downloaded from wso2-m2: https://maven.wso2.org/nexus/content/groups/wso2-public/junit/junit/4.13.1/junit-4.13.1.jar (383 kB at 501 kB/s)
Progress (1): 2.7/5.9 MB
                        
Downloading from wso2-m2: https://maven.wso2.org/nexus/content/groups/wso2-public/org/apache/directory/shared/shared-asn1/0.9.11/shared-asn1-0.9.11.jar
Progress (1): 2.7/5.9 MB
Progress (1): 2.7/5.9 MB
Progress (1): 2.7/5.9 MB
Progress (1): 2.7/5.9 MB
Progress (1): 2.8/5.9 MB
Progress (1): 2.8/5.9 MB
Progress (1): 2.8/5.9 MB
Progress (1): 2.8/5.9 MB
Progress (1): 2.8/5.9 MB
Progress (1): 2.8/5.9 MB
Progress (1): 2.9/5.9 MB
Progress (1): 2.9/5.9 MB
Progress (1): 2.9/5.9 MB
Progress (1): 2.9/5.9 MB
Progress (1): 2.9/5.9 MB
Progress (1): 2.9/5.9 MB
Progress (1): 3.0/5.9 MB
Progress (1): 3.0/5.9 MB
Progress (1): 3.0/5.9 MB
Progress (1): 3.0/5.9 MB
Progress (1): 3.0/5.9 MB
Progress (1): 3.0/5.9 MB
Progress (1): 3.0/5.9 MB
Progress (1): 3.1/5.9 MB
Progress (1): 3.1/5.9 MB
Progress (1): 3.1/5.9 MB
Progress (1): 3.1/5.9 MB
Progress (1): 3.1/5.9 MB
Progress (1): 3.1/5.9 MB
Progress (1): 3.2/5.9 MB
Progress (1): 3.2/5.9 MB
Progress (1): 3.2/5.9 MB
Progress (1): 3.2/5.9 MB
Progress (1): 3.2/5.9 MB
Progress (1): 3.2/5.9 MB
Progress (1): 3.3/5.9 MB
Progress (1): 3.3/5.9 MB
Progress (1): 3.3/5.9 MB
Progress (1): 3.3/5.9 MB
Progress (1): 3.3/5.9 MB
Progress (1): 3.3/5.9 MB
Progress (1): 3.4/5.9 MB
Progress (1): 3.4/5.9 MB
Progress (1): 3.4/5.9 MB
Progress (1): 3.4/5.9 MB
Progress (1): 3.4/5.9 MB
Progress (1): 3.4/5.9 MB
Progress (1): 3.5/5.9 MB
Progress (1): 3.5/5.9 MB
Progress (1): 3.5/5.9 MB
Progress (1): 3.5/5.9 MB
Progress (1): 3.5/5.9 MB
Progress (1): 3.5/5.9 MB
Progress (1): 3.6/5.9 MB
Progress (1): 3.6/5.9 MB
Progress (1): 3.6/5.9 MB
Progress (1): 3.6/5.9 MB
Progress (1): 3.6/5.9 MB
Progress (1): 3.6/5.9 MB
Progress (1): 3.7/5.9 MB
Progress (1): 3.7/5.9 MB
Progress (1): 3.7/5.9 MB
Progress (1): 3.7/5.9 MB
Progress (1): 3.7/5.9 MB
Progress (1): 3.7/5.9 MB
Progress (1): 3.8/5.9 MB
Progress (1): 3.8/5.9 MB
Progress (1): 3.8/5.9 MB
Progress (1): 3.8/5.9 MB
Progress (1): 3.8/5.9 MB
Progress (1): 3.8/5.9 MB
Progress (1): 3.8/5.9 MB
Progress (1): 3.9/5.9 MB
Progress (1): 3.9/5.9 MB
Progress (1): 3.9/5.9 MB
Progress (1): 3.9/5.9 MB
Progress (1): 3.9/5.9 MB
Progress (1): 3.9/5.9 MB
Progress (1): 4.0/5.9 MB
Progress (1): 4.0/5.9 MB
Progress (1): 4.0/5.9 MB
Progress (1): 4.0/5.9 MB
Progress (1): 4.0/5.9 MB
Progress (1): 4.0/5.9 MB
Progress (1): 4.1/5.9 MB
Progress (1): 4.1/5.9 MB
Progress (1): 4.1/5.9 MB
Progress (1): 4.1/5.9 MB
Progress (1): 4.1/5.9 MB
Progress (1): 4.1/5.9 MB
Progress (1): 4.2/5.9 MB
Progress (1): 4.2/5.9 MB
Progress (1): 4.2/5.9 MB
Progress (1): 4.2/5.9 MB
Progress (1): 4.2/5.9 MB
Progress (1): 4.2/5.9 MB
Progress (1): 4.3/5.9 MB
Progress (1): 4.3/5.9 MB
Progress (1): 4.3/5.9 MB
Progress (1): 4.3/5.9 MB
Progress (1): 4.3/5.9 MB
Progress (1): 4.3/5.9 MB
Progress (1): 4.4/5.9 MB
Progress (1): 4.4/5.9 MB
Progress (1): 4.4/5.9 MB
Progress (1): 4.4/5.9 MB
Progress (1): 4.4/5.9 MB
Progress (1): 4.4/5.9 MB
Progress (1): 4.5/5.9 MB
Progress (1): 4.5/5.9 MB
Progress (1): 4.5/5.9 MB
Progress (1): 4.5/5.9 MB
Progress (1): 4.5/5.9 MB
Progress (1): 4.5/5.9 MB
Progress (1): 4.6/5.9 MB
Progress (1): 4.6/5.9 MB
Progress (1): 4.6/5.9 MB
Progress (1): 4.6/5.9 MB
Progress (1): 4.6/5.9 MB
Progress (1): 4.6/5.9 MB
Progress (1): 4.7/5.9 MB
Progress (1): 4.7/5.9 MB
Progress (1): 4.7/5.9 MB
Progress (1): 4.7/5.9 MB
Progress (1): 4.7/5.9 MB
Progress (1): 4.7/5.9 MB
Progress (1): 4.8/5.9 MB
Progress (1): 4.8/5.9 MB
Progress (1): 4.8/5.9 MB
Progress (1): 4.8/5.9 MB
Progress (1): 4.8/5.9 MB
Progress (1): 4.8/5.9 MB
Progress (1): 4.8/5.9 MB
Progress (1): 4.9/5.9 MB
Progress (1): 4.9/5.9 MB
Progress (1): 4.9/5.9 MB
Progress (1): 4.9/5.9 MB
Progress (1): 4.9/5.9 MB
Progress (1): 4.9/5.9 MB
Progress (1): 5.0/5.9 MB
Progress (1): 5.0/5.9 MB
Progress (1): 5.0/5.9 MB
Progress (1): 5.0/5.9 MB
Progress (1): 5.0/5.9 MB
Progress (1): 5.0/5.9 MB
Progress (1): 5.1/5.9 MB
Progress (1): 5.1/5.9 MB
Progress (1): 5.1/5.9 MB
Progress (1): 5.1/5.9 MB
Progress (1): 5.1/5.9 MB
Progress (1): 5.1/5.9 MB
Progress (1): 5.2/5.9 MB
Progress (1): 5.2/5.9 MB
Progress (1): 5.2/5.9 MB
Progress (1): 5.2/5.9 MB
Progress (2): 5.2/5.9 MB | 7.6/33 kB
Progress (2): 5.2/5.9 MB | 7.6/33 kB
Progress (2): 5.2/5.9 MB | 7.6/33 kB
Progress (2): 5.3/5.9 MB | 7.6/33 kB
Progress (2): 5.3/5.9 MB | 7.6/33 kB
Progress (2): 5.3/5.9 MB | 7.6/33 kB
Progress (2): 5.3/5.9 MB | 12/33 kB 
Progress (2): 5.3/5.9 MB | 12/33 kB
Progress (2): 5.3/5.9 MB | 12/33 kB
Progress (2): 5.3/5.9 MB | 12/33 kB
Progress (2): 5.4/5.9 MB | 12/33 kB
Progress (2): 5.4/5.9 MB | 12/33 kB
Progress (2): 5.4/5.9 MB | 12/33 kB
Progress (2): 5.4/5.9 MB | 12/33 kB
Progress (2): 5.4/5.9 MB | 12/33 kB
Progress (2): 5.4/5.9 MB | 12/33 kB
Progress (2): 5.5/5.9 MB | 12/33 kB
Progress (2): 5.5/5.9 MB | 12/33 kB
Progress (2): 5.5/5.9 MB | 12/33 kB
Progress (2): 5.5/5.9 MB | 12/33 kB
Progress (2): 5.5/5.9 MB | 12/33 kB
Progress (2): 5.5/5.9 MB | 12/33 kB
Progress (2): 5.6/5.9 MB | 12/33 kB
Progress (2): 5.6/5.9 MB | 12/33 kB
Progress (2): 5.6/5.9 MB | 12/33 kB
Progress (2): 5.6/5.9 MB | 12/33 kB
Progress (2): 5.6/5.9 MB | 12/33 kB
Progress (2): 5.6/5.9 MB | 12/33 kB
Progress (2): 5.6/5.9 MB | 12/33 kB
Progress (2): 5.7/5.9 MB | 12/33 kB
Progress (3): 5.7/5.9 MB | 12/33 kB | 0/1.1 MB
Progress (3): 5.7/5.9 MB | 12/33 kB | 0/1.1 MB
Progress (3): 5.7/5.9 MB | 12/33 kB | 0/1.1 MB
Progress (3): 5.7/5.9 MB | 12/33 kB | 0/1.1 MB
Progress (3): 5.7/5.9 MB | 12/33 kB | 0/1.1 MB
Progress (4): 5.7/5.9 MB | 12/33 kB | 0/1.1 MB | 8.2/208 kB
Progress (4): 5.7/5.9 MB | 12/33 kB | 0/1.1 MB | 8.2/208 kB
Progress (4): 5.7/5.9 MB | 12/33 kB | 0/1.1 MB | 8.2/208 kB
Progress (4): 5.7/5.9 MB | 12/33 kB | 0/1.1 MB | 16/208 kB 
Progress (4): 5.7/5.9 MB | 12/33 kB | 0/1.1 MB | 16/208 kB
Progress (4): 5.8/5.9 MB | 12/33 kB | 0/1.1 MB | 16/208 kB
Progress (4): 5.8/5.9 MB | 12/33 kB | 0/1.1 MB | 16/208 kB
Progress (4): 5.8/5.9 MB | 12/33 kB | 0/1.1 MB | 33/208 kB
Progress (4): 5.8/5.9 MB | 12/33 kB | 0/1.1 MB | 33/208 kB
Progress (4): 5.8/5.9 MB | 12/33 kB | 0.1/1.1 MB | 33/208 kB
Progress (4): 5.8/5.9 MB | 12/33 kB | 0.1/1.1 MB | 33/208 kB
Progress (4): 5.8/5.9 MB | 12/33 kB | 0.1/1.1 MB | 49/208 kB
Progress (4): 5.8/5.9 MB | 12/33 kB | 0.1/1.1 MB | 49/208 kB
Progress (4): 5.8/5.9 MB | 12/33 kB | 0.1/1.1 MB | 49/208 kB
Progress (4): 5.8/5.9 MB | 12/33 kB | 0.1/1.1 MB | 66/208 kB
Progress (4): 5.8/5.9 MB | 12/33 kB | 0.1/1.1 MB | 82/208 kB
Progress (4): 5.8/5.9 MB | 12/33 kB | 0.1/1.1 MB | 82/208 kB
Progress (4): 5.8/5.9 MB | 20/33 kB | 0.1/1.1 MB | 82/208 kB
Progress (4): 5.8/5.9 MB | 20/33 kB | 0.1/1.1 MB | 86/208 kB
Progress (4): 5.8/5.9 MB | 20/33 kB | 0.1/1.1 MB | 86/208 kB
Progress (4): 5.8/5.9 MB | 20/33 kB | 0.1/1.1 MB | 86/208 kB
Progress (4): 5.8/5.9 MB | 20/33 kB | 0.1/1.1 MB | 102/208 kB
Progress (4): 5.8/5.9 MB | 33 kB | 0.1/1.1 MB | 102/208 kB   
Progress (4): 5.8/5.9 MB | 33 kB | 0.1/1.1 MB | 102/208 kB
Progress (4): 5.8/5.9 MB | 33 kB | 0.1/1.1 MB | 102/208 kB
Progress (4): 5.8/5.9 MB | 33 kB | 0.1/1.1 MB | 110/208 kB
Progress (4): 5.8/5.9 MB | 33 kB | 0.1/1.1 MB | 110/208 kB
Progress (4): 5.8/5.9 MB | 33 kB | 0.1/1.1 MB | 110/208 kB
Progress (4): 5.8/5.9 MB | 33 kB | 0.1/1.1 MB | 127/208 kB
Progress (4): 5.8/5.9 MB | 33 kB | 0.2/1.1 MB | 127/208 kB
Progress (4): 5.8/5.9 MB | 33 kB | 0.2/1.1 MB | 135/208 kB
Progress (4): 5.9/5.9 MB | 33 kB | 0.2/1.1 MB | 135/208 kB
Progress (4): 5.9/5.9 MB | 33 kB | 0.2/1.1 MB | 139/208 kB
Progress (4): 5.9 MB | 33 kB | 0.2/1.1 MB | 139/208 kB    
Progress (4): 5.9 MB | 33 kB | 0.2/1.1 MB | 139/208 kB
Progress (4): 5.9 MB | 33 kB | 0.2/1.1 MB | 156/208 kB
Progress (4): 5.9 MB | 33 kB | 0.2/1.1 MB | 156/208 kB
Progress (4): 5.9 MB | 33 kB | 0.2/1.1 MB | 168/208 kB
Progress (4): 5.9 MB | 33 kB | 0.2/1.1 MB | 176/208 kB
Progress (4): 5.9 MB | 33 kB | 0.2/1.1 MB | 193/208 kB
Progress (4): 5.9 MB | 33 kB | 0.2/1.1 MB | 193/208 kB
Progress (4): 5.9 MB | 33 kB | 0.2/1.1 MB | 208 kB    
Progress (4): 5.9 MB | 33 kB | 0.2/1.1 MB | 208 kB
Progress (4): 5.9 MB | 33 kB | 0.2/1.1 MB | 208 kB
Progress (4): 5.9 MB | 33 kB | 0.3/1.1 MB | 208 kB
Progress (4): 5.9 MB | 33 kB | 0.3/1.1 MB | 208 kB
Progress (4): 5.9 MB | 33 kB | 0.3/1.1 MB | 208 kB
Progress (4): 5.9 MB | 33 kB | 0.3/1.1 MB | 208 kB
Progress (4): 5.9 MB | 33 kB | 0.3/1.1 MB | 208 kB
Progress (4): 5.9 MB | 33 kB | 0.3/1.1 MB | 208 kB
Progress (4): 5.9 MB | 33 kB | 0.4/1.1 MB | 208 kB
Progress (4): 5.9 MB | 33 kB | 0.4/1.1 MB | 208 kB
Progress (4): 5.9 MB | 33 kB | 0.4/1.1 MB | 208 kB
Progress (4): 5.9 MB | 33 kB | 0.4/1.1 MB | 208 kB
Progress (4): 5.9 MB | 33 kB | 0.4/1.1 MB | 208 kB
Progress (4): 5.9 MB | 33 kB | 0.4/1.1 MB | 208 kB
Progress (4): 5.9 MB | 33 kB | 0.5/1.1 MB | 208 kB
Progress (4): 5.9 MB | 33 kB | 0.5/1.1 MB | 208 kB
Progress (4): 5.9 MB | 33 kB | 0.5/1.1 MB | 208 kB
Progress (4): 5.9 MB | 33 kB | 0.5/1.1 MB | 208 kB
Progress (4): 5.9 MB | 33 kB | 0.5/1.1 MB | 208 kB
Progress (4): 5.9 MB | 33 kB | 0.5/1.1 MB | 208 kB
Progress (4): 5.9 MB | 33 kB | 0.6/1.1 MB | 208 kB
Progress (4): 5.9 MB | 33 kB | 0.6/1.1 MB | 208 kB
Progress (4): 5.9 MB | 33 kB | 0.6/1.1 MB | 208 kB
Progress (4): 5.9 MB | 33 kB | 0.6/1.1 MB | 208 kB
Progress (4): 5.9 MB | 33 kB | 0.6/1.1 MB | 208 kB
Progress (4): 5.9 MB | 33 kB | 0.6/1.1 MB | 208 kB
Progress (4): 5.9 MB | 33 kB | 0.7/1.1 MB | 208 kB
Progress (4): 5.9 MB | 33 kB | 0.7/1.1 MB | 208 kB
Progress (4): 5.9 MB | 33 kB | 0.7/1.1 MB | 208 kB
Progress (4): 5.9 MB | 33 kB | 0.7/1.1 MB | 208 kB
                                                  
Downloaded from wso2-m2: https://maven.wso2.org/nexus/content/groups/wso2-public/org/apache/axis2/addressing/1.7.9/addressing-1.7.9.mar (33 kB at 39 kB/s)
Downloading from wso2-m2: https://maven.wso2.org/nexus/content/groups/wso2-public/org/apache/directory/shared/shared-ldap-constants/0.9.11/shared-ldap-constants-0.9.11.jar
Progress (3): 5.9 MB | 0.7/1.1 MB | 208 kB
Progress (3): 5.9 MB | 0.7/1.1 MB | 208 kB
Progress (3): 5.9 MB | 0.8/1.1 MB | 208 kB
Progress (3): 5.9 MB | 0.8/1.1 MB | 208 kB
Progress (3): 5.9 MB | 0.8/1.1 MB | 208 kB
Progress (3): 5.9 MB | 0.8/1.1 MB | 208 kB
Progress (3): 5.9 MB | 0.8/1.1 MB | 208 kB
Progress (3): 5.9 MB | 0.8/1.1 MB | 208 kB
Progress (3): 5.9 MB | 0.9/1.1 MB | 208 kB
Progress (3): 5.9 MB | 0.9/1.1 MB | 208 kB
Progress (3): 5.9 MB | 0.9/1.1 MB | 208 kB
Progress (3): 5.9 MB | 0.9/1.1 MB | 208 kB
Progress (3): 5.9 MB | 0.9/1.1 MB | 208 kB
                                          
Downloaded from wso2-m2: https://maven.wso2.org/nexus/content/groups/wso2-public/org/apache/axis2/axis2-transport-testkit/1.7.9/axis2-transport-testkit-1.7.9.jar (208 kB at 247 kB/s)
Downloading from wso2-m2: https://maven.wso2.org/nexus/content/groups/wso2-public/org/slf4j/slf4j-api/1.4.3/slf4j-api-1.4.3.jar
Progress (2): 5.9 MB | 0.9/1.1 MB
Progress (2): 5.9 MB | 1.0/1.1 MB
Progress (2): 5.9 MB | 1.0/1.1 MB
Progress (2): 5.9 MB | 1.0/1.1 MB
Progress (2): 5.9 MB | 1.0/1.1 MB
Progress (2): 5.9 MB | 1.0/1.1 MB
Progress (2): 5.9 MB | 1.0/1.1 MB
Progress (2): 5.9 MB | 1.0/1.1 MB
Progress (2): 5.9 MB | 1.1/1.1 MB
Progress (2): 5.9 MB | 1.1/1.1 MB
Progress (2): 5.9 MB | 1.1/1.1 MB
Progress (2): 5.9 MB | 1.1/1.1 MB
Progress (2): 5.9 MB | 1.1 MB    
                             
Downloaded from wso2-m2: https://maven.wso2.org/nexus/content/groups/wso2-public/org/apache/directory/shared/shared-ldap/0.9.11/shared-ldap-0.9.11.jar (1.1 MB at 1.3 MB/s)
Downloading from wso2-m2: https://maven.wso2.org/nexus/content/groups/wso2-public/org/slf4j/slf4j-log4j12/1.3.0/slf4j-log4j12-1.3.0.jar
Progress (2): 5.9 MB | 7.5/94 kB
Progress (2): 5.9 MB | 16/94 kB 
Progress (2): 5.9 MB | 25/94 kB
Progress (2): 5.9 MB | 41/94 kB
Progress (2): 5.9 MB | 57/94 kB
Progress (2): 5.9 MB | 74/94 kB
Progress (2): 5.9 MB | 90/94 kB
Progress (2): 5.9 MB | 94 kB   
                            
Downloaded from wso2-m2: https://maven.wso2.org/nexus/content/groups/wso2-public/org/bouncycastle/bcprov-jdk15on/1.70/bcprov-jdk15on-1.70.jar (5.9 MB at 6.8 MB/s)
Downloading from wso2-m2: https://maven.wso2.org/nexus/content/groups/wso2-public/org/aspectj/aspectjrt/1.8.2/aspectjrt-1.8.2.jar
Downloaded from wso2-m2: https://maven.wso2.org/nexus/content/groups/wso2-public/org/apache/directory/shared/shared-asn1/0.9.11/shared-asn1-0.9.11.jar (94 kB at 107 kB/s)
Downloading from wso2-m2: https://maven.wso2.org/nexus/content/groups/wso2-public/jetty/jetty/5.1.10/jetty-5.1.10.jar
Progress (1): 7.5/16 kB
Progress (1): 16/16 kB 
Progress (1): 16 kB   
                   
Downloaded from wso2-m2: https://maven.wso2.org/nexus/content/groups/wso2-public/org/apache/directory/shared/shared-ldap-constants/0.9.11/shared-ldap-constants-0.9.11.jar (16 kB at 17 kB/s)
Downloading from wso2-m2: https://maven.wso2.org/nexus/content/groups/wso2-public/org/apache/geronimo/specs/geronimo-javamail_1.4_spec/1.6/geronimo-javamail_1.4_spec-1.6.jar
Progress (1): 3.6/6.9 kB
Progress (1): 6.9 kB    
                    
Downloaded from wso2-m2: https://maven.wso2.org/nexus/content/groups/wso2-public/org/slf4j/slf4j-log4j12/1.3.0/slf4j-log4j12-1.3.0.jar (6.9 kB at 7.3 kB/s)
Progress (1): 16/677 kB
Progress (1): 25/677 kB
Progress (1): 33/677 kB
Progress (1): 49/677 kB
Progress (1): 66/677 kB
Progress (1): 82/677 kB
Progress (2): 82/677 kB | 8.2/117 kB
Progress (2): 98/677 kB | 8.2/117 kB
Progress (2): 98/677 kB | 12/117 kB 
Progress (2): 115/677 kB | 12/117 kB
Progress (2): 131/677 kB | 12/117 kB
Progress (2): 147/677 kB | 12/117 kB
Progress (2): 164/677 kB | 12/117 kB
Progress (2): 180/677 kB | 12/117 kB
Progress (2): 197/677 kB | 12/117 kB
Progress (2): 213/677 kB | 12/117 kB
Progress (2): 229/677 kB | 12/117 kB
Progress (2): 246/677 kB | 12/117 kB
Progress (2): 262/677 kB | 12/117 kB
Progress (2): 279/677 kB | 12/117 kB
Progress (2): 279/677 kB | 20/117 kB
Progress (2): 295/677 kB | 20/117 kB
Progress (2): 295/677 kB | 37/117 kB
Progress (2): 311/677 kB | 37/117 kB
Progress (2): 311/677 kB | 41/117 kB
Progress (2): 328/677 kB | 41/117 kB
Progress (2): 344/677 kB | 41/117 kB
Progress (2): 360/677 kB | 41/117 kB
Progress (2): 377/677 kB | 41/117 kB
Progress (2): 393/677 kB | 41/117 kB
Progress (2): 410/677 kB | 41/117 kB
Progress (2): 426/677 kB | 41/117 kB
Progress (2): 442/677 kB | 41/117 kB
Progress (2): 459/677 kB | 41/117 kB
Progress (2): 475/677 kB | 41/117 kB
Progress (2): 492/677 kB | 41/117 kB
Progress (2): 508/677 kB | 41/117 kB
Progress (2): 524/677 kB | 41/117 kB
Progress (2): 541/677 kB | 41/117 kB
Progress (2): 557/677 kB | 41/117 kB
Progress (2): 573/677 kB | 41/117 kB
Progress (2): 590/677 kB | 41/117 kB
Progress (2): 606/677 kB | 41/117 kB
Progress (2): 623/677 kB | 41/117 kB
Progress (2): 639/677 kB | 41/117 kB
Progress (2): 655/677 kB | 41/117 kB
Progress (2): 672/677 kB | 41/117 kB
Progress (2): 672/677 kB | 49/117 kB
Progress (2): 677 kB | 49/117 kB    
Progress (2): 677 kB | 66/117 kB
Progress (3): 677 kB | 66/117 kB | 8.2/205 kB
Progress (3): 677 kB | 82/117 kB | 8.2/205 kB
Progress (3): 677 kB | 82/117 kB | 25/205 kB 
Progress (3): 677 kB | 82/117 kB | 41/205 kB
Progress (3): 677 kB | 98/117 kB | 41/205 kB
Progress (3): 677 kB | 98/117 kB | 57/205 kB
Progress (3): 677 kB | 98/117 kB | 66/205 kB
Progress (3): 677 kB | 98/117 kB | 82/205 kB
Progress (3): 677 kB | 98/117 kB | 98/205 kB
Progress (3): 677 kB | 98/117 kB | 115/205 kB
Progress (3): 677 kB | 98/117 kB | 131/205 kB
Progress (3): 677 kB | 106/117 kB | 131/205 kB
Progress (3): 677 kB | 106/117 kB | 147/205 kB
Progress (3): 677 kB | 106/117 kB | 164/205 kB
Progress (3): 677 kB | 117 kB | 164/205 kB    
Progress (3): 677 kB | 117 kB | 168/205 kB
Progress (3): 677 kB | 117 kB | 184/205 kB
Progress (3): 677 kB | 117 kB | 200/205 kB
Progress (3): 677 kB | 117 kB | 205 kB    
                                      
Downloaded from wso2-m2: https://maven.wso2.org/nexus/content/groups/wso2-public/jetty/jetty/5.1.10/jetty-5.1.10.jar (677 kB at 679 kB/s)
Downloaded from wso2-m2: https://maven.wso2.org/nexus/content/groups/wso2-public/org/aspectj/aspectjrt/1.8.2/aspectjrt-1.8.2.jar (117 kB at 117 kB/s)
Downloaded from wso2-m2: https://maven.wso2.org/nexus/content/groups/wso2-public/org/apache/geronimo/specs/geronimo-javamail_1.4_spec/1.6/geronimo-javamail_1.4_spec-1.6.jar (205 kB at 205 kB/s)
Progress (1): 8.2/15 kB
Progress (1): 15 kB    
                   
Downloaded from wso2-m2: https://maven.wso2.org/nexus/content/groups/wso2-public/org/slf4j/slf4j-api/1.4.3/slf4j-api-1.4.3.jar (15 kB at 14 kB/s)
Downloading from apache.snapshots: https://repository.apache.org/snapshots/org/apache/synapse/synapse-commons/3.0.3-SNAPSHOT/synapse-commons-3.0.3-SNAPSHOT.jar
[INFO] ------------------------------------------------------------------------
[INFO] BUILD FAILURE
[INFO] ------------------------------------------------------------------------
[INFO] Total time:  14.188 s
[INFO] Finished at: 2026-02-24T21:28:04-05:00
[INFO] ------------------------------------------------------------------------
[ERROR] Failed to execute goal on project synapse-nhttp-transport: Could not resolve dependencies for project org.apache.synapse:synapse-nhttp-transport:bundle:3.0.3-SNAPSHOT
[ERROR] dependency: org.apache.synapse:synapse-commons:jar:3.0.3-SNAPSHOT (compile)
[ERROR] 	Could not find artifact org.apache.synapse:synapse-commons:jar:3.0.3-SNAPSHOT in apache.snapshots (https://repository.apache.org/snapshots)
[ERROR] 
[ERROR] -> [Help 1]
[ERROR] 
[ERROR] To see the full stack trace of the errors, re-run Maven with the -e switch.
[ERROR] Re-run Maven using the -X switch to enable full debug logging.
[ERROR] 
[ERROR] For more information about the errors and possible solutions, please read the following articles:
[ERROR] [Help 1] http://cwiki.apache.org/confluence/display/MAVEN/DependencyResolutionException

STDERR:
