COMMAND: mvn.cmd -U -s D:\Khedma\Mr wiem\mutation-test-pipeline\target-repos\206366\.mvn\settings.xml -DskipTests compile

STDOUT:
[INFO] Scanning for projects...
Downloading from central-https: https://repo1.maven.org/maven2/org/apache/apache/9/apache-9.pom
Progress (1): 753 B
Progress (1): 1.6 kB
Progress (1): 3.1 kB
Progress (1): 5.2 kB
Progress (1): 8.4 kB
Progress (1): 12 kB 
Progress (1): 15 kB
                   
Downloaded from central-https: https://repo1.maven.org/maven2/org/apache/apache/9/apache-9.pom (15 kB at 52 kB/s)
Downloading from central-https: https://repo1.maven.org/maven2/org/apache/felix/maven-bundle-plugin/2.3.5/maven-bundle-plugin-2.3.5.pom
Progress (1): 822 B
Progress (1): 1.6 kB
Progress (1): 4.0 kB
                    
Downloaded from central-https: https://repo1.maven.org/maven2/org/apache/felix/maven-bundle-plugin/2.3.5/maven-bundle-plugin-2.3.5.pom (4.0 kB at 74 kB/s)
Downloading from central-https: https://repo1.maven.org/maven2/org/apache/felix/felix-parent/2.1/felix-parent-2.1.pom
Progress (1): 797 B
Progress (1): 1.8 kB
Progress (1): 4.3 kB
Progress (1): 8.0 kB
Progress (1): 9.7 kB
                    
Downloaded from central-https: https://repo1.maven.org/maven2/org/apache/felix/felix-parent/2.1/felix-parent-2.1.pom (9.7 kB at 161 kB/s)
Downloading from central-https: https://repo1.maven.org/maven2/org/apache/felix/org.apache.felix.bundlerepository/1.6.6/org.apache.felix.bundlerepository-1.6.6.pom
Progress (1): 804 B
Progress (1): 2.0 kB
Progress (1): 4.8 kB
Progress (1): 5.9 kB
                    
Downloaded from central-https: https://repo1.maven.org/maven2/org/apache/felix/org.apache.felix.bundlerepository/1.6.6/org.apache.felix.bundlerepository-1.6.6.pom (5.9 kB at 118 kB/s)
Downloading from central-https: https://repo1.maven.org/maven2/org/apache/maven/maven-core/2.0.7/maven-core-2.0.7.pom
Progress (1): 771 B
Progress (1): 1.9 kB
Progress (1): 6.5 kB
Progress (1): 6.7 kB
                    
Downloaded from central-https: https://repo1.maven.org/maven2/org/apache/maven/maven-core/2.0.7/maven-core-2.0.7.pom (6.7 kB at 121 kB/s)
Downloading from central-https: https://repo1.maven.org/maven2/org/apache/maven/maven/2.0.7/maven-2.0.7.pom
Progress (1): 779 B
Progress (1): 1.6 kB
Progress (1): 3.7 kB
Progress (1): 8.9 kB
Progress (1): 11 kB 
                   
Downloaded from central-https: https://repo1.maven.org/maven2/org/apache/maven/maven/2.0.7/maven-2.0.7.pom (11 kB at 220 kB/s)
Downloading from central-https: https://repo1.maven.org/maven2/org/apache/maven/maven-parent/5/maven-parent-5.pom
Progress (1): 755 B
Progress (1): 1.7 kB
Progress (1): 4.1 kB
Progress (1): 8.7 kB
Progress (1): 10 kB 
Progress (1): 14 kB
Progress (1): 15 kB
                   
Downloaded from central-https: https://repo1.maven.org/maven2/org/apache/maven/maven-parent/5/maven-parent-5.pom (15 kB at 299 kB/s)
Downloading from central-https: https://repo1.maven.org/maven2/org/apache/apache/3/apache-3.pom
Progress (1): 812 B
Progress (1): 1.7 kB
Progress (1): 3.4 kB
                    
Downloaded from central-https: https://repo1.maven.org/maven2/org/apache/apache/3/apache-3.pom (3.4 kB at 73 kB/s)
Downloading from central-https: https://repo1.maven.org/maven2/org/apache/maven/maven-settings/2.0.7/maven-settings-2.0.7.pom
Progress (1): 830 B
Progress (1): 2.0 kB
                    
Downloaded from central-https: https://repo1.maven.org/maven2/org/apache/maven/maven-settings/2.0.7/maven-settings-2.0.7.pom (2.0 kB at 38 kB/s)
Downloading from central-https: https://repo1.maven.org/maven2/org/apache/maven/maven-model/2.0.7/maven-model-2.0.7.pom
Progress (1): 814 B
Progress (1): 2.1 kB
Progress (1): 3.0 kB
                    
Downloaded from central-https: https://repo1.maven.org/maven2/org/apache/maven/maven-model/2.0.7/maven-model-2.0.7.pom (3.0 kB at 44 kB/s)
Downloading from central-https: https://repo1.maven.org/maven2/org/apache/maven/maven-plugin-parameter-documenter/2.0.7/maven-plugin-parameter-documenter-2.0.7.pom
Progress (1): 830 B
Progress (1): 1.9 kB
                    
Downloaded from central-https: https://repo1.maven.org/maven2/org/apache/maven/maven-plugin-parameter-documenter/2.0.7/maven-plugin-parameter-documenter-2.0.7.pom (1.9 kB at 34 kB/s)
Downloading from central-https: https://repo1.maven.org/maven2/org/apache/maven/reporting/maven-reporting-api/2.0.7/maven-reporting-api-2.0.7.pom
Progress (1): 830 B
Progress (1): 1.8 kB
                    
Downloaded from central-https: https://repo1.maven.org/maven2/org/apache/maven/reporting/maven-reporting-api/2.0.7/maven-reporting-api-2.0.7.pom (1.8 kB at 18 kB/s)
Downloading from central-https: https://repo1.maven.org/maven2/org/apache/maven/reporting/maven-reporting/2.0.7/maven-reporting-2.0.7.pom
Progress (1): 835 B
Progress (1): 1.4 kB
                    
Downloaded from central-https: https://repo1.maven.org/maven2/org/apache/maven/reporting/maven-reporting/2.0.7/maven-reporting-2.0.7.pom (1.4 kB at 16 kB/s)
Downloading from central-https: https://repo1.maven.org/maven2/org/apache/maven/doxia/doxia-sink-api/1.0-alpha-7/doxia-sink-api-1.0-alpha-7.pom
Progress (1): 424 B
                   
Downloaded from central-https: https://repo1.maven.org/maven2/org/apache/maven/doxia/doxia-sink-api/1.0-alpha-7/doxia-sink-api-1.0-alpha-7.pom (424 B at 10 kB/s)
Downloading from central-https: https://repo1.maven.org/maven2/org/apache/maven/doxia/doxia/1.0-alpha-7/doxia-1.0-alpha-7.pom
Progress (1): 1.6 kB
Progress (1): 3.3 kB
Progress (1): 3.9 kB
                    
Downloaded from central-https: https://repo1.maven.org/maven2/org/apache/maven/doxia/doxia/1.0-alpha-7/doxia-1.0-alpha-7.pom (3.9 kB at 66 kB/s)
Downloading from central-https: https://repo1.maven.org/maven2/org/apache/maven/maven-profile/2.0.7/maven-profile-2.0.7.pom
Progress (1): 830 B
Progress (1): 2.0 kB
                    
Downloaded from central-https: https://repo1.maven.org/maven2/org/apache/maven/maven-profile/2.0.7/maven-profile-2.0.7.pom (2.0 kB at 35 kB/s)
Downloading from central-https: https://repo1.maven.org/maven2/org/apache/maven/maven-artifact/2.0.7/maven-artifact-2.0.7.pom
Progress (1): 835 B
Progress (1): 1.6 kB
                    
Downloaded from central-https: https://repo1.maven.org/maven2/org/apache/maven/maven-artifact/2.0.7/maven-artifact-2.0.7.pom (1.6 kB at 30 kB/s)
Downloading from central-https: https://repo1.maven.org/maven2/org/apache/maven/maven-repository-metadata/2.0.7/maven-repository-metadata-2.0.7.pom
Progress (1): 832 B
Progress (1): 1.9 kB
                    
Downloaded from central-https: https://repo1.maven.org/maven2/org/apache/maven/maven-repository-metadata/2.0.7/maven-repository-metadata-2.0.7.pom (1.9 kB at 33 kB/s)
Downloading from central-https: https://repo1.maven.org/maven2/org/apache/maven/maven-error-diagnostics/2.0.7/maven-error-diagnostics-2.0.7.pom
Progress (1): 832 B
Progress (1): 1.7 kB
                    
Downloaded from central-https: https://repo1.maven.org/maven2/org/apache/maven/maven-error-diagnostics/2.0.7/maven-error-diagnostics-2.0.7.pom (1.7 kB at 30 kB/s)
Downloading from central-https: https://repo1.maven.org/maven2/org/apache/maven/maven-project/2.0.7/maven-project-2.0.7.pom
Progress (1): 823 B
Progress (1): 2.6 kB
                    
Downloaded from central-https: https://repo1.maven.org/maven2/org/apache/maven/maven-project/2.0.7/maven-project-2.0.7.pom (2.6 kB at 54 kB/s)
Downloading from central-https: https://repo1.maven.org/maven2/org/apache/maven/maven-artifact-manager/2.0.7/maven-artifact-manager-2.0.7.pom
Progress (1): 816 B
Progress (1): 2.6 kB
                    
Downloaded from central-https: https://repo1.maven.org/maven2/org/apache/maven/maven-artifact-manager/2.0.7/maven-artifact-manager-2.0.7.pom (2.6 kB at 35 kB/s)
Downloading from central-https: https://repo1.maven.org/maven2/org/apache/maven/maven-plugin-registry/2.0.7/maven-plugin-registry-2.0.7.pom
Progress (1): 830 B
Progress (1): 1.9 kB
                    
Downloaded from central-https: https://repo1.maven.org/maven2/org/apache/maven/maven-plugin-registry/2.0.7/maven-plugin-registry-2.0.7.pom (1.9 kB at 41 kB/s)
Downloading from central-https: https://repo1.maven.org/maven2/org/apache/maven/maven-plugin-api/2.0.7/maven-plugin-api-2.0.7.pom
Progress (1): 847 B
Progress (1): 1.5 kB
                    
Downloaded from central-https: https://repo1.maven.org/maven2/org/apache/maven/maven-plugin-api/2.0.7/maven-plugin-api-2.0.7.pom (1.5 kB at 32 kB/s)
Downloading from central-https: https://repo1.maven.org/maven2/org/apache/maven/maven-plugin-descriptor/2.0.7/maven-plugin-descriptor-2.0.7.pom
Progress (1): 830 B
Progress (1): 2.0 kB
                    
Downloaded from central-https: https://repo1.maven.org/maven2/org/apache/maven/maven-plugin-descriptor/2.0.7/maven-plugin-descriptor-2.0.7.pom (2.0 kB at 47 kB/s)
Downloading from central-https: https://repo1.maven.org/maven2/org/apache/maven/maven-monitor/2.0.7/maven-monitor-2.0.7.pom
Progress (1): 849 B
Progress (1): 1.3 kB
                    
Downloaded from central-https: https://repo1.maven.org/maven2/org/apache/maven/maven-monitor/2.0.7/maven-monitor-2.0.7.pom (1.3 kB at 27 kB/s)
Downloading from central-https: https://repo1.maven.org/maven2/org/apache/maven/maven-archiver/2.4.1/maven-archiver-2.4.1.pom
Progress (1): 804 B
Progress (1): 2.6 kB
Progress (1): 4.0 kB
                    
Downloaded from central-https: https://repo1.maven.org/maven2/org/apache/maven/maven-archiver/2.4.1/maven-archiver-2.4.1.pom (4.0 kB at 81 kB/s)
Downloading from central-https: https://repo1.maven.org/maven2/org/apache/maven/shared/maven-shared-components/15/maven-shared-components-15.pom
Progress (1): 770 B
Progress (1): 2.9 kB
Progress (1): 6.5 kB
Progress (1): 9.1 kB
Progress (1): 9.3 kB
                    
Downloaded from central-https: https://repo1.maven.org/maven2/org/apache/maven/shared/maven-shared-components/15/maven-shared-components-15.pom (9.3 kB at 176 kB/s)
Downloading from central-https: https://repo1.maven.org/maven2/org/apache/maven/maven-parent/16/maven-parent-16.pom
Progress (1): 742 B
Progress (1): 2.0 kB
Progress (1): 6.6 kB
Progress (1): 11 kB 
Progress (1): 15 kB
Progress (1): 17 kB
Progress (1): 21 kB
Progress (1): 22 kB
Progress (1): 23 kB
                   
Downloaded from central-https: https://repo1.maven.org/maven2/org/apache/maven/maven-parent/16/maven-parent-16.pom (23 kB at 401 kB/s)
Downloading from central-https: https://repo1.maven.org/maven2/org/apache/apache/7/apache-7.pom
Progress (1): 754 B
Progress (1): 2.0 kB
Progress (1): 3.7 kB
Progress (1): 7.1 kB
Progress (1): 11 kB 
Progress (1): 14 kB
Progress (1): 14 kB
                   
Downloaded from central-https: https://repo1.maven.org/maven2/org/apache/apache/7/apache-7.pom (14 kB at 267 kB/s)
Downloading from central-https: https://repo1.maven.org/maven2/org/apache/maven/maven-artifact/2.0.6/maven-artifact-2.0.6.pom
Progress (1): 835 B
Progress (1): 1.6 kB
                    
Downloaded from central-https: https://repo1.maven.org/maven2/org/apache/maven/maven-artifact/2.0.6/maven-artifact-2.0.6.pom (1.6 kB at 33 kB/s)
Downloading from central-https: https://repo1.maven.org/maven2/org/apache/maven/maven/2.0.6/maven-2.0.6.pom
Progress (1): 782 B
Progress (1): 2.0 kB
Progress (1): 4.4 kB
Progress (1): 9.0 kB
                    
Downloaded from central-https: https://repo1.maven.org/maven2/org/apache/maven/maven/2.0.6/maven-2.0.6.pom (9.0 kB at 164 kB/s)
Downloading from central-https: https://repo1.maven.org/maven2/org/apache/maven/maven-model/2.0.6/maven-model-2.0.6.pom
Progress (1): 814 B
Progress (1): 3.0 kB
Progress (1): 3.0 kB
                    
Downloaded from central-https: https://repo1.maven.org/maven2/org/apache/maven/maven-model/2.0.6/maven-model-2.0.6.pom (3.0 kB at 50 kB/s)
Downloading from central-https: https://repo1.maven.org/maven2/org/apache/maven/shared/maven-dependency-tree/1.2/maven-dependency-tree-1.2.pom
Progress (1): 823 B
Progress (1): 2.8 kB
Progress (1): 3.6 kB
                    
Downloaded from central-https: https://repo1.maven.org/maven2/org/apache/maven/shared/maven-dependency-tree/1.2/maven-dependency-tree-1.2.pom (3.6 kB at 71 kB/s)
Downloading from central-https: https://repo1.maven.org/maven2/org/apache/maven/shared/maven-shared-components/9/maven-shared-components-9.pom
Progress (1): 810 B
Progress (1): 2.5 kB
Progress (1): 3.5 kB
                    
Downloaded from central-https: https://repo1.maven.org/maven2/org/apache/maven/shared/maven-shared-components/9/maven-shared-components-9.pom (3.5 kB at 64 kB/s)
Downloading from central-https: https://repo1.maven.org/maven2/org/apache/maven/maven-parent/8/maven-parent-8.pom
Progress (1): 794 B
Progress (1): 2.2 kB
Progress (1): 4.2 kB
Progress (1): 7.7 kB
Progress (1): 12 kB 
Progress (1): 15 kB
Progress (1): 20 kB
Progress (1): 22 kB
Progress (1): 24 kB
                   
Downloaded from central-https: https://repo1.maven.org/maven2/org/apache/maven/maven-parent/8/maven-parent-8.pom (24 kB at 371 kB/s)
Downloading from central-https: https://repo1.maven.org/maven2/org/apache/apache/4/apache-4.pom
Progress (1): 790 B
Progress (1): 2.1 kB
Progress (1): 4.2 kB
Progress (1): 4.5 kB
                    
Downloaded from central-https: https://repo1.maven.org/maven2/org/apache/apache/4/apache-4.pom (4.5 kB at 83 kB/s)
Downloading from central-https: https://repo1.maven.org/maven2/org/apache/maven/maven-project/2.0.8/maven-project-2.0.8.pom
Progress (1): 823 B
Progress (1): 2.7 kB
                    
Downloaded from central-https: https://repo1.maven.org/maven2/org/apache/maven/maven-project/2.0.8/maven-project-2.0.8.pom (2.7 kB at 46 kB/s)
Downloading from central-https: https://repo1.maven.org/maven2/org/apache/maven/maven/2.0.8/maven-2.0.8.pom
Progress (1): 759 B
Progress (1): 2.0 kB
Progress (1): 4.9 kB
Progress (1): 11 kB 
Progress (1): 12 kB
                   
Downloaded from central-https: https://repo1.maven.org/maven2/org/apache/maven/maven/2.0.8/maven-2.0.8.pom (12 kB at 205 kB/s)
Downloading from central-https: https://repo1.maven.org/maven2/org/apache/maven/maven-parent/6/maven-parent-6.pom
Progress (1): 756 B
Progress (1): 2.1 kB
Progress (1): 4.5 kB
Progress (1): 7.9 kB
Progress (1): 11 kB 
Progress (1): 16 kB
Progress (1): 20 kB
Progress (1): 20 kB
                   
Downloaded from central-https: https://repo1.maven.org/maven2/org/apache/maven/maven-parent/6/maven-parent-6.pom (20 kB at 358 kB/s)
Downloading from central-https: https://repo1.maven.org/maven2/org/apache/maven/maven-settings/2.0.8/maven-settings-2.0.8.pom
Progress (1): 829 B
Progress (1): 2.1 kB
                    
Downloaded from central-https: https://repo1.maven.org/maven2/org/apache/maven/maven-settings/2.0.8/maven-settings-2.0.8.pom (2.1 kB at 43 kB/s)
Downloading from central-https: https://repo1.maven.org/maven2/org/apache/maven/maven-model/2.0.8/maven-model-2.0.8.pom
Progress (1): 800 B
Progress (1): 3.0 kB
Progress (1): 3.1 kB
                    
Downloaded from central-https: https://repo1.maven.org/maven2/org/apache/maven/maven-model/2.0.8/maven-model-2.0.8.pom (3.1 kB at 24 kB/s)
Downloading from central-https: https://repo1.maven.org/maven2/org/apache/maven/maven-profile/2.0.8/maven-profile-2.0.8.pom
Progress (1): 829 B
Progress (1): 2.0 kB
                    
Downloaded from central-https: https://repo1.maven.org/maven2/org/apache/maven/maven-profile/2.0.8/maven-profile-2.0.8.pom (2.0 kB at 27 kB/s)
Downloading from central-https: https://repo1.maven.org/maven2/org/apache/maven/maven-artifact-manager/2.0.8/maven-artifact-manager-2.0.8.pom
Progress (1): 819 B
Progress (1): 2.7 kB
                    
Downloaded from central-https: https://repo1.maven.org/maven2/org/apache/maven/maven-artifact-manager/2.0.8/maven-artifact-manager-2.0.8.pom (2.7 kB at 51 kB/s)
Downloading from central-https: https://repo1.maven.org/maven2/org/apache/maven/maven-repository-metadata/2.0.8/maven-repository-metadata-2.0.8.pom
Progress (1): 831 B
Progress (1): 1.9 kB
                    
Downloaded from central-https: https://repo1.maven.org/maven2/org/apache/maven/maven-repository-metadata/2.0.8/maven-repository-metadata-2.0.8.pom (1.9 kB at 38 kB/s)
Downloading from central-https: https://repo1.maven.org/maven2/org/apache/maven/maven-artifact/2.0.8/maven-artifact-2.0.8.pom
Progress (1): 834 B
Progress (1): 1.6 kB
                    
Downloaded from central-https: https://repo1.maven.org/maven2/org/apache/maven/maven-artifact/2.0.8/maven-artifact-2.0.8.pom (1.6 kB at 27 kB/s)
Downloading from central-https: https://repo1.maven.org/maven2/org/apache/maven/maven-plugin-registry/2.0.8/maven-plugin-registry-2.0.8.pom
Progress (1): 826 B
Progress (1): 2.0 kB
                    
Downloaded from central-https: https://repo1.maven.org/maven2/org/apache/maven/maven-plugin-registry/2.0.8/maven-plugin-registry-2.0.8.pom (2.0 kB at 25 kB/s)
Downloading from central-https: https://repo1.maven.org/maven2/org/apache/felix/maven-bundle-plugin/2.3.5/maven-bundle-plugin-2.3.5.jar
Downloading from central-https: https://repo1.maven.org/maven2/org/apache/felix/org.apache.felix.bundlerepository/1.6.6/org.apache.felix.bundlerepository-1.6.6.jar
Downloading from central-https: https://repo1.maven.org/maven2/org/apache/maven/maven-core/2.0.7/maven-core-2.0.7.jar
Downloading from central-https: https://repo1.maven.org/maven2/org/apache/maven/maven-settings/2.0.7/maven-settings-2.0.7.jar
Downloading from central-https: https://repo1.maven.org/maven2/org/apache/maven/maven-plugin-parameter-documenter/2.0.7/maven-plugin-parameter-documenter-2.0.7.jar
Progress (1): 7.7/122 kB
Progress (1): 12/122 kB 
Progress (1): 28/122 kB
Progress (1): 44/122 kB
Progress (1): 61/122 kB
Progress (1): 77/122 kB
Progress (1): 94/122 kB
Progress (1): 110/122 kB
Progress (1): 122 kB    
                    
Downloaded from central-https: https://repo1.maven.org/maven2/org/apache/felix/maven-bundle-plugin/2.3.5/maven-bundle-plugin-2.3.5.jar (122 kB at 1.9 MB/s)
Downloading from central-https: https://repo1.maven.org/maven2/org/apache/maven/reporting/maven-reporting-api/2.0.7/maven-reporting-api-2.0.7.jar
Progress (1): 0.9/153 kB
Progress (1): 2.3/153 kB
Progress (1): 3.6/153 kB
Progress (1): 5.0/153 kB
Progress (1): 6.4/153 kB
Progress (1): 7.7/153 kB
Progress (1): 9.1/153 kB
Progress (1): 10/153 kB 
Progress (1): 12/153 kB
Progress (1): 13/153 kB
Progress (1): 15/153 kB
Progress (1): 16/153 kB
Progress (1): 17/153 kB
Progress (1): 19/153 kB
Progress (1): 20/153 kB
Progress (1): 21/153 kB
Progress (1): 23/153 kB
Progress (1): 24/153 kB
Progress (1): 26/153 kB
Progress (1): 27/153 kB
Progress (1): 28/153 kB
Progress (1): 29/153 kB
Progress (1): 31/153 kB
Progress (1): 32/153 kB
Progress (1): 33/153 kB
Progress (1): 35/153 kB
Progress (1): 36/153 kB
Progress (1): 38/153 kB
Progress (1): 39/153 kB
Progress (1): 40/153 kB
Progress (1): 42/153 kB
Progress (1): 43/153 kB
Progress (1): 44/153 kB
Progress (2): 44/153 kB | 0.9/168 kB
Progress (2): 46/153 kB | 0.9/168 kB
Progress (2): 47/153 kB | 0.9/168 kB
Progress (2): 49/153 kB | 0.9/168 kB
Progress (2): 50/153 kB | 0.9/168 kB
Progress (2): 51/153 kB | 0.9/168 kB
Progress (2): 53/153 kB | 0.9/168 kB
Progress (2): 54/153 kB | 0.9/168 kB
Progress (2): 54/153 kB | 2.3/168 kB
Progress (2): 55/153 kB | 2.3/168 kB
Progress (2): 55/153 kB | 3.6/168 kB
Progress (2): 60/153 kB | 3.6/168 kB
Progress (2): 60/153 kB | 5.0/168 kB
Progress (2): 60/153 kB | 6.4/168 kB
Progress (2): 64/153 kB | 6.4/168 kB
Progress (2): 64/153 kB | 7.7/168 kB
Progress (2): 68/153 kB | 7.7/168 kB
Progress (2): 68/153 kB | 9.1/168 kB
Progress (2): 68/153 kB | 10/168 kB 
Progress (2): 72/153 kB | 10/168 kB
Progress (2): 72/153 kB | 12/168 kB
Progress (2): 77/153 kB | 12/168 kB
Progress (2): 77/153 kB | 13/168 kB
Progress (2): 77/153 kB | 15/168 kB
Progress (2): 81/153 kB | 15/168 kB
Progress (2): 81/153 kB | 16/168 kB
Progress (2): 85/153 kB | 16/168 kB
Progress (2): 85/153 kB | 17/168 kB
Progress (2): 89/153 kB | 17/168 kB
Progress (2): 89/153 kB | 19/168 kB
Progress (2): 93/153 kB | 19/168 kB
Progress (2): 93/153 kB | 20/168 kB
Progress (2): 93/153 kB | 21/168 kB
Progress (3): 93/153 kB | 21/168 kB | 0.9/21 kB
Progress (3): 93/153 kB | 23/168 kB | 0.9/21 kB
Progress (3): 93/153 kB | 24/168 kB | 0.9/21 kB
Progress (3): 93/153 kB | 24/168 kB | 2.3/21 kB
Progress (3): 93/153 kB | 24/168 kB | 3.6/21 kB
Progress (3): 93/153 kB | 26/168 kB | 3.6/21 kB
Progress (3): 93/153 kB | 27/168 kB | 3.6/21 kB
Progress (3): 93/153 kB | 27/168 kB | 5.0/21 kB
Progress (3): 93/153 kB | 28/168 kB | 5.0/21 kB
Progress (3): 93/153 kB | 28/168 kB | 6.4/21 kB
Progress (3): 93/153 kB | 28/168 kB | 7.7/21 kB
Progress (3): 93/153 kB | 30/168 kB | 7.7/21 kB
Progress (3): 93/153 kB | 30/168 kB | 9.1/21 kB
Progress (3): 93/153 kB | 31/168 kB | 9.1/21 kB
Progress (3): 93/153 kB | 31/168 kB | 10/21 kB 
Progress (3): 93/153 kB | 32/168 kB | 10/21 kB
Progress (3): 98/153 kB | 32/168 kB | 10/21 kB
Progress (3): 98/153 kB | 32/168 kB | 12/21 kB
Progress (3): 98/153 kB | 34/168 kB | 12/21 kB
Progress (3): 102/153 kB | 34/168 kB | 12/21 kB
Progress (3): 102/153 kB | 34/168 kB | 13/21 kB
Progress (3): 102/153 kB | 35/168 kB | 13/21 kB
Progress (3): 102/153 kB | 35/168 kB | 15/21 kB
Progress (3): 106/153 kB | 35/168 kB | 15/21 kB
Progress (3): 106/153 kB | 35/168 kB | 16/21 kB
Progress (3): 106/153 kB | 36/168 kB | 16/21 kB
Progress (3): 110/153 kB | 36/168 kB | 16/21 kB
Progress (3): 110/153 kB | 38/168 kB | 16/21 kB
Progress (3): 110/153 kB | 38/168 kB | 17/21 kB
Progress (3): 115/153 kB | 38/168 kB | 17/21 kB
Progress (3): 115/153 kB | 39/168 kB | 17/21 kB
Progress (3): 115/153 kB | 39/168 kB | 19/21 kB
Progress (3): 115/153 kB | 41/168 kB | 19/21 kB
Progress (3): 119/153 kB | 41/168 kB | 19/21 kB
Progress (3): 119/153 kB | 42/168 kB | 19/21 kB
Progress (3): 119/153 kB | 42/168 kB | 20/21 kB
Progress (3): 123/153 kB | 42/168 kB | 20/21 kB
Progress (3): 123/153 kB | 43/168 kB | 20/21 kB
Progress (3): 127/153 kB | 43/168 kB | 20/21 kB
Progress (3): 127/153 kB | 45/168 kB | 20/21 kB
Progress (3): 127/153 kB | 45/168 kB | 21 kB   
Progress (3): 131/153 kB | 45/168 kB | 21 kB
Progress (3): 131/153 kB | 46/168 kB | 21 kB
Progress (3): 136/153 kB | 46/168 kB | 21 kB
Progress (3): 136/153 kB | 47/168 kB | 21 kB
Progress (3): 136/153 kB | 49/168 kB | 21 kB
Progress (3): 136/153 kB | 50/168 kB | 21 kB
Progress (3): 136/153 kB | 52/168 kB | 21 kB
Progress (3): 140/153 kB | 52/168 kB | 21 kB
Progress (3): 140/153 kB | 53/168 kB | 21 kB
Progress (3): 140/153 kB | 54/168 kB | 21 kB
Progress (3): 144/153 kB | 54/168 kB | 21 kB
Progress (3): 144/153 kB | 56/168 kB | 21 kB
Progress (3): 148/153 kB | 56/168 kB | 21 kB
Progress (3): 148/153 kB | 60/168 kB | 21 kB
Progress (3): 153/153 kB | 60/168 kB | 21 kB
Progress (3): 153 kB | 60/168 kB | 21 kB    
Progress (3): 153 kB | 64/168 kB | 21 kB
Progress (3): 153 kB | 68/168 kB | 21 kB
Progress (4): 153 kB | 68/168 kB | 21 kB | 0.9/49 kB
Progress (4): 153 kB | 73/168 kB | 21 kB | 0.9/49 kB
Progress (4): 153 kB | 73/168 kB | 21 kB | 2.3/49 kB
Progress (4): 153 kB | 77/168 kB | 21 kB | 2.3/49 kB
Progress (4): 153 kB | 77/168 kB | 21 kB | 3.6/49 kB
Progress (4): 153 kB | 81/168 kB | 21 kB | 3.6/49 kB
Progress (4): 153 kB | 81/168 kB | 21 kB | 5.0/49 kB
Progress (4): 153 kB | 85/168 kB | 21 kB | 5.0/49 kB
Progress (4): 153 kB | 85/168 kB | 21 kB | 6.4/49 kB
Progress (4): 153 kB | 89/168 kB | 21 kB | 6.4/49 kB
Progress (4): 153 kB | 89/168 kB | 21 kB | 7.7/49 kB
Progress (4): 153 kB | 94/168 kB | 21 kB | 7.7/49 kB
Progress (4): 153 kB | 94/168 kB | 21 kB | 9.1/49 kB
Progress (4): 153 kB | 98/168 kB | 21 kB | 9.1/49 kB
Progress (4): 153 kB | 98/168 kB | 21 kB | 10/49 kB 
Progress (4): 153 kB | 98/168 kB | 21 kB | 12/49 kB
Progress (4): 153 kB | 102/168 kB | 21 kB | 12/49 kB
Progress (4): 153 kB | 102/168 kB | 21 kB | 13/49 kB
Progress (4): 153 kB | 106/168 kB | 21 kB | 13/49 kB
Progress (4): 153 kB | 106/168 kB | 21 kB | 15/49 kB
Progress (4): 153 kB | 111/168 kB | 21 kB | 15/49 kB
Progress (4): 153 kB | 111/168 kB | 21 kB | 16/49 kB
Progress (4): 153 kB | 115/168 kB | 21 kB | 16/49 kB
Progress (4): 153 kB | 115/168 kB | 21 kB | 17/49 kB
Progress (4): 153 kB | 115/168 kB | 21 kB | 19/49 kB
Progress (4): 153 kB | 119/168 kB | 21 kB | 19/49 kB
Progress (4): 153 kB | 119/168 kB | 21 kB | 20/49 kB
Progress (4): 153 kB | 119/168 kB | 21 kB | 21/49 kB
Progress (4): 153 kB | 119/168 kB | 21 kB | 23/49 kB
Progress (4): 153 kB | 123/168 kB | 21 kB | 23/49 kB
Progress (4): 153 kB | 123/168 kB | 21 kB | 24/49 kB
Progress (4): 153 kB | 128/168 kB | 21 kB | 24/49 kB
Progress (4): 153 kB | 128/168 kB | 21 kB | 26/49 kB
Progress (4): 153 kB | 128/168 kB | 21 kB | 27/49 kB
Progress (4): 153 kB | 128/168 kB | 21 kB | 28/49 kB
Progress (4): 153 kB | 128/168 kB | 21 kB | 30/49 kB
Progress (4): 153 kB | 128/168 kB | 21 kB | 31/49 kB
Progress (4): 153 kB | 128/168 kB | 21 kB | 32/49 kB
Progress (4): 153 kB | 132/168 kB | 21 kB | 32/49 kB
Progress (4): 153 kB | 132/168 kB | 21 kB | 34/49 kB
Progress (4): 153 kB | 136/168 kB | 21 kB | 34/49 kB
Progress (4): 153 kB | 140/168 kB | 21 kB | 34/49 kB
Progress (4): 153 kB | 140/168 kB | 21 kB | 35/49 kB
Progress (4): 153 kB | 140/168 kB | 21 kB | 36/49 kB
Progress (4): 153 kB | 144/168 kB | 21 kB | 36/49 kB
Progress (4): 153 kB | 144/168 kB | 21 kB | 38/49 kB
Progress (4): 153 kB | 149/168 kB | 21 kB | 38/49 kB
Progress (4): 153 kB | 153/168 kB | 21 kB | 38/49 kB
Progress (5): 153 kB | 153/168 kB | 21 kB | 38/49 kB | 7.7/9.9 kB
Progress (5): 153 kB | 153/168 kB | 21 kB | 39/49 kB | 7.7/9.9 kB
Progress (5): 153 kB | 153/168 kB | 21 kB | 41/49 kB | 7.7/9.9 kB
Progress (5): 153 kB | 157/168 kB | 21 kB | 41/49 kB | 7.7/9.9 kB
Progress (5): 153 kB | 161/168 kB | 21 kB | 41/49 kB | 7.7/9.9 kB
Progress (5): 153 kB | 161/168 kB | 21 kB | 42/49 kB | 7.7/9.9 kB
Progress (5): 153 kB | 166/168 kB | 21 kB | 42/49 kB | 7.7/9.9 kB
Progress (5): 153 kB | 168 kB | 21 kB | 42/49 kB | 7.7/9.9 kB    
Progress (5): 153 kB | 168 kB | 21 kB | 43/49 kB | 7.7/9.9 kB
Progress (5): 153 kB | 168 kB | 21 kB | 43/49 kB | 9.9 kB    
Progress (5): 153 kB | 168 kB | 21 kB | 45/49 kB | 9.9 kB
Progress (5): 153 kB | 168 kB | 21 kB | 46/49 kB | 9.9 kB
Progress (5): 153 kB | 168 kB | 21 kB | 47/49 kB | 9.9 kB
Progress (5): 153 kB | 168 kB | 21 kB | 49/49 kB | 9.9 kB
Progress (5): 153 kB | 168 kB | 21 kB | 49 kB | 9.9 kB   
                                                      
Downloaded from central-https: https://repo1.maven.org/maven2/org/apache/maven/maven-core/2.0.7/maven-core-2.0.7.jar (153 kB at 1.5 MB/s)
Downloading from central-https: https://repo1.maven.org/maven2/org/apache/maven/doxia/doxia-sink-api/1.0-alpha-7/doxia-sink-api-1.0-alpha-7.jar
Downloaded from central-https: https://repo1.maven.org/maven2/org/apache/maven/maven-plugin-parameter-documenter/2.0.7/maven-plugin-parameter-documenter-2.0.7.jar (21 kB at 204 kB/s)
Downloading from central-https: https://repo1.maven.org/maven2/org/apache/maven/maven-profile/2.0.7/maven-profile-2.0.7.jar
Downloaded from central-https: https://repo1.maven.org/maven2/org/apache/maven/reporting/maven-reporting-api/2.0.7/maven-reporting-api-2.0.7.jar (9.9 kB at 90 kB/s)
Downloading from central-https: https://repo1.maven.org/maven2/org/apache/maven/maven-model/2.0.7/maven-model-2.0.7.jar
Downloaded from central-https: https://repo1.maven.org/maven2/org/apache/maven/maven-settings/2.0.7/maven-settings-2.0.7.jar (49 kB at 446 kB/s)
Downloading from central-https: https://repo1.maven.org/maven2/org/apache/maven/maven-artifact/2.0.7/maven-artifact-2.0.7.jar
Downloaded from central-https: https://repo1.maven.org/maven2/org/apache/felix/org.apache.felix.bundlerepository/1.6.6/org.apache.felix.bundlerepository-1.6.6.jar (168 kB at 1.5 MB/s)
Downloading from central-https: https://repo1.maven.org/maven2/org/apache/maven/maven-repository-metadata/2.0.7/maven-repository-metadata-2.0.7.jar
Progress (1): 0.9/5.9 kB
Progress (2): 0.9/5.9 kB | 3.4/35 kB
Progress (2): 0.9/5.9 kB | 20/35 kB 
Progress (2): 0.9/5.9 kB | 35 kB   
Progress (3): 0.9/5.9 kB | 35 kB | 0.9/24 kB
Progress (4): 0.9/5.9 kB | 35 kB | 0.9/24 kB | 3.8/86 kB
Progress (5): 0.9/5.9 kB | 35 kB | 0.9/24 kB | 3.8/86 kB | 3.8/88 kB
Progress (5): 2.3/5.9 kB | 35 kB | 0.9/24 kB | 3.8/86 kB | 3.8/88 kB
Progress (5): 2.3/5.9 kB | 35 kB | 0.9/24 kB | 8.0/86 kB | 3.8/88 kB
Progress (5): 2.3/5.9 kB | 35 kB | 0.9/24 kB | 8.0/86 kB | 8.0/88 kB
Progress (5): 2.3/5.9 kB | 35 kB | 0.9/24 kB | 12/86 kB | 8.0/88 kB 
Progress (5): 2.3/5.9 kB | 35 kB | 0.9/24 kB | 12/86 kB | 12/88 kB 
Progress (5): 2.3/5.9 kB | 35 kB | 0.9/24 kB | 12/86 kB | 12/88 kB
Progress (5): 2.3/5.9 kB | 35 kB | 0.9/24 kB | 12/86 kB | 16/88 kB
Progress (5): 2.3/5.9 kB | 35 kB | 0.9/24 kB | 17/86 kB | 16/88 kB
Progress (5): 2.3/5.9 kB | 35 kB | 2.3/24 kB | 17/86 kB | 16/88 kB
Progress (5): 2.3/5.9 kB | 35 kB | 2.3/24 kB | 17/86 kB | 21/88 kB
Progress (5): 2.3/5.9 kB | 35 kB | 2.3/24 kB | 21/86 kB | 21/88 kB
Progress (5): 2.3/5.9 kB | 35 kB | 3.6/24 kB | 21/86 kB | 21/88 kB
Progress (5): 2.3/5.9 kB | 35 kB | 3.6/24 kB | 21/86 kB | 25/88 kB
Progress (5): 3.6/5.9 kB | 35 kB | 3.6/24 kB | 21/86 kB | 25/88 kB
Progress (5): 3.6/5.9 kB | 35 kB | 5.0/24 kB | 21/86 kB | 25/88 kB
Progress (5): 3.6/5.9 kB | 35 kB | 5.0/24 kB | 21/86 kB | 29/88 kB
Progress (5): 3.6/5.9 kB | 35 kB | 6.4/24 kB | 21/86 kB | 29/88 kB
Progress (5): 3.6/5.9 kB | 35 kB | 6.4/24 kB | 25/86 kB | 29/88 kB
Progress (5): 3.6/5.9 kB | 35 kB | 6.4/24 kB | 25/86 kB | 32/88 kB
Progress (5): 3.6/5.9 kB | 35 kB | 7.7/24 kB | 25/86 kB | 32/88 kB
Progress (5): 3.6/5.9 kB | 35 kB | 7.7/24 kB | 29/86 kB | 32/88 kB
Progress (5): 3.6/5.9 kB | 35 kB | 9.1/24 kB | 29/86 kB | 32/88 kB
Progress (5): 3.6/5.9 kB | 35 kB | 9.1/24 kB | 29/86 kB | 36/88 kB
Progress (5): 3.6/5.9 kB | 35 kB | 10/24 kB | 29/86 kB | 36/88 kB 
Progress (5): 3.6/5.9 kB | 35 kB | 10/24 kB | 33/86 kB | 36/88 kB
Progress (5): 3.6/5.9 kB | 35 kB | 12/24 kB | 33/86 kB | 36/88 kB
Progress (5): 3.6/5.9 kB | 35 kB | 12/24 kB | 38/86 kB | 36/88 kB
Progress (5): 3.6/5.9 kB | 35 kB | 13/24 kB | 38/86 kB | 36/88 kB
Progress (5): 3.6/5.9 kB | 35 kB | 13/24 kB | 38/86 kB | 41/88 kB
Progress (5): 5.0/5.9 kB | 35 kB | 13/24 kB | 38/86 kB | 41/88 kB
Progress (5): 5.0/5.9 kB | 35 kB | 13/24 kB | 42/86 kB | 41/88 kB
Progress (5): 5.0/5.9 kB | 35 kB | 15/24 kB | 42/86 kB | 41/88 kB
Progress (5): 5.0/5.9 kB | 35 kB | 15/24 kB | 46/86 kB | 41/88 kB
Progress (5): 5.0/5.9 kB | 35 kB | 16/24 kB | 46/86 kB | 41/88 kB
Progress (5): 5.0/5.9 kB | 35 kB | 16/24 kB | 46/86 kB | 45/88 kB
Progress (5): 5.0/5.9 kB | 35 kB | 16/24 kB | 50/86 kB | 45/88 kB
Progress (5): 5.0/5.9 kB | 35 kB | 17/24 kB | 50/86 kB | 45/88 kB
Progress (5): 5.0/5.9 kB | 35 kB | 17/24 kB | 50/86 kB | 49/88 kB
Progress (5): 5.0/5.9 kB | 35 kB | 19/24 kB | 50/86 kB | 49/88 kB
Progress (5): 5.0/5.9 kB | 35 kB | 19/24 kB | 50/86 kB | 53/88 kB
Progress (5): 5.0/5.9 kB | 35 kB | 20/24 kB | 50/86 kB | 53/88 kB
Progress (5): 5.0/5.9 kB | 35 kB | 20/24 kB | 50/86 kB | 57/88 kB
Progress (5): 5.0/5.9 kB | 35 kB | 20/24 kB | 67/86 kB | 57/88 kB
Progress (5): 5.0/5.9 kB | 35 kB | 21/24 kB | 67/86 kB | 57/88 kB
Progress (5): 5.0/5.9 kB | 35 kB | 21/24 kB | 67/86 kB | 62/88 kB
Progress (5): 5.0/5.9 kB | 35 kB | 23/24 kB | 67/86 kB | 62/88 kB
Progress (5): 5.0/5.9 kB | 35 kB | 23/24 kB | 67/86 kB | 66/88 kB
Progress (5): 5.0/5.9 kB | 35 kB | 24/24 kB | 67/86 kB | 66/88 kB
Progress (5): 5.9 kB | 35 kB | 24/24 kB | 67/86 kB | 66/88 kB    
Progress (5): 5.9 kB | 35 kB | 24 kB | 67/86 kB | 66/88 kB   
Progress (5): 5.9 kB | 35 kB | 24 kB | 83/86 kB | 66/88 kB
Progress (5): 5.9 kB | 35 kB | 24 kB | 83/86 kB | 82/88 kB
Progress (5): 5.9 kB | 35 kB | 24 kB | 86 kB | 82/88 kB   
Progress (5): 5.9 kB | 35 kB | 24 kB | 86 kB | 88 kB   
                                                    
Downloaded from central-https: https://repo1.maven.org/maven2/org/apache/maven/maven-profile/2.0.7/maven-profile-2.0.7.jar (35 kB at 186 kB/s)
Downloading from central-https: https://repo1.maven.org/maven2/org/apache/maven/maven-error-diagnostics/2.0.7/maven-error-diagnostics-2.0.7.jar
Downloaded from central-https: https://repo1.maven.org/maven2/org/apache/maven/doxia/doxia-sink-api/1.0-alpha-7/doxia-sink-api-1.0-alpha-7.jar (5.9 kB at 31 kB/s)
Downloading from central-https: https://repo1.maven.org/maven2/org/apache/maven/maven-project/2.0.7/maven-project-2.0.7.jar
Downloaded from central-https: https://repo1.maven.org/maven2/org/apache/maven/maven-artifact/2.0.7/maven-artifact-2.0.7.jar (88 kB at 451 kB/s)
Downloading from central-https: https://repo1.maven.org/maven2/org/apache/maven/maven-plugin-registry/2.0.7/maven-plugin-registry-2.0.7.jar
Downloaded from central-https: https://repo1.maven.org/maven2/org/apache/maven/maven-repository-metadata/2.0.7/maven-repository-metadata-2.0.7.jar (24 kB at 125 kB/s)
Downloaded from central-https: https://repo1.maven.org/maven2/org/apache/maven/maven-model/2.0.7/maven-model-2.0.7.jar (86 kB at 441 kB/s)
Downloading from central-https: https://repo1.maven.org/maven2/org/apache/maven/maven-plugin-api/2.0.7/maven-plugin-api-2.0.7.jar
Downloading from central-https: https://repo1.maven.org/maven2/org/apache/maven/maven-plugin-descriptor/2.0.7/maven-plugin-descriptor-2.0.7.jar
Progress (1): 7.7/14 kB
Progress (2): 7.7/14 kB | 7.7/117 kB
Progress (2): 12/14 kB | 7.7/117 kB 
Progress (3): 12/14 kB | 7.7/117 kB | 3.8/13 kB
Progress (3): 14 kB | 7.7/117 kB | 3.8/13 kB   
Progress (3): 14 kB | 7.7/117 kB | 8.0/13 kB
Progress (3): 14 kB | 7.7/117 kB | 12/13 kB 
Progress (3): 14 kB | 7.7/117 kB | 13 kB   
Progress (3): 14 kB | 16/117 kB | 13 kB 
Progress (4): 14 kB | 16/117 kB | 13 kB | 7.7/37 kB
Progress (4): 14 kB | 32/117 kB | 13 kB | 7.7/37 kB
Progress (5): 14 kB | 32/117 kB | 13 kB | 7.7/37 kB | 0.9/29 kB
Progress (5): 14 kB | 48/117 kB | 13 kB | 7.7/37 kB | 0.9/29 kB
Progress (5): 14 kB | 48/117 kB | 13 kB | 7.7/37 kB | 2.3/29 kB
Progress (5): 14 kB | 48/117 kB | 13 kB | 7.7/37 kB | 3.6/29 kB
Progress (5): 14 kB | 65/117 kB | 13 kB | 7.7/37 kB | 3.6/29 kB
Progress (5): 14 kB | 65/117 kB | 13 kB | 7.7/37 kB | 5.0/29 kB
Progress (5): 14 kB | 65/117 kB | 13 kB | 7.7/37 kB | 6.4/29 kB
Progress (5): 14 kB | 65/117 kB | 13 kB | 7.7/37 kB | 7.7/29 kB
Progress (5): 14 kB | 81/117 kB | 13 kB | 7.7/37 kB | 7.7/29 kB
Progress (5): 14 kB | 81/117 kB | 13 kB | 7.7/37 kB | 12/29 kB 
Progress (5): 14 kB | 81/117 kB | 13 kB | 16/37 kB | 12/29 kB 
Progress (5): 14 kB | 81/117 kB | 13 kB | 16/37 kB | 16/29 kB
Progress (5): 14 kB | 98/117 kB | 13 kB | 16/37 kB | 16/29 kB
Progress (5): 14 kB | 98/117 kB | 13 kB | 16/37 kB | 20/29 kB
Progress (5): 14 kB | 98/117 kB | 13 kB | 32/37 kB | 20/29 kB
Progress (5): 14 kB | 98/117 kB | 13 kB | 32/37 kB | 24/29 kB
Progress (5): 14 kB | 114/117 kB | 13 kB | 32/37 kB | 24/29 kB
Progress (5): 14 kB | 114/117 kB | 13 kB | 32/37 kB | 28/29 kB
Progress (5): 14 kB | 114/117 kB | 13 kB | 37 kB | 28/29 kB   
Progress (5): 14 kB | 117 kB | 13 kB | 37 kB | 28/29 kB    
Progress (5): 14 kB | 117 kB | 13 kB | 37 kB | 29 kB   
                                                    
Downloaded from central-https: https://repo1.maven.org/maven2/org/apache/maven/maven-error-diagnostics/2.0.7/maven-error-diagnostics-2.0.7.jar (14 kB at 55 kB/s)
Downloading from central-https: https://repo1.maven.org/maven2/org/apache/maven/maven-artifact-manager/2.0.7/maven-artifact-manager-2.0.7.jar
Downloaded from central-https: https://repo1.maven.org/maven2/org/apache/maven/maven-plugin-descriptor/2.0.7/maven-plugin-descriptor-2.0.7.jar (37 kB at 146 kB/s)
Downloading from central-https: https://repo1.maven.org/maven2/org/apache/maven/maven-monitor/2.0.7/maven-monitor-2.0.7.jar
Downloaded from central-https: https://repo1.maven.org/maven2/org/apache/maven/maven-plugin-api/2.0.7/maven-plugin-api-2.0.7.jar (13 kB at 51 kB/s)
Downloading from central-https: https://repo1.maven.org/maven2/org/apache/maven/maven-archiver/2.4.1/maven-archiver-2.4.1.jar
Downloaded from central-https: https://repo1.maven.org/maven2/org/apache/maven/maven-plugin-registry/2.0.7/maven-plugin-registry-2.0.7.jar (29 kB at 114 kB/s)
Downloading from central-https: https://repo1.maven.org/maven2/org/apache/maven/shared/maven-dependency-tree/1.2/maven-dependency-tree-1.2.jar
Downloaded from central-https: https://repo1.maven.org/maven2/org/apache/maven/maven-project/2.0.7/maven-project-2.0.7.jar (117 kB at 453 kB/s)
Progress (1): 3.4/10 kB
Progress (2): 3.4/10 kB | 3.8/57 kB
Progress (3): 3.4/10 kB | 3.8/57 kB | 7.7/20 kB
Progress (3): 3.4/10 kB | 8.0/57 kB | 7.7/20 kB
Progress (3): 10 kB | 8.0/57 kB | 7.7/20 kB    
Progress (3): 10 kB | 12/57 kB | 7.7/20 kB 
Progress (3): 10 kB | 16/57 kB | 7.7/20 kB
Progress (3): 10 kB | 21/57 kB | 7.7/20 kB
Progress (3): 10 kB | 25/57 kB | 7.7/20 kB
Progress (3): 10 kB | 29/57 kB | 7.7/20 kB
Progress (4): 10 kB | 29/57 kB | 7.7/20 kB | 3.8/35 kB
Progress (4): 10 kB | 29/57 kB | 12/20 kB | 3.8/35 kB 
Progress (4): 10 kB | 33/57 kB | 12/20 kB | 3.8/35 kB
Progress (4): 10 kB | 33/57 kB | 20 kB | 3.8/35 kB   
Progress (4): 10 kB | 38/57 kB | 20 kB | 3.8/35 kB
Progress (4): 10 kB | 42/57 kB | 20 kB | 3.8/35 kB
Progress (4): 10 kB | 42/57 kB | 20 kB | 8.0/35 kB
Progress (4): 10 kB | 46/57 kB | 20 kB | 8.0/35 kB
Progress (4): 10 kB | 50/57 kB | 20 kB | 8.0/35 kB
Progress (4): 10 kB | 55/57 kB | 20 kB | 8.0/35 kB
Progress (4): 10 kB | 57 kB | 20 kB | 8.0/35 kB   
Progress (4): 10 kB | 57 kB | 20 kB | 12/35 kB 
Progress (4): 10 kB | 57 kB | 20 kB | 16/35 kB
Progress (4): 10 kB | 57 kB | 20 kB | 21/35 kB
Progress (4): 10 kB | 57 kB | 20 kB | 25/35 kB
Progress (4): 10 kB | 57 kB | 20 kB | 29/35 kB
Progress (4): 10 kB | 57 kB | 20 kB | 33/35 kB
Progress (4): 10 kB | 57 kB | 20 kB | 35 kB   
                                           
Downloaded from central-https: https://repo1.maven.org/maven2/org/apache/maven/maven-artifact-manager/2.0.7/maven-artifact-manager-2.0.7.jar (57 kB at 180 kB/s)
Downloaded from central-https: https://repo1.maven.org/maven2/org/apache/maven/maven-monitor/2.0.7/maven-monitor-2.0.7.jar (10 kB at 33 kB/s)
Downloaded from central-https: https://repo1.maven.org/maven2/org/apache/maven/maven-archiver/2.4.1/maven-archiver-2.4.1.jar (20 kB at 64 kB/s)
Downloaded from central-https: https://repo1.maven.org/maven2/org/apache/maven/shared/maven-dependency-tree/1.2/maven-dependency-tree-1.2.jar (35 kB at 110 kB/s)
[INFO] 
[INFO] ---------------------< org.apache.mina:mina-coap >----------------------
[INFO] Building Apache MINA CoAP (constrained application protocol) 3.0.0-M3-SNAPSHOT 3.0.0-M3-SNAPSHOT
[INFO]   from pom.xml
[INFO] --------------------------------[ jar ]---------------------------------
Downloading from central-https: https://repo1.maven.org/maven2/org/apache/maven/plugins/maven-remote-resources-plugin/1.4/maven-remote-resources-plugin-1.4.pom
Progress (1): 758 B
Progress (1): 2.0 kB
Progress (1): 6.0 kB
Progress (1): 10 kB 
Progress (1): 14 kB
                   
Downloaded from central-https: https://repo1.maven.org/maven2/org/apache/maven/plugins/maven-remote-resources-plugin/1.4/maven-remote-resources-plugin-1.4.pom (14 kB at 235 kB/s)
Downloading from central-https: https://repo1.maven.org/maven2/org/apache/maven/plugins/maven-plugins/23/maven-plugins-23.pom
Progress (1): 758 B
Progress (1): 2.3 kB
Progress (1): 4.5 kB
Progress (1): 7.2 kB
Progress (1): 9.2 kB
                    
Downloaded from central-https: https://repo1.maven.org/maven2/org/apache/maven/plugins/maven-plugins/23/maven-plugins-23.pom (9.2 kB at 130 kB/s)
Downloading from central-https: https://repo1.maven.org/maven2/org/apache/maven/maven-parent/22/maven-parent-22.pom
Progress (1): 733 B
Progress (1): 2.0 kB
Progress (1): 6.1 kB
Progress (1): 11 kB 
Progress (1): 15 kB
Progress (1): 19 kB
Progress (1): 22 kB
Progress (1): 22 kB
Progress (1): 25 kB
Progress (1): 29 kB
Progress (1): 30 kB
                   
Downloaded from central-https: https://repo1.maven.org/maven2/org/apache/maven/maven-parent/22/maven-parent-22.pom (30 kB at 431 kB/s)
Downloading from central-https: https://repo1.maven.org/maven2/org/apache/apache/11/apache-11.pom
Progress (1): 749 B
Progress (1): 2.1 kB
Progress (1): 4.1 kB
Progress (1): 8.8 kB
Progress (1): 12 kB 
Progress (1): 15 kB
                   
Downloaded from central-https: https://repo1.maven.org/maven2/org/apache/apache/11/apache-11.pom (15 kB at 192 kB/s)
Downloading from central-https: https://repo1.maven.org/maven2/org/apache/maven/plugins/maven-remote-resources-plugin/1.4/maven-remote-resources-plugin-1.4.jar
Progress (1): 3.8/67 kB
Progress (1): 8.0/67 kB
Progress (1): 12/67 kB 
Progress (1): 16/67 kB
Progress (1): 20/67 kB
Progress (1): 24/67 kB
Progress (1): 29/67 kB
Progress (1): 33/67 kB
Progress (1): 37/67 kB
Progress (1): 41/67 kB
Progress (1): 45/67 kB
Progress (1): 50/67 kB
Progress (1): 54/67 kB
Progress (1): 58/67 kB
Progress (1): 62/67 kB
Progress (1): 67/67 kB
Progress (1): 67 kB   
                   
Downloaded from central-https: https://repo1.maven.org/maven2/org/apache/maven/plugins/maven-remote-resources-plugin/1.4/maven-remote-resources-plugin-1.4.jar (67 kB at 1.0 MB/s)
Downloading from central-https: https://repo1.maven.org/maven2/org/apache/maven/plugins/maven-source-plugin/2.1.2/maven-source-plugin-2.1.2.pom
Progress (1): 785 B
Progress (1): 3.0 kB
Progress (1): 5.2 kB
                    
Downloaded from central-https: https://repo1.maven.org/maven2/org/apache/maven/plugins/maven-source-plugin/2.1.2/maven-source-plugin-2.1.2.pom (5.2 kB at 70 kB/s)
Downloading from central-https: https://repo1.maven.org/maven2/org/apache/maven/plugins/maven-plugins/18/maven-plugins-18.pom
Progress (1): 757 B
Progress (1): 2.3 kB
Progress (1): 6.8 kB
Progress (1): 9.2 kB
Progress (1): 13 kB 
Progress (1): 13 kB
                   
Downloaded from central-https: https://repo1.maven.org/maven2/org/apache/maven/plugins/maven-plugins/18/maven-plugins-18.pom (13 kB at 79 kB/s)
Downloading from central-https: https://repo1.maven.org/maven2/org/apache/maven/plugins/maven-source-plugin/2.1.2/maven-source-plugin-2.1.2.jar
Progress (1): 7.7/24 kB
Progress (1): 16/24 kB 
Progress (1): 24 kB   
                   
Downloaded from central-https: https://repo1.maven.org/maven2/org/apache/maven/plugins/maven-source-plugin/2.1.2/maven-source-plugin-2.1.2.jar (24 kB at 394 kB/s)
Downloading from central-https: https://repo1.maven.org/maven2/org/apache/maven/plugins/maven-enforcer-plugin/1.3/maven-enforcer-plugin-1.3.pom
Progress (1): 830 B
Progress (1): 3.4 kB
Progress (1): 5.6 kB
Progress (1): 6.5 kB
                    
Downloaded from central-https: https://repo1.maven.org/maven2/org/apache/maven/plugins/maven-enforcer-plugin/1.3/maven-enforcer-plugin-1.3.pom (6.5 kB at 95 kB/s)
Downloading from central-https: https://repo1.maven.org/maven2/org/apache/maven/enforcer/enforcer/1.3/enforcer-1.3.pom
Progress (1): 812 B
Progress (1): 2.4 kB
Progress (1): 6.2 kB
Progress (1): 9.6 kB
Progress (1): 11 kB 
                   
Downloaded from central-https: https://repo1.maven.org/maven2/org/apache/maven/enforcer/enforcer/1.3/enforcer-1.3.pom (11 kB at 148 kB/s)
Downloading from central-https: https://repo1.maven.org/maven2/org/apache/maven/maven-parent/23/maven-parent-23.pom
Progress (1): 780 B
Progress (1): 2.1 kB
Progress (1): 6.3 kB
Progress (1): 10 kB 
Progress (1): 14 kB
Progress (1): 18 kB
Progress (1): 22 kB
Progress (1): 24 kB
Progress (1): 27 kB
Progress (1): 31 kB
Progress (1): 33 kB
                   
Downloaded from central-https: https://repo1.maven.org/maven2/org/apache/maven/maven-parent/23/maven-parent-23.pom (33 kB at 459 kB/s)
Downloading from central-https: https://repo1.maven.org/maven2/org/apache/apache/13/apache-13.pom
Progress (1): 749 B
Progress (1): 2.1 kB
Progress (1): 4.1 kB
Progress (1): 9.0 kB
Progress (1): 11 kB 
Progress (1): 14 kB
                   
Downloaded from central-https: https://repo1.maven.org/maven2/org/apache/apache/13/apache-13.pom (14 kB at 181 kB/s)
Downloading from central-https: https://repo1.maven.org/maven2/org/apache/maven/plugins/maven-enforcer-plugin/1.3/maven-enforcer-plugin-1.3.jar
Progress (1): 7.7/26 kB
Progress (1): 16/26 kB 
Progress (1): 26 kB   
                   
Downloaded from central-https: https://repo1.maven.org/maven2/org/apache/maven/plugins/maven-enforcer-plugin/1.3/maven-enforcer-plugin-1.3.jar (26 kB at 396 kB/s)
Downloading from central-https: https://repo1.maven.org/maven2/org/apache/maven/plugins/maven-resources-plugin/2.6/maven-resources-plugin-2.6.pom
Progress (1): 773 B
Progress (1): 2.1 kB
Progress (1): 5.7 kB
Progress (1): 8.1 kB
                    
Downloaded from central-https: https://repo1.maven.org/maven2/org/apache/maven/plugins/maven-resources-plugin/2.6/maven-resources-plugin-2.6.pom (8.1 kB at 116 kB/s)
Downloading from central-https: https://repo1.maven.org/maven2/org/apache/maven/plugins/maven-resources-plugin/2.6/maven-resources-plugin-2.6.jar
Progress (1): 7.7/30 kB
Progress (1): 7.8/30 kB
Progress (1): 24/30 kB 
Progress (1): 30 kB   
                   
Downloaded from central-https: https://repo1.maven.org/maven2/org/apache/maven/plugins/maven-resources-plugin/2.6/maven-resources-plugin-2.6.jar (30 kB at 461 kB/s)
Downloading from central-https: https://repo1.maven.org/maven2/org/apache/maven/plugins/maven-compiler-plugin/3.1/maven-compiler-plugin-3.1.pom
Progress (1): 759 B
Progress (1): 2.3 kB
Progress (1): 6.7 kB
Progress (1): 9.2 kB
Progress (1): 10 kB 
                   
Downloaded from central-https: https://repo1.maven.org/maven2/org/apache/maven/plugins/maven-compiler-plugin/3.1/maven-compiler-plugin-3.1.pom (10 kB at 126 kB/s)
Downloading from central-https: https://repo1.maven.org/maven2/org/apache/maven/plugins/maven-plugins/24/maven-plugins-24.pom
Progress (1): 752 B
Progress (1): 2.3 kB
Progress (1): 4.1 kB
Progress (1): 6.6 kB
Progress (1): 10 kB 
Progress (1): 11 kB
                   
Downloaded from central-https: https://repo1.maven.org/maven2/org/apache/maven/plugins/maven-plugins/24/maven-plugins-24.pom (11 kB at 144 kB/s)
Downloading from central-https: https://repo1.maven.org/maven2/org/apache/maven/plugins/maven-compiler-plugin/3.1/maven-compiler-plugin-3.1.jar
Progress (1): 7.7/43 kB
Progress (1): 12/43 kB 
Progress (1): 28/43 kB
Progress (1): 43 kB   
                   
Downloaded from central-https: https://repo1.maven.org/maven2/org/apache/maven/plugins/maven-compiler-plugin/3.1/maven-compiler-plugin-3.1.jar (43 kB at 597 kB/s)
[WARNING] Parameter 'showDeprecations' is unknown for plugin 'maven-compiler-plugin:3.1:compile (default-compile)'
Downloading from apache-snapshots: https://repository.apache.org/snapshots/org/apache/mina/mina-core/3.0.0-M3-SNAPSHOT/maven-metadata.xml
Downloading from sonatype-snapshots: https://oss.sonatype.org/content/repositories/snapshots/org/apache/mina/mina-core/3.0.0-M3-SNAPSHOT/maven-metadata.xml
Progress (1): 1.2 kB
                    
Downloaded from apache-snapshots: https://repository.apache.org/snapshots/org/apache/mina/mina-core/3.0.0-M3-SNAPSHOT/maven-metadata.xml (1.2 kB at 1.8 kB/s)
[WARNING] Could not transfer metadata org.apache.mina:mina-core:3.0.0-M3-SNAPSHOT/maven-metadata.xml from/to maven-default-http-blocker (http://0.0.0.0/): Blocked mirror for repositories: [apache.snapshots (http://repository.apache.org/snapshots, default, snapshots)]
[WARNING] org.apache.mina:mina-core:3.0.0-M3-SNAPSHOT/maven-metadata.xml failed to transfer from http://0.0.0.0/ during a previous attempt. This failure was cached in the local repository and resolution will not be reattempted until the update interval of maven-default-http-blocker has elapsed or updates are forced. Original error: Could not transfer metadata org.apache.mina:mina-core:3.0.0-M3-SNAPSHOT/maven-metadata.xml from/to maven-default-http-blocker (http://0.0.0.0/): Blocked mirror for repositories: [apache.snapshots (http://repository.apache.org/snapshots, default, snapshots)]
Downloading from apache-snapshots: https://repository.apache.org/snapshots/org/apache/mina/mina-core/3.0.0-M3-SNAPSHOT/mina-core-3.0.0-M3-20130806.154157-3.pom
Progress (1): 2.2 kB
                    
Downloaded from apache-snapshots: https://repository.apache.org/snapshots/org/apache/mina/mina-core/3.0.0-M3-SNAPSHOT/mina-core-3.0.0-M3-20130806.154157-3.pom (2.2 kB at 13 kB/s)
Downloading from apache-snapshots: https://repository.apache.org/snapshots/org/apache/mina/mina-parent/3.0.0-M3-SNAPSHOT/maven-metadata.xml
Downloading from sonatype-snapshots: https://oss.sonatype.org/content/repositories/snapshots/org/apache/mina/mina-parent/3.0.0-M3-SNAPSHOT/maven-metadata.xml
Progress (1): 833 B
                   
Downloaded from apache-snapshots: https://repository.apache.org/snapshots/org/apache/mina/mina-parent/3.0.0-M3-SNAPSHOT/maven-metadata.xml (833 B at 2.5 kB/s)
[WARNING] Could not transfer metadata org.apache.mina:mina-parent:3.0.0-M3-SNAPSHOT/maven-metadata.xml from/to maven-default-http-blocker (http://0.0.0.0/): Blocked mirror for repositories: [apache.snapshots (http://repository.apache.org/snapshots, default, snapshots)]
Downloading from apache-snapshots: https://repository.apache.org/snapshots/org/apache/mina/mina-parent/3.0.0-M3-SNAPSHOT/mina-parent-3.0.0-M3-20130806.154033-3.pom
Progress (1): 7.5/22 kB
Progress (1): 8.2/22 kB
Progress (1): 16/22 kB 
Progress (1): 22 kB   
                   
Downloaded from apache-snapshots: https://repository.apache.org/snapshots/org/apache/mina/mina-parent/3.0.0-M3-SNAPSHOT/mina-parent-3.0.0-M3-20130806.154033-3.pom (22 kB at 71 kB/s)
Downloading from apache-snapshots: https://repository.apache.org/snapshots/org/apache/mina/mina-codec/3.0.0-M3-SNAPSHOT/maven-metadata.xml
Downloading from sonatype-snapshots: https://oss.sonatype.org/content/repositories/snapshots/org/apache/mina/mina-codec/3.0.0-M3-SNAPSHOT/maven-metadata.xml
Progress (1): 1.4 kB
                    
Downloaded from apache-snapshots: https://repository.apache.org/snapshots/org/apache/mina/mina-codec/3.0.0-M3-SNAPSHOT/maven-metadata.xml (1.4 kB at 4.3 kB/s)
[WARNING] Could not transfer metadata org.apache.mina:mina-codec:3.0.0-M3-SNAPSHOT/maven-metadata.xml from/to maven-default-http-blocker (http://0.0.0.0/): Blocked mirror for repositories: [apache.snapshots (http://repository.apache.org/snapshots, default, snapshots)]
[WARNING] org.apache.mina:mina-codec:3.0.0-M3-SNAPSHOT/maven-metadata.xml failed to transfer from http://0.0.0.0/ during a previous attempt. This failure was cached in the local repository and resolution will not be reattempted until the update interval of maven-default-http-blocker has elapsed or updates are forced. Original error: Could not transfer metadata org.apache.mina:mina-codec:3.0.0-M3-SNAPSHOT/maven-metadata.xml from/to maven-default-http-blocker (http://0.0.0.0/): Blocked mirror for repositories: [apache.snapshots (http://repository.apache.org/snapshots, default, snapshots)]
Downloading from apache-snapshots: https://repository.apache.org/snapshots/org/apache/mina/mina-codec/3.0.0-M3-SNAPSHOT/mina-codec-3.0.0-M3-20130806.154059-3.pom
Progress (1): 2.8 kB
                    
Downloaded from apache-snapshots: https://repository.apache.org/snapshots/org/apache/mina/mina-codec/3.0.0-M3-SNAPSHOT/mina-codec-3.0.0-M3-20130806.154059-3.pom (2.8 kB at 17 kB/s)
Downloading from central-https: https://repo1.maven.org/maven2/org/apache/logging/log4j/log4j-slf4j-impl/2.2/log4j-slf4j-impl-2.2.pom
Progress (1): 768 B
Progress (1): 2.9 kB
Progress (1): 6.0 kB
Progress (1): 8.0 kB
Progress (1): 8.9 kB
                    
Downloaded from central-https: https://repo1.maven.org/maven2/org/apache/logging/log4j/log4j-slf4j-impl/2.2/log4j-slf4j-impl-2.2.pom (8.9 kB at 143 kB/s)
Downloading from central-https: https://repo1.maven.org/maven2/org/apache/logging/log4j/log4j/2.2/log4j-2.2.pom
Progress (1): 734 B
Progress (1): 2.0 kB
Progress (1): 4.9 kB
Progress (1): 6.7 kB
Progress (1): 8.4 kB
Progress (1): 14 kB 
Progress (1): 22 kB
Progress (1): 26 kB
Progress (1): 30 kB
Progress (1): 33 kB
Progress (1): 36 kB
Progress (1): 38 kB
Progress (1): 42 kB
Progress (1): 46 kB
Progress (1): 48 kB
                   
Downloaded from central-https: https://repo1.maven.org/maven2/org/apache/logging/log4j/log4j/2.2/log4j-2.2.pom (48 kB at 832 kB/s)
Downloading from central-https: https://repo1.maven.org/maven2/org/apache/logging/log4j/log4j-api/2.2/log4j-api-2.2.pom
Progress (1): 797 B
Progress (1): 2.6 kB
Progress (1): 5.2 kB
Progress (1): 7.3 kB
Progress (1): 8.1 kB
                    
Downloaded from central-https: https://repo1.maven.org/maven2/org/apache/logging/log4j/log4j-api/2.2/log4j-api-2.2.pom (8.1 kB at 60 kB/s)
Downloading from apache-snapshots: https://repository.apache.org/snapshots/org/apache/mina/mina-core/3.0.0-M3-SNAPSHOT/mina-core-3.0.0-M3-20130806.154157-3.jar
Downloading from apache-snapshots: https://repository.apache.org/snapshots/org/apache/mina/mina-codec/3.0.0-M3-SNAPSHOT/mina-codec-3.0.0-M3-20130806.154059-3.jar
Progress (1): 7.5/130 kB
Progress (1): 8.2/130 kB
Progress (1): 16/130 kB 
Progress (1): 23/130 kB
Progress (1): 25/130 kB
Progress (1): 33/130 kB
Progress (1): 39/130 kB
Progress (1): 41/130 kB
Progress (1): 49/130 kB
Progress (1): 55/130 kB
Progress (1): 57/130 kB
Progress (1): 66/130 kB
Progress (1): 74/130 kB
Progress (1): 82/130 kB
Progress (1): 82/130 kB
Progress (1): 90/130 kB
Progress (1): 98/130 kB
Progress (1): 98/130 kB
Progress (1): 106/130 kB
Progress (1): 114/130 kB
Progress (1): 115/130 kB
Progress (1): 123/130 kB
Progress (1): 130/130 kB
Progress (1): 130 kB    
Progress (2): 130 kB | 7.5/46 kB
Progress (2): 130 kB | 8.2/46 kB
Progress (2): 130 kB | 16/46 kB 
Progress (2): 130 kB | 23/46 kB
Progress (2): 130 kB | 25/46 kB
Progress (2): 130 kB | 33/46 kB
Progress (2): 130 kB | 39/46 kB
                               
Downloaded from apache-snapshots: https://repository.apache.org/snapshots/org/apache/mina/mina-core/3.0.0-M3-SNAPSHOT/mina-core-3.0.0-M3-20130806.154157-3.jar (130 kB at 178 kB/s)
Progress (1): 41/46 kB
Progress (1): 46 kB   
                   
Downloaded from apache-snapshots: https://repository.apache.org/snapshots/org/apache/mina/mina-codec/3.0.0-M3-SNAPSHOT/mina-codec-3.0.0-M3-20130806.154059-3.jar (46 kB at 50 kB/s)
[INFO] 
[INFO] --- enforcer:1.3:enforce (enforce-java-17) @ mina-coap ---
Downloading from central-https: https://repo1.maven.org/maven2/org/apache/maven/maven-artifact/2.0.9/maven-artifact-2.0.9.pom
Progress (1): 834 B
Progress (1): 1.6 kB
                    
Downloaded from central-https: https://repo1.maven.org/maven2/org/apache/maven/maven-artifact/2.0.9/maven-artifact-2.0.9.pom (1.6 kB at 14 kB/s)
Downloading from central-https: https://repo1.maven.org/maven2/org/apache/maven/maven/2.0.9/maven-2.0.9.pom
Progress (1): 746 B
Progress (1): 1.9 kB
Progress (1): 5.9 kB
Progress (1): 9.5 kB
Progress (1): 16 kB 
Progress (1): 18 kB
Progress (1): 19 kB
                   
Downloaded from central-https: https://repo1.maven.org/maven2/org/apache/maven/maven/2.0.9/maven-2.0.9.pom (19 kB at 28 kB/s)
Downloading from central-https: https://repo1.maven.org/maven2/org/apache/maven/maven-plugin-api/2.0.9/maven-plugin-api-2.0.9.pom
Progress (1): 837 B
Progress (1): 1.5 kB
                    
Downloaded from central-https: https://repo1.maven.org/maven2/org/apache/maven/maven-plugin-api/2.0.9/maven-plugin-api-2.0.9.pom (1.5 kB at 14 kB/s)
Downloading from central-https: https://repo1.maven.org/maven2/org/apache/maven/maven-project/2.0.9/maven-project-2.0.9.pom
Progress (1): 823 B
Progress (1): 2.7 kB
                    
Downloaded from central-https: https://repo1.maven.org/maven2/org/apache/maven/maven-project/2.0.9/maven-project-2.0.9.pom (2.7 kB at 28 kB/s)
Downloading from central-https: https://repo1.maven.org/maven2/org/apache/maven/maven-settings/2.0.9/maven-settings-2.0.9.pom
Progress (1): 829 B
Progress (1): 2.1 kB
                    
Downloaded from central-https: https://repo1.maven.org/maven2/org/apache/maven/maven-settings/2.0.9/maven-settings-2.0.9.pom (2.1 kB at 13 kB/s)
Downloading from central-https: https://repo1.maven.org/maven2/org/apache/maven/maven-model/2.0.9/maven-model-2.0.9.pom
Progress (1): 801 B
Progress (1): 3.0 kB
Progress (1): 3.1 kB
                    
Downloaded from central-https: https://repo1.maven.org/maven2/org/apache/maven/maven-model/2.0.9/maven-model-2.0.9.pom (3.1 kB at 25 kB/s)
Downloading from central-https: https://repo1.maven.org/maven2/org/apache/maven/maven-profile/2.0.9/maven-profile-2.0.9.pom
Progress (1): 829 B
Progress (1): 2.0 kB
                    
Downloaded from central-https: https://repo1.maven.org/maven2/org/apache/maven/maven-profile/2.0.9/maven-profile-2.0.9.pom (2.0 kB at 24 kB/s)
Downloading from central-https: https://repo1.maven.org/maven2/org/apache/maven/maven-artifact-manager/2.0.9/maven-artifact-manager-2.0.9.pom
Progress (1): 819 B
Progress (1): 2.7 kB
                    
Downloaded from central-https: https://repo1.maven.org/maven2/org/apache/maven/maven-artifact-manager/2.0.9/maven-artifact-manager-2.0.9.pom (2.7 kB at 38 kB/s)
Downloading from central-https: https://repo1.maven.org/maven2/org/apache/maven/maven-repository-metadata/2.0.9/maven-repository-metadata-2.0.9.pom
Progress (1): 831 B
Progress (1): 1.9 kB
                    
Downloaded from central-https: https://repo1.maven.org/maven2/org/apache/maven/maven-repository-metadata/2.0.9/maven-repository-metadata-2.0.9.pom (1.9 kB at 16 kB/s)
Downloading from central-https: https://repo1.maven.org/maven2/org/apache/maven/maven-plugin-registry/2.0.9/maven-plugin-registry-2.0.9.pom
Progress (1): 826 B
Progress (1): 2.0 kB
                    
Downloaded from central-https: https://repo1.maven.org/maven2/org/apache/maven/maven-plugin-registry/2.0.9/maven-plugin-registry-2.0.9.pom (2.0 kB at 21 kB/s)
Downloading from central-https: https://repo1.maven.org/maven2/org/apache/maven/maven-core/2.0.9/maven-core-2.0.9.pom
Progress (1): 803 B
Progress (1): 3.7 kB
Progress (1): 7.5 kB
Progress (1): 7.8 kB
                    
Downloaded from central-https: https://repo1.maven.org/maven2/org/apache/maven/maven-core/2.0.9/maven-core-2.0.9.pom (7.8 kB at 108 kB/s)
Downloading from central-https: https://repo1.maven.org/maven2/org/apache/maven/maven-plugin-parameter-documenter/2.0.9/maven-plugin-parameter-documenter-2.0.9.pom
Progress (1): 823 B
Progress (1): 2.0 kB
                    
Downloaded from central-https: https://repo1.maven.org/maven2/org/apache/maven/maven-plugin-parameter-documenter/2.0.9/maven-plugin-parameter-documenter-2.0.9.pom (2.0 kB at 22 kB/s)
Downloading from central-https: https://repo1.maven.org/maven2/org/apache/maven/reporting/maven-reporting-api/2.0.9/maven-reporting-api-2.0.9.pom
Progress (1): 829 B
Progress (1): 1.8 kB
                    
Downloaded from central-https: https://repo1.maven.org/maven2/org/apache/maven/reporting/maven-reporting-api/2.0.9/maven-reporting-api-2.0.9.pom (1.8 kB at 25 kB/s)
Downloading from central-https: https://repo1.maven.org/maven2/org/apache/maven/reporting/maven-reporting/2.0.9/maven-reporting-2.0.9.pom
Progress (1): 835 B
Progress (1): 1.5 kB
                    
Downloaded from central-https: https://repo1.maven.org/maven2/org/apache/maven/reporting/maven-reporting/2.0.9/maven-reporting-2.0.9.pom (1.5 kB at 19 kB/s)
Downloading from central-https: https://repo1.maven.org/maven2/org/apache/maven/doxia/doxia-sink-api/1.0-alpha-10/doxia-sink-api-1.0-alpha-10.pom
Progress (1): 835 B
Progress (1): 1.3 kB
                    
Downloaded from central-https: https://repo1.maven.org/maven2/org/apache/maven/doxia/doxia-sink-api/1.0-alpha-10/doxia-sink-api-1.0-alpha-10.pom (1.3 kB at 14 kB/s)
Downloading from central-https: https://repo1.maven.org/maven2/org/apache/maven/doxia/doxia/1.0-alpha-10/doxia-1.0-alpha-10.pom
Progress (1): 762 B
Progress (1): 2.2 kB
Progress (1): 5.1 kB
Progress (1): 9.0 kB
Progress (1): 9.2 kB
                    
Downloaded from central-https: https://repo1.maven.org/maven2/org/apache/maven/doxia/doxia/1.0-alpha-10/doxia-1.0-alpha-10.pom (9.2 kB at 76 kB/s)
Downloading from central-https: https://repo1.maven.org/maven2/org/apache/maven/maven-error-diagnostics/2.0.9/maven-error-diagnostics-2.0.9.pom
Progress (1): 832 B
Progress (1): 1.7 kB
                    
Downloaded from central-https: https://repo1.maven.org/maven2/org/apache/maven/maven-error-diagnostics/2.0.9/maven-error-diagnostics-2.0.9.pom (1.7 kB at 14 kB/s)
Downloading from central-https: https://repo1.maven.org/maven2/org/apache/maven/maven-plugin-descriptor/2.0.9/maven-plugin-descriptor-2.0.9.pom
Progress (1): 829 B
Progress (1): 2.1 kB
                    
Downloaded from central-https: https://repo1.maven.org/maven2/org/apache/maven/maven-plugin-descriptor/2.0.9/maven-plugin-descriptor-2.0.9.pom (2.1 kB at 24 kB/s)
Downloading from central-https: https://repo1.maven.org/maven2/org/apache/maven/maven-monitor/2.0.9/maven-monitor-2.0.9.pom
Progress (1): 837 B
Progress (1): 1.3 kB
                    
Downloaded from central-https: https://repo1.maven.org/maven2/org/apache/maven/maven-monitor/2.0.9/maven-monitor-2.0.9.pom (1.3 kB at 16 kB/s)
Downloading from central-https: https://repo1.maven.org/maven2/org/apache/maven/enforcer/enforcer-api/1.3/enforcer-api-1.3.pom
Progress (1): 876 B
Progress (1): 2.5 kB
Progress (1): 2.7 kB
                    
Downloaded from central-https: https://repo1.maven.org/maven2/org/apache/maven/enforcer/enforcer-api/1.3/enforcer-api-1.3.pom (2.7 kB at 27 kB/s)
Downloading from central-https: https://repo1.maven.org/maven2/org/apache/maven/enforcer/enforcer-rules/1.3/enforcer-rules-1.3.pom
Progress (1): 857 B
Progress (1): 3.6 kB
Progress (1): 3.8 kB
                    
Downloaded from central-https: https://repo1.maven.org/maven2/org/apache/maven/enforcer/enforcer-rules/1.3/enforcer-rules-1.3.pom (3.8 kB at 45 kB/s)
Downloading from central-https: https://repo1.maven.org/maven2/org/apache/maven/shared/maven-common-artifact-filters/1.4/maven-common-artifact-filters-1.4.pom
Progress (1): 829 B
Progress (1): 2.8 kB
Progress (1): 3.8 kB
                    
Downloaded from central-https: https://repo1.maven.org/maven2/org/apache/maven/shared/maven-common-artifact-filters/1.4/maven-common-artifact-filters-1.4.pom (3.8 kB at 49 kB/s)
Downloading from central-https: https://repo1.maven.org/maven2/org/apache/maven/shared/maven-shared-components/17/maven-shared-components-17.pom
Progress (1): 768 B
Progress (1): 3.0 kB
Progress (1): 6.3 kB
Progress (1): 8.5 kB
Progress (1): 8.7 kB
                    
Downloaded from central-https: https://repo1.maven.org/maven2/org/apache/maven/shared/maven-shared-components/17/maven-shared-components-17.pom (8.7 kB at 128 kB/s)
Downloading from central-https: https://repo1.maven.org/maven2/org/apache/maven/maven-parent/21/maven-parent-21.pom
Progress (1): 740 B
Progress (1): 2.0 kB
Progress (1): 6.0 kB
Progress (1): 11 kB 
Progress (1): 15 kB
Progress (1): 18 kB
Progress (1): 20 kB
Progress (1): 23 kB
Progress (1): 26 kB
                   
Downloaded from central-https: https://repo1.maven.org/maven2/org/apache/maven/maven-parent/21/maven-parent-21.pom (26 kB at 244 kB/s)
Downloading from central-https: https://repo1.maven.org/maven2/org/apache/apache/10/apache-10.pom
Progress (1): 753 B
Progress (1): 2.1 kB
Progress (1): 4.1 kB
Progress (1): 8.9 kB
Progress (1): 12 kB 
Progress (1): 15 kB
                   
Downloaded from central-https: https://repo1.maven.org/maven2/org/apache/apache/10/apache-10.pom (15 kB at 192 kB/s)
Downloading from central-https: https://repo1.maven.org/maven2/org/apache/xbean/xbean-reflect/3.4/xbean-reflect-3.4.pom
Progress (1): 881 B
Progress (1): 2.6 kB
Progress (1): 2.8 kB
                    
Downloaded from central-https: https://repo1.maven.org/maven2/org/apache/xbean/xbean-reflect/3.4/xbean-reflect-3.4.pom (2.8 kB at 31 kB/s)
Downloading from central-https: https://repo1.maven.org/maven2/org/apache/xbean/xbean/3.4/xbean-3.4.pom
Progress (1): 846 B
Progress (1): 2.1 kB
Progress (1): 5.2 kB
Progress (1): 9.4 kB
Progress (1): 12 kB 
Progress (1): 15 kB
Progress (1): 18 kB
Progress (1): 19 kB
                   
Downloaded from central-https: https://repo1.maven.org/maven2/org/apache/xbean/xbean/3.4/xbean-3.4.pom (19 kB at 189 kB/s)
Downloading from central-https: https://repo1.maven.org/maven2/org/apache/maven/shared/maven-dependency-tree/2.1/maven-dependency-tree-2.1.pom
Progress (1): 791 B
Progress (1): 2.3 kB
Progress (1): 4.9 kB
Progress (1): 6.8 kB
                    
Downloaded from central-https: https://repo1.maven.org/maven2/org/apache/maven/shared/maven-dependency-tree/2.1/maven-dependency-tree-2.1.pom (6.8 kB at 72 kB/s)
Downloading from central-https: https://repo1.maven.org/maven2/org/apache/maven/shared/maven-shared-components/19/maven-shared-components-19.pom
Progress (1): 773 B
Progress (1): 2.4 kB
Progress (1): 4.2 kB
Progress (1): 6.4 kB
                    
Downloaded from central-https: https://repo1.maven.org/maven2/org/apache/maven/shared/maven-shared-components/19/maven-shared-components-19.pom (6.4 kB at 57 kB/s)
Downloading from central-https: https://repo1.maven.org/maven2/org/apache/maven/maven-artifact/2.0.9/maven-artifact-2.0.9.jar
Downloading from central-https: https://repo1.maven.org/maven2/org/apache/maven/maven-plugin-api/2.0.9/maven-plugin-api-2.0.9.jar
Downloading from central-https: https://repo1.maven.org/maven2/org/apache/maven/maven-project/2.0.9/maven-project-2.0.9.jar
Downloading from central-https: https://repo1.maven.org/maven2/org/apache/maven/maven-profile/2.0.9/maven-profile-2.0.9.jar
Downloading from central-https: https://repo1.maven.org/maven2/org/apache/maven/maven-settings/2.0.9/maven-settings-2.0.9.jar
Progress (1): 7.7/122 kB
Progress (2): 7.7/122 kB | 7.7/49 kB
Progress (2): 16/122 kB | 7.7/49 kB 
Progress (2): 32/122 kB | 7.7/49 kB
Progress (2): 49/122 kB | 7.7/49 kB
Progress (2): 65/122 kB | 7.7/49 kB
Progress (2): 81/122 kB | 7.7/49 kB
Progress (2): 98/122 kB | 7.7/49 kB
Progress (2): 114/122 kB | 7.7/49 kB
Progress (2): 122 kB | 7.7/49 kB    
Progress (2): 122 kB | 16/49 kB 
Progress (2): 122 kB | 28/49 kB
Progress (2): 122 kB | 44/49 kB
Progress (2): 122 kB | 49 kB   
Progress (3): 122 kB | 49 kB | 3.4/13 kB
Progress (4): 122 kB | 49 kB | 3.4/13 kB | 7.7/89 kB
Progress (5): 122 kB | 49 kB | 3.4/13 kB | 7.7/89 kB | 7.7/35 kB
Progress (5): 122 kB | 49 kB | 7.6/13 kB | 7.7/89 kB | 7.7/35 kB
Progress (5): 122 kB | 49 kB | 12/13 kB | 7.7/89 kB | 7.7/35 kB 
Progress (5): 122 kB | 49 kB | 13 kB | 7.7/89 kB | 7.7/35 kB   
Progress (5): 122 kB | 49 kB | 13 kB | 16/89 kB | 7.7/35 kB 
Progress (5): 122 kB | 49 kB | 13 kB | 16/89 kB | 16/35 kB 
Progress (5): 122 kB | 49 kB | 13 kB | 32/89 kB | 16/35 kB
Progress (5): 122 kB | 49 kB | 13 kB | 32/89 kB | 32/35 kB
Progress (5): 122 kB | 49 kB | 13 kB | 32/89 kB | 35 kB   
Progress (5): 122 kB | 49 kB | 13 kB | 49/89 kB | 35 kB
Progress (5): 122 kB | 49 kB | 13 kB | 65/89 kB | 35 kB
Progress (5): 122 kB | 49 kB | 13 kB | 81/89 kB | 35 kB
Progress (5): 122 kB | 49 kB | 13 kB | 89 kB | 35 kB   
                                                    
Downloaded from central-https: https://repo1.maven.org/maven2/org/apache/maven/maven-project/2.0.9/maven-project-2.0.9.jar (122 kB at 213 kB/s)
Downloading from central-https: https://repo1.maven.org/maven2/org/apache/maven/maven-model/2.0.9/maven-model-2.0.9.jar
Downloaded from central-https: https://repo1.maven.org/maven2/org/apache/maven/maven-settings/2.0.9/maven-settings-2.0.9.jar (49 kB at 86 kB/s)
Downloading from central-https: https://repo1.maven.org/maven2/org/apache/maven/maven-artifact-manager/2.0.9/maven-artifact-manager-2.0.9.jar
Downloaded from central-https: https://repo1.maven.org/maven2/org/apache/maven/maven-plugin-api/2.0.9/maven-plugin-api-2.0.9.jar (13 kB at 22 kB/s)
Downloading from central-https: https://repo1.maven.org/maven2/org/apache/maven/maven-plugin-registry/2.0.9/maven-plugin-registry-2.0.9.jar
Downloaded from central-https: https://repo1.maven.org/maven2/org/apache/maven/maven-profile/2.0.9/maven-profile-2.0.9.jar (35 kB at 61 kB/s)
Downloading from central-https: https://repo1.maven.org/maven2/org/apache/maven/maven-core/2.0.9/maven-core-2.0.9.jar
Downloaded from central-https: https://repo1.maven.org/maven2/org/apache/maven/maven-artifact/2.0.9/maven-artifact-2.0.9.jar (89 kB at 154 kB/s)
Downloading from central-https: https://repo1.maven.org/maven2/org/apache/maven/maven-plugin-parameter-documenter/2.0.9/maven-plugin-parameter-documenter-2.0.9.jar
Progress (1): 7.7/87 kB
Progress (2): 7.7/87 kB | 3.8/29 kB
Progress (3): 7.7/87 kB | 3.8/29 kB | 7.7/58 kB
Progress (4): 7.7/87 kB | 3.8/29 kB | 7.7/58 kB | 7.7/160 kB
Progress (4): 7.7/87 kB | 3.8/29 kB | 16/58 kB | 7.7/160 kB 
Progress (4): 12/87 kB | 3.8/29 kB | 16/58 kB | 7.7/160 kB 
Progress (4): 12/87 kB | 3.8/29 kB | 29/58 kB | 7.7/160 kB
Progress (4): 28/87 kB | 3.8/29 kB | 29/58 kB | 7.7/160 kB
Progress (4): 28/87 kB | 3.8/29 kB | 45/58 kB | 7.7/160 kB
Progress (4): 44/87 kB | 3.8/29 kB | 45/58 kB | 7.7/160 kB
Progress (4): 44/87 kB | 3.8/29 kB | 58 kB | 7.7/160 kB   
Progress (4): 61/87 kB | 3.8/29 kB | 58 kB | 7.7/160 kB
Progress (4): 61/87 kB | 8.0/29 kB | 58 kB | 7.7/160 kB
Progress (5): 61/87 kB | 8.0/29 kB | 58 kB | 7.7/160 kB | 7.7/21 kB
Progress (5): 61/87 kB | 8.0/29 kB | 58 kB | 16/160 kB | 7.7/21 kB 
Progress (5): 77/87 kB | 8.0/29 kB | 58 kB | 16/160 kB | 7.7/21 kB
Progress (5): 77/87 kB | 8.0/29 kB | 58 kB | 32/160 kB | 7.7/21 kB
Progress (5): 87 kB | 8.0/29 kB | 58 kB | 32/160 kB | 7.7/21 kB   
Progress (5): 87 kB | 8.0/29 kB | 58 kB | 49/160 kB | 7.7/21 kB
Progress (5): 87 kB | 12/29 kB | 58 kB | 49/160 kB | 7.7/21 kB 
Progress (5): 87 kB | 12/29 kB | 58 kB | 49/160 kB | 16/21 kB 
Progress (5): 87 kB | 12/29 kB | 58 kB | 65/160 kB | 16/21 kB
Progress (5): 87 kB | 16/29 kB | 58 kB | 65/160 kB | 16/21 kB
Progress (5): 87 kB | 16/29 kB | 58 kB | 65/160 kB | 21 kB   
Progress (5): 87 kB | 21/29 kB | 58 kB | 65/160 kB | 21 kB
Progress (5): 87 kB | 21/29 kB | 58 kB | 81/160 kB | 21 kB
Progress (5): 87 kB | 25/29 kB | 58 kB | 81/160 kB | 21 kB
Progress (5): 87 kB | 29/29 kB | 58 kB | 81/160 kB | 21 kB
Progress (5): 87 kB | 29 kB | 58 kB | 81/160 kB | 21 kB   
Progress (5): 87 kB | 29 kB | 58 kB | 98/160 kB | 21 kB
Progress (5): 87 kB | 29 kB | 58 kB | 114/160 kB | 21 kB
Progress (5): 87 kB | 29 kB | 58 kB | 131/160 kB | 21 kB
Progress (5): 87 kB | 29 kB | 58 kB | 147/160 kB | 21 kB
Progress (5): 87 kB | 29 kB | 58 kB | 160 kB | 21 kB    
                                                    
Downloaded from central-https: https://repo1.maven.org/maven2/org/apache/maven/maven-artifact-manager/2.0.9/maven-artifact-manager-2.0.9.jar (58 kB at 90 kB/s)
Downloading from central-https: https://repo1.maven.org/maven2/org/apache/maven/reporting/maven-reporting-api/2.0.9/maven-reporting-api-2.0.9.jar
Downloaded from central-https: https://repo1.maven.org/maven2/org/apache/maven/maven-model/2.0.9/maven-model-2.0.9.jar (87 kB at 136 kB/s)
Downloading from central-https: https://repo1.maven.org/maven2/org/apache/maven/doxia/doxia-sink-api/1.0-alpha-10/doxia-sink-api-1.0-alpha-10.jar
Downloaded from central-https: https://repo1.maven.org/maven2/org/apache/maven/maven-plugin-registry/2.0.9/maven-plugin-registry-2.0.9.jar (29 kB at 45 kB/s)
Downloading from central-https: https://repo1.maven.org/maven2/org/apache/maven/maven-repository-metadata/2.0.9/maven-repository-metadata-2.0.9.jar
Downloaded from central-https: https://repo1.maven.org/maven2/org/apache/maven/maven-core/2.0.9/maven-core-2.0.9.jar (160 kB at 246 kB/s)
Downloading from central-https: https://repo1.maven.org/maven2/org/apache/maven/maven-error-diagnostics/2.0.9/maven-error-diagnostics-2.0.9.jar
Downloaded from central-https: https://repo1.maven.org/maven2/org/apache/maven/maven-plugin-parameter-documenter/2.0.9/maven-plugin-parameter-documenter-2.0.9.jar (21 kB at 32 kB/s)
Downloading from central-https: https://repo1.maven.org/maven2/org/apache/maven/maven-plugin-descriptor/2.0.9/maven-plugin-descriptor-2.0.9.jar
Progress (1): 7.7/10 kB
Progress (2): 7.7/10 kB | 7.7/25 kB
Progress (2): 10 kB | 7.7/25 kB    
Progress (3): 10 kB | 7.7/25 kB | 3.4/9.9 kB
Progress (3): 10 kB | 8.2/25 kB | 3.4/9.9 kB
Progress (3): 10 kB | 25 kB | 3.4/9.9 kB    
Progress (3): 10 kB | 25 kB | 7.6/9.9 kB
Progress (4): 10 kB | 25 kB | 7.6/9.9 kB | 7.7/14 kB
Progress (4): 10 kB | 25 kB | 9.9 kB | 7.7/14 kB    
Progress (4): 10 kB | 25 kB | 9.9 kB | 14 kB    
Progress (5): 10 kB | 25 kB | 9.9 kB | 14 kB | 7.7/37 kB
Progress (5): 10 kB | 25 kB | 9.9 kB | 14 kB | 16/37 kB 
Progress (5): 10 kB | 25 kB | 9.9 kB | 14 kB | 32/37 kB
Progress (5): 10 kB | 25 kB | 9.9 kB | 14 kB | 37 kB   
                                                    
Downloaded from central-https: https://repo1.maven.org/maven2/org/apache/maven/reporting/maven-reporting-api/2.0.9/maven-reporting-api-2.0.9.jar (10 kB at 14 kB/s)
Downloading from central-https: https://repo1.maven.org/maven2/org/apache/maven/maven-monitor/2.0.9/maven-monitor-2.0.9.jar
Downloaded from central-https: https://repo1.maven.org/maven2/org/apache/maven/maven-error-diagnostics/2.0.9/maven-error-diagnostics-2.0.9.jar (14 kB at 19 kB/s)
Downloading from central-https: https://repo1.maven.org/maven2/org/apache/maven/enforcer/enforcer-api/1.3/enforcer-api-1.3.jar
Downloaded from central-https: https://repo1.maven.org/maven2/org/apache/maven/doxia/doxia-sink-api/1.0-alpha-10/doxia-sink-api-1.0-alpha-10.jar (9.9 kB at 14 kB/s)
Downloading from central-https: https://repo1.maven.org/maven2/org/apache/maven/enforcer/enforcer-rules/1.3/enforcer-rules-1.3.jar
Downloaded from central-https: https://repo1.maven.org/maven2/org/apache/maven/maven-plugin-descriptor/2.0.9/maven-plugin-descriptor-2.0.9.jar (37 kB at 52 kB/s)
Downloading from central-https: https://repo1.maven.org/maven2/org/apache/maven/shared/maven-common-artifact-filters/1.4/maven-common-artifact-filters-1.4.jar
Downloaded from central-https: https://repo1.maven.org/maven2/org/apache/maven/maven-repository-metadata/2.0.9/maven-repository-metadata-2.0.9.jar (25 kB at 34 kB/s)
Downloading from central-https: https://repo1.maven.org/maven2/org/apache/maven/shared/maven-dependency-tree/2.1/maven-dependency-tree-2.1.jar
Progress (1): 7.7/10 kB
Progress (1): 10 kB    
Progress (2): 10 kB | 7.7/9.7 kB
                                
Downloaded from central-https: https://repo1.maven.org/maven2/org/apache/maven/maven-monitor/2.0.9/maven-monitor-2.0.9.jar (10 kB at 14 kB/s)
Progress (1): 9.7 kB
Progress (2): 9.7 kB | 7.7/32 kB
Progress (2): 9.7 kB | 8.2/32 kB
Progress (3): 9.7 kB | 8.2/32 kB | 7.7/60 kB
Progress (3): 9.7 kB | 25/32 kB | 7.7/60 kB 
Progress (3): 9.7 kB | 32 kB | 7.7/60 kB   
Progress (4): 9.7 kB | 32 kB | 7.7/60 kB | 3.8/87 kB
Progress (4): 9.7 kB | 32 kB | 16/60 kB | 3.8/87 kB 
Progress (4): 9.7 kB | 32 kB | 29/60 kB | 3.8/87 kB
Progress (4): 9.7 kB | 32 kB | 29/60 kB | 8.0/87 kB
Progress (4): 9.7 kB | 32 kB | 29/60 kB | 12/87 kB 
Progress (4): 9.7 kB | 32 kB | 29/60 kB | 16/87 kB
Progress (4): 9.7 kB | 32 kB | 45/60 kB | 16/87 kB
Progress (4): 9.7 kB | 32 kB | 45/60 kB | 21/87 kB
Progress (4): 9.7 kB | 32 kB | 45/60 kB | 25/87 kB
Progress (4): 9.7 kB | 32 kB | 60 kB | 25/87 kB   
Progress (4): 9.7 kB | 32 kB | 60 kB | 41/87 kB
Progress (4): 9.7 kB | 32 kB | 60 kB | 57/87 kB
                                               
Downloaded from central-https: https://repo1.maven.org/maven2/org/apache/maven/enforcer/enforcer-api/1.3/enforcer-api-1.3.jar (9.7 kB at 13 kB/s)
Progress (3): 32 kB | 60 kB | 74/87 kB
Progress (3): 32 kB | 60 kB | 87 kB   
                                   
Downloaded from central-https: https://repo1.maven.org/maven2/org/apache/maven/shared/maven-common-artifact-filters/1.4/maven-common-artifact-filters-1.4.jar (32 kB at 41 kB/s)
Downloaded from central-https: https://repo1.maven.org/maven2/org/apache/maven/shared/maven-dependency-tree/2.1/maven-dependency-tree-2.1.jar (60 kB at 78 kB/s)
Downloaded from central-https: https://repo1.maven.org/maven2/org/apache/maven/enforcer/enforcer-rules/1.3/enforcer-rules-1.3.jar (87 kB at 113 kB/s)
[INFO] 
[INFO] --- remote-resources:1.4:process (default) @ mina-coap ---
Downloading from central-https: https://repo1.maven.org/maven2/org/apache/maven/maven-core/2.0.6/maven-core-2.0.6.pom
Progress (1): 776 B
Progress (1): 2.7 kB
Progress (1): 6.7 kB
                    
Downloaded from central-https: https://repo1.maven.org/maven2/org/apache/maven/maven-core/2.0.6/maven-core-2.0.6.pom (6.7 kB at 110 kB/s)
Downloading from central-https: https://repo1.maven.org/maven2/org/apache/maven/maven-settings/2.0.6/maven-settings-2.0.6.pom
Progress (1): 830 B
Progress (1): 2.0 kB
                    
Downloaded from central-https: https://repo1.maven.org/maven2/org/apache/maven/maven-settings/2.0.6/maven-settings-2.0.6.pom (2.0 kB at 33 kB/s)
Downloading from central-https: https://repo1.maven.org/maven2/org/apache/maven/maven-plugin-parameter-documenter/2.0.6/maven-plugin-parameter-documenter-2.0.6.pom
Progress (1): 830 B
Progress (1): 1.9 kB
                    
Downloaded from central-https: https://repo1.maven.org/maven2/org/apache/maven/maven-plugin-parameter-documenter/2.0.6/maven-plugin-parameter-documenter-2.0.6.pom (1.9 kB at 35 kB/s)
Downloading from central-https: https://repo1.maven.org/maven2/org/apache/maven/reporting/maven-reporting-api/2.0.6/maven-reporting-api-2.0.6.pom
Progress (1): 830 B
Progress (1): 1.8 kB
                    
Downloaded from central-https: https://repo1.maven.org/maven2/org/apache/maven/reporting/maven-reporting-api/2.0.6/maven-reporting-api-2.0.6.pom (1.8 kB at 30 kB/s)
Downloading from central-https: https://repo1.maven.org/maven2/org/apache/maven/reporting/maven-reporting/2.0.6/maven-reporting-2.0.6.pom
Progress (1): 835 B
Progress (1): 1.4 kB
                    
Downloaded from central-https: https://repo1.maven.org/maven2/org/apache/maven/reporting/maven-reporting/2.0.6/maven-reporting-2.0.6.pom (1.4 kB at 24 kB/s)
Downloading from central-https: https://repo1.maven.org/maven2/org/apache/maven/maven-profile/2.0.6/maven-profile-2.0.6.pom
Progress (1): 830 B
Progress (1): 2.0 kB
                    
Downloaded from central-https: https://repo1.maven.org/maven2/org/apache/maven/maven-profile/2.0.6/maven-profile-2.0.6.pom (2.0 kB at 34 kB/s)
Downloading from central-https: https://repo1.maven.org/maven2/org/apache/maven/maven-repository-metadata/2.0.6/maven-repository-metadata-2.0.6.pom
Progress (1): 832 B
Progress (1): 1.9 kB
                    
Downloaded from central-https: https://repo1.maven.org/maven2/org/apache/maven/maven-repository-metadata/2.0.6/maven-repository-metadata-2.0.6.pom (1.9 kB at 37 kB/s)
Downloading from central-https: https://repo1.maven.org/maven2/org/apache/maven/maven-error-diagnostics/2.0.6/maven-error-diagnostics-2.0.6.pom
Progress (1): 832 B
Progress (1): 1.7 kB
                    
Downloaded from central-https: https://repo1.maven.org/maven2/org/apache/maven/maven-error-diagnostics/2.0.6/maven-error-diagnostics-2.0.6.pom (1.7 kB at 32 kB/s)
Downloading from central-https: https://repo1.maven.org/maven2/org/apache/maven/maven-project/2.0.6/maven-project-2.0.6.pom
Progress (1): 823 B
Progress (1): 2.6 kB
                    
Downloaded from central-https: https://repo1.maven.org/maven2/org/apache/maven/maven-project/2.0.6/maven-project-2.0.6.pom (2.6 kB at 50 kB/s)
Downloading from central-https: https://repo1.maven.org/maven2/org/apache/maven/maven-artifact-manager/2.0.6/maven-artifact-manager-2.0.6.pom
Progress (1): 816 B
Progress (1): 2.6 kB
                    
Downloaded from central-https: https://repo1.maven.org/maven2/org/apache/maven/maven-artifact-manager/2.0.6/maven-artifact-manager-2.0.6.pom (2.6 kB at 52 kB/s)
Downloading from central-https: https://repo1.maven.org/maven2/org/apache/maven/maven-plugin-registry/2.0.6/maven-plugin-registry-2.0.6.pom
Progress (1): 830 B
Progress (1): 1.9 kB
                    
Downloaded from central-https: https://repo1.maven.org/maven2/org/apache/maven/maven-plugin-registry/2.0.6/maven-plugin-registry-2.0.6.pom (1.9 kB at 38 kB/s)
Downloading from central-https: https://repo1.maven.org/maven2/org/apache/maven/maven-plugin-api/2.0.6/maven-plugin-api-2.0.6.pom
Progress (1): 847 B
Progress (1): 1.5 kB
                    
Downloaded from central-https: https://repo1.maven.org/maven2/org/apache/maven/maven-plugin-api/2.0.6/maven-plugin-api-2.0.6.pom (1.5 kB at 26 kB/s)
Downloading from central-https: https://repo1.maven.org/maven2/org/apache/maven/maven-plugin-descriptor/2.0.6/maven-plugin-descriptor-2.0.6.pom
Progress (1): 830 B
Progress (1): 2.0 kB
                    
Downloaded from central-https: https://repo1.maven.org/maven2/org/apache/maven/maven-plugin-descriptor/2.0.6/maven-plugin-descriptor-2.0.6.pom (2.0 kB at 20 kB/s)
Downloading from central-https: https://repo1.maven.org/maven2/org/apache/maven/maven-monitor/2.0.6/maven-monitor-2.0.6.pom
Progress (1): 849 B
Progress (1): 1.3 kB
                    
Downloaded from central-https: https://repo1.maven.org/maven2/org/apache/maven/maven-monitor/2.0.6/maven-monitor-2.0.6.pom (1.3 kB at 22 kB/s)
Downloading from central-https: https://repo1.maven.org/maven2/org/apache/maven/shared/maven-artifact-resolver/1.0/maven-artifact-resolver-1.0.pom
Progress (1): 799 B
Progress (1): 2.8 kB
Progress (1): 5.2 kB
Progress (1): 6.0 kB
                    
Downloaded from central-https: https://repo1.maven.org/maven2/org/apache/maven/shared/maven-artifact-resolver/1.0/maven-artifact-resolver-1.0.pom (6.0 kB at 98 kB/s)
Downloading from central-https: https://repo1.maven.org/maven2/org/apache/maven/shared/maven-shared-components/12/maven-shared-components-12.pom
Progress (1): 772 B
Progress (1): 2.9 kB
Progress (1): 6.5 kB
Progress (1): 9.1 kB
Progress (1): 9.3 kB
                    
Downloaded from central-https: https://repo1.maven.org/maven2/org/apache/maven/shared/maven-shared-components/12/maven-shared-components-12.pom (9.3 kB at 164 kB/s)
Downloading from central-https: https://repo1.maven.org/maven2/org/apache/maven/maven-parent/13/maven-parent-13.pom
Progress (1): 745 B
Progress (1): 1.9 kB
Progress (1): 6.5 kB
Progress (1): 11 kB 
Progress (1): 14 kB
Progress (1): 16 kB
Progress (1): 20 kB
Progress (1): 23 kB
                   
Downloaded from central-https: https://repo1.maven.org/maven2/org/apache/maven/maven-parent/13/maven-parent-13.pom (23 kB at 397 kB/s)
Downloading from central-https: https://repo1.maven.org/maven2/org/apache/apache/6/apache-6.pom
Progress (1): 749 B
Progress (1): 2.0 kB
Progress (1): 3.7 kB
Progress (1): 6.9 kB
Progress (1): 11 kB 
Progress (1): 13 kB
                   
Downloaded from central-https: https://repo1.maven.org/maven2/org/apache/apache/6/apache-6.pom (13 kB at 224 kB/s)
Downloading from central-https: https://repo1.maven.org/maven2/org/apache/maven/shared/maven-common-artifact-filters/1.0/maven-common-artifact-filters-1.0.pom
Progress (1): 1.9 kB
Progress (1): 2.0 kB
                    
Downloaded from central-https: https://repo1.maven.org/maven2/org/apache/maven/shared/maven-common-artifact-filters/1.0/maven-common-artifact-filters-1.0.pom (2.0 kB at 33 kB/s)
Downloading from central-https: https://repo1.maven.org/maven2/org/apache/maven/shared/maven-shared-components/8/maven-shared-components-8.pom
Progress (1): 1.4 kB
Progress (1): 2.7 kB
                    
Downloaded from central-https: https://repo1.maven.org/maven2/org/apache/maven/shared/maven-shared-components/8/maven-shared-components-8.pom (2.7 kB at 43 kB/s)
Downloading from central-https: https://repo1.maven.org/maven2/org/apache/maven/maven-parent/7/maven-parent-7.pom
Progress (1): 751 B
Progress (1): 2.0 kB
Progress (1): 4.5 kB
Progress (1): 8.0 kB
Progress (1): 12 kB 
Progress (1): 16 kB
Progress (1): 20 kB
Progress (1): 21 kB
                   
Downloaded from central-https: https://repo1.maven.org/maven2/org/apache/maven/maven-parent/7/maven-parent-7.pom (21 kB at 317 kB/s)
Downloading from central-https: https://repo1.maven.org/maven2/org/apache/maven/shared/maven-plugin-testing-harness/1.1/maven-plugin-testing-harness-1.1.pom
Progress (1): 806 B
Progress (1): 3.0 kB
Progress (1): 6.3 kB
                    
Downloaded from central-https: https://repo1.maven.org/maven2/org/apache/maven/shared/maven-plugin-testing-harness/1.1/maven-plugin-testing-harness-1.1.pom (6.3 kB at 102 kB/s)
Downloading from central-https: https://repo1.maven.org/maven2/org/apache/maven/shared/maven-shared-components/7/maven-shared-components-7.pom
Progress (1): 1.5 kB
Progress (1): 2.6 kB
                    
Downloaded from central-https: https://repo1.maven.org/maven2/org/apache/maven/shared/maven-shared-components/7/maven-shared-components-7.pom (2.6 kB at 47 kB/s)
Downloading from central-https: https://repo1.maven.org/maven2/org/apache/maven/maven-project/2.0/maven-project-2.0.pom
Progress (1): 1.6 kB
                    
Downloaded from central-https: https://repo1.maven.org/maven2/org/apache/maven/maven-project/2.0/maven-project-2.0.pom (1.6 kB at 30 kB/s)
Downloading from central-https: https://repo1.maven.org/maven2/org/apache/maven/maven/2.0/maven-2.0.pom
Progress (1): 1.0 kB
Progress (1): 4.6 kB
Progress (1): 7.1 kB
Progress (1): 8.8 kB
                    
Downloaded from central-https: https://repo1.maven.org/maven2/org/apache/maven/maven/2.0/maven-2.0.pom (8.8 kB at 162 kB/s)
Downloading from central-https: https://repo1.maven.org/maven2/org/apache/maven/maven-profile/2.0/maven-profile-2.0.pom
Progress (1): 1.4 kB
                    
Downloaded from central-https: https://repo1.maven.org/maven2/org/apache/maven/maven-profile/2.0/maven-profile-2.0.pom (1.4 kB at 25 kB/s)
Downloading from central-https: https://repo1.maven.org/maven2/org/apache/maven/maven-model/2.0/maven-model-2.0.pom
Progress (1): 2.4 kB
Progress (1): 2.4 kB
                    
Downloaded from central-https: https://repo1.maven.org/maven2/org/apache/maven/maven-model/2.0/maven-model-2.0.pom (2.4 kB at 42 kB/s)
Downloading from central-https: https://repo1.maven.org/maven2/org/apache/maven/maven-artifact-manager/2.0/maven-artifact-manager-2.0.pom
Progress (1): 1.3 kB
                    
Downloaded from central-https: https://repo1.maven.org/maven2/org/apache/maven/maven-artifact-manager/2.0/maven-artifact-manager-2.0.pom (1.3 kB at 21 kB/s)
Downloading from central-https: https://repo1.maven.org/maven2/org/apache/maven/maven-repository-metadata/2.0/maven-repository-metadata-2.0.pom
Progress (1): 1.2 kB
                    
Downloaded from central-https: https://repo1.maven.org/maven2/org/apache/maven/maven-repository-metadata/2.0/maven-repository-metadata-2.0.pom (1.2 kB at 22 kB/s)
Downloading from central-https: https://repo1.maven.org/maven2/org/apache/maven/maven-artifact/2.0/maven-artifact-2.0.pom
Progress (1): 723 B
                   
Downloaded from central-https: https://repo1.maven.org/maven2/org/apache/maven/maven-artifact/2.0/maven-artifact-2.0.pom (723 B at 12 kB/s)
Downloading from central-https: https://repo1.maven.org/maven2/org/apache/maven/maven-core/2.0/maven-core-2.0.pom
Progress (1): 3.0 kB
Progress (1): 5.6 kB
                    
Downloaded from central-https: https://repo1.maven.org/maven2/org/apache/maven/maven-core/2.0/maven-core-2.0.pom (5.6 kB at 102 kB/s)
Downloading from central-https: https://repo1.maven.org/maven2/org/apache/maven/maven-settings/2.0/maven-settings-2.0.pom
Progress (1): 1.4 kB
                    
Downloaded from central-https: https://repo1.maven.org/maven2/org/apache/maven/maven-settings/2.0/maven-settings-2.0.pom (1.4 kB at 12 kB/s)
Downloading from central-https: https://repo1.maven.org/maven2/org/apache/maven/maven-plugin-parameter-documenter/2.0/maven-plugin-parameter-documenter-2.0.pom
Progress (1): 1.5 kB
                    
Downloaded from central-https: https://repo1.maven.org/maven2/org/apache/maven/maven-plugin-parameter-documenter/2.0/maven-plugin-parameter-documenter-2.0.pom (1.5 kB at 29 kB/s)
Downloading from central-https: https://repo1.maven.org/maven2/org/apache/maven/reporting/maven-reporting-api/2.0/maven-reporting-api-2.0.pom
Progress (1): 1.1 kB
                    
Downloaded from central-https: https://repo1.maven.org/maven2/org/apache/maven/reporting/maven-reporting-api/2.0/maven-reporting-api-2.0.pom (1.1 kB at 20 kB/s)
Downloading from central-https: https://repo1.maven.org/maven2/org/apache/maven/reporting/maven-reporting/2.0/maven-reporting-2.0.pom
Progress (1): 504 B
                   
Downloaded from central-https: https://repo1.maven.org/maven2/org/apache/maven/reporting/maven-reporting/2.0/maven-reporting-2.0.pom (504 B at 10 kB/s)
Downloading from central-https: https://repo1.maven.org/maven2/org/apache/maven/maven-error-diagnostics/2.0/maven-error-diagnostics-2.0.pom
Progress (1): 812 B
                   
Downloaded from central-https: https://repo1.maven.org/maven2/org/apache/maven/maven-error-diagnostics/2.0/maven-error-diagnostics-2.0.pom (812 B at 15 kB/s)
Downloading from central-https: https://repo1.maven.org/maven2/org/apache/maven/maven-plugin-registry/2.0/maven-plugin-registry-2.0.pom
Progress (1): 1.3 kB
                    
Downloaded from central-https: https://repo1.maven.org/maven2/org/apache/maven/maven-plugin-registry/2.0/maven-plugin-registry-2.0.pom (1.3 kB at 24 kB/s)
Downloading from central-https: https://repo1.maven.org/maven2/org/apache/maven/maven-plugin-api/2.0/maven-plugin-api-2.0.pom
Progress (1): 601 B
                   
Downloaded from central-https: https://repo1.maven.org/maven2/org/apache/maven/maven-plugin-api/2.0/maven-plugin-api-2.0.pom (601 B at 11 kB/s)
Downloading from central-https: https://repo1.maven.org/maven2/org/apache/maven/maven-plugin-descriptor/2.0/maven-plugin-descriptor-2.0.pom
Progress (1): 1.5 kB
                    
Downloaded from central-https: https://repo1.maven.org/maven2/org/apache/maven/maven-plugin-descriptor/2.0/maven-plugin-descriptor-2.0.pom (1.5 kB at 31 kB/s)
Downloading from central-https: https://repo1.maven.org/maven2/org/apache/maven/maven-monitor/2.0/maven-monitor-2.0.pom
Progress (1): 400 B
                   
Downloaded from central-https: https://repo1.maven.org/maven2/org/apache/maven/maven-monitor/2.0/maven-monitor-2.0.pom (400 B at 11 kB/s)
Downloading from central-https: https://repo1.maven.org/maven2/org/apache/maven/shared/maven-filtering/1.1/maven-filtering-1.1.pom
Progress (1): 797 B
Progress (1): 2.3 kB
Progress (1): 5.5 kB
Progress (1): 5.8 kB
                    
Downloaded from central-https: https://repo1.maven.org/maven2/org/apache/maven/shared/maven-filtering/1.1/maven-filtering-1.1.pom (5.8 kB at 98 kB/s)
Downloading from central-https: https://repo1.maven.org/maven2/org/apache/velocity/velocity/1.7/velocity-1.7.pom
Progress (1): 767 B
Progress (1): 2.2 kB
Progress (1): 4.2 kB
Progress (1): 7.8 kB
Progress (1): 10 kB 
Progress (1): 11 kB
                   
Downloaded from central-https: https://repo1.maven.org/maven2/org/apache/velocity/velocity/1.7/velocity-1.7.pom (11 kB at 170 kB/s)
Downloading from central-https: https://repo1.maven.org/maven2/org/apache/commons/commons-parent/9/commons-parent-9.pom
Progress (1): 1.1 kB
Progress (1): 2.7 kB
Progress (1): 7.5 kB
Progress (1): 10 kB 
Progress (1): 13 kB
Progress (1): 19 kB
Progress (1): 22 kB
                   
Downloaded from central-https: https://repo1.maven.org/maven2/org/apache/commons/commons-parent/9/commons-parent-9.pom (22 kB at 318 kB/s)
Downloading from central-https: https://repo1.maven.org/maven2/org/apache/maven/maven-artifact/2.0.6/maven-artifact-2.0.6.jar
Downloading from central-https: https://repo1.maven.org/maven2/org/apache/maven/maven-core/2.0.6/maven-core-2.0.6.jar
Downloading from central-https: https://repo1.maven.org/maven2/org/apache/maven/maven-plugin-parameter-documenter/2.0.6/maven-plugin-parameter-documenter-2.0.6.jar
Downloading from central-https: https://repo1.maven.org/maven2/org/apache/maven/reporting/maven-reporting-api/2.0.6/maven-reporting-api-2.0.6.jar
Downloading from central-https: https://repo1.maven.org/maven2/org/apache/maven/maven-profile/2.0.6/maven-profile-2.0.6.jar
Progress (1): 7.7/87 kB
Progress (1): 8.2/87 kB
Progress (1): 25/87 kB 
Progress (1): 33/87 kB
Progress (1): 41/87 kB
Progress (2): 41/87 kB | 7.7/35 kB
Progress (2): 57/87 kB | 7.7/35 kB
Progress (2): 74/87 kB | 7.7/35 kB
Progress (3): 74/87 kB | 7.7/35 kB | 7.7/21 kB
Progress (3): 87 kB | 7.7/35 kB | 7.7/21 kB   
Progress (3): 87 kB | 8.2/35 kB | 7.7/21 kB
Progress (3): 87 kB | 8.2/35 kB | 16/21 kB 
Progress (3): 87 kB | 8.2/35 kB | 21 kB   
Progress (4): 87 kB | 8.2/35 kB | 21 kB | 7.7/9.9 kB
Progress (4): 87 kB | 25/35 kB | 21 kB | 7.7/9.9 kB 
Progress (4): 87 kB | 35 kB | 21 kB | 7.7/9.9 kB   
Progress (4): 87 kB | 35 kB | 21 kB | 7.8/9.9 kB
Progress (5): 87 kB | 35 kB | 21 kB | 7.8/9.9 kB | 7.7/152 kB
Progress (5): 87 kB | 35 kB | 21 kB | 7.8/9.9 kB | 16/152 kB 
Progress (5): 87 kB | 35 kB | 21 kB | 9.9 kB | 16/152 kB    
Progress (5): 87 kB | 35 kB | 21 kB | 9.9 kB | 24/152 kB
Progress (5): 87 kB | 35 kB | 21 kB | 9.9 kB | 41/152 kB
Progress (5): 87 kB | 35 kB | 21 kB | 9.9 kB | 57/152 kB
Progress (5): 87 kB | 35 kB | 21 kB | 9.9 kB | 73/152 kB
Progress (5): 87 kB | 35 kB | 21 kB | 9.9 kB | 90/152 kB
Progress (5): 87 kB | 35 kB | 21 kB | 9.9 kB | 106/152 kB
Progress (5): 87 kB | 35 kB | 21 kB | 9.9 kB | 122/152 kB
Progress (5): 87 kB | 35 kB | 21 kB | 9.9 kB | 139/152 kB
Progress (5): 87 kB | 35 kB | 21 kB | 9.9 kB | 152 kB    
                                                     
Downloaded from central-https: https://repo1.maven.org/maven2/org/apache/maven/maven-artifact/2.0.6/maven-artifact-2.0.6.jar (87 kB at 1.3 MB/s)
Downloading from central-https: https://repo1.maven.org/maven2/org/apache/maven/maven-repository-metadata/2.0.6/maven-repository-metadata-2.0.6.jar
Downloaded from central-https: https://repo1.maven.org/maven2/org/apache/maven/maven-profile/2.0.6/maven-profile-2.0.6.jar (35 kB at 511 kB/s)
Downloading from central-https: https://repo1.maven.org/maven2/org/apache/maven/maven-error-diagnostics/2.0.6/maven-error-diagnostics-2.0.6.jar
Downloaded from central-https: https://repo1.maven.org/maven2/org/apache/maven/maven-plugin-parameter-documenter/2.0.6/maven-plugin-parameter-documenter-2.0.6.jar (21 kB at 301 kB/s)
Downloading from central-https: https://repo1.maven.org/maven2/org/apache/maven/maven-plugin-descriptor/2.0.6/maven-plugin-descriptor-2.0.6.jar
Downloaded from central-https: https://repo1.maven.org/maven2/org/apache/maven/reporting/maven-reporting-api/2.0.6/maven-reporting-api-2.0.6.jar (9.9 kB at 136 kB/s)
Downloading from central-https: https://repo1.maven.org/maven2/org/apache/maven/maven-artifact-manager/2.0.6/maven-artifact-manager-2.0.6.jar
Downloaded from central-https: https://repo1.maven.org/maven2/org/apache/maven/maven-core/2.0.6/maven-core-2.0.6.jar (152 kB at 2.0 MB/s)
Downloading from central-https: https://repo1.maven.org/maven2/org/apache/maven/maven-model/2.0.6/maven-model-2.0.6.jar
Progress (1): 7.7/24 kB
Progress (2): 7.7/24 kB | 7.7/37 kB
Progress (3): 7.7/24 kB | 7.7/37 kB | 7.7/57 kB
Progress (4): 7.7/24 kB | 7.7/37 kB | 7.7/57 kB | 7.7/14 kB
Progress (5): 7.7/24 kB | 7.7/37 kB | 7.7/57 kB | 7.7/14 kB | 3.4/86 kB
Progress (5): 8.2/24 kB | 7.7/37 kB | 7.7/57 kB | 7.7/14 kB | 3.4/86 kB
Progress (5): 8.2/24 kB | 7.7/37 kB | 7.7/57 kB | 7.7/14 kB | 12/86 kB 
Progress (5): 8.2/24 kB | 7.7/37 kB | 7.7/57 kB | 7.7/14 kB | 20/86 kB
Progress (5): 8.2/24 kB | 7.7/37 kB | 7.7/57 kB | 7.7/14 kB | 28/86 kB
Progress (5): 8.2/24 kB | 7.7/37 kB | 16/57 kB | 7.7/14 kB | 28/86 kB 
Progress (5): 8.2/24 kB | 7.7/37 kB | 16/57 kB | 7.7/14 kB | 36/86 kB
Progress (5): 8.2/24 kB | 16/37 kB | 16/57 kB | 7.7/14 kB | 36/86 kB 
Progress (5): 8.2/24 kB | 16/37 kB | 16/57 kB | 14 kB | 36/86 kB    
Progress (5): 24 kB | 16/37 kB | 16/57 kB | 14 kB | 36/86 kB    
Progress (5): 24 kB | 16/37 kB | 16/57 kB | 14 kB | 44/86 kB
Progress (5): 24 kB | 32/37 kB | 16/57 kB | 14 kB | 44/86 kB
Progress (5): 24 kB | 32/37 kB | 32/57 kB | 14 kB | 44/86 kB
Progress (5): 24 kB | 37 kB | 32/57 kB | 14 kB | 44/86 kB   
Progress (5): 24 kB | 37 kB | 32/57 kB | 14 kB | 61/86 kB
Progress (5): 24 kB | 37 kB | 49/57 kB | 14 kB | 61/86 kB
Progress (5): 24 kB | 37 kB | 49/57 kB | 14 kB | 77/86 kB
Progress (5): 24 kB | 37 kB | 57 kB | 14 kB | 77/86 kB   
Progress (5): 24 kB | 37 kB | 57 kB | 14 kB | 86 kB   
                                                   
Downloaded from central-https: https://repo1.maven.org/maven2/org/apache/maven/maven-plugin-descriptor/2.0.6/maven-plugin-descriptor-2.0.6.jar (37 kB at 275 kB/s)
Downloading from central-https: https://repo1.maven.org/maven2/org/apache/maven/maven-monitor/2.0.6/maven-monitor-2.0.6.jar
Downloaded from central-https: https://repo1.maven.org/maven2/org/apache/maven/maven-error-diagnostics/2.0.6/maven-error-diagnostics-2.0.6.jar (14 kB at 100 kB/s)
Downloading from central-https: https://repo1.maven.org/maven2/org/apache/maven/maven-plugin-api/2.0.6/maven-plugin-api-2.0.6.jar
Downloaded from central-https: https://repo1.maven.org/maven2/org/apache/maven/maven-artifact-manager/2.0.6/maven-artifact-manager-2.0.6.jar (57 kB at 415 kB/s)
Downloading from central-https: https://repo1.maven.org/maven2/org/apache/maven/maven-project/2.0.6/maven-project-2.0.6.jar
Downloaded from central-https: https://repo1.maven.org/maven2/org/apache/maven/maven-model/2.0.6/maven-model-2.0.6.jar (86 kB at 631 kB/s)
Downloading from central-https: https://repo1.maven.org/maven2/org/apache/maven/maven-plugin-registry/2.0.6/maven-plugin-registry-2.0.6.jar
Downloaded from central-https: https://repo1.maven.org/maven2/org/apache/maven/maven-repository-metadata/2.0.6/maven-repository-metadata-2.0.6.jar (24 kB at 177 kB/s)
Downloading from central-https: https://repo1.maven.org/maven2/org/apache/maven/maven-settings/2.0.6/maven-settings-2.0.6.jar
Progress (1): 7.7/116 kB
Progress (2): 7.7/116 kB | 7.7/13 kB
Progress (3): 7.7/116 kB | 7.7/13 kB | 7.7/10 kB
Progress (3): 7.7/116 kB | 8.2/13 kB | 7.7/10 kB
Progress (3): 16/116 kB | 8.2/13 kB | 7.7/10 kB 
Progress (3): 16/116 kB | 13 kB | 7.7/10 kB    
Progress (3): 28/116 kB | 13 kB | 7.7/10 kB
Progress (3): 44/116 kB | 13 kB | 7.7/10 kB
Progress (3): 61/116 kB | 13 kB | 7.7/10 kB
Progress (3): 61/116 kB | 13 kB | 10 kB    
Progress (4): 61/116 kB | 13 kB | 10 kB | 7.7/49 kB
Progress (4): 77/116 kB | 13 kB | 10 kB | 7.7/49 kB
Progress (4): 94/116 kB | 13 kB | 10 kB | 7.7/49 kB
Progress (5): 94/116 kB | 13 kB | 10 kB | 7.7/49 kB | 7.7/29 kB
Progress (5): 110/116 kB | 13 kB | 10 kB | 7.7/49 kB | 7.7/29 kB
Progress (5): 110/116 kB | 13 kB | 10 kB | 7.7/49 kB | 16/29 kB 
Progress (5): 116 kB | 13 kB | 10 kB | 7.7/49 kB | 16/29 kB    
Progress (5): 116 kB | 13 kB | 10 kB | 7.7/49 kB | 25/29 kB
Progress (5): 116 kB | 13 kB | 10 kB | 12/49 kB | 25/29 kB 
Progress (5): 116 kB | 13 kB | 10 kB | 12/49 kB | 29 kB   
Progress (5): 116 kB | 13 kB | 10 kB | 28/49 kB | 29 kB
Progress (5): 116 kB | 13 kB | 10 kB | 44/49 kB | 29 kB
Progress (5): 116 kB | 13 kB | 10 kB | 49 kB | 29 kB   
                                                    
Downloaded from central-https: https://repo1.maven.org/maven2/org/apache/maven/maven-settings/2.0.6/maven-settings-2.0.6.jar (49 kB at 252 kB/s)
Downloading from central-https: https://repo1.maven.org/maven2/org/apache/maven/shared/maven-artifact-resolver/1.0/maven-artifact-resolver-1.0.jar
Downloaded from central-https: https://repo1.maven.org/maven2/org/apache/maven/maven-monitor/2.0.6/maven-monitor-2.0.6.jar (10 kB at 52 kB/s)
Downloaded from central-https: https://repo1.maven.org/maven2/org/apache/maven/maven-plugin-api/2.0.6/maven-plugin-api-2.0.6.jar (13 kB at 66 kB/s)
Downloading from central-https: https://repo1.maven.org/maven2/org/apache/maven/shared/maven-common-artifact-filters/1.0/maven-common-artifact-filters-1.0.jar
Downloading from central-https: https://repo1.maven.org/maven2/org/apache/maven/shared/maven-plugin-testing-harness/1.1/maven-plugin-testing-harness-1.1.jar
Downloaded from central-https: https://repo1.maven.org/maven2/org/apache/maven/maven-plugin-registry/2.0.6/maven-plugin-registry-2.0.6.jar (29 kB at 148 kB/s)
Downloading from central-https: https://repo1.maven.org/maven2/org/apache/maven/shared/maven-filtering/1.1/maven-filtering-1.1.jar
Downloaded from central-https: https://repo1.maven.org/maven2/org/apache/maven/maven-project/2.0.6/maven-project-2.0.6.jar (116 kB at 593 kB/s)
Downloading from central-https: https://repo1.maven.org/maven2/org/apache/velocity/velocity/1.7/velocity-1.7.jar
Progress (1): 7.7/43 kB
Progress (2): 7.7/43 kB | 7.7/27 kB
Progress (3): 7.7/43 kB | 7.7/27 kB | 7.7/32 kB
Progress (3): 7.7/43 kB | 12/27 kB | 7.7/32 kB 
Progress (3): 16/43 kB | 12/27 kB | 7.7/32 kB 
Progress (4): 16/43 kB | 12/27 kB | 7.7/32 kB | 7.7/450 kB
Progress (5): 16/43 kB | 12/27 kB | 7.7/32 kB | 7.7/450 kB | 7.7/14 kB
Progress (5): 16/43 kB | 27 kB | 7.7/32 kB | 7.7/450 kB | 7.7/14 kB   
Progress (5): 32/43 kB | 27 kB | 7.7/32 kB | 7.7/450 kB | 7.7/14 kB
Progress (5): 43 kB | 27 kB | 7.7/32 kB | 7.7/450 kB | 7.7/14 kB   
Progress (5): 43 kB | 27 kB | 8.2/32 kB | 7.7/450 kB | 7.7/14 kB
Progress (5): 43 kB | 27 kB | 8.2/32 kB | 7.7/450 kB | 8.2/14 kB
Progress (5): 43 kB | 27 kB | 8.2/32 kB | 16/450 kB | 8.2/14 kB 
Progress (5): 43 kB | 27 kB | 25/32 kB | 16/450 kB | 8.2/14 kB 
Progress (5): 43 kB | 27 kB | 25/32 kB | 29/450 kB | 8.2/14 kB
Progress (5): 43 kB | 27 kB | 32 kB | 29/450 kB | 8.2/14 kB   
Progress (5): 43 kB | 27 kB | 32 kB | 45/450 kB | 8.2/14 kB
Progress (5): 43 kB | 27 kB | 32 kB | 45/450 kB | 14 kB    
Progress (5): 43 kB | 27 kB | 32 kB | 61/450 kB | 14 kB
Progress (5): 43 kB | 27 kB | 32 kB | 78/450 kB | 14 kB
Progress (5): 43 kB | 27 kB | 32 kB | 94/450 kB | 14 kB
Progress (5): 43 kB | 27 kB | 32 kB | 111/450 kB | 14 kB
Progress (5): 43 kB | 27 kB | 32 kB | 127/450 kB | 14 kB
Progress (5): 43 kB | 27 kB | 32 kB | 143/450 kB | 14 kB
Progress (5): 43 kB | 27 kB | 32 kB | 160/450 kB | 14 kB
Progress (5): 43 kB | 27 kB | 32 kB | 176/450 kB | 14 kB
Progress (5): 43 kB | 27 kB | 32 kB | 193/450 kB | 14 kB
Progress (5): 43 kB | 27 kB | 32 kB | 209/450 kB | 14 kB
Progress (5): 43 kB | 27 kB | 32 kB | 225/450 kB | 14 kB
Progress (5): 43 kB | 27 kB | 32 kB | 242/450 kB | 14 kB
Progress (5): 43 kB | 27 kB | 32 kB | 258/450 kB | 14 kB
Progress (5): 43 kB | 27 kB | 32 kB | 274/450 kB | 14 kB
Progress (5): 43 kB | 27 kB | 32 kB | 291/450 kB | 14 kB
Progress (5): 43 kB | 27 kB | 32 kB | 307/450 kB | 14 kB
Progress (5): 43 kB | 27 kB | 32 kB | 324/450 kB | 14 kB
Progress (5): 43 kB | 27 kB | 32 kB | 340/450 kB | 14 kB
Progress (5): 43 kB | 27 kB | 32 kB | 356/450 kB | 14 kB
Progress (5): 43 kB | 27 kB | 32 kB | 373/450 kB | 14 kB
Progress (5): 43 kB | 27 kB | 32 kB | 389/450 kB | 14 kB
Progress (5): 43 kB | 27 kB | 32 kB | 406/450 kB | 14 kB
Progress (5): 43 kB | 27 kB | 32 kB | 422/450 kB | 14 kB
                                                        
Downloaded from central-https: https://repo1.maven.org/maven2/org/apache/maven/shared/maven-filtering/1.1/maven-filtering-1.1.jar (43 kB at 165 kB/s)
Progress (4): 27 kB | 32 kB | 438/450 kB | 14 kB
Progress (4): 27 kB | 32 kB | 450 kB | 14 kB    
                                            
Downloaded from central-https: https://repo1.maven.org/maven2/org/apache/maven/shared/maven-plugin-testing-harness/1.1/maven-plugin-testing-harness-1.1.jar (32 kB at 123 kB/s)
Downloaded from central-https: https://repo1.maven.org/maven2/org/apache/maven/shared/maven-common-artifact-filters/1.0/maven-common-artifact-filters-1.0.jar (27 kB at 103 kB/s)
Downloaded from central-https: https://repo1.maven.org/maven2/org/apache/maven/shared/maven-artifact-resolver/1.0/maven-artifact-resolver-1.0.jar (14 kB at 51 kB/s)
Downloaded from central-https: https://repo1.maven.org/maven2/org/apache/velocity/velocity/1.7/velocity-1.7.jar (450 kB at 1.6 MB/s)
Downloading from central-https: https://repo1.maven.org/maven2/org/apache/apache-jar-resource-bundle/1.4/apache-jar-resource-bundle-1.4.jar
Progress (1): 7.7/12 kB
Progress (1): 12 kB    
                   
Downloaded from central-https: https://repo1.maven.org/maven2/org/apache/apache-jar-resource-bundle/1.4/apache-jar-resource-bundle-1.4.jar (12 kB at 262 kB/s)
Downloading from central-https: https://repo1.maven.org/maven2/org/apache/logging/log4j/log4j-api/2.2/log4j-api-2.2.jar
Progress (1): 7.7/134 kB
Progress (1): 16/134 kB 
Progress (1): 32/134 kB
Progress (1): 49/134 kB
Progress (1): 61/134 kB
Progress (1): 78/134 kB
Progress (1): 94/134 kB
Progress (1): 111/134 kB
Progress (1): 127/134 kB
Progress (1): 134 kB    
                    
Downloaded from central-https: https://repo1.maven.org/maven2/org/apache/logging/log4j/log4j-api/2.2/log4j-api-2.2.jar (134 kB at 1.7 MB/s)
[WARNING] org.apache.mina:mina-parent:3.0.0-M3-SNAPSHOT/maven-metadata.xml failed to transfer from http://0.0.0.0/ during a previous attempt. This failure was cached in the local repository and resolution will not be reattempted until the update interval of maven-default-http-blocker has elapsed or updates are forced. Original error: Could not transfer metadata org.apache.mina:mina-parent:3.0.0-M3-SNAPSHOT/maven-metadata.xml from/to maven-default-http-blocker (http://0.0.0.0/): Blocked mirror for repositories: [apache.snapshots (http://repository.apache.org/snapshots, default, snapshots)]
[INFO] 
[INFO] --- resources:2.6:resources (default-resources) @ mina-coap ---
[INFO] Using 'UTF-8' encoding to copy filtered resources.
[INFO] skip non existing resourceDirectory D:\Khedma\Mr wiem\mutation-test-pipeline\target-repos\206366\coap\src\main\resources
[INFO] Copying 3 resources
[INFO] 
[INFO] --- compiler:3.1:compile (default-compile) @ mina-coap ---
Downloading from central-https: https://repo1.maven.org/maven2/org/apache/maven/maven-toolchain/1.0/maven-toolchain-1.0.pom
Progress (1): 2.1 kB
Progress (1): 3.4 kB
                    
Downloaded from central-https: https://repo1.maven.org/maven2/org/apache/maven/maven-toolchain/1.0/maven-toolchain-1.0.pom (3.4 kB at 68 kB/s)
Downloading from central-https: https://repo1.maven.org/maven2/org/apache/maven/shared/maven-shared-utils/0.1/maven-shared-utils-0.1.pom
Progress (1): 1.2 kB
Progress (1): 3.4 kB
Progress (1): 4.0 kB
                    
Downloaded from central-https: https://repo1.maven.org/maven2/org/apache/maven/shared/maven-shared-utils/0.1/maven-shared-utils-0.1.pom (4.0 kB at 88 kB/s)
Downloading from central-https: https://repo1.maven.org/maven2/org/apache/maven/shared/maven-shared-components/18/maven-shared-components-18.pom
Progress (1): 799 B
Progress (1): 2.4 kB
Progress (1): 4.4 kB
Progress (1): 4.9 kB
                    
Downloaded from central-https: https://repo1.maven.org/maven2/org/apache/maven/shared/maven-shared-components/18/maven-shared-components-18.pom (4.9 kB at 97 kB/s)
Downloading from central-https: https://repo1.maven.org/maven2/org/apache/maven/shared/maven-shared-incremental/1.1/maven-shared-incremental-1.1.pom
Progress (1): 806 B
Progress (1): 2.3 kB
Progress (1): 4.7 kB
                    
Downloaded from central-https: https://repo1.maven.org/maven2/org/apache/maven/shared/maven-shared-incremental/1.1/maven-shared-incremental-1.1.pom (4.7 kB at 85 kB/s)
Downloading from central-https: https://repo1.maven.org/maven2/org/apache/maven/maven-plugin-api/2.2.1/maven-plugin-api-2.2.1.pom
Progress (1): 845 B
Progress (1): 1.5 kB
                    
Downloaded from central-https: https://repo1.maven.org/maven2/org/apache/maven/maven-plugin-api/2.2.1/maven-plugin-api-2.2.1.pom (1.5 kB at 29 kB/s)
Downloading from central-https: https://repo1.maven.org/maven2/org/apache/maven/maven/2.2.1/maven-2.2.1.pom
Progress (1): 738 B
Progress (1): 1.9 kB
Progress (1): 5.8 kB
Progress (1): 9.1 kB
Progress (1): 12 kB 
Progress (1): 18 kB
Progress (1): 22 kB
Progress (1): 22 kB
                   
Downloaded from central-https: https://repo1.maven.org/maven2/org/apache/maven/maven/2.2.1/maven-2.2.1.pom (22 kB at 467 kB/s)
Downloading from central-https: https://repo1.maven.org/maven2/org/apache/maven/maven-parent/11/maven-parent-11.pom
Progress (1): 733 B
Progress (1): 1.9 kB
Progress (1): 6.1 kB
Progress (1): 11 kB 
Progress (1): 14 kB
Progress (1): 17 kB
Progress (1): 23 kB
Progress (1): 26 kB
Progress (1): 31 kB
Progress (1): 32 kB
                   
Downloaded from central-https: https://repo1.maven.org/maven2/org/apache/maven/maven-parent/11/maven-parent-11.pom (32 kB at 356 kB/s)
Downloading from central-https: https://repo1.maven.org/maven2/org/apache/apache/5/apache-5.pom
Progress (1): 785 B
Progress (1): 2.1 kB
Progress (1): 4.1 kB
                    
Downloaded from central-https: https://repo1.maven.org/maven2/org/apache/apache/5/apache-5.pom (4.1 kB at 82 kB/s)
Downloading from central-https: https://repo1.maven.org/maven2/org/apache/maven/maven-core/2.2.1/maven-core-2.2.1.pom
Progress (1): 772 B
Progress (1): 2.5 kB
Progress (1): 6.9 kB
Progress (1): 9.9 kB
Progress (1): 12 kB 
                   
Downloaded from central-https: https://repo1.maven.org/maven2/org/apache/maven/maven-core/2.2.1/maven-core-2.2.1.pom (12 kB at 264 kB/s)
Downloading from central-https: https://repo1.maven.org/maven2/org/apache/maven/maven-settings/2.2.1/maven-settings-2.2.1.pom
Progress (1): 820 B
Progress (1): 2.2 kB
                    
Downloaded from central-https: https://repo1.maven.org/maven2/org/apache/maven/maven-settings/2.2.1/maven-settings-2.2.1.pom (2.2 kB at 44 kB/s)
Downloading from central-https: https://repo1.maven.org/maven2/org/apache/maven/maven-model/2.2.1/maven-model-2.2.1.pom
Progress (1): 809 B
Progress (1): 3.0 kB
Progress (1): 3.2 kB
                    
Downloaded from central-https: https://repo1.maven.org/maven2/org/apache/maven/maven-model/2.2.1/maven-model-2.2.1.pom (3.2 kB at 74 kB/s)
Downloading from central-https: https://repo1.maven.org/maven2/org/apache/maven/maven-plugin-parameter-documenter/2.2.1/maven-plugin-parameter-documenter-2.2.1.pom
Progress (1): 828 B
Progress (1): 2.0 kB
                    
Downloaded from central-https: https://repo1.maven.org/maven2/org/apache/maven/maven-plugin-parameter-documenter/2.2.1/maven-plugin-parameter-documenter-2.2.1.pom (2.0 kB at 44 kB/s)
Downloading from central-https: https://repo1.maven.org/maven2/org/apache/maven/maven-profile/2.2.1/maven-profile-2.2.1.pom
Progress (1): 829 B
Progress (1): 2.2 kB
                    
Downloaded from central-https: https://repo1.maven.org/maven2/org/apache/maven/maven-profile/2.2.1/maven-profile-2.2.1.pom (2.2 kB at 56 kB/s)
Downloading from central-https: https://repo1.maven.org/maven2/org/apache/maven/maven-artifact/2.2.1/maven-artifact-2.2.1.pom
Progress (1): 844 B
Progress (1): 1.6 kB
                    
Downloaded from central-https: https://repo1.maven.org/maven2/org/apache/maven/maven-artifact/2.2.1/maven-artifact-2.2.1.pom (1.6 kB at 40 kB/s)
Downloading from central-https: https://repo1.maven.org/maven2/org/apache/maven/maven-repository-metadata/2.2.1/maven-repository-metadata-2.2.1.pom
Progress (1): 830 B
Progress (1): 1.9 kB
                    
Downloaded from central-https: https://repo1.maven.org/maven2/org/apache/maven/maven-repository-metadata/2.2.1/maven-repository-metadata-2.2.1.pom (1.9 kB at 43 kB/s)
Downloading from central-https: https://repo1.maven.org/maven2/org/apache/maven/maven-error-diagnostics/2.2.1/maven-error-diagnostics-2.2.1.pom
Progress (1): 831 B
Progress (1): 1.7 kB
                    
Downloaded from central-https: https://repo1.maven.org/maven2/org/apache/maven/maven-error-diagnostics/2.2.1/maven-error-diagnostics-2.2.1.pom (1.7 kB at 39 kB/s)
Downloading from central-https: https://repo1.maven.org/maven2/org/apache/maven/maven-project/2.2.1/maven-project-2.2.1.pom
Progress (1): 827 B
Progress (1): 2.8 kB
                    
Downloaded from central-https: https://repo1.maven.org/maven2/org/apache/maven/maven-project/2.2.1/maven-project-2.2.1.pom (2.8 kB at 62 kB/s)
Downloading from central-https: https://repo1.maven.org/maven2/org/apache/maven/maven-artifact-manager/2.2.1/maven-artifact-manager-2.2.1.pom
Progress (1): 813 B
Progress (1): 3.1 kB
                    
Downloaded from central-https: https://repo1.maven.org/maven2/org/apache/maven/maven-artifact-manager/2.2.1/maven-artifact-manager-2.2.1.pom (3.1 kB at 71 kB/s)
Downloading from central-https: https://repo1.maven.org/maven2/org/apache/maven/maven-plugin-registry/2.2.1/maven-plugin-registry-2.2.1.pom
Progress (1): 829 B
Progress (1): 1.9 kB
                    
Downloaded from central-https: https://repo1.maven.org/maven2/org/apache/maven/maven-plugin-registry/2.2.1/maven-plugin-registry-2.2.1.pom (1.9 kB at 40 kB/s)
Downloading from central-https: https://repo1.maven.org/maven2/org/apache/maven/maven-plugin-descriptor/2.2.1/maven-plugin-descriptor-2.2.1.pom
Progress (1): 829 B
Progress (1): 2.1 kB
                    
Downloaded from central-https: https://repo1.maven.org/maven2/org/apache/maven/maven-plugin-descriptor/2.2.1/maven-plugin-descriptor-2.2.1.pom (2.1 kB at 41 kB/s)
Downloading from central-https: https://repo1.maven.org/maven2/org/apache/maven/maven-monitor/2.2.1/maven-monitor-2.2.1.pom
Progress (1): 846 B
Progress (1): 1.3 kB
                    
Downloaded from central-https: https://repo1.maven.org/maven2/org/apache/maven/maven-monitor/2.2.1/maven-monitor-2.2.1.pom (1.3 kB at 29 kB/s)
Downloading from central-https: https://repo1.maven.org/maven2/org/apache/maven/maven-toolchain/1.0/maven-toolchain-1.0.jar
Downloading from central-https: https://repo1.maven.org/maven2/org/apache/maven/shared/maven-shared-utils/0.1/maven-shared-utils-0.1.jar
Downloading from central-https: https://repo1.maven.org/maven2/org/apache/maven/shared/maven-shared-incremental/1.1/maven-shared-incremental-1.1.jar
Downloading from central-https: https://repo1.maven.org/maven2/org/apache/xbean/xbean-reflect/3.4/xbean-reflect-3.4.jar
Progress (1): 7.7/33 kB
Progress (1): 16/33 kB 
Progress (1): 32/33 kB
Progress (1): 33 kB   
Progress (2): 33 kB | 7.7/155 kB
Progress (2): 33 kB | 8.2/155 kB
Progress (2): 33 kB | 25/155 kB 
Progress (2): 33 kB | 41/155 kB
Progress (2): 33 kB | 57/155 kB
Progress (2): 33 kB | 66/155 kB
Progress (2): 33 kB | 74/155 kB
Progress (2): 33 kB | 90/155 kB
Progress (2): 33 kB | 106/155 kB
Progress (2): 33 kB | 123/155 kB
Progress (2): 33 kB | 139/155 kB
Progress (2): 33 kB | 155 kB    
Progress (3): 33 kB | 155 kB | 7.7/134 kB
Progress (4): 33 kB | 155 kB | 7.7/134 kB | 7.7/14 kB
Progress (4): 33 kB | 155 kB | 7.7/134 kB | 14 kB    
Progress (4): 33 kB | 155 kB | 16/134 kB | 14 kB 
Progress (4): 33 kB | 155 kB | 25/134 kB | 14 kB
Progress (4): 33 kB | 155 kB | 41/134 kB | 14 kB
Progress (4): 33 kB | 155 kB | 57/134 kB | 14 kB
Progress (4): 33 kB | 155 kB | 74/134 kB | 14 kB
Progress (4): 33 kB | 155 kB | 90/134 kB | 14 kB
Progress (4): 33 kB | 155 kB | 106/134 kB | 14 kB
Progress (4): 33 kB | 155 kB | 123/134 kB | 14 kB
Progress (4): 33 kB | 155 kB | 134 kB | 14 kB    
                                             
Downloaded from central-https: https://repo1.maven.org/maven2/org/apache/maven/maven-toolchain/1.0/maven-toolchain-1.0.jar (33 kB at 748 kB/s)
Downloaded from central-https: https://repo1.maven.org/maven2/org/apache/maven/shared/maven-shared-utils/0.1/maven-shared-utils-0.1.jar (155 kB at 2.9 MB/s)
Downloaded from central-https: https://repo1.maven.org/maven2/org/apache/maven/shared/maven-shared-incremental/1.1/maven-shared-incremental-1.1.jar (14 kB at 251 kB/s)
Downloaded from central-https: https://repo1.maven.org/maven2/org/apache/xbean/xbean-reflect/3.4/xbean-reflect-3.4.jar (134 kB at 2.4 MB/s)
[INFO] Changes detected - recompiling the module!
[INFO] Compiling 14 source files to D:\Khedma\Mr wiem\mutation-test-pipeline\target-repos\206366\coap\target\classes
[INFO] -------------------------------------------------------------
[WARNING] COMPILATION WARNING : 
[INFO] -------------------------------------------------------------
[WARNING] /D:/Khedma/Mr wiem/mutation-test-pipeline/target-repos/206366/coap/src/main/java/org/apache/mina/coap/retry/CoapRetryFilter.java: D:\Khedma\Mr wiem\mutation-test-pipeline\target-repos\206366\coap\src\main\java\org\apache\mina\coap\retry\CoapRetryFilter.java uses or overrides a deprecated API.
[WARNING] /D:/Khedma/Mr wiem/mutation-test-pipeline/target-repos/206366/coap/src/main/java/org/apache/mina/coap/retry/CoapRetryFilter.java: Recompile with -Xlint:deprecation for details.
[INFO] 2 warnings 
[INFO] -------------------------------------------------------------
[INFO] -------------------------------------------------------------
[ERROR] COMPILATION ERROR : 
[INFO] -------------------------------------------------------------
[ERROR] /D:/Khedma/Mr wiem/mutation-test-pipeline/target-repos/206366/coap/src/main/java/org/apache/mina/coap/retry/CoapRetryFilter.java:[95,27] cannot find symbol
  symbol:   method callWriteMessageForRead(org.apache.mina.coap.CoapMessage)
  location: variable controller of type org.apache.mina.filterchain.ReadFilterChainController
[INFO] 1 error
[INFO] -------------------------------------------------------------
[INFO] ------------------------------------------------------------------------
[INFO] BUILD FAILURE
[INFO] ------------------------------------------------------------------------
[INFO] Total time:  18.879 s
[INFO] Finished at: 2026-02-25T19:32:19-05:00
[INFO] ------------------------------------------------------------------------
[ERROR] Failed to execute goal org.apache.maven.plugins:maven-compiler-plugin:3.1:compile (default-compile) on project mina-coap: Compilation failure
[ERROR] /D:/Khedma/Mr wiem/mutation-test-pipeline/target-repos/206366/coap/src/main/java/org/apache/mina/coap/retry/CoapRetryFilter.java:[95,27] cannot find symbol
[ERROR]   symbol:   method callWriteMessageForRead(org.apache.mina.coap.CoapMessage)
[ERROR]   location: variable controller of type org.apache.mina.filterchain.ReadFilterChainController
[ERROR] 
[ERROR] -> [Help 1]
[ERROR] 
[ERROR] To see the full stack trace of the errors, re-run Maven with the -e switch.
[ERROR] Re-run Maven using the -X switch to enable full debug logging.
[ERROR] 
[ERROR] For more information about the errors and possible solutions, please read the following articles:
[ERROR] [Help 1] http://cwiki.apache.org/confluence/display/MAVEN/MojoFailureException

STDERR:
