COMMAND: mvn.cmd -s D:\Khedma\Mr wiem\mutation-test-pipeline\.mvn\settings.xml -DskipTests compile

STDOUT:
[INFO] Scanning for projects...
[INFO] 
[INFO] -----------------------< br.com.caelum:vraptor >------------------------
[INFO] Building vraptor 3.5.6-SNAPSHOT
[INFO]   from pom.xml
[INFO] --------------------------------[ jar ]---------------------------------
Downloading from central: https://repo1.maven.org/maven2/org/apache/maven/plugins/maven-enforcer-plugin/1.0/maven-enforcer-plugin-1.0.pom
Progress (1): 820 B
Progress (1): 2.0 kB
Progress (1): 4.8 kB
Progress (1): 6.7 kB
                    
Downloaded from central: https://repo1.maven.org/maven2/org/apache/maven/plugins/maven-enforcer-plugin/1.0/maven-enforcer-plugin-1.0.pom (6.7 kB at 23 kB/s)
Downloading from central: https://repo1.maven.org/maven2/org/apache/maven/enforcer/enforcer/1.0/enforcer-1.0.pom
Progress (1): 812 B
Progress (1): 1.9 kB
Progress (1): 5.9 kB
Progress (1): 9.3 kB
Progress (1): 11 kB 
Progress (1): 12 kB
                   
Downloaded from central: https://repo1.maven.org/maven2/org/apache/maven/enforcer/enforcer/1.0/enforcer-1.0.pom (12 kB at 169 kB/s)
Downloading from central: https://repo1.maven.org/maven2/org/apache/maven/maven-parent/17/maven-parent-17.pom
Progress (1): 742 B
Progress (1): 1.9 kB
Progress (1): 4.7 kB
Progress (1): 9.6 kB
Progress (1): 14 kB 
Progress (1): 16 kB
Progress (1): 18 kB
Progress (1): 22 kB
Progress (1): 24 kB
Progress (1): 25 kB
                   
Downloaded from central: https://repo1.maven.org/maven2/org/apache/maven/maven-parent/17/maven-parent-17.pom (25 kB at 65 kB/s)
Downloading from central: https://repo1.maven.org/maven2/org/apache/maven/plugins/maven-enforcer-plugin/1.0/maven-enforcer-plugin-1.0.jar
Progress (1): 0.9/22 kB
Progress (1): 2.3/22 kB
Progress (1): 3.7/22 kB
Progress (1): 5.0/22 kB
Progress (1): 6.4/22 kB
Progress (1): 7.8/22 kB
Progress (1): 9.1/22 kB
Progress (1): 11/22 kB 
Progress (1): 12/22 kB
Progress (1): 13/22 kB
Progress (1): 15/22 kB
Progress (1): 16/22 kB
Progress (1): 17/22 kB
Progress (1): 18/22 kB
Progress (1): 20/22 kB
Progress (1): 21/22 kB
Progress (1): 22 kB   
                   
Downloaded from central: https://repo1.maven.org/maven2/org/apache/maven/plugins/maven-enforcer-plugin/1.0/maven-enforcer-plugin-1.0.jar (22 kB at 266 kB/s)
Downloading from central: https://repo1.maven.org/maven2/org/apache/maven/plugins/maven-javadoc-plugin/2.7/maven-javadoc-plugin-2.7.pom
Progress (1): 745 B
Progress (1): 1.8 kB
Progress (1): 5.4 kB
Progress (1): 9.0 kB
Progress (1): 11 kB 
Progress (1): 14 kB
Progress (1): 16 kB
                   
Downloaded from central: https://repo1.maven.org/maven2/org/apache/maven/plugins/maven-javadoc-plugin/2.7/maven-javadoc-plugin-2.7.pom (16 kB at 217 kB/s)
Downloading from central: https://repo1.maven.org/maven2/org/apache/maven/plugins/maven-plugins/17/maven-plugins-17.pom
Progress (1): 756 B
Progress (1): 1.9 kB
Progress (1): 6.0 kB
Progress (1): 8.8 kB
Progress (1): 11 kB 
Progress (1): 13 kB
                   
Downloaded from central: https://repo1.maven.org/maven2/org/apache/maven/plugins/maven-plugins/17/maven-plugins-17.pom (13 kB at 206 kB/s)
Downloading from central: https://repo1.maven.org/maven2/org/apache/maven/plugins/maven-javadoc-plugin/2.7/maven-javadoc-plugin-2.7.jar
Progress (1): 1.4/274 kB
Progress (1): 2.7/274 kB
Progress (1): 4.1/274 kB
Progress (1): 5.5/274 kB
Progress (1): 8.2/274 kB
Progress (1): 12/274 kB 
Progress (1): 17/274 kB
Progress (1): 21/274 kB
Progress (1): 25/274 kB
Progress (1): 29/274 kB
Progress (1): 33/274 kB
Progress (1): 37/274 kB
Progress (1): 41/274 kB
Progress (1): 46/274 kB
Progress (1): 50/274 kB
Progress (1): 54/274 kB
Progress (1): 58/274 kB
Progress (1): 63/274 kB
Progress (1): 66/274 kB
Progress (1): 70/274 kB
Progress (1): 74/274 kB
Progress (1): 78/274 kB
Progress (1): 82/274 kB
Progress (1): 87/274 kB
Progress (1): 91/274 kB
Progress (1): 95/274 kB
Progress (1): 99/274 kB
Progress (1): 104/274 kB
Progress (1): 108/274 kB
Progress (1): 112/274 kB
Progress (1): 116/274 kB
Progress (1): 121/274 kB
Progress (1): 125/274 kB
Progress (1): 129/274 kB
Progress (1): 131/274 kB
Progress (1): 135/274 kB
Progress (1): 140/274 kB
Progress (1): 144/274 kB
Progress (1): 148/274 kB
Progress (1): 152/274 kB
Progress (1): 156/274 kB
Progress (1): 161/274 kB
Progress (1): 165/274 kB
Progress (1): 168/274 kB
Progress (1): 184/274 kB
Progress (1): 197/274 kB
Progress (1): 200/274 kB
Progress (1): 217/274 kB
Progress (1): 233/274 kB
Progress (1): 250/274 kB
Progress (1): 266/274 kB
Progress (1): 274 kB    
                    
Downloaded from central: https://repo1.maven.org/maven2/org/apache/maven/plugins/maven-javadoc-plugin/2.7/maven-javadoc-plugin-2.7.jar (274 kB at 3.1 MB/s)
Downloading from central: https://repo1.maven.org/maven2/org/apache/maven/plugins/maven-jar-plugin/2.2/maven-jar-plugin-2.2.pom
Progress (1): 763 B
Progress (1): 2.2 kB
Progress (1): 5.6 kB
Progress (1): 8.6 kB
                    
Downloaded from central: https://repo1.maven.org/maven2/org/apache/maven/plugins/maven-jar-plugin/2.2/maven-jar-plugin-2.2.pom (8.6 kB at 138 kB/s)
Downloading from central: https://repo1.maven.org/maven2/org/apache/maven/plugins/maven-plugins/10/maven-plugins-10.pom
Progress (1): 771 B
Progress (1): 2.8 kB
Progress (1): 6.2 kB
Progress (1): 7.5 kB
                    
Downloaded from central: https://repo1.maven.org/maven2/org/apache/maven/plugins/maven-plugins/10/maven-plugins-10.pom (7.5 kB at 166 kB/s)
Downloading from central: https://repo1.maven.org/maven2/org/apache/maven/maven-parent/7/maven-parent-7.pom
Progress (1): 795 B
Progress (1): 2.2 kB
Progress (1): 3.4 kB
Progress (1): 5.4 kB
Progress (1): 9.1 kB
Progress (1): 12 kB 
Progress (1): 18 kB
Progress (1): 21 kB
                   
Downloaded from central: https://repo1.maven.org/maven2/org/apache/maven/maven-parent/7/maven-parent-7.pom (21 kB at 417 kB/s)
Downloading from central: https://repo1.maven.org/maven2/org/apache/maven/plugins/maven-jar-plugin/2.2/maven-jar-plugin-2.2.jar
Progress (1): 7.7/27 kB
Progress (1): 16/27 kB 
Progress (1): 25/27 kB
Progress (1): 27 kB   
                   
Downloaded from central: https://repo1.maven.org/maven2/org/apache/maven/plugins/maven-jar-plugin/2.2/maven-jar-plugin-2.2.jar (27 kB at 512 kB/s)
Downloading from central: https://repo1.maven.org/maven2/org/apache/maven/plugins/maven-antrun-plugin/1.7/maven-antrun-plugin-1.7.pom
Progress (1): 802 B
Progress (1): 2.8 kB
Progress (1): 4.1 kB
                    
Downloaded from central: https://repo1.maven.org/maven2/org/apache/maven/plugins/maven-antrun-plugin/1.7/maven-antrun-plugin-1.7.pom (4.1 kB at 71 kB/s)
Downloading from central: https://repo1.maven.org/maven2/org/apache/maven/plugins/maven-plugins/22/maven-plugins-22.pom
Progress (1): 748 B
Progress (1): 2.2 kB
Progress (1): 6.3 kB
Progress (1): 8.6 kB
Progress (1): 11 kB 
Progress (1): 13 kB
                   
Downloaded from central: https://repo1.maven.org/maven2/org/apache/maven/plugins/maven-plugins/22/maven-plugins-22.pom (13 kB at 201 kB/s)
Downloading from central: https://repo1.maven.org/maven2/org/apache/maven/plugins/maven-antrun-plugin/1.7/maven-antrun-plugin-1.7.jar
Progress (1): 7.7/32 kB
Progress (1): 12/32 kB 
Progress (1): 29/32 kB
Progress (1): 32 kB   
                   
Downloaded from central: https://repo1.maven.org/maven2/org/apache/maven/plugins/maven-antrun-plugin/1.7/maven-antrun-plugin-1.7.jar (32 kB at 510 kB/s)
Downloading from central: https://repo1.maven.org/maven2/org/apache/maven/plugins/maven-compiler-plugin/2.3.1/maven-compiler-plugin-2.3.1.pom
Progress (1): 781 B
Progress (1): 2.3 kB
Progress (1): 5.7 kB
Progress (1): 5.9 kB
                    
Downloaded from central: https://repo1.maven.org/maven2/org/apache/maven/plugins/maven-compiler-plugin/2.3.1/maven-compiler-plugin-2.3.1.pom (5.9 kB at 70 kB/s)
Downloading from central: https://repo1.maven.org/maven2/org/apache/maven/plugins/maven-compiler-plugin/2.3.1/maven-compiler-plugin-2.3.1.jar
Progress (1): 7.8/30 kB
Progress (1): 16/30 kB 
Progress (1): 30 kB   
                   
Downloaded from central: https://repo1.maven.org/maven2/org/apache/maven/plugins/maven-compiler-plugin/2.3.1/maven-compiler-plugin-2.3.1.jar (30 kB at 177 kB/s)
Downloading from central: https://repo1.maven.org/maven2/com/google/guava/guava/11.0.2/guava-11.0.2.pom
Progress (1): 898 B
Progress (1): 3.2 kB
Progress (1): 5.5 kB
                    
Downloaded from central: https://repo1.maven.org/maven2/com/google/guava/guava/11.0.2/guava-11.0.2.pom (5.5 kB at 91 kB/s)
Downloading from central: https://repo1.maven.org/maven2/com/google/guava/guava-parent/11.0.2/guava-parent-11.0.2.pom
Progress (1): 1.1 kB
Progress (1): 2.0 kB
                    
Downloaded from central: https://repo1.maven.org/maven2/com/google/guava/guava-parent/11.0.2/guava-parent-11.0.2.pom (2.0 kB at 30 kB/s)
Downloading from central: https://repo1.maven.org/maven2/br/com/caelum/iogi/1.0.0/iogi-1.0.0.pom
Progress (1): 1.2 kB
Progress (1): 3.9 kB
                    
Downloaded from central: https://repo1.maven.org/maven2/br/com/caelum/iogi/1.0.0/iogi-1.0.0.pom (3.9 kB at 16 kB/s)
Downloading from central: https://repo1.maven.org/maven2/com/thoughtworks/paranamer/paranamer/2.5/paranamer-2.5.pom
Progress (1): 1.7 kB
Progress (1): 3.2 kB
                    
Downloaded from central: https://repo1.maven.org/maven2/com/thoughtworks/paranamer/paranamer/2.5/paranamer-2.5.pom (3.2 kB at 43 kB/s)
Downloading from central: https://repo1.maven.org/maven2/com/thoughtworks/paranamer/paranamer-parent/2.5/paranamer-parent-2.5.pom
Progress (1): 1.2 kB
Progress (1): 4.5 kB
Progress (1): 10 kB 
Progress (1): 11 kB
                   
Downloaded from central: https://repo1.maven.org/maven2/com/thoughtworks/paranamer/paranamer-parent/2.5/paranamer-parent-2.5.pom (11 kB at 139 kB/s)
Downloading from central: https://repo1.maven.org/maven2/org/codehaus/codehaus-parent/1/codehaus-parent-1.pom
Progress (1): 1.1 kB
Progress (1): 3.4 kB
                    
Downloaded from central: https://repo1.maven.org/maven2/org/codehaus/codehaus-parent/1/codehaus-parent-1.pom (3.4 kB at 72 kB/s)
Downloading from central: https://repo1.maven.org/maven2/net/vidageek/mirror/1.6.1/mirror-1.6.1.pom
Progress (1): 1.3 kB
Progress (1): 3.6 kB
Progress (1): 7.9 kB
Progress (1): 7.9 kB
                    
Downloaded from central: https://repo1.maven.org/maven2/net/vidageek/mirror/1.6.1/mirror-1.6.1.pom (7.9 kB at 116 kB/s)
[INFO] Artifact javassist:javassist:pom:3.12.1.GA is present in the local repository, but cached from a remote repository ID that is unavailable in current build context, verifying that is downloadable from [sonatype-nexus-snapshots (https://oss.sonatype.org/content/repositories/snapshots, default, snapshots), central (https://repo1.maven.org/maven2, default, releases)]
[INFO] Artifact javassist:javassist:pom:3.12.1.GA is present in the local repository, but cached from a remote repository ID that is unavailable in current build context, verifying that is downloadable from [sonatype-nexus-snapshots (https://oss.sonatype.org/content/repositories/snapshots, default, snapshots), central (https://repo1.maven.org/maven2, default, releases)]
Downloading from central: https://repo1.maven.org/maven2/javassist/javassist/3.12.1.GA/javassist-3.12.1.GA.pom
Downloaded from central: https://repo1.maven.org/maven2/javassist/javassist/3.12.1.GA/javassist-3.12.1.GA.pom (0 B at 0 B/s)
Downloading from central: https://repo1.maven.org/maven2/org/slf4j/slf4j-api/1.6.6/slf4j-api-1.6.6.pom
Progress (1): 1.4 kB
Progress (1): 2.7 kB
                    
Downloaded from central: https://repo1.maven.org/maven2/org/slf4j/slf4j-api/1.6.6/slf4j-api-1.6.6.pom (2.7 kB at 51 kB/s)
Downloading from central: https://repo1.maven.org/maven2/org/slf4j/slf4j-parent/1.6.6/slf4j-parent-1.6.6.pom
Progress (1): 1.0 kB
Progress (1): 3.5 kB
Progress (1): 6.6 kB
Progress (1): 9.6 kB
Progress (1): 13 kB 
Progress (1): 13 kB
                   
Downloaded from central: https://repo1.maven.org/maven2/org/slf4j/slf4j-parent/1.6.6/slf4j-parent-1.6.6.pom (13 kB at 233 kB/s)
Downloading from central: https://repo1.maven.org/maven2/org/slf4j/slf4j-log4j12/1.6.6/slf4j-log4j12-1.6.6.pom
Progress (1): 1.5 kB
Progress (1): 1.6 kB
                    
Downloaded from central: https://repo1.maven.org/maven2/org/slf4j/slf4j-log4j12/1.6.6/slf4j-log4j12-1.6.6.pom (1.6 kB at 37 kB/s)
Downloading from central: https://repo1.maven.org/maven2/log4j/log4j/1.2.17/log4j-1.2.17.pom
Progress (1): 747 B
Progress (1): 1.9 kB
Progress (1): 4.2 kB
Progress (1): 7.6 kB
Progress (1): 11 kB 
Progress (1): 14 kB
Progress (1): 16 kB
Progress (1): 19 kB
Progress (1): 22 kB
Progress (1): 22 kB
                   
Downloaded from central: https://repo1.maven.org/maven2/log4j/log4j/1.2.17/log4j-1.2.17.pom (22 kB at 403 kB/s)
Downloading from central: https://repo1.maven.org/maven2/org/objenesis/objenesis/1.3/objenesis-1.3.pom
Progress (1): 1.4 kB
Progress (1): 2.5 kB
                    
Downloaded from central: https://repo1.maven.org/maven2/org/objenesis/objenesis/1.3/objenesis-1.3.pom (2.5 kB at 42 kB/s)
Downloading from central: https://repo1.maven.org/maven2/org/objenesis/objenesis-parent/1.3/objenesis-parent-1.3.pom
Progress (1): 964 B
Progress (1): 3.1 kB
Progress (1): 6.7 kB
Progress (1): 9.7 kB
Progress (1): 13 kB 
Progress (1): 14 kB
                   
Downloaded from central: https://repo1.maven.org/maven2/org/objenesis/objenesis-parent/1.3/objenesis-parent-1.3.pom (14 kB at 149 kB/s)
Downloading from central: https://repo1.maven.org/maven2/com/thoughtworks/paranamer/paranamer/2.5.2/paranamer-2.5.2.pom
Progress (1): 1.7 kB
Progress (1): 3.2 kB
                    
Downloaded from central: https://repo1.maven.org/maven2/com/thoughtworks/paranamer/paranamer/2.5.2/paranamer-2.5.2.pom (3.2 kB at 46 kB/s)
Downloading from central: https://repo1.maven.org/maven2/com/thoughtworks/paranamer/paranamer-parent/2.5.2/paranamer-parent-2.5.2.pom
Progress (1): 1.2 kB
Progress (1): 4.5 kB
Progress (1): 10 kB 
Progress (1): 11 kB
                   
Downloaded from central: https://repo1.maven.org/maven2/com/thoughtworks/paranamer/paranamer-parent/2.5.2/paranamer-parent-2.5.2.pom (11 kB at 113 kB/s)
Downloading from central: https://repo1.maven.org/maven2/net/sf/scannotation/scannotation/1.0.2/scannotation-1.0.2.pom
Progress (1): 1.4 kB
Progress (1): 1.5 kB
                    
Downloaded from central: https://repo1.maven.org/maven2/net/sf/scannotation/scannotation/1.0.2/scannotation-1.0.2.pom (1.5 kB at 21 kB/s)
Downloading from central: https://repo1.maven.org/maven2/javassist/javassist/3.6.0.GA/javassist-3.6.0.GA.pom
Progress (1): 264 B
                   
Downloaded from central: https://repo1.maven.org/maven2/javassist/javassist/3.6.0.GA/javassist-3.6.0.GA.pom (264 B at 4.0 kB/s)
Downloading from central: https://repo1.maven.org/maven2/com/thoughtworks/xstream/xstream/1.4.7/xstream-1.4.7.pom
Progress (1): 887 B
Progress (1): 4.4 kB
Progress (1): 7.7 kB
Progress (1): 11 kB 
                   
Downloaded from central: https://repo1.maven.org/maven2/com/thoughtworks/xstream/xstream/1.4.7/xstream-1.4.7.pom (11 kB at 142 kB/s)
Downloading from central: https://repo1.maven.org/maven2/com/thoughtworks/xstream/xstream-parent/1.4.7/xstream-parent-1.4.7.pom
Progress (1): 821 B
Progress (1): 2.5 kB
Progress (1): 6.6 kB
Progress (1): 12 kB 
Progress (1): 16 kB
Progress (1): 21 kB
Progress (1): 23 kB
Progress (1): 26 kB
Progress (1): 26 kB
                   
Downloaded from central: https://repo1.maven.org/maven2/com/thoughtworks/xstream/xstream-parent/1.4.7/xstream-parent-1.4.7.pom (26 kB at 453 kB/s)
[INFO] Artifact org.codehaus:codehaus-parent:pom:3 is present in the local repository, but cached from a remote repository ID that is unavailable in current build context, verifying that is downloadable from [sonatype-nexus-snapshots (https://oss.sonatype.org/content/repositories/snapshots, default, snapshots), central (https://repo1.maven.org/maven2, default, releases)]
[INFO] Artifact org.codehaus:codehaus-parent:pom:3 is present in the local repository, but cached from a remote repository ID that is unavailable in current build context, verifying that is downloadable from [sonatype-nexus-snapshots (https://oss.sonatype.org/content/repositories/snapshots, default, snapshots), central (https://repo1.maven.org/maven2, default, releases)]
Downloading from central: https://repo1.maven.org/maven2/org/codehaus/codehaus-parent/3/codehaus-parent-3.pom
Downloaded from central: https://repo1.maven.org/maven2/org/codehaus/codehaus-parent/3/codehaus-parent-3.pom (0 B at 0 B/s)
Downloading from central: https://repo1.maven.org/maven2/xmlpull/xmlpull/1.1.3.1/xmlpull-1.1.3.1.pom
Progress (1): 386 B
                   
Downloaded from central: https://repo1.maven.org/maven2/xmlpull/xmlpull/1.1.3.1/xmlpull-1.1.3.1.pom (386 B at 11 kB/s)
Downloading from central: https://repo1.maven.org/maven2/xpp3/xpp3_min/1.1.4c/xpp3_min-1.1.4c.pom
Progress (1): 920 B
Progress (1): 1.6 kB
                    
Downloaded from central: https://repo1.maven.org/maven2/xpp3/xpp3_min/1.1.4c/xpp3_min-1.1.4c.pom (1.6 kB at 36 kB/s)
Downloading from central: https://repo1.maven.org/maven2/ognl/ognl/2.7.3/ognl-2.7.3.pom
Progress (1): 1.4 kB
Progress (1): 5.2 kB
                    
Downloaded from central: https://repo1.maven.org/maven2/ognl/ognl/2.7.3/ognl-2.7.3.pom (5.2 kB at 66 kB/s)
Downloading from central: https://repo1.maven.org/maven2/jboss/javassist/3.7.ga/javassist-3.7.ga.pom
Progress (1): 1.0 kB
Progress (1): 1.0 kB
                    
Downloaded from central: https://repo1.maven.org/maven2/jboss/javassist/3.7.ga/javassist-3.7.ga.pom (1.0 kB at 13 kB/s)
Downloading from central: https://repo1.maven.org/maven2/org/springframework/spring-aop/3.0.5.RELEASE/spring-aop-3.0.5.RELEASE.pom
Progress (1): 1.8 kB
Progress (1): 2.6 kB
                    
Downloaded from central: https://repo1.maven.org/maven2/org/springframework/spring-aop/3.0.5.RELEASE/spring-aop-3.0.5.RELEASE.pom (2.6 kB at 32 kB/s)
Downloading from central: https://repo1.maven.org/maven2/org/springframework/spring-parent/3.0.5.RELEASE/spring-parent-3.0.5.RELEASE.pom
Progress (1): 1.0 kB
Progress (1): 3.8 kB
Progress (1): 6.4 kB
Progress (1): 8.4 kB
                    
Downloaded from central: https://repo1.maven.org/maven2/org/springframework/spring-parent/3.0.5.RELEASE/spring-parent-3.0.5.RELEASE.pom (8.4 kB at 150 kB/s)
Downloading from central: https://repo1.maven.org/maven2/org/springframework/spring-asm/3.0.5.RELEASE/spring-asm-3.0.5.RELEASE.pom
Progress (1): 1.1 kB
Progress (1): 2.0 kB
                    
Downloaded from central: https://repo1.maven.org/maven2/org/springframework/spring-asm/3.0.5.RELEASE/spring-asm-3.0.5.RELEASE.pom (2.0 kB at 43 kB/s)
Downloading from central: https://repo1.maven.org/maven2/org/springframework/spring-beans/3.0.5.RELEASE/spring-beans-3.0.5.RELEASE.pom
Progress (1): 1.8 kB
Progress (1): 2.2 kB
                    
Downloaded from central: https://repo1.maven.org/maven2/org/springframework/spring-beans/3.0.5.RELEASE/spring-beans-3.0.5.RELEASE.pom (2.2 kB at 25 kB/s)
Downloading from central: https://repo1.maven.org/maven2/org/springframework/spring-core/3.0.5.RELEASE/spring-core-3.0.5.RELEASE.pom
Progress (1): 1.9 kB
Progress (1): 2.2 kB
                    
Downloaded from central: https://repo1.maven.org/maven2/org/springframework/spring-core/3.0.5.RELEASE/spring-core-3.0.5.RELEASE.pom (2.2 kB at 26 kB/s)
Downloading from central: https://repo1.maven.org/maven2/org/springframework/spring-context/3.0.5.RELEASE/spring-context-3.0.5.RELEASE.pom
Progress (1): 1.7 kB
Progress (1): 6.4 kB
Progress (1): 7.0 kB
                    
Downloaded from central: https://repo1.maven.org/maven2/org/springframework/spring-context/3.0.5.RELEASE/spring-context-3.0.5.RELEASE.pom (7.0 kB at 97 kB/s)
Downloading from central: https://repo1.maven.org/maven2/org/springframework/spring-expression/3.0.5.RELEASE/spring-expression-3.0.5.RELEASE.pom
Progress (1): 1.5 kB
Progress (1): 1.6 kB
                    
Downloaded from central: https://repo1.maven.org/maven2/org/springframework/spring-expression/3.0.5.RELEASE/spring-expression-3.0.5.RELEASE.pom (1.6 kB at 21 kB/s)
Downloading from central: https://repo1.maven.org/maven2/org/springframework/spring-web/3.0.5.RELEASE/spring-web-3.0.5.RELEASE.pom
Progress (1): 2.1 kB
Progress (1): 5.0 kB
                    
Downloaded from central: https://repo1.maven.org/maven2/org/springframework/spring-web/3.0.5.RELEASE/spring-web-3.0.5.RELEASE.pom (5.0 kB at 66 kB/s)
Downloading from central: https://repo1.maven.org/maven2/org/aspectj/aspectjrt/1.6.9/aspectjrt-1.6.9.pom
Progress (1): 905 B
                   
Downloaded from central: https://repo1.maven.org/maven2/org/aspectj/aspectjrt/1.6.9/aspectjrt-1.6.9.pom (905 B at 14 kB/s)
Downloading from central: https://repo1.maven.org/maven2/com/google/inject/guice/3.0/guice-3.0.pom
Progress (1): 1.3 kB
Progress (1): 3.7 kB
Progress (1): 6.5 kB
Progress (1): 7.3 kB
                    
Downloaded from central: https://repo1.maven.org/maven2/com/google/inject/guice/3.0/guice-3.0.pom (7.3 kB at 155 kB/s)
Downloading from central: https://repo1.maven.org/maven2/com/google/inject/guice-parent/3.0/guice-parent-3.0.pom
Progress (1): 790 B
Progress (1): 2.8 kB
Progress (1): 4.5 kB
Progress (1): 7.7 kB
Progress (1): 10 kB 
Progress (1): 13 kB
                   
Downloaded from central: https://repo1.maven.org/maven2/com/google/inject/guice-parent/3.0/guice-parent-3.0.pom (13 kB at 250 kB/s)
Downloading from central: https://repo1.maven.org/maven2/com/google/inject/extensions/guice-multibindings/3.0/guice-multibindings-3.0.pom
Progress (1): 547 B
                   
Downloaded from central: https://repo1.maven.org/maven2/com/google/inject/extensions/guice-multibindings/3.0/guice-multibindings-3.0.pom (547 B at 7.2 kB/s)
Downloading from central: https://repo1.maven.org/maven2/com/google/inject/extensions/extensions-parent/3.0/extensions-parent-3.0.pom
Progress (1): 1.3 kB
Progress (1): 3.2 kB
Progress (1): 3.6 kB
                    
Downloaded from central: https://repo1.maven.org/maven2/com/google/inject/extensions/extensions-parent/3.0/extensions-parent-3.0.pom (3.6 kB at 72 kB/s)
Downloading from central: https://repo1.maven.org/maven2/javax/enterprise/cdi-api/1.1/cdi-api-1.1.pom
Progress (1): 1.0 kB
Progress (1): 2.9 kB
Progress (1): 5.8 kB
                    
Downloaded from central: https://repo1.maven.org/maven2/javax/enterprise/cdi-api/1.1/cdi-api-1.1.pom (5.8 kB at 114 kB/s)
Downloading from central: https://repo1.maven.org/maven2/org/jboss/weld/weld-parent/21/weld-parent-21.pom
Progress (1): 1.0 kB
Progress (1): 2.9 kB
Progress (1): 6.3 kB
Progress (1): 12 kB 
Progress (1): 16 kB
Progress (1): 19 kB
Progress (1): 22 kB
Progress (1): 26 kB
Progress (1): 31 kB
Progress (1): 32 kB
                   
Downloaded from central: https://repo1.maven.org/maven2/org/jboss/weld/weld-parent/21/weld-parent-21.pom (32 kB at 589 kB/s)
Downloading from central: https://repo1.maven.org/maven2/javax/el/el-api/2.2/el-api-2.2.pom
Progress (1): 740 B
Progress (1): 2.0 kB
Progress (1): 3.8 kB
Progress (1): 4.2 kB
                    
Downloaded from central: https://repo1.maven.org/maven2/javax/el/el-api/2.2/el-api-2.2.pom (4.2 kB at 84 kB/s)
Downloading from central: https://repo1.maven.org/maven2/org/glassfish/web/el/2.2/el-2.2.pom
Progress (1): 1.8 kB
Progress (1): 3.9 kB
                    
Downloaded from central: https://repo1.maven.org/maven2/org/glassfish/web/el/2.2/el-2.2.pom (3.9 kB at 83 kB/s)
Downloading from central: https://repo1.maven.org/maven2/org/jboss/spec/javax/interceptor/jboss-interceptors-api_1.1_spec/1.0.0.Beta1/jboss-interceptors-api_1.1_spec-1.0.0.Beta1.pom
Progress (1): 1.1 kB
                    
Downloaded from central: https://repo1.maven.org/maven2/org/jboss/spec/javax/interceptor/jboss-interceptors-api_1.1_spec/1.0.0.Beta1/jboss-interceptors-api_1.1_spec-1.0.0.Beta1.pom (1.1 kB at 24 kB/s)
Downloading from central: https://repo1.maven.org/maven2/org/jboss/spec/jboss-specs-parent/1.0.0.Beta1/jboss-specs-parent-1.0.0.Beta1.pom
Progress (1): 1.3 kB
Progress (1): 3.0 kB
                    
Downloaded from central: https://repo1.maven.org/maven2/org/jboss/spec/jboss-specs-parent/1.0.0.Beta1/jboss-specs-parent-1.0.0.Beta1.pom (3.0 kB at 69 kB/s)
Downloading from central: https://repo1.maven.org/maven2/org/jboss/jboss-parent/5-beta-5/jboss-parent-5-beta-5.pom
Progress (1): 1.1 kB
Progress (1): 3.6 kB
Progress (1): 5.9 kB
Progress (1): 13 kB 
Progress (1): 16 kB
Progress (1): 19 kB
                   
Downloaded from central: https://repo1.maven.org/maven2/org/jboss/jboss-parent/5-beta-5/jboss-parent-5-beta-5.pom (19 kB at 365 kB/s)
Downloading from central: https://repo1.maven.org/maven2/org/picocontainer/picocontainer/2.13.6/picocontainer-2.13.6.pom
Progress (1): 1.5 kB
Progress (1): 3.8 kB
                    
Downloaded from central: https://repo1.maven.org/maven2/org/picocontainer/picocontainer/2.13.6/picocontainer-2.13.6.pom (3.8 kB at 54 kB/s)
Downloading from central: https://repo1.maven.org/maven2/org/picocontainer/picocontainer-parent/2.13.6/picocontainer-parent-2.13.6.pom
Progress (1): 1.1 kB
Progress (1): 4.4 kB
Progress (1): 7.3 kB
Progress (1): 10 kB 
Progress (1): 14 kB
Progress (1): 14 kB
                   
Downloaded from central: https://repo1.maven.org/maven2/org/picocontainer/picocontainer-parent/2.13.6/picocontainer-parent-2.13.6.pom (14 kB at 96 kB/s)
Downloading from central: https://repo1.maven.org/maven2/org/codehaus/jettison/jettison/1.2/jettison-1.2.pom
Progress (1): 1.3 kB
Progress (1): 4.0 kB
Progress (1): 4.0 kB
                    
Downloaded from central: https://repo1.maven.org/maven2/org/codehaus/jettison/jettison/1.2/jettison-1.2.pom (4.0 kB at 77 kB/s)
[INFO] Artifact stax:stax-api:pom:1.0.1 is present in the local repository, but cached from a remote repository ID that is unavailable in current build context, verifying that is downloadable from [sonatype-nexus-snapshots (https://oss.sonatype.org/content/repositories/snapshots, default, snapshots), central (https://repo1.maven.org/maven2, default, releases)]
[INFO] Artifact stax:stax-api:pom:1.0.1 is present in the local repository, but cached from a remote repository ID that is unavailable in current build context, verifying that is downloadable from [sonatype-nexus-snapshots (https://oss.sonatype.org/content/repositories/snapshots, default, snapshots), central (https://repo1.maven.org/maven2, default, releases)]
Downloading from central: https://repo1.maven.org/maven2/stax/stax-api/1.0.1/stax-api-1.0.1.pom
Downloaded from central: https://repo1.maven.org/maven2/stax/stax-api/1.0.1/stax-api-1.0.1.pom (0 B at 0 B/s)
Downloading from central: https://repo1.maven.org/maven2/com/google/code/gson/gson/2.2.4/gson-2.2.4.pom
Progress (1): 1.1 kB
Progress (1): 3.3 kB
Progress (1): 6.2 kB
Progress (1): 8.0 kB
                    
Downloaded from central: https://repo1.maven.org/maven2/com/google/code/gson/gson/2.2.4/gson-2.2.4.pom (8.0 kB at 122 kB/s)
Downloading from central: https://repo1.maven.org/maven2/org/hibernate/hibernate-core/3.6.6.Final/hibernate-core-3.6.6.Final.pom
Progress (1): 780 B
Progress (1): 2.6 kB
Progress (1): 6.2 kB
Progress (1): 9.0 kB
Progress (1): 11 kB 
                   
Downloaded from central: https://repo1.maven.org/maven2/org/hibernate/hibernate-core/3.6.6.Final/hibernate-core-3.6.6.Final.pom (11 kB at 77 kB/s)
Downloading from central: https://repo1.maven.org/maven2/org/hibernate/hibernate-parent/3.6.6.Final/hibernate-parent-3.6.6.Final.pom
Progress (1): 762 B
Progress (1): 2.2 kB
Progress (1): 4.8 kB
Progress (1): 7.1 kB
Progress (1): 10 kB 
Progress (1): 13 kB
Progress (1): 18 kB
Progress (1): 23 kB
Progress (1): 26 kB
Progress (1): 30 kB
Progress (1): 38 kB
Progress (1): 46 kB
Progress (1): 46 kB
                   
Downloaded from central: https://repo1.maven.org/maven2/org/hibernate/hibernate-parent/3.6.6.Final/hibernate-parent-3.6.6.Final.pom (46 kB at 543 kB/s)
Downloading from central: https://repo1.maven.org/maven2/org/hibernate/hibernate-commons-annotations/3.2.0.Final/hibernate-commons-annotations-3.2.0.Final.pom
Progress (1): 1.1 kB
Progress (1): 4.2 kB
Progress (1): 6.6 kB
                    
Downloaded from central: https://repo1.maven.org/maven2/org/hibernate/hibernate-commons-annotations/3.2.0.Final/hibernate-commons-annotations-3.2.0.Final.pom (6.6 kB at 101 kB/s)
Downloading from central: https://repo1.maven.org/maven2/org/hibernate/javax/persistence/hibernate-jpa-2.0-api/1.0.1.Final/hibernate-jpa-2.0-api-1.0.1.Final.pom
Progress (1): 921 B
Progress (1): 2.8 kB
Progress (1): 5.7 kB
Progress (1): 7.1 kB
                    
Downloaded from central: https://repo1.maven.org/maven2/org/hibernate/javax/persistence/hibernate-jpa-2.0-api/1.0.1.Final/hibernate-jpa-2.0-api-1.0.1.Final.pom (7.1 kB at 90 kB/s)
Downloading from central: https://repo1.maven.org/maven2/org/slf4j/slf4j-api/1.6.1/slf4j-api-1.6.1.pom
Progress (1): 1.4 kB
Progress (1): 3.0 kB
                    
Downloaded from central: https://repo1.maven.org/maven2/org/slf4j/slf4j-api/1.6.1/slf4j-api-1.6.1.pom (3.0 kB at 58 kB/s)
Downloading from central: https://repo1.maven.org/maven2/org/slf4j/slf4j-parent/1.6.1/slf4j-parent-1.6.1.pom
Progress (1): 1.0 kB
Progress (1): 3.4 kB
Progress (1): 5.7 kB
Progress (1): 8.8 kB
Progress (1): 9.3 kB
                    
Downloaded from central: https://repo1.maven.org/maven2/org/slf4j/slf4j-parent/1.6.1/slf4j-parent-1.6.1.pom (9.3 kB at 146 kB/s)
Downloading from central: https://repo1.maven.org/maven2/javax/validation/validation-api/1.1.0.Final/validation-api-1.1.0.Final.pom
Progress (1): 1.6 kB
Progress (1): 3.6 kB
Progress (1): 7.5 kB
Progress (1): 7.9 kB
                    
Downloaded from central: https://repo1.maven.org/maven2/javax/validation/validation-api/1.1.0.Final/validation-api-1.1.0.Final.pom (7.9 kB at 138 kB/s)
Downloading from central: https://repo1.maven.org/maven2/org/hibernate/hibernate-validator/5.0.0.Final/hibernate-validator-5.0.0.Final.pom
Progress (1): 762 B
Progress (1): 2.5 kB
Progress (1): 5.7 kB
Progress (1): 9.5 kB
Progress (1): 13 kB 
                   
Downloaded from central: https://repo1.maven.org/maven2/org/hibernate/hibernate-validator/5.0.0.Final/hibernate-validator-5.0.0.Final.pom (13 kB at 268 kB/s)
Downloading from central: https://repo1.maven.org/maven2/org/hibernate/hibernate-validator-parent/5.0.0.Final/hibernate-validator-parent-5.0.0.Final.pom
Progress (1): 730 B
Progress (1): 2.4 kB
Progress (1): 4.5 kB
Progress (1): 9.4 kB
Progress (1): 13 kB 
Progress (1): 17 kB
Progress (1): 21 kB
Progress (1): 24 kB
Progress (1): 26 kB
                   
Downloaded from central: https://repo1.maven.org/maven2/org/hibernate/hibernate-validator-parent/5.0.0.Final/hibernate-validator-parent-5.0.0.Final.pom (26 kB at 422 kB/s)
Downloading from central: https://repo1.maven.org/maven2/org/jboss/arquillian/arquillian-bom/1.0.2.Final/arquillian-bom-1.0.2.Final.pom
Progress (1): 1.0 kB
Progress (1): 7.4 kB
Progress (1): 11 kB 
                   
Downloaded from central: https://repo1.maven.org/maven2/org/jboss/arquillian/arquillian-bom/1.0.2.Final/arquillian-bom-1.0.2.Final.pom (11 kB at 180 kB/s)
Downloading from central: https://repo1.maven.org/maven2/org/jboss/shrinkwrap/shrinkwrap-bom/1.0.1/shrinkwrap-bom-1.0.1.pom
Progress (1): 998 B
Progress (1): 3.2 kB
                    
Downloaded from central: https://repo1.maven.org/maven2/org/jboss/shrinkwrap/shrinkwrap-bom/1.0.1/shrinkwrap-bom-1.0.1.pom (3.2 kB at 52 kB/s)
Downloading from central: https://repo1.maven.org/maven2/org/jboss/shrinkwrap/resolver/shrinkwrap-resolver-bom/1.0.0-beta-7/shrinkwrap-resolver-bom-1.0.0-beta-7.pom
Progress (1): 982 B
Progress (1): 3.3 kB
                    
Downloaded from central: https://repo1.maven.org/maven2/org/jboss/shrinkwrap/resolver/shrinkwrap-resolver-bom/1.0.0-beta-7/shrinkwrap-resolver-bom-1.0.0-beta-7.pom (3.3 kB at 50 kB/s)
Downloading from central: https://repo1.maven.org/maven2/org/jboss/shrinkwrap/descriptors/shrinkwrap-descriptors-bom/2.0.0-alpha-3/shrinkwrap-descriptors-bom-2.0.0-alpha-3.pom
Progress (1): 1.0 kB
Progress (1): 4.4 kB
                    
Downloaded from central: https://repo1.maven.org/maven2/org/jboss/shrinkwrap/descriptors/shrinkwrap-descriptors-bom/2.0.0-alpha-3/shrinkwrap-descriptors-bom-2.0.0-alpha-3.pom (4.4 kB at 79 kB/s)
Downloading from central: https://repo1.maven.org/maven2/org/jboss/logging/jboss-logging/3.1.1.GA/jboss-logging-3.1.1.GA.pom
Progress (1): 852 B
Progress (1): 2.3 kB
Progress (1): 4.8 kB
Progress (1): 6.1 kB
                    
Downloaded from central: https://repo1.maven.org/maven2/org/jboss/logging/jboss-logging/3.1.1.GA/jboss-logging-3.1.1.GA.pom (6.1 kB at 100 kB/s)
Downloading from central: https://repo1.maven.org/maven2/org/jboss/jboss-parent/7/jboss-parent-7.pom
Progress (1): 1.0 kB
Progress (1): 3.5 kB
Progress (1): 5.7 kB
Progress (1): 8.9 kB
Progress (1): 19 kB 
Progress (1): 22 kB
Progress (1): 22 kB
                   
Downloaded from central: https://repo1.maven.org/maven2/org/jboss/jboss-parent/7/jboss-parent-7.pom (22 kB at 242 kB/s)
Downloading from central: https://repo1.maven.org/maven2/com/fasterxml/classmate/0.8.0/classmate-0.8.0.pom
Progress (1): 1.3 kB
Progress (1): 3.4 kB
Progress (1): 6.6 kB
                    
Downloaded from central: https://repo1.maven.org/maven2/com/fasterxml/classmate/0.8.0/classmate-0.8.0.pom (6.6 kB at 113 kB/s)
Downloading from central: https://repo1.maven.org/maven2/org/glassfish/web/javax.el/2.2.4/javax.el-2.2.4.pom
Progress (1): 701 B
Progress (1): 2.0 kB
Progress (1): 3.5 kB
Progress (1): 5.7 kB
Progress (1): 8.7 kB
Progress (1): 12 kB 
                   
Downloaded from central: https://repo1.maven.org/maven2/org/glassfish/web/javax.el/2.2.4/javax.el-2.2.4.pom (12 kB at 205 kB/s)
Downloading from central: https://repo1.maven.org/maven2/net/java/jvnet-parent/1/jvnet-parent-1.pom
Progress (1): 843 B
Progress (1): 2.5 kB
Progress (1): 4.7 kB
                    
Downloaded from central: https://repo1.maven.org/maven2/net/java/jvnet-parent/1/jvnet-parent-1.pom (4.7 kB at 81 kB/s)
Downloading from central: https://repo1.maven.org/maven2/javax/el/javax.el-api/2.2.4/javax.el-api-2.2.4.pom
Progress (1): 709 B
Progress (1): 2.0 kB
Progress (1): 3.5 kB
Progress (1): 5.8 kB
Progress (1): 9.1 kB
Progress (1): 11 kB 
                   
Downloaded from central: https://repo1.maven.org/maven2/javax/el/javax.el-api/2.2.4/javax.el-api-2.2.4.pom (11 kB at 174 kB/s)
Downloading from central: https://repo1.maven.org/maven2/joda-time/joda-time/1.6/joda-time-1.6.pom
Progress (1): 1.2 kB
Progress (1): 3.5 kB
Progress (1): 4.4 kB
                    
Downloaded from central: https://repo1.maven.org/maven2/joda-time/joda-time/1.6/joda-time-1.6.pom (4.4 kB at 51 kB/s)
Downloading from central: https://repo1.maven.org/maven2/commons-fileupload/commons-fileupload/1.3/commons-fileupload-1.3.pom
Progress (1): 760 B
Progress (1): 2.2 kB
Progress (1): 4.8 kB
Progress (1): 7.0 kB
Progress (1): 9.4 kB
Progress (1): 9.8 kB
                    
Downloaded from central: https://repo1.maven.org/maven2/commons-fileupload/commons-fileupload/1.3/commons-fileupload-1.3.pom (9.8 kB at 163 kB/s)
Downloading from central: https://repo1.maven.org/maven2/org/apache/commons/commons-parent/28/commons-parent-28.pom
Progress (1): 721 B
Progress (1): 2.1 kB
Progress (1): 3.4 kB
Progress (1): 5.1 kB
Progress (1): 9.0 kB
Progress (1): 13 kB 
Progress (1): 16 kB
Progress (1): 19 kB
Progress (1): 22 kB
Progress (1): 24 kB
Progress (1): 28 kB
Progress (1): 34 kB
Progress (1): 38 kB
Progress (1): 41 kB
Progress (1): 44 kB
Progress (1): 44 kB
Progress (1): 46 kB
Progress (1): 48 kB
Progress (1): 50 kB
                   
Downloaded from central: https://repo1.maven.org/maven2/org/apache/commons/commons-parent/28/commons-parent-28.pom (50 kB at 946 kB/s)
Downloading from central: https://repo1.maven.org/maven2/org/hamcrest/hamcrest-core/1.2/hamcrest-core-1.2.pom
Progress (1): 1.0 kB
Progress (1): 3.1 kB
Progress (1): 3.2 kB
                    
Downloaded from central: https://repo1.maven.org/maven2/org/hamcrest/hamcrest-core/1.2/hamcrest-core-1.2.pom (3.2 kB at 47 kB/s)
Downloading from central: https://repo1.maven.org/maven2/org/hamcrest/hamcrest-library/1.2/hamcrest-library-1.2.pom
Progress (1): 896 B
Progress (1): 2.4 kB
Progress (1): 4.8 kB
Progress (1): 5.7 kB
                    
Downloaded from central: https://repo1.maven.org/maven2/org/hamcrest/hamcrest-library/1.2/hamcrest-library-1.2.pom (5.7 kB at 84 kB/s)
Downloading from central: https://repo1.maven.org/maven2/javax/servlet/jstl/1.2/jstl-1.2.pom
Progress (1): 356 B
                   
Downloaded from central: https://repo1.maven.org/maven2/javax/servlet/jstl/1.2/jstl-1.2.pom (356 B at 5.2 kB/s)
Downloading from central: https://repo1.maven.org/maven2/javax/servlet/jsp/jsp-api/2.1/jsp-api-2.1.pom
Progress (1): 157 B
                   
Downloaded from central: https://repo1.maven.org/maven2/javax/servlet/jsp/jsp-api/2.1/jsp-api-2.1.pom (157 B at 3.3 kB/s)
Downloading from central: https://repo1.maven.org/maven2/org/mortbay/jetty/servlet-api/3.0.20100224/servlet-api-3.0.20100224.pom
Progress (1): 1.3 kB
Progress (1): 2.6 kB
                    
Downloaded from central: https://repo1.maven.org/maven2/org/mortbay/jetty/servlet-api/3.0.20100224/servlet-api-3.0.20100224.pom (2.6 kB at 28 kB/s)
Downloading from central: https://repo1.maven.org/maven2/org/mortbay/jetty/jetty-parent/9/jetty-parent-9.pom
Progress (1): 1.4 kB
Progress (1): 2.9 kB
                    
Downloaded from central: https://repo1.maven.org/maven2/org/mortbay/jetty/jetty-parent/9/jetty-parent-9.pom (2.9 kB at 20 kB/s)
Downloading from central: https://repo1.maven.org/maven2/org/eclipse/jetty/jetty-parent/12/jetty-parent-12.pom
Progress (1): 1.1 kB
Progress (1): 5.4 kB
Progress (1): 8.1 kB
Progress (1): 11 kB 
Progress (1): 15 kB
Progress (1): 16 kB
                   
Downloaded from central: https://repo1.maven.org/maven2/org/eclipse/jetty/jetty-parent/12/jetty-parent-12.pom (16 kB at 198 kB/s)
Downloading from central: https://repo1.maven.org/maven2/org/mockito/mockito-core/1.8.5/mockito-core-1.8.5.pom
Progress (1): 1.3 kB
                    
Downloaded from central: https://repo1.maven.org/maven2/org/mockito/mockito-core/1.8.5/mockito-core-1.8.5.pom (1.3 kB at 15 kB/s)
[INFO] Artifact org.hamcrest:hamcrest-core:pom:1.1 is present in the local repository, but cached from a remote repository ID that is unavailable in current build context, verifying that is downloadable from [sonatype-nexus-snapshots (https://oss.sonatype.org/content/repositories/snapshots, default, snapshots), central (https://repo1.maven.org/maven2, default, releases)]
[INFO] Artifact org.hamcrest:hamcrest-core:pom:1.1 is present in the local repository, but cached from a remote repository ID that is unavailable in current build context, verifying that is downloadable from [sonatype-nexus-snapshots (https://oss.sonatype.org/content/repositories/snapshots, default, snapshots), central (https://repo1.maven.org/maven2, default, releases)]
Downloading from central: https://repo1.maven.org/maven2/org/hamcrest/hamcrest-core/1.1/hamcrest-core-1.1.pom
Downloaded from central: https://repo1.maven.org/maven2/org/hamcrest/hamcrest-core/1.1/hamcrest-core-1.1.pom (0 B at 0 B/s)
Downloading from central: https://repo1.maven.org/maven2/org/objenesis/objenesis/1.0/objenesis-1.0.pom
Progress (1): 853 B
                   
Downloaded from central: https://repo1.maven.org/maven2/org/objenesis/objenesis/1.0/objenesis-1.0.pom (853 B at 21 kB/s)
Downloading from central: https://repo1.maven.org/maven2/junit/junit/4.10/junit-4.10.pom
Progress (1): 1.2 kB
Progress (1): 2.3 kB
                    
Downloaded from central: https://repo1.maven.org/maven2/junit/junit/4.10/junit-4.10.pom (2.3 kB at 48 kB/s)
[INFO] Artifact javassist:javassist:jar:3.12.1.GA is present in the local repository, but cached from a remote repository ID that is unavailable in current build context, verifying that is downloadable from [sonatype-nexus-snapshots (https://oss.sonatype.org/content/repositories/snapshots, default, snapshots), central (https://repo1.maven.org/maven2, default, releases)]
[INFO] Artifact stax:stax-api:jar:1.0.1 is present in the local repository, but cached from a remote repository ID that is unavailable in current build context, verifying that is downloadable from [sonatype-nexus-snapshots (https://oss.sonatype.org/content/repositories/snapshots, default, snapshots), central (https://repo1.maven.org/maven2, default, releases)]
[INFO] Artifact dom4j:dom4j:jar:1.6.1 is present in the local repository, but cached from a remote repository ID that is unavailable in current build context, verifying that is downloadable from [sonatype-nexus-snapshots (https://oss.sonatype.org/content/repositories/snapshots, default, snapshots), central (https://repo1.maven.org/maven2, default, releases)]
[INFO] Artifact javassist:javassist:jar:3.12.1.GA is present in the local repository, but cached from a remote repository ID that is unavailable in current build context, verifying that is downloadable from [sonatype-nexus-snapshots (https://oss.sonatype.org/content/repositories/snapshots, default, snapshots), central (https://repo1.maven.org/maven2, default, releases)]
[INFO] Artifact stax:stax-api:jar:1.0.1 is present in the local repository, but cached from a remote repository ID that is unavailable in current build context, verifying that is downloadable from [sonatype-nexus-snapshots (https://oss.sonatype.org/content/repositories/snapshots, default, snapshots), central (https://repo1.maven.org/maven2, default, releases)]
[INFO] Artifact dom4j:dom4j:jar:1.6.1 is present in the local repository, but cached from a remote repository ID that is unavailable in current build context, verifying that is downloadable from [sonatype-nexus-snapshots (https://oss.sonatype.org/content/repositories/snapshots, default, snapshots), central (https://repo1.maven.org/maven2, default, releases)]
Downloading from central: https://repo1.maven.org/maven2/com/google/code/findbugs/jsr305/1.3.9/jsr305-1.3.9.jar
Downloading from central: https://repo1.maven.org/maven2/br/com/caelum/iogi/1.0.0/iogi-1.0.0.jar
Downloading from central: https://repo1.maven.org/maven2/com/google/guava/guava/11.0.2/guava-11.0.2.jar
Downloading from central: https://repo1.maven.org/maven2/javassist/javassist/3.12.1.GA/javassist-3.12.1.GA.jar
Downloading from central: https://repo1.maven.org/maven2/org/slf4j/slf4j-api/1.6.6/slf4j-api-1.6.6.jar
Downloaded from central: https://repo1.maven.org/maven2/javassist/javassist/3.12.1.GA/javassist-3.12.1.GA.jar (0 B at 0 B/s)
Downloading from central: https://repo1.maven.org/maven2/org/slf4j/slf4j-log4j12/1.6.6/slf4j-log4j12-1.6.6.jar
Progress (1): 0/1.6 MB
Progress (1): 0/1.6 MB
Progress (1): 0/1.6 MB
Progress (1): 0/1.6 MB
Progress (1): 0/1.6 MB
Progress (1): 0/1.6 MB
Progress (1): 0/1.6 MB
Progress (1): 0/1.6 MB
Progress (1): 0/1.6 MB
Progress (1): 0/1.6 MB
Progress (1): 0/1.6 MB
Progress (1): 0/1.6 MB
Progress (1): 0/1.6 MB
Progress (1): 0/1.6 MB
Progress (1): 0/1.6 MB
Progress (1): 0/1.6 MB
Progress (1): 0/1.6 MB
Progress (1): 0/1.6 MB
Progress (1): 0/1.6 MB
Progress (1): 0/1.6 MB
Progress (1): 0/1.6 MB
Progress (1): 0/1.6 MB
Progress (1): 0/1.6 MB
Progress (1): 0/1.6 MB
Progress (1): 0/1.6 MB
Progress (1): 0/1.6 MB
Progress (1): 0/1.6 MB
Progress (1): 0/1.6 MB
Progress (1): 0/1.6 MB
Progress (1): 0/1.6 MB
Progress (1): 0/1.6 MB
Progress (1): 0/1.6 MB
Progress (1): 0/1.6 MB
Progress (1): 0/1.6 MB
Progress (1): 0/1.6 MB
Progress (1): 0/1.6 MB
Progress (1): 0/1.6 MB
Progress (1): 0.1/1.6 MB
Progress (1): 0.1/1.6 MB
Progress (1): 0.1/1.6 MB
Progress (1): 0.1/1.6 MB
Progress (1): 0.1/1.6 MB
Progress (1): 0.1/1.6 MB
Progress (1): 0.1/1.6 MB
Progress (1): 0.1/1.6 MB
Progress (1): 0.1/1.6 MB
Progress (1): 0.1/1.6 MB
Progress (1): 0.1/1.6 MB
Progress (2): 0.1/1.6 MB | 0.9/33 kB
Progress (2): 0.1/1.6 MB | 0.9/33 kB
Progress (2): 0.1/1.6 MB | 0.9/33 kB
Progress (2): 0.1/1.6 MB | 0.9/33 kB
Progress (2): 0.1/1.6 MB | 0.9/33 kB
Progress (2): 0.1/1.6 MB | 2.3/33 kB
Progress (2): 0.1/1.6 MB | 2.3/33 kB
Progress (2): 0.1/1.6 MB | 3.7/33 kB
Progress (2): 0.1/1.6 MB | 3.7/33 kB
Progress (2): 0.1/1.6 MB | 5.0/33 kB
Progress (2): 0.1/1.6 MB | 5.0/33 kB
Progress (2): 0.1/1.6 MB | 6.4/33 kB
Progress (2): 0.1/1.6 MB | 6.4/33 kB
Progress (2): 0.1/1.6 MB | 7.8/33 kB
Progress (2): 0.1/1.6 MB | 8.2/33 kB
Progress (2): 0.1/1.6 MB | 8.2/33 kB
Progress (2): 0.1/1.6 MB | 9.6/33 kB
Progress (2): 0.1/1.6 MB | 9.6/33 kB
Progress (2): 0.1/1.6 MB | 11/33 kB 
Progress (2): 0.1/1.6 MB | 12/33 kB
Progress (2): 0.1/1.6 MB | 14/33 kB
Progress (2): 0.1/1.6 MB | 15/33 kB
Progress (2): 0.1/1.6 MB | 16/33 kB
Progress (2): 0.1/1.6 MB | 18/33 kB
Progress (2): 0.1/1.6 MB | 19/33 kB
Progress (2): 0.1/1.6 MB | 21/33 kB
Progress (2): 0.1/1.6 MB | 22/33 kB
Progress (2): 0.1/1.6 MB | 23/33 kB
Progress (2): 0.1/1.6 MB | 25/33 kB
Progress (2): 0.1/1.6 MB | 26/33 kB
Progress (2): 0.1/1.6 MB | 27/33 kB
Progress (2): 0.1/1.6 MB | 29/33 kB
Progress (2): 0.1/1.6 MB | 30/33 kB
Progress (2): 0.1/1.6 MB | 31/33 kB
Progress (2): 0.1/1.6 MB | 33/33 kB
Progress (2): 0.1/1.6 MB | 33 kB   
Progress (2): 0.1/1.6 MB | 33 kB
Progress (2): 0.1/1.6 MB | 33 kB
Progress (2): 0.1/1.6 MB | 33 kB
Progress (2): 0.1/1.6 MB | 33 kB
Progress (2): 0.1/1.6 MB | 33 kB
Progress (2): 0.2/1.6 MB | 33 kB
Progress (2): 0.2/1.6 MB | 33 kB
Progress (2): 0.2/1.6 MB | 33 kB
Progress (2): 0.2/1.6 MB | 33 kB
Progress (2): 0.2/1.6 MB | 33 kB
Progress (2): 0.2/1.6 MB | 33 kB
Progress (2): 0.2/1.6 MB | 33 kB
Progress (2): 0.2/1.6 MB | 33 kB
Progress (2): 0.2/1.6 MB | 33 kB
Progress (2): 0.2/1.6 MB | 33 kB
Progress (2): 0.2/1.6 MB | 33 kB
Progress (3): 0.2/1.6 MB | 33 kB | 0.9/26 kB
Progress (3): 0.2/1.6 MB | 33 kB | 0.9/26 kB
Progress (3): 0.2/1.6 MB | 33 kB | 2.3/26 kB
Progress (3): 0.2/1.6 MB | 33 kB | 3.7/26 kB
Progress (3): 0.2/1.6 MB | 33 kB | 3.7/26 kB
Progress (3): 0.2/1.6 MB | 33 kB | 4.1/26 kB
Progress (3): 0.2/1.6 MB | 33 kB | 5.5/26 kB
Progress (3): 0.2/1.6 MB | 33 kB | 5.5/26 kB
Progress (3): 0.2/1.6 MB | 33 kB | 6.8/26 kB
Progress (3): 0.2/1.6 MB | 33 kB | 6.8/26 kB
Progress (3): 0.2/1.6 MB | 33 kB | 8.2/26 kB
Progress (3): 0.2/1.6 MB | 33 kB | 8.2/26 kB
Progress (3): 0.2/1.6 MB | 33 kB | 9.6/26 kB
Progress (3): 0.2/1.6 MB | 33 kB | 11/26 kB 
Progress (3): 0.2/1.6 MB | 33 kB | 12/26 kB
Progress (3): 0.2/1.6 MB | 33 kB | 12/26 kB
Progress (3): 0.2/1.6 MB | 33 kB | 14/26 kB
Progress (3): 0.2/1.6 MB | 33 kB | 15/26 kB
Progress (3): 0.2/1.6 MB | 33 kB | 16/26 kB
Progress (3): 0.2/1.6 MB | 33 kB | 16/26 kB
Progress (3): 0.2/1.6 MB | 33 kB | 18/26 kB
Progress (3): 0.2/1.6 MB | 33 kB | 18/26 kB
Progress (3): 0.2/1.6 MB | 33 kB | 19/26 kB
                                           
Downloaded from central: https://repo1.maven.org/maven2/com/google/code/findbugs/jsr305/1.3.9/jsr305-1.3.9.jar (33 kB at 287 kB/s)
Downloading from central: https://repo1.maven.org/maven2/log4j/log4j/1.2.17/log4j-1.2.17.jar
Progress (2): 0.2/1.6 MB | 21/26 kB
Progress (2): 0.2/1.6 MB | 22/26 kB
Progress (2): 0.3/1.6 MB | 22/26 kB
Progress (2): 0.3/1.6 MB | 23/26 kB
Progress (2): 0.3/1.6 MB | 25/26 kB
Progress (2): 0.3/1.6 MB | 26/26 kB
Progress (2): 0.3/1.6 MB | 26 kB   
Progress (2): 0.3/1.6 MB | 26 kB
Progress (2): 0.3/1.6 MB | 26 kB
Progress (2): 0.3/1.6 MB | 26 kB
Progress (2): 0.3/1.6 MB | 26 kB
Progress (2): 0.3/1.6 MB | 26 kB
Progress (2): 0.3/1.6 MB | 26 kB
Progress (2): 0.4/1.6 MB | 26 kB
Progress (2): 0.4/1.6 MB | 26 kB
Progress (2): 0.4/1.6 MB | 26 kB
Progress (2): 0.4/1.6 MB | 26 kB
Progress (2): 0.4/1.6 MB | 26 kB
Progress (2): 0.4/1.6 MB | 26 kB
Progress (2): 0.5/1.6 MB | 26 kB
Progress (2): 0.5/1.6 MB | 26 kB
Progress (2): 0.5/1.6 MB | 26 kB
Progress (2): 0.5/1.6 MB | 26 kB
Progress (2): 0.5/1.6 MB | 26 kB
Progress (2): 0.5/1.6 MB | 26 kB
Progress (2): 0.5/1.6 MB | 26 kB
Progress (2): 0.6/1.6 MB | 26 kB
                                
Downloaded from central: https://repo1.maven.org/maven2/org/slf4j/slf4j-api/1.6.6/slf4j-api-1.6.6.jar (26 kB at 197 kB/s)
Downloading from central: https://repo1.maven.org/maven2/net/vidageek/mirror/1.6.1/mirror-1.6.1.jar
Progress (1): 0.6/1.6 MB
Progress (1): 0.6/1.6 MB
Progress (1): 0.6/1.6 MB
Progress (1): 0.6/1.6 MB
Progress (1): 0.6/1.6 MB
Progress (1): 0.7/1.6 MB
Progress (1): 0.7/1.6 MB
Progress (1): 0.7/1.6 MB
Progress (1): 0.7/1.6 MB
Progress (1): 0.7/1.6 MB
Progress (1): 0.7/1.6 MB
Progress (1): 0.8/1.6 MB
Progress (1): 0.8/1.6 MB
Progress (1): 0.8/1.6 MB
Progress (1): 0.8/1.6 MB
Progress (1): 0.8/1.6 MB
Progress (1): 0.8/1.6 MB
Progress (1): 0.9/1.6 MB
Progress (1): 0.9/1.6 MB
Progress (1): 0.9/1.6 MB
Progress (1): 0.9/1.6 MB
Progress (1): 0.9/1.6 MB
Progress (1): 0.9/1.6 MB
Progress (1): 1.0/1.6 MB
Progress (1): 1.0/1.6 MB
Progress (1): 1.0/1.6 MB
Progress (1): 1.0/1.6 MB
Progress (1): 1.0/1.6 MB
Progress (1): 1.0/1.6 MB
Progress (1): 1.1/1.6 MB
Progress (1): 1.1/1.6 MB
Progress (1): 1.1/1.6 MB
Progress (1): 1.1/1.6 MB
Progress (1): 1.1/1.6 MB
Progress (1): 1.1/1.6 MB
Progress (1): 1.2/1.6 MB
Progress (1): 1.2/1.6 MB
Progress (1): 1.2/1.6 MB
Progress (1): 1.2/1.6 MB
Progress (1): 1.2/1.6 MB
Progress (1): 1.2/1.6 MB
Progress (1): 1.2/1.6 MB
Progress (1): 1.3/1.6 MB
Progress (1): 1.3/1.6 MB
Progress (1): 1.3/1.6 MB
Progress (1): 1.3/1.6 MB
Progress (1): 1.3/1.6 MB
Progress (1): 1.3/1.6 MB
Progress (1): 1.4/1.6 MB
Progress (2): 1.4/1.6 MB | 0.9/9.7 kB
Progress (2): 1.4/1.6 MB | 0.9/9.7 kB
Progress (3): 1.4/1.6 MB | 0.9/9.7 kB | 0.9/490 kB
Progress (3): 1.4/1.6 MB | 2.3/9.7 kB | 0.9/490 kB
Progress (3): 1.4/1.6 MB | 2.3/9.7 kB | 2.3/490 kB
Progress (3): 1.4/1.6 MB | 3.7/9.7 kB | 2.3/490 kB
Progress (3): 1.4/1.6 MB | 3.7/9.7 kB | 2.3/490 kB
Progress (3): 1.4/1.6 MB | 3.7/9.7 kB | 3.7/490 kB
Progress (3): 1.4/1.6 MB | 5.0/9.7 kB | 3.7/490 kB
Progress (3): 1.4/1.6 MB | 5.0/9.7 kB | 5.0/490 kB
Progress (3): 1.4/1.6 MB | 6.4/9.7 kB | 5.0/490 kB
Progress (3): 1.4/1.6 MB | 6.4/9.7 kB | 6.4/490 kB
Progress (3): 1.4/1.6 MB | 6.4/9.7 kB | 6.4/490 kB
Progress (3): 1.4/1.6 MB | 6.4/9.7 kB | 7.8/490 kB
Progress (3): 1.4/1.6 MB | 7.8/9.7 kB | 7.8/490 kB
Progress (3): 1.4/1.6 MB | 7.8/9.7 kB | 9.1/490 kB
Progress (3): 1.4/1.6 MB | 9.1/9.7 kB | 9.1/490 kB
Progress (3): 1.4/1.6 MB | 9.1/9.7 kB | 11/490 kB 
Progress (3): 1.4/1.6 MB | 9.1/9.7 kB | 11/490 kB
Progress (3): 1.4/1.6 MB | 9.7 kB | 11/490 kB    
Progress (3): 1.4/1.6 MB | 9.7 kB | 12/490 kB
Progress (3): 1.4/1.6 MB | 9.7 kB | 13/490 kB
Progress (3): 1.4/1.6 MB | 9.7 kB | 14/490 kB
Progress (3): 1.4/1.6 MB | 9.7 kB | 14/490 kB
Progress (3): 1.4/1.6 MB | 9.7 kB | 16/490 kB
Progress (3): 1.4/1.6 MB | 9.7 kB | 17/490 kB
Progress (3): 1.4/1.6 MB | 9.7 kB | 18/490 kB
Progress (3): 1.4/1.6 MB | 9.7 kB | 20/490 kB
Progress (3): 1.5/1.6 MB | 9.7 kB | 20/490 kB
Progress (3): 1.5/1.6 MB | 9.7 kB | 24/490 kB
Progress (3): 1.5/1.6 MB | 9.7 kB | 28/490 kB
Progress (3): 1.5/1.6 MB | 9.7 kB | 28/490 kB
Progress (3): 1.5/1.6 MB | 9.7 kB | 32/490 kB
Progress (3): 1.5/1.6 MB | 9.7 kB | 37/490 kB
Progress (3): 1.5/1.6 MB | 9.7 kB | 37/490 kB
Progress (3): 1.5/1.6 MB | 9.7 kB | 41/490 kB
Progress (3): 1.5/1.6 MB | 9.7 kB | 45/490 kB
Progress (3): 1.5/1.6 MB | 9.7 kB | 45/490 kB
Progress (3): 1.5/1.6 MB | 9.7 kB | 49/490 kB
Progress (3): 1.5/1.6 MB | 9.7 kB | 54/490 kB
Progress (3): 1.5/1.6 MB | 9.7 kB | 58/490 kB
Progress (3): 1.5/1.6 MB | 9.7 kB | 62/490 kB
Progress (3): 1.5/1.6 MB | 9.7 kB | 62/490 kB
Progress (3): 1.5/1.6 MB | 9.7 kB | 62/490 kB
Progress (3): 1.6/1.6 MB | 9.7 kB | 62/490 kB
Progress (3): 1.6/1.6 MB | 9.7 kB | 62/490 kB
Progress (3): 1.6/1.6 MB | 9.7 kB | 62/490 kB
Progress (3): 1.6/1.6 MB | 9.7 kB | 62/490 kB
Progress (3): 1.6/1.6 MB | 9.7 kB | 62/490 kB
Progress (3): 1.6/1.6 MB | 9.7 kB | 62/490 kB
Progress (3): 1.6 MB | 9.7 kB | 62/490 kB    
Progress (3): 1.6 MB | 9.7 kB | 66/490 kB
Progress (3): 1.6 MB | 9.7 kB | 71/490 kB
Progress (3): 1.6 MB | 9.7 kB | 75/490 kB
Progress (3): 1.6 MB | 9.7 kB | 79/490 kB
Progress (3): 1.6 MB | 9.7 kB | 83/490 kB
Progress (3): 1.6 MB | 9.7 kB | 87/490 kB
Progress (3): 1.6 MB | 9.7 kB | 92/490 kB
Progress (3): 1.6 MB | 9.7 kB | 94/490 kB
Progress (3): 1.6 MB | 9.7 kB | 98/490 kB
Progress (3): 1.6 MB | 9.7 kB | 102/490 kB
Progress (3): 1.6 MB | 9.7 kB | 106/490 kB
Progress (3): 1.6 MB | 9.7 kB | 110/490 kB
Progress (3): 1.6 MB | 9.7 kB | 115/490 kB
Progress (3): 1.6 MB | 9.7 kB | 119/490 kB
Progress (3): 1.6 MB | 9.7 kB | 123/490 kB
Progress (3): 1.6 MB | 9.7 kB | 127/490 kB
                                          
Downloaded from central: https://repo1.maven.org/maven2/org/slf4j/slf4j-log4j12/1.6.6/slf4j-log4j12-1.6.6.jar (9.7 kB at 55 kB/s)
Downloading from central: https://repo1.maven.org/maven2/org/objenesis/objenesis/1.3/objenesis-1.3.jar
Progress (2): 1.6 MB | 132/490 kB
Progress (2): 1.6 MB | 136/490 kB
Progress (2): 1.6 MB | 140/490 kB
Progress (2): 1.6 MB | 144/490 kB
Progress (2): 1.6 MB | 148/490 kB
Progress (2): 1.6 MB | 153/490 kB
Progress (2): 1.6 MB | 157/490 kB
Progress (2): 1.6 MB | 159/490 kB
Progress (2): 1.6 MB | 163/490 kB
Progress (2): 1.6 MB | 168/490 kB
Progress (2): 1.6 MB | 172/490 kB
Progress (2): 1.6 MB | 176/490 kB
Progress (2): 1.6 MB | 180/490 kB
Progress (2): 1.6 MB | 184/490 kB
Progress (2): 1.6 MB | 192/490 kB
Progress (3): 1.6 MB | 192/490 kB | 0.9/141 kB
Progress (3): 1.6 MB | 192/490 kB | 2.3/141 kB
Progress (3): 1.6 MB | 192/490 kB | 3.7/141 kB
Progress (3): 1.6 MB | 192/490 kB | 5.0/141 kB
Progress (3): 1.6 MB | 192/490 kB | 6.4/141 kB
Progress (3): 1.6 MB | 192/490 kB | 7.8/141 kB
Progress (3): 1.6 MB | 192/490 kB | 9.1/141 kB
Progress (3): 1.6 MB | 192/490 kB | 11/141 kB 
Progress (3): 1.6 MB | 192/490 kB | 12/141 kB
Progress (3): 1.6 MB | 208/490 kB | 12/141 kB
Progress (3): 1.6 MB | 208/490 kB | 13/141 kB
Progress (3): 1.6 MB | 208/490 kB | 15/141 kB
Progress (3): 1.6 MB | 208/490 kB | 16/141 kB
Progress (3): 1.6 MB | 208/490 kB | 17/141 kB
Progress (3): 1.6 MB | 208/490 kB | 19/141 kB
Progress (3): 1.6 MB | 208/490 kB | 20/141 kB
Progress (3): 1.6 MB | 208/490 kB | 21/141 kB
Progress (3): 1.6 MB | 208/490 kB | 23/141 kB
Progress (3): 1.6 MB | 208/490 kB | 24/141 kB
Progress (3): 1.6 MB | 225/490 kB | 24/141 kB
Progress (3): 1.6 MB | 225/490 kB | 26/141 kB
Progress (3): 1.6 MB | 225/490 kB | 27/141 kB
Progress (3): 1.6 MB | 225/490 kB | 31/141 kB
Progress (3): 1.6 MB | 225/490 kB | 35/141 kB
                                             
Downloaded from central: https://repo1.maven.org/maven2/com/google/guava/guava/11.0.2/guava-11.0.2.jar (1.6 MB at 8.8 MB/s)
Downloading from central: https://repo1.maven.org/maven2/com/thoughtworks/paranamer/paranamer/2.5.2/paranamer-2.5.2.jar
Progress (2): 225/490 kB | 40/141 kB
Progress (2): 241/490 kB | 40/141 kB
Progress (2): 241/490 kB | 44/141 kB
Progress (2): 241/490 kB | 48/141 kB
Progress (2): 241/490 kB | 52/141 kB
Progress (2): 257/490 kB | 52/141 kB
Progress (2): 257/490 kB | 57/141 kB
Progress (2): 257/490 kB | 61/141 kB
Progress (2): 257/490 kB | 65/141 kB
Progress (2): 257/490 kB | 69/141 kB
Progress (2): 274/490 kB | 69/141 kB
Progress (2): 274/490 kB | 73/141 kB
Progress (2): 274/490 kB | 78/141 kB
Progress (2): 274/490 kB | 82/141 kB
Progress (2): 290/490 kB | 82/141 kB
Progress (2): 290/490 kB | 86/141 kB
Progress (2): 307/490 kB | 86/141 kB
Progress (2): 307/490 kB | 90/141 kB
Progress (2): 307/490 kB | 95/141 kB
Progress (2): 323/490 kB | 95/141 kB
Progress (2): 323/490 kB | 99/141 kB
Progress (2): 339/490 kB | 99/141 kB
Progress (2): 339/490 kB | 103/141 kB
Progress (2): 339/490 kB | 107/141 kB
Progress (2): 339/490 kB | 112/141 kB
Progress (2): 356/490 kB | 112/141 kB
Progress (2): 356/490 kB | 116/141 kB
Progress (2): 356/490 kB | 120/141 kB
Progress (2): 372/490 kB | 120/141 kB
Progress (2): 372/490 kB | 124/141 kB
Progress (2): 372/490 kB | 128/141 kB
Progress (2): 388/490 kB | 128/141 kB
Progress (2): 388/490 kB | 133/141 kB
Progress (2): 388/490 kB | 137/141 kB
Progress (2): 405/490 kB | 137/141 kB
Progress (2): 405/490 kB | 141 kB    
Progress (2): 421/490 kB | 141 kB
Progress (2): 438/490 kB | 141 kB
Progress (2): 454/490 kB | 141 kB
Progress (2): 470/490 kB | 141 kB
Progress (2): 487/490 kB | 141 kB
Progress (2): 490 kB | 141 kB    
                             
Downloaded from central: https://repo1.maven.org/maven2/net/vidageek/mirror/1.6.1/mirror-1.6.1.jar (141 kB at 666 kB/s)
Downloading from central: https://repo1.maven.org/maven2/net/sf/scannotation/scannotation/1.0.2/scannotation-1.0.2.jar
Downloaded from central: https://repo1.maven.org/maven2/log4j/log4j/1.2.17/log4j-1.2.17.jar (490 kB at 2.3 MB/s)
Downloading from central: https://repo1.maven.org/maven2/com/thoughtworks/xstream/xstream/1.4.7/xstream-1.4.7.jar
Progress (1): 7.8/41 kB
Progress (2): 7.8/41 kB | 0.9/30 kB
Progress (2): 7.8/41 kB | 2.3/30 kB
Progress (2): 16/41 kB | 2.3/30 kB 
Progress (2): 16/41 kB | 3.7/30 kB
Progress (2): 16/41 kB | 5.0/30 kB
Progress (2): 32/41 kB | 5.0/30 kB
Progress (2): 32/41 kB | 6.4/30 kB
Progress (2): 41 kB | 6.4/30 kB   
Progress (2): 41 kB | 7.8/30 kB
Progress (2): 41 kB | 9.1/30 kB
Progress (2): 41 kB | 11/30 kB 
Progress (2): 41 kB | 12/30 kB
Progress (2): 41 kB | 13/30 kB
Progress (2): 41 kB | 14/30 kB
Progress (2): 41 kB | 16/30 kB
Progress (2): 41 kB | 17/30 kB
Progress (2): 41 kB | 18/30 kB
Progress (2): 41 kB | 20/30 kB
Progress (2): 41 kB | 21/30 kB
Progress (2): 41 kB | 23/30 kB
Progress (2): 41 kB | 24/30 kB
Progress (2): 41 kB | 25/30 kB
Progress (2): 41 kB | 27/30 kB
Progress (2): 41 kB | 28/30 kB
Progress (2): 41 kB | 29/30 kB
Progress (2): 41 kB | 30 kB   
Progress (3): 41 kB | 30 kB | 3.8/532 kB
Progress (3): 41 kB | 30 kB | 8.0/532 kB
Progress (3): 41 kB | 30 kB | 12/532 kB 
Progress (3): 41 kB | 30 kB | 16/532 kB
                                       
Downloaded from central: https://repo1.maven.org/maven2/org/objenesis/objenesis/1.3/objenesis-1.3.jar (41 kB at 157 kB/s)
Downloading from central: https://repo1.maven.org/maven2/xmlpull/xmlpull/1.1.3.1/xmlpull-1.1.3.1.jar
Progress (2): 30 kB | 21/532 kB
Progress (2): 30 kB | 25/532 kB
Progress (2): 30 kB | 29/532 kB
Progress (2): 30 kB | 33/532 kB
Progress (2): 30 kB | 38/532 kB
Progress (2): 30 kB | 42/532 kB
Progress (2): 30 kB | 46/532 kB
Progress (2): 30 kB | 50/532 kB
Progress (2): 30 kB | 55/532 kB
Progress (2): 30 kB | 71/532 kB
Progress (2): 30 kB | 87/532 kB
Progress (2): 30 kB | 104/532 kB
                                
Downloaded from central: https://repo1.maven.org/maven2/com/thoughtworks/paranamer/paranamer/2.5.2/paranamer-2.5.2.jar (30 kB at 115 kB/s)
Downloading from central: https://repo1.maven.org/maven2/ognl/ognl/2.7.3/ognl-2.7.3.jar
Progress (1): 120/532 kB
Progress (1): 131/532 kB
Progress (1): 147/532 kB
Progress (1): 163/532 kB
Progress (1): 180/532 kB
Progress (1): 196/532 kB
Progress (1): 213/532 kB
Progress (1): 229/532 kB
Progress (1): 245/532 kB
Progress (1): 262/532 kB
Progress (1): 278/532 kB
Progress (1): 294/532 kB
Progress (1): 311/532 kB
Progress (1): 327/532 kB
Progress (1): 344/532 kB
Progress (1): 360/532 kB
Progress (1): 376/532 kB
Progress (1): 393/532 kB
Progress (1): 409/532 kB
Progress (1): 425/532 kB
Progress (1): 442/532 kB
Progress (1): 458/532 kB
Progress (2): 458/532 kB | 8.2/18 kB
Progress (2): 475/532 kB | 8.2/18 kB
Progress (2): 491/532 kB | 8.2/18 kB
Progress (2): 491/532 kB | 18 kB    
Progress (2): 507/532 kB | 18 kB
Progress (2): 524/532 kB | 18 kB
Progress (2): 532 kB | 18 kB    
Progress (3): 532 kB | 18 kB | 7.8/78 kB
Progress (4): 532 kB | 18 kB | 7.8/78 kB | 0.9/7.2 kB
Progress (4): 532 kB | 18 kB | 7.8/78 kB | 2.3/7.2 kB
Progress (4): 532 kB | 18 kB | 7.8/78 kB | 3.7/7.2 kB
Progress (4): 532 kB | 18 kB | 7.8/78 kB | 5.0/7.2 kB
Progress (4): 532 kB | 18 kB | 7.8/78 kB | 6.4/7.2 kB
Progress (4): 532 kB | 18 kB | 7.8/78 kB | 7.2 kB    
Progress (4): 532 kB | 18 kB | 13/78 kB | 7.2 kB 
Progress (4): 532 kB | 18 kB | 21/78 kB | 7.2 kB
Progress (4): 532 kB | 18 kB | 37/78 kB | 7.2 kB
Progress (4): 532 kB | 18 kB | 41/78 kB | 7.2 kB
Progress (4): 532 kB | 18 kB | 58/78 kB | 7.2 kB
Progress (4): 532 kB | 18 kB | 74/78 kB | 7.2 kB
                                                
Downloaded from central: https://repo1.maven.org/maven2/net/sf/scannotation/scannotation/1.0.2/scannotation-1.0.2.jar (18 kB at 61 kB/s)
Downloading from central: https://repo1.maven.org/maven2/jboss/javassist/3.7.ga/javassist-3.7.ga.jar
Progress (3): 532 kB | 78 kB | 7.2 kB
                                     
Downloaded from central: https://repo1.maven.org/maven2/com/thoughtworks/xstream/xstream/1.4.7/xstream-1.4.7.jar (532 kB at 1.7 MB/s)
Downloading from central: https://repo1.maven.org/maven2/org/springframework/spring-aop/3.0.5.RELEASE/spring-aop-3.0.5.RELEASE.jar
Progress (3): 78 kB | 7.2 kB | 8.2/240 kB
Progress (3): 78 kB | 7.2 kB | 25/240 kB 
Progress (3): 78 kB | 7.2 kB | 41/240 kB
Progress (3): 78 kB | 7.2 kB | 49/240 kB
Progress (3): 78 kB | 7.2 kB | 66/240 kB
Progress (3): 78 kB | 7.2 kB | 82/240 kB
Progress (3): 78 kB | 7.2 kB | 98/240 kB
Progress (3): 78 kB | 7.2 kB | 115/240 kB
Progress (3): 78 kB | 7.2 kB | 131/240 kB
Progress (3): 78 kB | 7.2 kB | 147/240 kB
Progress (3): 78 kB | 7.2 kB | 164/240 kB
Progress (3): 78 kB | 7.2 kB | 180/240 kB
Progress (3): 78 kB | 7.2 kB | 197/240 kB
Progress (3): 78 kB | 7.2 kB | 213/240 kB
Progress (3): 78 kB | 7.2 kB | 229/240 kB
Progress (3): 78 kB | 7.2 kB | 240 kB    
                                     
Downloaded from central: https://repo1.maven.org/maven2/br/com/caelum/iogi/1.0.0/iogi-1.0.0.jar (78 kB at 235 kB/s)
Downloading from central: https://repo1.maven.org/maven2/org/springframework/spring-asm/3.0.5.RELEASE/spring-asm-3.0.5.RELEASE.jar
Downloaded from central: https://repo1.maven.org/maven2/xmlpull/xmlpull/1.1.3.1/xmlpull-1.1.3.1.jar (7.2 kB at 21 kB/s)
Downloading from central: https://repo1.maven.org/maven2/org/springframework/spring-beans/3.0.5.RELEASE/spring-beans-3.0.5.RELEASE.jar
Progress (2): 240 kB | 8.2/544 kB
Progress (2): 240 kB | 25/544 kB 
Progress (2): 240 kB | 33/544 kB
Progress (2): 240 kB | 49/544 kB
Progress (2): 240 kB | 66/544 kB
Progress (2): 240 kB | 82/544 kB
Progress (2): 240 kB | 98/544 kB
Progress (2): 240 kB | 115/544 kB
Progress (2): 240 kB | 131/544 kB
Progress (2): 240 kB | 147/544 kB
Progress (2): 240 kB | 164/544 kB
Progress (2): 240 kB | 180/544 kB
Progress (2): 240 kB | 197/544 kB
Progress (2): 240 kB | 213/544 kB
                                 
Downloaded from central: https://repo1.maven.org/maven2/ognl/ognl/2.7.3/ognl-2.7.3.jar (240 kB at 646 kB/s)
Downloading from central: https://repo1.maven.org/maven2/org/springframework/spring-context/3.0.5.RELEASE/spring-context-3.0.5.RELEASE.jar
Progress (1): 229/544 kB
Progress (1): 246/544 kB
Progress (1): 262/544 kB
Progress (1): 279/544 kB
Progress (1): 295/544 kB
Progress (1): 311/544 kB
Progress (1): 328/544 kB
Progress (1): 344/544 kB
Progress (1): 360/544 kB
Progress (1): 377/544 kB
Progress (1): 393/544 kB
Progress (1): 410/544 kB
Progress (1): 426/544 kB
Progress (1): 442/544 kB
Progress (1): 459/544 kB
Progress (1): 475/544 kB
Progress (1): 492/544 kB
Progress (1): 508/544 kB
Progress (1): 524/544 kB
Progress (1): 541/544 kB
Progress (1): 544 kB    
Progress (2): 544 kB | 7.7/53 kB
Progress (2): 544 kB | 16/53 kB 
Progress (2): 544 kB | 28/53 kB
Progress (2): 544 kB | 44/53 kB
Progress (2): 544 kB | 53 kB   
Progress (3): 544 kB | 53 kB | 0.9/321 kB
Progress (3): 544 kB | 53 kB | 2.3/321 kB
Progress (3): 544 kB | 53 kB | 3.7/321 kB
Progress (3): 544 kB | 53 kB | 7.9/321 kB
Progress (3): 544 kB | 53 kB | 12/321 kB 
Progress (3): 544 kB | 53 kB | 16/321 kB
Progress (3): 544 kB | 53 kB | 21/321 kB
Progress (3): 544 kB | 53 kB | 25/321 kB
Progress (3): 544 kB | 53 kB | 29/321 kB
Progress (3): 544 kB | 53 kB | 33/321 kB
Progress (3): 544 kB | 53 kB | 38/321 kB
Progress (3): 544 kB | 53 kB | 42/321 kB
Progress (3): 544 kB | 53 kB | 46/321 kB
Progress (4): 544 kB | 53 kB | 46/321 kB | 7.8/555 kB
Progress (4): 544 kB | 53 kB | 50/321 kB | 7.8/555 kB
Progress (4): 544 kB | 53 kB | 54/321 kB | 7.8/555 kB
Progress (4): 544 kB | 53 kB | 59/321 kB | 7.8/555 kB
Progress (4): 544 kB | 53 kB | 63/321 kB | 7.8/555 kB
Progress (4): 544 kB | 53 kB | 67/321 kB | 7.8/555 kB
Progress (4): 544 kB | 53 kB | 71/321 kB | 7.8/555 kB
Progress (4): 544 kB | 53 kB | 76/321 kB | 7.8/555 kB
Progress (4): 544 kB | 53 kB | 80/321 kB | 7.8/555 kB
Progress (4): 544 kB | 53 kB | 84/321 kB | 7.8/555 kB
Progress (4): 544 kB | 53 kB | 88/321 kB | 7.8/555 kB
Progress (4): 544 kB | 53 kB | 92/321 kB | 7.8/555 kB
Progress (4): 544 kB | 53 kB | 97/321 kB | 7.8/555 kB
Progress (4): 544 kB | 53 kB | 101/321 kB | 7.8/555 kB
Progress (4): 544 kB | 53 kB | 105/321 kB | 7.8/555 kB
Progress (4): 544 kB | 53 kB | 109/321 kB | 7.8/555 kB
Progress (4): 544 kB | 53 kB | 114/321 kB | 7.8/555 kB
Progress (4): 544 kB | 53 kB | 118/321 kB | 7.8/555 kB
Progress (4): 544 kB | 53 kB | 118/321 kB | 16/555 kB 
Progress (4): 544 kB | 53 kB | 122/321 kB | 16/555 kB
Progress (4): 544 kB | 53 kB | 126/321 kB | 16/555 kB
Progress (4): 544 kB | 53 kB | 131/321 kB | 16/555 kB
Progress (4): 544 kB | 53 kB | 131/321 kB | 32/555 kB
Progress (4): 544 kB | 53 kB | 135/321 kB | 32/555 kB
Progress (4): 544 kB | 53 kB | 139/321 kB | 32/555 kB
Progress (4): 544 kB | 53 kB | 139/321 kB | 49/555 kB
Progress (4): 544 kB | 53 kB | 143/321 kB | 49/555 kB
Progress (4): 544 kB | 53 kB | 147/321 kB | 49/555 kB
Progress (4): 544 kB | 53 kB | 152/321 kB | 49/555 kB
Progress (4): 544 kB | 53 kB | 152/321 kB | 65/555 kB
Progress (4): 544 kB | 53 kB | 156/321 kB | 65/555 kB
Progress (4): 544 kB | 53 kB | 160/321 kB | 65/555 kB
Progress (4): 544 kB | 53 kB | 164/321 kB | 65/555 kB
Progress (4): 544 kB | 53 kB | 164/321 kB | 81/555 kB
Progress (4): 544 kB | 53 kB | 169/321 kB | 81/555 kB
Progress (4): 544 kB | 53 kB | 173/321 kB | 81/555 kB
Progress (4): 544 kB | 53 kB | 173/321 kB | 98/555 kB
Progress (4): 544 kB | 53 kB | 189/321 kB | 98/555 kB
Progress (4): 544 kB | 53 kB | 189/321 kB | 114/555 kB
Progress (4): 544 kB | 53 kB | 189/321 kB | 131/555 kB
Progress (4): 544 kB | 53 kB | 189/321 kB | 147/555 kB
Progress (4): 544 kB | 53 kB | 189/321 kB | 163/555 kB
Progress (4): 544 kB | 53 kB | 189/321 kB | 180/555 kB
Progress (4): 544 kB | 53 kB | 189/321 kB | 196/555 kB
Progress (4): 544 kB | 53 kB | 189/321 kB | 213/555 kB
Progress (4): 544 kB | 53 kB | 189/321 kB | 229/555 kB
Progress (4): 544 kB | 53 kB | 189/321 kB | 245/555 kB
                                                      
Downloaded from central: https://repo1.maven.org/maven2/jboss/javassist/3.7.ga/javassist-3.7.ga.jar (544 kB at 1.3 MB/s)
Downloading from central: https://repo1.maven.org/maven2/org/springframework/spring-core/3.0.5.RELEASE/spring-core-3.0.5.RELEASE.jar
Progress (3): 53 kB | 189/321 kB | 262/555 kB
Progress (3): 53 kB | 206/321 kB | 262/555 kB
Progress (3): 53 kB | 206/321 kB | 278/555 kB
Progress (3): 53 kB | 222/321 kB | 278/555 kB
Progress (3): 53 kB | 222/321 kB | 294/555 kB
                                             
Downloaded from central: https://repo1.maven.org/maven2/org/springframework/spring-asm/3.0.5.RELEASE/spring-asm-3.0.5.RELEASE.jar (53 kB at 130 kB/s)
Downloading from central: https://repo1.maven.org/maven2/org/springframework/spring-expression/3.0.5.RELEASE/spring-expression-3.0.5.RELEASE.jar
Progress (2): 222/321 kB | 311/555 kB
Progress (2): 238/321 kB | 311/555 kB
Progress (2): 238/321 kB | 327/555 kB
Progress (2): 238/321 kB | 344/555 kB
Progress (2): 255/321 kB | 344/555 kB
Progress (2): 255/321 kB | 360/555 kB
Progress (2): 255/321 kB | 376/555 kB
Progress (2): 271/321 kB | 376/555 kB
Progress (2): 271/321 kB | 393/555 kB
Progress (2): 288/321 kB | 393/555 kB
Progress (2): 288/321 kB | 409/555 kB
Progress (2): 304/321 kB | 409/555 kB
Progress (2): 304/321 kB | 426/555 kB
Progress (2): 304/321 kB | 442/555 kB
Progress (2): 304/321 kB | 458/555 kB
Progress (2): 320/321 kB | 458/555 kB
Progress (2): 321 kB | 458/555 kB    
Progress (2): 321 kB | 475/555 kB
Progress (2): 321 kB | 491/555 kB
Progress (2): 321 kB | 507/555 kB
Progress (2): 321 kB | 524/555 kB
Progress (2): 321 kB | 540/555 kB
Progress (2): 321 kB | 555 kB    
Progress (3): 321 kB | 555 kB | 8.2/669 kB
                                          
Downloaded from central: https://repo1.maven.org/maven2/org/springframework/spring-aop/3.0.5.RELEASE/spring-aop-3.0.5.RELEASE.jar (321 kB at 738 kB/s)
Downloading from central: https://repo1.maven.org/maven2/org/springframework/spring-web/3.0.5.RELEASE/spring-web-3.0.5.RELEASE.jar
Progress (2): 555 kB | 25/669 kB
Progress (2): 555 kB | 33/669 kB
Progress (2): 555 kB | 49/669 kB
Progress (2): 555 kB | 66/669 kB
Progress (2): 555 kB | 82/669 kB
Progress (2): 555 kB | 90/669 kB
Progress (2): 555 kB | 106/669 kB
                                 
Downloaded from central: https://repo1.maven.org/maven2/org/springframework/spring-beans/3.0.5.RELEASE/spring-beans-3.0.5.RELEASE.jar (555 kB at 1.3 MB/s)
Downloading from central: https://repo1.maven.org/maven2/org/aspectj/aspectjrt/1.6.9/aspectjrt-1.6.9.jar
Progress (1): 123/669 kB
Progress (1): 139/669 kB
Progress (1): 156/669 kB
Progress (1): 172/669 kB
Progress (1): 188/669 kB
Progress (1): 205/669 kB
Progress (1): 213/669 kB
Progress (1): 221/669 kB
Progress (1): 229/669 kB
Progress (1): 238/669 kB
Progress (1): 246/669 kB
Progress (1): 262/669 kB
Progress (1): 279/669 kB
Progress (1): 287/669 kB
Progress (1): 303/669 kB
Progress (1): 311/669 kB
Progress (1): 328/669 kB
Progress (1): 344/669 kB
Progress (1): 360/669 kB
Progress (1): 377/669 kB
Progress (1): 393/669 kB
Progress (1): 410/669 kB
Progress (1): 426/669 kB
Progress (1): 442/669 kB
Progress (1): 459/669 kB
Progress (1): 475/669 kB
Progress (1): 492/669 kB
Progress (1): 508/669 kB
Progress (1): 524/669 kB
Progress (1): 541/669 kB
Progress (1): 557/669 kB
Progress (1): 573/669 kB
Progress (1): 590/669 kB
Progress (1): 606/669 kB
Progress (1): 623/669 kB
Progress (1): 639/669 kB
Progress (1): 655/669 kB
Progress (1): 669 kB    
Progress (2): 669 kB | 7.8/382 kB
Progress (2): 669 kB | 16/382 kB 
Progress (2): 669 kB | 32/382 kB
Progress (2): 669 kB | 49/382 kB
Progress (2): 669 kB | 65/382 kB
Progress (2): 669 kB | 81/382 kB
Progress (2): 669 kB | 98/382 kB
Progress (2): 669 kB | 114/382 kB
Progress (2): 669 kB | 131/382 kB
Progress (2): 669 kB | 147/382 kB
Progress (2): 669 kB | 163/382 kB
Progress (2): 669 kB | 180/382 kB
Progress (2): 669 kB | 196/382 kB
Progress (3): 669 kB | 196/382 kB | 8.2/170 kB
Progress (3): 669 kB | 213/382 kB | 8.2/170 kB
Progress (3): 669 kB | 229/382 kB | 8.2/170 kB
Progress (3): 669 kB | 229/382 kB | 25/170 kB 
Progress (3): 669 kB | 229/382 kB | 33/170 kB
Progress (3): 669 kB | 245/382 kB | 33/170 kB
Progress (3): 669 kB | 262/382 kB | 33/170 kB
Progress (3): 669 kB | 262/382 kB | 49/170 kB
Progress (3): 669 kB | 278/382 kB | 49/170 kB
Progress (3): 669 kB | 278/382 kB | 66/170 kB
Progress (3): 669 kB | 294/382 kB | 66/170 kB
Progress (3): 669 kB | 294/382 kB | 82/170 kB
Progress (3): 669 kB | 311/382 kB | 82/170 kB
Progress (3): 669 kB | 327/382 kB | 82/170 kB
Progress (3): 669 kB | 327/382 kB | 90/170 kB
Progress (3): 669 kB | 344/382 kB | 90/170 kB
Progress (3): 669 kB | 344/382 kB | 98/170 kB
Progress (3): 669 kB | 360/382 kB | 98/170 kB
Progress (3): 669 kB | 360/382 kB | 115/170 kB
Progress (3): 669 kB | 360/382 kB | 131/170 kB
Progress (3): 669 kB | 376/382 kB | 131/170 kB
Progress (3): 669 kB | 382 kB | 131/170 kB    
Progress (3): 669 kB | 382 kB | 147/170 kB
Progress (3): 669 kB | 382 kB | 164/170 kB
Progress (3): 669 kB | 382 kB | 170 kB    
                                      
Downloaded from central: https://repo1.maven.org/maven2/org/springframework/spring-context/3.0.5.RELEASE/spring-context-3.0.5.RELEASE.jar (669 kB at 1.4 MB/s)
Downloading from central: https://repo1.maven.org/maven2/com/google/inject/guice/3.0/guice-3.0.jar
Downloaded from central: https://repo1.maven.org/maven2/org/springframework/spring-expression/3.0.5.RELEASE/spring-expression-3.0.5.RELEASE.jar (170 kB at 348 kB/s)
Downloading from central: https://repo1.maven.org/maven2/com/google/inject/extensions/guice-multibindings/3.0/guice-multibindings-3.0.jar
Progress (2): 382 kB | 7.8/396 kB
                                 
Downloaded from central: https://repo1.maven.org/maven2/org/springframework/spring-core/3.0.5.RELEASE/spring-core-3.0.5.RELEASE.jar (382 kB at 777 kB/s)
Downloading from central: https://repo1.maven.org/maven2/javax/ejb/ejb-api/3.0/ejb-api-3.0.jar
Progress (1): 16/396 kB
Progress (1): 32/396 kB
Progress (1): 49/396 kB
Progress (1): 65/396 kB
Progress (1): 81/396 kB
Progress (1): 98/396 kB
Progress (1): 114/396 kB
Progress (1): 131/396 kB
Progress (1): 147/396 kB
Progress (2): 147/396 kB | 7.8/116 kB
Progress (2): 163/396 kB | 7.8/116 kB
Progress (2): 180/396 kB | 7.8/116 kB
Progress (2): 196/396 kB | 7.8/116 kB
Progress (2): 196/396 kB | 16/116 kB 
Progress (2): 196/396 kB | 32/116 kB
Progress (2): 213/396 kB | 32/116 kB
Progress (2): 213/396 kB | 49/116 kB
Progress (2): 229/396 kB | 49/116 kB
Progress (2): 229/396 kB | 65/116 kB
Progress (2): 245/396 kB | 65/116 kB
Progress (2): 262/396 kB | 65/116 kB
Progress (2): 262/396 kB | 81/116 kB
Progress (2): 278/396 kB | 81/116 kB
Progress (2): 278/396 kB | 98/116 kB
Progress (2): 294/396 kB | 98/116 kB
Progress (2): 294/396 kB | 114/116 kB
Progress (2): 294/396 kB | 116 kB    
Progress (2): 311/396 kB | 116 kB
Progress (2): 327/396 kB | 116 kB
Progress (2): 344/396 kB | 116 kB
Progress (2): 360/396 kB | 116 kB
Progress (2): 376/396 kB | 116 kB
Progress (2): 393/396 kB | 116 kB
Progress (2): 396 kB | 116 kB    
Progress (3): 396 kB | 116 kB | 7.7/710 kB
Progress (3): 396 kB | 116 kB | 16/710 kB 
Progress (3): 396 kB | 116 kB | 25/710 kB
Progress (3): 396 kB | 116 kB | 41/710 kB
Progress (3): 396 kB | 116 kB | 57/710 kB
Progress (3): 396 kB | 116 kB | 74/710 kB
Progress (3): 396 kB | 116 kB | 90/710 kB
Progress (3): 396 kB | 116 kB | 106/710 kB
Progress (3): 396 kB | 116 kB | 123/710 kB
Progress (3): 396 kB | 116 kB | 139/710 kB
Progress (3): 396 kB | 116 kB | 147/710 kB
Progress (3): 396 kB | 116 kB | 164/710 kB
Progress (3): 396 kB | 116 kB | 180/710 kB
                                          
Downloaded from central: https://repo1.maven.org/maven2/org/aspectj/aspectjrt/1.6.9/aspectjrt-1.6.9.jar (116 kB at 224 kB/s)
Progress (2): 396 kB | 197/710 kB
                                 
Downloading from central: https://repo1.maven.org/maven2/javax/enterprise/cdi-api/1.1/cdi-api-1.1.jar
Progress (2): 396 kB | 213/710 kB
Progress (2): 396 kB | 229/710 kB
Progress (2): 396 kB | 246/710 kB
Progress (2): 396 kB | 262/710 kB
Progress (2): 396 kB | 279/710 kB
Progress (2): 396 kB | 295/710 kB
Progress (2): 396 kB | 311/710 kB
Progress (2): 396 kB | 315/710 kB
Progress (2): 396 kB | 331/710 kB
Progress (2): 396 kB | 344/710 kB
Progress (2): 396 kB | 360/710 kB
Progress (2): 396 kB | 377/710 kB
                                 
Downloaded from central: https://repo1.maven.org/maven2/org/springframework/spring-web/3.0.5.RELEASE/spring-web-3.0.5.RELEASE.jar (396 kB at 755 kB/s)
Downloading from central: https://repo1.maven.org/maven2/javax/el/el-api/2.2/el-api-2.2.jar
Progress (1): 393/710 kB
Progress (1): 410/710 kB
Progress (1): 426/710 kB
Progress (1): 442/710 kB
Progress (1): 459/710 kB
Progress (1): 475/710 kB
Progress (1): 492/710 kB
Progress (1): 508/710 kB
Progress (1): 524/710 kB
Progress (1): 541/710 kB
Progress (1): 557/710 kB
Progress (1): 573/710 kB
Progress (1): 590/710 kB
Progress (1): 606/710 kB
Progress (1): 623/710 kB
Progress (1): 639/710 kB
Progress (1): 655/710 kB
Progress (1): 672/710 kB
Progress (1): 688/710 kB
Progress (1): 705/710 kB
Progress (1): 710 kB    
Progress (2): 710 kB | 7.7/34 kB
Progress (2): 710 kB | 16/34 kB 
Progress (2): 710 kB | 25/34 kB
Progress (2): 710 kB | 34 kB   
                            
Downloaded from central: https://repo1.maven.org/maven2/com/google/inject/guice/3.0/guice-3.0.jar (710 kB at 1.3 MB/s)
Downloading from central: https://repo1.maven.org/maven2/org/jboss/spec/javax/interceptor/jboss-interceptors-api_1.1_spec/1.0.0.Beta1/jboss-interceptors-api_1.1_spec-1.0.0.Beta1.jar
Progress (2): 34 kB | 8.2/33 kB
Progress (3): 34 kB | 8.2/33 kB | 7.7/34 kB
Progress (3): 34 kB | 16/33 kB | 7.7/34 kB 
Progress (3): 34 kB | 33/33 kB | 7.7/34 kB
Progress (3): 34 kB | 33 kB | 7.7/34 kB   
Progress (3): 34 kB | 33 kB | 8.2/34 kB
Progress (3): 34 kB | 33 kB | 25/34 kB 
Progress (3): 34 kB | 33 kB | 34 kB   
                                   
Downloaded from central: https://repo1.maven.org/maven2/com/google/inject/extensions/guice-multibindings/3.0/guice-multibindings-3.0.jar (34 kB at 60 kB/s)
Downloading from central: https://repo1.maven.org/maven2/org/picocontainer/picocontainer/2.13.6/picocontainer-2.13.6.jar
Downloaded from central: https://repo1.maven.org/maven2/javax/ejb/ejb-api/3.0/ejb-api-3.0.jar (33 kB at 57 kB/s)
Downloading from central: https://repo1.maven.org/maven2/org/codehaus/jettison/jettison/1.2/jettison-1.2.jar
Progress (2): 34 kB | 7.7/71 kB
                               
Downloaded from central: https://repo1.maven.org/maven2/javax/el/el-api/2.2/el-api-2.2.jar (34 kB at 59 kB/s)
Downloading from central: https://repo1.maven.org/maven2/stax/stax-api/1.0.1/stax-api-1.0.1.jar
Progress (1): 16/71 kB
Progress (1): 16/71 kB
Progress (1): 33/71 kB
Progress (1): 49/71 kB
Progress (1): 66/71 kB
Progress (1): 71 kB   
Progress (2): 71 kB | 5.6 kB
                            
Downloaded from central: https://repo1.maven.org/maven2/stax/stax-api/1.0.1/stax-api-1.0.1.jar (0 B at 0 B/s)
Downloading from central: https://repo1.maven.org/maven2/xpp3/xpp3_min/1.1.4c/xpp3_min-1.1.4c.jar
Downloaded from central: https://repo1.maven.org/maven2/javax/enterprise/cdi-api/1.1/cdi-api-1.1.jar (71 kB at 117 kB/s)
Downloading from central: https://repo1.maven.org/maven2/com/google/code/gson/gson/2.2.4/gson-2.2.4.jar
Downloaded from central: https://repo1.maven.org/maven2/org/jboss/spec/javax/interceptor/jboss-interceptors-api_1.1_spec/1.0.0.Beta1/jboss-interceptors-api_1.1_spec-1.0.0.Beta1.jar (5.6 kB at 9.1 kB/s)
Downloading from central: https://repo1.maven.org/maven2/org/hibernate/hibernate-core/3.6.6.Final/hibernate-core-3.6.6.Final.jar
Progress (1): 7.7/72 kB
Progress (1): 16/72 kB 
Progress (1): 25/72 kB
Progress (1): 41/72 kB
Progress (1): 57/72 kB
Progress (1): 72 kB   
Progress (2): 72 kB | 7.7/190 kB
Progress (2): 72 kB | 16/190 kB 
Progress (2): 72 kB | 32/190 kB
Progress (2): 72 kB | 49/190 kB
Progress (3): 72 kB | 49/190 kB | 7.7/25 kB
Progress (3): 72 kB | 65/190 kB | 7.7/25 kB
                                           
Downloaded from central: https://repo1.maven.org/maven2/org/codehaus/jettison/jettison/1.2/jettison-1.2.jar (72 kB at 113 kB/s)
Downloading from central: https://repo1.maven.org/maven2/antlr/antlr/2.7.6/antlr-2.7.6.jar
Progress (2): 65/190 kB | 16/25 kB
Progress (2): 81/190 kB | 16/25 kB
Progress (2): 81/190 kB | 25 kB   
Progress (2): 98/190 kB | 25 kB
Progress (2): 114/190 kB | 25 kB
Progress (2): 131/190 kB | 25 kB
Progress (2): 147/190 kB | 25 kB
Progress (2): 163/190 kB | 25 kB
Progress (2): 180/190 kB | 25 kB
Progress (2): 190 kB | 25 kB    
                            
Downloaded from central: https://repo1.maven.org/maven2/xpp3/xpp3_min/1.1.4c/xpp3_min-1.1.4c.jar (25 kB at 38 kB/s)
Downloading from central: https://repo1.maven.org/maven2/commons-collections/commons-collections/3.1/commons-collections-3.1.jar
Downloaded from central: https://repo1.maven.org/maven2/com/google/code/gson/gson/2.2.4/gson-2.2.4.jar (190 kB at 289 kB/s)
Downloading from central: https://repo1.maven.org/maven2/dom4j/dom4j/1.6.1/dom4j-1.6.1.jar
Progress (1): 7.7/443 kB
Progress (1): 16/443 kB 
Progress (1): 32/443 kB
Progress (1): 49/443 kB
Progress (1): 65/443 kB
Progress (1): 81/443 kB
Progress (1): 98/443 kB
Progress (1): 114/443 kB
Progress (1): 131/443 kB
Progress (1): 147/443 kB
Progress (1): 163/443 kB
                        
Downloaded from central: https://repo1.maven.org/maven2/dom4j/dom4j/1.6.1/dom4j-1.6.1.jar (0 B at 0 B/s)
Downloading from central: https://repo1.maven.org/maven2/org/hibernate/hibernate-commons-annotations/3.2.0.Final/hibernate-commons-annotations-3.2.0.Final.jar
Progress (1): 180/443 kB
Progress (1): 196/443 kB
Progress (1): 213/443 kB
Progress (1): 229/443 kB
Progress (1): 245/443 kB
Progress (1): 262/443 kB
Progress (1): 278/443 kB
Progress (1): 294/443 kB
Progress (1): 311/443 kB
Progress (1): 327/443 kB
Progress (2): 327/443 kB | 7.7/559 kB
Progress (2): 344/443 kB | 7.7/559 kB
Progress (2): 360/443 kB | 7.7/559 kB
Progress (2): 376/443 kB | 7.7/559 kB
Progress (2): 376/443 kB | 16/559 kB 
Progress (2): 393/443 kB | 16/559 kB
Progress (2): 393/443 kB | 32/559 kB
Progress (2): 409/443 kB | 32/559 kB
Progress (2): 426/443 kB | 32/559 kB
Progress (2): 426/443 kB | 49/559 kB
Progress (2): 426/443 kB | 65/559 kB
Progress (2): 442/443 kB | 65/559 kB
Progress (2): 443 kB | 65/559 kB    
Progress (2): 443 kB | 81/559 kB
Progress (2): 443 kB | 98/559 kB
Progress (2): 443 kB | 114/559 kB
Progress (2): 443 kB | 131/559 kB
Progress (2): 443 kB | 147/559 kB
Progress (2): 443 kB | 163/559 kB
Progress (2): 443 kB | 180/559 kB
Progress (2): 443 kB | 196/559 kB
Progress (2): 443 kB | 213/559 kB
Progress (2): 443 kB | 229/559 kB
Progress (2): 443 kB | 245/559 kB
Progress (2): 443 kB | 262/559 kB
Progress (2): 443 kB | 278/559 kB
Progress (2): 443 kB | 294/559 kB
Progress (2): 443 kB | 311/559 kB
Progress (2): 443 kB | 327/559 kB
Progress (2): 443 kB | 344/559 kB
Progress (2): 443 kB | 360/559 kB
Progress (2): 443 kB | 376/559 kB
Progress (2): 443 kB | 393/559 kB
Progress (2): 443 kB | 409/559 kB
Progress (2): 443 kB | 426/559 kB
Progress (2): 443 kB | 442/559 kB
Progress (2): 443 kB | 458/559 kB
Progress (2): 443 kB | 475/559 kB
Progress (2): 443 kB | 491/559 kB
Progress (2): 443 kB | 507/559 kB
Progress (2): 443 kB | 524/559 kB
                                 
Downloaded from central: https://repo1.maven.org/maven2/antlr/antlr/2.7.6/antlr-2.7.6.jar (443 kB at 621 kB/s)
Downloading from central: https://repo1.maven.org/maven2/org/hibernate/javax/persistence/hibernate-jpa-2.0-api/1.0.1.Final/hibernate-jpa-2.0-api-1.0.1.Final.jar
Progress (1): 540/559 kB
Progress (1): 557/559 kB
Progress (1): 559 kB    
Progress (2): 559 kB | 8.2/321 kB
Progress (2): 559 kB | 25/321 kB 
Progress (2): 559 kB | 33/321 kB
Progress (2): 559 kB | 49/321 kB
Progress (2): 559 kB | 66/321 kB
Progress (2): 559 kB | 82/321 kB
Progress (2): 559 kB | 90/321 kB
Progress (2): 559 kB | 98/321 kB
Progress (2): 559 kB | 106/321 kB
Progress (3): 559 kB | 106/321 kB | 7.7/71 kB
Progress (3): 559 kB | 123/321 kB | 7.7/71 kB
Progress (3): 559 kB | 131/321 kB | 7.7/71 kB
Progress (3): 559 kB | 139/321 kB | 7.7/71 kB
Progress (3): 559 kB | 147/321 kB | 7.7/71 kB
Progress (3): 559 kB | 156/321 kB | 7.7/71 kB
Progress (3): 559 kB | 172/321 kB | 7.7/71 kB
Progress (3): 559 kB | 188/321 kB | 7.7/71 kB
Progress (3): 559 kB | 197/321 kB | 7.7/71 kB
Progress (3): 559 kB | 213/321 kB | 7.7/71 kB
Progress (3): 559 kB | 213/321 kB | 12/71 kB 
Progress (3): 559 kB | 229/321 kB | 12/71 kB
Progress (3): 559 kB | 229/321 kB | 29/71 kB
Progress (3): 559 kB | 238/321 kB | 29/71 kB
Progress (3): 559 kB | 238/321 kB | 45/71 kB
Progress (3): 559 kB | 238/321 kB | 61/71 kB
Progress (3): 559 kB | 238/321 kB | 71 kB   
                                         
Downloaded from central: https://repo1.maven.org/maven2/commons-collections/commons-collections/3.1/commons-collections-3.1.jar (559 kB at 765 kB/s)
Downloading from central: https://repo1.maven.org/maven2/javax/validation/validation-api/1.1.0.Final/validation-api-1.1.0.Final.jar
Progress (2): 254/321 kB | 71 kB
Progress (2): 262/321 kB | 71 kB
Progress (2): 279/321 kB | 71 kB
Progress (2): 295/321 kB | 71 kB
Progress (2): 311/321 kB | 71 kB
Progress (2): 321 kB | 71 kB    
Progress (3): 321 kB | 71 kB | 0/3.1 MB
Progress (3): 321 kB | 71 kB | 0/3.1 MB
Progress (3): 321 kB | 71 kB | 0/3.1 MB
                                       
Downloaded from central: https://repo1.maven.org/maven2/org/hibernate/hibernate-commons-annotations/3.2.0.Final/hibernate-commons-annotations-3.2.0.Final.jar (71 kB at 96 kB/s)
Downloading from central: https://repo1.maven.org/maven2/org/hibernate/hibernate-validator/5.0.0.Final/hibernate-validator-5.0.0.Final.jar
Progress (2): 321 kB | 0/3.1 MB
Progress (2): 321 kB | 0.1/3.1 MB
Progress (2): 321 kB | 0.1/3.1 MB
Progress (2): 321 kB | 0.1/3.1 MB
Progress (2): 321 kB | 0.1/3.1 MB
Progress (2): 321 kB | 0.1/3.1 MB
Progress (2): 321 kB | 0.1/3.1 MB
Progress (2): 321 kB | 0.2/3.1 MB
Progress (2): 321 kB | 0.2/3.1 MB
Progress (2): 321 kB | 0.2/3.1 MB
Progress (2): 321 kB | 0.2/3.1 MB
Progress (2): 321 kB | 0.2/3.1 MB
Progress (2): 321 kB | 0.2/3.1 MB
                                 
Downloaded from central: https://repo1.maven.org/maven2/org/picocontainer/picocontainer/2.13.6/picocontainer-2.13.6.jar (321 kB at 429 kB/s)
Downloading from central: https://repo1.maven.org/maven2/org/jboss/logging/jboss-logging/3.1.1.GA/jboss-logging-3.1.1.GA.jar
Progress (1): 0.3/3.1 MB
Progress (1): 0.3/3.1 MB
Progress (1): 0.3/3.1 MB
Progress (1): 0.3/3.1 MB
Progress (1): 0.3/3.1 MB
Progress (1): 0.3/3.1 MB
Progress (1): 0.4/3.1 MB
Progress (1): 0.4/3.1 MB
Progress (2): 0.4/3.1 MB | 7.7/103 kB
Progress (2): 0.4/3.1 MB | 7.7/103 kB
Progress (2): 0.4/3.1 MB | 7.8/103 kB
Progress (2): 0.4/3.1 MB | 24/103 kB 
Progress (2): 0.4/3.1 MB | 41/103 kB
Progress (2): 0.4/3.1 MB | 57/103 kB
Progress (2): 0.4/3.1 MB | 73/103 kB
Progress (2): 0.4/3.1 MB | 73/103 kB
Progress (2): 0.4/3.1 MB | 90/103 kB
Progress (2): 0.4/3.1 MB | 90/103 kB
Progress (2): 0.4/3.1 MB | 103 kB   
Progress (2): 0.4/3.1 MB | 103 kB
Progress (2): 0.5/3.1 MB | 103 kB
Progress (2): 0.5/3.1 MB | 103 kB
Progress (2): 0.5/3.1 MB | 103 kB
Progress (2): 0.5/3.1 MB | 103 kB
Progress (2): 0.5/3.1 MB | 103 kB
Progress (2): 0.5/3.1 MB | 103 kB
Progress (2): 0.6/3.1 MB | 103 kB
Progress (2): 0.6/3.1 MB | 103 kB
Progress (2): 0.6/3.1 MB | 103 kB
Progress (2): 0.6/3.1 MB | 103 kB
Progress (2): 0.6/3.1 MB | 103 kB
Progress (2): 0.6/3.1 MB | 103 kB
Progress (2): 0.7/3.1 MB | 103 kB
Progress (2): 0.7/3.1 MB | 103 kB
Progress (2): 0.7/3.1 MB | 103 kB
Progress (2): 0.7/3.1 MB | 103 kB
Progress (2): 0.7/3.1 MB | 103 kB
Progress (2): 0.7/3.1 MB | 103 kB
Progress (2): 0.8/3.1 MB | 103 kB
Progress (2): 0.8/3.1 MB | 103 kB
Progress (2): 0.8/3.1 MB | 103 kB
Progress (2): 0.8/3.1 MB | 103 kB
Progress (2): 0.8/3.1 MB | 103 kB
Progress (2): 0.8/3.1 MB | 103 kB
Progress (2): 0.8/3.1 MB | 103 kB
Progress (2): 0.9/3.1 MB | 103 kB
Progress (2): 0.9/3.1 MB | 103 kB
Progress (2): 0.9/3.1 MB | 103 kB
Progress (2): 0.9/3.1 MB | 103 kB
Progress (2): 0.9/3.1 MB | 103 kB
Progress (2): 0.9/3.1 MB | 103 kB
Progress (2): 1.0/3.1 MB | 103 kB
Progress (2): 1.0/3.1 MB | 103 kB
Progress (2): 1.0/3.1 MB | 103 kB
Progress (2): 1.0/3.1 MB | 103 kB
Progress (2): 1.0/3.1 MB | 103 kB
Progress (2): 1.0/3.1 MB | 103 kB
Progress (2): 1.0/3.1 MB | 103 kB
Progress (3): 1.0/3.1 MB | 103 kB | 7.7/64 kB
Progress (3): 1.1/3.1 MB | 103 kB | 7.7/64 kB
Progress (3): 1.1/3.1 MB | 103 kB | 7.7/64 kB
Progress (3): 1.1/3.1 MB | 103 kB | 7.7/64 kB
                                             
Downloaded from central: https://repo1.maven.org/maven2/org/hibernate/javax/persistence/hibernate-jpa-2.0-api/1.0.1.Final/hibernate-jpa-2.0-api-1.0.1.Final.jar (103 kB at 134 kB/s)
Downloading from central: https://repo1.maven.org/maven2/com/fasterxml/classmate/0.8.0/classmate-0.8.0.jar
Progress (2): 1.1/3.1 MB | 7.7/64 kB
Progress (2): 1.1/3.1 MB | 8.2/64 kB
Progress (2): 1.1/3.1 MB | 8.2/64 kB
Progress (2): 1.1/3.1 MB | 8.2/64 kB
Progress (2): 1.2/3.1 MB | 8.2/64 kB
Progress (2): 1.2/3.1 MB | 25/64 kB 
Progress (2): 1.2/3.1 MB | 41/64 kB
Progress (2): 1.2/3.1 MB | 41/64 kB
Progress (2): 1.2/3.1 MB | 41/64 kB
Progress (2): 1.2/3.1 MB | 57/64 kB
Progress (2): 1.2/3.1 MB | 57/64 kB
Progress (2): 1.2/3.1 MB | 64 kB   
Progress (2): 1.2/3.1 MB | 64 kB
Progress (2): 1.2/3.1 MB | 64 kB
Progress (2): 1.3/3.1 MB | 64 kB
Progress (2): 1.3/3.1 MB | 64 kB
Progress (2): 1.3/3.1 MB | 64 kB
Progress (2): 1.3/3.1 MB | 64 kB
Progress (2): 1.3/3.1 MB | 64 kB
Progress (2): 1.3/3.1 MB | 64 kB
Progress (2): 1.4/3.1 MB | 64 kB
Progress (2): 1.4/3.1 MB | 64 kB
Progress (2): 1.4/3.1 MB | 64 kB
Progress (2): 1.4/3.1 MB | 64 kB
Progress (2): 1.4/3.1 MB | 64 kB
Progress (2): 1.4/3.1 MB | 64 kB
Progress (2): 1.5/3.1 MB | 64 kB
Progress (2): 1.5/3.1 MB | 64 kB
Progress (2): 1.5/3.1 MB | 64 kB
Progress (2): 1.5/3.1 MB | 64 kB
Progress (2): 1.5/3.1 MB | 64 kB
Progress (2): 1.5/3.1 MB | 64 kB
Progress (2): 1.6/3.1 MB | 64 kB
Progress (2): 1.6/3.1 MB | 64 kB
Progress (2): 1.6/3.1 MB | 64 kB
Progress (2): 1.6/3.1 MB | 64 kB
Progress (2): 1.6/3.1 MB | 64 kB
Progress (2): 1.6/3.1 MB | 64 kB
Progress (2): 1.7/3.1 MB | 64 kB
Progress (2): 1.7/3.1 MB | 64 kB
Progress (2): 1.7/3.1 MB | 64 kB
Progress (2): 1.7/3.1 MB | 64 kB
Progress (2): 1.7/3.1 MB | 64 kB
Progress (2): 1.7/3.1 MB | 64 kB
Progress (2): 1.8/3.1 MB | 64 kB
                                
Downloaded from central: https://repo1.maven.org/maven2/javax/validation/validation-api/1.1.0.Final/validation-api-1.1.0.Final.jar (64 kB at 82 kB/s)
Downloading from central: https://repo1.maven.org/maven2/org/glassfish/web/javax.el/2.2.4/javax.el-2.2.4.jar
Progress (1): 1.8/3.1 MB
Progress (1): 1.8/3.1 MB
Progress (1): 1.8/3.1 MB
Progress (1): 1.8/3.1 MB
Progress (1): 1.8/3.1 MB
Progress (1): 1.9/3.1 MB
Progress (1): 1.9/3.1 MB
Progress (1): 1.9/3.1 MB
Progress (1): 1.9/3.1 MB
Progress (1): 1.9/3.1 MB
Progress (1): 1.9/3.1 MB
Progress (1): 1.9/3.1 MB
Progress (1): 2.0/3.1 MB
Progress (1): 2.0/3.1 MB
Progress (1): 2.0/3.1 MB
Progress (1): 2.0/3.1 MB
Progress (1): 2.0/3.1 MB
Progress (1): 2.0/3.1 MB
Progress (1): 2.1/3.1 MB
Progress (1): 2.1/3.1 MB
Progress (1): 2.1/3.1 MB
Progress (1): 2.1/3.1 MB
Progress (1): 2.1/3.1 MB
Progress (1): 2.1/3.1 MB
Progress (1): 2.2/3.1 MB
Progress (1): 2.2/3.1 MB
Progress (1): 2.2/3.1 MB
Progress (1): 2.2/3.1 MB
Progress (1): 2.2/3.1 MB
Progress (1): 2.2/3.1 MB
Progress (1): 2.2/3.1 MB
Progress (1): 2.3/3.1 MB
Progress (1): 2.3/3.1 MB
Progress (1): 2.3/3.1 MB
Progress (1): 2.3/3.1 MB
Progress (1): 2.3/3.1 MB
Progress (1): 2.3/3.1 MB
Progress (1): 2.4/3.1 MB
Progress (1): 2.4/3.1 MB
Progress (1): 2.4/3.1 MB
Progress (1): 2.4/3.1 MB
Progress (1): 2.4/3.1 MB
Progress (1): 2.4/3.1 MB
Progress (1): 2.5/3.1 MB
Progress (1): 2.5/3.1 MB
Progress (1): 2.5/3.1 MB
Progress (1): 2.5/3.1 MB
Progress (1): 2.5/3.1 MB
Progress (1): 2.5/3.1 MB
Progress (1): 2.6/3.1 MB
Progress (1): 2.6/3.1 MB
Progress (1): 2.6/3.1 MB
Progress (1): 2.6/3.1 MB
Progress (1): 2.6/3.1 MB
Progress (1): 2.6/3.1 MB
Progress (1): 2.6/3.1 MB
Progress (1): 2.7/3.1 MB
Progress (1): 2.7/3.1 MB
Progress (1): 2.7/3.1 MB
Progress (1): 2.7/3.1 MB
Progress (1): 2.7/3.1 MB
Progress (1): 2.7/3.1 MB
Progress (1): 2.7/3.1 MB
Progress (1): 2.8/3.1 MB
Progress (1): 2.8/3.1 MB
Progress (1): 2.8/3.1 MB
Progress (1): 2.8/3.1 MB
Progress (1): 2.8/3.1 MB
Progress (2): 2.8/3.1 MB | 7.7/61 kB
Progress (2): 2.8/3.1 MB | 7.7/61 kB
Progress (2): 2.9/3.1 MB | 7.7/61 kB
Progress (2): 2.9/3.1 MB | 7.7/61 kB
Progress (3): 2.9/3.1 MB | 7.7/61 kB | 7.7/573 kB
Progress (3): 2.9/3.1 MB | 7.7/61 kB | 7.7/573 kB
Progress (3): 2.9/3.1 MB | 7.7/61 kB | 7.7/573 kB
Progress (3): 2.9/3.1 MB | 7.7/61 kB | 7.7/573 kB
Progress (3): 2.9/3.1 MB | 7.7/61 kB | 7.7/573 kB
Progress (3): 2.9/3.1 MB | 7.7/61 kB | 7.7/573 kB
Progress (3): 3.0/3.1 MB | 7.7/61 kB | 7.7/573 kB
Progress (3): 3.0/3.1 MB | 16/61 kB | 7.7/573 kB 
Progress (3): 3.0/3.1 MB | 16/61 kB | 7.7/573 kB
Progress (3): 3.0/3.1 MB | 32/61 kB | 7.7/573 kB
Progress (3): 3.0/3.1 MB | 32/61 kB | 7.7/573 kB
Progress (3): 3.0/3.1 MB | 48/61 kB | 7.7/573 kB
Progress (3): 3.0/3.1 MB | 48/61 kB | 8.2/573 kB
Progress (3): 3.0/3.1 MB | 61 kB | 8.2/573 kB   
Progress (3): 3.0/3.1 MB | 61 kB | 8.2/573 kB
Progress (3): 3.0/3.1 MB | 61 kB | 8.2/573 kB
Progress (3): 3.0/3.1 MB | 61 kB | 8.2/573 kB
Progress (3): 3.1/3.1 MB | 61 kB | 8.2/573 kB
Progress (3): 3.1/3.1 MB | 61 kB | 25/573 kB 
Progress (3): 3.1/3.1 MB | 61 kB | 25/573 kB
Progress (3): 3.1/3.1 MB | 61 kB | 41/573 kB
Progress (3): 3.1/3.1 MB | 61 kB | 41/573 kB
Progress (3): 3.1/3.1 MB | 61 kB | 57/573 kB
Progress (3): 3.1/3.1 MB | 61 kB | 57/573 kB
Progress (3): 3.1/3.1 MB | 61 kB | 66/573 kB
Progress (3): 3.1 MB | 61 kB | 66/573 kB    
Progress (3): 3.1 MB | 61 kB | 82/573 kB
Progress (3): 3.1 MB | 61 kB | 98/573 kB
Progress (3): 3.1 MB | 61 kB | 115/573 kB
Progress (3): 3.1 MB | 61 kB | 131/573 kB
Progress (3): 3.1 MB | 61 kB | 147/573 kB
Progress (3): 3.1 MB | 61 kB | 156/573 kB
Progress (3): 3.1 MB | 61 kB | 172/573 kB
Progress (3): 3.1 MB | 61 kB | 188/573 kB
Progress (3): 3.1 MB | 61 kB | 205/573 kB
Progress (3): 3.1 MB | 61 kB | 221/573 kB
Progress (3): 3.1 MB | 61 kB | 238/573 kB
Progress (3): 3.1 MB | 61 kB | 246/573 kB
Progress (3): 3.1 MB | 61 kB | 254/573 kB
Progress (3): 3.1 MB | 61 kB | 262/573 kB
Progress (3): 3.1 MB | 61 kB | 279/573 kB
Progress (3): 3.1 MB | 61 kB | 295/573 kB
Progress (3): 3.1 MB | 61 kB | 311/573 kB
Progress (3): 3.1 MB | 61 kB | 328/573 kB
Progress (3): 3.1 MB | 61 kB | 344/573 kB
Progress (3): 3.1 MB | 61 kB | 360/573 kB
Progress (3): 3.1 MB | 61 kB | 377/573 kB
Progress (3): 3.1 MB | 61 kB | 393/573 kB
Progress (3): 3.1 MB | 61 kB | 410/573 kB
Progress (3): 3.1 MB | 61 kB | 426/573 kB
Progress (3): 3.1 MB | 61 kB | 442/573 kB
Progress (3): 3.1 MB | 61 kB | 459/573 kB
Progress (3): 3.1 MB | 61 kB | 475/573 kB
                                         
Downloaded from central: https://repo1.maven.org/maven2/org/jboss/logging/jboss-logging/3.1.1.GA/jboss-logging-3.1.1.GA.jar (61 kB at 75 kB/s)
Downloading from central: https://repo1.maven.org/maven2/javax/el/javax.el-api/2.2.4/javax.el-api-2.2.4.jar
Progress (2): 3.1 MB | 492/573 kB
Progress (2): 3.1 MB | 508/573 kB
Progress (2): 3.1 MB | 524/573 kB
Progress (2): 3.1 MB | 541/573 kB
Progress (2): 3.1 MB | 557/573 kB
Progress (2): 3.1 MB | 573 kB    
Progress (3): 3.1 MB | 573 kB | 16/118 kB
Progress (3): 3.1 MB | 573 kB | 33/118 kB
Progress (3): 3.1 MB | 573 kB | 49/118 kB
Progress (3): 3.1 MB | 573 kB | 57/118 kB
Progress (3): 3.1 MB | 573 kB | 74/118 kB
Progress (3): 3.1 MB | 573 kB | 90/118 kB
Progress (3): 3.1 MB | 573 kB | 106/118 kB
Progress (3): 3.1 MB | 573 kB | 118 kB    
                                      
Downloaded from central: https://repo1.maven.org/maven2/org/hibernate/hibernate-validator/5.0.0.Final/hibernate-validator-5.0.0.Final.jar (573 kB at 689 kB/s)
Downloading from central: https://repo1.maven.org/maven2/joda-time/joda-time/1.6/joda-time-1.6.jar
Progress (3): 3.1 MB | 118 kB | 7.7/60 kB
Progress (3): 3.1 MB | 118 kB | 16/60 kB 
Progress (3): 3.1 MB | 118 kB | 24/60 kB
Progress (3): 3.1 MB | 118 kB | 41/60 kB
                                        
Downloaded from central: https://repo1.maven.org/maven2/org/hibernate/hibernate-core/3.6.6.Final/hibernate-core-3.6.6.Final.jar (3.1 MB at 3.7 MB/s)
Downloading from central: https://repo1.maven.org/maven2/commons-fileupload/commons-fileupload/1.3/commons-fileupload-1.3.jar
Progress (2): 118 kB | 49/60 kB
Progress (2): 118 kB | 57/60 kB
Progress (2): 118 kB | 60 kB   
                            
Downloaded from central: https://repo1.maven.org/maven2/org/glassfish/web/javax.el/2.2.4/javax.el-2.2.4.jar (118 kB at 140 kB/s)
Downloading from central: https://repo1.maven.org/maven2/commons-io/commons-io/2.2/commons-io-2.2.jar
Progress (2): 60 kB | 7.7/39 kB
Progress (2): 60 kB | 16/39 kB 
Progress (2): 60 kB | 32/39 kB
Progress (2): 60 kB | 39 kB   
                           
Downloaded from central: https://repo1.maven.org/maven2/com/fasterxml/classmate/0.8.0/classmate-0.8.0.jar (60 kB at 70 kB/s)
Downloading from central: https://repo1.maven.org/maven2/org/hamcrest/hamcrest-core/1.2/hamcrest-core-1.2.jar
Downloaded from central: https://repo1.maven.org/maven2/javax/el/javax.el-api/2.2.4/javax.el-api-2.2.4.jar (39 kB at 45 kB/s)
Downloading from central: https://repo1.maven.org/maven2/org/hamcrest/hamcrest-library/1.2/hamcrest-library-1.2.jar
Progress (1): 7.7/174 kB
Progress (1): 8.2/174 kB
Progress (1): 25/174 kB 
Progress (1): 41/174 kB
Progress (1): 57/174 kB
Progress (1): 74/174 kB
Progress (1): 90/174 kB
Progress (1): 106/174 kB
Progress (1): 123/174 kB
Progress (1): 139/174 kB
Progress (1): 156/174 kB
Progress (1): 172/174 kB
Progress (1): 174 kB    
                    
Downloaded from central: https://repo1.maven.org/maven2/commons-io/commons-io/2.2/commons-io-2.2.jar (174 kB at 194 kB/s)
Downloading from central: https://repo1.maven.org/maven2/javax/servlet/jstl/1.2/jstl-1.2.jar
Progress (1): 7.8/535 kB
Progress (1): 16/535 kB 
Progress (1): 32/535 kB
Progress (2): 32/535 kB | 7.8/41 kB
Progress (2): 49/535 kB | 7.8/41 kB
Progress (2): 65/535 kB | 7.8/41 kB
Progress (2): 81/535 kB | 7.8/41 kB
Progress (2): 98/535 kB | 7.8/41 kB
Progress (2): 114/535 kB | 7.8/41 kB
Progress (2): 114/535 kB | 16/41 kB 
Progress (2): 131/535 kB | 16/41 kB
Progress (2): 131/535 kB | 32/41 kB
Progress (2): 147/535 kB | 32/41 kB
Progress (2): 147/535 kB | 41 kB   
Progress (2): 163/535 kB | 41 kB
Progress (2): 180/535 kB | 41 kB
Progress (2): 196/535 kB | 41 kB
Progress (2): 213/535 kB | 41 kB
Progress (2): 229/535 kB | 41 kB
Progress (2): 245/535 kB | 41 kB
Progress (2): 262/535 kB | 41 kB
Progress (2): 278/535 kB | 41 kB
Progress (2): 294/535 kB | 41 kB
Progress (2): 311/535 kB | 41 kB
Progress (2): 327/535 kB | 41 kB
Progress (2): 344/535 kB | 41 kB
Progress (3): 344/535 kB | 41 kB | 7.8/69 kB
Progress (3): 360/535 kB | 41 kB | 7.8/69 kB
Progress (3): 376/535 kB | 41 kB | 7.8/69 kB
Progress (3): 393/535 kB | 41 kB | 7.8/69 kB
Progress (3): 409/535 kB | 41 kB | 7.8/69 kB
Progress (3): 426/535 kB | 41 kB | 7.8/69 kB
Progress (3): 426/535 kB | 41 kB | 16/69 kB 
Progress (3): 442/535 kB | 41 kB | 16/69 kB
Progress (3): 442/535 kB | 41 kB | 32/69 kB
Progress (3): 458/535 kB | 41 kB | 32/69 kB
Progress (3): 458/535 kB | 41 kB | 49/69 kB
Progress (3): 475/535 kB | 41 kB | 49/69 kB
Progress (3): 475/535 kB | 41 kB | 65/69 kB
Progress (3): 475/535 kB | 41 kB | 69 kB   
Progress (3): 491/535 kB | 41 kB | 69 kB
Progress (3): 507/535 kB | 41 kB | 69 kB
Progress (3): 524/535 kB | 41 kB | 69 kB
Progress (3): 535 kB | 41 kB | 69 kB    
                                    
Downloaded from central: https://repo1.maven.org/maven2/org/hamcrest/hamcrest-core/1.2/hamcrest-core-1.2.jar (41 kB at 45 kB/s)
Downloading from central: https://repo1.maven.org/maven2/javax/servlet/jsp/jsp-api/2.1/jsp-api-2.1.jar
Progress (3): 535 kB | 69 kB | 7.8/53 kB
                                        
Downloaded from central: https://repo1.maven.org/maven2/commons-fileupload/commons-fileupload/1.3/commons-fileupload-1.3.jar (69 kB at 74 kB/s)
Downloading from central: https://repo1.maven.org/maven2/org/mortbay/jetty/servlet-api/3.0.20100224/servlet-api-3.0.20100224.jar
Progress (2): 535 kB | 16/53 kB
Progress (2): 535 kB | 32/53 kB
Progress (2): 535 kB | 49/53 kB
Progress (2): 535 kB | 53 kB   
                            
Downloaded from central: https://repo1.maven.org/maven2/joda-time/joda-time/1.6/joda-time-1.6.jar (535 kB at 576 kB/s)
Downloading from central: https://repo1.maven.org/maven2/org/mockito/mockito-core/1.8.5/mockito-core-1.8.5.jar
Downloaded from central: https://repo1.maven.org/maven2/org/hamcrest/hamcrest-library/1.2/hamcrest-library-1.2.jar (53 kB at 57 kB/s)
Downloading from central: https://repo1.maven.org/maven2/junit/junit/4.10/junit-4.10.jar
Progress (1): 7.7/414 kB
Progress (1): 16/414 kB 
Progress (1): 32/414 kB
Progress (1): 49/414 kB
Progress (1): 65/414 kB
Progress (1): 81/414 kB
Progress (1): 98/414 kB
Progress (1): 114/414 kB
Progress (1): 131/414 kB
Progress (1): 147/414 kB
Progress (1): 163/414 kB
Progress (1): 180/414 kB
Progress (1): 196/414 kB
Progress (1): 213/414 kB
Progress (1): 229/414 kB
Progress (1): 245/414 kB
Progress (1): 262/414 kB
Progress (1): 278/414 kB
Progress (1): 294/414 kB
Progress (1): 311/414 kB
Progress (1): 327/414 kB
Progress (1): 344/414 kB
Progress (1): 360/414 kB
Progress (1): 376/414 kB
Progress (1): 393/414 kB
Progress (1): 409/414 kB
Progress (1): 414 kB    
Progress (2): 414 kB | 7.7/101 kB
Progress (2): 414 kB | 16/101 kB 
Progress (2): 414 kB | 32/101 kB
Progress (2): 414 kB | 49/101 kB
Progress (2): 414 kB | 65/101 kB
Progress (2): 414 kB | 81/101 kB
Progress (2): 414 kB | 98/101 kB
Progress (2): 414 kB | 101 kB   
                             
Downloaded from central: https://repo1.maven.org/maven2/javax/servlet/jstl/1.2/jstl-1.2.jar (414 kB at 433 kB/s)
Downloaded from central: https://repo1.maven.org/maven2/javax/servlet/jsp/jsp-api/2.1/jsp-api-2.1.jar (101 kB at 105 kB/s)
Progress (1): 7.8/210 kB
Progress (1): 16/210 kB 
Progress (1): 32/210 kB
Progress (1): 49/210 kB
Progress (1): 65/210 kB
Progress (1): 81/210 kB
Progress (1): 98/210 kB
Progress (1): 114/210 kB
Progress (2): 114/210 kB | 7.7/253 kB
Progress (2): 131/210 kB | 7.7/253 kB
Progress (2): 147/210 kB | 7.7/253 kB
Progress (2): 163/210 kB | 7.7/253 kB
Progress (2): 180/210 kB | 7.7/253 kB
Progress (2): 180/210 kB | 16/253 kB 
Progress (2): 196/210 kB | 16/253 kB
Progress (2): 196/210 kB | 32/253 kB
Progress (2): 196/210 kB | 49/253 kB
Progress (2): 210 kB | 49/253 kB    
Progress (2): 210 kB | 65/253 kB
Progress (2): 210 kB | 81/253 kB
Progress (2): 210 kB | 98/253 kB
Progress (2): 210 kB | 114/253 kB
Progress (2): 210 kB | 131/253 kB
Progress (2): 210 kB | 147/253 kB
Progress (2): 210 kB | 163/253 kB
Progress (2): 210 kB | 180/253 kB
Progress (2): 210 kB | 196/253 kB
Progress (2): 210 kB | 213/253 kB
Progress (2): 210 kB | 229/253 kB
Progress (2): 210 kB | 245/253 kB
Progress (2): 210 kB | 253 kB    
                             
Downloaded from central: https://repo1.maven.org/maven2/org/mortbay/jetty/servlet-api/3.0.20100224/servlet-api-3.0.20100224.jar (210 kB at 211 kB/s)
Downloaded from central: https://repo1.maven.org/maven2/junit/junit/4.10/junit-4.10.jar (253 kB at 253 kB/s)
Progress (1): 0/1.3 MB
Progress (1): 0/1.3 MB
Progress (1): 0/1.3 MB
Progress (1): 0/1.3 MB
Progress (1): 0.1/1.3 MB
Progress (1): 0.1/1.3 MB
Progress (1): 0.1/1.3 MB
Progress (1): 0.1/1.3 MB
Progress (1): 0.1/1.3 MB
Progress (1): 0.1/1.3 MB
Progress (1): 0.2/1.3 MB
Progress (1): 0.2/1.3 MB
Progress (1): 0.2/1.3 MB
Progress (1): 0.2/1.3 MB
Progress (1): 0.2/1.3 MB
Progress (1): 0.2/1.3 MB
Progress (1): 0.3/1.3 MB
Progress (1): 0.3/1.3 MB
Progress (1): 0.3/1.3 MB
Progress (1): 0.3/1.3 MB
Progress (1): 0.3/1.3 MB
Progress (1): 0.3/1.3 MB
Progress (1): 0.4/1.3 MB
Progress (1): 0.4/1.3 MB
Progress (1): 0.4/1.3 MB
Progress (1): 0.4/1.3 MB
Progress (1): 0.4/1.3 MB
Progress (1): 0.4/1.3 MB
Progress (1): 0.5/1.3 MB
Progress (1): 0.5/1.3 MB
Progress (1): 0.5/1.3 MB
Progress (1): 0.5/1.3 MB
Progress (1): 0.5/1.3 MB
Progress (1): 0.5/1.3 MB
Progress (1): 0.6/1.3 MB
Progress (1): 0.6/1.3 MB
Progress (1): 0.6/1.3 MB
Progress (1): 0.6/1.3 MB
Progress (1): 0.6/1.3 MB
Progress (1): 0.6/1.3 MB
Progress (1): 0.7/1.3 MB
Progress (1): 0.7/1.3 MB
Progress (1): 0.7/1.3 MB
Progress (1): 0.7/1.3 MB
Progress (1): 0.7/1.3 MB
Progress (1): 0.7/1.3 MB
Progress (1): 0.8/1.3 MB
Progress (1): 0.8/1.3 MB
Progress (1): 0.8/1.3 MB
Progress (1): 0.8/1.3 MB
Progress (1): 0.8/1.3 MB
Progress (1): 0.8/1.3 MB
Progress (1): 0.9/1.3 MB
Progress (1): 0.9/1.3 MB
Progress (1): 0.9/1.3 MB
Progress (1): 0.9/1.3 MB
Progress (1): 0.9/1.3 MB
Progress (1): 0.9/1.3 MB
Progress (1): 1.0/1.3 MB
Progress (1): 1.0/1.3 MB
Progress (1): 1.0/1.3 MB
Progress (1): 1.0/1.3 MB
Progress (1): 1.0/1.3 MB
Progress (1): 1.0/1.3 MB
Progress (1): 1.0/1.3 MB
Progress (1): 1.1/1.3 MB
Progress (1): 1.1/1.3 MB
Progress (1): 1.1/1.3 MB
Progress (1): 1.1/1.3 MB
Progress (1): 1.1/1.3 MB
Progress (1): 1.1/1.3 MB
Progress (1): 1.2/1.3 MB
Progress (1): 1.2/1.3 MB
Progress (1): 1.2/1.3 MB
Progress (1): 1.2/1.3 MB
Progress (1): 1.2/1.3 MB
Progress (1): 1.2/1.3 MB
Progress (1): 1.3/1.3 MB
Progress (1): 1.3/1.3 MB
Progress (1): 1.3/1.3 MB
Progress (1): 1.3/1.3 MB
Progress (1): 1.3/1.3 MB
Progress (1): 1.3 MB    
                    
Downloaded from central: https://repo1.maven.org/maven2/org/mockito/mockito-core/1.8.5/mockito-core-1.8.5.jar (1.3 MB at 992 kB/s)
[INFO] 
[INFO] --- enforcer:1.0:enforce (enforce-maven) @ vraptor ---
Downloading from central: https://repo1.maven.org/maven2/org/apache/maven/enforcer/enforcer-api/1.0/enforcer-api-1.0.pom
Progress (1): 857 B
Progress (1): 2.7 kB
Progress (1): 3.3 kB
                    
Downloaded from central: https://repo1.maven.org/maven2/org/apache/maven/enforcer/enforcer-api/1.0/enforcer-api-1.0.pom (3.3 kB at 44 kB/s)
Downloading from central: https://repo1.maven.org/maven2/org/apache/maven/enforcer/enforcer-rules/1.0/enforcer-rules-1.0.pom
Progress (1): 851 B
Progress (1): 3.7 kB
Progress (1): 4.1 kB
                    
Downloaded from central: https://repo1.maven.org/maven2/org/apache/maven/enforcer/enforcer-rules/1.0/enforcer-rules-1.0.pom (4.1 kB at 69 kB/s)
Downloading from central: https://repo1.maven.org/maven2/org/apache/maven/shared/maven-common-artifact-filters/1.2/maven-common-artifact-filters-1.2.pom
Progress (1): 827 B
Progress (1): 3.2 kB
Progress (1): 4.5 kB
                    
Downloaded from central: https://repo1.maven.org/maven2/org/apache/maven/shared/maven-common-artifact-filters/1.2/maven-common-artifact-filters-1.2.pom (4.5 kB at 57 kB/s)
Downloading from central: https://repo1.maven.org/maven2/org/apache/maven/shared/maven-plugin-testing-harness/1.1/maven-plugin-testing-harness-1.1.pom
Progress (1): 806 B
Progress (1): 3.0 kB
Progress (1): 6.3 kB
                    
Downloaded from central: https://repo1.maven.org/maven2/org/apache/maven/shared/maven-plugin-testing-harness/1.1/maven-plugin-testing-harness-1.1.pom (6.3 kB at 124 kB/s)
Downloading from central: https://repo1.maven.org/maven2/org/apache/maven/shared/maven-shared-components/7/maven-shared-components-7.pom
Progress (1): 1.5 kB
Progress (1): 2.6 kB
                    
Downloaded from central: https://repo1.maven.org/maven2/org/apache/maven/shared/maven-shared-components/7/maven-shared-components-7.pom (2.6 kB at 38 kB/s)
Downloading from central: https://repo1.maven.org/maven2/org/codehaus/plexus/plexus-archiver/1.0-alpha-7/plexus-archiver-1.0-alpha-7.pom
Progress (1): 1.0 kB
                    
Downloaded from central: https://repo1.maven.org/maven2/org/codehaus/plexus/plexus-archiver/1.0-alpha-7/plexus-archiver-1.0-alpha-7.pom (1.0 kB at 15 kB/s)
Downloading from central: https://repo1.maven.org/maven2/org/apache/maven/shared/maven-dependency-tree/1.2/maven-dependency-tree-1.2.pom
Progress (1): 823 B
Progress (1): 2.8 kB
Progress (1): 3.6 kB
                    
Downloaded from central: https://repo1.maven.org/maven2/org/apache/maven/shared/maven-dependency-tree/1.2/maven-dependency-tree-1.2.pom (3.6 kB at 72 kB/s)
Downloading from central: https://repo1.maven.org/maven2/org/apache/maven/shared/maven-shared-components/9/maven-shared-components-9.pom
Progress (1): 810 B
Progress (1): 2.5 kB
Progress (1): 3.5 kB
                    
Downloaded from central: https://repo1.maven.org/maven2/org/apache/maven/shared/maven-shared-components/9/maven-shared-components-9.pom (3.5 kB at 69 kB/s)
Downloading from central: https://repo1.maven.org/maven2/org/apache/maven/enforcer/enforcer-api/1.0/enforcer-api-1.0.jar
Downloading from central: https://repo1.maven.org/maven2/org/apache/maven/enforcer/enforcer-rules/1.0/enforcer-rules-1.0.jar
Downloading from central: https://repo1.maven.org/maven2/org/apache/maven/shared/maven-common-artifact-filters/1.2/maven-common-artifact-filters-1.2.jar
Downloading from central: https://repo1.maven.org/maven2/org/apache/maven/shared/maven-dependency-tree/1.2/maven-dependency-tree-1.2.jar
Progress (1): 7.7/35 kB
Progress (1): 16/35 kB 
Progress (1): 32/35 kB
Progress (1): 35 kB   
Progress (2): 35 kB | 7.7/9.8 kB
Progress (2): 35 kB | 9.8 kB    
Progress (3): 35 kB | 9.8 kB | 16/61 kB
                                       
Downloaded from central: https://repo1.maven.org/maven2/org/apache/maven/enforcer/enforcer-api/1.0/enforcer-api-1.0.jar (9.8 kB at 189 kB/s)
Downloaded from central: https://repo1.maven.org/maven2/org/apache/maven/shared/maven-dependency-tree/1.2/maven-dependency-tree-1.2.jar (35 kB at 665 kB/s)
Progress (1): 33/61 kB
Progress (1): 49/61 kB
Progress (1): 61 kB   
                   
Downloaded from central: https://repo1.maven.org/maven2/org/apache/maven/enforcer/enforcer-rules/1.0/enforcer-rules-1.0.jar (61 kB at 968 kB/s)
Progress (1): 7.7/32 kB
Progress (1): 16/32 kB 
Progress (1): 25/32 kB
Progress (1): 32 kB   
                   
Downloaded from central: https://repo1.maven.org/maven2/org/apache/maven/shared/maven-common-artifact-filters/1.2/maven-common-artifact-filters-1.2.jar (32 kB at 363 kB/s)
[INFO] 
[INFO] --- antrun:1.7:run (process-sources) @ vraptor ---
Downloading from central: https://repo1.maven.org/maven2/org/apache/maven/maven-plugin-api/2.0.11/maven-plugin-api-2.0.11.pom
Progress (1): 835 B
Progress (1): 1.5 kB
                    
Downloaded from central: https://repo1.maven.org/maven2/org/apache/maven/maven-plugin-api/2.0.11/maven-plugin-api-2.0.11.pom (1.5 kB at 20 kB/s)
Downloading from central: https://repo1.maven.org/maven2/org/apache/maven/maven/2.0.11/maven-2.0.11.pom
Progress (1): 744 B
Progress (1): 1.9 kB
Progress (1): 5.8 kB
Progress (1): 8.2 kB
Progress (1): 12 kB 
Progress (1): 17 kB
Progress (1): 21 kB
Progress (1): 22 kB
                   
Downloaded from central: https://repo1.maven.org/maven2/org/apache/maven/maven/2.0.11/maven-2.0.11.pom (22 kB at 308 kB/s)
Downloading from central: https://repo1.maven.org/maven2/org/apache/maven/maven-parent/12/maven-parent-12.pom
Progress (1): 744 B
Progress (1): 1.9 kB
Progress (1): 6.5 kB
Progress (1): 11 kB 
Progress (1): 15 kB
Progress (1): 16 kB
Progress (1): 21 kB
Progress (1): 22 kB
                   
Downloaded from central: https://repo1.maven.org/maven2/org/apache/maven/maven-parent/12/maven-parent-12.pom (22 kB at 253 kB/s)
Downloading from central: https://repo1.maven.org/maven2/org/apache/maven/maven-project/2.0.11/maven-project-2.0.11.pom
Progress (1): 823 B
Progress (1): 2.8 kB
                    
Downloaded from central: https://repo1.maven.org/maven2/org/apache/maven/maven-project/2.0.11/maven-project-2.0.11.pom (2.8 kB at 48 kB/s)
Downloading from central: https://repo1.maven.org/maven2/org/apache/maven/maven-settings/2.0.11/maven-settings-2.0.11.pom
Progress (1): 830 B
Progress (1): 2.2 kB
                    
Downloaded from central: https://repo1.maven.org/maven2/org/apache/maven/maven-settings/2.0.11/maven-settings-2.0.11.pom (2.2 kB at 28 kB/s)
Downloading from central: https://repo1.maven.org/maven2/org/apache/maven/maven-model/2.0.11/maven-model-2.0.11.pom
Progress (1): 811 B
Progress (1): 3.0 kB
Progress (1): 3.2 kB
                    
Downloaded from central: https://repo1.maven.org/maven2/org/apache/maven/maven-model/2.0.11/maven-model-2.0.11.pom (3.2 kB at 36 kB/s)
Downloading from central: https://repo1.maven.org/maven2/org/codehaus/plexus/plexus-utils/1.5.6/plexus-utils-1.5.6.pom
Progress (1): 1.4 kB
Progress (1): 4.4 kB
Progress (1): 5.3 kB
                    
Downloaded from central: https://repo1.maven.org/maven2/org/codehaus/plexus/plexus-utils/1.5.6/plexus-utils-1.5.6.pom (5.3 kB at 93 kB/s)
Downloading from central: https://repo1.maven.org/maven2/org/codehaus/plexus/plexus/1.0.12/plexus-1.0.12.pom
Progress (1): 1.2 kB
Progress (1): 4.1 kB
Progress (1): 7.3 kB
Progress (1): 9.8 kB
Progress (1): 9.8 kB
                    
Downloaded from central: https://repo1.maven.org/maven2/org/codehaus/plexus/plexus/1.0.12/plexus-1.0.12.pom (9.8 kB at 200 kB/s)
Downloading from central: https://repo1.maven.org/maven2/org/codehaus/plexus/plexus-interpolation/1.1/plexus-interpolation-1.1.pom
Progress (1): 1.4 kB
                    
Downloaded from central: https://repo1.maven.org/maven2/org/codehaus/plexus/plexus-interpolation/1.1/plexus-interpolation-1.1.pom (1.4 kB at 28 kB/s)
Downloading from central: https://repo1.maven.org/maven2/org/apache/maven/maven-profile/2.0.11/maven-profile-2.0.11.pom
Progress (1): 830 B
Progress (1): 2.0 kB
                    
Downloaded from central: https://repo1.maven.org/maven2/org/apache/maven/maven-profile/2.0.11/maven-profile-2.0.11.pom (2.0 kB at 26 kB/s)
Downloading from central: https://repo1.maven.org/maven2/org/apache/maven/maven-artifact-manager/2.0.11/maven-artifact-manager-2.0.11.pom
Progress (1): 816 B
Progress (1): 2.6 kB
                    
Downloaded from central: https://repo1.maven.org/maven2/org/apache/maven/maven-artifact-manager/2.0.11/maven-artifact-manager-2.0.11.pom (2.6 kB at 17 kB/s)
Downloading from central: https://repo1.maven.org/maven2/org/apache/maven/maven-repository-metadata/2.0.11/maven-repository-metadata-2.0.11.pom
Progress (1): 823 B
Progress (1): 2.3 kB
                    
Downloaded from central: https://repo1.maven.org/maven2/org/apache/maven/maven-repository-metadata/2.0.11/maven-repository-metadata-2.0.11.pom (2.3 kB at 34 kB/s)
Downloading from central: https://repo1.maven.org/maven2/org/apache/maven/maven-artifact/2.0.11/maven-artifact-2.0.11.pom
Progress (1): 835 B
Progress (1): 1.6 kB
                    
Downloaded from central: https://repo1.maven.org/maven2/org/apache/maven/maven-artifact/2.0.11/maven-artifact-2.0.11.pom (1.6 kB at 22 kB/s)
Downloading from central: https://repo1.maven.org/maven2/org/apache/maven/maven-plugin-registry/2.0.11/maven-plugin-registry-2.0.11.pom
Progress (1): 830 B
Progress (1): 1.9 kB
                    
Downloaded from central: https://repo1.maven.org/maven2/org/apache/maven/maven-plugin-registry/2.0.11/maven-plugin-registry-2.0.11.pom (1.9 kB at 24 kB/s)
Downloading from central: https://repo1.maven.org/maven2/org/apache/maven/maven-plugin-api/2.0.11/maven-plugin-api-2.0.11.jar
Downloading from central: https://repo1.maven.org/maven2/org/apache/maven/maven-project/2.0.11/maven-project-2.0.11.jar
Downloading from central: https://repo1.maven.org/maven2/org/apache/maven/maven-profile/2.0.11/maven-profile-2.0.11.jar
Downloading from central: https://repo1.maven.org/maven2/org/apache/maven/maven-settings/2.0.11/maven-settings-2.0.11.jar
Downloading from central: https://repo1.maven.org/maven2/org/apache/maven/maven-model/2.0.11/maven-model-2.0.11.jar
Progress (1): 7.7/13 kB
Progress (1): 8.2/13 kB
Progress (1): 13 kB    
Progress (2): 13 kB | 7.7/123 kB
Progress (2): 13 kB | 16/123 kB 
Progress (2): 13 kB | 32/123 kB
Progress (2): 13 kB | 49/123 kB
Progress (2): 13 kB | 65/123 kB
Progress (2): 13 kB | 81/123 kB
Progress (2): 13 kB | 98/123 kB
Progress (2): 13 kB | 114/123 kB
Progress (2): 13 kB | 123 kB    
Progress (3): 13 kB | 123 kB | 7.7/37 kB
Progress (3): 13 kB | 123 kB | 16/37 kB 
Progress (3): 13 kB | 123 kB | 32/37 kB
Progress (3): 13 kB | 123 kB | 37 kB   
                                    
Downloaded from central: https://repo1.maven.org/maven2/org/apache/maven/maven-plugin-api/2.0.11/maven-plugin-api-2.0.11.jar (13 kB at 252 kB/s)
Downloading from central: https://repo1.maven.org/maven2/org/apache/maven/maven-artifact-manager/2.0.11/maven-artifact-manager-2.0.11.jar
Downloaded from central: https://repo1.maven.org/maven2/org/apache/maven/maven-project/2.0.11/maven-project-2.0.11.jar (123 kB at 2.2 MB/s)
Downloading from central: https://repo1.maven.org/maven2/org/apache/maven/maven-repository-metadata/2.0.11/maven-repository-metadata-2.0.11.jar
Progress (2): 37 kB | 16/97 kB
Progress (2): 37 kB | 25/97 kB
                              
Downloaded from central: https://repo1.maven.org/maven2/org/apache/maven/maven-profile/2.0.11/maven-profile-2.0.11.jar (37 kB at 641 kB/s)
Downloading from central: https://repo1.maven.org/maven2/org/apache/maven/maven-plugin-registry/2.0.11/maven-plugin-registry-2.0.11.jar
Progress (1): 41/97 kB
Progress (1): 57/97 kB
Progress (1): 74/97 kB
Progress (1): 90/97 kB
Progress (1): 97 kB   
Progress (2): 97 kB | 7.8/51 kB
Progress (2): 97 kB | 16/51 kB 
Progress (2): 97 kB | 32/51 kB
Progress (2): 97 kB | 49/51 kB
Progress (2): 97 kB | 51 kB   
                           
Downloaded from central: https://repo1.maven.org/maven2/org/apache/maven/maven-model/2.0.11/maven-model-2.0.11.jar (97 kB at 1.4 MB/s)
Downloading from central: https://repo1.maven.org/maven2/org/codehaus/plexus/plexus-interpolation/1.1/plexus-interpolation-1.1.jar
Downloaded from central: https://repo1.maven.org/maven2/org/apache/maven/maven-settings/2.0.11/maven-settings-2.0.11.jar (51 kB at 714 kB/s)
Downloading from central: https://repo1.maven.org/maven2/org/apache/maven/maven-artifact/2.0.11/maven-artifact-2.0.11.jar
Progress (1): 7.7/58 kB
Progress (1): 12/58 kB 
Progress (1): 29/58 kB
Progress (1): 45/58 kB
Progress (1): 58 kB   
                   
Downloaded from central: https://repo1.maven.org/maven2/org/apache/maven/maven-artifact-manager/2.0.11/maven-artifact-manager-2.0.11.jar (58 kB at 597 kB/s)
Downloading from central: https://repo1.maven.org/maven2/org/codehaus/plexus/plexus-utils/2.0.5/plexus-utils-2.0.5.jar
Progress (1): 7.7/90 kB
Progress (1): 16/90 kB 
Progress (1): 32/90 kB
Progress (1): 49/90 kB
Progress (1): 57/90 kB
Progress (1): 74/90 kB
Progress (1): 90 kB   
Progress (2): 90 kB | 7.7/35 kB
Progress (2): 90 kB | 16/35 kB 
Progress (2): 90 kB | 32/35 kB
Progress (2): 90 kB | 35 kB   
Progress (3): 90 kB | 35 kB | 7.8/31 kB
Progress (3): 90 kB | 35 kB | 16/31 kB 
Progress (3): 90 kB | 35 kB | 31 kB   
                                   
Downloaded from central: https://repo1.maven.org/maven2/org/apache/maven/maven-artifact/2.0.11/maven-artifact-2.0.11.jar (90 kB at 752 kB/s)
Downloading from central: https://repo1.maven.org/maven2/org/apache/ant/ant/1.8.2/ant-1.8.2.jar
Downloaded from central: https://repo1.maven.org/maven2/org/codehaus/plexus/plexus-interpolation/1.1/plexus-interpolation-1.1.jar (35 kB at 286 kB/s)
Downloading from central: https://repo1.maven.org/maven2/org/apache/ant/ant-launcher/1.8.2/ant-launcher-1.8.2.jar
Progress (2): 31 kB | 7.8/26 kB
Progress (2): 31 kB | 16/26 kB 
Progress (2): 31 kB | 26 kB   
                           
Downloaded from central: https://repo1.maven.org/maven2/org/apache/maven/maven-plugin-registry/2.0.11/maven-plugin-registry-2.0.11.jar (31 kB at 230 kB/s)
Progress (2): 26 kB | 7.7/223 kB
Progress (2): 26 kB | 16/223 kB 
Progress (2): 26 kB | 25/223 kB
                               
Downloaded from central: https://repo1.maven.org/maven2/org/apache/maven/maven-repository-metadata/2.0.11/maven-repository-metadata-2.0.11.jar (26 kB at 193 kB/s)
Progress (1): 41/223 kB
Progress (1): 57/223 kB
Progress (1): 74/223 kB
Progress (1): 90/223 kB
Progress (1): 106/223 kB
Progress (1): 123/223 kB
Progress (1): 139/223 kB
Progress (1): 156/223 kB
Progress (1): 167/223 kB
Progress (1): 183/223 kB
Progress (1): 200/223 kB
Progress (1): 216/223 kB
Progress (1): 223 kB    
                    
Downloaded from central: https://repo1.maven.org/maven2/org/codehaus/plexus/plexus-utils/2.0.5/plexus-utils-2.0.5.jar (223 kB at 1.5 MB/s)
Progress (1): 7.7/12 kB
Progress (2): 7.7/12 kB | 0/1.9 MB
Progress (2): 12 kB | 0/1.9 MB    
Progress (2): 12 kB | 0/1.9 MB
Progress (2): 12 kB | 0/1.9 MB
Progress (2): 12 kB | 0/1.9 MB
Progress (2): 12 kB | 0.1/1.9 MB
Progress (2): 12 kB | 0.1/1.9 MB
Progress (2): 12 kB | 0.1/1.9 MB
Progress (2): 12 kB | 0.1/1.9 MB
Progress (2): 12 kB | 0.1/1.9 MB
Progress (2): 12 kB | 0.1/1.9 MB
Progress (2): 12 kB | 0.2/1.9 MB
Progress (2): 12 kB | 0.2/1.9 MB
Progress (2): 12 kB | 0.2/1.9 MB
Progress (2): 12 kB | 0.2/1.9 MB
Progress (2): 12 kB | 0.2/1.9 MB
Progress (2): 12 kB | 0.2/1.9 MB
Progress (2): 12 kB | 0.3/1.9 MB
Progress (2): 12 kB | 0.3/1.9 MB
Progress (2): 12 kB | 0.3/1.9 MB
Progress (2): 12 kB | 0.3/1.9 MB
Progress (2): 12 kB | 0.3/1.9 MB
Progress (2): 12 kB | 0.3/1.9 MB
Progress (2): 12 kB | 0.4/1.9 MB
Progress (2): 12 kB | 0.4/1.9 MB
Progress (2): 12 kB | 0.4/1.9 MB
Progress (2): 12 kB | 0.4/1.9 MB
Progress (2): 12 kB | 0.4/1.9 MB
Progress (2): 12 kB | 0.4/1.9 MB
Progress (2): 12 kB | 0.5/1.9 MB
Progress (2): 12 kB | 0.5/1.9 MB
Progress (2): 12 kB | 0.5/1.9 MB
Progress (2): 12 kB | 0.5/1.9 MB
Progress (2): 12 kB | 0.5/1.9 MB
Progress (2): 12 kB | 0.5/1.9 MB
Progress (2): 12 kB | 0.6/1.9 MB
                                
Downloaded from central: https://repo1.maven.org/maven2/org/apache/ant/ant-launcher/1.8.2/ant-launcher-1.8.2.jar (12 kB at 71 kB/s)
Progress (1): 0.6/1.9 MB
Progress (1): 0.6/1.9 MB
Progress (1): 0.6/1.9 MB
Progress (1): 0.6/1.9 MB
Progress (1): 0.6/1.9 MB
Progress (1): 0.7/1.9 MB
Progress (1): 0.7/1.9 MB
Progress (1): 0.7/1.9 MB
Progress (1): 0.7/1.9 MB
Progress (1): 0.7/1.9 MB
Progress (1): 0.7/1.9 MB
Progress (1): 0.8/1.9 MB
Progress (1): 0.8/1.9 MB
Progress (1): 0.8/1.9 MB
Progress (1): 0.8/1.9 MB
Progress (1): 0.8/1.9 MB
Progress (1): 0.8/1.9 MB
Progress (1): 0.9/1.9 MB
Progress (1): 0.9/1.9 MB
Progress (1): 0.9/1.9 MB
Progress (1): 0.9/1.9 MB
Progress (1): 0.9/1.9 MB
Progress (1): 0.9/1.9 MB
Progress (1): 0.9/1.9 MB
Progress (1): 1.0/1.9 MB
Progress (1): 1.0/1.9 MB
Progress (1): 1.0/1.9 MB
Progress (1): 1.0/1.9 MB
Progress (1): 1.0/1.9 MB
Progress (1): 1.0/1.9 MB
Progress (1): 1.1/1.9 MB
Progress (1): 1.1/1.9 MB
Progress (1): 1.1/1.9 MB
Progress (1): 1.1/1.9 MB
Progress (1): 1.1/1.9 MB
Progress (1): 1.1/1.9 MB
Progress (1): 1.2/1.9 MB
Progress (1): 1.2/1.9 MB
Progress (1): 1.2/1.9 MB
Progress (1): 1.2/1.9 MB
Progress (1): 1.2/1.9 MB
Progress (1): 1.2/1.9 MB
Progress (1): 1.3/1.9 MB
Progress (1): 1.3/1.9 MB
Progress (1): 1.3/1.9 MB
Progress (1): 1.3/1.9 MB
Progress (1): 1.3/1.9 MB
Progress (1): 1.3/1.9 MB
Progress (1): 1.4/1.9 MB
Progress (1): 1.4/1.9 MB
Progress (1): 1.4/1.9 MB
Progress (1): 1.4/1.9 MB
Progress (1): 1.4/1.9 MB
Progress (1): 1.4/1.9 MB
Progress (1): 1.5/1.9 MB
Progress (1): 1.5/1.9 MB
Progress (1): 1.5/1.9 MB
Progress (1): 1.5/1.9 MB
Progress (1): 1.5/1.9 MB
Progress (1): 1.5/1.9 MB
Progress (1): 1.6/1.9 MB
Progress (1): 1.6/1.9 MB
Progress (1): 1.6/1.9 MB
Progress (1): 1.6/1.9 MB
Progress (1): 1.6/1.9 MB
Progress (1): 1.6/1.9 MB
Progress (1): 1.7/1.9 MB
Progress (1): 1.7/1.9 MB
Progress (1): 1.7/1.9 MB
Progress (1): 1.7/1.9 MB
Progress (1): 1.7/1.9 MB
Progress (1): 1.7/1.9 MB
Progress (1): 1.8/1.9 MB
Progress (1): 1.8/1.9 MB
Progress (1): 1.8/1.9 MB
Progress (1): 1.8/1.9 MB
Progress (1): 1.8/1.9 MB
Progress (1): 1.8/1.9 MB
Progress (1): 1.9/1.9 MB
Progress (1): 1.9/1.9 MB
Progress (1): 1.9/1.9 MB
Progress (1): 1.9/1.9 MB
Progress (1): 1.9/1.9 MB
Progress (1): 1.9/1.9 MB
Progress (1): 1.9 MB    
                    
Downloaded from central: https://repo1.maven.org/maven2/org/apache/ant/ant/1.8.2/ant-1.8.2.jar (1.9 MB at 8.7 MB/s)
[INFO] Executing tasks

main:
[INFO] Executed tasks
[INFO] 
[INFO] --- resources:3.3.1:resources (default-resources) @ vraptor ---
[INFO] Copying 2 resources from src\main\resources to target\classes
[INFO] 
[INFO] --- compiler:2.3.1:compile (default-compile) @ vraptor ---
Downloading from central: https://repo1.maven.org/maven2/org/apache/maven/maven-plugin-api/2.0.6/maven-plugin-api-2.0.6.pom
Progress (1): 847 B
Progress (1): 1.5 kB
                    
Downloaded from central: https://repo1.maven.org/maven2/org/apache/maven/maven-plugin-api/2.0.6/maven-plugin-api-2.0.6.pom (1.5 kB at 29 kB/s)
Downloading from central: https://repo1.maven.org/maven2/org/apache/maven/maven-core/2.0.6/maven-core-2.0.6.pom
Progress (1): 776 B
Progress (1): 2.7 kB
Progress (1): 6.7 kB
                    
Downloaded from central: https://repo1.maven.org/maven2/org/apache/maven/maven-core/2.0.6/maven-core-2.0.6.pom (6.7 kB at 140 kB/s)
Downloading from central: https://repo1.maven.org/maven2/org/apache/maven/maven-plugin-parameter-documenter/2.0.6/maven-plugin-parameter-documenter-2.0.6.pom
Progress (1): 830 B
Progress (1): 1.9 kB
                    
Downloaded from central: https://repo1.maven.org/maven2/org/apache/maven/maven-plugin-parameter-documenter/2.0.6/maven-plugin-parameter-documenter-2.0.6.pom (1.9 kB at 41 kB/s)
Downloading from central: https://repo1.maven.org/maven2/org/apache/maven/maven-error-diagnostics/2.0.6/maven-error-diagnostics-2.0.6.pom
Progress (1): 832 B
Progress (1): 1.7 kB
                    
Downloaded from central: https://repo1.maven.org/maven2/org/apache/maven/maven-error-diagnostics/2.0.6/maven-error-diagnostics-2.0.6.pom (1.7 kB at 37 kB/s)
Downloading from central: https://repo1.maven.org/maven2/org/apache/maven/maven-plugin-descriptor/2.0.6/maven-plugin-descriptor-2.0.6.pom
Progress (1): 830 B
Progress (1): 2.0 kB
                    
Downloaded from central: https://repo1.maven.org/maven2/org/apache/maven/maven-plugin-descriptor/2.0.6/maven-plugin-descriptor-2.0.6.pom (2.0 kB at 37 kB/s)
Downloading from central: https://repo1.maven.org/maven2/org/apache/maven/maven-monitor/2.0.6/maven-monitor-2.0.6.pom
Progress (1): 849 B
Progress (1): 1.3 kB
                    
Downloaded from central: https://repo1.maven.org/maven2/org/apache/maven/maven-monitor/2.0.6/maven-monitor-2.0.6.pom (1.3 kB at 25 kB/s)
Downloading from central: https://repo1.maven.org/maven2/org/codehaus/plexus/plexus-compiler-api/1.8/plexus-compiler-api-1.8.pom
Progress (1): 778 B
                   
Downloaded from central: https://repo1.maven.org/maven2/org/codehaus/plexus/plexus-compiler-api/1.8/plexus-compiler-api-1.8.pom (778 B at 6.5 kB/s)
Downloading from central: https://repo1.maven.org/maven2/org/codehaus/plexus/plexus-compiler/1.8/plexus-compiler-1.8.pom
Progress (1): 1.7 kB
Progress (1): 3.4 kB
                    
Downloaded from central: https://repo1.maven.org/maven2/org/codehaus/plexus/plexus-compiler/1.8/plexus-compiler-1.8.pom (3.4 kB at 57 kB/s)
Downloading from central: https://repo1.maven.org/maven2/org/codehaus/plexus/plexus-components/1.1.17/plexus-components-1.1.17.pom
Progress (1): 1.4 kB
Progress (1): 3.7 kB
Progress (1): 5.2 kB
                    
Downloaded from central: https://repo1.maven.org/maven2/org/codehaus/plexus/plexus-components/1.1.17/plexus-components-1.1.17.pom (5.2 kB at 113 kB/s)
Downloading from central: https://repo1.maven.org/maven2/org/apache/maven/maven-toolchain/1.0/maven-toolchain-1.0.pom
Progress (1): 2.1 kB
Progress (1): 3.4 kB
                    
Downloaded from central: https://repo1.maven.org/maven2/org/apache/maven/maven-toolchain/1.0/maven-toolchain-1.0.pom (3.4 kB at 74 kB/s)
Downloading from central: https://repo1.maven.org/maven2/org/codehaus/plexus/plexus-compiler-manager/1.8/plexus-compiler-manager-1.8.pom
Progress (1): 690 B
                   
Downloaded from central: https://repo1.maven.org/maven2/org/codehaus/plexus/plexus-compiler-manager/1.8/plexus-compiler-manager-1.8.pom (690 B at 9.2 kB/s)
Downloading from central: https://repo1.maven.org/maven2/org/codehaus/plexus/plexus-compiler-javac/1.8/plexus-compiler-javac-1.8.pom
Progress (1): 686 B
                   
Downloaded from central: https://repo1.maven.org/maven2/org/codehaus/plexus/plexus-compiler-javac/1.8/plexus-compiler-javac-1.8.pom (686 B at 11 kB/s)
Downloading from central: https://repo1.maven.org/maven2/org/codehaus/plexus/plexus-compilers/1.8/plexus-compilers-1.8.pom
Progress (1): 1.3 kB
                    
Downloaded from central: https://repo1.maven.org/maven2/org/codehaus/plexus/plexus-compilers/1.8/plexus-compilers-1.8.pom (1.3 kB at 20 kB/s)
Downloading from central: https://repo1.maven.org/maven2/org/apache/maven/maven-plugin-api/2.0.6/maven-plugin-api-2.0.6.jar
Downloading from central: https://repo1.maven.org/maven2/org/apache/maven/maven-artifact/2.0.6/maven-artifact-2.0.6.jar
Downloading from central: https://repo1.maven.org/maven2/org/apache/maven/maven-core/2.0.6/maven-core-2.0.6.jar
Downloading from central: https://repo1.maven.org/maven2/org/apache/maven/maven-settings/2.0.6/maven-settings-2.0.6.jar
Downloading from central: https://repo1.maven.org/maven2/org/apache/maven/maven-plugin-parameter-documenter/2.0.6/maven-plugin-parameter-documenter-2.0.6.jar
Progress (1): 7.7/152 kB
Progress (2): 7.7/152 kB | 7.7/13 kB
Progress (2): 16/152 kB | 7.7/13 kB 
Progress (2): 32/152 kB | 7.7/13 kB
Progress (2): 49/152 kB | 7.7/13 kB
Progress (2): 65/152 kB | 7.7/13 kB
Progress (2): 81/152 kB | 7.7/13 kB
Progress (2): 81/152 kB | 13 kB    
Progress (3): 81/152 kB | 13 kB | 7.7/49 kB
Progress (3): 98/152 kB | 13 kB | 7.7/49 kB
Progress (3): 114/152 kB | 13 kB | 7.7/49 kB
Progress (3): 131/152 kB | 13 kB | 7.7/49 kB
Progress (3): 147/152 kB | 13 kB | 7.7/49 kB
Progress (3): 152 kB | 13 kB | 7.7/49 kB    
Progress (3): 152 kB | 13 kB | 16/49 kB 
Progress (3): 152 kB | 13 kB | 25/49 kB
Progress (3): 152 kB | 13 kB | 41/49 kB
Progress (3): 152 kB | 13 kB | 49 kB   
Progress (4): 152 kB | 13 kB | 49 kB | 7.7/21 kB
Progress (4): 152 kB | 13 kB | 49 kB | 16/21 kB 
Progress (4): 152 kB | 13 kB | 49 kB | 21 kB   
Progress (5): 152 kB | 13 kB | 49 kB | 21 kB | 7.7/87 kB
Progress (5): 152 kB | 13 kB | 49 kB | 21 kB | 16/87 kB 
Progress (5): 152 kB | 13 kB | 49 kB | 21 kB | 25/87 kB
Progress (5): 152 kB | 13 kB | 49 kB | 21 kB | 41/87 kB
Progress (5): 152 kB | 13 kB | 49 kB | 21 kB | 57/87 kB
Progress (5): 152 kB | 13 kB | 49 kB | 21 kB | 74/87 kB
Progress (5): 152 kB | 13 kB | 49 kB | 21 kB | 87 kB   
                                                    
Downloaded from central: https://repo1.maven.org/maven2/org/apache/maven/maven-core/2.0.6/maven-core-2.0.6.jar (152 kB at 2.5 MB/s)
Downloading from central: https://repo1.maven.org/maven2/org/apache/maven/reporting/maven-reporting-api/2.0.6/maven-reporting-api-2.0.6.jar
Downloaded from central: https://repo1.maven.org/maven2/org/apache/maven/maven-settings/2.0.6/maven-settings-2.0.6.jar (49 kB at 805 kB/s)
Downloading from central: https://repo1.maven.org/maven2/org/apache/maven/doxia/doxia-sink-api/1.0-alpha-7/doxia-sink-api-1.0-alpha-7.jar
Downloaded from central: https://repo1.maven.org/maven2/org/apache/maven/maven-plugin-api/2.0.6/maven-plugin-api-2.0.6.jar (13 kB at 207 kB/s)
Downloading from central: https://repo1.maven.org/maven2/org/apache/maven/maven-profile/2.0.6/maven-profile-2.0.6.jar
Downloaded from central: https://repo1.maven.org/maven2/org/apache/maven/maven-plugin-parameter-documenter/2.0.6/maven-plugin-parameter-documenter-2.0.6.jar (21 kB at 329 kB/s)
Downloading from central: https://repo1.maven.org/maven2/org/apache/maven/maven-model/2.0.6/maven-model-2.0.6.jar
Downloaded from central: https://repo1.maven.org/maven2/org/apache/maven/maven-artifact/2.0.6/maven-artifact-2.0.6.jar (87 kB at 1.4 MB/s)
Downloading from central: https://repo1.maven.org/maven2/org/apache/maven/maven-repository-metadata/2.0.6/maven-repository-metadata-2.0.6.jar
Progress (1): 7.7/86 kB
Progress (2): 7.7/86 kB | 7.7/35 kB
Progress (3): 7.7/86 kB | 7.7/35 kB | 3.4/24 kB
Progress (3): 16/86 kB | 7.7/35 kB | 3.4/24 kB 
Progress (3): 32/86 kB | 7.7/35 kB | 3.4/24 kB
Progress (3): 49/86 kB | 7.7/35 kB | 3.4/24 kB
Progress (3): 65/86 kB | 7.7/35 kB | 3.4/24 kB
Progress (4): 65/86 kB | 7.7/35 kB | 3.4/24 kB | 5.9 kB
Progress (4): 65/86 kB | 16/35 kB | 3.4/24 kB | 5.9 kB 
Progress (4): 65/86 kB | 25/35 kB | 3.4/24 kB | 5.9 kB
Progress (4): 81/86 kB | 25/35 kB | 3.4/24 kB | 5.9 kB
Progress (4): 86 kB | 25/35 kB | 3.4/24 kB | 5.9 kB   
Progress (4): 86 kB | 35 kB | 3.4/24 kB | 5.9 kB   
Progress (5): 86 kB | 35 kB | 3.4/24 kB | 5.9 kB | 7.7/9.9 kB
Progress (5): 86 kB | 35 kB | 3.4/24 kB | 5.9 kB | 9.9 kB    
Progress (5): 86 kB | 35 kB | 20/24 kB | 5.9 kB | 9.9 kB 
Progress (5): 86 kB | 35 kB | 24 kB | 5.9 kB | 9.9 kB   
                                                     
Downloaded from central: https://repo1.maven.org/maven2/org/apache/maven/maven-model/2.0.6/maven-model-2.0.6.jar (86 kB at 708 kB/s)
Downloading from central: https://repo1.maven.org/maven2/org/apache/maven/maven-error-diagnostics/2.0.6/maven-error-diagnostics-2.0.6.jar
Downloaded from central: https://repo1.maven.org/maven2/org/apache/maven/maven-profile/2.0.6/maven-profile-2.0.6.jar (35 kB at 287 kB/s)
Downloading from central: https://repo1.maven.org/maven2/org/apache/maven/maven-project/2.0.6/maven-project-2.0.6.jar
Downloaded from central: https://repo1.maven.org/maven2/org/apache/maven/doxia/doxia-sink-api/1.0-alpha-7/doxia-sink-api-1.0-alpha-7.jar (5.9 kB at 46 kB/s)
Downloading from central: https://repo1.maven.org/maven2/org/apache/maven/maven-plugin-registry/2.0.6/maven-plugin-registry-2.0.6.jar
Downloaded from central: https://repo1.maven.org/maven2/org/apache/maven/maven-repository-metadata/2.0.6/maven-repository-metadata-2.0.6.jar (24 kB at 188 kB/s)
Downloading from central: https://repo1.maven.org/maven2/org/apache/maven/maven-plugin-descriptor/2.0.6/maven-plugin-descriptor-2.0.6.jar
Downloaded from central: https://repo1.maven.org/maven2/org/apache/maven/reporting/maven-reporting-api/2.0.6/maven-reporting-api-2.0.6.jar (9.9 kB at 75 kB/s)
Downloading from central: https://repo1.maven.org/maven2/org/apache/maven/maven-artifact-manager/2.0.6/maven-artifact-manager-2.0.6.jar
Progress (1): 7.7/14 kB
Progress (1): 14 kB    
Progress (2): 14 kB | 7.7/116 kB
Progress (2): 14 kB | 8.2/116 kB
Progress (2): 14 kB | 16/116 kB 
Progress (2): 14 kB | 33/116 kB
Progress (2): 14 kB | 49/116 kB
Progress (2): 14 kB | 66/116 kB
Progress (2): 14 kB | 74/116 kB
Progress (3): 14 kB | 74/116 kB | 7.7/37 kB
Progress (3): 14 kB | 82/116 kB | 7.7/37 kB
Progress (3): 14 kB | 98/116 kB | 7.7/37 kB
Progress (3): 14 kB | 115/116 kB | 7.7/37 kB
Progress (3): 14 kB | 116 kB | 7.7/37 kB    
Progress (4): 14 kB | 116 kB | 7.7/37 kB | 7.7/29 kB
Progress (4): 14 kB | 116 kB | 16/37 kB | 7.7/29 kB 
Progress (5): 14 kB | 116 kB | 16/37 kB | 7.7/29 kB | 7.7/57 kB
Progress (5): 14 kB | 116 kB | 16/37 kB | 16/29 kB | 7.7/57 kB 
Progress (5): 14 kB | 116 kB | 16/37 kB | 16/29 kB | 16/57 kB 
Progress (5): 14 kB | 116 kB | 32/37 kB | 16/29 kB | 16/57 kB
Progress (5): 14 kB | 116 kB | 37 kB | 16/29 kB | 16/57 kB   
Progress (5): 14 kB | 116 kB | 37 kB | 29 kB | 16/57 kB   
Progress (5): 14 kB | 116 kB | 37 kB | 29 kB | 32/57 kB
Progress (5): 14 kB | 116 kB | 37 kB | 29 kB | 49/57 kB
Progress (5): 14 kB | 116 kB | 37 kB | 29 kB | 57 kB   
                                                    
Downloaded from central: https://repo1.maven.org/maven2/org/apache/maven/maven-error-diagnostics/2.0.6/maven-error-diagnostics-2.0.6.jar (14 kB at 77 kB/s)
Downloading from central: https://repo1.maven.org/maven2/org/apache/maven/maven-monitor/2.0.6/maven-monitor-2.0.6.jar
Downloaded from central: https://repo1.maven.org/maven2/org/apache/maven/maven-project/2.0.6/maven-project-2.0.6.jar (116 kB at 621 kB/s)
Downloading from central: https://repo1.maven.org/maven2/org/codehaus/plexus/plexus-compiler-api/1.8/plexus-compiler-api-1.8.jar
Downloaded from central: https://repo1.maven.org/maven2/org/apache/maven/maven-plugin-descriptor/2.0.6/maven-plugin-descriptor-2.0.6.jar (37 kB at 197 kB/s)
Downloading from central: https://repo1.maven.org/maven2/org/apache/maven/maven-toolchain/1.0/maven-toolchain-1.0.jar
Downloaded from central: https://repo1.maven.org/maven2/org/apache/maven/maven-plugin-registry/2.0.6/maven-plugin-registry-2.0.6.jar (29 kB at 155 kB/s)
Downloading from central: https://repo1.maven.org/maven2/org/codehaus/plexus/plexus-compiler-manager/1.8/plexus-compiler-manager-1.8.jar
Downloaded from central: https://repo1.maven.org/maven2/org/apache/maven/maven-artifact-manager/2.0.6/maven-artifact-manager-2.0.6.jar (57 kB at 301 kB/s)
Downloading from central: https://repo1.maven.org/maven2/org/codehaus/plexus/plexus-compiler-javac/1.8/plexus-compiler-javac-1.8.jar
Progress (1): 7.7/10 kB
Progress (1): 10 kB    
Progress (2): 10 kB | 7.7/33 kB
Progress (2): 10 kB | 8.2/33 kB
                               
Downloaded from central: https://repo1.maven.org/maven2/org/apache/maven/maven-monitor/2.0.6/maven-monitor-2.0.6.jar (10 kB at 46 kB/s)
Progress (1): 25/33 kB
Progress (1): 33 kB   
Progress (2): 33 kB | 16/20 kB
Progress (2): 33 kB | 20 kB   
                           
Downloaded from central: https://repo1.maven.org/maven2/org/apache/maven/maven-toolchain/1.0/maven-toolchain-1.0.jar (33 kB at 141 kB/s)
Downloaded from central: https://repo1.maven.org/maven2/org/codehaus/plexus/plexus-compiler-api/1.8/plexus-compiler-api-1.8.jar (20 kB at 84 kB/s)
Progress (1): 5.3 kB
                    
Downloaded from central: https://repo1.maven.org/maven2/org/codehaus/plexus/plexus-compiler-manager/1.8/plexus-compiler-manager-1.8.jar (5.3 kB at 21 kB/s)
Progress (1): 7.8/12 kB
Progress (1): 12 kB    
                   
Downloaded from central: https://repo1.maven.org/maven2/org/codehaus/plexus/plexus-compiler-javac/1.8/plexus-compiler-javac-1.8.jar (12 kB at 44 kB/s)
[INFO] Compiling 418 source files to D:\Khedma\Mr wiem\mutation-test-pipeline\target-repos\154520\vraptor-core\target\classes
[INFO] ------------------------------------------------------------------------
[INFO] BUILD SUCCESS
[INFO] ------------------------------------------------------------------------
[INFO] Total time:  16.737 s
[INFO] Finished at: 2026-02-24T21:24:44-05:00
[INFO] ------------------------------------------------------------------------

STDERR:
