COMMAND: mvn.cmd -s D:\Khedma\Mr wiem\mutation-test-pipeline\.mvn\settings.xml -DskipTests compile

STDOUT:
[INFO] Scanning for projects...
[INFO] 
[INFO] ------------------< org.apache.xmlgraphics:fop-core >-------------------
[INFO] Building Apache FOP Core 2.11.0-SNAPSHOT
[INFO]   from pom.xml
[INFO] --------------------------------[ jar ]---------------------------------
Downloading from central: https://repo1.maven.org/maven2/org/apache/maven/plugins/maven-javadoc-plugin/maven-metadata.xml
Progress (1): 1.7 kB
                    
Downloaded from central: https://repo1.maven.org/maven2/org/apache/maven/plugins/maven-javadoc-plugin/maven-metadata.xml (1.7 kB at 4.1 kB/s)
Downloading from central: https://repo1.maven.org/maven2/org/apache/maven/plugins/maven-javadoc-plugin/3.12.0/maven-javadoc-plugin-3.12.0.pom
Progress (1): 740 B
Progress (1): 1.7 kB
Progress (1): 3.8 kB
Progress (1): 7.3 kB
Progress (1): 10 kB 
Progress (1): 14 kB
Progress (1): 17 kB
Progress (1): 18 kB
Progress (1): 21 kB
                   
Downloaded from central: https://repo1.maven.org/maven2/org/apache/maven/plugins/maven-javadoc-plugin/3.12.0/maven-javadoc-plugin-3.12.0.pom (21 kB at 362 kB/s)
Downloading from central: https://repo1.maven.org/maven2/org/apache/maven/plugins/maven-javadoc-plugin/3.12.0/maven-javadoc-plugin-3.12.0.jar
Progress (1): 0.9/493 kB
Progress (1): 2.3/493 kB
Progress (1): 3.6/493 kB
Progress (1): 5.0/493 kB
Progress (1): 6.4/493 kB
Progress (1): 7.7/493 kB
Progress (1): 8.2/493 kB
Progress (1): 9.6/493 kB
Progress (1): 11/493 kB 
Progress (1): 12/493 kB
Progress (1): 14/493 kB
Progress (1): 15/493 kB
Progress (1): 16/493 kB
Progress (1): 18/493 kB
Progress (1): 19/493 kB
Progress (1): 21/493 kB
Progress (1): 22/493 kB
Progress (1): 23/493 kB
Progress (1): 25/493 kB
Progress (1): 26/493 kB
Progress (1): 27/493 kB
Progress (1): 29/493 kB
Progress (1): 30/493 kB
Progress (1): 31/493 kB
Progress (1): 33/493 kB
Progress (1): 34/493 kB
Progress (1): 36/493 kB
Progress (1): 37/493 kB
Progress (1): 38/493 kB
Progress (1): 40/493 kB
Progress (1): 41/493 kB
Progress (1): 42/493 kB
Progress (1): 44/493 kB
Progress (1): 45/493 kB
Progress (1): 49/493 kB
Progress (1): 54/493 kB
Progress (1): 58/493 kB
Progress (1): 62/493 kB
Progress (1): 66/493 kB
Progress (1): 70/493 kB
Progress (1): 74/493 kB
Progress (1): 78/493 kB
Progress (1): 82/493 kB
Progress (1): 87/493 kB
Progress (1): 91/493 kB
Progress (1): 95/493 kB
Progress (1): 99/493 kB
Progress (1): 104/493 kB
Progress (1): 108/493 kB
Progress (1): 112/493 kB
Progress (1): 116/493 kB
Progress (1): 121/493 kB
Progress (1): 125/493 kB
Progress (1): 129/493 kB
Progress (1): 131/493 kB
Progress (1): 135/493 kB
Progress (1): 140/493 kB
Progress (1): 144/493 kB
Progress (1): 148/493 kB
Progress (1): 152/493 kB
Progress (1): 156/493 kB
Progress (1): 161/493 kB
Progress (1): 165/493 kB
Progress (1): 169/493 kB
Progress (1): 173/493 kB
Progress (1): 178/493 kB
Progress (1): 180/493 kB
Progress (1): 184/493 kB
Progress (1): 189/493 kB
Progress (1): 193/493 kB
Progress (1): 197/493 kB
Progress (1): 201/493 kB
Progress (1): 206/493 kB
Progress (1): 210/493 kB
Progress (1): 226/493 kB
Progress (1): 243/493 kB
Progress (1): 259/493 kB
Progress (1): 275/493 kB
Progress (1): 292/493 kB
Progress (1): 308/493 kB
Progress (1): 311/493 kB
Progress (1): 328/493 kB
Progress (1): 344/493 kB
Progress (1): 360/493 kB
Progress (1): 377/493 kB
Progress (1): 393/493 kB
Progress (1): 410/493 kB
Progress (1): 426/493 kB
Progress (1): 442/493 kB
Progress (1): 459/493 kB
Progress (1): 475/493 kB
Progress (1): 492/493 kB
Progress (1): 493 kB    
                    
Downloaded from central: https://repo1.maven.org/maven2/org/apache/maven/plugins/maven-javadoc-plugin/3.12.0/maven-javadoc-plugin-3.12.0.jar (493 kB at 4.0 MB/s)
Downloading from central: https://repo1.maven.org/maven2/org/codehaus/mojo/xml-maven-plugin/1.0.1/xml-maven-plugin-1.0.1.pom
Progress (1): 1.1 kB
Progress (1): 3.3 kB
Progress (1): 6.4 kB
Progress (1): 8.6 kB
                    
Downloaded from central: https://repo1.maven.org/maven2/org/codehaus/mojo/xml-maven-plugin/1.0.1/xml-maven-plugin-1.0.1.pom (8.6 kB at 138 kB/s)
Downloading from central: https://repo1.maven.org/maven2/org/codehaus/mojo/mojo-parent/38/mojo-parent-38.pom
Progress (1): 722 B
Progress (1): 2.5 kB
Progress (1): 5.5 kB
Progress (1): 7.3 kB
Progress (1): 9.6 kB
Progress (1): 15 kB 
Progress (1): 18 kB
Progress (1): 21 kB
Progress (1): 24 kB
Progress (1): 28 kB
Progress (1): 33 kB
                   
Downloaded from central: https://repo1.maven.org/maven2/org/codehaus/mojo/mojo-parent/38/mojo-parent-38.pom (33 kB at 479 kB/s)
Downloading from central: https://repo1.maven.org/maven2/org/codehaus/mojo/xml-maven-plugin/1.0.1/xml-maven-plugin-1.0.1.jar
Progress (1): 7.7/54 kB
Progress (1): 16/54 kB 
Progress (1): 16/54 kB
Progress (1): 33/54 kB
Progress (1): 49/54 kB
Progress (1): 54 kB   
                   
Downloaded from central: https://repo1.maven.org/maven2/org/codehaus/mojo/xml-maven-plugin/1.0.1/xml-maven-plugin-1.0.1.jar (54 kB at 707 kB/s)
Downloading from central: https://repo1.maven.org/maven2/org/codehaus/mojo/build-helper-maven-plugin/1.9.1/build-helper-maven-plugin-1.9.1.pom
Progress (1): 1.0 kB
Progress (1): 4.0 kB
Progress (1): 6.5 kB
Progress (1): 6.8 kB
                    
Downloaded from central: https://repo1.maven.org/maven2/org/codehaus/mojo/build-helper-maven-plugin/1.9.1/build-helper-maven-plugin-1.9.1.pom (6.8 kB at 103 kB/s)
Downloading from central: https://repo1.maven.org/maven2/org/codehaus/mojo/mojo-parent/33/mojo-parent-33.pom
Progress (1): 754 B
Progress (1): 2.8 kB
Progress (1): 5.0 kB
Progress (1): 8.8 kB
Progress (1): 13 kB 
Progress (1): 16 kB
Progress (1): 20 kB
Progress (1): 24 kB
Progress (1): 26 kB
                   
Downloaded from central: https://repo1.maven.org/maven2/org/codehaus/mojo/mojo-parent/33/mojo-parent-33.pom (26 kB at 404 kB/s)
Downloading from central: https://repo1.maven.org/maven2/org/codehaus/mojo/build-helper-maven-plugin/1.9.1/build-helper-maven-plugin-1.9.1.jar
Progress (1): 7.7/47 kB
Progress (1): 16/47 kB 
Progress (1): 32/47 kB
Progress (1): 47 kB   
                   
Downloaded from central: https://repo1.maven.org/maven2/org/codehaus/mojo/build-helper-maven-plugin/1.9.1/build-helper-maven-plugin-1.9.1.jar (47 kB at 873 kB/s)
Downloading from central: https://repo1.maven.org/maven2/org/apache/maven/plugins/maven-compiler-plugin/3.11.0/maven-compiler-plugin-3.11.0.pom
Progress (1): 763 B
Progress (1): 2.2 kB
Progress (1): 3.9 kB
Progress (1): 7.6 kB
Progress (1): 9.8 kB
                    
Downloaded from central: https://repo1.maven.org/maven2/org/apache/maven/plugins/maven-compiler-plugin/3.11.0/maven-compiler-plugin-3.11.0.pom (9.8 kB at 136 kB/s)
Downloading from central: https://repo1.maven.org/maven2/org/apache/maven/plugins/maven-compiler-plugin/3.11.0/maven-compiler-plugin-3.11.0.jar
Progress (1): 7.7/66 kB
Progress (1): 16/66 kB 
Progress (1): 29/66 kB
Progress (1): 45/66 kB
Progress (1): 61/66 kB
Progress (1): 66 kB   
                   
Downloaded from central: https://repo1.maven.org/maven2/org/apache/maven/plugins/maven-compiler-plugin/3.11.0/maven-compiler-plugin-3.11.0.jar (66 kB at 1.3 MB/s)
Downloading from apache.snapshots.https: https://repository.apache.org/content/repositories/snapshots/org/apache/xmlgraphics/batik-anim/1.18.0-SNAPSHOT/maven-metadata.xml
Progress (1): 785 B
                   
Downloaded from apache.snapshots.https: https://repository.apache.org/content/repositories/snapshots/org/apache/xmlgraphics/batik-anim/1.18.0-SNAPSHOT/maven-metadata.xml (785 B at 1.5 kB/s)
Downloading from apache.snapshots.https: https://repository.apache.org/content/repositories/snapshots/org/apache/xmlgraphics/batik-anim/1.18.0-SNAPSHOT/batik-anim-1.18.0-20241215.104410-9.pom
Progress (1): 4.2 kB
                    
Downloaded from apache.snapshots.https: https://repository.apache.org/content/repositories/snapshots/org/apache/xmlgraphics/batik-anim/1.18.0-SNAPSHOT/batik-anim-1.18.0-20241215.104410-9.pom (4.2 kB at 24 kB/s)
Downloading from apache.snapshots.https: https://repository.apache.org/content/repositories/snapshots/org/apache/xmlgraphics/batik/1.18.0-SNAPSHOT/maven-metadata.xml
Progress (1): 606 B
                   
Downloaded from apache.snapshots.https: https://repository.apache.org/content/repositories/snapshots/org/apache/xmlgraphics/batik/1.18.0-SNAPSHOT/maven-metadata.xml (606 B at 3.5 kB/s)
Downloading from apache.snapshots.https: https://repository.apache.org/content/repositories/snapshots/org/apache/xmlgraphics/batik/1.18.0-SNAPSHOT/batik-1.18.0-20241215.104409-9.pom
Progress (1): 7.5/7.6 kB
Progress (1): 7.6 kB    
                    
Downloaded from apache.snapshots.https: https://repository.apache.org/content/repositories/snapshots/org/apache/xmlgraphics/batik/1.18.0-SNAPSHOT/batik-1.18.0-20241215.104409-9.pom (7.6 kB at 46 kB/s)
Downloading from apache.snapshots.https: https://repository.apache.org/content/repositories/snapshots/org/apache/xmlgraphics/batik-awt-util/1.18.0-SNAPSHOT/maven-metadata.xml
Progress (1): 789 B
                   
Downloaded from apache.snapshots.https: https://repository.apache.org/content/repositories/snapshots/org/apache/xmlgraphics/batik-awt-util/1.18.0-SNAPSHOT/maven-metadata.xml (789 B at 4.6 kB/s)
Downloading from apache.snapshots.https: https://repository.apache.org/content/repositories/snapshots/org/apache/xmlgraphics/batik-awt-util/1.18.0-SNAPSHOT/batik-awt-util-1.18.0-20241215.104410-9.pom
Progress (1): 3.2 kB
                    
Downloaded from apache.snapshots.https: https://repository.apache.org/content/repositories/snapshots/org/apache/xmlgraphics/batik-awt-util/1.18.0-SNAPSHOT/batik-awt-util-1.18.0-20241215.104410-9.pom (3.2 kB at 19 kB/s)
Downloading from apache.snapshots.https: https://repository.apache.org/content/repositories/snapshots/org/apache/xmlgraphics/batik-shared-resources/1.18.0-SNAPSHOT/maven-metadata.xml
Progress (1): 797 B
                   
Downloaded from apache.snapshots.https: https://repository.apache.org/content/repositories/snapshots/org/apache/xmlgraphics/batik-shared-resources/1.18.0-SNAPSHOT/maven-metadata.xml (797 B at 4.4 kB/s)
Downloading from apache.snapshots.https: https://repository.apache.org/content/repositories/snapshots/org/apache/xmlgraphics/batik-shared-resources/1.18.0-SNAPSHOT/batik-shared-resources-1.18.0-20241215.104414-8.pom
Progress (1): 1.7 kB
                    
Downloaded from apache.snapshots.https: https://repository.apache.org/content/repositories/snapshots/org/apache/xmlgraphics/batik-shared-resources/1.18.0-SNAPSHOT/batik-shared-resources-1.18.0-20241215.104414-8.pom (1.7 kB at 10.0 kB/s)
Downloading from apache.snapshots.https: https://repository.apache.org/content/repositories/snapshots/org/apache/xmlgraphics/batik-util/1.18.0-SNAPSHOT/maven-metadata.xml
Progress (1): 998 B
                   
Downloaded from apache.snapshots.https: https://repository.apache.org/content/repositories/snapshots/org/apache/xmlgraphics/batik-util/1.18.0-SNAPSHOT/maven-metadata.xml (998 B at 6.1 kB/s)
Downloading from apache.snapshots.https: https://repository.apache.org/content/repositories/snapshots/org/apache/xmlgraphics/batik-util/1.18.0-SNAPSHOT/batik-util-1.18.0-20241215.104418-8.pom
Progress (1): 4.3 kB
                    
Downloaded from apache.snapshots.https: https://repository.apache.org/content/repositories/snapshots/org/apache/xmlgraphics/batik-util/1.18.0-SNAPSHOT/batik-util-1.18.0-20241215.104418-8.pom (4.3 kB at 26 kB/s)
Downloading from apache.snapshots.https: https://repository.apache.org/content/repositories/snapshots/org/apache/xmlgraphics/batik-constants/1.18.0-SNAPSHOT/maven-metadata.xml
Progress (1): 790 B
                   
Downloaded from apache.snapshots.https: https://repository.apache.org/content/repositories/snapshots/org/apache/xmlgraphics/batik-constants/1.18.0-SNAPSHOT/maven-metadata.xml (790 B at 4.1 kB/s)
Downloading from apache.snapshots.https: https://repository.apache.org/content/repositories/snapshots/org/apache/xmlgraphics/batik-constants/1.18.0-SNAPSHOT/batik-constants-1.18.0-20241215.104411-9.pom
Progress (1): 2.9 kB
                    
Downloaded from apache.snapshots.https: https://repository.apache.org/content/repositories/snapshots/org/apache/xmlgraphics/batik-constants/1.18.0-SNAPSHOT/batik-constants-1.18.0-20241215.104411-9.pom (2.9 kB at 13 kB/s)
Downloading from apache.snapshots.https: https://repository.apache.org/content/repositories/snapshots/org/apache/xmlgraphics/batik-i18n/1.18.0-SNAPSHOT/maven-metadata.xml
Progress (1): 785 B
                   
Downloaded from apache.snapshots.https: https://repository.apache.org/content/repositories/snapshots/org/apache/xmlgraphics/batik-i18n/1.18.0-SNAPSHOT/maven-metadata.xml (785 B at 4.5 kB/s)
Downloading from apache.snapshots.https: https://repository.apache.org/content/repositories/snapshots/org/apache/xmlgraphics/batik-i18n/1.18.0-SNAPSHOT/batik-i18n-1.18.0-20241215.104413-8.pom
Progress (1): 2.9 kB
                    
Downloaded from apache.snapshots.https: https://repository.apache.org/content/repositories/snapshots/org/apache/xmlgraphics/batik-i18n/1.18.0-SNAPSHOT/batik-i18n-1.18.0-20241215.104413-8.pom (2.9 kB at 14 kB/s)
Downloading from apache.snapshots.https: https://repository.apache.org/content/repositories/snapshots/org/apache/xmlgraphics/xmlgraphics-commons/2.9.0-SNAPSHOT/maven-metadata.xml
Progress (1): 794 B
                   
Downloaded from apache.snapshots.https: https://repository.apache.org/content/repositories/snapshots/org/apache/xmlgraphics/xmlgraphics-commons/2.9.0-SNAPSHOT/maven-metadata.xml (794 B at 4.2 kB/s)
Downloading from apache.snapshots.https: https://repository.apache.org/content/repositories/snapshots/org/apache/xmlgraphics/xmlgraphics-commons/2.9.0-SNAPSHOT/xmlgraphics-commons-2.9.0-20240715.122022-17.pom
Progress (1): 7.5/9.6 kB
Progress (1): 8.2/9.6 kB
Progress (1): 9.6 kB    
                    
Downloaded from apache.snapshots.https: https://repository.apache.org/content/repositories/snapshots/org/apache/xmlgraphics/xmlgraphics-commons/2.9.0-SNAPSHOT/xmlgraphics-commons-2.9.0-20240715.122022-17.pom (9.6 kB at 50 kB/s)
Downloading from central: https://repo1.maven.org/maven2/org/apache/commons/commons-parent/65/commons-parent-65.pom
Progress (1): 705 B
Progress (1): 1.9 kB
Progress (1): 3.1 kB
Progress (1): 4.7 kB
Progress (1): 6.4 kB
Progress (1): 8.4 kB
Progress (1): 10 kB 
Progress (1): 13 kB
Progress (1): 15 kB
Progress (1): 18 kB
Progress (1): 19 kB
Progress (1): 23 kB
Progress (1): 25 kB
Progress (1): 28 kB
Progress (1): 32 kB
Progress (1): 32 kB
Progress (1): 35 kB
Progress (1): 41 kB
Progress (1): 43 kB
Progress (1): 46 kB
Progress (1): 49 kB
Progress (1): 51 kB
Progress (1): 54 kB
Progress (1): 58 kB
Progress (1): 60 kB
Progress (1): 64 kB
Progress (1): 67 kB
Progress (1): 71 kB
Progress (1): 74 kB
Progress (1): 76 kB
Progress (1): 78 kB
                   
Downloaded from central: https://repo1.maven.org/maven2/org/apache/commons/commons-parent/65/commons-parent-65.pom (78 kB at 876 kB/s)
Downloading from central: https://repo1.maven.org/maven2/org/junit/junit-bom/5.10.1/junit-bom-5.10.1.pom
Progress (1): 908 B
Progress (1): 4.1 kB
Progress (1): 5.6 kB
                    
Downloaded from central: https://repo1.maven.org/maven2/org/junit/junit-bom/5.10.1/junit-bom-5.10.1.pom (5.6 kB at 88 kB/s)
Downloading from apache.snapshots.https: https://repository.apache.org/content/repositories/snapshots/org/apache/xmlgraphics/batik-css/1.18.0-SNAPSHOT/maven-metadata.xml
Progress (1): 784 B
                   
Downloaded from apache.snapshots.https: https://repository.apache.org/content/repositories/snapshots/org/apache/xmlgraphics/batik-css/1.18.0-SNAPSHOT/maven-metadata.xml (784 B at 4.1 kB/s)
Downloading from apache.snapshots.https: https://repository.apache.org/content/repositories/snapshots/org/apache/xmlgraphics/batik-css/1.18.0-SNAPSHOT/batik-css-1.18.0-20241215.104411-8.pom
Progress (1): 3.6 kB
                    
Downloaded from apache.snapshots.https: https://repository.apache.org/content/repositories/snapshots/org/apache/xmlgraphics/batik-css/1.18.0-SNAPSHOT/batik-css-1.18.0-20241215.104411-8.pom (3.6 kB at 18 kB/s)
Downloading from apache.snapshots.https: https://repository.apache.org/content/repositories/snapshots/org/apache/xmlgraphics/batik-dom/1.18.0-SNAPSHOT/maven-metadata.xml
Progress (1): 784 B
                   
Downloaded from apache.snapshots.https: https://repository.apache.org/content/repositories/snapshots/org/apache/xmlgraphics/batik-dom/1.18.0-SNAPSHOT/maven-metadata.xml (784 B at 4.1 kB/s)
Downloading from apache.snapshots.https: https://repository.apache.org/content/repositories/snapshots/org/apache/xmlgraphics/batik-dom/1.18.0-SNAPSHOT/batik-dom-1.18.0-20241215.104411-8.pom
Progress (1): 3.9 kB
                    
Downloaded from apache.snapshots.https: https://repository.apache.org/content/repositories/snapshots/org/apache/xmlgraphics/batik-dom/1.18.0-SNAPSHOT/batik-dom-1.18.0-20241215.104411-8.pom (3.9 kB at 19 kB/s)
Downloading from apache.snapshots.https: https://repository.apache.org/content/repositories/snapshots/org/apache/xmlgraphics/batik-ext/1.18.0-SNAPSHOT/maven-metadata.xml
Progress (1): 784 B
                   
Downloaded from apache.snapshots.https: https://repository.apache.org/content/repositories/snapshots/org/apache/xmlgraphics/batik-ext/1.18.0-SNAPSHOT/maven-metadata.xml (784 B at 3.9 kB/s)
Downloading from apache.snapshots.https: https://repository.apache.org/content/repositories/snapshots/org/apache/xmlgraphics/batik-ext/1.18.0-SNAPSHOT/batik-ext-1.18.0-20241215.104412-8.pom
Progress (1): 2.9 kB
                    
Downloaded from apache.snapshots.https: https://repository.apache.org/content/repositories/snapshots/org/apache/xmlgraphics/batik-ext/1.18.0-SNAPSHOT/batik-ext-1.18.0-20241215.104412-8.pom (2.9 kB at 15 kB/s)
Downloading from apache.snapshots.https: https://repository.apache.org/content/repositories/snapshots/org/apache/xmlgraphics/batik-xml/1.18.0-SNAPSHOT/maven-metadata.xml
Progress (1): 784 B
                   
Downloaded from apache.snapshots.https: https://repository.apache.org/content/repositories/snapshots/org/apache/xmlgraphics/batik-xml/1.18.0-SNAPSHOT/maven-metadata.xml (784 B at 4.1 kB/s)
Downloading from apache.snapshots.https: https://repository.apache.org/content/repositories/snapshots/org/apache/xmlgraphics/batik-xml/1.18.0-SNAPSHOT/batik-xml-1.18.0-20241215.104418-8.pom
Progress (1): 3.0 kB
                    
Downloaded from apache.snapshots.https: https://repository.apache.org/content/repositories/snapshots/org/apache/xmlgraphics/batik-xml/1.18.0-SNAPSHOT/batik-xml-1.18.0-20241215.104418-8.pom (3.0 kB at 17 kB/s)
Downloading from apache.snapshots.https: https://repository.apache.org/content/repositories/snapshots/org/apache/xmlgraphics/batik-parser/1.18.0-SNAPSHOT/maven-metadata.xml
Progress (1): 787 B
                   
Downloaded from apache.snapshots.https: https://repository.apache.org/content/repositories/snapshots/org/apache/xmlgraphics/batik-parser/1.18.0-SNAPSHOT/maven-metadata.xml (787 B at 4.5 kB/s)
Downloading from apache.snapshots.https: https://repository.apache.org/content/repositories/snapshots/org/apache/xmlgraphics/batik-parser/1.18.0-SNAPSHOT/batik-parser-1.18.0-20241215.104413-8.pom
Progress (1): 3.6 kB
                    
Downloaded from apache.snapshots.https: https://repository.apache.org/content/repositories/snapshots/org/apache/xmlgraphics/batik-parser/1.18.0-SNAPSHOT/batik-parser-1.18.0-20241215.104413-8.pom (3.6 kB at 19 kB/s)
Downloading from apache.snapshots.https: https://repository.apache.org/content/repositories/snapshots/org/apache/xmlgraphics/batik-svg-dom/1.18.0-SNAPSHOT/maven-metadata.xml
Progress (1): 788 B
                   
Downloaded from apache.snapshots.https: https://repository.apache.org/content/repositories/snapshots/org/apache/xmlgraphics/batik-svg-dom/1.18.0-SNAPSHOT/maven-metadata.xml (788 B at 4.7 kB/s)
Downloading from apache.snapshots.https: https://repository.apache.org/content/repositories/snapshots/org/apache/xmlgraphics/batik-svg-dom/1.18.0-SNAPSHOT/batik-svg-dom-1.18.0-20241215.104415-8.pom
Progress (1): 4.0 kB
                    
Downloaded from apache.snapshots.https: https://repository.apache.org/content/repositories/snapshots/org/apache/xmlgraphics/batik-svg-dom/1.18.0-SNAPSHOT/batik-svg-dom-1.18.0-20241215.104415-8.pom (4.0 kB at 25 kB/s)
Downloading from apache.snapshots.https: https://repository.apache.org/content/repositories/snapshots/org/apache/xmlgraphics/batik-bridge/1.18.0-SNAPSHOT/maven-metadata.xml
Progress (1): 787 B
                   
Downloaded from apache.snapshots.https: https://repository.apache.org/content/repositories/snapshots/org/apache/xmlgraphics/batik-bridge/1.18.0-SNAPSHOT/maven-metadata.xml (787 B at 4.8 kB/s)
Downloading from apache.snapshots.https: https://repository.apache.org/content/repositories/snapshots/org/apache/xmlgraphics/batik-bridge/1.18.0-SNAPSHOT/batik-bridge-1.18.0-20241215.104411-9.pom
Progress (1): 5.4 kB
                    
Downloaded from apache.snapshots.https: https://repository.apache.org/content/repositories/snapshots/org/apache/xmlgraphics/batik-bridge/1.18.0-SNAPSHOT/batik-bridge-1.18.0-20241215.104411-9.pom (5.4 kB at 33 kB/s)
Downloading from apache.snapshots.https: https://repository.apache.org/content/repositories/snapshots/org/apache/xmlgraphics/batik-gvt/1.18.0-SNAPSHOT/maven-metadata.xml
Progress (1): 784 B
                   
Downloaded from apache.snapshots.https: https://repository.apache.org/content/repositories/snapshots/org/apache/xmlgraphics/batik-gvt/1.18.0-SNAPSHOT/maven-metadata.xml (784 B at 4.7 kB/s)
Downloading from apache.snapshots.https: https://repository.apache.org/content/repositories/snapshots/org/apache/xmlgraphics/batik-gvt/1.18.0-SNAPSHOT/batik-gvt-1.18.0-20241215.104412-8.pom
Progress (1): 3.2 kB
                    
Downloaded from apache.snapshots.https: https://repository.apache.org/content/repositories/snapshots/org/apache/xmlgraphics/batik-gvt/1.18.0-SNAPSHOT/batik-gvt-1.18.0-20241215.104412-8.pom (3.2 kB at 20 kB/s)
Downloading from apache.snapshots.https: https://repository.apache.org/content/repositories/snapshots/org/apache/xmlgraphics/batik-script/1.18.0-SNAPSHOT/maven-metadata.xml
Progress (1): 787 B
                   
Downloaded from apache.snapshots.https: https://repository.apache.org/content/repositories/snapshots/org/apache/xmlgraphics/batik-script/1.18.0-SNAPSHOT/maven-metadata.xml (787 B at 4.9 kB/s)
Downloading from apache.snapshots.https: https://repository.apache.org/content/repositories/snapshots/org/apache/xmlgraphics/batik-script/1.18.0-SNAPSHOT/batik-script-1.18.0-20241215.104414-8.pom
Progress (1): 3.9 kB
                    
Downloaded from apache.snapshots.https: https://repository.apache.org/content/repositories/snapshots/org/apache/xmlgraphics/batik-script/1.18.0-SNAPSHOT/batik-script-1.18.0-20241215.104414-8.pom (3.9 kB at 24 kB/s)
Downloading from apache.snapshots.https: https://repository.apache.org/content/repositories/snapshots/org/apache/xmlgraphics/batik-extension/1.18.0-SNAPSHOT/maven-metadata.xml
Progress (1): 790 B
                   
Downloaded from apache.snapshots.https: https://repository.apache.org/content/repositories/snapshots/org/apache/xmlgraphics/batik-extension/1.18.0-SNAPSHOT/maven-metadata.xml (790 B at 4.8 kB/s)
Downloading from apache.snapshots.https: https://repository.apache.org/content/repositories/snapshots/org/apache/xmlgraphics/batik-extension/1.18.0-SNAPSHOT/batik-extension-1.18.0-20241215.104412-8.pom
Progress (1): 4.7 kB
                    
Downloaded from apache.snapshots.https: https://repository.apache.org/content/repositories/snapshots/org/apache/xmlgraphics/batik-extension/1.18.0-SNAPSHOT/batik-extension-1.18.0-20241215.104412-8.pom (4.7 kB at 28 kB/s)
Downloading from apache.snapshots.https: https://repository.apache.org/content/repositories/snapshots/org/apache/xmlgraphics/batik-transcoder/1.18.0-SNAPSHOT/maven-metadata.xml
Progress (1): 791 B
                   
Downloaded from apache.snapshots.https: https://repository.apache.org/content/repositories/snapshots/org/apache/xmlgraphics/batik-transcoder/1.18.0-SNAPSHOT/maven-metadata.xml (791 B at 4.9 kB/s)
Downloading from apache.snapshots.https: https://repository.apache.org/content/repositories/snapshots/org/apache/xmlgraphics/batik-transcoder/1.18.0-SNAPSHOT/batik-transcoder-1.18.0-20241215.104418-8.pom
Progress (1): 4.3 kB
                    
Downloaded from apache.snapshots.https: https://repository.apache.org/content/repositories/snapshots/org/apache/xmlgraphics/batik-transcoder/1.18.0-SNAPSHOT/batik-transcoder-1.18.0-20241215.104418-8.pom (4.3 kB at 27 kB/s)
Downloading from apache.snapshots.https: https://repository.apache.org/content/repositories/snapshots/org/apache/xmlgraphics/batik-svggen/1.18.0-SNAPSHOT/maven-metadata.xml
Progress (1): 787 B
                   
Downloaded from apache.snapshots.https: https://repository.apache.org/content/repositories/snapshots/org/apache/xmlgraphics/batik-svggen/1.18.0-SNAPSHOT/maven-metadata.xml (787 B at 4.7 kB/s)
Downloading from apache.snapshots.https: https://repository.apache.org/content/repositories/snapshots/org/apache/xmlgraphics/batik-svggen/1.18.0-SNAPSHOT/batik-svggen-1.18.0-20241215.104416-8.pom
Progress (1): 3.2 kB
                    
Downloaded from apache.snapshots.https: https://repository.apache.org/content/repositories/snapshots/org/apache/xmlgraphics/batik-svggen/1.18.0-SNAPSHOT/batik-svggen-1.18.0-20241215.104416-8.pom (3.2 kB at 20 kB/s)
Downloading from apache.snapshots.https: https://repository.apache.org/content/repositories/snapshots/org/apache/xmlgraphics/batik-codec/1.18.0-SNAPSHOT/maven-metadata.xml
Progress (1): 786 B
                   
Downloaded from apache.snapshots.https: https://repository.apache.org/content/repositories/snapshots/org/apache/xmlgraphics/batik-codec/1.18.0-SNAPSHOT/maven-metadata.xml (786 B at 4.7 kB/s)
Downloading from apache.snapshots.https: https://repository.apache.org/content/repositories/snapshots/org/apache/xmlgraphics/batik-codec/1.18.0-SNAPSHOT/batik-codec-1.18.0-20241215.104411-9.pom
Progress (1): 3.6 kB
                    
Downloaded from apache.snapshots.https: https://repository.apache.org/content/repositories/snapshots/org/apache/xmlgraphics/batik-codec/1.18.0-SNAPSHOT/batik-codec-1.18.0-20241215.104411-9.pom (3.6 kB at 22 kB/s)
Downloading from apache.snapshots.https: https://repository.apache.org/content/repositories/snapshots/org/apache/xmlgraphics/fop-events/2.11.0-SNAPSHOT/maven-metadata.xml
Progress (1): 791 B
                   
Downloaded from apache.snapshots.https: https://repository.apache.org/content/repositories/snapshots/org/apache/xmlgraphics/fop-events/2.11.0-SNAPSHOT/maven-metadata.xml (791 B at 4.9 kB/s)
Downloading from apache.snapshots.https: https://repository.apache.org/content/repositories/snapshots/org/apache/xmlgraphics/fop-events/2.11.0-SNAPSHOT/fop-events-2.11.0-20260220.224641-100.pom
Progress (1): 5.5 kB
                    
Downloaded from apache.snapshots.https: https://repository.apache.org/content/repositories/snapshots/org/apache/xmlgraphics/fop-events/2.11.0-SNAPSHOT/fop-events-2.11.0-20260220.224641-100.pom (5.5 kB at 33 kB/s)
Downloading from apache.snapshots.https: https://repository.apache.org/content/repositories/snapshots/org/apache/xmlgraphics/fop-parent/2.11.0-SNAPSHOT/maven-metadata.xml
Progress (1): 615 B
                   
Downloaded from apache.snapshots.https: https://repository.apache.org/content/repositories/snapshots/org/apache/xmlgraphics/fop-parent/2.11.0-SNAPSHOT/maven-metadata.xml (615 B at 3.8 kB/s)
Downloading from apache.snapshots.https: https://repository.apache.org/content/repositories/snapshots/org/apache/xmlgraphics/fop-parent/2.11.0-SNAPSHOT/fop-parent-2.11.0-20260220.224641-100.pom
Progress (1): 6.7 kB
                    
Downloaded from apache.snapshots.https: https://repository.apache.org/content/repositories/snapshots/org/apache/xmlgraphics/fop-parent/2.11.0-SNAPSHOT/fop-parent-2.11.0-20260220.224641-100.pom (6.7 kB at 42 kB/s)
Downloading from apache.snapshots.https: https://repository.apache.org/content/repositories/snapshots/org/apache/xmlgraphics/fop-util/2.11.0-SNAPSHOT/maven-metadata.xml
Progress (1): 789 B
                   
Downloaded from apache.snapshots.https: https://repository.apache.org/content/repositories/snapshots/org/apache/xmlgraphics/fop-util/2.11.0-SNAPSHOT/maven-metadata.xml (789 B at 4.9 kB/s)
Downloading from apache.snapshots.https: https://repository.apache.org/content/repositories/snapshots/org/apache/xmlgraphics/fop-util/2.11.0-SNAPSHOT/fop-util-2.11.0-20260220.224642-100.pom
Progress (1): 3.7 kB
                    
Downloaded from apache.snapshots.https: https://repository.apache.org/content/repositories/snapshots/org/apache/xmlgraphics/fop-util/2.11.0-SNAPSHOT/fop-util-2.11.0-20260220.224642-100.pom (3.7 kB at 22 kB/s)
Downloading from apache.snapshots.https: https://repository.apache.org/content/repositories/snapshots/org/apache/xmlgraphics/xmlgraphics-commons/2.11.0-SNAPSHOT/maven-metadata.xml
Progress (1): 797 B
                   
Downloaded from apache.snapshots.https: https://repository.apache.org/content/repositories/snapshots/org/apache/xmlgraphics/xmlgraphics-commons/2.11.0-SNAPSHOT/maven-metadata.xml (797 B at 5.0 kB/s)
Downloading from apache.snapshots.https: https://repository.apache.org/content/repositories/snapshots/org/apache/xmlgraphics/xmlgraphics-commons/2.11.0-SNAPSHOT/xmlgraphics-commons-2.11.0-20251212.104635-17.pom
Progress (1): 7.5/9.9 kB
Progress (1): 8.2/9.9 kB
Progress (1): 9.9 kB    
                    
Downloaded from apache.snapshots.https: https://repository.apache.org/content/repositories/snapshots/org/apache/xmlgraphics/xmlgraphics-commons/2.11.0-SNAPSHOT/xmlgraphics-commons-2.11.0-20251212.104635-17.pom (9.9 kB at 60 kB/s)
Downloading from central: https://repo1.maven.org/maven2/org/apache/ant/ant/1.10.14/ant-1.10.14.pom
Progress (1): 775 B
Progress (1): 2.5 kB
Progress (1): 5.1 kB
Progress (1): 8.9 kB
Progress (1): 12 kB 
Progress (1): 15 kB
Progress (1): 17 kB
                   
Downloaded from central: https://repo1.maven.org/maven2/org/apache/ant/ant/1.10.14/ant-1.10.14.pom (17 kB at 247 kB/s)
Downloading from central: https://repo1.maven.org/maven2/org/apache/ant/ant-parent/1.10.14/ant-parent-1.10.14.pom
Progress (1): 782 B
Progress (1): 2.1 kB
Progress (1): 4.6 kB
Progress (1): 6.6 kB
                    
Downloaded from central: https://repo1.maven.org/maven2/org/apache/ant/ant-parent/1.10.14/ant-parent-1.10.14.pom (6.6 kB at 119 kB/s)
Downloading from central: https://repo1.maven.org/maven2/org/apache/ant/ant-launcher/1.10.14/ant-launcher-1.10.14.pom
Progress (1): 816 B
Progress (1): 2.5 kB
Progress (1): 3.2 kB
                    
Downloaded from central: https://repo1.maven.org/maven2/org/apache/ant/ant-launcher/1.10.14/ant-launcher-1.10.14.pom (3.2 kB at 69 kB/s)
Downloading from central: https://repo1.maven.org/maven2/org/apache/pdfbox/fontbox/3.0.3/fontbox-3.0.3.pom
Progress (1): 719 B
Progress (1): 2.1 kB
Progress (1): 4.0 kB
Progress (1): 6.8 kB
Progress (1): 9.2 kB
                    
Downloaded from central: https://repo1.maven.org/maven2/org/apache/pdfbox/fontbox/3.0.3/fontbox-3.0.3.pom (9.2 kB at 146 kB/s)
Downloading from central: https://repo1.maven.org/maven2/org/apache/pdfbox/pdfbox-parent/3.0.3/pdfbox-parent-3.0.3.pom
Progress (1): 765 B
Progress (1): 2.2 kB
Progress (1): 4.2 kB
Progress (1): 7.2 kB
Progress (1): 9.8 kB
Progress (1): 14 kB 
Progress (1): 15 kB
                   
Downloaded from central: https://repo1.maven.org/maven2/org/apache/pdfbox/pdfbox-parent/3.0.3/pdfbox-parent-3.0.3.pom (15 kB at 175 kB/s)
Downloading from central: https://repo1.maven.org/maven2/org/apache/pdfbox/pdfbox-io/3.0.3/pdfbox-io-3.0.3.pom
Progress (1): 800 B
Progress (1): 2.4 kB
Progress (1): 3.2 kB
                    
Downloaded from central: https://repo1.maven.org/maven2/org/apache/pdfbox/pdfbox-io/3.0.3/pdfbox-io-3.0.3.pom (3.2 kB at 72 kB/s)
Downloading from central: https://repo1.maven.org/maven2/org/apache/commons/commons-parent/71/commons-parent-71.pom
Progress (1): 708 B
Progress (1): 1.9 kB
Progress (1): 3.2 kB
Progress (1): 4.6 kB
Progress (1): 6.8 kB
Progress (1): 8.4 kB
Progress (1): 11 kB 
Progress (1): 13 kB
Progress (1): 15 kB
Progress (1): 17 kB
Progress (1): 20 kB
Progress (1): 22 kB
Progress (1): 25 kB
Progress (1): 28 kB
Progress (1): 32 kB
Progress (1): 32 kB
Progress (1): 35 kB
Progress (1): 40 kB
Progress (1): 43 kB
Progress (1): 45 kB
Progress (1): 49 kB
Progress (1): 51 kB
Progress (1): 55 kB
Progress (1): 57 kB
Progress (1): 60 kB
Progress (1): 63 kB
Progress (1): 67 kB
Progress (1): 70 kB
Progress (1): 73 kB
Progress (1): 75 kB
Progress (1): 78 kB
                   
Downloaded from central: https://repo1.maven.org/maven2/org/apache/commons/commons-parent/71/commons-parent-71.pom (78 kB at 1.4 MB/s)
Downloading from central: https://repo1.maven.org/maven2/org/junit/junit-bom/5.11.0-M2/junit-bom-5.11.0-M2.pom
Progress (1): 908 B
Progress (1): 4.1 kB
Progress (1): 5.7 kB
                    
Downloaded from central: https://repo1.maven.org/maven2/org/junit/junit-bom/5.11.0-M2/junit-bom-5.11.0-M2.pom (5.7 kB at 108 kB/s)
Downloading from central: https://repo1.maven.org/maven2/org/mockito/mockito-core/2.28.2/mockito-core-2.28.2.pom
Progress (1): 1.2 kB
Progress (1): 3.8 kB
Progress (1): 7.4 kB
Progress (1): 11 kB 
Progress (1): 15 kB
Progress (1): 19 kB
Progress (1): 20 kB
                   
Downloaded from central: https://repo1.maven.org/maven2/org/mockito/mockito-core/2.28.2/mockito-core-2.28.2.pom (20 kB at 372 kB/s)
Downloading from central: https://repo1.maven.org/maven2/org/objenesis/objenesis/2.6/objenesis-2.6.pom
Progress (1): 1.3 kB
Progress (1): 2.8 kB
                    
Downloaded from central: https://repo1.maven.org/maven2/org/objenesis/objenesis/2.6/objenesis-2.6.pom (2.8 kB at 63 kB/s)
Downloading from central: https://repo1.maven.org/maven2/org/objenesis/objenesis-parent/2.6/objenesis-parent-2.6.pom
Progress (1): 956 B
Progress (1): 3.0 kB
Progress (1): 4.8 kB
Progress (1): 8.4 kB
Progress (1): 12 kB 
Progress (1): 17 kB
                   
Downloaded from central: https://repo1.maven.org/maven2/org/objenesis/objenesis-parent/2.6/objenesis-parent-2.6.pom (17 kB at 318 kB/s)
Downloading from central: https://repo1.maven.org/maven2/org/apache/pdfbox/pdfbox/3.0.3/pdfbox-3.0.3.pom
Progress (1): 676 B
Progress (1): 1.7 kB
Progress (1): 4.8 kB
Progress (1): 7.6 kB
Progress (1): 11 kB 
Progress (1): 14 kB
Progress (1): 18 kB
Progress (1): 22 kB
Progress (1): 25 kB
Progress (1): 28 kB
Progress (1): 32 kB
Progress (1): 35 kB
Progress (1): 39 kB
Progress (1): 43 kB
Progress (1): 46 kB
Progress (1): 46 kB
Progress (1): 47 kB
                   
Downloaded from central: https://repo1.maven.org/maven2/org/apache/pdfbox/pdfbox/3.0.3/pdfbox-3.0.3.pom (47 kB at 819 kB/s)
Downloading from apache.snapshots.https: https://repository.apache.org/content/repositories/snapshots/org/apache/xmlgraphics/batik-anim/1.18.0-SNAPSHOT/batik-anim-1.18.0-20241215.104410-9.jar
Downloading from apache.snapshots.https: https://repository.apache.org/content/repositories/snapshots/org/apache/xmlgraphics/batik-css/1.18.0-SNAPSHOT/batik-css-1.18.0-20241215.104411-8.jar
Downloading from apache.snapshots.https: https://repository.apache.org/content/repositories/snapshots/org/apache/xmlgraphics/batik-dom/1.18.0-SNAPSHOT/batik-dom-1.18.0-20241215.104411-8.jar
Downloading from apache.snapshots.https: https://repository.apache.org/content/repositories/snapshots/org/apache/xmlgraphics/batik-ext/1.18.0-SNAPSHOT/batik-ext-1.18.0-20241215.104412-8.jar
Downloading from apache.snapshots.https: https://repository.apache.org/content/repositories/snapshots/org/apache/xmlgraphics/batik-parser/1.18.0-SNAPSHOT/batik-parser-1.18.0-20241215.104413-8.jar
Progress (1): 7.5/485 kB
Progress (1): 8.2/485 kB
Progress (1): 16/485 kB 
Progress (1): 23/485 kB
Progress (1): 25/485 kB
Progress (1): 33/485 kB
Progress (1): 39/485 kB
Progress (1): 41/485 kB
Progress (1): 49/485 kB
Progress (1): 55/485 kB
Progress (1): 57/485 kB
Progress (1): 66/485 kB
Progress (1): 71/485 kB
Progress (1): 74/485 kB
Progress (1): 82/485 kB
Progress (1): 87/485 kB
Progress (1): 90/485 kB
Progress (1): 98/485 kB
Progress (2): 98/485 kB | 7.5/330 kB
Progress (2): 98/485 kB | 8.2/330 kB
Progress (3): 98/485 kB | 8.2/330 kB | 7.5/10 kB
Progress (3): 98/485 kB | 8.2/330 kB | 8.2/10 kB
Progress (3): 98/485 kB | 8.2/330 kB | 10 kB    
Progress (4): 98/485 kB | 8.2/330 kB | 10 kB | 7.5/184 kB
Progress (4): 98/485 kB | 8.2/330 kB | 10 kB | 8.2/184 kB
Progress (5): 98/485 kB | 8.2/330 kB | 10 kB | 8.2/184 kB | 7.5/77 kB
Progress (5): 98/485 kB | 8.2/330 kB | 10 kB | 8.2/184 kB | 8.2/77 kB
                                                                     
Downloaded from apache.snapshots.https: https://repository.apache.org/content/repositories/snapshots/org/apache/xmlgraphics/batik-ext/1.18.0-SNAPSHOT/batik-ext-1.18.0-20241215.104412-8.jar (10 kB at 22 kB/s)
Downloading from apache.snapshots.https: https://repository.apache.org/content/repositories/snapshots/org/apache/xmlgraphics/batik-shared-resources/1.18.0-SNAPSHOT/batik-shared-resources-1.18.0-20241215.104414-8.jar
Progress (4): 103/485 kB | 8.2/330 kB | 8.2/184 kB | 8.2/77 kB
Progress (4): 106/485 kB | 8.2/330 kB | 8.2/184 kB | 8.2/77 kB
Progress (4): 115/485 kB | 8.2/330 kB | 8.2/184 kB | 8.2/77 kB
Progress (4): 119/485 kB | 8.2/330 kB | 8.2/184 kB | 8.2/77 kB
Progress (4): 123/485 kB | 8.2/330 kB | 8.2/184 kB | 8.2/77 kB
Progress (4): 131/485 kB | 8.2/330 kB | 8.2/184 kB | 8.2/77 kB
Progress (4): 135/485 kB | 8.2/330 kB | 8.2/184 kB | 8.2/77 kB
Progress (4): 139/485 kB | 8.2/330 kB | 8.2/184 kB | 8.2/77 kB
Progress (4): 147/485 kB | 8.2/330 kB | 8.2/184 kB | 8.2/77 kB
Progress (4): 151/485 kB | 8.2/330 kB | 8.2/184 kB | 8.2/77 kB
Progress (4): 156/485 kB | 8.2/330 kB | 8.2/184 kB | 8.2/77 kB
Progress (4): 164/485 kB | 8.2/330 kB | 8.2/184 kB | 8.2/77 kB
Progress (4): 167/485 kB | 8.2/330 kB | 8.2/184 kB | 8.2/77 kB
Progress (4): 172/485 kB | 8.2/330 kB | 8.2/184 kB | 8.2/77 kB
Progress (4): 180/485 kB | 8.2/330 kB | 8.2/184 kB | 8.2/77 kB
Progress (4): 183/485 kB | 8.2/330 kB | 8.2/184 kB | 8.2/77 kB
Progress (4): 188/485 kB | 8.2/330 kB | 8.2/184 kB | 8.2/77 kB
Progress (4): 197/485 kB | 8.2/330 kB | 8.2/184 kB | 8.2/77 kB
Progress (4): 199/485 kB | 8.2/330 kB | 8.2/184 kB | 8.2/77 kB
Progress (4): 205/485 kB | 8.2/330 kB | 8.2/184 kB | 8.2/77 kB
Progress (4): 213/485 kB | 8.2/330 kB | 8.2/184 kB | 8.2/77 kB
Progress (4): 215/485 kB | 8.2/330 kB | 8.2/184 kB | 8.2/77 kB
Progress (4): 215/485 kB | 8.2/330 kB | 8.2/184 kB | 16/77 kB 
Progress (4): 215/485 kB | 8.2/330 kB | 8.2/184 kB | 23/77 kB
Progress (4): 215/485 kB | 8.2/330 kB | 8.2/184 kB | 25/77 kB
Progress (4): 215/485 kB | 8.2/330 kB | 8.2/184 kB | 33/77 kB
Progress (4): 215/485 kB | 16/330 kB | 8.2/184 kB | 33/77 kB 
Progress (4): 215/485 kB | 23/330 kB | 8.2/184 kB | 33/77 kB
Progress (4): 215/485 kB | 25/330 kB | 8.2/184 kB | 33/77 kB
Progress (4): 215/485 kB | 33/330 kB | 8.2/184 kB | 33/77 kB
Progress (4): 215/485 kB | 41/330 kB | 8.2/184 kB | 33/77 kB
Progress (4): 215/485 kB | 41/330 kB | 16/184 kB | 33/77 kB 
Progress (4): 215/485 kB | 41/330 kB | 23/184 kB | 33/77 kB
Progress (4): 215/485 kB | 41/330 kB | 25/184 kB | 33/77 kB
Progress (4): 215/485 kB | 41/330 kB | 33/184 kB | 33/77 kB
Progress (4): 215/485 kB | 41/330 kB | 39/184 kB | 33/77 kB
Progress (5): 215/485 kB | 41/330 kB | 39/184 kB | 33/77 kB | 6.7 kB
                                                                    
Downloaded from apache.snapshots.https: https://repository.apache.org/content/repositories/snapshots/org/apache/xmlgraphics/batik-shared-resources/1.18.0-SNAPSHOT/batik-shared-resources-1.18.0-20241215.104414-8.jar (6.7 kB at 10 kB/s)
Downloading from apache.snapshots.https: https://repository.apache.org/content/repositories/snapshots/org/apache/xmlgraphics/batik-svg-dom/1.18.0-SNAPSHOT/batik-svg-dom-1.18.0-20241215.104415-8.jar
Progress (4): 221/485 kB | 41/330 kB | 39/184 kB | 33/77 kB
Progress (4): 229/485 kB | 41/330 kB | 39/184 kB | 33/77 kB
Progress (4): 231/485 kB | 41/330 kB | 39/184 kB | 33/77 kB
Progress (4): 238/485 kB | 41/330 kB | 39/184 kB | 33/77 kB
Progress (4): 246/485 kB | 41/330 kB | 39/184 kB | 33/77 kB
Progress (4): 247/485 kB | 41/330 kB | 39/184 kB | 33/77 kB
Progress (4): 254/485 kB | 41/330 kB | 39/184 kB | 33/77 kB
Progress (4): 262/485 kB | 41/330 kB | 39/184 kB | 33/77 kB
Progress (4): 263/485 kB | 41/330 kB | 39/184 kB | 33/77 kB
Progress (4): 270/485 kB | 41/330 kB | 39/184 kB | 33/77 kB
Progress (4): 279/485 kB | 41/330 kB | 39/184 kB | 33/77 kB
Progress (4): 279/485 kB | 41/330 kB | 39/184 kB | 33/77 kB
Progress (4): 287/485 kB | 41/330 kB | 39/184 kB | 33/77 kB
Progress (4): 295/485 kB | 41/330 kB | 39/184 kB | 33/77 kB
Progress (4): 295/485 kB | 41/330 kB | 39/184 kB | 33/77 kB
Progress (4): 303/485 kB | 41/330 kB | 39/184 kB | 33/77 kB
Progress (4): 311/485 kB | 41/330 kB | 39/184 kB | 33/77 kB
Progress (4): 311/485 kB | 41/330 kB | 39/184 kB | 33/77 kB
Progress (4): 319/485 kB | 41/330 kB | 39/184 kB | 33/77 kB
Progress (4): 319/485 kB | 41/330 kB | 39/184 kB | 33/77 kB
Progress (4): 328/485 kB | 41/330 kB | 39/184 kB | 33/77 kB
Progress (4): 335/485 kB | 41/330 kB | 39/184 kB | 33/77 kB
Progress (4): 336/485 kB | 41/330 kB | 39/184 kB | 33/77 kB
Progress (4): 344/485 kB | 41/330 kB | 39/184 kB | 33/77 kB
Progress (4): 351/485 kB | 41/330 kB | 39/184 kB | 33/77 kB
Progress (4): 352/485 kB | 41/330 kB | 39/184 kB | 33/77 kB
Progress (4): 360/485 kB | 41/330 kB | 39/184 kB | 33/77 kB
Progress (4): 367/485 kB | 41/330 kB | 39/184 kB | 33/77 kB
Progress (4): 369/485 kB | 41/330 kB | 39/184 kB | 33/77 kB
Progress (4): 377/485 kB | 41/330 kB | 39/184 kB | 33/77 kB
Progress (4): 383/485 kB | 41/330 kB | 39/184 kB | 33/77 kB
Progress (4): 385/485 kB | 41/330 kB | 39/184 kB | 33/77 kB
Progress (4): 393/485 kB | 41/330 kB | 39/184 kB | 33/77 kB
Progress (4): 399/485 kB | 41/330 kB | 39/184 kB | 33/77 kB
Progress (4): 401/485 kB | 41/330 kB | 39/184 kB | 33/77 kB
Progress (4): 410/485 kB | 41/330 kB | 39/184 kB | 33/77 kB
Progress (4): 415/485 kB | 41/330 kB | 39/184 kB | 33/77 kB
Progress (4): 418/485 kB | 41/330 kB | 39/184 kB | 33/77 kB
Progress (4): 426/485 kB | 41/330 kB | 39/184 kB | 33/77 kB
Progress (4): 431/485 kB | 41/330 kB | 39/184 kB | 33/77 kB
Progress (4): 434/485 kB | 41/330 kB | 39/184 kB | 33/77 kB
Progress (4): 442/485 kB | 41/330 kB | 39/184 kB | 33/77 kB
Progress (4): 447/485 kB | 41/330 kB | 39/184 kB | 33/77 kB
Progress (4): 447/485 kB | 41/330 kB | 39/184 kB | 41/77 kB
Progress (4): 447/485 kB | 41/330 kB | 39/184 kB | 49/77 kB
Progress (4): 447/485 kB | 41/330 kB | 39/184 kB | 49/77 kB
Progress (4): 447/485 kB | 41/330 kB | 39/184 kB | 57/77 kB
Progress (4): 447/485 kB | 41/330 kB | 39/184 kB | 65/77 kB
Progress (4): 447/485 kB | 41/330 kB | 39/184 kB | 66/77 kB
Progress (4): 447/485 kB | 41/330 kB | 39/184 kB | 74/77 kB
Progress (4): 447/485 kB | 41/330 kB | 39/184 kB | 77 kB   
Progress (4): 447/485 kB | 41/330 kB | 41/184 kB | 77 kB
Progress (4): 447/485 kB | 49/330 kB | 41/184 kB | 77 kB
Progress (4): 447/485 kB | 49/330 kB | 49/184 kB | 77 kB
Progress (4): 447/485 kB | 49/330 kB | 49/184 kB | 77 kB
Progress (4): 447/485 kB | 49/330 kB | 55/184 kB | 77 kB
Progress (4): 447/485 kB | 57/330 kB | 55/184 kB | 77 kB
Progress (4): 447/485 kB | 57/330 kB | 57/184 kB | 77 kB
Progress (4): 447/485 kB | 65/330 kB | 57/184 kB | 77 kB
Progress (4): 447/485 kB | 65/330 kB | 66/184 kB | 77 kB
Progress (4): 447/485 kB | 66/330 kB | 66/184 kB | 77 kB
Progress (4): 447/485 kB | 66/330 kB | 74/184 kB | 77 kB
Progress (4): 447/485 kB | 74/330 kB | 74/184 kB | 77 kB
Progress (4): 447/485 kB | 82/330 kB | 74/184 kB | 77 kB
Progress (4): 447/485 kB | 82/330 kB | 74/184 kB | 77 kB
Progress (4): 447/485 kB | 82/330 kB | 82/184 kB | 77 kB
Progress (4): 447/485 kB | 90/330 kB | 82/184 kB | 77 kB
Progress (4): 447/485 kB | 90/330 kB | 82/184 kB | 77 kB
Progress (4): 447/485 kB | 98/330 kB | 82/184 kB | 77 kB
Progress (4): 447/485 kB | 98/330 kB | 90/184 kB | 77 kB
Progress (4): 447/485 kB | 98/330 kB | 90/184 kB | 77 kB
Progress (4): 447/485 kB | 98/330 kB | 98/184 kB | 77 kB
                                                        
Downloaded from apache.snapshots.https: https://repository.apache.org/content/repositories/snapshots/org/apache/xmlgraphics/batik-parser/1.18.0-SNAPSHOT/batik-parser-1.18.0-20241215.104413-8.jar (77 kB at 99 kB/s)
Downloading from apache.snapshots.https: https://repository.apache.org/content/repositories/snapshots/org/apache/xmlgraphics/batik-util/1.18.0-SNAPSHOT/batik-util-1.18.0-20241215.104418-8.jar
Progress (4): 447/485 kB | 98/330 kB | 98/184 kB | 7.5/231 kB
Progress (4): 447/485 kB | 98/330 kB | 98/184 kB | 8.2/231 kB
Progress (4): 447/485 kB | 98/330 kB | 98/184 kB | 16/231 kB 
Progress (4): 447/485 kB | 98/330 kB | 98/184 kB | 23/231 kB
Progress (4): 447/485 kB | 98/330 kB | 98/184 kB | 25/231 kB
Progress (4): 451/485 kB | 98/330 kB | 98/184 kB | 25/231 kB
Progress (4): 459/485 kB | 98/330 kB | 98/184 kB | 25/231 kB
Progress (4): 463/485 kB | 98/330 kB | 98/184 kB | 25/231 kB
Progress (4): 467/485 kB | 98/330 kB | 98/184 kB | 25/231 kB
Progress (4): 475/485 kB | 98/330 kB | 98/184 kB | 25/231 kB
Progress (4): 479/485 kB | 98/330 kB | 98/184 kB | 25/231 kB
Progress (4): 483/485 kB | 98/330 kB | 98/184 kB | 25/231 kB
Progress (4): 485 kB | 98/330 kB | 98/184 kB | 25/231 kB    
                                                        
Downloaded from apache.snapshots.https: https://repository.apache.org/content/repositories/snapshots/org/apache/xmlgraphics/batik-anim/1.18.0-SNAPSHOT/batik-anim-1.18.0-20241215.104410-9.jar (485 kB at 550 kB/s)
Downloading from apache.snapshots.https: https://repository.apache.org/content/repositories/snapshots/org/apache/xmlgraphics/batik-constants/1.18.0-SNAPSHOT/batik-constants-1.18.0-20241215.104411-9.jar
Progress (3): 98/330 kB | 98/184 kB | 25/231 kB
Progress (3): 106/330 kB | 98/184 kB | 25/231 kB
Progress (3): 106/330 kB | 106/184 kB | 25/231 kB
Progress (3): 106/330 kB | 114/184 kB | 25/231 kB
Progress (3): 114/330 kB | 114/184 kB | 25/231 kB
Progress (3): 114/330 kB | 115/184 kB | 25/231 kB
Progress (3): 115/330 kB | 115/184 kB | 25/231 kB
Progress (3): 115/330 kB | 123/184 kB | 25/231 kB
Progress (3): 115/330 kB | 130/184 kB | 25/231 kB
Progress (3): 115/330 kB | 131/184 kB | 25/231 kB
Progress (3): 115/330 kB | 139/184 kB | 25/231 kB
Progress (3): 115/330 kB | 147/184 kB | 25/231 kB
Progress (3): 115/330 kB | 147/184 kB | 25/231 kB
Progress (3): 115/330 kB | 156/184 kB | 25/231 kB
Progress (3): 123/330 kB | 156/184 kB | 25/231 kB
Progress (3): 123/330 kB | 163/184 kB | 25/231 kB
Progress (3): 130/330 kB | 163/184 kB | 25/231 kB
Progress (3): 130/330 kB | 164/184 kB | 25/231 kB
Progress (3): 131/330 kB | 164/184 kB | 25/231 kB
Progress (3): 131/330 kB | 172/184 kB | 25/231 kB
Progress (3): 139/330 kB | 172/184 kB | 25/231 kB
Progress (3): 139/330 kB | 179/184 kB | 25/231 kB
Progress (3): 147/330 kB | 179/184 kB | 25/231 kB
Progress (3): 147/330 kB | 180/184 kB | 25/231 kB
Progress (3): 147/330 kB | 180/184 kB | 25/231 kB
Progress (3): 147/330 kB | 184 kB | 25/231 kB    
Progress (3): 156/330 kB | 184 kB | 25/231 kB
Progress (3): 163/330 kB | 184 kB | 25/231 kB
Progress (3): 164/330 kB | 184 kB | 25/231 kB
Progress (3): 172/330 kB | 184 kB | 25/231 kB
Progress (3): 179/330 kB | 184 kB | 25/231 kB
Progress (3): 180/330 kB | 184 kB | 25/231 kB
Progress (3): 188/330 kB | 184 kB | 25/231 kB
Progress (3): 195/330 kB | 184 kB | 25/231 kB
Progress (3): 197/330 kB | 184 kB | 25/231 kB
Progress (3): 205/330 kB | 184 kB | 25/231 kB
Progress (3): 211/330 kB | 184 kB | 25/231 kB
Progress (3): 213/330 kB | 184 kB | 25/231 kB
Progress (4): 213/330 kB | 184 kB | 25/231 kB | 7.5/127 kB
Progress (4): 213/330 kB | 184 kB | 25/231 kB | 8.2/127 kB
                                                          
Downloaded from apache.snapshots.https: https://repository.apache.org/content/repositories/snapshots/org/apache/xmlgraphics/batik-dom/1.18.0-SNAPSHOT/batik-dom-1.18.0-20241215.104411-8.jar (184 kB at 198 kB/s)
Downloading from apache.snapshots.https: https://repository.apache.org/content/repositories/snapshots/org/apache/xmlgraphics/batik-i18n/1.18.0-SNAPSHOT/batik-i18n-1.18.0-20241215.104413-8.jar
Progress (3): 213/330 kB | 25/231 kB | 16/127 kB
Progress (3): 213/330 kB | 25/231 kB | 23/127 kB
Progress (3): 213/330 kB | 25/231 kB | 25/127 kB
Progress (3): 213/330 kB | 25/231 kB | 33/127 kB
Progress (3): 213/330 kB | 25/231 kB | 39/127 kB
Progress (3): 213/330 kB | 25/231 kB | 41/127 kB
Progress (3): 213/330 kB | 25/231 kB | 49/127 kB
Progress (3): 213/330 kB | 25/231 kB | 55/127 kB
Progress (3): 213/330 kB | 25/231 kB | 57/127 kB
Progress (3): 213/330 kB | 25/231 kB | 66/127 kB
Progress (3): 213/330 kB | 25/231 kB | 74/127 kB
Progress (3): 213/330 kB | 25/231 kB | 82/127 kB
Progress (3): 213/330 kB | 25/231 kB | 82/127 kB
Progress (3): 213/330 kB | 25/231 kB | 90/127 kB
Progress (3): 213/330 kB | 33/231 kB | 90/127 kB
Progress (3): 213/330 kB | 39/231 kB | 90/127 kB
Progress (3): 213/330 kB | 41/231 kB | 90/127 kB
Progress (3): 213/330 kB | 49/231 kB | 90/127 kB
Progress (3): 213/330 kB | 55/231 kB | 90/127 kB
Progress (3): 213/330 kB | 57/231 kB | 90/127 kB
Progress (3): 213/330 kB | 66/231 kB | 90/127 kB
Progress (3): 213/330 kB | 71/231 kB | 90/127 kB
Progress (3): 213/330 kB | 74/231 kB | 90/127 kB
Progress (3): 213/330 kB | 82/231 kB | 90/127 kB
Progress (4): 213/330 kB | 82/231 kB | 90/127 kB | 7.5/8.6 kB
Progress (4): 213/330 kB | 82/231 kB | 90/127 kB | 8.2/8.6 kB
Progress (4): 213/330 kB | 82/231 kB | 90/127 kB | 8.6 kB    
                                                         
Downloaded from apache.snapshots.https: https://repository.apache.org/content/repositories/snapshots/org/apache/xmlgraphics/batik-constants/1.18.0-SNAPSHOT/batik-constants-1.18.0-20241215.104411-9.jar (8.6 kB at 8.2 kB/s)
Downloading from apache.snapshots.https: https://repository.apache.org/content/repositories/snapshots/org/apache/xmlgraphics/batik-awt-util/1.18.0-SNAPSHOT/batik-awt-util-1.18.0-20241215.104410-9.jar
Progress (3): 221/330 kB | 82/231 kB | 90/127 kB
Progress (3): 227/330 kB | 82/231 kB | 90/127 kB
Progress (3): 229/330 kB | 82/231 kB | 90/127 kB
Progress (3): 238/330 kB | 82/231 kB | 90/127 kB
Progress (3): 243/330 kB | 82/231 kB | 90/127 kB
Progress (3): 246/330 kB | 82/231 kB | 90/127 kB
Progress (3): 254/330 kB | 82/231 kB | 90/127 kB
Progress (3): 254/330 kB | 82/231 kB | 98/127 kB
Progress (3): 259/330 kB | 82/231 kB | 98/127 kB
Progress (3): 259/330 kB | 82/231 kB | 98/127 kB
Progress (3): 262/330 kB | 82/231 kB | 98/127 kB
Progress (3): 270/330 kB | 82/231 kB | 98/127 kB
Progress (3): 270/330 kB | 82/231 kB | 106/127 kB
Progress (3): 275/330 kB | 82/231 kB | 106/127 kB
Progress (3): 279/330 kB | 82/231 kB | 106/127 kB
Progress (3): 279/330 kB | 82/231 kB | 114/127 kB
Progress (3): 279/330 kB | 82/231 kB | 115/127 kB
Progress (3): 287/330 kB | 82/231 kB | 115/127 kB
Progress (3): 287/330 kB | 82/231 kB | 123/127 kB
Progress (3): 291/330 kB | 82/231 kB | 123/127 kB
Progress (3): 295/330 kB | 82/231 kB | 123/127 kB
Progress (3): 295/330 kB | 82/231 kB | 127 kB    
Progress (3): 303/330 kB | 82/231 kB | 127 kB
Progress (3): 307/330 kB | 82/231 kB | 127 kB
Progress (3): 311/330 kB | 82/231 kB | 127 kB
Progress (3): 319/330 kB | 82/231 kB | 127 kB
Progress (3): 323/330 kB | 82/231 kB | 127 kB
Progress (3): 328/330 kB | 82/231 kB | 127 kB
Progress (3): 330 kB | 82/231 kB | 127 kB    
                                         
Downloaded from apache.snapshots.https: https://repository.apache.org/content/repositories/snapshots/org/apache/xmlgraphics/batik-util/1.18.0-SNAPSHOT/batik-util-1.18.0-20241215.104418-8.jar (127 kB at 118 kB/s)
Downloading from apache.snapshots.https: https://repository.apache.org/content/repositories/snapshots/org/apache/xmlgraphics/batik-bridge/1.18.0-SNAPSHOT/batik-bridge-1.18.0-20241215.104411-9.jar
Progress (2): 330 kB | 87/231 kB
Progress (2): 330 kB | 90/231 kB
Progress (3): 330 kB | 90/231 kB | 7.5/12 kB
Progress (3): 330 kB | 98/231 kB | 7.5/12 kB
Progress (3): 330 kB | 103/231 kB | 7.5/12 kB
Progress (3): 330 kB | 106/231 kB | 7.5/12 kB
Progress (3): 330 kB | 115/231 kB | 7.5/12 kB
                                             
Downloaded from apache.snapshots.https: https://repository.apache.org/content/repositories/snapshots/org/apache/xmlgraphics/batik-css/1.18.0-SNAPSHOT/batik-css-1.18.0-20241215.104411-8.jar (330 kB at 306 kB/s)
Downloading from apache.snapshots.https: https://repository.apache.org/content/repositories/snapshots/org/apache/xmlgraphics/batik-script/1.18.0-SNAPSHOT/batik-script-1.18.0-20241215.104414-8.jar
Progress (2): 119/231 kB | 7.5/12 kB
Progress (2): 123/231 kB | 7.5/12 kB
Progress (2): 123/231 kB | 8.2/12 kB
Progress (2): 131/231 kB | 8.2/12 kB
Progress (2): 135/231 kB | 8.2/12 kB
Progress (2): 139/231 kB | 8.2/12 kB
Progress (2): 139/231 kB | 12 kB    
Progress (2): 147/231 kB | 12 kB
Progress (2): 151/231 kB | 12 kB
Progress (2): 156/231 kB | 12 kB
Progress (2): 164/231 kB | 12 kB
Progress (2): 167/231 kB | 12 kB
Progress (2): 172/231 kB | 12 kB
Progress (2): 180/231 kB | 12 kB
Progress (2): 183/231 kB | 12 kB
Progress (2): 188/231 kB | 12 kB
Progress (2): 197/231 kB | 12 kB
Progress (2): 199/231 kB | 12 kB
                                
Downloaded from apache.snapshots.https: https://repository.apache.org/content/repositories/snapshots/org/apache/xmlgraphics/batik-i18n/1.18.0-SNAPSHOT/batik-i18n-1.18.0-20241215.104413-8.jar (12 kB at 11 kB/s)
Downloading from apache.snapshots.https: https://repository.apache.org/content/repositories/snapshots/org/apache/xmlgraphics/batik-xml/1.18.0-SNAPSHOT/batik-xml-1.18.0-20241215.104418-8.jar
Progress (2): 199/231 kB | 7.5/423 kB
Progress (2): 199/231 kB | 8.2/423 kB
Progress (2): 199/231 kB | 16/423 kB 
Progress (2): 199/231 kB | 23/423 kB
Progress (2): 199/231 kB | 25/423 kB
Progress (2): 199/231 kB | 33/423 kB
Progress (2): 199/231 kB | 39/423 kB
Progress (2): 199/231 kB | 41/423 kB
Progress (2): 199/231 kB | 49/423 kB
Progress (2): 199/231 kB | 55/423 kB
Progress (2): 199/231 kB | 57/423 kB
Progress (2): 199/231 kB | 66/423 kB
Progress (2): 199/231 kB | 71/423 kB
Progress (2): 199/231 kB | 74/423 kB
Progress (2): 199/231 kB | 82/423 kB
Progress (2): 199/231 kB | 87/423 kB
Progress (2): 199/231 kB | 90/423 kB
Progress (2): 199/231 kB | 98/423 kB
Progress (2): 199/231 kB | 103/423 kB
Progress (2): 199/231 kB | 106/423 kB
Progress (2): 199/231 kB | 115/423 kB
Progress (2): 199/231 kB | 119/423 kB
Progress (2): 199/231 kB | 123/423 kB
Progress (2): 199/231 kB | 131/423 kB
Progress (2): 199/231 kB | 135/423 kB
Progress (2): 199/231 kB | 139/423 kB
Progress (2): 199/231 kB | 147/423 kB
Progress (2): 199/231 kB | 151/423 kB
Progress (2): 199/231 kB | 156/423 kB
Progress (2): 199/231 kB | 164/423 kB
Progress (2): 199/231 kB | 167/423 kB
Progress (2): 199/231 kB | 172/423 kB
Progress (2): 199/231 kB | 180/423 kB
Progress (2): 199/231 kB | 183/423 kB
Progress (2): 199/231 kB | 188/423 kB
Progress (2): 199/231 kB | 197/423 kB
Progress (2): 199/231 kB | 199/423 kB
Progress (2): 199/231 kB | 205/423 kB
Progress (2): 199/231 kB | 213/423 kB
Progress (2): 199/231 kB | 215/423 kB
Progress (2): 199/231 kB | 221/423 kB
Progress (2): 199/231 kB | 229/423 kB
Progress (2): 199/231 kB | 231/423 kB
Progress (2): 199/231 kB | 238/423 kB
Progress (2): 199/231 kB | 246/423 kB
Progress (2): 199/231 kB | 247/423 kB
Progress (2): 199/231 kB | 254/423 kB
Progress (2): 199/231 kB | 262/423 kB
Progress (2): 199/231 kB | 263/423 kB
Progress (2): 199/231 kB | 270/423 kB
Progress (2): 199/231 kB | 279/423 kB
Progress (2): 199/231 kB | 279/423 kB
Progress (2): 199/231 kB | 287/423 kB
Progress (2): 199/231 kB | 295/423 kB
Progress (2): 199/231 kB | 295/423 kB
Progress (2): 199/231 kB | 303/423 kB
Progress (2): 199/231 kB | 311/423 kB
Progress (2): 199/231 kB | 311/423 kB
Progress (2): 199/231 kB | 319/423 kB
Progress (2): 199/231 kB | 319/423 kB
Progress (2): 199/231 kB | 328/423 kB
Progress (2): 199/231 kB | 335/423 kB
Progress (2): 199/231 kB | 336/423 kB
Progress (2): 199/231 kB | 344/423 kB
Progress (2): 199/231 kB | 351/423 kB
Progress (2): 199/231 kB | 352/423 kB
Progress (2): 199/231 kB | 360/423 kB
Progress (2): 199/231 kB | 367/423 kB
Progress (2): 199/231 kB | 369/423 kB
Progress (2): 199/231 kB | 377/423 kB
Progress (2): 199/231 kB | 383/423 kB
Progress (2): 199/231 kB | 385/423 kB
Progress (2): 199/231 kB | 393/423 kB
Progress (2): 199/231 kB | 399/423 kB
Progress (2): 199/231 kB | 401/423 kB
Progress (2): 199/231 kB | 410/423 kB
Progress (2): 199/231 kB | 415/423 kB
Progress (2): 199/231 kB | 418/423 kB
Progress (2): 199/231 kB | 423 kB    
Progress (2): 205/231 kB | 423 kB
Progress (2): 213/231 kB | 423 kB
Progress (2): 215/231 kB | 423 kB
Progress (2): 221/231 kB | 423 kB
Progress (2): 229/231 kB | 423 kB
Progress (2): 231 kB | 423 kB    
                             
Downloaded from apache.snapshots.https: https://repository.apache.org/content/repositories/snapshots/org/apache/xmlgraphics/batik-awt-util/1.18.0-SNAPSHOT/batik-awt-util-1.18.0-20241215.104410-9.jar (423 kB at 344 kB/s)
Downloading from apache.snapshots.https: https://repository.apache.org/content/repositories/snapshots/org/apache/xmlgraphics/batik-extension/1.18.0-SNAPSHOT/batik-extension-1.18.0-20241215.104412-8.jar
Downloaded from apache.snapshots.https: https://repository.apache.org/content/repositories/snapshots/org/apache/xmlgraphics/batik-svg-dom/1.18.0-SNAPSHOT/batik-svg-dom-1.18.0-20241215.104415-8.jar (231 kB at 187 kB/s)
Downloading from apache.snapshots.https: https://repository.apache.org/content/repositories/snapshots/org/apache/xmlgraphics/batik-gvt/1.18.0-SNAPSHOT/batik-gvt-1.18.0-20241215.104412-8.jar
Progress (1): 7.5/702 kB
Progress (1): 8.2/702 kB
Progress (1): 16/702 kB 
Progress (1): 23/702 kB
Progress (1): 25/702 kB
Progress (2): 25/702 kB | 7.5/25 kB
Progress (2): 33/702 kB | 7.5/25 kB
Progress (2): 39/702 kB | 7.5/25 kB
Progress (2): 41/702 kB | 7.5/25 kB
Progress (2): 49/702 kB | 7.5/25 kB
Progress (2): 55/702 kB | 7.5/25 kB
Progress (2): 57/702 kB | 7.5/25 kB
Progress (2): 66/702 kB | 7.5/25 kB
Progress (2): 66/702 kB | 8.2/25 kB
Progress (2): 74/702 kB | 8.2/25 kB
Progress (2): 82/702 kB | 8.2/25 kB
Progress (2): 82/702 kB | 8.2/25 kB
Progress (2): 82/702 kB | 16/25 kB 
Progress (2): 82/702 kB | 23/25 kB
Progress (2): 82/702 kB | 25/25 kB
Progress (2): 90/702 kB | 25/25 kB
Progress (2): 90/702 kB | 25 kB   
Progress (2): 98/702 kB | 25 kB
Progress (2): 98/702 kB | 25 kB
Progress (2): 106/702 kB | 25 kB
Progress (2): 114/702 kB | 25 kB
Progress (2): 115/702 kB | 25 kB
Progress (2): 123/702 kB | 25 kB
Progress (2): 130/702 kB | 25 kB
Progress (2): 131/702 kB | 25 kB
Progress (2): 139/702 kB | 25 kB
Progress (2): 147/702 kB | 25 kB
Progress (2): 147/702 kB | 25 kB
Progress (2): 156/702 kB | 25 kB
Progress (2): 163/702 kB | 25 kB
Progress (2): 164/702 kB | 25 kB
Progress (2): 172/702 kB | 25 kB
Progress (2): 180/702 kB | 25 kB
Progress (2): 180/702 kB | 25 kB
Progress (2): 188/702 kB | 25 kB
Progress (2): 196/702 kB | 25 kB
Progress (2): 197/702 kB | 25 kB
Progress (2): 205/702 kB | 25 kB
Progress (2): 213/702 kB | 25 kB
Progress (2): 213/702 kB | 25 kB
Progress (2): 221/702 kB | 25 kB
                                
Downloaded from apache.snapshots.https: https://repository.apache.org/content/repositories/snapshots/org/apache/xmlgraphics/batik-script/1.18.0-SNAPSHOT/batik-script-1.18.0-20241215.104414-8.jar (25 kB at 20 kB/s)
Downloading from apache.snapshots.https: https://repository.apache.org/content/repositories/snapshots/org/apache/xmlgraphics/batik-transcoder/1.18.0-SNAPSHOT/batik-transcoder-1.18.0-20241215.104418-8.jar
Progress (2): 221/702 kB | 7.5/34 kB
Progress (2): 221/702 kB | 8.2/34 kB
Progress (2): 221/702 kB | 16/34 kB 
Progress (2): 221/702 kB | 23/34 kB
Progress (2): 221/702 kB | 25/34 kB
Progress (2): 221/702 kB | 33/34 kB
Progress (2): 221/702 kB | 34 kB   
                                
Downloaded from apache.snapshots.https: https://repository.apache.org/content/repositories/snapshots/org/apache/xmlgraphics/batik-xml/1.18.0-SNAPSHOT/batik-xml-1.18.0-20241215.104418-8.jar (34 kB at 27 kB/s)
Downloading from apache.snapshots.https: https://repository.apache.org/content/repositories/snapshots/org/apache/xmlgraphics/batik-svggen/1.18.0-SNAPSHOT/batik-svggen-1.18.0-20241215.104416-8.jar
Progress (1): 229/702 kB
Progress (1): 229/702 kB
Progress (1): 238/702 kB
Progress (1): 245/702 kB
Progress (1): 246/702 kB
Progress (1): 254/702 kB
Progress (1): 261/702 kB
Progress (1): 262/702 kB
Progress (1): 270/702 kB
Progress (1): 278/702 kB
Progress (1): 279/702 kB
Progress (1): 287/702 kB
Progress (1): 294/702 kB
Progress (1): 295/702 kB
Progress (1): 303/702 kB
Progress (1): 311/702 kB
Progress (1): 311/702 kB
Progress (1): 319/702 kB
Progress (1): 327/702 kB
Progress (1): 328/702 kB
Progress (1): 336/702 kB
Progress (1): 344/702 kB
Progress (1): 344/702 kB
Progress (1): 352/702 kB
Progress (1): 360/702 kB
Progress (1): 360/702 kB
Progress (1): 369/702 kB
Progress (1): 376/702 kB
Progress (1): 377/702 kB
Progress (1): 385/702 kB
Progress (1): 392/702 kB
Progress (1): 393/702 kB
Progress (1): 401/702 kB
Progress (1): 409/702 kB
Progress (1): 410/702 kB
Progress (2): 410/702 kB | 7.5/192 kB
Progress (3): 410/702 kB | 7.5/192 kB | 7.5/73 kB
Progress (3): 418/702 kB | 7.5/192 kB | 7.5/73 kB
Progress (3): 425/702 kB | 7.5/192 kB | 7.5/73 kB
Progress (3): 426/702 kB | 7.5/192 kB | 7.5/73 kB
Progress (3): 434/702 kB | 7.5/192 kB | 7.5/73 kB
Progress (3): 442/702 kB | 7.5/192 kB | 7.5/73 kB
Progress (3): 442/702 kB | 7.5/192 kB | 7.5/73 kB
Progress (3): 451/702 kB | 7.5/192 kB | 7.5/73 kB
Progress (3): 451/702 kB | 8.2/192 kB | 7.5/73 kB
Progress (3): 451/702 kB | 8.2/192 kB | 8.2/73 kB
Progress (3): 458/702 kB | 8.2/192 kB | 8.2/73 kB
Progress (3): 459/702 kB | 8.2/192 kB | 8.2/73 kB
Progress (3): 467/702 kB | 8.2/192 kB | 8.2/73 kB
Progress (3): 475/702 kB | 8.2/192 kB | 8.2/73 kB
Progress (3): 475/702 kB | 8.2/192 kB | 16/73 kB 
Progress (3): 475/702 kB | 8.2/192 kB | 16/73 kB
Progress (3): 475/702 kB | 16/192 kB | 16/73 kB 
Progress (3): 475/702 kB | 16/192 kB | 23/73 kB
Progress (3): 475/702 kB | 23/192 kB | 23/73 kB
Progress (3): 475/702 kB | 23/192 kB | 25/73 kB
Progress (3): 483/702 kB | 23/192 kB | 25/73 kB
Progress (3): 483/702 kB | 25/192 kB | 25/73 kB
Progress (3): 491/702 kB | 25/192 kB | 25/73 kB
Progress (3): 491/702 kB | 25/192 kB | 33/73 kB
Progress (3): 492/702 kB | 25/192 kB | 33/73 kB
Progress (3): 492/702 kB | 33/192 kB | 33/73 kB
Progress (3): 492/702 kB | 33/192 kB | 39/73 kB
Progress (3): 500/702 kB | 33/192 kB | 39/73 kB
Progress (3): 500/702 kB | 33/192 kB | 41/73 kB
Progress (3): 500/702 kB | 39/192 kB | 41/73 kB
Progress (3): 508/702 kB | 39/192 kB | 41/73 kB
Progress (3): 508/702 kB | 41/192 kB | 41/73 kB
Progress (3): 508/702 kB | 41/192 kB | 41/73 kB
Progress (3): 508/702 kB | 41/192 kB | 49/73 kB
Progress (3): 508/702 kB | 49/192 kB | 49/73 kB
Progress (3): 516/702 kB | 49/192 kB | 49/73 kB
Progress (3): 516/702 kB | 49/192 kB | 55/73 kB
Progress (3): 516/702 kB | 55/192 kB | 55/73 kB
Progress (3): 516/702 kB | 55/192 kB | 57/73 kB
Progress (3): 524/702 kB | 55/192 kB | 57/73 kB
Progress (3): 524/702 kB | 57/192 kB | 57/73 kB
Progress (3): 524/702 kB | 57/192 kB | 57/73 kB
Progress (3): 524/702 kB | 57/192 kB | 66/73 kB
Progress (3): 524/702 kB | 66/192 kB | 66/73 kB
Progress (3): 532/702 kB | 66/192 kB | 66/73 kB
Progress (3): 532/702 kB | 66/192 kB | 71/73 kB
Progress (3): 532/702 kB | 71/192 kB | 71/73 kB
Progress (3): 532/702 kB | 71/192 kB | 73 kB   
Progress (3): 532/702 kB | 74/192 kB | 73 kB
Progress (3): 540/702 kB | 74/192 kB | 73 kB
Progress (3): 541/702 kB | 74/192 kB | 73 kB
Progress (3): 549/702 kB | 74/192 kB | 73 kB
Progress (3): 549/702 kB | 82/192 kB | 73 kB
Progress (3): 556/702 kB | 82/192 kB | 73 kB
Progress (3): 556/702 kB | 87/192 kB | 73 kB
Progress (3): 557/702 kB | 87/192 kB | 73 kB
Progress (3): 557/702 kB | 90/192 kB | 73 kB
Progress (3): 565/702 kB | 90/192 kB | 73 kB
Progress (3): 565/702 kB | 98/192 kB | 73 kB
Progress (3): 573/702 kB | 98/192 kB | 73 kB
Progress (3): 573/702 kB | 103/192 kB | 73 kB
Progress (3): 573/702 kB | 103/192 kB | 73 kB
Progress (3): 573/702 kB | 106/192 kB | 73 kB
Progress (3): 582/702 kB | 106/192 kB | 73 kB
Progress (3): 582/702 kB | 115/192 kB | 73 kB
Progress (3): 589/702 kB | 115/192 kB | 73 kB
Progress (3): 590/702 kB | 115/192 kB | 73 kB
Progress (3): 590/702 kB | 119/192 kB | 73 kB
Progress (3): 590/702 kB | 123/192 kB | 73 kB
Progress (3): 598/702 kB | 123/192 kB | 73 kB
Progress (3): 598/702 kB | 131/192 kB | 73 kB
Progress (3): 605/702 kB | 131/192 kB | 73 kB
Progress (3): 605/702 kB | 135/192 kB | 73 kB
Progress (3): 606/702 kB | 135/192 kB | 73 kB
Progress (3): 606/702 kB | 139/192 kB | 73 kB
Progress (3): 614/702 kB | 139/192 kB | 73 kB
Progress (3): 614/702 kB | 147/192 kB | 73 kB
Progress (3): 621/702 kB | 147/192 kB | 73 kB
Progress (3): 621/702 kB | 151/192 kB | 73 kB
Progress (3): 623/702 kB | 151/192 kB | 73 kB
Progress (3): 623/702 kB | 156/192 kB | 73 kB
Progress (3): 631/702 kB | 156/192 kB | 73 kB
Progress (3): 631/702 kB | 164/192 kB | 73 kB
Progress (3): 631/702 kB | 167/192 kB | 73 kB
Progress (3): 637/702 kB | 167/192 kB | 73 kB
Progress (3): 637/702 kB | 172/192 kB | 73 kB
Progress (3): 639/702 kB | 172/192 kB | 73 kB
Progress (3): 639/702 kB | 180/192 kB | 73 kB
Progress (3): 647/702 kB | 180/192 kB | 73 kB
Progress (3): 647/702 kB | 183/192 kB | 73 kB
Progress (3): 653/702 kB | 183/192 kB | 73 kB
Progress (3): 653/702 kB | 188/192 kB | 73 kB
Progress (3): 655/702 kB | 188/192 kB | 73 kB
Progress (3): 655/702 kB | 192 kB | 73 kB    
Progress (3): 664/702 kB | 192 kB | 73 kB
Progress (3): 669/702 kB | 192 kB | 73 kB
Progress (3): 672/702 kB | 192 kB | 73 kB
Progress (3): 680/702 kB | 192 kB | 73 kB
Progress (3): 685/702 kB | 192 kB | 73 kB
                                         
Downloaded from apache.snapshots.https: https://repository.apache.org/content/repositories/snapshots/org/apache/xmlgraphics/batik-extension/1.18.0-SNAPSHOT/batik-extension-1.18.0-20241215.104412-8.jar (73 kB at 52 kB/s)
Downloading from apache.snapshots.https: https://repository.apache.org/content/repositories/snapshots/org/apache/xmlgraphics/batik-codec/1.18.0-SNAPSHOT/batik-codec-1.18.0-20241215.104411-9.jar
Progress (3): 685/702 kB | 192 kB | 7.5/129 kB
Progress (3): 685/702 kB | 192 kB | 8.2/129 kB
Progress (3): 685/702 kB | 192 kB | 16/129 kB 
Progress (3): 685/702 kB | 192 kB | 23/129 kB
Progress (3): 685/702 kB | 192 kB | 25/129 kB
Progress (3): 685/702 kB | 192 kB | 33/129 kB
Progress (3): 685/702 kB | 192 kB | 39/129 kB
Progress (3): 685/702 kB | 192 kB | 41/129 kB
Progress (3): 685/702 kB | 192 kB | 49/129 kB
Progress (3): 685/702 kB | 192 kB | 55/129 kB
                                             
Downloaded from apache.snapshots.https: https://repository.apache.org/content/repositories/snapshots/org/apache/xmlgraphics/batik-gvt/1.18.0-SNAPSHOT/batik-gvt-1.18.0-20241215.104412-8.jar (192 kB at 136 kB/s)
Downloading from apache.snapshots.https: https://repository.apache.org/content/repositories/snapshots/org/apache/xmlgraphics/fop-events/2.11.0-SNAPSHOT/fop-events-2.11.0-20260220.224641-100.jar
Progress (2): 685/702 kB | 57/129 kB
Progress (2): 685/702 kB | 66/129 kB
Progress (2): 685/702 kB | 71/129 kB
Progress (2): 685/702 kB | 74/129 kB
Progress (2): 685/702 kB | 82/129 kB
Progress (2): 685/702 kB | 87/129 kB
Progress (2): 685/702 kB | 90/129 kB
Progress (2): 685/702 kB | 98/129 kB
Progress (2): 685/702 kB | 103/129 kB
Progress (2): 685/702 kB | 106/129 kB
Progress (2): 685/702 kB | 115/129 kB
Progress (2): 685/702 kB | 119/129 kB
Progress (2): 685/702 kB | 123/129 kB
Progress (2): 685/702 kB | 129 kB    
                                 
Downloaded from apache.snapshots.https: https://repository.apache.org/content/repositories/snapshots/org/apache/xmlgraphics/batik-transcoder/1.18.0-SNAPSHOT/batik-transcoder-1.18.0-20241215.104418-8.jar (129 kB at 91 kB/s)
Downloading from apache.snapshots.https: https://repository.apache.org/content/repositories/snapshots/org/apache/xmlgraphics/fop-util/2.11.0-SNAPSHOT/fop-util-2.11.0-20260220.224642-100.jar
Progress (2): 685/702 kB | 7.5/227 kB
Progress (2): 685/702 kB | 8.2/227 kB
Progress (2): 685/702 kB | 16/227 kB 
Progress (2): 685/702 kB | 23/227 kB
Progress (2): 685/702 kB | 25/227 kB
Progress (2): 685/702 kB | 33/227 kB
Progress (2): 685/702 kB | 39/227 kB
Progress (2): 685/702 kB | 41/227 kB
Progress (2): 685/702 kB | 49/227 kB
Progress (2): 685/702 kB | 55/227 kB
Progress (2): 685/702 kB | 57/227 kB
Progress (2): 685/702 kB | 66/227 kB
Progress (2): 685/702 kB | 71/227 kB
Progress (2): 685/702 kB | 74/227 kB
Progress (2): 685/702 kB | 82/227 kB
Progress (2): 685/702 kB | 87/227 kB
Progress (2): 685/702 kB | 90/227 kB
Progress (2): 685/702 kB | 98/227 kB
Progress (2): 685/702 kB | 103/227 kB
Progress (2): 685/702 kB | 106/227 kB
Progress (2): 685/702 kB | 115/227 kB
Progress (2): 685/702 kB | 119/227 kB
Progress (2): 685/702 kB | 123/227 kB
Progress (2): 685/702 kB | 131/227 kB
Progress (2): 685/702 kB | 135/227 kB
Progress (2): 685/702 kB | 139/227 kB
Progress (2): 685/702 kB | 147/227 kB
Progress (2): 685/702 kB | 151/227 kB
Progress (2): 685/702 kB | 156/227 kB
Progress (2): 685/702 kB | 164/227 kB
Progress (2): 685/702 kB | 167/227 kB
Progress (2): 685/702 kB | 172/227 kB
Progress (2): 685/702 kB | 180/227 kB
Progress (2): 685/702 kB | 183/227 kB
Progress (2): 685/702 kB | 188/227 kB
Progress (2): 685/702 kB | 197/227 kB
Progress (2): 688/702 kB | 197/227 kB
Progress (2): 696/702 kB | 197/227 kB
Progress (2): 702 kB | 197/227 kB    
                                 
Downloaded from apache.snapshots.https: https://repository.apache.org/content/repositories/snapshots/org/apache/xmlgraphics/batik-bridge/1.18.0-SNAPSHOT/batik-bridge-1.18.0-20241215.104411-9.jar (702 kB at 459 kB/s)
Downloading from apache.snapshots.https: https://repository.apache.org/content/repositories/snapshots/org/apache/xmlgraphics/xmlgraphics-commons/2.11.0-SNAPSHOT/xmlgraphics-commons-2.11.0-20251212.104635-17.jar
Progress (2): 197/227 kB | 7.5/112 kB
Progress (2): 197/227 kB | 8.2/112 kB
Progress (2): 197/227 kB | 16/112 kB 
Progress (2): 197/227 kB | 23/112 kB
Progress (2): 197/227 kB | 25/112 kB
Progress (2): 197/227 kB | 33/112 kB
Progress (2): 197/227 kB | 39/112 kB
Progress (2): 197/227 kB | 41/112 kB
Progress (2): 197/227 kB | 49/112 kB
Progress (2): 197/227 kB | 55/112 kB
Progress (2): 197/227 kB | 57/112 kB
Progress (2): 197/227 kB | 66/112 kB
Progress (2): 197/227 kB | 71/112 kB
Progress (3): 197/227 kB | 71/112 kB | 7.5/45 kB
Progress (3): 197/227 kB | 74/112 kB | 7.5/45 kB
Progress (3): 197/227 kB | 82/112 kB | 7.5/45 kB
Progress (3): 197/227 kB | 87/112 kB | 7.5/45 kB
Progress (3): 197/227 kB | 90/112 kB | 7.5/45 kB
Progress (3): 197/227 kB | 98/112 kB | 7.5/45 kB
Progress (3): 197/227 kB | 98/112 kB | 8.2/45 kB
Progress (3): 197/227 kB | 103/112 kB | 8.2/45 kB
Progress (3): 197/227 kB | 106/112 kB | 8.2/45 kB
Progress (3): 197/227 kB | 112 kB | 8.2/45 kB    
Progress (3): 197/227 kB | 112 kB | 16/45 kB 
Progress (3): 197/227 kB | 112 kB | 23/45 kB
Progress (3): 197/227 kB | 112 kB | 25/45 kB
Progress (3): 197/227 kB | 112 kB | 33/45 kB
Progress (3): 197/227 kB | 112 kB | 39/45 kB
Progress (3): 197/227 kB | 112 kB | 41/45 kB
Progress (3): 197/227 kB | 112 kB | 45 kB   
                                         
Downloaded from apache.snapshots.https: https://repository.apache.org/content/repositories/snapshots/org/apache/xmlgraphics/batik-codec/1.18.0-SNAPSHOT/batik-codec-1.18.0-20241215.104411-9.jar (112 kB at 71 kB/s)
Progress (3): 197/227 kB | 45 kB | 7.5/26 kB
                                            
Downloaded from apache.snapshots.https: https://repository.apache.org/content/repositories/snapshots/org/apache/xmlgraphics/fop-events/2.11.0-SNAPSHOT/fop-events-2.11.0-20260220.224641-100.jar (45 kB at 28 kB/s)
Progress (2): 197/227 kB | 8.2/26 kB
Progress (2): 197/227 kB | 16/26 kB 
Progress (2): 197/227 kB | 23/26 kB
Progress (2): 197/227 kB | 25/26 kB
Progress (2): 197/227 kB | 26 kB   
                                
Downloaded from apache.snapshots.https: https://repository.apache.org/content/repositories/snapshots/org/apache/xmlgraphics/fop-util/2.11.0-SNAPSHOT/fop-util-2.11.0-20260220.224642-100.jar (26 kB at 16 kB/s)
Progress (1): 199/227 kB
Progress (1): 205/227 kB
Progress (1): 213/227 kB
Progress (1): 215/227 kB
Progress (1): 221/227 kB
Progress (1): 227 kB    
                    
Downloaded from apache.snapshots.https: https://repository.apache.org/content/repositories/snapshots/org/apache/xmlgraphics/batik-svggen/1.18.0-SNAPSHOT/batik-svggen-1.18.0-20241215.104416-8.jar (227 kB at 141 kB/s)
Progress (1): 7.5/687 kB
Progress (1): 8.2/687 kB
Progress (1): 16/687 kB 
Progress (1): 23/687 kB
Progress (1): 25/687 kB
Progress (1): 33/687 kB
Progress (1): 39/687 kB
Progress (1): 41/687 kB
Progress (1): 49/687 kB
Progress (1): 55/687 kB
Progress (1): 57/687 kB
Progress (1): 66/687 kB
Progress (1): 71/687 kB
Progress (1): 74/687 kB
Progress (1): 82/687 kB
Progress (1): 87/687 kB
Progress (1): 90/687 kB
Progress (1): 98/687 kB
Progress (1): 103/687 kB
Progress (1): 106/687 kB
Progress (1): 115/687 kB
Progress (1): 119/687 kB
Progress (1): 123/687 kB
Progress (1): 131/687 kB
Progress (1): 135/687 kB
Progress (1): 139/687 kB
Progress (1): 147/687 kB
Progress (1): 151/687 kB
Progress (1): 156/687 kB
Progress (1): 164/687 kB
Progress (1): 167/687 kB
Progress (1): 172/687 kB
Progress (1): 180/687 kB
Progress (1): 183/687 kB
Progress (1): 188/687 kB
Progress (1): 197/687 kB
Progress (1): 199/687 kB
Progress (1): 205/687 kB
Progress (1): 213/687 kB
Progress (1): 215/687 kB
Progress (1): 221/687 kB
Progress (1): 229/687 kB
Progress (1): 231/687 kB
Progress (1): 238/687 kB
Progress (1): 246/687 kB
Progress (1): 247/687 kB
Progress (1): 254/687 kB
Progress (1): 262/687 kB
Progress (1): 263/687 kB
Progress (1): 270/687 kB
Progress (1): 279/687 kB
Progress (1): 279/687 kB
Progress (1): 287/687 kB
Progress (1): 295/687 kB
Progress (1): 295/687 kB
Progress (1): 303/687 kB
Progress (1): 311/687 kB
Progress (1): 311/687 kB
Progress (1): 319/687 kB
Progress (1): 319/687 kB
Progress (1): 328/687 kB
Progress (1): 335/687 kB
Progress (1): 336/687 kB
Progress (1): 344/687 kB
Progress (1): 351/687 kB
Progress (1): 352/687 kB
Progress (1): 360/687 kB
Progress (1): 367/687 kB
Progress (1): 369/687 kB
Progress (1): 377/687 kB
Progress (1): 383/687 kB
Progress (1): 385/687 kB
Progress (1): 393/687 kB
Progress (1): 399/687 kB
Progress (1): 401/687 kB
Progress (1): 410/687 kB
Progress (1): 415/687 kB
Progress (1): 418/687 kB
Progress (1): 426/687 kB
Progress (1): 431/687 kB
Progress (1): 434/687 kB
Progress (1): 442/687 kB
Progress (1): 447/687 kB
Progress (1): 451/687 kB
Progress (1): 459/687 kB
Progress (1): 463/687 kB
Progress (1): 467/687 kB
Progress (1): 475/687 kB
Progress (1): 479/687 kB
Progress (1): 483/687 kB
Progress (1): 492/687 kB
Progress (1): 495/687 kB
Progress (1): 500/687 kB
Progress (1): 508/687 kB
Progress (1): 511/687 kB
Progress (1): 516/687 kB
Progress (1): 524/687 kB
Progress (1): 527/687 kB
Progress (1): 532/687 kB
Progress (1): 541/687 kB
Progress (1): 543/687 kB
Progress (1): 549/687 kB
Progress (1): 557/687 kB
Progress (1): 565/687 kB
Progress (1): 565/687 kB
Progress (1): 573/687 kB
Progress (1): 581/687 kB
Progress (1): 582/687 kB
Progress (1): 590/687 kB
Progress (1): 598/687 kB
Progress (1): 598/687 kB
Progress (1): 606/687 kB
Progress (1): 614/687 kB
Progress (1): 614/687 kB
Progress (1): 623/687 kB
Progress (1): 631/687 kB
Progress (1): 631/687 kB
Progress (1): 639/687 kB
Progress (1): 647/687 kB
Progress (1): 647/687 kB
Progress (1): 655/687 kB
Progress (1): 663/687 kB
Progress (1): 664/687 kB
Progress (1): 672/687 kB
Progress (1): 679/687 kB
Progress (1): 680/687 kB
Progress (1): 687 kB    
                    
Downloaded from apache.snapshots.https: https://repository.apache.org/content/repositories/snapshots/org/apache/xmlgraphics/xmlgraphics-commons/2.11.0-SNAPSHOT/xmlgraphics-commons-2.11.0-20251212.104635-17.jar (687 kB at 399 kB/s)
Downloading from central: https://repo1.maven.org/maven2/org/apache/ant/ant/1.10.14/ant-1.10.14.jar
Downloading from central: https://repo1.maven.org/maven2/org/apache/ant/ant-launcher/1.10.14/ant-launcher-1.10.14.jar
Downloading from central: https://repo1.maven.org/maven2/org/apache/pdfbox/fontbox/3.0.3/fontbox-3.0.3.jar
Downloading from central: https://repo1.maven.org/maven2/org/apache/pdfbox/pdfbox-io/3.0.3/pdfbox-io-3.0.3.jar
Progress (1): 0/2.3 MB
Progress (1): 0/2.3 MB
Progress (1): 0/2.3 MB
Progress (1): 0/2.3 MB
Progress (1): 0.1/2.3 MB
Progress (1): 0.1/2.3 MB
Progress (1): 0.1/2.3 MB
Progress (1): 0.1/2.3 MB
Progress (1): 0.1/2.3 MB
Progress (1): 0.1/2.3 MB
Progress (1): 0.2/2.3 MB
Progress (1): 0.2/2.3 MB
Progress (1): 0.2/2.3 MB
Progress (1): 0.2/2.3 MB
Progress (1): 0.2/2.3 MB
Progress (1): 0.2/2.3 MB
Progress (1): 0.3/2.3 MB
Progress (1): 0.3/2.3 MB
Progress (1): 0.3/2.3 MB
Progress (1): 0.3/2.3 MB
Progress (1): 0.3/2.3 MB
Progress (1): 0.3/2.3 MB
Progress (1): 0.4/2.3 MB
Progress (1): 0.4/2.3 MB
Progress (1): 0.4/2.3 MB
Progress (1): 0.4/2.3 MB
Progress (1): 0.4/2.3 MB
Progress (1): 0.4/2.3 MB
Progress (1): 0.5/2.3 MB
Progress (1): 0.5/2.3 MB
Progress (1): 0.5/2.3 MB
Progress (1): 0.5/2.3 MB
Progress (1): 0.5/2.3 MB
Progress (1): 0.5/2.3 MB
Progress (1): 0.6/2.3 MB
Progress (1): 0.6/2.3 MB
Progress (1): 0.6/2.3 MB
Progress (1): 0.6/2.3 MB
Progress (1): 0.6/2.3 MB
Progress (1): 0.6/2.3 MB
Progress (1): 0.7/2.3 MB
Progress (1): 0.7/2.3 MB
Progress (1): 0.7/2.3 MB
Progress (1): 0.7/2.3 MB
Progress (1): 0.7/2.3 MB
Progress (1): 0.7/2.3 MB
Progress (1): 0.8/2.3 MB
Progress (1): 0.8/2.3 MB
Progress (1): 0.8/2.3 MB
Progress (1): 0.8/2.3 MB
Progress (1): 0.8/2.3 MB
Progress (1): 0.8/2.3 MB
Progress (1): 0.9/2.3 MB
Progress (1): 0.9/2.3 MB
Progress (1): 0.9/2.3 MB
Progress (1): 0.9/2.3 MB
Progress (1): 0.9/2.3 MB
Progress (1): 0.9/2.3 MB
Progress (1): 0.9/2.3 MB
Progress (1): 1.0/2.3 MB
Progress (1): 1.0/2.3 MB
Progress (1): 1.0/2.3 MB
Progress (1): 1.0/2.3 MB
Progress (1): 1.0/2.3 MB
Progress (1): 1.0/2.3 MB
Progress (1): 1.1/2.3 MB
Progress (1): 1.1/2.3 MB
Progress (1): 1.1/2.3 MB
Progress (1): 1.1/2.3 MB
Progress (1): 1.1/2.3 MB
Progress (1): 1.1/2.3 MB
Progress (1): 1.2/2.3 MB
Progress (1): 1.2/2.3 MB
Progress (1): 1.2/2.3 MB
Progress (1): 1.2/2.3 MB
Progress (1): 1.2/2.3 MB
Progress (1): 1.2/2.3 MB
Progress (1): 1.3/2.3 MB
Progress (1): 1.3/2.3 MB
Progress (1): 1.3/2.3 MB
Progress (1): 1.3/2.3 MB
Progress (1): 1.3/2.3 MB
Progress (1): 1.3/2.3 MB
Progress (1): 1.4/2.3 MB
Progress (1): 1.4/2.3 MB
Progress (1): 1.4/2.3 MB
Progress (1): 1.4/2.3 MB
Progress (1): 1.4/2.3 MB
Progress (1): 1.4/2.3 MB
Progress (1): 1.5/2.3 MB
Progress (1): 1.5/2.3 MB
Progress (1): 1.5/2.3 MB
Progress (1): 1.5/2.3 MB
Progress (1): 1.5/2.3 MB
Progress (1): 1.5/2.3 MB
Progress (1): 1.6/2.3 MB
Progress (1): 1.6/2.3 MB
Progress (2): 1.6/2.3 MB | 0.9/19 kB
Progress (2): 1.6/2.3 MB | 2.3/19 kB
Progress (2): 1.6/2.3 MB | 3.6/19 kB
Progress (2): 1.6/2.3 MB | 5.0/19 kB
Progress (2): 1.6/2.3 MB | 6.4/19 kB
Progress (2): 1.6/2.3 MB | 7.7/19 kB
Progress (2): 1.6/2.3 MB | 9.1/19 kB
Progress (2): 1.6/2.3 MB | 10/19 kB 
Progress (2): 1.6/2.3 MB | 12/19 kB
Progress (2): 1.6/2.3 MB | 13/19 kB
Progress (2): 1.6/2.3 MB | 15/19 kB
Progress (2): 1.6/2.3 MB | 16/19 kB
Progress (2): 1.6/2.3 MB | 17/19 kB
Progress (2): 1.6/2.3 MB | 19/19 kB
Progress (2): 1.6/2.3 MB | 19 kB   
Progress (2): 1.6/2.3 MB | 19 kB
Progress (2): 1.6/2.3 MB | 19 kB
Progress (2): 1.6/2.3 MB | 19 kB
Progress (2): 1.6/2.3 MB | 19 kB
Progress (2): 1.7/2.3 MB | 19 kB
Progress (2): 1.7/2.3 MB | 19 kB
Progress (2): 1.7/2.3 MB | 19 kB
Progress (2): 1.7/2.3 MB | 19 kB
Progress (2): 1.7/2.3 MB | 19 kB
Progress (2): 1.7/2.3 MB | 19 kB
Progress (2): 1.8/2.3 MB | 19 kB
Progress (2): 1.8/2.3 MB | 19 kB
Progress (2): 1.8/2.3 MB | 19 kB
Progress (2): 1.8/2.3 MB | 19 kB
Progress (2): 1.8/2.3 MB | 19 kB
Progress (2): 1.8/2.3 MB | 19 kB
Progress (2): 1.9/2.3 MB | 19 kB
Progress (2): 1.9/2.3 MB | 19 kB
Progress (2): 1.9/2.3 MB | 19 kB
Progress (2): 1.9/2.3 MB | 19 kB
Progress (2): 1.9/2.3 MB | 19 kB
Progress (2): 1.9/2.3 MB | 19 kB
Progress (2): 1.9/2.3 MB | 19 kB
Progress (2): 2.0/2.3 MB | 19 kB
Progress (2): 2.0/2.3 MB | 19 kB
Progress (2): 2.0/2.3 MB | 19 kB
Progress (2): 2.0/2.3 MB | 19 kB
Progress (2): 2.0/2.3 MB | 19 kB
Progress (2): 2.0/2.3 MB | 19 kB
Progress (2): 2.1/2.3 MB | 19 kB
Progress (2): 2.1/2.3 MB | 19 kB
Progress (2): 2.1/2.3 MB | 19 kB
Progress (2): 2.1/2.3 MB | 19 kB
Progress (2): 2.1/2.3 MB | 19 kB
Progress (2): 2.1/2.3 MB | 19 kB
Progress (2): 2.2/2.3 MB | 19 kB
Progress (2): 2.2/2.3 MB | 19 kB
Progress (2): 2.2/2.3 MB | 19 kB
Progress (2): 2.2/2.3 MB | 19 kB
Progress (2): 2.2/2.3 MB | 19 kB
Progress (2): 2.2/2.3 MB | 19 kB
Progress (2): 2.3/2.3 MB | 19 kB
Progress (2): 2.3/2.3 MB | 19 kB
Progress (2): 2.3/2.3 MB | 19 kB
Progress (2): 2.3 MB | 19 kB    
                            
Downloaded from central: https://repo1.maven.org/maven2/org/apache/ant/ant-launcher/1.10.14/ant-launcher-1.10.14.jar (19 kB at 222 kB/s)
Progress (2): 2.3 MB | 0.9/48 kB
Progress (2): 2.3 MB | 2.3/48 kB
Progress (2): 2.3 MB | 3.6/48 kB
Progress (2): 2.3 MB | 5.0/48 kB
Progress (2): 2.3 MB | 6.4/48 kB
Progress (2): 2.3 MB | 7.7/48 kB
Progress (2): 2.3 MB | 9.1/48 kB
Progress (2): 2.3 MB | 10/48 kB 
Progress (2): 2.3 MB | 12/48 kB
Progress (2): 2.3 MB | 13/48 kB
Progress (2): 2.3 MB | 14/48 kB
Progress (2): 2.3 MB | 16/48 kB
Progress (2): 2.3 MB | 17/48 kB
Progress (2): 2.3 MB | 18/48 kB
Progress (2): 2.3 MB | 20/48 kB
Progress (2): 2.3 MB | 21/48 kB
Progress (2): 2.3 MB | 23/48 kB
Progress (2): 2.3 MB | 24/48 kB
Progress (2): 2.3 MB | 25/48 kB
Progress (2): 2.3 MB | 27/48 kB
Progress (2): 2.3 MB | 28/48 kB
Progress (2): 2.3 MB | 29/48 kB
Progress (2): 2.3 MB | 31/48 kB
Progress (2): 2.3 MB | 32/48 kB
Progress (2): 2.3 MB | 33/48 kB
Progress (2): 2.3 MB | 35/48 kB
Progress (2): 2.3 MB | 36/48 kB
Progress (2): 2.3 MB | 38/48 kB
Progress (2): 2.3 MB | 39/48 kB
Progress (2): 2.3 MB | 40/48 kB
Progress (2): 2.3 MB | 42/48 kB
Progress (2): 2.3 MB | 43/48 kB
Progress (2): 2.3 MB | 44/48 kB
Progress (2): 2.3 MB | 46/48 kB
Progress (2): 2.3 MB | 47/48 kB
Progress (2): 2.3 MB | 48 kB   
Progress (3): 2.3 MB | 48 kB | 0/1.6 MB
Progress (3): 2.3 MB | 48 kB | 0/1.6 MB
Progress (3): 2.3 MB | 48 kB | 0/1.6 MB
Progress (3): 2.3 MB | 48 kB | 0/1.6 MB
Progress (3): 2.3 MB | 48 kB | 0/1.6 MB
Progress (3): 2.3 MB | 48 kB | 0/1.6 MB
Progress (3): 2.3 MB | 48 kB | 0/1.6 MB
Progress (3): 2.3 MB | 48 kB | 0/1.6 MB
Progress (3): 2.3 MB | 48 kB | 0/1.6 MB
Progress (3): 2.3 MB | 48 kB | 0/1.6 MB
Progress (3): 2.3 MB | 48 kB | 0/1.6 MB
Progress (3): 2.3 MB | 48 kB | 0/1.6 MB
Progress (3): 2.3 MB | 48 kB | 0/1.6 MB
Progress (3): 2.3 MB | 48 kB | 0/1.6 MB
Progress (3): 2.3 MB | 48 kB | 0/1.6 MB
Progress (3): 2.3 MB | 48 kB | 0/1.6 MB
Progress (3): 2.3 MB | 48 kB | 0/1.6 MB
Progress (3): 2.3 MB | 48 kB | 0/1.6 MB
Progress (3): 2.3 MB | 48 kB | 0/1.6 MB
Progress (3): 2.3 MB | 48 kB | 0/1.6 MB
Progress (3): 2.3 MB | 48 kB | 0/1.6 MB
Progress (3): 2.3 MB | 48 kB | 0/1.6 MB
Progress (3): 2.3 MB | 48 kB | 0/1.6 MB
Progress (3): 2.3 MB | 48 kB | 0/1.6 MB
Progress (3): 2.3 MB | 48 kB | 0/1.6 MB
Progress (3): 2.3 MB | 48 kB | 0/1.6 MB
Progress (3): 2.3 MB | 48 kB | 0/1.6 MB
Progress (3): 2.3 MB | 48 kB | 0/1.6 MB
Progress (3): 2.3 MB | 48 kB | 0/1.6 MB
                                       
Downloaded from central: https://repo1.maven.org/maven2/org/apache/pdfbox/pdfbox-io/3.0.3/pdfbox-io-3.0.3.jar (48 kB at 437 kB/s)
Progress (2): 2.3 MB | 0/1.6 MB
Progress (2): 2.3 MB | 0/1.6 MB
                               
Downloaded from central: https://repo1.maven.org/maven2/org/apache/ant/ant/1.10.14/ant-1.10.14.jar (2.3 MB at 21 MB/s)
Progress (1): 0/1.6 MB
Progress (1): 0/1.6 MB
Progress (1): 0/1.6 MB
Progress (1): 0/1.6 MB
Progress (1): 0/1.6 MB
Progress (1): 0/1.6 MB
Progress (1): 0.1/1.6 MB
Progress (1): 0.1/1.6 MB
Progress (1): 0.1/1.6 MB
Progress (1): 0.1/1.6 MB
Progress (1): 0.1/1.6 MB
Progress (1): 0.1/1.6 MB
Progress (1): 0.1/1.6 MB
Progress (1): 0.1/1.6 MB
Progress (1): 0.1/1.6 MB
Progress (1): 0.1/1.6 MB
Progress (1): 0.1/1.6 MB
Progress (1): 0.1/1.6 MB
Progress (1): 0.1/1.6 MB
Progress (1): 0.1/1.6 MB
Progress (1): 0.1/1.6 MB
Progress (1): 0.1/1.6 MB
Progress (1): 0.1/1.6 MB
Progress (1): 0.1/1.6 MB
Progress (1): 0.1/1.6 MB
Progress (1): 0.1/1.6 MB
Progress (1): 0.1/1.6 MB
Progress (1): 0.1/1.6 MB
Progress (1): 0.1/1.6 MB
Progress (1): 0.1/1.6 MB
Progress (1): 0.1/1.6 MB
Progress (1): 0.1/1.6 MB
Progress (1): 0.1/1.6 MB
Progress (1): 0.2/1.6 MB
Progress (1): 0.2/1.6 MB
Progress (1): 0.2/1.6 MB
Progress (1): 0.2/1.6 MB
Progress (1): 0.2/1.6 MB
Progress (1): 0.2/1.6 MB
Progress (1): 0.2/1.6 MB
Progress (1): 0.2/1.6 MB
Progress (1): 0.2/1.6 MB
Progress (1): 0.2/1.6 MB
Progress (1): 0.2/1.6 MB
Progress (1): 0.2/1.6 MB
Progress (1): 0.2/1.6 MB
Progress (1): 0.2/1.6 MB
Progress (1): 0.2/1.6 MB
Progress (1): 0.2/1.6 MB
Progress (1): 0.2/1.6 MB
Progress (1): 0.2/1.6 MB
Progress (1): 0.3/1.6 MB
Progress (1): 0.3/1.6 MB
Progress (1): 0.3/1.6 MB
Progress (1): 0.3/1.6 MB
Progress (1): 0.3/1.6 MB
Progress (1): 0.3/1.6 MB
Progress (1): 0.4/1.6 MB
Progress (1): 0.4/1.6 MB
Progress (1): 0.4/1.6 MB
Progress (1): 0.4/1.6 MB
Progress (1): 0.4/1.6 MB
Progress (1): 0.4/1.6 MB
Progress (1): 0.5/1.6 MB
Progress (1): 0.5/1.6 MB
Progress (1): 0.5/1.6 MB
Progress (1): 0.5/1.6 MB
Progress (1): 0.5/1.6 MB
Progress (1): 0.5/1.6 MB
Progress (1): 0.5/1.6 MB
Progress (1): 0.6/1.6 MB
Progress (1): 0.6/1.6 MB
Progress (1): 0.6/1.6 MB
Progress (1): 0.6/1.6 MB
Progress (1): 0.6/1.6 MB
Progress (1): 0.6/1.6 MB
Progress (1): 0.7/1.6 MB
Progress (1): 0.7/1.6 MB
Progress (1): 0.7/1.6 MB
Progress (1): 0.7/1.6 MB
Progress (1): 0.7/1.6 MB
Progress (1): 0.7/1.6 MB
Progress (1): 0.8/1.6 MB
Progress (1): 0.8/1.6 MB
Progress (1): 0.8/1.6 MB
Progress (1): 0.8/1.6 MB
Progress (1): 0.8/1.6 MB
Progress (1): 0.8/1.6 MB
Progress (1): 0.9/1.6 MB
Progress (1): 0.9/1.6 MB
Progress (1): 0.9/1.6 MB
Progress (1): 0.9/1.6 MB
Progress (1): 0.9/1.6 MB
Progress (1): 0.9/1.6 MB
Progress (1): 1.0/1.6 MB
Progress (1): 1.0/1.6 MB
Progress (1): 1.0/1.6 MB
Progress (1): 1.0/1.6 MB
Progress (1): 1.0/1.6 MB
Progress (1): 1.0/1.6 MB
Progress (1): 1.1/1.6 MB
Progress (1): 1.1/1.6 MB
Progress (1): 1.1/1.6 MB
Progress (1): 1.1/1.6 MB
Progress (1): 1.1/1.6 MB
Progress (1): 1.1/1.6 MB
Progress (1): 1.2/1.6 MB
Progress (1): 1.2/1.6 MB
Progress (1): 1.2/1.6 MB
Progress (1): 1.2/1.6 MB
Progress (1): 1.2/1.6 MB
Progress (1): 1.2/1.6 MB
Progress (1): 1.2/1.6 MB
Progress (1): 1.3/1.6 MB
Progress (1): 1.3/1.6 MB
Progress (1): 1.3/1.6 MB
Progress (1): 1.3/1.6 MB
Progress (1): 1.3/1.6 MB
Progress (1): 1.3/1.6 MB
Progress (1): 1.4/1.6 MB
Progress (1): 1.4/1.6 MB
Progress (1): 1.4/1.6 MB
Progress (1): 1.4/1.6 MB
Progress (1): 1.4/1.6 MB
Progress (1): 1.4/1.6 MB
Progress (1): 1.4/1.6 MB
Progress (1): 1.4/1.6 MB
Progress (1): 1.5/1.6 MB
Progress (1): 1.5/1.6 MB
Progress (1): 1.5/1.6 MB
Progress (1): 1.5/1.6 MB
Progress (1): 1.5/1.6 MB
Progress (1): 1.5/1.6 MB
Progress (1): 1.6/1.6 MB
Progress (1): 1.6/1.6 MB
Progress (1): 1.6/1.6 MB
Progress (1): 1.6/1.6 MB
Progress (1): 1.6/1.6 MB
Progress (1): 1.6 MB    
                    
Downloaded from central: https://repo1.maven.org/maven2/org/apache/pdfbox/fontbox/3.0.3/fontbox-3.0.3.jar (1.6 MB at 7.0 MB/s)
[INFO] 
[INFO] --- xml:1.0.1:transform (generate-base14-fonts) @ fop-core ---
Downloading from central: https://repo1.maven.org/maven2/org/apache/maven/maven-plugin-api/3.0/maven-plugin-api-3.0.pom
Progress (1): 823 B
Progress (1): 2.3 kB
                    
Downloaded from central: https://repo1.maven.org/maven2/org/apache/maven/maven-plugin-api/3.0/maven-plugin-api-3.0.pom (2.3 kB at 44 kB/s)
Downloading from central: https://repo1.maven.org/maven2/org/apache/maven/maven/3.0/maven-3.0.pom
Progress (1): 759 B
Progress (1): 2.0 kB
Progress (1): 4.6 kB
Progress (1): 7.8 kB
Progress (1): 14 kB 
Progress (1): 18 kB
Progress (1): 21 kB
Progress (1): 22 kB
                   
Downloaded from central: https://repo1.maven.org/maven2/org/apache/maven/maven/3.0/maven-3.0.pom (22 kB at 391 kB/s)
Downloading from central: https://repo1.maven.org/maven2/org/apache/maven/maven-parent/15/maven-parent-15.pom
Progress (1): 743 B
Progress (1): 2.0 kB
Progress (1): 6.5 kB
Progress (1): 11 kB 
Progress (1): 15 kB
Progress (1): 17 kB
Progress (1): 20 kB
Progress (1): 24 kB
                   
Downloaded from central: https://repo1.maven.org/maven2/org/apache/maven/maven-parent/15/maven-parent-15.pom (24 kB at 393 kB/s)
Downloading from central: https://repo1.maven.org/maven2/org/apache/maven/maven-model/3.0/maven-model-3.0.pom
Progress (1): 793 B
Progress (1): 2.6 kB
Progress (1): 3.9 kB
                    
Downloaded from central: https://repo1.maven.org/maven2/org/apache/maven/maven-model/3.0/maven-model-3.0.pom (3.9 kB at 67 kB/s)
Downloading from central: https://repo1.maven.org/maven2/org/codehaus/plexus/plexus-utils/2.0.4/plexus-utils-2.0.4.pom
Progress (1): 819 B
Progress (1): 2.5 kB
Progress (1): 3.3 kB
                    
Downloaded from central: https://repo1.maven.org/maven2/org/codehaus/plexus/plexus-utils/2.0.4/plexus-utils-2.0.4.pom (3.3 kB at 65 kB/s)
Downloading from central: https://repo1.maven.org/maven2/org/apache/maven/maven-artifact/3.0/maven-artifact-3.0.pom
Progress (1): 850 B
Progress (1): 1.9 kB
                    
Downloaded from central: https://repo1.maven.org/maven2/org/apache/maven/maven-artifact/3.0/maven-artifact-3.0.pom (1.9 kB at 40 kB/s)
Downloading from central: https://repo1.maven.org/maven2/org/codehaus/plexus/plexus-component-annotations/1.5.4/plexus-component-annotations-1.5.4.pom
Progress (1): 815 B
                   
Downloaded from central: https://repo1.maven.org/maven2/org/codehaus/plexus/plexus-component-annotations/1.5.4/plexus-component-annotations-1.5.4.pom (815 B at 17 kB/s)
Downloading from central: https://repo1.maven.org/maven2/org/codehaus/plexus/plexus-containers/1.5.4/plexus-containers-1.5.4.pom
Progress (1): 1.3 kB
Progress (1): 4.2 kB
                    
Downloaded from central: https://repo1.maven.org/maven2/org/codehaus/plexus/plexus-containers/1.5.4/plexus-containers-1.5.4.pom (4.2 kB at 82 kB/s)
Downloading from central: https://repo1.maven.org/maven2/org/codehaus/plexus/plexus-classworlds/2.2.3/plexus-classworlds-2.2.3.pom
Progress (1): 952 B
Progress (1): 3.0 kB
Progress (1): 4.0 kB
                    
Downloaded from central: https://repo1.maven.org/maven2/org/codehaus/plexus/plexus-classworlds/2.2.3/plexus-classworlds-2.2.3.pom (4.0 kB at 24 kB/s)
Downloading from central: https://repo1.maven.org/maven2/org/apache/maven/maven-core/3.0/maven-core-3.0.pom
Progress (1): 799 B
Progress (1): 4.0 kB
Progress (1): 6.6 kB
                    
Downloaded from central: https://repo1.maven.org/maven2/org/apache/maven/maven-core/3.0/maven-core-3.0.pom (6.6 kB at 123 kB/s)
Downloading from central: https://repo1.maven.org/maven2/org/apache/maven/maven-settings/3.0/maven-settings-3.0.pom
Progress (1): 832 B
Progress (1): 1.9 kB
                    
Downloaded from central: https://repo1.maven.org/maven2/org/apache/maven/maven-settings/3.0/maven-settings-3.0.pom (1.9 kB at 38 kB/s)
Downloading from central: https://repo1.maven.org/maven2/org/apache/maven/maven-settings-builder/3.0/maven-settings-builder-3.0.pom
Progress (1): 823 B
Progress (1): 2.2 kB
                    
Downloaded from central: https://repo1.maven.org/maven2/org/apache/maven/maven-settings-builder/3.0/maven-settings-builder-3.0.pom (2.2 kB at 40 kB/s)
Downloading from central: https://repo1.maven.org/maven2/org/codehaus/plexus/plexus-interpolation/1.14/plexus-interpolation-1.14.pom
Progress (1): 910 B
                   
Downloaded from central: https://repo1.maven.org/maven2/org/codehaus/plexus/plexus-interpolation/1.14/plexus-interpolation-1.14.pom (910 B at 18 kB/s)
Downloading from central: https://repo1.maven.org/maven2/org/codehaus/plexus/plexus-components/1.1.18/plexus-components-1.1.18.pom
Progress (1): 1.5 kB
Progress (1): 3.8 kB
Progress (1): 5.4 kB
                    
Downloaded from central: https://repo1.maven.org/maven2/org/codehaus/plexus/plexus-components/1.1.18/plexus-components-1.1.18.pom (5.4 kB at 114 kB/s)
Downloading from central: https://repo1.maven.org/maven2/org/apache/maven/maven-repository-metadata/3.0/maven-repository-metadata-3.0.pom
Progress (1): 829 B
Progress (1): 1.9 kB
                    
Downloaded from central: https://repo1.maven.org/maven2/org/apache/maven/maven-repository-metadata/3.0/maven-repository-metadata-3.0.pom (1.9 kB at 27 kB/s)
Downloading from central: https://repo1.maven.org/maven2/org/apache/maven/maven-plugin-api/2.2.1/maven-plugin-api-2.2.1.pom
Progress (1): 845 B
Progress (1): 1.5 kB
                    
Downloaded from central: https://repo1.maven.org/maven2/org/apache/maven/maven-plugin-api/2.2.1/maven-plugin-api-2.2.1.pom (1.5 kB at 28 kB/s)
Downloading from central: https://repo1.maven.org/maven2/org/apache/maven/maven/2.2.1/maven-2.2.1.pom
Progress (1): 738 B
Progress (1): 1.9 kB
Progress (1): 5.8 kB
Progress (1): 9.1 kB
Progress (1): 12 kB 
Progress (1): 18 kB
Progress (1): 22 kB
Progress (1): 22 kB
                   
Downloaded from central: https://repo1.maven.org/maven2/org/apache/maven/maven/2.2.1/maven-2.2.1.pom (22 kB at 345 kB/s)
Downloading from central: https://repo1.maven.org/maven2/org/apache/maven/maven-model-builder/3.0/maven-model-builder-3.0.pom
Progress (1): 849 B
Progress (1): 2.2 kB
                    
Downloaded from central: https://repo1.maven.org/maven2/org/apache/maven/maven-model-builder/3.0/maven-model-builder-3.0.pom (2.2 kB at 41 kB/s)
Downloading from central: https://repo1.maven.org/maven2/org/apache/maven/maven-aether-provider/3.0/maven-aether-provider-3.0.pom
Progress (1): 823 B
Progress (1): 2.5 kB
                    
Downloaded from central: https://repo1.maven.org/maven2/org/apache/maven/maven-aether-provider/3.0/maven-aether-provider-3.0.pom (2.5 kB at 44 kB/s)
Downloading from central: https://repo1.maven.org/maven2/org/codehaus/plexus/plexus-utils/3.0.22/plexus-utils-3.0.22.pom
Progress (1): 812 B
Progress (1): 2.3 kB
Progress (1): 3.8 kB
                    
Downloaded from central: https://repo1.maven.org/maven2/org/codehaus/plexus/plexus-utils/3.0.22/plexus-utils-3.0.22.pom (3.8 kB at 65 kB/s)
Downloading from central: https://repo1.maven.org/maven2/org/codehaus/plexus/plexus-resources/1.0.1/plexus-resources-1.0.1.pom
Progress (1): 1.3 kB
                    
Downloaded from central: https://repo1.maven.org/maven2/org/codehaus/plexus/plexus-resources/1.0.1/plexus-resources-1.0.1.pom (1.3 kB at 29 kB/s)
Downloading from central: https://repo1.maven.org/maven2/org/codehaus/plexus/plexus-utils/3.0.8/plexus-utils-3.0.8.pom
Progress (1): 817 B
Progress (1): 2.3 kB
Progress (1): 3.1 kB
                    
Downloaded from central: https://repo1.maven.org/maven2/org/codehaus/plexus/plexus-utils/3.0.8/plexus-utils-3.0.8.pom (3.1 kB at 60 kB/s)
Downloading from central: https://repo1.maven.org/maven2/org/codehaus/plexus/plexus/3.2/plexus-3.2.pom
Progress (1): 705 B
Progress (1): 2.6 kB
Progress (1): 6.1 kB
Progress (1): 8.8 kB
Progress (1): 13 kB 
Progress (1): 17 kB
Progress (1): 19 kB
                   
Downloaded from central: https://repo1.maven.org/maven2/org/codehaus/plexus/plexus/3.2/plexus-3.2.pom (19 kB at 347 kB/s)
Downloading from central: https://repo1.maven.org/maven2/org/codehaus/plexus/plexus-io/2.6.1/plexus-io-2.6.1.pom
Progress (1): 1.4 kB
Progress (1): 4.0 kB
                    
Downloaded from central: https://repo1.maven.org/maven2/org/codehaus/plexus/plexus-io/2.6.1/plexus-io-2.6.1.pom (4.0 kB at 47 kB/s)
Downloading from central: https://repo1.maven.org/maven2/org/codehaus/plexus/plexus-utils/3.0.20/plexus-utils-3.0.20.pom
Progress (1): 817 B
Progress (1): 2.3 kB
Progress (1): 3.8 kB
                    
Downloaded from central: https://repo1.maven.org/maven2/org/codehaus/plexus/plexus-utils/3.0.20/plexus-utils-3.0.20.pom (3.8 kB at 71 kB/s)
Downloading from central: https://repo1.maven.org/maven2/org/apache/maven/maven-plugin-api/3.0/maven-plugin-api-3.0.jar
Downloading from central: https://repo1.maven.org/maven2/org/apache/maven/maven-model/3.0/maven-model-3.0.jar
Downloading from central: https://repo1.maven.org/maven2/org/apache/maven/maven-artifact/3.0/maven-artifact-3.0.jar
Downloading from central: https://repo1.maven.org/maven2/org/apache/maven/maven-core/3.0/maven-core-3.0.jar
Downloading from central: https://repo1.maven.org/maven2/org/apache/maven/maven-settings/3.0/maven-settings-3.0.jar
Progress (1): 7.7/52 kB
Progress (1): 16/52 kB 
Progress (1): 25/52 kB
Progress (1): 41/52 kB
Progress (1): 52 kB   
Progress (2): 52 kB | 1.4/527 kB
Progress (2): 52 kB | 2.7/527 kB
Progress (2): 52 kB | 4.1/527 kB
Progress (2): 52 kB | 5.5/527 kB
Progress (2): 52 kB | 6.8/527 kB
Progress (2): 52 kB | 8.2/527 kB
Progress (2): 52 kB | 9.6/527 kB
Progress (2): 52 kB | 11/527 kB 
Progress (2): 52 kB | 12/527 kB
Progress (2): 52 kB | 14/527 kB
Progress (2): 52 kB | 15/527 kB
Progress (2): 52 kB | 16/527 kB
Progress (2): 52 kB | 18/527 kB
Progress (2): 52 kB | 19/527 kB
Progress (2): 52 kB | 21/527 kB
Progress (2): 52 kB | 22/527 kB
Progress (2): 52 kB | 23/527 kB
Progress (3): 52 kB | 23/527 kB | 7.7/165 kB
Progress (3): 52 kB | 25/527 kB | 7.7/165 kB
Progress (3): 52 kB | 25/527 kB | 8.2/165 kB
Progress (3): 52 kB | 26/527 kB | 8.2/165 kB
Progress (3): 52 kB | 27/527 kB | 8.2/165 kB
Progress (3): 52 kB | 29/527 kB | 8.2/165 kB
Progress (3): 52 kB | 30/527 kB | 8.2/165 kB
Progress (3): 52 kB | 31/527 kB | 8.2/165 kB
Progress (3): 52 kB | 31/527 kB | 25/165 kB 
Progress (3): 52 kB | 33/527 kB | 25/165 kB
Progress (3): 52 kB | 33/527 kB | 41/165 kB
Progress (3): 52 kB | 34/527 kB | 41/165 kB
Progress (3): 52 kB | 38/527 kB | 41/165 kB
Progress (3): 52 kB | 43/527 kB | 41/165 kB
Progress (3): 52 kB | 43/527 kB | 57/165 kB
Progress (3): 52 kB | 47/527 kB | 57/165 kB
Progress (4): 52 kB | 47/527 kB | 57/165 kB | 0.9/49 kB
Progress (4): 52 kB | 47/527 kB | 66/165 kB | 0.9/49 kB
Progress (4): 52 kB | 51/527 kB | 66/165 kB | 0.9/49 kB
Progress (4): 52 kB | 51/527 kB | 74/165 kB | 0.9/49 kB
Progress (4): 52 kB | 55/527 kB | 74/165 kB | 0.9/49 kB
Progress (4): 52 kB | 60/527 kB | 74/165 kB | 0.9/49 kB
Progress (4): 52 kB | 60/527 kB | 82/165 kB | 0.9/49 kB
Progress (4): 52 kB | 60/527 kB | 90/165 kB | 0.9/49 kB
Progress (4): 52 kB | 60/527 kB | 106/165 kB | 0.9/49 kB
Progress (4): 52 kB | 60/527 kB | 106/165 kB | 2.3/49 kB
Progress (4): 52 kB | 60/527 kB | 106/165 kB | 3.6/49 kB
Progress (4): 52 kB | 60/527 kB | 123/165 kB | 3.6/49 kB
Progress (4): 52 kB | 60/527 kB | 139/165 kB | 3.6/49 kB
Progress (4): 52 kB | 60/527 kB | 139/165 kB | 5.0/49 kB
Progress (4): 52 kB | 60/527 kB | 139/165 kB | 6.4/49 kB
Progress (4): 52 kB | 60/527 kB | 156/165 kB | 6.4/49 kB
Progress (4): 52 kB | 60/527 kB | 156/165 kB | 8.2/49 kB
Progress (4): 52 kB | 60/527 kB | 165 kB | 8.2/49 kB    
Progress (4): 52 kB | 60/527 kB | 165 kB | 12/49 kB 
Progress (4): 52 kB | 60/527 kB | 165 kB | 17/49 kB
Progress (4): 52 kB | 60/527 kB | 165 kB | 21/49 kB
Progress (4): 52 kB | 60/527 kB | 165 kB | 25/49 kB
Progress (4): 52 kB | 60/527 kB | 165 kB | 29/49 kB
Progress (4): 52 kB | 60/527 kB | 165 kB | 33/49 kB
Progress (4): 52 kB | 60/527 kB | 165 kB | 37/49 kB
Progress (4): 52 kB | 60/527 kB | 165 kB | 41/49 kB
Progress (4): 52 kB | 60/527 kB | 165 kB | 46/49 kB
Progress (4): 52 kB | 60/527 kB | 165 kB | 49 kB   
Progress (4): 52 kB | 64/527 kB | 165 kB | 49 kB
Progress (4): 52 kB | 68/527 kB | 165 kB | 49 kB
Progress (4): 52 kB | 72/527 kB | 165 kB | 49 kB
Progress (4): 52 kB | 76/527 kB | 165 kB | 49 kB
Progress (4): 52 kB | 81/527 kB | 165 kB | 49 kB
Progress (4): 52 kB | 85/527 kB | 165 kB | 49 kB
Progress (4): 52 kB | 89/527 kB | 165 kB | 49 kB
Progress (4): 52 kB | 90/527 kB | 165 kB | 49 kB
Progress (4): 52 kB | 94/527 kB | 165 kB | 49 kB
Progress (4): 52 kB | 99/527 kB | 165 kB | 49 kB
Progress (4): 52 kB | 103/527 kB | 165 kB | 49 kB
Progress (4): 52 kB | 107/527 kB | 165 kB | 49 kB
                                                 
Downloaded from central: https://repo1.maven.org/maven2/org/apache/maven/maven-artifact/3.0/maven-artifact-3.0.jar (52 kB at 1.1 MB/s)
Downloading from central: https://repo1.maven.org/maven2/org/apache/maven/maven-settings-builder/3.0/maven-settings-builder-3.0.jar
Progress (3): 111/527 kB | 165 kB | 49 kB
Progress (3): 115/527 kB | 165 kB | 49 kB
Progress (3): 120/527 kB | 165 kB | 49 kB
Progress (3): 124/527 kB | 165 kB | 49 kB
Progress (3): 128/527 kB | 165 kB | 49 kB
Progress (3): 131/527 kB | 165 kB | 49 kB
Progress (3): 135/527 kB | 165 kB | 49 kB
Progress (3): 140/527 kB | 165 kB | 49 kB
Progress (3): 144/527 kB | 165 kB | 49 kB
Progress (3): 148/527 kB | 165 kB | 49 kB
Progress (3): 152/527 kB | 165 kB | 49 kB
Progress (3): 156/527 kB | 165 kB | 49 kB
Progress (3): 161/527 kB | 165 kB | 49 kB
Progress (3): 165/527 kB | 165 kB | 49 kB
Progress (3): 169/527 kB | 165 kB | 49 kB
Progress (3): 173/527 kB | 165 kB | 49 kB
Progress (3): 178/527 kB | 165 kB | 49 kB
Progress (3): 182/527 kB | 165 kB | 49 kB
Progress (3): 186/527 kB | 165 kB | 49 kB
Progress (3): 190/527 kB | 165 kB | 49 kB
Progress (3): 195/527 kB | 165 kB | 49 kB
Progress (3): 197/527 kB | 165 kB | 49 kB
Progress (3): 213/527 kB | 165 kB | 49 kB
                                         
Downloaded from central: https://repo1.maven.org/maven2/org/apache/maven/maven-model/3.0/maven-model-3.0.jar (165 kB at 2.9 MB/s)
Downloading from central: https://repo1.maven.org/maven2/org/apache/maven/maven-repository-metadata/3.0/maven-repository-metadata-3.0.jar
Downloaded from central: https://repo1.maven.org/maven2/org/apache/maven/maven-plugin-api/3.0/maven-plugin-api-3.0.jar (49 kB at 843 kB/s)
Downloading from central: https://repo1.maven.org/maven2/org/apache/maven/maven-model-builder/3.0/maven-model-builder-3.0.jar
Progress (1): 229/527 kB
Progress (1): 246/527 kB
Progress (1): 262/527 kB
Progress (1): 279/527 kB
Progress (1): 295/527 kB
Progress (1): 311/527 kB
Progress (1): 328/527 kB
Progress (1): 344/527 kB
Progress (1): 360/527 kB
Progress (1): 377/527 kB
Progress (1): 393/527 kB
Progress (1): 410/527 kB
Progress (1): 426/527 kB
Progress (1): 442/527 kB
Progress (1): 459/527 kB
Progress (1): 475/527 kB
Progress (1): 492/527 kB
Progress (1): 508/527 kB
Progress (1): 524/527 kB
Progress (1): 527 kB    
Progress (2): 527 kB | 0.9/47 kB
Progress (3): 527 kB | 0.9/47 kB | 3.8/38 kB
Progress (3): 527 kB | 2.3/47 kB | 3.8/38 kB
Progress (3): 527 kB | 3.6/47 kB | 3.8/38 kB
Progress (3): 527 kB | 3.6/47 kB | 8.0/38 kB
Progress (3): 527 kB | 5.0/47 kB | 8.0/38 kB
Progress (3): 527 kB | 5.0/47 kB | 12/38 kB 
Progress (3): 527 kB | 6.4/47 kB | 12/38 kB
Progress (3): 527 kB | 7.7/47 kB | 12/38 kB
Progress (3): 527 kB | 7.7/47 kB | 16/38 kB
Progress (3): 527 kB | 9.1/47 kB | 16/38 kB
Progress (3): 527 kB | 9.1/47 kB | 21/38 kB
Progress (3): 527 kB | 10/47 kB | 21/38 kB 
Progress (3): 527 kB | 10/47 kB | 25/38 kB
Progress (3): 527 kB | 12/47 kB | 25/38 kB
Progress (3): 527 kB | 13/47 kB | 25/38 kB
Progress (3): 527 kB | 13/47 kB | 29/38 kB
Progress (3): 527 kB | 15/47 kB | 29/38 kB
Progress (3): 527 kB | 16/47 kB | 29/38 kB
Progress (3): 527 kB | 16/47 kB | 33/38 kB
Progress (3): 527 kB | 17/47 kB | 33/38 kB
Progress (3): 527 kB | 19/47 kB | 33/38 kB
Progress (3): 527 kB | 19/47 kB | 37/38 kB
Progress (3): 527 kB | 20/47 kB | 37/38 kB
Progress (3): 527 kB | 21/47 kB | 37/38 kB
Progress (3): 527 kB | 21/47 kB | 38 kB   
Progress (3): 527 kB | 23/47 kB | 38 kB
Progress (3): 527 kB | 24/47 kB | 38 kB
Progress (3): 527 kB | 26/47 kB | 38 kB
Progress (3): 527 kB | 27/47 kB | 38 kB
Progress (3): 527 kB | 28/47 kB | 38 kB
Progress (3): 527 kB | 30/47 kB | 38 kB
Progress (3): 527 kB | 31/47 kB | 38 kB
Progress (3): 527 kB | 32/47 kB | 38 kB
Progress (3): 527 kB | 34/47 kB | 38 kB
Progress (3): 527 kB | 35/47 kB | 38 kB
Progress (3): 527 kB | 36/47 kB | 38 kB
Progress (3): 527 kB | 38/47 kB | 38 kB
Progress (3): 527 kB | 39/47 kB | 38 kB
Progress (3): 527 kB | 41/47 kB | 38 kB
Progress (3): 527 kB | 42/47 kB | 38 kB
Progress (3): 527 kB | 43/47 kB | 38 kB
Progress (3): 527 kB | 45/47 kB | 38 kB
Progress (3): 527 kB | 46/47 kB | 38 kB
Progress (3): 527 kB | 47 kB | 38 kB   
                                    
Downloaded from central: https://repo1.maven.org/maven2/org/apache/maven/maven-core/3.0/maven-core-3.0.jar (527 kB at 6.1 MB/s)
Downloading from central: https://repo1.maven.org/maven2/org/apache/maven/maven-aether-provider/3.0/maven-aether-provider-3.0.jar
Progress (3): 47 kB | 38 kB | 7.7/148 kB
                                        
Downloaded from central: https://repo1.maven.org/maven2/org/apache/maven/maven-settings-builder/3.0/maven-settings-builder-3.0.jar (38 kB at 389 kB/s)
Downloading from central: https://repo1.maven.org/maven2/org/codehaus/plexus/plexus-interpolation/1.14/plexus-interpolation-1.14.jar
Downloaded from central: https://repo1.maven.org/maven2/org/apache/maven/maven-settings/3.0/maven-settings-3.0.jar (47 kB at 476 kB/s)
Downloading from central: https://repo1.maven.org/maven2/org/codehaus/plexus/plexus-classworlds/2.2.3/plexus-classworlds-2.2.3.jar
Progress (1): 16/148 kB
Progress (2): 16/148 kB | 7.7/30 kB
Progress (2): 25/148 kB | 7.7/30 kB
Progress (2): 41/148 kB | 7.7/30 kB
Progress (2): 57/148 kB | 7.7/30 kB
Progress (2): 57/148 kB | 12/30 kB 
Progress (2): 74/148 kB | 12/30 kB
Progress (2): 74/148 kB | 28/30 kB
Progress (2): 90/148 kB | 28/30 kB
Progress (2): 90/148 kB | 30 kB   
Progress (2): 106/148 kB | 30 kB
Progress (2): 123/148 kB | 30 kB
Progress (2): 139/148 kB | 30 kB
Progress (2): 148 kB | 30 kB    
                            
Downloaded from central: https://repo1.maven.org/maven2/org/apache/maven/maven-repository-metadata/3.0/maven-repository-metadata-3.0.jar (30 kB at 271 kB/s)
Downloading from central: https://repo1.maven.org/maven2/org/codehaus/plexus/plexus-component-annotations/1.5.5/plexus-component-annotations-1.5.5.jar
Downloaded from central: https://repo1.maven.org/maven2/org/apache/maven/maven-model-builder/3.0/maven-model-builder-3.0.jar (148 kB at 1.3 MB/s)
Downloading from central: https://repo1.maven.org/maven2/org/codehaus/plexus/plexus-utils/3.0.22/plexus-utils-3.0.22.jar
Progress (1): 0.9/51 kB
Progress (1): 2.3/51 kB
Progress (1): 3.6/51 kB
Progress (1): 5.0/51 kB
Progress (1): 6.4/51 kB
Progress (1): 7.7/51 kB
Progress (1): 12/51 kB 
Progress (1): 16/51 kB
Progress (1): 20/51 kB
Progress (1): 25/51 kB
Progress (1): 29/51 kB
Progress (1): 33/51 kB
Progress (1): 37/51 kB
Progress (1): 41/51 kB
Progress (1): 46/51 kB
Progress (1): 50/51 kB
Progress (1): 51 kB   
Progress (2): 51 kB | 3.8/61 kB
Progress (2): 51 kB | 8.0/61 kB
Progress (2): 51 kB | 12/61 kB 
Progress (2): 51 kB | 16/61 kB
Progress (2): 51 kB | 20/61 kB
Progress (2): 51 kB | 24/61 kB
Progress (2): 51 kB | 29/61 kB
Progress (2): 51 kB | 33/61 kB
Progress (2): 51 kB | 37/61 kB
Progress (2): 51 kB | 41/61 kB
Progress (2): 51 kB | 45/61 kB
Progress (2): 51 kB | 50/61 kB
Progress (2): 51 kB | 54/61 kB
Progress (2): 51 kB | 58/61 kB
Progress (2): 51 kB | 61 kB   
Progress (3): 51 kB | 61 kB | 7.7/46 kB
                                       
Downloaded from central: https://repo1.maven.org/maven2/org/apache/maven/maven-aether-provider/3.0/maven-aether-provider-3.0.jar (51 kB at 376 kB/s)
Downloading from central: https://repo1.maven.org/maven2/org/codehaus/plexus/plexus-resources/1.0.1/plexus-resources-1.0.1.jar
Progress (2): 61 kB | 12/46 kB
Progress (2): 61 kB | 29/46 kB
Progress (2): 61 kB | 45/46 kB
Progress (2): 61 kB | 46 kB   
Progress (3): 61 kB | 46 kB | 4.2 kB
                                    
Downloaded from central: https://repo1.maven.org/maven2/org/codehaus/plexus/plexus-interpolation/1.14/plexus-interpolation-1.14.jar (61 kB at 415 kB/s)
Downloading from central: https://repo1.maven.org/maven2/org/codehaus/plexus/plexus-io/2.6.1/plexus-io-2.6.1.jar
Progress (3): 46 kB | 4.2 kB | 3.4/245 kB
Progress (3): 46 kB | 4.2 kB | 20/245 kB 
Progress (3): 46 kB | 4.2 kB | 36/245 kB
Progress (3): 46 kB | 4.2 kB | 53/245 kB
Progress (3): 46 kB | 4.2 kB | 69/245 kB
Progress (3): 46 kB | 4.2 kB | 77/245 kB
Progress (3): 46 kB | 4.2 kB | 94/245 kB
Progress (3): 46 kB | 4.2 kB | 110/245 kB
Progress (3): 46 kB | 4.2 kB | 126/245 kB
Progress (3): 46 kB | 4.2 kB | 134/245 kB
                                         
Downloaded from central: https://repo1.maven.org/maven2/org/codehaus/plexus/plexus-classworlds/2.2.3/plexus-classworlds-2.2.3.jar (46 kB at 297 kB/s)
Progress (2): 4.2 kB | 143/245 kB
Progress (2): 4.2 kB | 151/245 kB
Progress (2): 4.2 kB | 159/245 kB
Progress (2): 4.2 kB | 175/245 kB
Progress (2): 4.2 kB | 188/245 kB
Progress (2): 4.2 kB | 197/245 kB
Progress (2): 4.2 kB | 213/245 kB
Progress (2): 4.2 kB | 229/245 kB
Progress (2): 4.2 kB | 245 kB    
                             
Downloaded from central: https://repo1.maven.org/maven2/org/codehaus/plexus/plexus-component-annotations/1.5.5/plexus-component-annotations-1.5.5.jar (4.2 kB at 25 kB/s)
Downloaded from central: https://repo1.maven.org/maven2/org/codehaus/plexus/plexus-utils/3.0.22/plexus-utils-3.0.22.jar (245 kB at 1.4 MB/s)
Progress (1): 3.8/22 kB
Progress (1): 7.8/22 kB
Progress (1): 12/22 kB 
Progress (1): 16/22 kB
Progress (1): 22 kB   
Progress (2): 22 kB | 7.7/85 kB
Progress (2): 22 kB | 16/85 kB 
Progress (2): 22 kB | 25/85 kB
Progress (2): 22 kB | 41/85 kB
Progress (2): 22 kB | 57/85 kB
Progress (2): 22 kB | 74/85 kB
Progress (2): 22 kB | 85 kB   
                           
Downloaded from central: https://repo1.maven.org/maven2/org/codehaus/plexus/plexus-resources/1.0.1/plexus-resources-1.0.1.jar (22 kB at 115 kB/s)
Downloaded from central: https://repo1.maven.org/maven2/org/codehaus/plexus/plexus-io/2.6.1/plexus-io-2.6.1.jar (85 kB at 431 kB/s)
[INFO] Transforming file: D:\Khedma\Mr wiem\mutation-test-pipeline\target-repos\206318\fop-core\src\main\codegen\fonts\Courier.xml
[INFO] Transforming file: D:\Khedma\Mr wiem\mutation-test-pipeline\target-repos\206318\fop-core\src\main\codegen\fonts\CourierBold.xml
[INFO] Transforming file: D:\Khedma\Mr wiem\mutation-test-pipeline\target-repos\206318\fop-core\src\main\codegen\fonts\CourierBoldOblique.xml
[INFO] Transforming file: D:\Khedma\Mr wiem\mutation-test-pipeline\target-repos\206318\fop-core\src\main\codegen\fonts\CourierOblique.xml
[INFO] Transforming file: D:\Khedma\Mr wiem\mutation-test-pipeline\target-repos\206318\fop-core\src\main\codegen\fonts\Helvetica.xml
[INFO] Transforming file: D:\Khedma\Mr wiem\mutation-test-pipeline\target-repos\206318\fop-core\src\main\codegen\fonts\HelveticaBold.xml
[INFO] Transforming file: D:\Khedma\Mr wiem\mutation-test-pipeline\target-repos\206318\fop-core\src\main\codegen\fonts\HelveticaBoldOblique.xml
[INFO] Transforming file: D:\Khedma\Mr wiem\mutation-test-pipeline\target-repos\206318\fop-core\src\main\codegen\fonts\HelveticaOblique.xml
[INFO] Transforming file: D:\Khedma\Mr wiem\mutation-test-pipeline\target-repos\206318\fop-core\src\main\codegen\fonts\TimesBold.xml
[INFO] Transforming file: D:\Khedma\Mr wiem\mutation-test-pipeline\target-repos\206318\fop-core\src\main\codegen\fonts\TimesBoldItalic.xml
[INFO] Transforming file: D:\Khedma\Mr wiem\mutation-test-pipeline\target-repos\206318\fop-core\src\main\codegen\fonts\TimesItalic.xml
[INFO] Transforming file: D:\Khedma\Mr wiem\mutation-test-pipeline\target-repos\206318\fop-core\src\main\codegen\fonts\TimesRoman.xml
[INFO] Transformed 12 file(s).
[INFO] Transforming file: D:\Khedma\Mr wiem\mutation-test-pipeline\target-repos\206318\fop-core\src\main\codegen\fonts\Symbol.xml
[INFO] Transforming file: D:\Khedma\Mr wiem\mutation-test-pipeline\target-repos\206318\fop-core\src\main\codegen\fonts\ZapfDingbats.xml
[INFO] Transformed 2 file(s).
[INFO] 
[INFO] --- xml:1.0.1:transform (codegen-fonts-encodings) @ fop-core ---
[INFO] Transforming file: D:\Khedma\Mr wiem\mutation-test-pipeline\target-repos\206318\fop-core\src\main\codegen\fonts\encodings.xml
[INFO] Transformed 1 file(s).
[INFO] 
[INFO] --- build-helper:1.9.1:add-source (add-generated-sources) @ fop-core ---
Downloading from central: https://repo1.maven.org/maven2/org/apache/maven/maven-model/2.2.1/maven-model-2.2.1.pom
Progress (1): 809 B
Progress (1): 3.0 kB
Progress (1): 3.2 kB
                    
Downloaded from central: https://repo1.maven.org/maven2/org/apache/maven/maven-model/2.2.1/maven-model-2.2.1.pom (3.2 kB at 68 kB/s)
Downloading from central: https://repo1.maven.org/maven2/org/codehaus/plexus/plexus-utils/1.5.15/plexus-utils-1.5.15.pom
Progress (1): 794 B
Progress (1): 2.2 kB
Progress (1): 4.8 kB
Progress (1): 6.8 kB
                    
Downloaded from central: https://repo1.maven.org/maven2/org/codehaus/plexus/plexus-utils/1.5.15/plexus-utils-1.5.15.pom (6.8 kB at 156 kB/s)
Downloading from central: https://repo1.maven.org/maven2/org/apache/maven/maven-project/2.2.1/maven-project-2.2.1.pom
Progress (1): 827 B
Progress (1): 2.8 kB
                    
Downloaded from central: https://repo1.maven.org/maven2/org/apache/maven/maven-project/2.2.1/maven-project-2.2.1.pom (2.8 kB at 64 kB/s)
Downloading from central: https://repo1.maven.org/maven2/org/apache/maven/maven-settings/2.2.1/maven-settings-2.2.1.pom
Progress (1): 820 B
Progress (1): 2.2 kB
                    
Downloaded from central: https://repo1.maven.org/maven2/org/apache/maven/maven-settings/2.2.1/maven-settings-2.2.1.pom (2.2 kB at 44 kB/s)
Downloading from central: https://repo1.maven.org/maven2/org/codehaus/plexus/plexus-interpolation/1.11/plexus-interpolation-1.11.pom
Progress (1): 889 B
                   
Downloaded from central: https://repo1.maven.org/maven2/org/codehaus/plexus/plexus-interpolation/1.11/plexus-interpolation-1.11.pom (889 B at 12 kB/s)
Downloading from central: https://repo1.maven.org/maven2/org/codehaus/plexus/plexus-components/1.1.14/plexus-components-1.1.14.pom
Progress (1): 1.2 kB
Progress (1): 3.7 kB
Progress (1): 5.8 kB
                    
Downloaded from central: https://repo1.maven.org/maven2/org/codehaus/plexus/plexus-components/1.1.14/plexus-components-1.1.14.pom (5.8 kB at 112 kB/s)
Downloading from central: https://repo1.maven.org/maven2/org/apache/maven/maven-profile/2.2.1/maven-profile-2.2.1.pom
Progress (1): 829 B
Progress (1): 2.2 kB
                    
Downloaded from central: https://repo1.maven.org/maven2/org/apache/maven/maven-profile/2.2.1/maven-profile-2.2.1.pom (2.2 kB at 43 kB/s)
Downloading from central: https://repo1.maven.org/maven2/org/apache/maven/maven-artifact-manager/2.2.1/maven-artifact-manager-2.2.1.pom
Progress (1): 813 B
Progress (1): 3.1 kB
                    
Downloaded from central: https://repo1.maven.org/maven2/org/apache/maven/maven-artifact-manager/2.2.1/maven-artifact-manager-2.2.1.pom (3.1 kB at 54 kB/s)
Downloading from central: https://repo1.maven.org/maven2/org/apache/maven/maven-repository-metadata/2.2.1/maven-repository-metadata-2.2.1.pom
Progress (1): 830 B
Progress (1): 1.9 kB
                    
Downloaded from central: https://repo1.maven.org/maven2/org/apache/maven/maven-repository-metadata/2.2.1/maven-repository-metadata-2.2.1.pom (1.9 kB at 18 kB/s)
Downloading from central: https://repo1.maven.org/maven2/org/apache/maven/maven-artifact/2.2.1/maven-artifact-2.2.1.pom
Progress (1): 844 B
Progress (1): 1.6 kB
                    
Downloaded from central: https://repo1.maven.org/maven2/org/apache/maven/maven-artifact/2.2.1/maven-artifact-2.2.1.pom (1.6 kB at 29 kB/s)
Downloading from central: https://repo1.maven.org/maven2/org/apache/maven/maven-plugin-registry/2.2.1/maven-plugin-registry-2.2.1.pom
Progress (1): 829 B
Progress (1): 1.9 kB
                    
Downloaded from central: https://repo1.maven.org/maven2/org/apache/maven/maven-plugin-registry/2.2.1/maven-plugin-registry-2.2.1.pom (1.9 kB at 39 kB/s)
Downloading from central: https://repo1.maven.org/maven2/org/apache/maven/maven-core/2.2.1/maven-core-2.2.1.pom
Progress (1): 772 B
Progress (1): 2.5 kB
Progress (1): 6.9 kB
Progress (1): 9.9 kB
Progress (1): 12 kB 
                   
Downloaded from central: https://repo1.maven.org/maven2/org/apache/maven/maven-core/2.2.1/maven-core-2.2.1.pom (12 kB at 224 kB/s)
Downloading from central: https://repo1.maven.org/maven2/org/apache/maven/maven-plugin-parameter-documenter/2.2.1/maven-plugin-parameter-documenter-2.2.1.pom
Progress (1): 828 B
Progress (1): 2.0 kB
                    
Downloaded from central: https://repo1.maven.org/maven2/org/apache/maven/maven-plugin-parameter-documenter/2.2.1/maven-plugin-parameter-documenter-2.2.1.pom (2.0 kB at 42 kB/s)
Downloading from central: https://repo1.maven.org/maven2/org/slf4j/slf4j-jdk14/1.5.6/slf4j-jdk14-1.5.6.pom
Progress (1): 1.4 kB
Progress (1): 1.9 kB
                    
Downloaded from central: https://repo1.maven.org/maven2/org/slf4j/slf4j-jdk14/1.5.6/slf4j-jdk14-1.5.6.pom (1.9 kB at 43 kB/s)
Downloading from central: https://repo1.maven.org/maven2/org/slf4j/slf4j-parent/1.5.6/slf4j-parent-1.5.6.pom
Progress (1): 1.2 kB
Progress (1): 3.3 kB
Progress (1): 6.3 kB
Progress (1): 7.9 kB
                    
Downloaded from central: https://repo1.maven.org/maven2/org/slf4j/slf4j-parent/1.5.6/slf4j-parent-1.5.6.pom (7.9 kB at 165 kB/s)
Downloading from central: https://repo1.maven.org/maven2/org/slf4j/slf4j-api/1.5.6/slf4j-api-1.5.6.pom
Progress (1): 1.4 kB
Progress (1): 3.0 kB
                    
Downloaded from central: https://repo1.maven.org/maven2/org/slf4j/slf4j-api/1.5.6/slf4j-api-1.5.6.pom (3.0 kB at 57 kB/s)
Downloading from central: https://repo1.maven.org/maven2/org/slf4j/jcl-over-slf4j/1.5.6/jcl-over-slf4j-1.5.6.pom
Progress (1): 1.4 kB
Progress (1): 2.2 kB
                    
Downloaded from central: https://repo1.maven.org/maven2/org/slf4j/jcl-over-slf4j/1.5.6/jcl-over-slf4j-1.5.6.pom (2.2 kB at 49 kB/s)
Downloading from central: https://repo1.maven.org/maven2/org/apache/maven/reporting/maven-reporting-api/2.2.1/maven-reporting-api-2.2.1.pom
Progress (1): 829 B
Progress (1): 1.9 kB
                    
Downloaded from central: https://repo1.maven.org/maven2/org/apache/maven/reporting/maven-reporting-api/2.2.1/maven-reporting-api-2.2.1.pom (1.9 kB at 38 kB/s)
Downloading from central: https://repo1.maven.org/maven2/org/apache/maven/reporting/maven-reporting/2.2.1/maven-reporting-2.2.1.pom
Progress (1): 845 B
Progress (1): 1.4 kB
                    
Downloaded from central: https://repo1.maven.org/maven2/org/apache/maven/reporting/maven-reporting/2.2.1/maven-reporting-2.2.1.pom (1.4 kB at 28 kB/s)
Downloading from central: https://repo1.maven.org/maven2/org/apache/maven/doxia/doxia-sink-api/1.1/doxia-sink-api-1.1.pom
Progress (1): 827 B
Progress (1): 2.0 kB
                    
Downloaded from central: https://repo1.maven.org/maven2/org/apache/maven/doxia/doxia-sink-api/1.1/doxia-sink-api-1.1.pom (2.0 kB at 40 kB/s)
Downloading from central: https://repo1.maven.org/maven2/org/apache/maven/doxia/doxia/1.1/doxia-1.1.pom
Progress (1): 750 B
Progress (1): 2.1 kB
Progress (1): 5.3 kB
Progress (1): 10 kB 
Progress (1): 13 kB
Progress (1): 15 kB
                   
Downloaded from central: https://repo1.maven.org/maven2/org/apache/maven/doxia/doxia/1.1/doxia-1.1.pom (15 kB at 276 kB/s)
Downloading from central: https://repo1.maven.org/maven2/org/apache/maven/doxia/doxia-logging-api/1.1/doxia-logging-api-1.1.pom
Progress (1): 832 B
Progress (1): 1.6 kB
                    
Downloaded from central: https://repo1.maven.org/maven2/org/apache/maven/doxia/doxia-logging-api/1.1/doxia-logging-api-1.1.pom (1.6 kB at 29 kB/s)
Downloading from central: https://repo1.maven.org/maven2/org/apache/maven/maven-error-diagnostics/2.2.1/maven-error-diagnostics-2.2.1.pom
Progress (1): 831 B
Progress (1): 1.7 kB
                    
Downloaded from central: https://repo1.maven.org/maven2/org/apache/maven/maven-error-diagnostics/2.2.1/maven-error-diagnostics-2.2.1.pom (1.7 kB at 25 kB/s)
Downloading from central: https://repo1.maven.org/maven2/org/apache/commons/commons-parent/11/commons-parent-11.pom
Progress (1): 746 B
Progress (1): 2.0 kB
Progress (1): 4.8 kB
Progress (1): 8.8 kB
Progress (1): 11 kB 
Progress (1): 15 kB
Progress (1): 21 kB
Progress (1): 23 kB
Progress (1): 25 kB
                   
Downloaded from central: https://repo1.maven.org/maven2/org/apache/commons/commons-parent/11/commons-parent-11.pom (25 kB at 503 kB/s)
Downloading from central: https://repo1.maven.org/maven2/org/apache/maven/maven-plugin-api/2.0.1/maven-plugin-api-2.0.1.pom
Progress (1): 643 B
                   
Downloaded from central: https://repo1.maven.org/maven2/org/apache/maven/maven-plugin-api/2.0.1/maven-plugin-api-2.0.1.pom (643 B at 11 kB/s)
Downloading from central: https://repo1.maven.org/maven2/org/apache/maven/maven/2.0.1/maven-2.0.1.pom
Progress (1): 926 B
Progress (1): 4.0 kB
Progress (1): 8.3 kB
Progress (1): 11 kB 
                   
Downloaded from central: https://repo1.maven.org/maven2/org/apache/maven/maven/2.0.1/maven-2.0.1.pom (11 kB at 198 kB/s)
Downloading from central: https://repo1.maven.org/maven2/org/apache/maven/maven-plugin-descriptor/2.2.1/maven-plugin-descriptor-2.2.1.pom
Progress (1): 829 B
Progress (1): 2.1 kB
                    
Downloaded from central: https://repo1.maven.org/maven2/org/apache/maven/maven-plugin-descriptor/2.2.1/maven-plugin-descriptor-2.2.1.pom (2.1 kB at 35 kB/s)
Downloading from central: https://repo1.maven.org/maven2/org/apache/maven/maven-monitor/2.2.1/maven-monitor-2.2.1.pom
Progress (1): 846 B
Progress (1): 1.3 kB
                    
Downloaded from central: https://repo1.maven.org/maven2/org/apache/maven/maven-monitor/2.2.1/maven-monitor-2.2.1.pom (1.3 kB at 23 kB/s)
Downloading from central: https://repo1.maven.org/maven2/org/apache/maven/maven-model/2.2.1/maven-model-2.2.1.jar
Downloading from central: https://repo1.maven.org/maven2/org/apache/maven/maven-project/2.2.1/maven-project-2.2.1.jar
Downloading from central: https://repo1.maven.org/maven2/org/apache/maven/maven-settings/2.2.1/maven-settings-2.2.1.jar
Downloading from central: https://repo1.maven.org/maven2/org/apache/maven/maven-profile/2.2.1/maven-profile-2.2.1.jar
Downloading from central: https://repo1.maven.org/maven2/org/apache/maven/maven-artifact-manager/2.2.1/maven-artifact-manager-2.2.1.jar
Progress (1): 7.7/88 kB
Progress (1): 16/88 kB 
Progress (1): 25/88 kB
Progress (1): 41/88 kB
Progress (1): 57/88 kB
Progress (1): 74/88 kB
Progress (1): 88 kB   
Progress (2): 88 kB | 7.7/68 kB
Progress (3): 88 kB | 7.7/68 kB | 7.7/156 kB
Progress (3): 88 kB | 16/68 kB | 7.7/156 kB 
Progress (3): 88 kB | 32/68 kB | 7.7/156 kB
Progress (3): 88 kB | 49/68 kB | 7.7/156 kB
Progress (3): 88 kB | 65/68 kB | 7.7/156 kB
Progress (3): 88 kB | 68 kB | 7.7/156 kB   
Progress (3): 88 kB | 68 kB | 16/156 kB 
Progress (4): 88 kB | 68 kB | 16/156 kB | 7.7/35 kB
Progress (4): 88 kB | 68 kB | 25/156 kB | 7.7/35 kB
Progress (4): 88 kB | 68 kB | 41/156 kB | 7.7/35 kB
Progress (4): 88 kB | 68 kB | 57/156 kB | 7.7/35 kB
Progress (5): 88 kB | 68 kB | 57/156 kB | 7.7/35 kB | 3.8/49 kB
Progress (5): 88 kB | 68 kB | 74/156 kB | 7.7/35 kB | 3.8/49 kB
Progress (5): 88 kB | 68 kB | 82/156 kB | 7.7/35 kB | 3.8/49 kB
Progress (5): 88 kB | 68 kB | 82/156 kB | 7.7/35 kB | 8.0/49 kB
                                                               
Downloaded from central: https://repo1.maven.org/maven2/org/apache/maven/maven-model/2.2.1/maven-model-2.2.1.jar (88 kB at 1.5 MB/s)
Progress (4): 68 kB | 90/156 kB | 7.7/35 kB | 8.0/49 kB
                                                       
Downloading from central: https://repo1.maven.org/maven2/org/apache/maven/maven-plugin-registry/2.2.1/maven-plugin-registry-2.2.1.jar
Progress (4): 68 kB | 90/156 kB | 7.7/35 kB | 12/49 kB
Progress (4): 68 kB | 90/156 kB | 7.7/35 kB | 16/49 kB
Progress (4): 68 kB | 98/156 kB | 7.7/35 kB | 16/49 kB
Progress (4): 68 kB | 98/156 kB | 12/35 kB | 16/49 kB 
Progress (4): 68 kB | 98/156 kB | 12/35 kB | 20/49 kB
Progress (4): 68 kB | 106/156 kB | 12/35 kB | 20/49 kB
Progress (4): 68 kB | 106/156 kB | 12/35 kB | 24/49 kB
Progress (4): 68 kB | 115/156 kB | 12/35 kB | 24/49 kB
Progress (4): 68 kB | 115/156 kB | 28/35 kB | 24/49 kB
Progress (4): 68 kB | 115/156 kB | 28/35 kB | 29/49 kB
Progress (4): 68 kB | 115/156 kB | 28/35 kB | 33/49 kB
Progress (4): 68 kB | 115/156 kB | 35 kB | 33/49 kB   
Progress (4): 68 kB | 123/156 kB | 35 kB | 33/49 kB
Progress (4): 68 kB | 123/156 kB | 35 kB | 37/49 kB
Progress (4): 68 kB | 123/156 kB | 35 kB | 41/49 kB
Progress (4): 68 kB | 131/156 kB | 35 kB | 41/49 kB
Progress (4): 68 kB | 131/156 kB | 35 kB | 45/49 kB
Progress (4): 68 kB | 139/156 kB | 35 kB | 45/49 kB
Progress (4): 68 kB | 139/156 kB | 35 kB | 49 kB   
Progress (4): 68 kB | 147/156 kB | 35 kB | 49 kB
Progress (4): 68 kB | 156 kB | 35 kB | 49 kB    
                                            
Downloaded from central: https://repo1.maven.org/maven2/org/apache/maven/maven-artifact-manager/2.2.1/maven-artifact-manager-2.2.1.jar (68 kB at 994 kB/s)
Downloading from central: https://repo1.maven.org/maven2/org/codehaus/plexus/plexus-interpolation/1.11/plexus-interpolation-1.11.jar
Downloaded from central: https://repo1.maven.org/maven2/org/apache/maven/maven-profile/2.2.1/maven-profile-2.2.1.jar (35 kB at 491 kB/s)
Downloading from central: https://repo1.maven.org/maven2/org/apache/maven/maven-core/2.2.1/maven-core-2.2.1.jar
Downloaded from central: https://repo1.maven.org/maven2/org/apache/maven/maven-settings/2.2.1/maven-settings-2.2.1.jar (49 kB at 672 kB/s)
Downloading from central: https://repo1.maven.org/maven2/org/apache/maven/maven-plugin-parameter-documenter/2.2.1/maven-plugin-parameter-documenter-2.2.1.jar
Downloaded from central: https://repo1.maven.org/maven2/org/apache/maven/maven-project/2.2.1/maven-project-2.2.1.jar (156 kB at 2.1 MB/s)
Downloading from central: https://repo1.maven.org/maven2/org/slf4j/slf4j-jdk14/1.5.6/slf4j-jdk14-1.5.6.jar
Progress (1): 7.7/30 kB
Progress (1): 16/30 kB 
Progress (1): 30 kB   
                   
Downloaded from central: https://repo1.maven.org/maven2/org/apache/maven/maven-plugin-registry/2.2.1/maven-plugin-registry-2.2.1.jar (30 kB at 297 kB/s)
Downloading from central: https://repo1.maven.org/maven2/org/slf4j/slf4j-api/1.5.6/slf4j-api-1.5.6.jar
Progress (1): 7.7/51 kB
Progress (1): 16/51 kB 
Progress (1): 32/51 kB
Progress (1): 49/51 kB
Progress (1): 51 kB   
Progress (2): 51 kB | 7.7/8.8 kB
Progress (2): 51 kB | 8.2/8.8 kB
Progress (3): 51 kB | 8.2/8.8 kB | 3.8/178 kB
Progress (4): 51 kB | 8.2/8.8 kB | 3.8/178 kB | 7.7/22 kB
Progress (4): 51 kB | 8.2/8.8 kB | 8.0/178 kB | 7.7/22 kB
Progress (4): 51 kB | 8.8 kB | 8.0/178 kB | 7.7/22 kB    
Progress (4): 51 kB | 8.8 kB | 12/178 kB | 7.7/22 kB 
Progress (4): 51 kB | 8.8 kB | 16/178 kB | 7.7/22 kB
Progress (4): 51 kB | 8.8 kB | 21/178 kB | 7.7/22 kB
Progress (4): 51 kB | 8.8 kB | 21/178 kB | 8.2/22 kB
Progress (4): 51 kB | 8.8 kB | 25/178 kB | 8.2/22 kB
Progress (4): 51 kB | 8.8 kB | 29/178 kB | 8.2/22 kB
Progress (4): 51 kB | 8.8 kB | 33/178 kB | 8.2/22 kB
Progress (4): 51 kB | 8.8 kB | 38/178 kB | 8.2/22 kB
Progress (4): 51 kB | 8.8 kB | 42/178 kB | 8.2/22 kB
Progress (4): 51 kB | 8.8 kB | 42/178 kB | 22 kB    
Progress (4): 51 kB | 8.8 kB | 46/178 kB | 22 kB
Progress (4): 51 kB | 8.8 kB | 50/178 kB | 22 kB
Progress (4): 51 kB | 8.8 kB | 54/178 kB | 22 kB
Progress (4): 51 kB | 8.8 kB | 59/178 kB | 22 kB
Progress (4): 51 kB | 8.8 kB | 63/178 kB | 22 kB
Progress (4): 51 kB | 8.8 kB | 67/178 kB | 22 kB
Progress (4): 51 kB | 8.8 kB | 71/178 kB | 22 kB
Progress (4): 51 kB | 8.8 kB | 88/178 kB | 22 kB
Progress (4): 51 kB | 8.8 kB | 104/178 kB | 22 kB
Progress (4): 51 kB | 8.8 kB | 121/178 kB | 22 kB
Progress (4): 51 kB | 8.8 kB | 137/178 kB | 22 kB
Progress (4): 51 kB | 8.8 kB | 153/178 kB | 22 kB
Progress (4): 51 kB | 8.8 kB | 170/178 kB | 22 kB
Progress (4): 51 kB | 8.8 kB | 178 kB | 22 kB    
                                             
Downloaded from central: https://repo1.maven.org/maven2/org/codehaus/plexus/plexus-interpolation/1.11/plexus-interpolation-1.11.jar (51 kB at 380 kB/s)
Downloading from central: https://repo1.maven.org/maven2/org/slf4j/jcl-over-slf4j/1.5.6/jcl-over-slf4j-1.5.6.jar
Progress (4): 8.8 kB | 178 kB | 22 kB | 7.7/22 kB
Progress (4): 8.8 kB | 178 kB | 22 kB | 16/22 kB 
Progress (4): 8.8 kB | 178 kB | 22 kB | 22 kB   
                                             
Downloaded from central: https://repo1.maven.org/maven2/org/apache/maven/maven-plugin-parameter-documenter/2.2.1/maven-plugin-parameter-documenter-2.2.1.jar (22 kB at 152 kB/s)
Downloading from central: https://repo1.maven.org/maven2/org/apache/maven/reporting/maven-reporting-api/2.2.1/maven-reporting-api-2.2.1.jar
Downloaded from central: https://repo1.maven.org/maven2/org/slf4j/slf4j-jdk14/1.5.6/slf4j-jdk14-1.5.6.jar (8.8 kB at 60 kB/s)
Downloading from central: https://repo1.maven.org/maven2/org/apache/maven/doxia/doxia-sink-api/1.1/doxia-sink-api-1.1.jar
Downloaded from central: https://repo1.maven.org/maven2/org/apache/maven/maven-core/2.2.1/maven-core-2.2.1.jar (178 kB at 1.2 MB/s)
Downloading from central: https://repo1.maven.org/maven2/org/apache/maven/doxia/doxia-logging-api/1.1/doxia-logging-api-1.1.jar
Downloaded from central: https://repo1.maven.org/maven2/org/slf4j/slf4j-api/1.5.6/slf4j-api-1.5.6.jar (22 kB at 147 kB/s)
Downloading from central: https://repo1.maven.org/maven2/org/apache/maven/maven-repository-metadata/2.2.1/maven-repository-metadata-2.2.1.jar
Progress (1): 7.7/17 kB
Progress (2): 7.7/17 kB | 7.7/9.8 kB
Progress (2): 16/17 kB | 7.7/9.8 kB 
Progress (2): 16/17 kB | 9.8 kB    
Progress (2): 17 kB | 9.8 kB   
Progress (3): 17 kB | 9.8 kB | 7.7/11 kB
Progress (4): 17 kB | 9.8 kB | 7.7/11 kB | 3.4/13 kB
Progress (4): 17 kB | 9.8 kB | 7.7/11 kB | 13 kB    
Progress (4): 17 kB | 9.8 kB | 11 kB | 13 kB    
Progress (5): 17 kB | 9.8 kB | 11 kB | 13 kB | 7.7/26 kB
Progress (5): 17 kB | 9.8 kB | 11 kB | 13 kB | 16/26 kB 
Progress (5): 17 kB | 9.8 kB | 11 kB | 13 kB | 26 kB   
                                                    
Downloaded from central: https://repo1.maven.org/maven2/org/apache/maven/doxia/doxia-sink-api/1.1/doxia-sink-api-1.1.jar (13 kB at 57 kB/s)
Downloading from central: https://repo1.maven.org/maven2/org/apache/maven/maven-error-diagnostics/2.2.1/maven-error-diagnostics-2.2.1.jar
Downloaded from central: https://repo1.maven.org/maven2/org/slf4j/jcl-over-slf4j/1.5.6/jcl-over-slf4j-1.5.6.jar (17 kB at 72 kB/s)
Downloading from central: https://repo1.maven.org/maven2/org/apache/maven/maven-plugin-descriptor/2.2.1/maven-plugin-descriptor-2.2.1.jar
Downloaded from central: https://repo1.maven.org/maven2/org/apache/maven/reporting/maven-reporting-api/2.2.1/maven-reporting-api-2.2.1.jar (9.8 kB at 42 kB/s)
Downloading from central: https://repo1.maven.org/maven2/org/apache/maven/maven-monitor/2.2.1/maven-monitor-2.2.1.jar
Downloaded from central: https://repo1.maven.org/maven2/org/apache/maven/doxia/doxia-logging-api/1.1/doxia-logging-api-1.1.jar (11 kB at 48 kB/s)
Downloading from central: https://repo1.maven.org/maven2/org/apache/maven/maven-plugin-api/2.2.1/maven-plugin-api-2.2.1.jar
Downloaded from central: https://repo1.maven.org/maven2/org/apache/maven/maven-repository-metadata/2.2.1/maven-repository-metadata-2.2.1.jar (26 kB at 105 kB/s)
Downloading from central: https://repo1.maven.org/maven2/org/apache/maven/maven-artifact/2.2.1/maven-artifact-2.2.1.jar
Progress (1): 4.1/39 kB
Progress (1): 20/39 kB 
Progress (1): 37/39 kB
Progress (1): 39 kB   
Progress (2): 39 kB | 7.7/13 kB
Progress (2): 39 kB | 8.2/13 kB
Progress (2): 39 kB | 13 kB    
Progress (3): 39 kB | 13 kB | 7.7/12 kB
Progress (4): 39 kB | 13 kB | 7.7/12 kB | 7.7/10 kB
Progress (4): 39 kB | 13 kB | 7.7/12 kB | 10 kB    
Progress (4): 39 kB | 13 kB | 12 kB | 10 kB    
Progress (5): 39 kB | 13 kB | 12 kB | 10 kB | 7.7/80 kB
Progress (5): 39 kB | 13 kB | 12 kB | 10 kB | 12/80 kB 
                                                      
Downloaded from central: https://repo1.maven.org/maven2/org/apache/maven/maven-plugin-descriptor/2.2.1/maven-plugin-descriptor-2.2.1.jar (39 kB at 138 kB/s)
Progress (4): 13 kB | 12 kB | 10 kB | 29/80 kB
Progress (4): 13 kB | 12 kB | 10 kB | 33/80 kB
Progress (4): 13 kB | 12 kB | 10 kB | 49/80 kB
Progress (4): 13 kB | 12 kB | 10 kB | 66/80 kB
Progress (4): 13 kB | 12 kB | 10 kB | 80 kB   
                                           
Downloaded from central: https://repo1.maven.org/maven2/org/apache/maven/maven-error-diagnostics/2.2.1/maven-error-diagnostics-2.2.1.jar (13 kB at 44 kB/s)
Downloaded from central: https://repo1.maven.org/maven2/org/apache/maven/maven-monitor/2.2.1/maven-monitor-2.2.1.jar (10 kB at 35 kB/s)
Downloaded from central: https://repo1.maven.org/maven2/org/apache/maven/maven-plugin-api/2.2.1/maven-plugin-api-2.2.1.jar (12 kB at 42 kB/s)
Downloaded from central: https://repo1.maven.org/maven2/org/apache/maven/maven-artifact/2.2.1/maven-artifact-2.2.1.jar (80 kB at 270 kB/s)
[INFO] Source directory: D:\Khedma\Mr wiem\mutation-test-pipeline\target-repos\206318\fop-core\target\generated-sources\main\java added.
[INFO] 
[INFO] --- resources:3.3.1:resources (default-resources) @ fop-core ---
[INFO] Copying 59 resources from src\main\resources to target\classes
[INFO] Copying 2 resources from .. to target\classes\META-INF
[INFO] 
[INFO] --- compiler:3.11.0:compile (default-compile) @ fop-core ---
Downloading from central: https://repo1.maven.org/maven2/org/apache/maven/shared/maven-shared-utils/3.3.4/maven-shared-utils-3.3.4.pom
Progress (1): 790 B
Progress (1): 2.3 kB
Progress (1): 4.3 kB
Progress (1): 5.8 kB
                    
Downloaded from central: https://repo1.maven.org/maven2/org/apache/maven/shared/maven-shared-utils/3.3.4/maven-shared-utils-3.3.4.pom (5.8 kB at 94 kB/s)
Downloading from central: https://repo1.maven.org/maven2/org/codehaus/plexus/plexus-java/1.1.2/plexus-java-1.1.2.pom
Progress (1): 1.3 kB
Progress (1): 4.2 kB
Progress (1): 5.0 kB
                    
Downloaded from central: https://repo1.maven.org/maven2/org/codehaus/plexus/plexus-java/1.1.2/plexus-java-1.1.2.pom (5.0 kB at 90 kB/s)
Downloading from central: https://repo1.maven.org/maven2/org/codehaus/plexus/plexus-languages/1.1.2/plexus-languages-1.1.2.pom
Progress (1): 1.3 kB
Progress (1): 4.1 kB
                    
Downloaded from central: https://repo1.maven.org/maven2/org/codehaus/plexus/plexus-languages/1.1.2/plexus-languages-1.1.2.pom (4.1 kB at 54 kB/s)
Downloading from central: https://repo1.maven.org/maven2/org/codehaus/plexus/plexus-compiler-api/2.13.0/plexus-compiler-api-2.13.0.pom
Progress (1): 1.1 kB
                    
Downloaded from central: https://repo1.maven.org/maven2/org/codehaus/plexus/plexus-compiler-api/2.13.0/plexus-compiler-api-2.13.0.pom (1.1 kB at 13 kB/s)
Downloading from central: https://repo1.maven.org/maven2/org/codehaus/plexus/plexus-compiler/2.13.0/plexus-compiler-2.13.0.pom
Progress (1): 1.2 kB
Progress (1): 4.1 kB
Progress (1): 7.3 kB
Progress (1): 8.4 kB
                    
Downloaded from central: https://repo1.maven.org/maven2/org/codehaus/plexus/plexus-compiler/2.13.0/plexus-compiler-2.13.0.pom (8.4 kB at 150 kB/s)
Downloading from central: https://repo1.maven.org/maven2/org/codehaus/plexus/plexus-components/10.0/plexus-components-10.0.pom
Progress (1): 1.3 kB
Progress (1): 2.7 kB
                    
Downloaded from central: https://repo1.maven.org/maven2/org/codehaus/plexus/plexus-components/10.0/plexus-components-10.0.pom (2.7 kB at 56 kB/s)
Downloading from central: https://repo1.maven.org/maven2/org/junit/junit-bom/5.9.1/junit-bom-5.9.1.pom
Progress (1): 907 B
Progress (1): 4.1 kB
Progress (1): 5.6 kB
                    
Downloaded from central: https://repo1.maven.org/maven2/org/junit/junit-bom/5.9.1/junit-bom-5.9.1.pom (5.6 kB at 110 kB/s)
Downloading from central: https://repo1.maven.org/maven2/org/codehaus/plexus/plexus-compiler-manager/2.13.0/plexus-compiler-manager-2.13.0.pom
Progress (1): 1.1 kB
                    
Downloaded from central: https://repo1.maven.org/maven2/org/codehaus/plexus/plexus-compiler-manager/2.13.0/plexus-compiler-manager-2.13.0.pom (1.1 kB at 22 kB/s)
Downloading from central: https://repo1.maven.org/maven2/org/codehaus/plexus/plexus-component-annotations/2.1.1/plexus-component-annotations-2.1.1.pom
Progress (1): 770 B
                   
Downloaded from central: https://repo1.maven.org/maven2/org/codehaus/plexus/plexus-component-annotations/2.1.1/plexus-component-annotations-2.1.1.pom (770 B at 15 kB/s)
Downloading from central: https://repo1.maven.org/maven2/org/codehaus/plexus/plexus-containers/2.1.1/plexus-containers-2.1.1.pom
Progress (1): 1.3 kB
Progress (1): 4.9 kB
Progress (1): 6.0 kB
                    
Downloaded from central: https://repo1.maven.org/maven2/org/codehaus/plexus/plexus-containers/2.1.1/plexus-containers-2.1.1.pom (6.0 kB at 126 kB/s)
Downloading from central: https://repo1.maven.org/maven2/org/codehaus/plexus/plexus/6.5/plexus-6.5.pom
Progress (1): 696 B
Progress (1): 2.7 kB
Progress (1): 6.4 kB
Progress (1): 9.2 kB
Progress (1): 11 kB 
Progress (1): 16 kB
Progress (1): 20 kB
Progress (1): 24 kB
Progress (1): 26 kB
                   
Downloaded from central: https://repo1.maven.org/maven2/org/codehaus/plexus/plexus/6.5/plexus-6.5.pom (26 kB at 443 kB/s)
Downloading from central: https://repo1.maven.org/maven2/org/codehaus/plexus/plexus-compiler-javac/2.13.0/plexus-compiler-javac-2.13.0.pom
Progress (1): 1.2 kB
                    
Downloaded from central: https://repo1.maven.org/maven2/org/codehaus/plexus/plexus-compiler-javac/2.13.0/plexus-compiler-javac-2.13.0.pom (1.2 kB at 7.5 kB/s)
Downloading from central: https://repo1.maven.org/maven2/org/codehaus/plexus/plexus-compilers/2.13.0/plexus-compilers-2.13.0.pom
Progress (1): 1.3 kB
                    
Downloaded from central: https://repo1.maven.org/maven2/org/codehaus/plexus/plexus-compilers/2.13.0/plexus-compilers-2.13.0.pom (1.3 kB at 31 kB/s)
Downloading from central: https://repo1.maven.org/maven2/org/apache/maven/shared/maven-shared-utils/3.3.4/maven-shared-utils-3.3.4.jar
Downloading from central: https://repo1.maven.org/maven2/org/codehaus/plexus/plexus-java/1.1.2/plexus-java-1.1.2.jar
Downloading from central: https://repo1.maven.org/maven2/org/codehaus/plexus/plexus-compiler-api/2.13.0/plexus-compiler-api-2.13.0.jar
Downloading from central: https://repo1.maven.org/maven2/org/codehaus/plexus/plexus-utils/3.5.0/plexus-utils-3.5.0.jar
Downloading from central: https://repo1.maven.org/maven2/org/codehaus/plexus/plexus-compiler-manager/2.13.0/plexus-compiler-manager-2.13.0.jar
Progress (1): 7.7/55 kB
Progress (1): 12/55 kB 
Progress (1): 29/55 kB
Progress (1): 45/55 kB
Progress (1): 55 kB   
Progress (2): 55 kB | 7.7/153 kB
Progress (3): 55 kB | 7.7/153 kB | 4.7 kB
Progress (3): 55 kB | 8.2/153 kB | 4.7 kB
Progress (4): 55 kB | 8.2/153 kB | 4.7 kB | 7.7/27 kB
Progress (4): 55 kB | 25/153 kB | 4.7 kB | 7.7/27 kB 
Progress (4): 55 kB | 41/153 kB | 4.7 kB | 7.7/27 kB
Progress (4): 55 kB | 57/153 kB | 4.7 kB | 7.7/27 kB
Progress (4): 55 kB | 74/153 kB | 4.7 kB | 7.7/27 kB
Progress (4): 55 kB | 90/153 kB | 4.7 kB | 7.7/27 kB
Progress (4): 55 kB | 90/153 kB | 4.7 kB | 16/27 kB 
Progress (4): 55 kB | 106/153 kB | 4.7 kB | 16/27 kB
Progress (4): 55 kB | 106/153 kB | 4.7 kB | 27 kB   
Progress (4): 55 kB | 123/153 kB | 4.7 kB | 27 kB
Progress (4): 55 kB | 139/153 kB | 4.7 kB | 27 kB
Progress (4): 55 kB | 153 kB | 4.7 kB | 27 kB    
                                             
Downloaded from central: https://repo1.maven.org/maven2/org/codehaus/plexus/plexus-java/1.1.2/plexus-java-1.1.2.jar (55 kB at 1.2 MB/s)
Downloading from central: https://repo1.maven.org/maven2/org/codehaus/plexus/plexus-compiler-javac/2.13.0/plexus-compiler-javac-2.13.0.jar
Downloaded from central: https://repo1.maven.org/maven2/org/codehaus/plexus/plexus-compiler-manager/2.13.0/plexus-compiler-manager-2.13.0.jar (4.7 kB at 97 kB/s)
Downloaded from central: https://repo1.maven.org/maven2/org/codehaus/plexus/plexus-compiler-api/2.13.0/plexus-compiler-api-2.13.0.jar (27 kB at 500 kB/s)
Downloaded from central: https://repo1.maven.org/maven2/org/apache/maven/shared/maven-shared-utils/3.3.4/maven-shared-utils-3.3.4.jar (153 kB at 2.8 MB/s)
Progress (1): 7.7/267 kB
Progress (1): 16/267 kB 
Progress (1): 25/267 kB
Progress (1): 41/267 kB
Progress (1): 57/267 kB
Progress (1): 66/267 kB
Progress (1): 82/267 kB
Progress (1): 98/267 kB
Progress (1): 115/267 kB
Progress (1): 131/267 kB
Progress (1): 147/267 kB
Progress (1): 156/267 kB
Progress (1): 164/267 kB
Progress (1): 180/267 kB
Progress (1): 188/267 kB
Progress (1): 197/267 kB
Progress (1): 213/267 kB
Progress (1): 229/267 kB
Progress (1): 246/267 kB
Progress (1): 254/267 kB
Progress (1): 267 kB    
Progress (2): 267 kB | 7.7/23 kB
Progress (2): 267 kB | 12/23 kB 
Progress (2): 267 kB | 23 kB   
                            
Downloaded from central: https://repo1.maven.org/maven2/org/codehaus/plexus/plexus-utils/3.5.0/plexus-utils-3.5.0.jar (267 kB at 3.2 MB/s)
Downloaded from central: https://repo1.maven.org/maven2/org/codehaus/plexus/plexus-compiler-javac/2.13.0/plexus-compiler-javac-2.13.0.jar (23 kB at 248 kB/s)
[INFO] Changes detected - recompiling the module! :dependency
[INFO] Compiling 1581 source files with javac [debug release 8] to target\classes
[INFO] /D:/Khedma/Mr wiem/mutation-test-pipeline/target-repos/206318/fop-core/src/main/java/org/apache/fop/fonts/autodetect/FontFileFinder.java: Some input files use or override a deprecated API.
[INFO] /D:/Khedma/Mr wiem/mutation-test-pipeline/target-repos/206318/fop-core/src/main/java/org/apache/fop/fonts/autodetect/FontFileFinder.java: Recompile with -Xlint:deprecation for details.
[INFO] /D:/Khedma/Mr wiem/mutation-test-pipeline/target-repos/206318/fop-core/src/main/java/org/apache/fop/fo/FObj.java: Some input files use unchecked or unsafe operations.
[INFO] /D:/Khedma/Mr wiem/mutation-test-pipeline/target-repos/206318/fop-core/src/main/java/org/apache/fop/fo/FObj.java: Recompile with -Xlint:unchecked for details.
[INFO] ------------------------------------------------------------------------
[INFO] BUILD SUCCESS
[INFO] ------------------------------------------------------------------------
[INFO] Total time:  34.021 s
[INFO] Finished at: 2026-02-25T19:28:27-05:00
[INFO] ------------------------------------------------------------------------

STDERR:
