COMMAND: mvn.cmd -U -s D:\Khedma\Mr wiem\mutation-test-pipeline\target-repos\154520\.mvn\settings.xml -DskipTests compile

STDOUT:
[INFO] Scanning for projects...
Downloading from central-https: https://repo1.maven.org/maven2/org/sonatype/oss/oss-parent/7/oss-parent-7.pom
Progress (1): 848 B
Progress (1): 1.9 kB
Progress (1): 4.0 kB
Progress (1): 4.8 kB
                    
Downloaded from central-https: https://repo1.maven.org/maven2/org/sonatype/oss/oss-parent/7/oss-parent-7.pom (4.8 kB at 17 kB/s)
[INFO] 
[INFO] -----------------------< br.com.caelum:vraptor >------------------------
[INFO] Building vraptor 3.5.6-SNAPSHOT
[INFO]   from pom.xml
[INFO] --------------------------------[ jar ]---------------------------------
Downloading from central-https: https://repo1.maven.org/maven2/org/apache/maven/plugins/maven-enforcer-plugin/1.0/maven-enforcer-plugin-1.0.pom
Progress (1): 820 B
Progress (1): 1.9 kB
Progress (1): 4.5 kB
Progress (1): 6.7 kB
                    
Downloaded from central-https: https://repo1.maven.org/maven2/org/apache/maven/plugins/maven-enforcer-plugin/1.0/maven-enforcer-plugin-1.0.pom (6.7 kB at 99 kB/s)
Downloading from central-https: https://repo1.maven.org/maven2/org/apache/maven/enforcer/enforcer/1.0/enforcer-1.0.pom
Progress (1): 812 B
Progress (1): 1.8 kB
Progress (1): 5.8 kB
Progress (1): 9.0 kB
Progress (1): 11 kB 
Progress (1): 12 kB
                   
Downloaded from central-https: https://repo1.maven.org/maven2/org/apache/maven/enforcer/enforcer/1.0/enforcer-1.0.pom (12 kB at 175 kB/s)
Downloading from central-https: https://repo1.maven.org/maven2/org/apache/maven/maven-parent/17/maven-parent-17.pom
Progress (1): 742 B
Progress (1): 1.6 kB
Progress (1): 5.1 kB
Progress (1): 9.9 kB
Progress (1): 13 kB 
Progress (1): 16 kB
Progress (1): 18 kB
Progress (1): 21 kB
Progress (1): 24 kB
Progress (1): 25 kB
                   
Downloaded from central-https: https://repo1.maven.org/maven2/org/apache/maven/maven-parent/17/maven-parent-17.pom (25 kB at 408 kB/s)
Downloading from central-https: https://repo1.maven.org/maven2/org/apache/apache/7/apache-7.pom
Progress (1): 754 B
Progress (1): 1.6 kB
Progress (1): 3.1 kB
Progress (1): 5.2 kB
Progress (1): 8.2 kB
Progress (1): 12 kB 
Progress (1): 14 kB
                   
Downloaded from central-https: https://repo1.maven.org/maven2/org/apache/apache/7/apache-7.pom (14 kB at 240 kB/s)
Downloading from central-https: https://repo1.maven.org/maven2/org/apache/maven/plugins/maven-enforcer-plugin/1.0/maven-enforcer-plugin-1.0.jar
Progress (1): 0.9/22 kB
Progress (1): 2.3/22 kB
Progress (1): 3.4/22 kB
Progress (1): 4.8/22 kB
Progress (1): 6.1/22 kB
Progress (1): 7.5/22 kB
Progress (1): 8.9/22 kB
Progress (1): 10/22 kB 
Progress (1): 12/22 kB
Progress (1): 13/22 kB
Progress (1): 14/22 kB
Progress (1): 16/22 kB
Progress (1): 17/22 kB
Progress (1): 18/22 kB
Progress (1): 20/22 kB
Progress (1): 21/22 kB
Progress (1): 22 kB   
                   
Downloaded from central-https: https://repo1.maven.org/maven2/org/apache/maven/plugins/maven-enforcer-plugin/1.0/maven-enforcer-plugin-1.0.jar (22 kB at 360 kB/s)
Downloading from central-https: https://repo1.maven.org/maven2/org/apache/maven/plugins/maven-source-plugin/2.1.2/maven-source-plugin-2.1.2.pom
Progress (1): 785 B
Progress (1): 1.9 kB
Progress (1): 4.8 kB
Progress (1): 5.2 kB
                    
Downloaded from central-https: https://repo1.maven.org/maven2/org/apache/maven/plugins/maven-source-plugin/2.1.2/maven-source-plugin-2.1.2.pom (5.2 kB at 89 kB/s)
Downloading from central-https: https://repo1.maven.org/maven2/org/apache/maven/plugins/maven-plugins/18/maven-plugins-18.pom
Progress (1): 757 B
Progress (1): 1.7 kB
Progress (1): 5.7 kB
Progress (1): 8.6 kB
Progress (1): 10 kB 
Progress (1): 13 kB
                   
Downloaded from central-https: https://repo1.maven.org/maven2/org/apache/maven/plugins/maven-plugins/18/maven-plugins-18.pom (13 kB at 232 kB/s)
Downloading from central-https: https://repo1.maven.org/maven2/org/apache/maven/maven-parent/16/maven-parent-16.pom
Progress (1): 742 B
Progress (1): 2.0 kB
Progress (1): 6.6 kB
Progress (1): 11 kB 
Progress (1): 15 kB
Progress (1): 17 kB
Progress (1): 21 kB
Progress (1): 22 kB
Progress (1): 23 kB
                   
Downloaded from central-https: https://repo1.maven.org/maven2/org/apache/maven/maven-parent/16/maven-parent-16.pom (23 kB at 388 kB/s)
Downloading from central-https: https://repo1.maven.org/maven2/org/apache/maven/plugins/maven-source-plugin/2.1.2/maven-source-plugin-2.1.2.jar
Progress (1): 3.8/24 kB
Progress (1): 8.0/24 kB
Progress (1): 12/24 kB 
Progress (1): 16/24 kB
Progress (1): 21/24 kB
Progress (1): 24 kB   
                   
Downloaded from central-https: https://repo1.maven.org/maven2/org/apache/maven/plugins/maven-source-plugin/2.1.2/maven-source-plugin-2.1.2.jar (24 kB at 408 kB/s)
Downloading from central-https: https://repo1.maven.org/maven2/org/apache/maven/plugins/maven-javadoc-plugin/2.7/maven-javadoc-plugin-2.7.pom
Progress (1): 745 B
Progress (1): 2.2 kB
Progress (1): 6.3 kB
Progress (1): 9.6 kB
Progress (1): 12 kB 
Progress (1): 15 kB
Progress (1): 16 kB
                   
Downloaded from central-https: https://repo1.maven.org/maven2/org/apache/maven/plugins/maven-javadoc-plugin/2.7/maven-javadoc-plugin-2.7.pom (16 kB at 291 kB/s)
Downloading from central-https: https://repo1.maven.org/maven2/org/apache/maven/plugins/maven-plugins/17/maven-plugins-17.pom
Progress (1): 756 B
Progress (1): 2.3 kB
Progress (1): 6.8 kB
Progress (1): 9.2 kB
Progress (1): 13 kB 
Progress (1): 13 kB
                   
Downloaded from central-https: https://repo1.maven.org/maven2/org/apache/maven/plugins/maven-plugins/17/maven-plugins-17.pom (13 kB at 223 kB/s)
Downloading from central-https: https://repo1.maven.org/maven2/org/apache/maven/plugins/maven-javadoc-plugin/2.7/maven-javadoc-plugin-2.7.jar
Progress (1): 3.8/274 kB
Progress (1): 8.0/274 kB
Progress (1): 8.2/274 kB
Progress (1): 12/274 kB 
Progress (1): 17/274 kB
Progress (1): 21/274 kB
Progress (1): 25/274 kB
Progress (1): 29/274 kB
Progress (1): 33/274 kB
Progress (1): 37/274 kB
Progress (1): 41/274 kB
Progress (1): 46/274 kB
Progress (1): 50/274 kB
Progress (1): 54/274 kB
Progress (1): 58/274 kB
Progress (1): 63/274 kB
Progress (1): 66/274 kB
Progress (1): 70/274 kB
Progress (1): 74/274 kB
Progress (1): 78/274 kB
Progress (1): 82/274 kB
Progress (1): 87/274 kB
Progress (1): 91/274 kB
Progress (1): 95/274 kB
Progress (1): 98/274 kB
Progress (1): 103/274 kB
Progress (1): 107/274 kB
Progress (1): 111/274 kB
Progress (1): 127/274 kB
Progress (1): 131/274 kB
Progress (1): 147/274 kB
Progress (1): 156/274 kB
Progress (1): 164/274 kB
Progress (1): 180/274 kB
Progress (1): 197/274 kB
Progress (1): 205/274 kB
Progress (1): 213/274 kB
Progress (1): 229/274 kB
Progress (1): 246/274 kB
Progress (1): 262/274 kB
Progress (1): 274 kB    
                    
Downloaded from central-https: https://repo1.maven.org/maven2/org/apache/maven/plugins/maven-javadoc-plugin/2.7/maven-javadoc-plugin-2.7.jar (274 kB at 3.0 MB/s)
Downloading from central-https: https://repo1.maven.org/maven2/org/apache/maven/plugins/maven-jar-plugin/2.2/maven-jar-plugin-2.2.pom
Progress (1): 763 B
Progress (1): 2.2 kB
Progress (1): 5.6 kB
Progress (1): 8.6 kB
                    
Downloaded from central-https: https://repo1.maven.org/maven2/org/apache/maven/plugins/maven-jar-plugin/2.2/maven-jar-plugin-2.2.pom (8.6 kB at 153 kB/s)
Downloading from central-https: https://repo1.maven.org/maven2/org/apache/maven/plugins/maven-plugins/10/maven-plugins-10.pom
Progress (1): 771 B
Progress (1): 2.8 kB
Progress (1): 6.2 kB
Progress (1): 7.5 kB
                    
Downloaded from central-https: https://repo1.maven.org/maven2/org/apache/maven/plugins/maven-plugins/10/maven-plugins-10.pom (7.5 kB at 138 kB/s)
Downloading from central-https: https://repo1.maven.org/maven2/org/apache/maven/maven-parent/7/maven-parent-7.pom
Progress (1): 751 B
Progress (1): 2.0 kB
Progress (1): 4.5 kB
Progress (1): 8.0 kB
Progress (1): 12 kB 
Progress (1): 16 kB
Progress (1): 20 kB
Progress (1): 21 kB
                   
Downloaded from central-https: https://repo1.maven.org/maven2/org/apache/maven/maven-parent/7/maven-parent-7.pom (21 kB at 16 kB/s)
Downloading from central-https: https://repo1.maven.org/maven2/org/apache/apache/4/apache-4.pom
Progress (1): 790 B
Progress (1): 2.1 kB
Progress (1): 4.2 kB
Progress (1): 4.5 kB
                    
Downloaded from central-https: https://repo1.maven.org/maven2/org/apache/apache/4/apache-4.pom (4.5 kB at 83 kB/s)
Downloading from central-https: https://repo1.maven.org/maven2/org/apache/maven/plugins/maven-jar-plugin/2.2/maven-jar-plugin-2.2.jar
Progress (1): 7.7/27 kB
Progress (1): 8.2/27 kB
Progress (1): 25/27 kB 
Progress (1): 27 kB   
                   
Downloaded from central-https: https://repo1.maven.org/maven2/org/apache/maven/plugins/maven-jar-plugin/2.2/maven-jar-plugin-2.2.jar (27 kB at 493 kB/s)
Downloading from central-https: https://repo1.maven.org/maven2/org/apache/maven/plugins/maven-antrun-plugin/1.7/maven-antrun-plugin-1.7.pom
Progress (1): 802 B
Progress (1): 2.8 kB
Progress (1): 4.1 kB
                    
Downloaded from central-https: https://repo1.maven.org/maven2/org/apache/maven/plugins/maven-antrun-plugin/1.7/maven-antrun-plugin-1.7.pom (4.1 kB at 76 kB/s)
Downloading from central-https: https://repo1.maven.org/maven2/org/apache/maven/plugins/maven-plugins/22/maven-plugins-22.pom
Progress (1): 748 B
Progress (1): 2.2 kB
Progress (1): 6.3 kB
Progress (1): 8.6 kB
Progress (1): 11 kB 
Progress (1): 13 kB
                   
Downloaded from central-https: https://repo1.maven.org/maven2/org/apache/maven/plugins/maven-plugins/22/maven-plugins-22.pom (13 kB at 204 kB/s)
Downloading from central-https: https://repo1.maven.org/maven2/org/apache/maven/maven-parent/21/maven-parent-21.pom
Progress (1): 740 B
Progress (1): 2.0 kB
Progress (1): 6.0 kB
Progress (1): 11 kB 
Progress (1): 15 kB
Progress (1): 18 kB
Progress (1): 20 kB
Progress (1): 23 kB
Progress (1): 26 kB
                   
Downloaded from central-https: https://repo1.maven.org/maven2/org/apache/maven/maven-parent/21/maven-parent-21.pom (26 kB at 471 kB/s)
Downloading from central-https: https://repo1.maven.org/maven2/org/apache/apache/10/apache-10.pom
Progress (1): 753 B
Progress (1): 2.1 kB
Progress (1): 4.1 kB
Progress (1): 8.9 kB
Progress (1): 12 kB 
Progress (1): 15 kB
                   
Downloaded from central-https: https://repo1.maven.org/maven2/org/apache/apache/10/apache-10.pom (15 kB at 285 kB/s)
Downloading from central-https: https://repo1.maven.org/maven2/org/apache/maven/plugins/maven-antrun-plugin/1.7/maven-antrun-plugin-1.7.jar
Progress (1): 7.7/32 kB
Progress (1): 16/32 kB 
Progress (1): 25/32 kB
Progress (1): 32 kB   
                   
Downloaded from central-https: https://repo1.maven.org/maven2/org/apache/maven/plugins/maven-antrun-plugin/1.7/maven-antrun-plugin-1.7.jar (32 kB at 575 kB/s)
Downloading from central-https: https://repo1.maven.org/maven2/org/apache/maven/plugins/maven-resources-plugin/3.3.1/maven-resources-plugin-3.3.1.pom
Progress (1): 767 B
Progress (1): 2.2 kB
Progress (1): 4.9 kB
Progress (1): 7.5 kB
Progress (1): 8.2 kB
                    
Downloaded from central-https: https://repo1.maven.org/maven2/org/apache/maven/plugins/maven-resources-plugin/3.3.1/maven-resources-plugin-3.3.1.pom (8.2 kB at 126 kB/s)
Downloading from central-https: https://repo1.maven.org/maven2/org/apache/maven/plugins/maven-plugins/39/maven-plugins-39.pom
Progress (1): 773 B
Progress (1): 2.3 kB
Progress (1): 4.9 kB
Progress (1): 7.4 kB
Progress (1): 8.1 kB
                    
Downloaded from central-https: https://repo1.maven.org/maven2/org/apache/maven/plugins/maven-plugins/39/maven-plugins-39.pom (8.1 kB at 147 kB/s)
Downloading from central-https: https://repo1.maven.org/maven2/org/apache/maven/maven-parent/39/maven-parent-39.pom
Progress (1): 724 B
Progress (1): 1.9 kB
Progress (1): 5.5 kB
Progress (1): 9.8 kB
Progress (1): 14 kB 
Progress (1): 19 kB
Progress (1): 23 kB
Progress (1): 26 kB
Progress (1): 28 kB
Progress (1): 31 kB
Progress (1): 34 kB
Progress (1): 37 kB
Progress (1): 40 kB
Progress (1): 43 kB
Progress (1): 48 kB
                   
Downloaded from central-https: https://repo1.maven.org/maven2/org/apache/maven/maven-parent/39/maven-parent-39.pom (48 kB at 923 kB/s)
Downloading from central-https: https://repo1.maven.org/maven2/org/apache/apache/29/apache-29.pom
Progress (1): 741 B
Progress (1): 2.1 kB
Progress (1): 3.9 kB
Progress (1): 6.9 kB
Progress (1): 12 kB 
Progress (1): 16 kB
Progress (1): 19 kB
Progress (1): 21 kB
                   
Downloaded from central-https: https://repo1.maven.org/maven2/org/apache/apache/29/apache-29.pom (21 kB at 305 kB/s)
Downloading from central-https: https://repo1.maven.org/maven2/org/apache/maven/plugins/maven-resources-plugin/3.3.1/maven-resources-plugin-3.3.1.jar
Progress (1): 7.7/31 kB
Progress (1): 16/31 kB 
Progress (1): 31 kB   
                   
Downloaded from central-https: https://repo1.maven.org/maven2/org/apache/maven/plugins/maven-resources-plugin/3.3.1/maven-resources-plugin-3.3.1.jar (31 kB at 563 kB/s)
Downloading from central-https: https://repo1.maven.org/maven2/org/apache/maven/plugins/maven-compiler-plugin/2.3.1/maven-compiler-plugin-2.3.1.pom
Progress (1): 781 B
Progress (1): 2.3 kB
Progress (1): 5.7 kB
Progress (1): 5.9 kB
                    
Downloaded from central-https: https://repo1.maven.org/maven2/org/apache/maven/plugins/maven-compiler-plugin/2.3.1/maven-compiler-plugin-2.3.1.pom (5.9 kB at 102 kB/s)
Downloading from central-https: https://repo1.maven.org/maven2/org/apache/maven/plugins/maven-compiler-plugin/2.3.1/maven-compiler-plugin-2.3.1.jar
Progress (1): 7.7/30 kB
Progress (1): 12/30 kB 
Progress (1): 28/30 kB
Progress (1): 30 kB   
                   
Downloaded from central-https: https://repo1.maven.org/maven2/org/apache/maven/plugins/maven-compiler-plugin/2.3.1/maven-compiler-plugin-2.3.1.jar (30 kB at 648 kB/s)
Downloading from central-https: https://repo1.maven.org/maven2/com/google/guava/guava/11.0.2/guava-11.0.2.pom
Progress (1): 898 B
Progress (1): 3.2 kB
Progress (1): 5.5 kB
                    
Downloaded from central-https: https://repo1.maven.org/maven2/com/google/guava/guava/11.0.2/guava-11.0.2.pom (5.5 kB at 94 kB/s)
Downloading from central-https: https://repo1.maven.org/maven2/com/google/guava/guava-parent/11.0.2/guava-parent-11.0.2.pom
Progress (1): 1.1 kB
Progress (1): 2.0 kB
                    
Downloaded from central-https: https://repo1.maven.org/maven2/com/google/guava/guava-parent/11.0.2/guava-parent-11.0.2.pom (2.0 kB at 33 kB/s)
Downloading from central-https: https://repo1.maven.org/maven2/com/google/code/findbugs/jsr305/1.3.9/jsr305-1.3.9.pom
Progress (1): 965 B
                   
Downloaded from central-https: https://repo1.maven.org/maven2/com/google/code/findbugs/jsr305/1.3.9/jsr305-1.3.9.pom (965 B at 19 kB/s)
Downloading from central-https: https://repo1.maven.org/maven2/br/com/caelum/iogi/1.0.0/iogi-1.0.0.pom
Progress (1): 1.2 kB
Progress (1): 3.9 kB
                    
Downloaded from central-https: https://repo1.maven.org/maven2/br/com/caelum/iogi/1.0.0/iogi-1.0.0.pom (3.9 kB at 70 kB/s)
Downloading from central-https: https://repo1.maven.org/maven2/com/thoughtworks/paranamer/paranamer/2.5/paranamer-2.5.pom
Progress (1): 1.7 kB
Progress (1): 3.2 kB
                    
Downloaded from central-https: https://repo1.maven.org/maven2/com/thoughtworks/paranamer/paranamer/2.5/paranamer-2.5.pom (3.2 kB at 60 kB/s)
Downloading from central-https: https://repo1.maven.org/maven2/com/thoughtworks/paranamer/paranamer-parent/2.5/paranamer-parent-2.5.pom
Progress (1): 1.2 kB
Progress (1): 4.5 kB
Progress (1): 10 kB 
Progress (1): 11 kB
                   
Downloaded from central-https: https://repo1.maven.org/maven2/com/thoughtworks/paranamer/paranamer-parent/2.5/paranamer-parent-2.5.pom (11 kB at 136 kB/s)
Downloading from central-https: https://repo1.maven.org/maven2/org/codehaus/codehaus-parent/1/codehaus-parent-1.pom
Progress (1): 1.1 kB
Progress (1): 3.4 kB
                    
Downloaded from central-https: https://repo1.maven.org/maven2/org/codehaus/codehaus-parent/1/codehaus-parent-1.pom (3.4 kB at 65 kB/s)
Downloading from central-https: https://repo1.maven.org/maven2/net/vidageek/mirror/1.6.1/mirror-1.6.1.pom
Progress (1): 1.3 kB
Progress (1): 3.6 kB
Progress (1): 7.9 kB
Progress (1): 7.9 kB
                    
Downloaded from central-https: https://repo1.maven.org/maven2/net/vidageek/mirror/1.6.1/mirror-1.6.1.pom (7.9 kB at 155 kB/s)
Downloading from central-https: https://repo1.maven.org/maven2/org/slf4j/slf4j-api/1.6.6/slf4j-api-1.6.6.pom
Progress (1): 1.4 kB
Progress (1): 2.7 kB
                    
Downloaded from central-https: https://repo1.maven.org/maven2/org/slf4j/slf4j-api/1.6.6/slf4j-api-1.6.6.pom (2.7 kB at 49 kB/s)
Downloading from central-https: https://repo1.maven.org/maven2/org/slf4j/slf4j-parent/1.6.6/slf4j-parent-1.6.6.pom
Progress (1): 1.0 kB
Progress (1): 3.5 kB
Progress (1): 6.6 kB
Progress (1): 9.6 kB
Progress (1): 13 kB 
Progress (1): 13 kB
                   
Downloaded from central-https: https://repo1.maven.org/maven2/org/slf4j/slf4j-parent/1.6.6/slf4j-parent-1.6.6.pom (13 kB at 256 kB/s)
Downloading from central-https: https://repo1.maven.org/maven2/org/slf4j/slf4j-log4j12/1.6.6/slf4j-log4j12-1.6.6.pom
Progress (1): 1.5 kB
Progress (1): 1.6 kB
                    
Downloaded from central-https: https://repo1.maven.org/maven2/org/slf4j/slf4j-log4j12/1.6.6/slf4j-log4j12-1.6.6.pom (1.6 kB at 35 kB/s)
Downloading from central-https: https://repo1.maven.org/maven2/org/objenesis/objenesis/1.3/objenesis-1.3.pom
Progress (1): 1.4 kB
Progress (1): 2.5 kB
                    
Downloaded from central-https: https://repo1.maven.org/maven2/org/objenesis/objenesis/1.3/objenesis-1.3.pom (2.5 kB at 49 kB/s)
Downloading from central-https: https://repo1.maven.org/maven2/org/objenesis/objenesis-parent/1.3/objenesis-parent-1.3.pom
Progress (1): 964 B
Progress (1): 3.1 kB
Progress (1): 6.7 kB
Progress (1): 9.7 kB
Progress (1): 13 kB 
Progress (1): 14 kB
                   
Downloaded from central-https: https://repo1.maven.org/maven2/org/objenesis/objenesis-parent/1.3/objenesis-parent-1.3.pom (14 kB at 263 kB/s)
Downloading from central-https: https://repo1.maven.org/maven2/com/thoughtworks/paranamer/paranamer/2.5.2/paranamer-2.5.2.pom
Progress (1): 1.7 kB
Progress (1): 3.2 kB
                    
Downloaded from central-https: https://repo1.maven.org/maven2/com/thoughtworks/paranamer/paranamer/2.5.2/paranamer-2.5.2.pom (3.2 kB at 61 kB/s)
Downloading from central-https: https://repo1.maven.org/maven2/com/thoughtworks/paranamer/paranamer-parent/2.5.2/paranamer-parent-2.5.2.pom
Progress (1): 1.2 kB
Progress (1): 4.5 kB
Progress (1): 10 kB 
Progress (1): 11 kB
                   
Downloaded from central-https: https://repo1.maven.org/maven2/com/thoughtworks/paranamer/paranamer-parent/2.5.2/paranamer-parent-2.5.2.pom (11 kB at 205 kB/s)
Downloading from central-https: https://repo1.maven.org/maven2/net/sf/scannotation/scannotation/1.0.2/scannotation-1.0.2.pom
Progress (1): 1.4 kB
Progress (1): 1.5 kB
                    
Downloaded from central-https: https://repo1.maven.org/maven2/net/sf/scannotation/scannotation/1.0.2/scannotation-1.0.2.pom (1.5 kB at 24 kB/s)
Downloading from central-https: https://repo1.maven.org/maven2/com/thoughtworks/xstream/xstream/1.4.7/xstream-1.4.7.pom
Progress (1): 887 B
Progress (1): 4.4 kB
Progress (1): 7.7 kB
Progress (1): 11 kB 
                   
Downloaded from central-https: https://repo1.maven.org/maven2/com/thoughtworks/xstream/xstream/1.4.7/xstream-1.4.7.pom (11 kB at 194 kB/s)
Downloading from central-https: https://repo1.maven.org/maven2/com/thoughtworks/xstream/xstream-parent/1.4.7/xstream-parent-1.4.7.pom
Progress (1): 821 B
Progress (1): 2.5 kB
Progress (1): 6.6 kB
Progress (1): 12 kB 
Progress (1): 16 kB
Progress (1): 21 kB
Progress (1): 23 kB
Progress (1): 26 kB
Progress (1): 26 kB
                   
Downloaded from central-https: https://repo1.maven.org/maven2/com/thoughtworks/xstream/xstream-parent/1.4.7/xstream-parent-1.4.7.pom (26 kB at 410 kB/s)
Downloading from central-https: https://repo1.maven.org/maven2/org/codehaus/codehaus-parent/3/codehaus-parent-3.pom
Progress (1): 1.1 kB
Progress (1): 2.9 kB
Progress (1): 4.1 kB
                    
Downloaded from central-https: https://repo1.maven.org/maven2/org/codehaus/codehaus-parent/3/codehaus-parent-3.pom (4.1 kB at 75 kB/s)
Downloading from central-https: https://repo1.maven.org/maven2/org/springframework/spring-aop/3.0.5.RELEASE/spring-aop-3.0.5.RELEASE.pom
Progress (1): 1.8 kB
Progress (1): 2.6 kB
                    
Downloaded from central-https: https://repo1.maven.org/maven2/org/springframework/spring-aop/3.0.5.RELEASE/spring-aop-3.0.5.RELEASE.pom (2.6 kB at 43 kB/s)
Downloading from central-https: https://repo1.maven.org/maven2/org/springframework/spring-parent/3.0.5.RELEASE/spring-parent-3.0.5.RELEASE.pom
Progress (1): 1.0 kB
Progress (1): 3.8 kB
Progress (1): 6.4 kB
Progress (1): 8.4 kB
                    
Downloaded from central-https: https://repo1.maven.org/maven2/org/springframework/spring-parent/3.0.5.RELEASE/spring-parent-3.0.5.RELEASE.pom (8.4 kB at 153 kB/s)
Downloading from central-https: https://repo1.maven.org/maven2/org/springframework/spring-asm/3.0.5.RELEASE/spring-asm-3.0.5.RELEASE.pom
Progress (1): 1.1 kB
Progress (1): 2.0 kB
                    
Downloaded from central-https: https://repo1.maven.org/maven2/org/springframework/spring-asm/3.0.5.RELEASE/spring-asm-3.0.5.RELEASE.pom (2.0 kB at 35 kB/s)
Downloading from central-https: https://repo1.maven.org/maven2/org/springframework/spring-beans/3.0.5.RELEASE/spring-beans-3.0.5.RELEASE.pom
Progress (1): 1.8 kB
Progress (1): 2.2 kB
                    
Downloaded from central-https: https://repo1.maven.org/maven2/org/springframework/spring-beans/3.0.5.RELEASE/spring-beans-3.0.5.RELEASE.pom (2.2 kB at 42 kB/s)
Downloading from central-https: https://repo1.maven.org/maven2/org/springframework/spring-core/3.0.5.RELEASE/spring-core-3.0.5.RELEASE.pom
Progress (1): 1.9 kB
Progress (1): 2.2 kB
                    
Downloaded from central-https: https://repo1.maven.org/maven2/org/springframework/spring-core/3.0.5.RELEASE/spring-core-3.0.5.RELEASE.pom (2.2 kB at 40 kB/s)
Downloading from central-https: https://repo1.maven.org/maven2/org/apache/commons/commons-parent/5/commons-parent-5.pom
Progress (1): 782 B
Progress (1): 2.1 kB
Progress (1): 4.7 kB
Progress (1): 8.4 kB
Progress (1): 12 kB 
Progress (1): 16 kB
                   
Downloaded from central-https: https://repo1.maven.org/maven2/org/apache/commons/commons-parent/5/commons-parent-5.pom (16 kB at 272 kB/s)
Downloading from central-https: https://repo1.maven.org/maven2/org/springframework/spring-context/3.0.5.RELEASE/spring-context-3.0.5.RELEASE.pom
Progress (1): 1.7 kB
Progress (1): 6.4 kB
Progress (1): 7.0 kB
                    
Downloaded from central-https: https://repo1.maven.org/maven2/org/springframework/spring-context/3.0.5.RELEASE/spring-context-3.0.5.RELEASE.pom (7.0 kB at 130 kB/s)
Downloading from central-https: https://repo1.maven.org/maven2/org/springframework/spring-expression/3.0.5.RELEASE/spring-expression-3.0.5.RELEASE.pom
Progress (1): 1.5 kB
Progress (1): 1.6 kB
                    
Downloaded from central-https: https://repo1.maven.org/maven2/org/springframework/spring-expression/3.0.5.RELEASE/spring-expression-3.0.5.RELEASE.pom (1.6 kB at 24 kB/s)
Downloading from central-https: https://repo1.maven.org/maven2/org/springframework/spring-web/3.0.5.RELEASE/spring-web-3.0.5.RELEASE.pom
Progress (1): 2.1 kB
Progress (1): 5.0 kB
                    
Downloaded from central-https: https://repo1.maven.org/maven2/org/springframework/spring-web/3.0.5.RELEASE/spring-web-3.0.5.RELEASE.pom (5.0 kB at 105 kB/s)
Downloading from central-https: https://repo1.maven.org/maven2/org/aspectj/aspectjrt/1.6.9/aspectjrt-1.6.9.pom
Progress (1): 905 B
                   
Downloaded from central-https: https://repo1.maven.org/maven2/org/aspectj/aspectjrt/1.6.9/aspectjrt-1.6.9.pom (905 B at 18 kB/s)
Downloading from central-https: https://repo1.maven.org/maven2/com/google/inject/guice/3.0/guice-3.0.pom
Progress (1): 1.3 kB
Progress (1): 3.7 kB
Progress (1): 6.5 kB
Progress (1): 7.3 kB
                    
Downloaded from central-https: https://repo1.maven.org/maven2/com/google/inject/guice/3.0/guice-3.0.pom (7.3 kB at 146 kB/s)
Downloading from central-https: https://repo1.maven.org/maven2/com/google/inject/guice-parent/3.0/guice-parent-3.0.pom
Progress (1): 790 B
Progress (1): 2.8 kB
Progress (1): 4.5 kB
Progress (1): 7.7 kB
Progress (1): 10 kB 
Progress (1): 13 kB
                   
Downloaded from central-https: https://repo1.maven.org/maven2/com/google/inject/guice-parent/3.0/guice-parent-3.0.pom (13 kB at 245 kB/s)
Downloading from central-https: https://repo1.maven.org/maven2/com/google/google/5/google-5.pom
Progress (1): 1.2 kB
Progress (1): 2.5 kB
                    
Downloaded from central-https: https://repo1.maven.org/maven2/com/google/google/5/google-5.pom (2.5 kB at 42 kB/s)
Downloading from central-https: https://repo1.maven.org/maven2/javax/inject/javax.inject/1/javax.inject-1.pom
Progress (1): 612 B
                   
Downloaded from central-https: https://repo1.maven.org/maven2/javax/inject/javax.inject/1/javax.inject-1.pom (612 B at 11 kB/s)
Downloading from central-https: https://repo1.maven.org/maven2/com/google/inject/extensions/guice-multibindings/3.0/guice-multibindings-3.0.pom
Progress (1): 547 B
                   
Downloaded from central-https: https://repo1.maven.org/maven2/com/google/inject/extensions/guice-multibindings/3.0/guice-multibindings-3.0.pom (547 B at 11 kB/s)
Downloading from central-https: https://repo1.maven.org/maven2/com/google/inject/extensions/extensions-parent/3.0/extensions-parent-3.0.pom
Progress (1): 1.3 kB
Progress (1): 3.2 kB
Progress (1): 3.6 kB
                    
Downloaded from central-https: https://repo1.maven.org/maven2/com/google/inject/extensions/extensions-parent/3.0/extensions-parent-3.0.pom (3.6 kB at 67 kB/s)
Downloading from central-https: https://repo1.maven.org/maven2/javax/ejb/ejb-api/3.0/ejb-api-3.0.pom
Progress (1): 149 B
                   
Downloaded from central-https: https://repo1.maven.org/maven2/javax/ejb/ejb-api/3.0/ejb-api-3.0.pom (149 B at 2.8 kB/s)
Downloading from central-https: https://repo1.maven.org/maven2/javax/enterprise/cdi-api/1.1/cdi-api-1.1.pom
Progress (1): 1.0 kB
Progress (1): 2.9 kB
Progress (1): 5.8 kB
                    
Downloaded from central-https: https://repo1.maven.org/maven2/javax/enterprise/cdi-api/1.1/cdi-api-1.1.pom (5.8 kB at 101 kB/s)
Downloading from central-https: https://repo1.maven.org/maven2/org/jboss/weld/weld-parent/21/weld-parent-21.pom
Progress (1): 1.0 kB
Progress (1): 2.9 kB
Progress (1): 6.3 kB
Progress (1): 12 kB 
Progress (1): 16 kB
Progress (1): 19 kB
Progress (1): 22 kB
Progress (1): 26 kB
Progress (1): 31 kB
Progress (1): 32 kB
                   
Downloaded from central-https: https://repo1.maven.org/maven2/org/jboss/weld/weld-parent/21/weld-parent-21.pom (32 kB at 569 kB/s)
Downloading from central-https: https://repo1.maven.org/maven2/javax/el/el-api/2.2/el-api-2.2.pom
Progress (1): 740 B
Progress (1): 2.0 kB
Progress (1): 3.8 kB
Progress (1): 4.2 kB
                    
Downloaded from central-https: https://repo1.maven.org/maven2/javax/el/el-api/2.2/el-api-2.2.pom (4.2 kB at 74 kB/s)
Downloading from central-https: https://repo1.maven.org/maven2/org/glassfish/web/el/2.2/el-2.2.pom
Progress (1): 1.8 kB
Progress (1): 3.9 kB
                    
Downloaded from central-https: https://repo1.maven.org/maven2/org/glassfish/web/el/2.2/el-2.2.pom (3.9 kB at 67 kB/s)
Downloading from central-https: https://repo1.maven.org/maven2/org/jboss/spec/javax/interceptor/jboss-interceptors-api_1.1_spec/1.0.0.Beta1/jboss-interceptors-api_1.1_spec-1.0.0.Beta1.pom
Progress (1): 1.1 kB
                    
Downloaded from central-https: https://repo1.maven.org/maven2/org/jboss/spec/javax/interceptor/jboss-interceptors-api_1.1_spec/1.0.0.Beta1/jboss-interceptors-api_1.1_spec-1.0.0.Beta1.pom (1.1 kB at 17 kB/s)
Downloading from central-https: https://repo1.maven.org/maven2/org/jboss/spec/jboss-specs-parent/1.0.0.Beta1/jboss-specs-parent-1.0.0.Beta1.pom
Progress (1): 1.3 kB
Progress (1): 3.0 kB
                    
Downloaded from central-https: https://repo1.maven.org/maven2/org/jboss/spec/jboss-specs-parent/1.0.0.Beta1/jboss-specs-parent-1.0.0.Beta1.pom (3.0 kB at 60 kB/s)
Downloading from central-https: https://repo1.maven.org/maven2/org/jboss/jboss-parent/5-beta-5/jboss-parent-5-beta-5.pom
Progress (1): 1.1 kB
Progress (1): 3.6 kB
Progress (1): 5.9 kB
Progress (1): 13 kB 
Progress (1): 16 kB
Progress (1): 19 kB
                   
Downloaded from central-https: https://repo1.maven.org/maven2/org/jboss/jboss-parent/5-beta-5/jboss-parent-5-beta-5.pom (19 kB at 372 kB/s)
Downloading from central-https: https://repo1.maven.org/maven2/javax/annotation/jsr250-api/1.0/jsr250-api-1.0.pom
Progress (1): 1.0 kB
                    
Downloaded from central-https: https://repo1.maven.org/maven2/javax/annotation/jsr250-api/1.0/jsr250-api-1.0.pom (1.0 kB at 16 kB/s)
Downloading from central-https: https://repo1.maven.org/maven2/javax/annotation/javax.annotation-api/1.2/javax.annotation-api-1.2.pom
Progress (1): 702 B
Progress (1): 2.0 kB
Progress (1): 3.5 kB
Progress (1): 5.5 kB
Progress (1): 8.7 kB
Progress (1): 12 kB 
Progress (1): 13 kB
                   
Downloaded from central-https: https://repo1.maven.org/maven2/javax/annotation/javax.annotation-api/1.2/javax.annotation-api-1.2.pom (13 kB at 253 kB/s)
Downloading from central-https: https://repo1.maven.org/maven2/net/java/jvnet-parent/3/jvnet-parent-3.pom
Progress (1): 838 B
Progress (1): 2.5 kB
Progress (1): 4.8 kB
                    
Downloaded from central-https: https://repo1.maven.org/maven2/net/java/jvnet-parent/3/jvnet-parent-3.pom (4.8 kB at 81 kB/s)
Downloading from central-https: https://repo1.maven.org/maven2/org/picocontainer/picocontainer/2.13.6/picocontainer-2.13.6.pom
Progress (1): 1.5 kB
Progress (1): 3.8 kB
                    
Downloaded from central-https: https://repo1.maven.org/maven2/org/picocontainer/picocontainer/2.13.6/picocontainer-2.13.6.pom (3.8 kB at 53 kB/s)
Downloading from central-https: https://repo1.maven.org/maven2/org/picocontainer/picocontainer-parent/2.13.6/picocontainer-parent-2.13.6.pom
Progress (1): 1.1 kB
Progress (1): 4.4 kB
Progress (1): 7.3 kB
Progress (1): 10 kB 
Progress (1): 14 kB
Progress (1): 14 kB
                   
Downloaded from central-https: https://repo1.maven.org/maven2/org/picocontainer/picocontainer-parent/2.13.6/picocontainer-parent-2.13.6.pom (14 kB at 225 kB/s)
Downloading from central-https: https://repo1.maven.org/maven2/org/codehaus/jettison/jettison/1.2/jettison-1.2.pom
Progress (1): 1.3 kB
Progress (1): 4.0 kB
Progress (1): 4.0 kB
                    
Downloaded from central-https: https://repo1.maven.org/maven2/org/codehaus/jettison/jettison/1.2/jettison-1.2.pom (4.0 kB at 68 kB/s)
Downloading from central-https: https://repo1.maven.org/maven2/com/google/code/gson/gson/2.2.4/gson-2.2.4.pom
Progress (1): 1.1 kB
Progress (1): 3.3 kB
Progress (1): 6.2 kB
Progress (1): 8.0 kB
                    
Downloaded from central-https: https://repo1.maven.org/maven2/com/google/code/gson/gson/2.2.4/gson-2.2.4.pom (8.0 kB at 134 kB/s)
Downloading from central-https: https://repo1.maven.org/maven2/org/hibernate/hibernate-core/3.6.6.Final/hibernate-core-3.6.6.Final.pom
Progress (1): 780 B
Progress (1): 2.6 kB
Progress (1): 6.2 kB
Progress (1): 9.0 kB
Progress (1): 11 kB 
                   
Downloaded from central-https: https://repo1.maven.org/maven2/org/hibernate/hibernate-core/3.6.6.Final/hibernate-core-3.6.6.Final.pom (11 kB at 145 kB/s)
Downloading from central-https: https://repo1.maven.org/maven2/org/hibernate/hibernate-parent/3.6.6.Final/hibernate-parent-3.6.6.Final.pom
Progress (1): 762 B
Progress (1): 2.2 kB
Progress (1): 4.8 kB
Progress (1): 7.1 kB
Progress (1): 10 kB 
Progress (1): 13 kB
Progress (1): 18 kB
Progress (1): 23 kB
Progress (1): 26 kB
Progress (1): 30 kB
Progress (1): 38 kB
Progress (1): 46 kB
Progress (1): 46 kB
                   
Downloaded from central-https: https://repo1.maven.org/maven2/org/hibernate/hibernate-parent/3.6.6.Final/hibernate-parent-3.6.6.Final.pom (46 kB at 616 kB/s)
Downloading from central-https: https://repo1.maven.org/maven2/org/hibernate/hibernate-commons-annotations/3.2.0.Final/hibernate-commons-annotations-3.2.0.Final.pom
Progress (1): 1.1 kB
Progress (1): 4.2 kB
Progress (1): 6.6 kB
                    
Downloaded from central-https: https://repo1.maven.org/maven2/org/hibernate/hibernate-commons-annotations/3.2.0.Final/hibernate-commons-annotations-3.2.0.Final.pom (6.6 kB at 115 kB/s)
Downloading from central-https: https://repo1.maven.org/maven2/org/slf4j/slf4j-api/1.5.8/slf4j-api-1.5.8.pom
Progress (1): 1.4 kB
Progress (1): 3.0 kB
                    
Downloaded from central-https: https://repo1.maven.org/maven2/org/slf4j/slf4j-api/1.5.8/slf4j-api-1.5.8.pom (3.0 kB at 44 kB/s)
Downloading from central-https: https://repo1.maven.org/maven2/org/slf4j/slf4j-parent/1.5.8/slf4j-parent-1.5.8.pom
Progress (1): 1.2 kB
Progress (1): 3.4 kB
Progress (1): 6.4 kB
Progress (1): 8.1 kB
                    
Downloaded from central-https: https://repo1.maven.org/maven2/org/slf4j/slf4j-parent/1.5.8/slf4j-parent-1.5.8.pom (8.1 kB at 94 kB/s)
Downloading from central-https: https://repo1.maven.org/maven2/org/hibernate/javax/persistence/hibernate-jpa-2.0-api/1.0.1.Final/hibernate-jpa-2.0-api-1.0.1.Final.pom
Progress (1): 921 B
Progress (1): 2.8 kB
Progress (1): 5.7 kB
Progress (1): 7.1 kB
                    
Downloaded from central-https: https://repo1.maven.org/maven2/org/hibernate/javax/persistence/hibernate-jpa-2.0-api/1.0.1.Final/hibernate-jpa-2.0-api-1.0.1.Final.pom (7.1 kB at 120 kB/s)
Downloading from central-https: https://repo1.maven.org/maven2/javax/transaction/jta/1.1/jta-1.1.pom
Progress (1): 598 B
                   
Downloaded from central-https: https://repo1.maven.org/maven2/javax/transaction/jta/1.1/jta-1.1.pom (598 B at 9.5 kB/s)
Downloading from central-https: https://repo1.maven.org/maven2/org/slf4j/slf4j-api/1.6.1/slf4j-api-1.6.1.pom
Progress (1): 1.4 kB
Progress (1): 3.0 kB
                    
Downloaded from central-https: https://repo1.maven.org/maven2/org/slf4j/slf4j-api/1.6.1/slf4j-api-1.6.1.pom (3.0 kB at 37 kB/s)
Downloading from central-https: https://repo1.maven.org/maven2/org/slf4j/slf4j-parent/1.6.1/slf4j-parent-1.6.1.pom
Progress (1): 1.0 kB
Progress (1): 3.4 kB
Progress (1): 5.7 kB
Progress (1): 8.8 kB
Progress (1): 9.3 kB
                    
Downloaded from central-https: https://repo1.maven.org/maven2/org/slf4j/slf4j-parent/1.6.1/slf4j-parent-1.6.1.pom (9.3 kB at 183 kB/s)
Downloading from central-https: https://repo1.maven.org/maven2/javax/validation/validation-api/1.1.0.Final/validation-api-1.1.0.Final.pom
Progress (1): 1.6 kB
Progress (1): 3.6 kB
Progress (1): 7.5 kB
Progress (1): 7.9 kB
                    
Downloaded from central-https: https://repo1.maven.org/maven2/javax/validation/validation-api/1.1.0.Final/validation-api-1.1.0.Final.pom (7.9 kB at 140 kB/s)
Downloading from central-https: https://repo1.maven.org/maven2/org/hibernate/hibernate-validator/5.0.0.Final/hibernate-validator-5.0.0.Final.pom
Progress (1): 762 B
Progress (1): 2.5 kB
Progress (1): 5.7 kB
Progress (1): 9.5 kB
Progress (1): 13 kB 
                   
Downloaded from central-https: https://repo1.maven.org/maven2/org/hibernate/hibernate-validator/5.0.0.Final/hibernate-validator-5.0.0.Final.pom (13 kB at 215 kB/s)
Downloading from central-https: https://repo1.maven.org/maven2/org/hibernate/hibernate-validator-parent/5.0.0.Final/hibernate-validator-parent-5.0.0.Final.pom
Progress (1): 730 B
Progress (1): 2.4 kB
Progress (1): 4.5 kB
Progress (1): 9.4 kB
Progress (1): 13 kB 
Progress (1): 17 kB
Progress (1): 21 kB
Progress (1): 24 kB
Progress (1): 26 kB
                   
Downloaded from central-https: https://repo1.maven.org/maven2/org/hibernate/hibernate-validator-parent/5.0.0.Final/hibernate-validator-parent-5.0.0.Final.pom (26 kB at 403 kB/s)
Downloading from central-https: https://repo1.maven.org/maven2/org/jboss/arquillian/arquillian-bom/1.0.2.Final/arquillian-bom-1.0.2.Final.pom
Progress (1): 1.0 kB
Progress (1): 7.4 kB
Progress (1): 11 kB 
                   
Downloaded from central-https: https://repo1.maven.org/maven2/org/jboss/arquillian/arquillian-bom/1.0.2.Final/arquillian-bom-1.0.2.Final.pom (11 kB at 197 kB/s)
Downloading from central-https: https://repo1.maven.org/maven2/org/jboss/shrinkwrap/shrinkwrap-bom/1.0.1/shrinkwrap-bom-1.0.1.pom
Progress (1): 998 B
Progress (1): 3.2 kB
                    
Downloaded from central-https: https://repo1.maven.org/maven2/org/jboss/shrinkwrap/shrinkwrap-bom/1.0.1/shrinkwrap-bom-1.0.1.pom (3.2 kB at 56 kB/s)
Downloading from central-https: https://repo1.maven.org/maven2/org/jboss/shrinkwrap/resolver/shrinkwrap-resolver-bom/1.0.0-beta-7/shrinkwrap-resolver-bom-1.0.0-beta-7.pom
Progress (1): 982 B
Progress (1): 3.3 kB
                    
Downloaded from central-https: https://repo1.maven.org/maven2/org/jboss/shrinkwrap/resolver/shrinkwrap-resolver-bom/1.0.0-beta-7/shrinkwrap-resolver-bom-1.0.0-beta-7.pom (3.3 kB at 58 kB/s)
Downloading from central-https: https://repo1.maven.org/maven2/org/jboss/shrinkwrap/descriptors/shrinkwrap-descriptors-bom/2.0.0-alpha-3/shrinkwrap-descriptors-bom-2.0.0-alpha-3.pom
Progress (1): 1.0 kB
Progress (1): 4.4 kB
                    
Downloaded from central-https: https://repo1.maven.org/maven2/org/jboss/shrinkwrap/descriptors/shrinkwrap-descriptors-bom/2.0.0-alpha-3/shrinkwrap-descriptors-bom-2.0.0-alpha-3.pom (4.4 kB at 84 kB/s)
Downloading from central-https: https://repo1.maven.org/maven2/org/jboss/logging/jboss-logging/3.1.1.GA/jboss-logging-3.1.1.GA.pom
Progress (1): 852 B
Progress (1): 2.3 kB
Progress (1): 4.8 kB
Progress (1): 6.1 kB
                    
Downloaded from central-https: https://repo1.maven.org/maven2/org/jboss/logging/jboss-logging/3.1.1.GA/jboss-logging-3.1.1.GA.pom (6.1 kB at 103 kB/s)
Downloading from central-https: https://repo1.maven.org/maven2/org/jboss/jboss-parent/7/jboss-parent-7.pom
Progress (1): 1.0 kB
Progress (1): 3.5 kB
Progress (1): 5.7 kB
Progress (1): 8.9 kB
Progress (1): 19 kB 
Progress (1): 22 kB
Progress (1): 22 kB
                   
Downloaded from central-https: https://repo1.maven.org/maven2/org/jboss/jboss-parent/7/jboss-parent-7.pom (22 kB at 380 kB/s)
Downloading from central-https: https://repo1.maven.org/maven2/com/fasterxml/classmate/0.8.0/classmate-0.8.0.pom
Progress (1): 1.3 kB
Progress (1): 3.4 kB
Progress (1): 6.6 kB
                    
Downloaded from central-https: https://repo1.maven.org/maven2/com/fasterxml/classmate/0.8.0/classmate-0.8.0.pom (6.6 kB at 131 kB/s)
Downloading from central-https: https://repo1.maven.org/maven2/org/glassfish/web/javax.el/2.2.4/javax.el-2.2.4.pom
Progress (1): 701 B
Progress (1): 2.0 kB
Progress (1): 3.5 kB
Progress (1): 5.7 kB
Progress (1): 8.7 kB
Progress (1): 12 kB 
                   
Downloaded from central-https: https://repo1.maven.org/maven2/org/glassfish/web/javax.el/2.2.4/javax.el-2.2.4.pom (12 kB at 192 kB/s)
Downloading from central-https: https://repo1.maven.org/maven2/net/java/jvnet-parent/1/jvnet-parent-1.pom
Progress (1): 843 B
Progress (1): 2.5 kB
Progress (1): 4.7 kB
                    
Downloaded from central-https: https://repo1.maven.org/maven2/net/java/jvnet-parent/1/jvnet-parent-1.pom (4.7 kB at 96 kB/s)
Downloading from central-https: https://repo1.maven.org/maven2/javax/el/javax.el-api/2.2.4/javax.el-api-2.2.4.pom
Progress (1): 709 B
Progress (1): 2.0 kB
Progress (1): 3.5 kB
Progress (1): 5.8 kB
Progress (1): 9.1 kB
Progress (1): 11 kB 
                   
Downloaded from central-https: https://repo1.maven.org/maven2/javax/el/javax.el-api/2.2.4/javax.el-api-2.2.4.pom (11 kB at 183 kB/s)
Downloading from central-https: https://repo1.maven.org/maven2/org/apache/commons/commons-parent/28/commons-parent-28.pom
Progress (1): 721 B
Progress (1): 2.1 kB
Progress (1): 3.4 kB
Progress (1): 5.1 kB
Progress (1): 9.0 kB
Progress (1): 13 kB 
Progress (1): 16 kB
Progress (1): 19 kB
Progress (1): 22 kB
Progress (1): 24 kB
Progress (1): 28 kB
Progress (1): 34 kB
Progress (1): 38 kB
Progress (1): 41 kB
Progress (1): 44 kB
Progress (1): 44 kB
Progress (1): 46 kB
Progress (1): 48 kB
Progress (1): 50 kB
                   
Downloaded from central-https: https://repo1.maven.org/maven2/org/apache/commons/commons-parent/28/commons-parent-28.pom (50 kB at 669 kB/s)
Downloading from central-https: https://repo1.maven.org/maven2/org/apache/apache/13/apache-13.pom
Progress (1): 749 B
Progress (1): 2.1 kB
Progress (1): 4.1 kB
Progress (1): 9.0 kB
Progress (1): 11 kB 
Progress (1): 14 kB
                   
Downloaded from central-https: https://repo1.maven.org/maven2/org/apache/apache/13/apache-13.pom (14 kB at 250 kB/s)
Downloading from central-https: https://repo1.maven.org/maven2/org/apache/commons/commons-parent/24/commons-parent-24.pom
Progress (1): 719 B
Progress (1): 1.9 kB
Progress (1): 3.2 kB
Progress (1): 4.7 kB
Progress (1): 8.3 kB
Progress (1): 12 kB 
Progress (1): 16 kB
Progress (1): 19 kB
Progress (1): 21 kB
Progress (1): 24 kB
Progress (1): 29 kB
Progress (1): 35 kB
Progress (1): 38 kB
Progress (1): 40 kB
Progress (1): 43 kB
Progress (1): 43 kB
Progress (1): 45 kB
Progress (1): 47 kB
Progress (1): 47 kB
                   
Downloaded from central-https: https://repo1.maven.org/maven2/org/apache/commons/commons-parent/24/commons-parent-24.pom (47 kB at 666 kB/s)
Downloading from central-https: https://repo1.maven.org/maven2/org/apache/apache/9/apache-9.pom
Progress (1): 753 B
Progress (1): 2.0 kB
Progress (1): 3.7 kB
Progress (1): 7.1 kB
Progress (1): 11 kB 
Progress (1): 14 kB
Progress (1): 15 kB
                   
Downloaded from central-https: https://repo1.maven.org/maven2/org/apache/apache/9/apache-9.pom (15 kB at 286 kB/s)
Downloading from central-https: https://repo1.maven.org/maven2/org/hamcrest/hamcrest-core/1.2/hamcrest-core-1.2.pom
Progress (1): 1.0 kB
Progress (1): 3.1 kB
Progress (1): 3.2 kB
                    
Downloaded from central-https: https://repo1.maven.org/maven2/org/hamcrest/hamcrest-core/1.2/hamcrest-core-1.2.pom (3.2 kB at 60 kB/s)
Downloading from central-https: https://repo1.maven.org/maven2/org/hamcrest/hamcrest-library/1.2/hamcrest-library-1.2.pom
Progress (1): 896 B
Progress (1): 2.4 kB
Progress (1): 4.8 kB
Progress (1): 5.7 kB
                    
Downloaded from central-https: https://repo1.maven.org/maven2/org/hamcrest/hamcrest-library/1.2/hamcrest-library-1.2.pom (5.7 kB at 110 kB/s)
Downloading from central-https: https://repo1.maven.org/maven2/javax/servlet/jstl/1.2/jstl-1.2.pom
Progress (1): 356 B
                   
Downloaded from central-https: https://repo1.maven.org/maven2/javax/servlet/jstl/1.2/jstl-1.2.pom (356 B at 8.3 kB/s)
Downloading from central-https: https://repo1.maven.org/maven2/javax/servlet/jsp/jsp-api/2.1/jsp-api-2.1.pom
Progress (1): 157 B
                   
Downloaded from central-https: https://repo1.maven.org/maven2/javax/servlet/jsp/jsp-api/2.1/jsp-api-2.1.pom (157 B at 3.6 kB/s)
Downloading from central-https: https://repo1.maven.org/maven2/org/mortbay/jetty/servlet-api/3.0.20100224/servlet-api-3.0.20100224.pom
Progress (1): 1.3 kB
Progress (1): 2.6 kB
                    
Downloaded from central-https: https://repo1.maven.org/maven2/org/mortbay/jetty/servlet-api/3.0.20100224/servlet-api-3.0.20100224.pom (2.6 kB at 48 kB/s)
Downloading from central-https: https://repo1.maven.org/maven2/org/mortbay/jetty/jetty-parent/9/jetty-parent-9.pom
Progress (1): 1.4 kB
Progress (1): 2.9 kB
                    
Downloaded from central-https: https://repo1.maven.org/maven2/org/mortbay/jetty/jetty-parent/9/jetty-parent-9.pom (2.9 kB at 56 kB/s)
Downloading from central-https: https://repo1.maven.org/maven2/org/eclipse/jetty/jetty-parent/12/jetty-parent-12.pom
Progress (1): 1.1 kB
Progress (1): 5.4 kB
Progress (1): 8.1 kB
Progress (1): 11 kB 
Progress (1): 15 kB
Progress (1): 16 kB
                   
Downloaded from central-https: https://repo1.maven.org/maven2/org/eclipse/jetty/jetty-parent/12/jetty-parent-12.pom (16 kB at 258 kB/s)
Downloading from central-https: https://repo1.maven.org/maven2/org/mockito/mockito-core/1.8.5/mockito-core-1.8.5.pom
Progress (1): 1.3 kB
                    
Downloaded from central-https: https://repo1.maven.org/maven2/org/mockito/mockito-core/1.8.5/mockito-core-1.8.5.pom (1.3 kB at 15 kB/s)
Downloading from central-https: https://repo1.maven.org/maven2/org/hamcrest/hamcrest-core/1.1/hamcrest-core-1.1.pom
Progress (1): 481 B
                   
Downloaded from central-https: https://repo1.maven.org/maven2/org/hamcrest/hamcrest-core/1.1/hamcrest-core-1.1.pom (481 B at 6.0 kB/s)
Downloading from central-https: https://repo1.maven.org/maven2/org/hamcrest/hamcrest-parent/1.1/hamcrest-parent-1.1.pom
Progress (1): 1.2 kB
Progress (1): 3.4 kB
Progress (1): 5.7 kB
Progress (1): 5.9 kB
                    
Downloaded from central-https: https://repo1.maven.org/maven2/org/hamcrest/hamcrest-parent/1.1/hamcrest-parent-1.1.pom (5.9 kB at 115 kB/s)
Downloading from central-https: https://repo1.maven.org/maven2/org/objenesis/objenesis/1.0/objenesis-1.0.pom
Progress (1): 853 B
                   
Downloaded from central-https: https://repo1.maven.org/maven2/org/objenesis/objenesis/1.0/objenesis-1.0.pom (853 B at 16 kB/s)
Downloading from central-https: https://repo1.maven.org/maven2/com/google/guava/guava/11.0.2/guava-11.0.2.jar
Downloading from central-https: https://repo1.maven.org/maven2/com/google/code/findbugs/jsr305/1.3.9/jsr305-1.3.9.jar
Downloading from central-https: https://repo1.maven.org/maven2/br/com/caelum/iogi/1.0.0/iogi-1.0.0.jar
Downloading from central-https: https://repo1.maven.org/maven2/org/slf4j/slf4j-api/1.6.6/slf4j-api-1.6.6.jar
Downloading from central-https: https://repo1.maven.org/maven2/org/slf4j/slf4j-log4j12/1.6.6/slf4j-log4j12-1.6.6.jar
Progress (1): 7.7/33 kB
Progress (1): 8.2/33 kB
Progress (2): 8.2/33 kB | 0/1.6 MB
Progress (2): 25/33 kB | 0/1.6 MB 
Progress (2): 25/33 kB | 0/1.6 MB
Progress (2): 25/33 kB | 0/1.6 MB
Progress (2): 25/33 kB | 0/1.6 MB
Progress (2): 25/33 kB | 0/1.6 MB
Progress (2): 25/33 kB | 0/1.6 MB
Progress (2): 25/33 kB | 0/1.6 MB
Progress (2): 25/33 kB | 0/1.6 MB
Progress (2): 25/33 kB | 0/1.6 MB
Progress (2): 25/33 kB | 0/1.6 MB
Progress (2): 25/33 kB | 0/1.6 MB
Progress (2): 25/33 kB | 0/1.6 MB
Progress (3): 25/33 kB | 0/1.6 MB | 0.9/78 kB
Progress (3): 25/33 kB | 0/1.6 MB | 2.3/78 kB
Progress (3): 25/33 kB | 0/1.6 MB | 2.3/78 kB
Progress (3): 25/33 kB | 0/1.6 MB | 3.6/78 kB
Progress (3): 25/33 kB | 0/1.6 MB | 3.6/78 kB
Progress (3): 25/33 kB | 0/1.6 MB | 5.0/78 kB
Progress (3): 25/33 kB | 0/1.6 MB | 6.4/78 kB
Progress (3): 25/33 kB | 0/1.6 MB | 6.4/78 kB
Progress (3): 25/33 kB | 0/1.6 MB | 7.7/78 kB
Progress (3): 25/33 kB | 0/1.6 MB | 7.7/78 kB
Progress (3): 25/33 kB | 0/1.6 MB | 9.1/78 kB
Progress (3): 33 kB | 0/1.6 MB | 9.1/78 kB   
Progress (3): 33 kB | 0/1.6 MB | 10/78 kB 
Progress (3): 33 kB | 0/1.6 MB | 12/78 kB
Progress (3): 33 kB | 0/1.6 MB | 12/78 kB
Progress (3): 33 kB | 0/1.6 MB | 12/78 kB
Progress (3): 33 kB | 0/1.6 MB | 12/78 kB
Progress (3): 33 kB | 0/1.6 MB | 12/78 kB
Progress (3): 33 kB | 0/1.6 MB | 12/78 kB
Progress (3): 33 kB | 0/1.6 MB | 12/78 kB
Progress (3): 33 kB | 0/1.6 MB | 12/78 kB
Progress (3): 33 kB | 0/1.6 MB | 12/78 kB
Progress (3): 33 kB | 0/1.6 MB | 13/78 kB
Progress (3): 33 kB | 0/1.6 MB | 15/78 kB
Progress (3): 33 kB | 0/1.6 MB | 16/78 kB
Progress (3): 33 kB | 0/1.6 MB | 17/78 kB
Progress (3): 33 kB | 0/1.6 MB | 17/78 kB
Progress (3): 33 kB | 0/1.6 MB | 17/78 kB
Progress (3): 33 kB | 0/1.6 MB | 17/78 kB
Progress (3): 33 kB | 0/1.6 MB | 17/78 kB
                                         
Downloaded from central-https: https://repo1.maven.org/maven2/com/google/code/findbugs/jsr305/1.3.9/jsr305-1.3.9.jar (33 kB at 309 kB/s)
Downloading from central-https: https://repo1.maven.org/maven2/net/vidageek/mirror/1.6.1/mirror-1.6.1.jar
Progress (2): 0/1.6 MB | 17/78 kB
Progress (2): 0/1.6 MB | 17/78 kB
Progress (2): 0/1.6 MB | 17/78 kB
Progress (2): 0/1.6 MB | 17/78 kB
Progress (2): 0/1.6 MB | 17/78 kB
Progress (2): 0/1.6 MB | 17/78 kB
Progress (2): 0/1.6 MB | 17/78 kB
Progress (2): 0/1.6 MB | 17/78 kB
Progress (2): 0.1/1.6 MB | 17/78 kB
Progress (2): 0.1/1.6 MB | 17/78 kB
Progress (2): 0.1/1.6 MB | 19/78 kB
Progress (2): 0.1/1.6 MB | 20/78 kB
Progress (2): 0.1/1.6 MB | 21/78 kB
Progress (2): 0.1/1.6 MB | 23/78 kB
Progress (2): 0.1/1.6 MB | 24/78 kB
Progress (2): 0.1/1.6 MB | 26/78 kB
Progress (2): 0.1/1.6 MB | 27/78 kB
Progress (2): 0.1/1.6 MB | 27/78 kB
Progress (2): 0.1/1.6 MB | 27/78 kB
Progress (2): 0.1/1.6 MB | 27/78 kB
Progress (2): 0.1/1.6 MB | 27/78 kB
Progress (2): 0.1/1.6 MB | 27/78 kB
Progress (2): 0.1/1.6 MB | 28/78 kB
Progress (2): 0.1/1.6 MB | 30/78 kB
Progress (2): 0.1/1.6 MB | 31/78 kB
Progress (2): 0.1/1.6 MB | 32/78 kB
Progress (2): 0.1/1.6 MB | 34/78 kB
Progress (2): 0.1/1.6 MB | 35/78 kB
Progress (2): 0.1/1.6 MB | 36/78 kB
Progress (2): 0.1/1.6 MB | 38/78 kB
Progress (2): 0.1/1.6 MB | 39/78 kB
Progress (2): 0.1/1.6 MB | 41/78 kB
Progress (2): 0.1/1.6 MB | 42/78 kB
Progress (2): 0.1/1.6 MB | 43/78 kB
Progress (2): 0.1/1.6 MB | 45/78 kB
Progress (2): 0.1/1.6 MB | 46/78 kB
Progress (2): 0.1/1.6 MB | 47/78 kB
Progress (2): 0.1/1.6 MB | 49/78 kB
Progress (2): 0.1/1.6 MB | 50/78 kB
Progress (2): 0.1/1.6 MB | 52/78 kB
Progress (2): 0.1/1.6 MB | 53/78 kB
Progress (2): 0.1/1.6 MB | 54/78 kB
Progress (2): 0.1/1.6 MB | 56/78 kB
Progress (3): 0.1/1.6 MB | 56/78 kB | 0.9/26 kB
Progress (3): 0.1/1.6 MB | 56/78 kB | 2.3/26 kB
Progress (3): 0.1/1.6 MB | 56/78 kB | 3.4/26 kB
Progress (3): 0.1/1.6 MB | 56/78 kB | 4.8/26 kB
Progress (3): 0.1/1.6 MB | 56/78 kB | 6.1/26 kB
Progress (3): 0.1/1.6 MB | 56/78 kB | 7.5/26 kB
Progress (3): 0.1/1.6 MB | 56/78 kB | 8.9/26 kB
Progress (3): 0.1/1.6 MB | 56/78 kB | 10/26 kB 
Progress (3): 0.1/1.6 MB | 56/78 kB | 12/26 kB
Progress (3): 0.1/1.6 MB | 56/78 kB | 13/26 kB
Progress (3): 0.1/1.6 MB | 56/78 kB | 14/26 kB
Progress (3): 0.1/1.6 MB | 56/78 kB | 16/26 kB
Progress (3): 0.1/1.6 MB | 56/78 kB | 17/26 kB
Progress (3): 0.1/1.6 MB | 56/78 kB | 18/26 kB
Progress (3): 0.1/1.6 MB | 56/78 kB | 20/26 kB
Progress (3): 0.1/1.6 MB | 56/78 kB | 21/26 kB
Progress (3): 0.1/1.6 MB | 60/78 kB | 21/26 kB
Progress (3): 0.1/1.6 MB | 60/78 kB | 23/26 kB
Progress (3): 0.1/1.6 MB | 60/78 kB | 24/26 kB
Progress (3): 0.1/1.6 MB | 60/78 kB | 25/26 kB
Progress (3): 0.1/1.6 MB | 60/78 kB | 26 kB   
Progress (4): 0.1/1.6 MB | 60/78 kB | 26 kB | 0.9/9.7 kB
Progress (4): 0.1/1.6 MB | 60/78 kB | 26 kB | 2.3/9.7 kB
Progress (4): 0.1/1.6 MB | 60/78 kB | 26 kB | 3.6/9.7 kB
Progress (4): 0.1/1.6 MB | 60/78 kB | 26 kB | 5.0/9.7 kB
Progress (4): 0.1/1.6 MB | 60/78 kB | 26 kB | 6.4/9.7 kB
Progress (4): 0.1/1.6 MB | 60/78 kB | 26 kB | 7.7/9.7 kB
Progress (4): 0.1/1.6 MB | 60/78 kB | 26 kB | 9.1/9.7 kB
Progress (4): 0.1/1.6 MB | 60/78 kB | 26 kB | 9.7 kB    
Progress (5): 0.1/1.6 MB | 60/78 kB | 26 kB | 9.7 kB | 7.7/141 kB
Progress (5): 0.1/1.6 MB | 60/78 kB | 26 kB | 9.7 kB | 16/141 kB 
                                                                
Downloaded from central-https: https://repo1.maven.org/maven2/org/slf4j/slf4j-api/1.6.6/slf4j-api-1.6.6.jar (26 kB at 146 kB/s)
Downloading from central-https: https://repo1.maven.org/maven2/org/objenesis/objenesis/1.3/objenesis-1.3.jar
Downloaded from central-https: https://repo1.maven.org/maven2/org/slf4j/slf4j-log4j12/1.6.6/slf4j-log4j12-1.6.6.jar (9.7 kB at 54 kB/s)
Downloading from central-https: https://repo1.maven.org/maven2/com/thoughtworks/paranamer/paranamer/2.5.2/paranamer-2.5.2.jar
Progress (3): 0.1/1.6 MB | 60/78 kB | 16/141 kB
Progress (3): 0.1/1.6 MB | 60/78 kB | 16/141 kB
Progress (3): 0.1/1.6 MB | 60/78 kB | 16/141 kB
Progress (3): 0.1/1.6 MB | 60/78 kB | 16/141 kB
Progress (3): 0.1/1.6 MB | 60/78 kB | 16/141 kB
Progress (3): 0.1/1.6 MB | 60/78 kB | 16/141 kB
Progress (3): 0.1/1.6 MB | 60/78 kB | 16/141 kB
Progress (3): 0.1/1.6 MB | 64/78 kB | 16/141 kB
Progress (3): 0.1/1.6 MB | 68/78 kB | 16/141 kB
Progress (3): 0.1/1.6 MB | 73/78 kB | 16/141 kB
Progress (3): 0.1/1.6 MB | 73/78 kB | 32/141 kB
Progress (3): 0.1/1.6 MB | 73/78 kB | 32/141 kB
Progress (3): 0.1/1.6 MB | 77/78 kB | 32/141 kB
Progress (3): 0.1/1.6 MB | 78 kB | 32/141 kB   
Progress (3): 0.1/1.6 MB | 78 kB | 32/141 kB
Progress (3): 0.1/1.6 MB | 78 kB | 32/141 kB
Progress (3): 0.1/1.6 MB | 78 kB | 32/141 kB
Progress (3): 0.1/1.6 MB | 78 kB | 32/141 kB
Progress (3): 0.1/1.6 MB | 78 kB | 32/141 kB
Progress (3): 0.1/1.6 MB | 78 kB | 32/141 kB
Progress (3): 0.1/1.6 MB | 78 kB | 32/141 kB
                                            
Downloaded from central-https: https://repo1.maven.org/maven2/br/com/caelum/iogi/1.0.0/iogi-1.0.0.jar (78 kB at 380 kB/s)
Downloading from central-https: https://repo1.maven.org/maven2/net/sf/scannotation/scannotation/1.0.2/scannotation-1.0.2.jar
Progress (2): 0.1/1.6 MB | 49/141 kB
Progress (2): 0.1/1.6 MB | 49/141 kB
Progress (2): 0.1/1.6 MB | 49/141 kB
Progress (2): 0.1/1.6 MB | 49/141 kB
Progress (2): 0.1/1.6 MB | 49/141 kB
Progress (2): 0.1/1.6 MB | 49/141 kB
Progress (2): 0.1/1.6 MB | 49/141 kB
Progress (2): 0.2/1.6 MB | 49/141 kB
Progress (2): 0.2/1.6 MB | 49/141 kB
Progress (2): 0.2/1.6 MB | 49/141 kB
Progress (2): 0.2/1.6 MB | 49/141 kB
Progress (2): 0.2/1.6 MB | 49/141 kB
Progress (2): 0.2/1.6 MB | 49/141 kB
Progress (2): 0.2/1.6 MB | 49/141 kB
Progress (2): 0.2/1.6 MB | 49/141 kB
Progress (2): 0.2/1.6 MB | 49/141 kB
Progress (2): 0.2/1.6 MB | 49/141 kB
Progress (2): 0.2/1.6 MB | 49/141 kB
Progress (2): 0.2/1.6 MB | 49/141 kB
Progress (2): 0.2/1.6 MB | 49/141 kB
Progress (2): 0.2/1.6 MB | 49/141 kB
Progress (2): 0.2/1.6 MB | 49/141 kB
Progress (2): 0.2/1.6 MB | 49/141 kB
Progress (2): 0.2/1.6 MB | 49/141 kB
Progress (2): 0.2/1.6 MB | 49/141 kB
Progress (2): 0.3/1.6 MB | 49/141 kB
Progress (2): 0.3/1.6 MB | 65/141 kB
Progress (2): 0.3/1.6 MB | 65/141 kB
Progress (2): 0.3/1.6 MB | 65/141 kB
Progress (2): 0.3/1.6 MB | 65/141 kB
Progress (2): 0.3/1.6 MB | 65/141 kB
Progress (2): 0.3/1.6 MB | 65/141 kB
Progress (2): 0.3/1.6 MB | 65/141 kB
Progress (2): 0.4/1.6 MB | 65/141 kB
Progress (2): 0.4/1.6 MB | 65/141 kB
Progress (2): 0.4/1.6 MB | 65/141 kB
Progress (2): 0.4/1.6 MB | 65/141 kB
Progress (2): 0.4/1.6 MB | 65/141 kB
Progress (2): 0.4/1.6 MB | 65/141 kB
Progress (3): 0.4/1.6 MB | 65/141 kB | 3.8/18 kB
Progress (4): 0.4/1.6 MB | 65/141 kB | 3.8/18 kB | 0.9/41 kB
Progress (4): 0.5/1.6 MB | 65/141 kB | 3.8/18 kB | 0.9/41 kB
Progress (4): 0.5/1.6 MB | 65/141 kB | 3.8/18 kB | 2.3/41 kB
Progress (4): 0.5/1.6 MB | 65/141 kB | 3.8/18 kB | 3.6/41 kB
Progress (4): 0.5/1.6 MB | 65/141 kB | 3.8/18 kB | 3.6/41 kB
Progress (4): 0.5/1.6 MB | 65/141 kB | 3.8/18 kB | 5.0/41 kB
Progress (4): 0.5/1.6 MB | 65/141 kB | 3.8/18 kB | 6.4/41 kB
Progress (4): 0.5/1.6 MB | 65/141 kB | 3.8/18 kB | 6.4/41 kB
Progress (4): 0.5/1.6 MB | 65/141 kB | 3.8/18 kB | 7.7/41 kB
Progress (4): 0.5/1.6 MB | 65/141 kB | 3.8/18 kB | 9.1/41 kB
Progress (4): 0.5/1.6 MB | 65/141 kB | 8.0/18 kB | 9.1/41 kB
Progress (4): 0.5/1.6 MB | 65/141 kB | 8.0/18 kB | 10/41 kB 
Progress (4): 0.5/1.6 MB | 65/141 kB | 8.0/18 kB | 10/41 kB
Progress (4): 0.5/1.6 MB | 65/141 kB | 8.0/18 kB | 12/41 kB
Progress (4): 0.5/1.6 MB | 65/141 kB | 8.0/18 kB | 13/41 kB
Progress (4): 0.5/1.6 MB | 65/141 kB | 8.0/18 kB | 15/41 kB
Progress (4): 0.5/1.6 MB | 65/141 kB | 8.0/18 kB | 16/41 kB
Progress (4): 0.5/1.6 MB | 65/141 kB | 8.0/18 kB | 17/41 kB
Progress (5): 0.5/1.6 MB | 65/141 kB | 8.0/18 kB | 17/41 kB | 0.9/30 kB
Progress (5): 0.5/1.6 MB | 65/141 kB | 8.0/18 kB | 17/41 kB | 0.9/30 kB
Progress (5): 0.5/1.6 MB | 65/141 kB | 8.0/18 kB | 19/41 kB | 0.9/30 kB
Progress (5): 0.5/1.6 MB | 65/141 kB | 8.0/18 kB | 19/41 kB | 2.3/30 kB
Progress (5): 0.5/1.6 MB | 65/141 kB | 8.2/18 kB | 19/41 kB | 2.3/30 kB
Progress (5): 0.5/1.6 MB | 65/141 kB | 8.2/18 kB | 20/41 kB | 2.3/30 kB
Progress (5): 0.5/1.6 MB | 65/141 kB | 8.2/18 kB | 20/41 kB | 3.6/30 kB
Progress (5): 0.5/1.6 MB | 65/141 kB | 8.2/18 kB | 21/41 kB | 3.6/30 kB
Progress (5): 0.5/1.6 MB | 65/141 kB | 8.2/18 kB | 21/41 kB | 5.0/30 kB
Progress (5): 0.5/1.6 MB | 65/141 kB | 8.2/18 kB | 21/41 kB | 5.0/30 kB
Progress (5): 0.5/1.6 MB | 65/141 kB | 8.2/18 kB | 23/41 kB | 5.0/30 kB
Progress (5): 0.5/1.6 MB | 65/141 kB | 8.2/18 kB | 23/41 kB | 6.4/30 kB
Progress (5): 0.5/1.6 MB | 65/141 kB | 12/18 kB | 23/41 kB | 6.4/30 kB 
Progress (5): 0.5/1.6 MB | 65/141 kB | 12/18 kB | 24/41 kB | 6.4/30 kB
Progress (5): 0.5/1.6 MB | 65/141 kB | 12/18 kB | 24/41 kB | 7.7/30 kB
Progress (5): 0.5/1.6 MB | 65/141 kB | 17/18 kB | 24/41 kB | 7.7/30 kB
Progress (5): 0.5/1.6 MB | 65/141 kB | 17/18 kB | 26/41 kB | 7.7/30 kB
Progress (5): 0.5/1.6 MB | 65/141 kB | 18 kB | 26/41 kB | 7.7/30 kB   
Progress (5): 0.5/1.6 MB | 65/141 kB | 18 kB | 27/41 kB | 7.7/30 kB
Progress (5): 0.5/1.6 MB | 65/141 kB | 18 kB | 27/41 kB | 9.1/30 kB
Progress (5): 0.6/1.6 MB | 65/141 kB | 18 kB | 27/41 kB | 9.1/30 kB
Progress (5): 0.6/1.6 MB | 65/141 kB | 18 kB | 27/41 kB | 10/30 kB 
Progress (5): 0.6/1.6 MB | 65/141 kB | 18 kB | 28/41 kB | 10/30 kB
Progress (5): 0.6/1.6 MB | 65/141 kB | 18 kB | 28/41 kB | 12/30 kB
Progress (5): 0.6/1.6 MB | 65/141 kB | 18 kB | 30/41 kB | 12/30 kB
Progress (5): 0.6/1.6 MB | 65/141 kB | 18 kB | 30/41 kB | 13/30 kB
Progress (5): 0.6/1.6 MB | 65/141 kB | 18 kB | 31/41 kB | 13/30 kB
Progress (5): 0.6/1.6 MB | 65/141 kB | 18 kB | 31/41 kB | 14/30 kB
Progress (5): 0.6/1.6 MB | 65/141 kB | 18 kB | 32/41 kB | 14/30 kB
Progress (5): 0.6/1.6 MB | 65/141 kB | 18 kB | 32/41 kB | 14/30 kB
Progress (5): 0.6/1.6 MB | 65/141 kB | 18 kB | 32/41 kB | 16/30 kB
Progress (5): 0.6/1.6 MB | 65/141 kB | 18 kB | 34/41 kB | 16/30 kB
Progress (5): 0.6/1.6 MB | 65/141 kB | 18 kB | 35/41 kB | 16/30 kB
Progress (5): 0.6/1.6 MB | 65/141 kB | 18 kB | 35/41 kB | 17/30 kB
Progress (5): 0.6/1.6 MB | 65/141 kB | 18 kB | 36/41 kB | 17/30 kB
Progress (5): 0.6/1.6 MB | 65/141 kB | 18 kB | 36/41 kB | 18/30 kB
Progress (5): 0.6/1.6 MB | 65/141 kB | 18 kB | 38/41 kB | 18/30 kB
Progress (5): 0.6/1.6 MB | 65/141 kB | 18 kB | 38/41 kB | 18/30 kB
Progress (5): 0.6/1.6 MB | 65/141 kB | 18 kB | 38/41 kB | 20/30 kB
Progress (5): 0.6/1.6 MB | 65/141 kB | 18 kB | 39/41 kB | 20/30 kB
Progress (5): 0.6/1.6 MB | 65/141 kB | 18 kB | 41 kB | 20/30 kB   
Progress (5): 0.6/1.6 MB | 65/141 kB | 18 kB | 41 kB | 21/30 kB
Progress (5): 0.6/1.6 MB | 65/141 kB | 18 kB | 41 kB | 23/30 kB
Progress (5): 0.6/1.6 MB | 65/141 kB | 18 kB | 41 kB | 23/30 kB
Progress (5): 0.6/1.6 MB | 65/141 kB | 18 kB | 41 kB | 24/30 kB
Progress (5): 0.6/1.6 MB | 65/141 kB | 18 kB | 41 kB | 25/30 kB
Progress (5): 0.6/1.6 MB | 65/141 kB | 18 kB | 41 kB | 27/30 kB
Progress (5): 0.6/1.6 MB | 65/141 kB | 18 kB | 41 kB | 28/30 kB
Progress (5): 0.6/1.6 MB | 65/141 kB | 18 kB | 41 kB | 30 kB   
Progress (5): 0.6/1.6 MB | 81/141 kB | 18 kB | 41 kB | 30 kB
Progress (5): 0.6/1.6 MB | 81/141 kB | 18 kB | 41 kB | 30 kB
Progress (5): 0.6/1.6 MB | 81/141 kB | 18 kB | 41 kB | 30 kB
Progress (5): 0.7/1.6 MB | 81/141 kB | 18 kB | 41 kB | 30 kB
Progress (5): 0.7/1.6 MB | 81/141 kB | 18 kB | 41 kB | 30 kB
Progress (5): 0.7/1.6 MB | 81/141 kB | 18 kB | 41 kB | 30 kB
Progress (5): 0.7/1.6 MB | 81/141 kB | 18 kB | 41 kB | 30 kB
Progress (5): 0.7/1.6 MB | 81/141 kB | 18 kB | 41 kB | 30 kB
Progress (5): 0.7/1.6 MB | 81/141 kB | 18 kB | 41 kB | 30 kB
Progress (5): 0.7/1.6 MB | 81/141 kB | 18 kB | 41 kB | 30 kB
Progress (5): 0.8/1.6 MB | 81/141 kB | 18 kB | 41 kB | 30 kB
Progress (5): 0.8/1.6 MB | 81/141 kB | 18 kB | 41 kB | 30 kB
Progress (5): 0.8/1.6 MB | 81/141 kB | 18 kB | 41 kB | 30 kB
Progress (5): 0.8/1.6 MB | 81/141 kB | 18 kB | 41 kB | 30 kB
Progress (5): 0.8/1.6 MB | 81/141 kB | 18 kB | 41 kB | 30 kB
Progress (5): 0.8/1.6 MB | 81/141 kB | 18 kB | 41 kB | 30 kB
Progress (5): 0.9/1.6 MB | 81/141 kB | 18 kB | 41 kB | 30 kB
Progress (5): 0.9/1.6 MB | 81/141 kB | 18 kB | 41 kB | 30 kB
Progress (5): 0.9/1.6 MB | 81/141 kB | 18 kB | 41 kB | 30 kB
                                                            
Downloaded from central-https: https://repo1.maven.org/maven2/net/sf/scannotation/scannotation/1.0.2/scannotation-1.0.2.jar (18 kB at 70 kB/s)
Downloading from central-https: https://repo1.maven.org/maven2/com/thoughtworks/xstream/xstream/1.4.7/xstream-1.4.7.jar
Progress (4): 0.9/1.6 MB | 81/141 kB | 41 kB | 30 kB
                                                    
Downloaded from central-https: https://repo1.maven.org/maven2/org/objenesis/objenesis/1.3/objenesis-1.3.jar (41 kB at 155 kB/s)
Downloading from central-https: https://repo1.maven.org/maven2/org/springframework/spring-aop/3.0.5.RELEASE/spring-aop-3.0.5.RELEASE.jar
Downloaded from central-https: https://repo1.maven.org/maven2/com/thoughtworks/paranamer/paranamer/2.5.2/paranamer-2.5.2.jar (30 kB at 115 kB/s)
Downloading from central-https: https://repo1.maven.org/maven2/org/springframework/spring-asm/3.0.5.RELEASE/spring-asm-3.0.5.RELEASE.jar
Progress (2): 0.9/1.6 MB | 81/141 kB
Progress (2): 0.9/1.6 MB | 81/141 kB
Progress (2): 1.0/1.6 MB | 81/141 kB
Progress (2): 1.0/1.6 MB | 81/141 kB
Progress (2): 1.0/1.6 MB | 81/141 kB
Progress (2): 1.0/1.6 MB | 81/141 kB
Progress (2): 1.0/1.6 MB | 81/141 kB
Progress (2): 1.0/1.6 MB | 81/141 kB
Progress (2): 1.1/1.6 MB | 81/141 kB
Progress (2): 1.1/1.6 MB | 81/141 kB
Progress (2): 1.1/1.6 MB | 81/141 kB
Progress (2): 1.1/1.6 MB | 81/141 kB
Progress (2): 1.1/1.6 MB | 98/141 kB
Progress (2): 1.1/1.6 MB | 98/141 kB
Progress (2): 1.1/1.6 MB | 98/141 kB
Progress (2): 1.2/1.6 MB | 98/141 kB
Progress (2): 1.2/1.6 MB | 98/141 kB
Progress (2): 1.2/1.6 MB | 98/141 kB
Progress (2): 1.2/1.6 MB | 98/141 kB
Progress (2): 1.2/1.6 MB | 98/141 kB
Progress (2): 1.2/1.6 MB | 98/141 kB
Progress (2): 1.2/1.6 MB | 98/141 kB
Progress (2): 1.3/1.6 MB | 98/141 kB
Progress (2): 1.3/1.6 MB | 98/141 kB
Progress (2): 1.3/1.6 MB | 98/141 kB
Progress (2): 1.3/1.6 MB | 98/141 kB
Progress (2): 1.3/1.6 MB | 98/141 kB
Progress (2): 1.3/1.6 MB | 98/141 kB
Progress (2): 1.4/1.6 MB | 98/141 kB
Progress (2): 1.4/1.6 MB | 98/141 kB
Progress (2): 1.4/1.6 MB | 98/141 kB
Progress (2): 1.4/1.6 MB | 98/141 kB
Progress (2): 1.4/1.6 MB | 98/141 kB
Progress (2): 1.4/1.6 MB | 98/141 kB
Progress (2): 1.5/1.6 MB | 98/141 kB
Progress (2): 1.5/1.6 MB | 98/141 kB
Progress (2): 1.5/1.6 MB | 98/141 kB
Progress (2): 1.5/1.6 MB | 98/141 kB
Progress (2): 1.5/1.6 MB | 98/141 kB
Progress (2): 1.5/1.6 MB | 98/141 kB
Progress (2): 1.6/1.6 MB | 98/141 kB
Progress (2): 1.6/1.6 MB | 98/141 kB
Progress (2): 1.6/1.6 MB | 98/141 kB
Progress (2): 1.6/1.6 MB | 98/141 kB
Progress (2): 1.6/1.6 MB | 98/141 kB
Progress (2): 1.6/1.6 MB | 98/141 kB
Progress (2): 1.6 MB | 98/141 kB    
Progress (2): 1.6 MB | 114/141 kB
Progress (3): 1.6 MB | 114/141 kB | 3.8/532 kB
Progress (3): 1.6 MB | 114/141 kB | 8.0/532 kB
Progress (3): 1.6 MB | 114/141 kB | 8.2/532 kB
Progress (3): 1.6 MB | 114/141 kB | 12/532 kB 
Progress (3): 1.6 MB | 114/141 kB | 17/532 kB
Progress (3): 1.6 MB | 114/141 kB | 21/532 kB
Progress (3): 1.6 MB | 114/141 kB | 25/532 kB
Progress (3): 1.6 MB | 114/141 kB | 29/532 kB
Progress (3): 1.6 MB | 114/141 kB | 34/532 kB
Progress (4): 1.6 MB | 114/141 kB | 34/532 kB | 0.9/53 kB
Progress (4): 1.6 MB | 114/141 kB | 38/532 kB | 0.9/53 kB
Progress (5): 1.6 MB | 114/141 kB | 38/532 kB | 0.9/53 kB | 3.8/321 kB
Progress (5): 1.6 MB | 114/141 kB | 42/532 kB | 0.9/53 kB | 3.8/321 kB
Progress (5): 1.6 MB | 114/141 kB | 46/532 kB | 0.9/53 kB | 3.8/321 kB
Progress (5): 1.6 MB | 114/141 kB | 50/532 kB | 0.9/53 kB | 3.8/321 kB
Progress (5): 1.6 MB | 114/141 kB | 55/532 kB | 0.9/53 kB | 3.8/321 kB
Progress (5): 1.6 MB | 114/141 kB | 59/532 kB | 0.9/53 kB | 3.8/321 kB
Progress (5): 1.6 MB | 114/141 kB | 59/532 kB | 2.3/53 kB | 3.8/321 kB
Progress (5): 1.6 MB | 114/141 kB | 63/532 kB | 2.3/53 kB | 3.8/321 kB
Progress (5): 1.6 MB | 131/141 kB | 63/532 kB | 2.3/53 kB | 3.8/321 kB
Progress (5): 1.6 MB | 131/141 kB | 63/532 kB | 2.3/53 kB | 8.0/321 kB
Progress (5): 1.6 MB | 131/141 kB | 63/532 kB | 3.6/53 kB | 8.0/321 kB
Progress (5): 1.6 MB | 131/141 kB | 63/532 kB | 7.9/53 kB | 8.0/321 kB
Progress (5): 1.6 MB | 131/141 kB | 63/532 kB | 12/53 kB | 8.0/321 kB 
Progress (5): 1.6 MB | 131/141 kB | 63/532 kB | 16/53 kB | 8.0/321 kB
Progress (5): 1.6 MB | 131/141 kB | 63/532 kB | 21/53 kB | 8.0/321 kB
Progress (5): 1.6 MB | 131/141 kB | 63/532 kB | 25/53 kB | 8.0/321 kB
Progress (5): 1.6 MB | 131/141 kB | 63/532 kB | 25/53 kB | 12/321 kB 
Progress (5): 1.6 MB | 131/141 kB | 63/532 kB | 29/53 kB | 12/321 kB
Progress (5): 1.6 MB | 131/141 kB | 63/532 kB | 29/53 kB | 16/321 kB
Progress (5): 1.6 MB | 131/141 kB | 63/532 kB | 33/53 kB | 16/321 kB
Progress (5): 1.6 MB | 131/141 kB | 63/532 kB | 33/53 kB | 21/321 kB
Progress (5): 1.6 MB | 131/141 kB | 63/532 kB | 33/53 kB | 25/321 kB
Progress (5): 1.6 MB | 131/141 kB | 63/532 kB | 37/53 kB | 25/321 kB
Progress (5): 1.6 MB | 131/141 kB | 67/532 kB | 37/53 kB | 25/321 kB
Progress (5): 1.6 MB | 131/141 kB | 67/532 kB | 37/53 kB | 29/321 kB
Progress (5): 1.6 MB | 131/141 kB | 67/532 kB | 41/53 kB | 29/321 kB
Progress (5): 1.6 MB | 131/141 kB | 72/532 kB | 41/53 kB | 29/321 kB
Progress (5): 1.6 MB | 131/141 kB | 72/532 kB | 46/53 kB | 29/321 kB
Progress (5): 1.6 MB | 131/141 kB | 72/532 kB | 46/53 kB | 33/321 kB
Progress (5): 1.6 MB | 131/141 kB | 76/532 kB | 46/53 kB | 33/321 kB
Progress (5): 1.6 MB | 131/141 kB | 76/532 kB | 46/53 kB | 38/321 kB
Progress (5): 1.6 MB | 131/141 kB | 80/532 kB | 46/53 kB | 38/321 kB
Progress (5): 1.6 MB | 131/141 kB | 80/532 kB | 50/53 kB | 38/321 kB
Progress (5): 1.6 MB | 131/141 kB | 80/532 kB | 50/53 kB | 42/321 kB
                                                                    
Downloaded from central-https: https://repo1.maven.org/maven2/com/google/guava/guava/11.0.2/guava-11.0.2.jar (1.6 MB at 5.4 MB/s)
Downloading from central-https: https://repo1.maven.org/maven2/org/springframework/spring-beans/3.0.5.RELEASE/spring-beans-3.0.5.RELEASE.jar
Progress (4): 131/141 kB | 84/532 kB | 50/53 kB | 42/321 kB
Progress (4): 131/141 kB | 84/532 kB | 53 kB | 42/321 kB   
Progress (4): 131/141 kB | 84/532 kB | 53 kB | 46/321 kB
Progress (4): 131/141 kB | 89/532 kB | 53 kB | 46/321 kB
Progress (4): 131/141 kB | 89/532 kB | 53 kB | 50/321 kB
Progress (4): 131/141 kB | 93/532 kB | 53 kB | 50/321 kB
Progress (4): 131/141 kB | 93/532 kB | 53 kB | 54/321 kB
Progress (4): 131/141 kB | 97/532 kB | 53 kB | 54/321 kB
Progress (4): 131/141 kB | 97/532 kB | 53 kB | 59/321 kB
Progress (4): 131/141 kB | 101/532 kB | 53 kB | 59/321 kB
Progress (4): 131/141 kB | 101/532 kB | 53 kB | 63/321 kB
Progress (4): 131/141 kB | 105/532 kB | 53 kB | 63/321 kB
Progress (4): 131/141 kB | 110/532 kB | 53 kB | 63/321 kB
Progress (4): 131/141 kB | 114/532 kB | 53 kB | 63/321 kB
Progress (4): 131/141 kB | 115/532 kB | 53 kB | 63/321 kB
Progress (4): 131/141 kB | 119/532 kB | 53 kB | 63/321 kB
Progress (4): 131/141 kB | 123/532 kB | 53 kB | 63/321 kB
Progress (4): 131/141 kB | 127/532 kB | 53 kB | 63/321 kB
Progress (4): 131/141 kB | 132/532 kB | 53 kB | 63/321 kB
Progress (4): 131/141 kB | 136/532 kB | 53 kB | 63/321 kB
Progress (4): 131/141 kB | 140/532 kB | 53 kB | 63/321 kB
Progress (4): 131/141 kB | 144/532 kB | 53 kB | 63/321 kB
Progress (4): 131/141 kB | 149/532 kB | 53 kB | 63/321 kB
Progress (4): 131/141 kB | 153/532 kB | 53 kB | 63/321 kB
Progress (4): 131/141 kB | 157/532 kB | 53 kB | 63/321 kB
Progress (4): 131/141 kB | 173/532 kB | 53 kB | 63/321 kB
Progress (4): 131/141 kB | 180/532 kB | 53 kB | 63/321 kB
Progress (4): 131/141 kB | 180/532 kB | 53 kB | 67/321 kB
Progress (4): 131/141 kB | 180/532 kB | 53 kB | 71/321 kB
Progress (4): 131/141 kB | 180/532 kB | 53 kB | 76/321 kB
Progress (4): 131/141 kB | 180/532 kB | 53 kB | 80/321 kB
Progress (4): 131/141 kB | 180/532 kB | 53 kB | 84/321 kB
Progress (4): 131/141 kB | 180/532 kB | 53 kB | 88/321 kB
Progress (4): 131/141 kB | 180/532 kB | 53 kB | 93/321 kB
Progress (4): 141 kB | 180/532 kB | 53 kB | 93/321 kB    
Progress (4): 141 kB | 180/532 kB | 53 kB | 97/321 kB
Progress (4): 141 kB | 180/532 kB | 53 kB | 101/321 kB
Progress (4): 141 kB | 180/532 kB | 53 kB | 105/321 kB
Progress (4): 141 kB | 180/532 kB | 53 kB | 109/321 kB
Progress (4): 141 kB | 180/532 kB | 53 kB | 114/321 kB
Progress (4): 141 kB | 180/532 kB | 53 kB | 118/321 kB
Progress (4): 141 kB | 197/532 kB | 53 kB | 118/321 kB
Progress (4): 141 kB | 213/532 kB | 53 kB | 118/321 kB
Progress (4): 141 kB | 229/532 kB | 53 kB | 118/321 kB
Progress (4): 141 kB | 246/532 kB | 53 kB | 118/321 kB
Progress (4): 141 kB | 262/532 kB | 53 kB | 118/321 kB
Progress (4): 141 kB | 279/532 kB | 53 kB | 118/321 kB
Progress (4): 141 kB | 295/532 kB | 53 kB | 118/321 kB
Progress (4): 141 kB | 311/532 kB | 53 kB | 118/321 kB
Progress (4): 141 kB | 328/532 kB | 53 kB | 118/321 kB
Progress (4): 141 kB | 344/532 kB | 53 kB | 118/321 kB
Progress (4): 141 kB | 360/532 kB | 53 kB | 118/321 kB
Progress (4): 141 kB | 360/532 kB | 53 kB | 134/321 kB
Progress (4): 141 kB | 377/532 kB | 53 kB | 134/321 kB
Progress (4): 141 kB | 377/532 kB | 53 kB | 151/321 kB
Progress (4): 141 kB | 393/532 kB | 53 kB | 151/321 kB
Progress (4): 141 kB | 410/532 kB | 53 kB | 151/321 kB
Progress (4): 141 kB | 426/532 kB | 53 kB | 151/321 kB
Progress (4): 141 kB | 426/532 kB | 53 kB | 167/321 kB
Progress (4): 141 kB | 442/532 kB | 53 kB | 167/321 kB
Progress (4): 141 kB | 442/532 kB | 53 kB | 183/321 kB
Progress (4): 141 kB | 459/532 kB | 53 kB | 183/321 kB
Progress (4): 141 kB | 459/532 kB | 53 kB | 200/321 kB
Progress (4): 141 kB | 475/532 kB | 53 kB | 200/321 kB
Progress (4): 141 kB | 475/532 kB | 53 kB | 216/321 kB
Progress (4): 141 kB | 492/532 kB | 53 kB | 216/321 kB
Progress (4): 141 kB | 508/532 kB | 53 kB | 216/321 kB
Progress (4): 141 kB | 508/532 kB | 53 kB | 233/321 kB
Progress (4): 141 kB | 524/532 kB | 53 kB | 233/321 kB
Progress (4): 141 kB | 524/532 kB | 53 kB | 249/321 kB
Progress (4): 141 kB | 532 kB | 53 kB | 249/321 kB    
Progress (4): 141 kB | 532 kB | 53 kB | 265/321 kB
Progress (4): 141 kB | 532 kB | 53 kB | 282/321 kB
Progress (4): 141 kB | 532 kB | 53 kB | 298/321 kB
Progress (4): 141 kB | 532 kB | 53 kB | 315/321 kB
Progress (4): 141 kB | 532 kB | 53 kB | 321 kB    
                                              
Downloaded from central-https: https://repo1.maven.org/maven2/org/springframework/spring-asm/3.0.5.RELEASE/spring-asm-3.0.5.RELEASE.jar (53 kB at 155 kB/s)
Downloading from central-https: https://repo1.maven.org/maven2/org/springframework/spring-context/3.0.5.RELEASE/spring-context-3.0.5.RELEASE.jar
Progress (4): 141 kB | 532 kB | 321 kB | 3.8/555 kB
Progress (4): 141 kB | 532 kB | 321 kB | 8.0/555 kB
Progress (4): 141 kB | 532 kB | 321 kB | 12/555 kB 
Progress (4): 141 kB | 532 kB | 321 kB | 16/555 kB
Progress (4): 141 kB | 532 kB | 321 kB | 21/555 kB
Progress (4): 141 kB | 532 kB | 321 kB | 25/555 kB
Progress (4): 141 kB | 532 kB | 321 kB | 29/555 kB
Progress (4): 141 kB | 532 kB | 321 kB | 33/555 kB
Progress (4): 141 kB | 532 kB | 321 kB | 38/555 kB
Progress (4): 141 kB | 532 kB | 321 kB | 42/555 kB
Progress (4): 141 kB | 532 kB | 321 kB | 46/555 kB
Progress (4): 141 kB | 532 kB | 321 kB | 50/555 kB
Progress (4): 141 kB | 532 kB | 321 kB | 54/555 kB
Progress (4): 141 kB | 532 kB | 321 kB | 59/555 kB
Progress (4): 141 kB | 532 kB | 321 kB | 63/555 kB
Progress (4): 141 kB | 532 kB | 321 kB | 67/555 kB
Progress (4): 141 kB | 532 kB | 321 kB | 71/555 kB
Progress (4): 141 kB | 532 kB | 321 kB | 76/555 kB
Progress (4): 141 kB | 532 kB | 321 kB | 80/555 kB
Progress (4): 141 kB | 532 kB | 321 kB | 84/555 kB
Progress (4): 141 kB | 532 kB | 321 kB | 88/555 kB
Progress (4): 141 kB | 532 kB | 321 kB | 93/555 kB
Progress (4): 141 kB | 532 kB | 321 kB | 97/555 kB
Progress (4): 141 kB | 532 kB | 321 kB | 101/555 kB
Progress (4): 141 kB | 532 kB | 321 kB | 105/555 kB
Progress (4): 141 kB | 532 kB | 321 kB | 109/555 kB
Progress (4): 141 kB | 532 kB | 321 kB | 114/555 kB
Progress (4): 141 kB | 532 kB | 321 kB | 118/555 kB
Progress (4): 141 kB | 532 kB | 321 kB | 134/555 kB
                                                   
Downloaded from central-https: https://repo1.maven.org/maven2/net/vidageek/mirror/1.6.1/mirror-1.6.1.jar (141 kB at 396 kB/s)
Downloading from central-https: https://repo1.maven.org/maven2/org/springframework/spring-core/3.0.5.RELEASE/spring-core-3.0.5.RELEASE.jar
Progress (3): 532 kB | 321 kB | 151/555 kB
Progress (3): 532 kB | 321 kB | 167/555 kB
Progress (3): 532 kB | 321 kB | 183/555 kB
Progress (3): 532 kB | 321 kB | 200/555 kB
                                          
Downloaded from central-https: https://repo1.maven.org/maven2/org/springframework/spring-aop/3.0.5.RELEASE/spring-aop-3.0.5.RELEASE.jar (321 kB at 897 kB/s)
Downloading from central-https: https://repo1.maven.org/maven2/org/springframework/spring-expression/3.0.5.RELEASE/spring-expression-3.0.5.RELEASE.jar
Progress (2): 532 kB | 216/555 kB
Progress (2): 532 kB | 233/555 kB
Progress (2): 532 kB | 249/555 kB
                                 
Downloaded from central-https: https://repo1.maven.org/maven2/com/thoughtworks/xstream/xstream/1.4.7/xstream-1.4.7.jar (532 kB at 1.5 MB/s)
Downloading from central-https: https://repo1.maven.org/maven2/org/springframework/spring-web/3.0.5.RELEASE/spring-web-3.0.5.RELEASE.jar
Progress (1): 265/555 kB
Progress (1): 282/555 kB
Progress (1): 298/555 kB
Progress (1): 315/555 kB
Progress (1): 331/555 kB
Progress (1): 347/555 kB
Progress (1): 364/555 kB
Progress (1): 380/555 kB
Progress (1): 396/555 kB
Progress (1): 413/555 kB
Progress (1): 429/555 kB
Progress (1): 446/555 kB
Progress (1): 462/555 kB
Progress (1): 478/555 kB
Progress (1): 495/555 kB
Progress (1): 511/555 kB
Progress (1): 528/555 kB
Progress (1): 544/555 kB
Progress (1): 555 kB    
Progress (2): 555 kB | 7.7/669 kB
Progress (2): 555 kB | 16/669 kB 
Progress (2): 555 kB | 24/669 kB
Progress (2): 555 kB | 41/669 kB
Progress (2): 555 kB | 57/669 kB
Progress (2): 555 kB | 73/669 kB
Progress (2): 555 kB | 90/669 kB
Progress (2): 555 kB | 106/669 kB
Progress (2): 555 kB | 122/669 kB
Progress (2): 555 kB | 139/669 kB
Progress (2): 555 kB | 155/669 kB
Progress (2): 555 kB | 172/669 kB
Progress (2): 555 kB | 188/669 kB
Progress (2): 555 kB | 204/669 kB
Progress (2): 555 kB | 221/669 kB
Progress (2): 555 kB | 237/669 kB
Progress (2): 555 kB | 254/669 kB
Progress (2): 555 kB | 270/669 kB
Progress (3): 555 kB | 270/669 kB | 7.7/382 kB
Progress (3): 555 kB | 286/669 kB | 7.7/382 kB
Progress (3): 555 kB | 303/669 kB | 7.7/382 kB
Progress (3): 555 kB | 319/669 kB | 7.7/382 kB
Progress (3): 555 kB | 319/669 kB | 16/382 kB 
Progress (3): 555 kB | 335/669 kB | 16/382 kB
                                             
Downloaded from central-https: https://repo1.maven.org/maven2/org/springframework/spring-beans/3.0.5.RELEASE/spring-beans-3.0.5.RELEASE.jar (555 kB at 1.4 MB/s)
Downloading from central-https: https://repo1.maven.org/maven2/org/aspectj/aspectjrt/1.6.9/aspectjrt-1.6.9.jar
Progress (2): 335/669 kB | 32/382 kB
Progress (2): 352/669 kB | 32/382 kB
Progress (2): 352/669 kB | 49/382 kB
Progress (2): 352/669 kB | 65/382 kB
Progress (2): 352/669 kB | 81/382 kB
Progress (2): 368/669 kB | 81/382 kB
Progress (2): 368/669 kB | 98/382 kB
Progress (2): 385/669 kB | 98/382 kB
Progress (2): 385/669 kB | 114/382 kB
Progress (2): 401/669 kB | 114/382 kB
Progress (2): 401/669 kB | 131/382 kB
Progress (2): 417/669 kB | 131/382 kB
Progress (2): 417/669 kB | 147/382 kB
Progress (2): 417/669 kB | 163/382 kB
Progress (2): 417/669 kB | 180/382 kB
Progress (2): 434/669 kB | 180/382 kB
Progress (2): 434/669 kB | 196/382 kB
Progress (2): 450/669 kB | 196/382 kB
Progress (3): 450/669 kB | 196/382 kB | 7.7/396 kB
Progress (3): 450/669 kB | 213/382 kB | 7.7/396 kB
Progress (3): 450/669 kB | 229/382 kB | 7.7/396 kB
Progress (3): 450/669 kB | 245/382 kB | 7.7/396 kB
Progress (3): 450/669 kB | 245/382 kB | 16/396 kB 
Progress (3): 467/669 kB | 245/382 kB | 16/396 kB
Progress (3): 467/669 kB | 262/382 kB | 16/396 kB
Progress (3): 467/669 kB | 262/382 kB | 32/396 kB
Progress (3): 467/669 kB | 278/382 kB | 32/396 kB
Progress (3): 467/669 kB | 278/382 kB | 49/396 kB
Progress (3): 467/669 kB | 294/382 kB | 49/396 kB
Progress (3): 467/669 kB | 294/382 kB | 65/396 kB
Progress (3): 467/669 kB | 311/382 kB | 65/396 kB
Progress (3): 467/669 kB | 311/382 kB | 81/396 kB
Progress (3): 483/669 kB | 311/382 kB | 81/396 kB
Progress (3): 483/669 kB | 327/382 kB | 81/396 kB
Progress (3): 499/669 kB | 327/382 kB | 81/396 kB
Progress (3): 499/669 kB | 327/382 kB | 98/396 kB
Progress (3): 499/669 kB | 344/382 kB | 98/396 kB
Progress (3): 516/669 kB | 344/382 kB | 98/396 kB
Progress (3): 516/669 kB | 344/382 kB | 114/396 kB
Progress (3): 516/669 kB | 360/382 kB | 114/396 kB
Progress (3): 516/669 kB | 360/382 kB | 131/396 kB
Progress (3): 532/669 kB | 360/382 kB | 131/396 kB
Progress (3): 532/669 kB | 376/382 kB | 131/396 kB
Progress (3): 532/669 kB | 376/382 kB | 147/396 kB
Progress (3): 548/669 kB | 376/382 kB | 147/396 kB
Progress (3): 548/669 kB | 382 kB | 147/396 kB    
Progress (3): 548/669 kB | 382 kB | 163/396 kB
Progress (3): 565/669 kB | 382 kB | 163/396 kB
Progress (3): 565/669 kB | 382 kB | 180/396 kB
Progress (3): 581/669 kB | 382 kB | 180/396 kB
Progress (3): 581/669 kB | 382 kB | 196/396 kB
Progress (3): 598/669 kB | 382 kB | 196/396 kB
Progress (3): 598/669 kB | 382 kB | 213/396 kB
Progress (3): 614/669 kB | 382 kB | 213/396 kB
Progress (3): 614/669 kB | 382 kB | 229/396 kB
Progress (3): 630/669 kB | 382 kB | 229/396 kB
Progress (3): 630/669 kB | 382 kB | 245/396 kB
Progress (3): 647/669 kB | 382 kB | 245/396 kB
Progress (3): 647/669 kB | 382 kB | 262/396 kB
Progress (3): 663/669 kB | 382 kB | 262/396 kB
Progress (3): 663/669 kB | 382 kB | 278/396 kB
Progress (3): 669 kB | 382 kB | 278/396 kB    
Progress (3): 669 kB | 382 kB | 294/396 kB
Progress (4): 669 kB | 382 kB | 294/396 kB | 7.7/170 kB
Progress (4): 669 kB | 382 kB | 311/396 kB | 7.7/170 kB
Progress (4): 669 kB | 382 kB | 311/396 kB | 16/170 kB 
Progress (4): 669 kB | 382 kB | 327/396 kB | 16/170 kB
Progress (4): 669 kB | 382 kB | 344/396 kB | 16/170 kB
Progress (4): 669 kB | 382 kB | 360/396 kB | 16/170 kB
Progress (4): 669 kB | 382 kB | 376/396 kB | 16/170 kB
Progress (4): 669 kB | 382 kB | 393/396 kB | 16/170 kB
Progress (4): 669 kB | 382 kB | 396 kB | 16/170 kB    
                                                  
Downloaded from central-https: https://repo1.maven.org/maven2/org/springframework/spring-core/3.0.5.RELEASE/spring-core-3.0.5.RELEASE.jar (382 kB at 906 kB/s)
Downloading from central-https: https://repo1.maven.org/maven2/com/google/inject/guice/3.0/guice-3.0.jar
Progress (3): 669 kB | 396 kB | 32/170 kB
                                         
Downloaded from central-https: https://repo1.maven.org/maven2/org/springframework/spring-context/3.0.5.RELEASE/spring-context-3.0.5.RELEASE.jar (669 kB at 1.6 MB/s)
Downloading from central-https: https://repo1.maven.org/maven2/com/google/inject/extensions/guice-multibindings/3.0/guice-multibindings-3.0.jar
Downloaded from central-https: https://repo1.maven.org/maven2/org/springframework/spring-web/3.0.5.RELEASE/spring-web-3.0.5.RELEASE.jar (396 kB at 926 kB/s)
Downloading from central-https: https://repo1.maven.org/maven2/javax/inject/javax.inject/1/javax.inject-1.jar
Progress (2): 32/170 kB | 7.7/116 kB
Progress (2): 32/170 kB | 8.2/116 kB
Progress (2): 32/170 kB | 25/116 kB 
Progress (2): 32/170 kB | 41/116 kB
Progress (2): 32/170 kB | 57/116 kB
Progress (2): 32/170 kB | 74/116 kB
Progress (2): 32/170 kB | 90/116 kB
Progress (2): 32/170 kB | 106/116 kB
Progress (2): 32/170 kB | 116 kB    
Progress (2): 49/170 kB | 116 kB
                                
Downloaded from central-https: https://repo1.maven.org/maven2/org/aspectj/aspectjrt/1.6.9/aspectjrt-1.6.9.jar (116 kB at 261 kB/s)
Downloading from central-https: https://repo1.maven.org/maven2/javax/ejb/ejb-api/3.0/ejb-api-3.0.jar
Progress (2): 49/170 kB | 7.7/710 kB
Progress (2): 49/170 kB | 16/710 kB 
Progress (2): 49/170 kB | 25/710 kB
Progress (2): 49/170 kB | 41/710 kB
Progress (2): 49/170 kB | 57/710 kB
Progress (2): 49/170 kB | 74/710 kB
Progress (3): 49/170 kB | 74/710 kB | 2.5 kB
Progress (3): 49/170 kB | 90/710 kB | 2.5 kB
Progress (3): 49/170 kB | 106/710 kB | 2.5 kB
Progress (3): 49/170 kB | 123/710 kB | 2.5 kB
Progress (3): 49/170 kB | 139/710 kB | 2.5 kB
Progress (3): 65/170 kB | 139/710 kB | 2.5 kB
Progress (3): 65/170 kB | 156/710 kB | 2.5 kB
Progress (3): 65/170 kB | 172/710 kB | 2.5 kB
Progress (4): 65/170 kB | 172/710 kB | 2.5 kB | 7.7/34 kB
Progress (4): 65/170 kB | 180/710 kB | 2.5 kB | 7.7/34 kB
Progress (4): 65/170 kB | 197/710 kB | 2.5 kB | 7.7/34 kB
Progress (4): 65/170 kB | 213/710 kB | 2.5 kB | 7.7/34 kB
Progress (4): 65/170 kB | 213/710 kB | 2.5 kB | 16/34 kB 
Progress (4): 65/170 kB | 229/710 kB | 2.5 kB | 16/34 kB
Progress (4): 65/170 kB | 229/710 kB | 2.5 kB | 25/34 kB
Progress (4): 65/170 kB | 246/710 kB | 2.5 kB | 25/34 kB
Progress (4): 65/170 kB | 246/710 kB | 2.5 kB | 34 kB   
Progress (4): 65/170 kB | 254/710 kB | 2.5 kB | 34 kB
Progress (4): 65/170 kB | 270/710 kB | 2.5 kB | 34 kB
Progress (4): 65/170 kB | 287/710 kB | 2.5 kB | 34 kB
Progress (4): 65/170 kB | 303/710 kB | 2.5 kB | 34 kB
Progress (4): 65/170 kB | 319/710 kB | 2.5 kB | 34 kB
Progress (4): 65/170 kB | 336/710 kB | 2.5 kB | 34 kB
Progress (4): 65/170 kB | 352/710 kB | 2.5 kB | 34 kB
Progress (4): 65/170 kB | 369/710 kB | 2.5 kB | 34 kB
Progress (4): 65/170 kB | 385/710 kB | 2.5 kB | 34 kB
Progress (4): 65/170 kB | 401/710 kB | 2.5 kB | 34 kB
Progress (4): 65/170 kB | 418/710 kB | 2.5 kB | 34 kB
Progress (4): 65/170 kB | 434/710 kB | 2.5 kB | 34 kB
Progress (4): 65/170 kB | 451/710 kB | 2.5 kB | 34 kB
Progress (4): 65/170 kB | 467/710 kB | 2.5 kB | 34 kB
                                                     
Downloaded from central-https: https://repo1.maven.org/maven2/javax/inject/javax.inject/1/javax.inject-1.jar (2.5 kB at 5.3 kB/s)
Downloading from central-https: https://repo1.maven.org/maven2/javax/enterprise/cdi-api/1.1/cdi-api-1.1.jar
Progress (3): 65/170 kB | 475/710 kB | 34 kB
Progress (3): 65/170 kB | 483/710 kB | 34 kB
Progress (3): 65/170 kB | 492/710 kB | 34 kB
Progress (3): 65/170 kB | 508/710 kB | 34 kB
Progress (3): 65/170 kB | 516/710 kB | 34 kB
Progress (3): 65/170 kB | 532/710 kB | 34 kB
Progress (3): 65/170 kB | 549/710 kB | 34 kB
Progress (3): 65/170 kB | 565/710 kB | 34 kB
Progress (3): 65/170 kB | 582/710 kB | 34 kB
Progress (3): 65/170 kB | 598/710 kB | 34 kB
                                            
Downloaded from central-https: https://repo1.maven.org/maven2/com/google/inject/extensions/guice-multibindings/3.0/guice-multibindings-3.0.jar (34 kB at 72 kB/s)
Downloading from central-https: https://repo1.maven.org/maven2/javax/el/el-api/2.2/el-api-2.2.jar
Progress (2): 65/170 kB | 614/710 kB
Progress (2): 65/170 kB | 631/710 kB
Progress (2): 65/170 kB | 647/710 kB
Progress (2): 65/170 kB | 664/710 kB
Progress (2): 65/170 kB | 680/710 kB
Progress (2): 65/170 kB | 696/710 kB
Progress (2): 65/170 kB | 710 kB    
Progress (2): 81/170 kB | 710 kB
Progress (3): 81/170 kB | 710 kB | 7.7/33 kB
Progress (3): 81/170 kB | 710 kB | 8.2/33 kB
Progress (3): 81/170 kB | 710 kB | 25/33 kB 
Progress (3): 81/170 kB | 710 kB | 33 kB   
Progress (3): 98/170 kB | 710 kB | 33 kB
                                        
Downloaded from central-https: https://repo1.maven.org/maven2/com/google/inject/guice/3.0/guice-3.0.jar (710 kB at 1.4 MB/s)
Downloading from central-https: https://repo1.maven.org/maven2/org/jboss/spec/javax/interceptor/jboss-interceptors-api_1.1_spec/1.0.0.Beta1/jboss-interceptors-api_1.1_spec-1.0.0.Beta1.jar
Downloaded from central-https: https://repo1.maven.org/maven2/javax/ejb/ejb-api/3.0/ejb-api-3.0.jar (33 kB at 66 kB/s)
Downloading from central-https: https://repo1.maven.org/maven2/javax/annotation/javax.annotation-api/1.2/javax.annotation-api-1.2.jar
Progress (2): 98/170 kB | 7.7/71 kB
Progress (2): 98/170 kB | 12/71 kB 
Progress (2): 98/170 kB | 29/71 kB
Progress (2): 98/170 kB | 45/71 kB
Progress (2): 98/170 kB | 61/71 kB
Progress (2): 98/170 kB | 71 kB   
Progress (3): 98/170 kB | 71 kB | 3.4/34 kB
Progress (3): 98/170 kB | 71 kB | 20/34 kB 
Progress (3): 98/170 kB | 71 kB | 34 kB   
Progress (3): 114/170 kB | 71 kB | 34 kB
                                        
Downloaded from central-https: https://repo1.maven.org/maven2/javax/enterprise/cdi-api/1.1/cdi-api-1.1.jar (71 kB at 136 kB/s)
Downloading from central-https: https://repo1.maven.org/maven2/org/picocontainer/picocontainer/2.13.6/picocontainer-2.13.6.jar
Downloaded from central-https: https://repo1.maven.org/maven2/javax/el/el-api/2.2/el-api-2.2.jar (34 kB at 64 kB/s)
Downloading from central-https: https://repo1.maven.org/maven2/org/codehaus/jettison/jettison/1.2/jettison-1.2.jar
Progress (1): 131/170 kB
Progress (2): 131/170 kB | 7.7/26 kB
Progress (2): 131/170 kB | 12/26 kB 
Progress (3): 131/170 kB | 12/26 kB | 5.6 kB
Progress (3): 131/170 kB | 26 kB | 5.6 kB   
Progress (3): 147/170 kB | 26 kB | 5.6 kB
Progress (4): 147/170 kB | 26 kB | 5.6 kB | 7.7/321 kB
Progress (4): 147/170 kB | 26 kB | 5.6 kB | 8.2/321 kB
Progress (4): 147/170 kB | 26 kB | 5.6 kB | 25/321 kB 
Progress (4): 147/170 kB | 26 kB | 5.6 kB | 33/321 kB
Progress (4): 147/170 kB | 26 kB | 5.6 kB | 41/321 kB
Progress (5): 147/170 kB | 26 kB | 5.6 kB | 41/321 kB | 7.7/72 kB
Progress (5): 147/170 kB | 26 kB | 5.6 kB | 57/321 kB | 7.7/72 kB
Progress (5): 147/170 kB | 26 kB | 5.6 kB | 74/321 kB | 7.7/72 kB
                                                                 
Downloaded from central-https: https://repo1.maven.org/maven2/javax/annotation/javax.annotation-api/1.2/javax.annotation-api-1.2.jar (26 kB at 47 kB/s)
Downloading from central-https: https://repo1.maven.org/maven2/com/google/code/gson/gson/2.2.4/gson-2.2.4.jar
Progress (4): 147/170 kB | 5.6 kB | 82/321 kB | 7.7/72 kB
Progress (4): 147/170 kB | 5.6 kB | 90/321 kB | 7.7/72 kB
Progress (4): 147/170 kB | 5.6 kB | 106/321 kB | 7.7/72 kB
Progress (4): 147/170 kB | 5.6 kB | 106/321 kB | 12/72 kB 
Progress (4): 147/170 kB | 5.6 kB | 106/321 kB | 29/72 kB
Progress (4): 147/170 kB | 5.6 kB | 123/321 kB | 29/72 kB
                                                         
Downloaded from central-https: https://repo1.maven.org/maven2/org/jboss/spec/javax/interceptor/jboss-interceptors-api_1.1_spec/1.0.0.Beta1/jboss-interceptors-api_1.1_spec-1.0.0.Beta1.jar (5.6 kB at 10.0 kB/s)
Downloading from central-https: https://repo1.maven.org/maven2/org/hibernate/hibernate-core/3.6.6.Final/hibernate-core-3.6.6.Final.jar
Progress (3): 147/170 kB | 131/321 kB | 29/72 kB
Progress (3): 147/170 kB | 131/321 kB | 45/72 kB
Progress (3): 147/170 kB | 147/321 kB | 45/72 kB
Progress (3): 147/170 kB | 147/321 kB | 61/72 kB
Progress (3): 147/170 kB | 164/321 kB | 61/72 kB
Progress (3): 147/170 kB | 164/321 kB | 72 kB   
Progress (3): 147/170 kB | 180/321 kB | 72 kB
Progress (3): 147/170 kB | 188/321 kB | 72 kB
Progress (3): 147/170 kB | 205/321 kB | 72 kB
Progress (3): 147/170 kB | 221/321 kB | 72 kB
Progress (3): 147/170 kB | 229/321 kB | 72 kB
Progress (3): 147/170 kB | 238/321 kB | 72 kB
Progress (3): 147/170 kB | 254/321 kB | 72 kB
Progress (3): 147/170 kB | 262/321 kB | 72 kB
Progress (3): 147/170 kB | 279/321 kB | 72 kB
Progress (3): 147/170 kB | 295/321 kB | 72 kB
Progress (3): 147/170 kB | 311/321 kB | 72 kB
Progress (3): 147/170 kB | 321 kB | 72 kB    
Progress (3): 163/170 kB | 321 kB | 72 kB
                                         
Downloaded from central-https: https://repo1.maven.org/maven2/org/codehaus/jettison/jettison/1.2/jettison-1.2.jar (72 kB at 126 kB/s)
Downloading from central-https: https://repo1.maven.org/maven2/org/hibernate/hibernate-commons-annotations/3.2.0.Final/hibernate-commons-annotations-3.2.0.Final.jar
Progress (2): 170 kB | 321 kB
                             
Downloaded from central-https: https://repo1.maven.org/maven2/org/picocontainer/picocontainer/2.13.6/picocontainer-2.13.6.jar (321 kB at 553 kB/s)
Downloading from central-https: https://repo1.maven.org/maven2/org/hibernate/javax/persistence/hibernate-jpa-2.0-api/1.0.1.Final/hibernate-jpa-2.0-api-1.0.1.Final.jar
Downloaded from central-https: https://repo1.maven.org/maven2/org/springframework/spring-expression/3.0.5.RELEASE/spring-expression-3.0.5.RELEASE.jar (170 kB at 286 kB/s)
Downloading from central-https: https://repo1.maven.org/maven2/javax/transaction/jta/1.1/jta-1.1.jar
Progress (1): 0/3.1 MB
Progress (1): 0/3.1 MB
Progress (2): 0/3.1 MB | 7.7/190 kB
Progress (2): 0/3.1 MB | 7.7/190 kB
Progress (2): 0/3.1 MB | 7.7/190 kB
Progress (2): 0/3.1 MB | 7.7/190 kB
Progress (2): 0.1/3.1 MB | 7.7/190 kB
Progress (2): 0.1/3.1 MB | 16/190 kB 
Progress (2): 0.1/3.1 MB | 32/190 kB
Progress (2): 0.1/3.1 MB | 32/190 kB
Progress (2): 0.1/3.1 MB | 49/190 kB
Progress (2): 0.1/3.1 MB | 49/190 kB
Progress (2): 0.1/3.1 MB | 65/190 kB
Progress (2): 0.1/3.1 MB | 65/190 kB
Progress (2): 0.1/3.1 MB | 65/190 kB
Progress (2): 0.1/3.1 MB | 81/190 kB
Progress (2): 0.1/3.1 MB | 98/190 kB
Progress (2): 0.1/3.1 MB | 98/190 kB
Progress (2): 0.2/3.1 MB | 98/190 kB
Progress (2): 0.2/3.1 MB | 114/190 kB
Progress (2): 0.2/3.1 MB | 114/190 kB
Progress (2): 0.2/3.1 MB | 131/190 kB
Progress (2): 0.2/3.1 MB | 131/190 kB
Progress (2): 0.2/3.1 MB | 147/190 kB
Progress (2): 0.2/3.1 MB | 147/190 kB
Progress (2): 0.2/3.1 MB | 163/190 kB
Progress (2): 0.2/3.1 MB | 180/190 kB
Progress (2): 0.2/3.1 MB | 180/190 kB
Progress (2): 0.2/3.1 MB | 190 kB    
Progress (2): 0.2/3.1 MB | 190 kB
Progress (2): 0.2/3.1 MB | 190 kB
Progress (2): 0.3/3.1 MB | 190 kB
Progress (2): 0.3/3.1 MB | 190 kB
Progress (2): 0.3/3.1 MB | 190 kB
Progress (2): 0.3/3.1 MB | 190 kB
Progress (2): 0.3/3.1 MB | 190 kB
Progress (2): 0.3/3.1 MB | 190 kB
Progress (2): 0.3/3.1 MB | 190 kB
Progress (2): 0.3/3.1 MB | 190 kB
Progress (2): 0.4/3.1 MB | 190 kB
Progress (2): 0.4/3.1 MB | 190 kB
Progress (2): 0.4/3.1 MB | 190 kB
Progress (2): 0.4/3.1 MB | 190 kB
Progress (2): 0.4/3.1 MB | 190 kB
Progress (2): 0.4/3.1 MB | 190 kB
Progress (2): 0.5/3.1 MB | 190 kB
Progress (2): 0.5/3.1 MB | 190 kB
Progress (3): 0.5/3.1 MB | 190 kB | 7.7/71 kB
Progress (3): 0.5/3.1 MB | 190 kB | 7.7/71 kB
Progress (3): 0.5/3.1 MB | 190 kB | 7.7/71 kB
Progress (3): 0.5/3.1 MB | 190 kB | 7.7/71 kB
Progress (3): 0.5/3.1 MB | 190 kB | 8.2/71 kB
Progress (3): 0.5/3.1 MB | 190 kB | 8.2/71 kB
Progress (3): 0.5/3.1 MB | 190 kB | 8.2/71 kB
Progress (3): 0.5/3.1 MB | 190 kB | 25/71 kB 
Progress (3): 0.6/3.1 MB | 190 kB | 25/71 kB
Progress (3): 0.6/3.1 MB | 190 kB | 41/71 kB
Progress (3): 0.6/3.1 MB | 190 kB | 41/71 kB
Progress (3): 0.6/3.1 MB | 190 kB | 57/71 kB
Progress (3): 0.6/3.1 MB | 190 kB | 71 kB   
Progress (3): 0.6/3.1 MB | 190 kB | 71 kB
Progress (3): 0.6/3.1 MB | 190 kB | 71 kB
Progress (3): 0.6/3.1 MB | 190 kB | 71 kB
Progress (3): 0.6/3.1 MB | 190 kB | 71 kB
Progress (3): 0.7/3.1 MB | 190 kB | 71 kB
Progress (3): 0.7/3.1 MB | 190 kB | 71 kB
Progress (3): 0.7/3.1 MB | 190 kB | 71 kB
Progress (3): 0.7/3.1 MB | 190 kB | 71 kB
Progress (3): 0.7/3.1 MB | 190 kB | 71 kB
Progress (3): 0.7/3.1 MB | 190 kB | 71 kB
Progress (3): 0.8/3.1 MB | 190 kB | 71 kB
Progress (3): 0.8/3.1 MB | 190 kB | 71 kB
Progress (3): 0.8/3.1 MB | 190 kB | 71 kB
Progress (3): 0.8/3.1 MB | 190 kB | 71 kB
Progress (3): 0.8/3.1 MB | 190 kB | 71 kB
Progress (3): 0.8/3.1 MB | 190 kB | 71 kB
Progress (3): 0.9/3.1 MB | 190 kB | 71 kB
Progress (3): 0.9/3.1 MB | 190 kB | 71 kB
Progress (3): 0.9/3.1 MB | 190 kB | 71 kB
                                         
Downloaded from central-https: https://repo1.maven.org/maven2/com/google/code/gson/gson/2.2.4/gson-2.2.4.jar (190 kB at 309 kB/s)
Downloading from central-https: https://repo1.maven.org/maven2/javax/validation/validation-api/1.1.0.Final/validation-api-1.1.0.Final.jar
Progress (2): 0.9/3.1 MB | 71 kB
Progress (2): 0.9/3.1 MB | 71 kB
Progress (2): 0.9/3.1 MB | 71 kB
Progress (2): 1.0/3.1 MB | 71 kB
Progress (2): 1.0/3.1 MB | 71 kB
Progress (2): 1.0/3.1 MB | 71 kB
Progress (2): 1.0/3.1 MB | 71 kB
Progress (2): 1.0/3.1 MB | 71 kB
Progress (2): 1.0/3.1 MB | 71 kB
Progress (2): 1.1/3.1 MB | 71 kB
Progress (2): 1.1/3.1 MB | 71 kB
Progress (2): 1.1/3.1 MB | 71 kB
Progress (2): 1.1/3.1 MB | 71 kB
Progress (2): 1.1/3.1 MB | 71 kB
Progress (2): 1.1/3.1 MB | 71 kB
Progress (2): 1.2/3.1 MB | 71 kB
Progress (2): 1.2/3.1 MB | 71 kB
Progress (2): 1.2/3.1 MB | 71 kB
Progress (2): 1.2/3.1 MB | 71 kB
Progress (3): 1.2/3.1 MB | 71 kB | 7.7/103 kB
Progress (3): 1.2/3.1 MB | 71 kB | 7.7/103 kB
Progress (3): 1.2/3.1 MB | 71 kB | 7.7/103 kB
Progress (3): 1.3/3.1 MB | 71 kB | 7.7/103 kB
Progress (3): 1.3/3.1 MB | 71 kB | 7.7/103 kB
Progress (3): 1.3/3.1 MB | 71 kB | 7.7/103 kB
Progress (3): 1.3/3.1 MB | 71 kB | 7.7/103 kB
Progress (3): 1.3/3.1 MB | 71 kB | 7.7/103 kB
Progress (3): 1.3/3.1 MB | 71 kB | 7.7/103 kB
Progress (3): 1.4/3.1 MB | 71 kB | 7.7/103 kB
Progress (3): 1.4/3.1 MB | 71 kB | 7.7/103 kB
Progress (3): 1.4/3.1 MB | 71 kB | 8.2/103 kB
Progress (3): 1.4/3.1 MB | 71 kB | 8.2/103 kB
Progress (3): 1.4/3.1 MB | 71 kB | 8.2/103 kB
Progress (3): 1.4/3.1 MB | 71 kB | 8.2/103 kB
                                             
Downloaded from central-https: https://repo1.maven.org/maven2/org/hibernate/hibernate-commons-annotations/3.2.0.Final/hibernate-commons-annotations-3.2.0.Final.jar (71 kB at 114 kB/s)
Downloading from central-https: https://repo1.maven.org/maven2/org/hibernate/hibernate-validator/5.0.0.Final/hibernate-validator-5.0.0.Final.jar
Progress (2): 1.4/3.1 MB | 8.2/103 kB
Progress (2): 1.4/3.1 MB | 8.2/103 kB
Progress (2): 1.5/3.1 MB | 8.2/103 kB
Progress (2): 1.5/3.1 MB | 8.2/103 kB
Progress (2): 1.5/3.1 MB | 8.2/103 kB
Progress (2): 1.5/3.1 MB | 8.2/103 kB
Progress (2): 1.5/3.1 MB | 8.2/103 kB
Progress (2): 1.5/3.1 MB | 16/103 kB 
Progress (2): 1.5/3.1 MB | 16/103 kB
Progress (2): 1.6/3.1 MB | 16/103 kB
Progress (2): 1.6/3.1 MB | 16/103 kB
Progress (3): 1.6/3.1 MB | 16/103 kB | 7.7/15 kB
Progress (3): 1.6/3.1 MB | 16/103 kB | 12/15 kB 
Progress (3): 1.6/3.1 MB | 16/103 kB | 15 kB   
Progress (3): 1.6/3.1 MB | 16/103 kB | 15 kB
Progress (3): 1.6/3.1 MB | 16/103 kB | 15 kB
Progress (3): 1.6/3.1 MB | 16/103 kB | 15 kB
Progress (3): 1.6/3.1 MB | 16/103 kB | 15 kB
Progress (3): 1.7/3.1 MB | 16/103 kB | 15 kB
Progress (3): 1.7/3.1 MB | 16/103 kB | 15 kB
Progress (3): 1.7/3.1 MB | 16/103 kB | 15 kB
Progress (3): 1.7/3.1 MB | 16/103 kB | 15 kB
Progress (3): 1.7/3.1 MB | 16/103 kB | 15 kB
Progress (3): 1.7/3.1 MB | 16/103 kB | 15 kB
Progress (3): 1.8/3.1 MB | 16/103 kB | 15 kB
Progress (3): 1.8/3.1 MB | 16/103 kB | 15 kB
Progress (3): 1.8/3.1 MB | 16/103 kB | 15 kB
Progress (3): 1.8/3.1 MB | 16/103 kB | 15 kB
Progress (3): 1.8/3.1 MB | 16/103 kB | 15 kB
Progress (3): 1.8/3.1 MB | 16/103 kB | 15 kB
Progress (3): 1.9/3.1 MB | 16/103 kB | 15 kB
Progress (3): 1.9/3.1 MB | 16/103 kB | 15 kB
Progress (3): 1.9/3.1 MB | 16/103 kB | 15 kB
Progress (3): 1.9/3.1 MB | 16/103 kB | 15 kB
Progress (3): 1.9/3.1 MB | 16/103 kB | 15 kB
Progress (3): 1.9/3.1 MB | 16/103 kB | 15 kB
Progress (3): 1.9/3.1 MB | 16/103 kB | 15 kB
Progress (3): 2.0/3.1 MB | 16/103 kB | 15 kB
Progress (3): 2.0/3.1 MB | 16/103 kB | 15 kB
Progress (3): 2.0/3.1 MB | 16/103 kB | 15 kB
Progress (3): 2.0/3.1 MB | 16/103 kB | 15 kB
Progress (3): 2.0/3.1 MB | 16/103 kB | 15 kB
Progress (3): 2.0/3.1 MB | 16/103 kB | 15 kB
Progress (3): 2.1/3.1 MB | 16/103 kB | 15 kB
Progress (3): 2.1/3.1 MB | 16/103 kB | 15 kB
Progress (3): 2.1/3.1 MB | 16/103 kB | 15 kB
Progress (3): 2.1/3.1 MB | 16/103 kB | 15 kB
Progress (3): 2.1/3.1 MB | 16/103 kB | 15 kB
Progress (3): 2.1/3.1 MB | 16/103 kB | 15 kB
Progress (3): 2.2/3.1 MB | 16/103 kB | 15 kB
Progress (3): 2.2/3.1 MB | 16/103 kB | 15 kB
Progress (3): 2.2/3.1 MB | 16/103 kB | 15 kB
Progress (3): 2.2/3.1 MB | 16/103 kB | 15 kB
Progress (3): 2.2/3.1 MB | 16/103 kB | 15 kB
Progress (3): 2.2/3.1 MB | 16/103 kB | 15 kB
Progress (3): 2.3/3.1 MB | 16/103 kB | 15 kB
                                            
Downloaded from central-https: https://repo1.maven.org/maven2/javax/transaction/jta/1.1/jta-1.1.jar (15 kB at 24 kB/s)
Downloading from central-https: https://repo1.maven.org/maven2/org/jboss/logging/jboss-logging/3.1.1.GA/jboss-logging-3.1.1.GA.jar
Progress (2): 2.3/3.1 MB | 16/103 kB
Progress (2): 2.3/3.1 MB | 16/103 kB
Progress (2): 2.3/3.1 MB | 16/103 kB
Progress (2): 2.3/3.1 MB | 16/103 kB
Progress (2): 2.3/3.1 MB | 16/103 kB
Progress (2): 2.4/3.1 MB | 16/103 kB
Progress (2): 2.4/3.1 MB | 16/103 kB
Progress (2): 2.4/3.1 MB | 16/103 kB
Progress (2): 2.4/3.1 MB | 16/103 kB
Progress (2): 2.4/3.1 MB | 16/103 kB
Progress (2): 2.4/3.1 MB | 16/103 kB
Progress (2): 2.4/3.1 MB | 16/103 kB
Progress (2): 2.5/3.1 MB | 16/103 kB
Progress (2): 2.5/3.1 MB | 16/103 kB
Progress (2): 2.5/3.1 MB | 16/103 kB
Progress (2): 2.5/3.1 MB | 16/103 kB
Progress (2): 2.5/3.1 MB | 16/103 kB
Progress (2): 2.5/3.1 MB | 16/103 kB
Progress (2): 2.6/3.1 MB | 16/103 kB
Progress (2): 2.6/3.1 MB | 16/103 kB
Progress (2): 2.6/3.1 MB | 16/103 kB
Progress (2): 2.6/3.1 MB | 33/103 kB
Progress (2): 2.6/3.1 MB | 33/103 kB
Progress (2): 2.6/3.1 MB | 33/103 kB
Progress (2): 2.6/3.1 MB | 33/103 kB
Progress (2): 2.7/3.1 MB | 33/103 kB
Progress (2): 2.7/3.1 MB | 33/103 kB
Progress (2): 2.7/3.1 MB | 33/103 kB
Progress (2): 2.7/3.1 MB | 33/103 kB
Progress (2): 2.7/3.1 MB | 33/103 kB
Progress (2): 2.7/3.1 MB | 33/103 kB
Progress (2): 2.8/3.1 MB | 33/103 kB
Progress (2): 2.8/3.1 MB | 33/103 kB
Progress (2): 2.8/3.1 MB | 33/103 kB
Progress (2): 2.8/3.1 MB | 33/103 kB
Progress (2): 2.8/3.1 MB | 33/103 kB
Progress (2): 2.8/3.1 MB | 33/103 kB
Progress (2): 2.9/3.1 MB | 33/103 kB
Progress (2): 2.9/3.1 MB | 33/103 kB
Progress (2): 2.9/3.1 MB | 33/103 kB
Progress (2): 2.9/3.1 MB | 33/103 kB
Progress (2): 2.9/3.1 MB | 33/103 kB
Progress (2): 2.9/3.1 MB | 33/103 kB
Progress (2): 3.0/3.1 MB | 33/103 kB
Progress (2): 3.0/3.1 MB | 33/103 kB
Progress (2): 3.0/3.1 MB | 33/103 kB
Progress (2): 3.0/3.1 MB | 33/103 kB
Progress (2): 3.0/3.1 MB | 33/103 kB
Progress (2): 3.0/3.1 MB | 33/103 kB
Progress (2): 3.0/3.1 MB | 33/103 kB
Progress (2): 3.1/3.1 MB | 33/103 kB
Progress (3): 3.1/3.1 MB | 33/103 kB | 7.7/64 kB
Progress (3): 3.1/3.1 MB | 33/103 kB | 7.7/64 kB
Progress (3): 3.1/3.1 MB | 33/103 kB | 7.7/64 kB
Progress (3): 3.1/3.1 MB | 33/103 kB | 7.7/64 kB
Progress (3): 3.1 MB | 33/103 kB | 7.7/64 kB    
Progress (3): 3.1 MB | 33/103 kB | 16/64 kB 
Progress (3): 3.1 MB | 33/103 kB | 32/64 kB
Progress (3): 3.1 MB | 33/103 kB | 49/64 kB
Progress (3): 3.1 MB | 33/103 kB | 57/64 kB
Progress (3): 3.1 MB | 33/103 kB | 64 kB   
Progress (3): 3.1 MB | 41/103 kB | 64 kB
Progress (4): 3.1 MB | 41/103 kB | 64 kB | 3.4/573 kB
Progress (4): 3.1 MB | 41/103 kB | 64 kB | 20/573 kB 
Progress (4): 3.1 MB | 41/103 kB | 64 kB | 36/573 kB
Progress (4): 3.1 MB | 41/103 kB | 64 kB | 53/573 kB
Progress (4): 3.1 MB | 41/103 kB | 64 kB | 69/573 kB
Progress (4): 3.1 MB | 41/103 kB | 64 kB | 77/573 kB
Progress (4): 3.1 MB | 41/103 kB | 64 kB | 85/573 kB
Progress (4): 3.1 MB | 41/103 kB | 64 kB | 94/573 kB
Progress (4): 3.1 MB | 41/103 kB | 64 kB | 102/573 kB
Progress (4): 3.1 MB | 41/103 kB | 64 kB | 110/573 kB
Progress (4): 3.1 MB | 41/103 kB | 64 kB | 126/573 kB
Progress (4): 3.1 MB | 41/103 kB | 64 kB | 143/573 kB
Progress (4): 3.1 MB | 41/103 kB | 64 kB | 151/573 kB
Progress (4): 3.1 MB | 41/103 kB | 64 kB | 167/573 kB
Progress (4): 3.1 MB | 41/103 kB | 64 kB | 175/573 kB
Progress (4): 3.1 MB | 41/103 kB | 64 kB | 184/573 kB
Progress (4): 3.1 MB | 41/103 kB | 64 kB | 200/573 kB
Progress (4): 3.1 MB | 41/103 kB | 64 kB | 205/573 kB
Progress (4): 3.1 MB | 41/103 kB | 64 kB | 221/573 kB
Progress (4): 3.1 MB | 41/103 kB | 64 kB | 238/573 kB
Progress (4): 3.1 MB | 41/103 kB | 64 kB | 246/573 kB
Progress (4): 3.1 MB | 41/103 kB | 64 kB | 262/573 kB
Progress (4): 3.1 MB | 41/103 kB | 64 kB | 279/573 kB
Progress (4): 3.1 MB | 41/103 kB | 64 kB | 295/573 kB
Progress (4): 3.1 MB | 41/103 kB | 64 kB | 311/573 kB
Progress (4): 3.1 MB | 41/103 kB | 64 kB | 328/573 kB
Progress (4): 3.1 MB | 41/103 kB | 64 kB | 344/573 kB
Progress (4): 3.1 MB | 41/103 kB | 64 kB | 360/573 kB
Progress (4): 3.1 MB | 41/103 kB | 64 kB | 377/573 kB
                                                     
Downloaded from central-https: https://repo1.maven.org/maven2/javax/validation/validation-api/1.1.0.Final/validation-api-1.1.0.Final.jar (64 kB at 96 kB/s)
Downloading from central-https: https://repo1.maven.org/maven2/com/fasterxml/classmate/0.8.0/classmate-0.8.0.jar
Progress (3): 3.1 MB | 41/103 kB | 393/573 kB
Progress (3): 3.1 MB | 41/103 kB | 410/573 kB
Progress (3): 3.1 MB | 41/103 kB | 426/573 kB
Progress (3): 3.1 MB | 41/103 kB | 442/573 kB
Progress (3): 3.1 MB | 41/103 kB | 459/573 kB
Progress (3): 3.1 MB | 41/103 kB | 475/573 kB
Progress (3): 3.1 MB | 41/103 kB | 492/573 kB
Progress (3): 3.1 MB | 41/103 kB | 508/573 kB
Progress (3): 3.1 MB | 41/103 kB | 524/573 kB
Progress (3): 3.1 MB | 41/103 kB | 541/573 kB
Progress (3): 3.1 MB | 41/103 kB | 557/573 kB
Progress (3): 3.1 MB | 41/103 kB | 573 kB    
Progress (4): 3.1 MB | 41/103 kB | 573 kB | 8.2/61 kB
Progress (4): 3.1 MB | 57/103 kB | 573 kB | 8.2/61 kB
Progress (4): 3.1 MB | 57/103 kB | 573 kB | 25/61 kB 
Progress (4): 3.1 MB | 57/103 kB | 573 kB | 41/61 kB
Progress (4): 3.1 MB | 57/103 kB | 573 kB | 57/61 kB
Progress (4): 3.1 MB | 57/103 kB | 573 kB | 61 kB   
Progress (4): 3.1 MB | 66/103 kB | 573 kB | 61 kB
                                                 
Downloaded from central-https: https://repo1.maven.org/maven2/org/hibernate/hibernate-core/3.6.6.Final/hibernate-core-3.6.6.Final.jar (3.1 MB at 4.5 MB/s)
Downloading from central-https: https://repo1.maven.org/maven2/org/glassfish/web/javax.el/2.2.4/javax.el-2.2.4.jar
Downloaded from central-https: https://repo1.maven.org/maven2/org/jboss/logging/jboss-logging/3.1.1.GA/jboss-logging-3.1.1.GA.jar (61 kB at 89 kB/s)
Downloading from central-https: https://repo1.maven.org/maven2/javax/el/javax.el-api/2.2.4/javax.el-api-2.2.4.jar
Downloaded from central-https: https://repo1.maven.org/maven2/org/hibernate/hibernate-validator/5.0.0.Final/hibernate-validator-5.0.0.Final.jar (573 kB at 831 kB/s)
Downloading from central-https: https://repo1.maven.org/maven2/javax/annotation/jsr250-api/1.0/jsr250-api-1.0.jar
Progress (1): 82/103 kB
Progress (2): 82/103 kB | 7.7/60 kB
Progress (2): 82/103 kB | 8.2/60 kB
Progress (2): 82/103 kB | 25/60 kB 
Progress (2): 82/103 kB | 41/60 kB
Progress (2): 82/103 kB | 57/60 kB
Progress (2): 82/103 kB | 60 kB   
                               
Downloaded from central-https: https://repo1.maven.org/maven2/com/fasterxml/classmate/0.8.0/classmate-0.8.0.jar (60 kB at 84 kB/s)
Downloading from central-https: https://repo1.maven.org/maven2/org/hamcrest/hamcrest-core/1.2/hamcrest-core-1.2.jar
Progress (2): 82/103 kB | 7.7/118 kB
Progress (2): 82/103 kB | 16/118 kB 
Progress (2): 82/103 kB | 25/118 kB
Progress (2): 82/103 kB | 41/118 kB
Progress (2): 82/103 kB | 57/118 kB
Progress (2): 82/103 kB | 74/118 kB
Progress (2): 82/103 kB | 90/118 kB
Progress (2): 82/103 kB | 106/118 kB
Progress (2): 82/103 kB | 118 kB    
Progress (3): 82/103 kB | 118 kB | 7.7/39 kB
Progress (3): 82/103 kB | 118 kB | 16/39 kB 
Progress (3): 82/103 kB | 118 kB | 32/39 kB
Progress (3): 82/103 kB | 118 kB | 39 kB   
Progress (4): 82/103 kB | 118 kB | 39 kB | 5.8 kB
Progress (4): 98/103 kB | 118 kB | 39 kB | 5.8 kB
                                                 
Downloaded from central-https: https://repo1.maven.org/maven2/org/glassfish/web/javax.el/2.2.4/javax.el-2.2.4.jar (118 kB at 160 kB/s)
Downloading from central-https: https://repo1.maven.org/maven2/org/hamcrest/hamcrest-library/1.2/hamcrest-library-1.2.jar
Progress (3): 103 kB | 39 kB | 5.8 kB
                                     
Downloaded from central-https: https://repo1.maven.org/maven2/javax/el/javax.el-api/2.2.4/javax.el-api-2.2.4.jar (39 kB at 53 kB/s)
Downloading from central-https: https://repo1.maven.org/maven2/javax/servlet/jstl/1.2/jstl-1.2.jar
Downloaded from central-https: https://repo1.maven.org/maven2/javax/annotation/jsr250-api/1.0/jsr250-api-1.0.jar (5.8 kB at 7.8 kB/s)
Downloading from central-https: https://repo1.maven.org/maven2/javax/servlet/jsp/jsp-api/2.1/jsp-api-2.1.jar
Downloaded from central-https: https://repo1.maven.org/maven2/org/hibernate/javax/persistence/hibernate-jpa-2.0-api/1.0.1.Final/hibernate-jpa-2.0-api-1.0.1.Final.jar (103 kB at 136 kB/s)
Downloading from central-https: https://repo1.maven.org/maven2/org/mortbay/jetty/servlet-api/3.0.20100224/servlet-api-3.0.20100224.jar
Progress (1): 7.7/41 kB
Progress (1): 16/41 kB 
Progress (1): 32/41 kB
Progress (1): 41 kB   
                   
Downloaded from central-https: https://repo1.maven.org/maven2/org/hamcrest/hamcrest-core/1.2/hamcrest-core-1.2.jar (41 kB at 53 kB/s)
Downloading from central-https: https://repo1.maven.org/maven2/org/mockito/mockito-core/1.8.5/mockito-core-1.8.5.jar
Progress (1): 7.7/53 kB
Progress (1): 16/53 kB 
Progress (1): 32/53 kB
Progress (1): 49/53 kB
Progress (1): 53 kB   
Progress (2): 53 kB | 7.7/210 kB
Progress (2): 53 kB | 12/210 kB 
Progress (2): 53 kB | 28/210 kB
Progress (2): 53 kB | 44/210 kB
Progress (2): 53 kB | 61/210 kB
Progress (2): 53 kB | 77/210 kB
Progress (2): 53 kB | 94/210 kB
Progress (2): 53 kB | 110/210 kB
Progress (2): 53 kB | 126/210 kB
Progress (3): 53 kB | 126/210 kB | 7.7/101 kB
Progress (3): 53 kB | 143/210 kB | 7.7/101 kB
Progress (3): 53 kB | 159/210 kB | 7.7/101 kB
Progress (3): 53 kB | 175/210 kB | 7.7/101 kB
Progress (3): 53 kB | 192/210 kB | 7.7/101 kB
Progress (3): 53 kB | 208/210 kB | 7.7/101 kB
Progress (3): 53 kB | 210 kB | 7.7/101 kB    
                                         
Downloaded from central-https: https://repo1.maven.org/maven2/org/hamcrest/hamcrest-library/1.2/hamcrest-library-1.2.jar (53 kB at 67 kB/s)
Progress (2): 210 kB | 8.2/101 kB
Progress (3): 210 kB | 8.2/101 kB | 7.7/414 kB
Progress (3): 210 kB | 25/101 kB | 7.7/414 kB 
Progress (3): 210 kB | 33/101 kB | 7.7/414 kB
Progress (3): 210 kB | 41/101 kB | 7.7/414 kB
Progress (3): 210 kB | 57/101 kB | 7.7/414 kB
Progress (3): 210 kB | 74/101 kB | 7.7/414 kB
Progress (3): 210 kB | 82/101 kB | 7.7/414 kB
Progress (3): 210 kB | 98/101 kB | 7.7/414 kB
Progress (3): 210 kB | 101 kB | 7.7/414 kB   
Progress (3): 210 kB | 101 kB | 16/414 kB 
                                         
Downloaded from central-https: https://repo1.maven.org/maven2/org/mortbay/jetty/servlet-api/3.0.20100224/servlet-api-3.0.20100224.jar (210 kB at 264 kB/s)
Downloaded from central-https: https://repo1.maven.org/maven2/javax/servlet/jsp/jsp-api/2.1/jsp-api-2.1.jar (101 kB at 126 kB/s)
Progress (1): 32/414 kB
Progress (2): 32/414 kB | 0/1.3 MB
Progress (2): 32/414 kB | 0/1.3 MB
Progress (2): 32/414 kB | 0/1.3 MB
Progress (2): 32/414 kB | 0/1.3 MB
Progress (2): 32/414 kB | 0.1/1.3 MB
Progress (2): 32/414 kB | 0.1/1.3 MB
Progress (2): 32/414 kB | 0.1/1.3 MB
Progress (2): 32/414 kB | 0.1/1.3 MB
Progress (2): 32/414 kB | 0.1/1.3 MB
Progress (2): 32/414 kB | 0.1/1.3 MB
Progress (2): 32/414 kB | 0.1/1.3 MB
Progress (2): 32/414 kB | 0.2/1.3 MB
Progress (2): 32/414 kB | 0.2/1.3 MB
Progress (2): 32/414 kB | 0.2/1.3 MB
Progress (2): 32/414 kB | 0.2/1.3 MB
Progress (2): 32/414 kB | 0.2/1.3 MB
Progress (2): 32/414 kB | 0.2/1.3 MB
Progress (2): 32/414 kB | 0.2/1.3 MB
Progress (2): 32/414 kB | 0.2/1.3 MB
Progress (2): 32/414 kB | 0.2/1.3 MB
Progress (2): 32/414 kB | 0.2/1.3 MB
Progress (2): 32/414 kB | 0.3/1.3 MB
Progress (2): 32/414 kB | 0.3/1.3 MB
Progress (2): 32/414 kB | 0.3/1.3 MB
Progress (2): 32/414 kB | 0.3/1.3 MB
Progress (2): 32/414 kB | 0.3/1.3 MB
Progress (2): 32/414 kB | 0.3/1.3 MB
Progress (2): 32/414 kB | 0.3/1.3 MB
Progress (2): 32/414 kB | 0.3/1.3 MB
Progress (2): 32/414 kB | 0.4/1.3 MB
Progress (2): 32/414 kB | 0.4/1.3 MB
Progress (2): 32/414 kB | 0.4/1.3 MB
Progress (2): 32/414 kB | 0.4/1.3 MB
Progress (2): 32/414 kB | 0.4/1.3 MB
Progress (2): 32/414 kB | 0.4/1.3 MB
Progress (2): 32/414 kB | 0.4/1.3 MB
Progress (2): 32/414 kB | 0.4/1.3 MB
Progress (2): 32/414 kB | 0.4/1.3 MB
Progress (2): 32/414 kB | 0.5/1.3 MB
Progress (2): 32/414 kB | 0.5/1.3 MB
Progress (2): 32/414 kB | 0.5/1.3 MB
Progress (2): 32/414 kB | 0.5/1.3 MB
Progress (2): 32/414 kB | 0.5/1.3 MB
Progress (2): 32/414 kB | 0.5/1.3 MB
Progress (2): 32/414 kB | 0.5/1.3 MB
Progress (2): 32/414 kB | 0.5/1.3 MB
Progress (2): 32/414 kB | 0.6/1.3 MB
Progress (2): 32/414 kB | 0.6/1.3 MB
Progress (2): 32/414 kB | 0.6/1.3 MB
Progress (2): 32/414 kB | 0.6/1.3 MB
Progress (2): 32/414 kB | 0.6/1.3 MB
Progress (2): 32/414 kB | 0.6/1.3 MB
Progress (2): 32/414 kB | 0.7/1.3 MB
Progress (2): 32/414 kB | 0.7/1.3 MB
Progress (2): 32/414 kB | 0.7/1.3 MB
Progress (2): 32/414 kB | 0.7/1.3 MB
Progress (2): 32/414 kB | 0.7/1.3 MB
Progress (2): 32/414 kB | 0.7/1.3 MB
Progress (2): 32/414 kB | 0.8/1.3 MB
Progress (2): 32/414 kB | 0.8/1.3 MB
Progress (2): 32/414 kB | 0.8/1.3 MB
Progress (2): 32/414 kB | 0.8/1.3 MB
Progress (2): 32/414 kB | 0.8/1.3 MB
Progress (2): 32/414 kB | 0.8/1.3 MB
Progress (2): 32/414 kB | 0.9/1.3 MB
Progress (2): 32/414 kB | 0.9/1.3 MB
Progress (2): 32/414 kB | 0.9/1.3 MB
Progress (2): 32/414 kB | 0.9/1.3 MB
Progress (2): 32/414 kB | 0.9/1.3 MB
Progress (2): 32/414 kB | 0.9/1.3 MB
Progress (2): 32/414 kB | 1.0/1.3 MB
Progress (2): 32/414 kB | 1.0/1.3 MB
Progress (2): 32/414 kB | 1.0/1.3 MB
Progress (2): 32/414 kB | 1.0/1.3 MB
Progress (2): 32/414 kB | 1.0/1.3 MB
Progress (2): 32/414 kB | 1.0/1.3 MB
Progress (2): 32/414 kB | 1.0/1.3 MB
Progress (2): 32/414 kB | 1.1/1.3 MB
Progress (2): 32/414 kB | 1.1/1.3 MB
Progress (2): 32/414 kB | 1.1/1.3 MB
Progress (2): 49/414 kB | 1.1/1.3 MB
Progress (2): 49/414 kB | 1.1/1.3 MB
Progress (2): 49/414 kB | 1.1/1.3 MB
Progress (2): 49/414 kB | 1.1/1.3 MB
Progress (2): 49/414 kB | 1.2/1.3 MB
Progress (2): 49/414 kB | 1.2/1.3 MB
Progress (2): 49/414 kB | 1.2/1.3 MB
Progress (2): 49/414 kB | 1.2/1.3 MB
Progress (2): 49/414 kB | 1.2/1.3 MB
Progress (2): 49/414 kB | 1.2/1.3 MB
Progress (2): 49/414 kB | 1.3/1.3 MB
Progress (2): 49/414 kB | 1.3/1.3 MB
Progress (2): 49/414 kB | 1.3/1.3 MB
Progress (2): 49/414 kB | 1.3/1.3 MB
Progress (2): 49/414 kB | 1.3/1.3 MB
Progress (2): 49/414 kB | 1.3 MB    
Progress (2): 65/414 kB | 1.3 MB
                                
Downloaded from central-https: https://repo1.maven.org/maven2/org/mockito/mockito-core/1.8.5/mockito-core-1.8.5.jar (1.3 MB at 1.6 MB/s)
Progress (1): 81/414 kB
Progress (1): 98/414 kB
Progress (1): 114/414 kB
Progress (1): 131/414 kB
Progress (1): 147/414 kB
Progress (1): 163/414 kB
Progress (1): 180/414 kB
Progress (1): 196/414 kB
Progress (1): 213/414 kB
Progress (1): 229/414 kB
Progress (1): 245/414 kB
Progress (1): 262/414 kB
Progress (1): 278/414 kB
Progress (1): 294/414 kB
Progress (1): 311/414 kB
Progress (1): 327/414 kB
Progress (1): 344/414 kB
Progress (1): 360/414 kB
Progress (1): 376/414 kB
Progress (1): 393/414 kB
Progress (1): 409/414 kB
Progress (1): 414 kB    
                    
Downloaded from central-https: https://repo1.maven.org/maven2/javax/servlet/jstl/1.2/jstl-1.2.jar (414 kB at 365 kB/s)
[INFO] 
[INFO] --- enforcer:1.0:enforce (enforce-maven) @ vraptor ---
Downloading from central-https: https://repo1.maven.org/maven2/org/apache/maven/maven-artifact/2.0.9/maven-artifact-2.0.9.pom
Progress (1): 834 B
Progress (1): 1.6 kB
                    
Downloaded from central-https: https://repo1.maven.org/maven2/org/apache/maven/maven-artifact/2.0.9/maven-artifact-2.0.9.pom (1.6 kB at 29 kB/s)
Downloading from central-https: https://repo1.maven.org/maven2/org/apache/maven/maven/2.0.9/maven-2.0.9.pom
Progress (1): 746 B
Progress (1): 1.9 kB
Progress (1): 5.9 kB
Progress (1): 9.5 kB
Progress (1): 16 kB 
Progress (1): 18 kB
Progress (1): 19 kB
                   
Downloaded from central-https: https://repo1.maven.org/maven2/org/apache/maven/maven/2.0.9/maven-2.0.9.pom (19 kB at 315 kB/s)
Downloading from central-https: https://repo1.maven.org/maven2/org/apache/maven/maven-parent/8/maven-parent-8.pom
Progress (1): 741 B
Progress (1): 2.0 kB
Progress (1): 4.3 kB
Progress (1): 7.9 kB
Progress (1): 12 kB 
Progress (1): 15 kB
Progress (1): 20 kB
Progress (1): 24 kB
                   
Downloaded from central-https: https://repo1.maven.org/maven2/org/apache/maven/maven-parent/8/maven-parent-8.pom (24 kB at 464 kB/s)
Downloading from central-https: https://repo1.maven.org/maven2/org/codehaus/plexus/plexus-utils/1.5.8/plexus-utils-1.5.8.pom
Progress (1): 994 B
Progress (1): 5.0 kB
Progress (1): 8.1 kB
                    
Downloaded from central-https: https://repo1.maven.org/maven2/org/codehaus/plexus/plexus-utils/1.5.8/plexus-utils-1.5.8.pom (8.1 kB at 158 kB/s)
Downloading from central-https: https://repo1.maven.org/maven2/org/codehaus/plexus/plexus/2.0.2/plexus-2.0.2.pom
Progress (1): 1.0 kB
Progress (1): 3.9 kB
Progress (1): 7.5 kB
Progress (1): 11 kB 
Progress (1): 12 kB
                   
Downloaded from central-https: https://repo1.maven.org/maven2/org/codehaus/plexus/plexus/2.0.2/plexus-2.0.2.pom (12 kB at 197 kB/s)
Downloading from central-https: https://repo1.maven.org/maven2/org/apache/maven/maven-plugin-api/2.0.9/maven-plugin-api-2.0.9.pom
Progress (1): 837 B
Progress (1): 1.5 kB
                    
Downloaded from central-https: https://repo1.maven.org/maven2/org/apache/maven/maven-plugin-api/2.0.9/maven-plugin-api-2.0.9.pom (1.5 kB at 30 kB/s)
Downloading from central-https: https://repo1.maven.org/maven2/org/apache/maven/maven-project/2.0.9/maven-project-2.0.9.pom
Progress (1): 823 B
Progress (1): 2.7 kB
                    
Downloaded from central-https: https://repo1.maven.org/maven2/org/apache/maven/maven-project/2.0.9/maven-project-2.0.9.pom (2.7 kB at 55 kB/s)
Downloading from central-https: https://repo1.maven.org/maven2/org/apache/maven/maven-settings/2.0.9/maven-settings-2.0.9.pom
Progress (1): 829 B
Progress (1): 2.1 kB
                    
Downloaded from central-https: https://repo1.maven.org/maven2/org/apache/maven/maven-settings/2.0.9/maven-settings-2.0.9.pom (2.1 kB at 24 kB/s)
Downloading from central-https: https://repo1.maven.org/maven2/org/apache/maven/maven-model/2.0.9/maven-model-2.0.9.pom
Progress (1): 801 B
Progress (1): 3.0 kB
Progress (1): 3.1 kB
                    
Downloaded from central-https: https://repo1.maven.org/maven2/org/apache/maven/maven-model/2.0.9/maven-model-2.0.9.pom (3.1 kB at 49 kB/s)
Downloading from central-https: https://repo1.maven.org/maven2/org/codehaus/plexus/plexus-container-default/1.0-alpha-9-stable-1/plexus-container-default-1.0-alpha-9-stable-1.pom
Progress (1): 2.1 kB
Progress (1): 3.9 kB
                    
Downloaded from central-https: https://repo1.maven.org/maven2/org/codehaus/plexus/plexus-container-default/1.0-alpha-9-stable-1/plexus-container-default-1.0-alpha-9-stable-1.pom (3.9 kB at 7.0 kB/s)
Downloading from central-https: https://repo1.maven.org/maven2/org/codehaus/plexus/plexus-containers/1.0.3/plexus-containers-1.0.3.pom
Progress (1): 492 B
                   
Downloaded from central-https: https://repo1.maven.org/maven2/org/codehaus/plexus/plexus-containers/1.0.3/plexus-containers-1.0.3.pom (492 B at 8.9 kB/s)
Downloading from central-https: https://repo1.maven.org/maven2/org/codehaus/plexus/plexus/1.0.4/plexus-1.0.4.pom
Progress (1): 1.5 kB
Progress (1): 4.6 kB
Progress (1): 5.7 kB
                    
Downloaded from central-https: https://repo1.maven.org/maven2/org/codehaus/plexus/plexus/1.0.4/plexus-1.0.4.pom (5.7 kB at 110 kB/s)
Downloading from central-https: https://repo1.maven.org/maven2/org/apache/maven/maven-profile/2.0.9/maven-profile-2.0.9.pom
Progress (1): 829 B
Progress (1): 2.0 kB
                    
Downloaded from central-https: https://repo1.maven.org/maven2/org/apache/maven/maven-profile/2.0.9/maven-profile-2.0.9.pom (2.0 kB at 35 kB/s)
Downloading from central-https: https://repo1.maven.org/maven2/org/apache/maven/maven-artifact-manager/2.0.9/maven-artifact-manager-2.0.9.pom
Progress (1): 819 B
Progress (1): 2.7 kB
                    
Downloaded from central-https: https://repo1.maven.org/maven2/org/apache/maven/maven-artifact-manager/2.0.9/maven-artifact-manager-2.0.9.pom (2.7 kB at 48 kB/s)
Downloading from central-https: https://repo1.maven.org/maven2/org/apache/maven/maven-repository-metadata/2.0.9/maven-repository-metadata-2.0.9.pom
Progress (1): 831 B
Progress (1): 1.9 kB
                    
Downloaded from central-https: https://repo1.maven.org/maven2/org/apache/maven/maven-repository-metadata/2.0.9/maven-repository-metadata-2.0.9.pom (1.9 kB at 39 kB/s)
Downloading from central-https: https://repo1.maven.org/maven2/org/apache/maven/maven-plugin-registry/2.0.9/maven-plugin-registry-2.0.9.pom
Progress (1): 826 B
Progress (1): 2.0 kB
                    
Downloaded from central-https: https://repo1.maven.org/maven2/org/apache/maven/maven-plugin-registry/2.0.9/maven-plugin-registry-2.0.9.pom (2.0 kB at 36 kB/s)
Downloading from central-https: https://repo1.maven.org/maven2/org/apache/maven/maven-core/2.0.9/maven-core-2.0.9.pom
Progress (1): 803 B
Progress (1): 3.7 kB
Progress (1): 7.5 kB
Progress (1): 7.8 kB
                    
Downloaded from central-https: https://repo1.maven.org/maven2/org/apache/maven/maven-core/2.0.9/maven-core-2.0.9.pom (7.8 kB at 144 kB/s)
Downloading from central-https: https://repo1.maven.org/maven2/org/apache/maven/maven-plugin-parameter-documenter/2.0.9/maven-plugin-parameter-documenter-2.0.9.pom
Progress (1): 823 B
Progress (1): 2.0 kB
                    
Downloaded from central-https: https://repo1.maven.org/maven2/org/apache/maven/maven-plugin-parameter-documenter/2.0.9/maven-plugin-parameter-documenter-2.0.9.pom (2.0 kB at 41 kB/s)
Downloading from central-https: https://repo1.maven.org/maven2/org/apache/maven/reporting/maven-reporting-api/2.0.9/maven-reporting-api-2.0.9.pom
Progress (1): 829 B
Progress (1): 1.8 kB
                    
Downloaded from central-https: https://repo1.maven.org/maven2/org/apache/maven/reporting/maven-reporting-api/2.0.9/maven-reporting-api-2.0.9.pom (1.8 kB at 36 kB/s)
Downloading from central-https: https://repo1.maven.org/maven2/org/apache/maven/reporting/maven-reporting/2.0.9/maven-reporting-2.0.9.pom
Progress (1): 835 B
Progress (1): 1.5 kB
                    
Downloaded from central-https: https://repo1.maven.org/maven2/org/apache/maven/reporting/maven-reporting/2.0.9/maven-reporting-2.0.9.pom (1.5 kB at 8.4 kB/s)
Downloading from central-https: https://repo1.maven.org/maven2/org/apache/maven/doxia/doxia-sink-api/1.0-alpha-10/doxia-sink-api-1.0-alpha-10.pom
Progress (1): 835 B
Progress (1): 1.3 kB
                    
Downloaded from central-https: https://repo1.maven.org/maven2/org/apache/maven/doxia/doxia-sink-api/1.0-alpha-10/doxia-sink-api-1.0-alpha-10.pom (1.3 kB at 26 kB/s)
Downloading from central-https: https://repo1.maven.org/maven2/org/apache/maven/doxia/doxia/1.0-alpha-10/doxia-1.0-alpha-10.pom
Progress (1): 762 B
Progress (1): 2.2 kB
Progress (1): 5.1 kB
Progress (1): 9.0 kB
Progress (1): 9.2 kB
                    
Downloaded from central-https: https://repo1.maven.org/maven2/org/apache/maven/doxia/doxia/1.0-alpha-10/doxia-1.0-alpha-10.pom (9.2 kB at 164 kB/s)
Downloading from central-https: https://repo1.maven.org/maven2/org/apache/maven/maven-parent/6/maven-parent-6.pom
Progress (1): 756 B
Progress (1): 2.1 kB
Progress (1): 4.5 kB
Progress (1): 7.9 kB
Progress (1): 11 kB 
Progress (1): 16 kB
Progress (1): 20 kB
Progress (1): 20 kB
                   
Downloaded from central-https: https://repo1.maven.org/maven2/org/apache/maven/maven-parent/6/maven-parent-6.pom (20 kB at 323 kB/s)
Downloading from central-https: https://repo1.maven.org/maven2/org/apache/maven/maven-error-diagnostics/2.0.9/maven-error-diagnostics-2.0.9.pom
Progress (1): 832 B
Progress (1): 1.7 kB
                    
Downloaded from central-https: https://repo1.maven.org/maven2/org/apache/maven/maven-error-diagnostics/2.0.9/maven-error-diagnostics-2.0.9.pom (1.7 kB at 31 kB/s)
Downloading from central-https: https://repo1.maven.org/maven2/org/apache/maven/maven-plugin-descriptor/2.0.9/maven-plugin-descriptor-2.0.9.pom
Progress (1): 829 B
Progress (1): 2.1 kB
                    
Downloaded from central-https: https://repo1.maven.org/maven2/org/apache/maven/maven-plugin-descriptor/2.0.9/maven-plugin-descriptor-2.0.9.pom (2.1 kB at 38 kB/s)
Downloading from central-https: https://repo1.maven.org/maven2/org/codehaus/plexus/plexus-interactivity-api/1.0-alpha-4/plexus-interactivity-api-1.0-alpha-4.pom
Progress (1): 1.4 kB
Progress (1): 4.3 kB
Progress (1): 7.1 kB
                    
Downloaded from central-https: https://repo1.maven.org/maven2/org/codehaus/plexus/plexus-interactivity-api/1.0-alpha-4/plexus-interactivity-api-1.0-alpha-4.pom (7.1 kB at 139 kB/s)
Downloading from central-https: https://repo1.maven.org/maven2/org/apache/maven/maven-monitor/2.0.9/maven-monitor-2.0.9.pom
Progress (1): 837 B
Progress (1): 1.3 kB
                    
Downloaded from central-https: https://repo1.maven.org/maven2/org/apache/maven/maven-monitor/2.0.9/maven-monitor-2.0.9.pom (1.3 kB at 24 kB/s)
Downloading from central-https: https://repo1.maven.org/maven2/org/apache/maven/enforcer/enforcer-api/1.0/enforcer-api-1.0.pom
Progress (1): 857 B
Progress (1): 2.7 kB
Progress (1): 3.3 kB
                    
Downloaded from central-https: https://repo1.maven.org/maven2/org/apache/maven/enforcer/enforcer-api/1.0/enforcer-api-1.0.pom (3.3 kB at 61 kB/s)
Downloading from central-https: https://repo1.maven.org/maven2/org/codehaus/plexus/plexus-container-default/1.0-alpha-9/plexus-container-default-1.0-alpha-9.pom
Progress (1): 1.2 kB
                    
Downloaded from central-https: https://repo1.maven.org/maven2/org/codehaus/plexus/plexus-container-default/1.0-alpha-9/plexus-container-default-1.0-alpha-9.pom (1.2 kB at 27 kB/s)
Downloading from central-https: https://repo1.maven.org/maven2/org/apache/maven/enforcer/enforcer-rules/1.0/enforcer-rules-1.0.pom
Progress (1): 851 B
Progress (1): 3.7 kB
Progress (1): 4.1 kB
                    
Downloaded from central-https: https://repo1.maven.org/maven2/org/apache/maven/enforcer/enforcer-rules/1.0/enforcer-rules-1.0.pom (4.1 kB at 86 kB/s)
Downloading from central-https: https://repo1.maven.org/maven2/org/apache/maven/shared/maven-common-artifact-filters/1.2/maven-common-artifact-filters-1.2.pom
Progress (1): 827 B
Progress (1): 3.2 kB
Progress (1): 4.5 kB
                    
Downloaded from central-https: https://repo1.maven.org/maven2/org/apache/maven/shared/maven-common-artifact-filters/1.2/maven-common-artifact-filters-1.2.pom (4.5 kB at 87 kB/s)
Downloading from central-https: https://repo1.maven.org/maven2/org/apache/maven/shared/maven-shared-components/11/maven-shared-components-11.pom
Progress (1): 776 B
Progress (1): 2.9 kB
Progress (1): 6.7 kB
Progress (1): 8.3 kB
                    
Downloaded from central-https: https://repo1.maven.org/maven2/org/apache/maven/shared/maven-shared-components/11/maven-shared-components-11.pom (8.3 kB at 132 kB/s)
Downloading from central-https: https://repo1.maven.org/maven2/org/apache/maven/maven-parent/11/maven-parent-11.pom
Progress (1): 733 B
Progress (1): 1.9 kB
Progress (1): 6.1 kB
Progress (1): 11 kB 
Progress (1): 14 kB
Progress (1): 17 kB
Progress (1): 23 kB
Progress (1): 26 kB
Progress (1): 31 kB
Progress (1): 32 kB
                   
Downloaded from central-https: https://repo1.maven.org/maven2/org/apache/maven/maven-parent/11/maven-parent-11.pom (32 kB at 600 kB/s)
Downloading from central-https: https://repo1.maven.org/maven2/org/apache/apache/5/apache-5.pom
Progress (1): 785 B
Progress (1): 2.1 kB
Progress (1): 4.1 kB
                    
Downloaded from central-https: https://repo1.maven.org/maven2/org/apache/apache/5/apache-5.pom (4.1 kB at 82 kB/s)
Downloading from central-https: https://repo1.maven.org/maven2/org/apache/maven/maven-model/2.0.8/maven-model-2.0.8.pom
Progress (1): 800 B
Progress (1): 3.0 kB
Progress (1): 3.1 kB
                    
Downloaded from central-https: https://repo1.maven.org/maven2/org/apache/maven/maven-model/2.0.8/maven-model-2.0.8.pom (3.1 kB at 59 kB/s)
Downloading from central-https: https://repo1.maven.org/maven2/org/apache/maven/maven/2.0.8/maven-2.0.8.pom
Progress (1): 759 B
Progress (1): 2.0 kB
Progress (1): 4.9 kB
Progress (1): 11 kB 
Progress (1): 12 kB
                   
Downloaded from central-https: https://repo1.maven.org/maven2/org/apache/maven/maven/2.0.8/maven-2.0.8.pom (12 kB at 228 kB/s)
Downloading from central-https: https://repo1.maven.org/maven2/org/apache/maven/shared/maven-plugin-testing-harness/1.1/maven-plugin-testing-harness-1.1.pom
Progress (1): 806 B
Progress (1): 3.0 kB
Progress (1): 6.3 kB
                    
Downloaded from central-https: https://repo1.maven.org/maven2/org/apache/maven/shared/maven-plugin-testing-harness/1.1/maven-plugin-testing-harness-1.1.pom (6.3 kB at 127 kB/s)
Downloading from central-https: https://repo1.maven.org/maven2/org/apache/maven/shared/maven-shared-components/7/maven-shared-components-7.pom
Progress (1): 1.5 kB
Progress (1): 2.6 kB
                    
Downloaded from central-https: https://repo1.maven.org/maven2/org/apache/maven/shared/maven-shared-components/7/maven-shared-components-7.pom (2.6 kB at 52 kB/s)
Downloading from central-https: https://repo1.maven.org/maven2/org/apache/maven/maven-parent/5/maven-parent-5.pom
Progress (1): 755 B
Progress (1): 2.1 kB
Progress (1): 5.4 kB
Progress (1): 9.1 kB
Progress (1): 12 kB 
Progress (1): 15 kB
                   
Downloaded from central-https: https://repo1.maven.org/maven2/org/apache/maven/maven-parent/5/maven-parent-5.pom (15 kB at 311 kB/s)
Downloading from central-https: https://repo1.maven.org/maven2/org/apache/apache/3/apache-3.pom
Progress (1): 812 B
Progress (1): 2.3 kB
Progress (1): 3.4 kB
                    
Downloaded from central-https: https://repo1.maven.org/maven2/org/apache/apache/3/apache-3.pom (3.4 kB at 62 kB/s)
Downloading from central-https: https://repo1.maven.org/maven2/org/codehaus/plexus/plexus-archiver/1.0-alpha-7/plexus-archiver-1.0-alpha-7.pom
Progress (1): 1.0 kB
                    
Downloaded from central-https: https://repo1.maven.org/maven2/org/codehaus/plexus/plexus-archiver/1.0-alpha-7/plexus-archiver-1.0-alpha-7.pom (1.0 kB at 19 kB/s)
Downloading from central-https: https://repo1.maven.org/maven2/org/codehaus/plexus/plexus-components/1.1.6/plexus-components-1.1.6.pom
Progress (1): 1.2 kB
Progress (1): 1.9 kB
                    
Downloaded from central-https: https://repo1.maven.org/maven2/org/codehaus/plexus/plexus-components/1.1.6/plexus-components-1.1.6.pom (1.9 kB at 37 kB/s)
Downloading from central-https: https://repo1.maven.org/maven2/org/codehaus/plexus/plexus/1.0.8/plexus-1.0.8.pom
Progress (1): 1.3 kB
Progress (1): 3.9 kB
Progress (1): 6.7 kB
Progress (1): 7.2 kB
                    
Downloaded from central-https: https://repo1.maven.org/maven2/org/codehaus/plexus/plexus/1.0.8/plexus-1.0.8.pom (7.2 kB at 127 kB/s)
Downloading from central-https: https://repo1.maven.org/maven2/org/codehaus/plexus/plexus-container-default/1.0-alpha-8/plexus-container-default-1.0-alpha-8.pom
Progress (1): 1.4 kB
Progress (1): 4.4 kB
Progress (1): 7.2 kB
Progress (1): 7.3 kB
                    
Downloaded from central-https: https://repo1.maven.org/maven2/org/codehaus/plexus/plexus-container-default/1.0-alpha-8/plexus-container-default-1.0-alpha-8.pom (7.3 kB at 105 kB/s)
Downloading from central-https: https://repo1.maven.org/maven2/org/apache/maven/shared/maven-dependency-tree/1.2/maven-dependency-tree-1.2.pom
Progress (1): 823 B
Progress (1): 2.8 kB
Progress (1): 3.6 kB
                    
Downloaded from central-https: https://repo1.maven.org/maven2/org/apache/maven/shared/maven-dependency-tree/1.2/maven-dependency-tree-1.2.pom (3.6 kB at 75 kB/s)
Downloading from central-https: https://repo1.maven.org/maven2/org/apache/maven/shared/maven-shared-components/9/maven-shared-components-9.pom
Progress (1): 810 B
Progress (1): 2.5 kB
Progress (1): 3.5 kB
                    
Downloaded from central-https: https://repo1.maven.org/maven2/org/apache/maven/shared/maven-shared-components/9/maven-shared-components-9.pom (3.5 kB at 71 kB/s)
Downloading from central-https: https://repo1.maven.org/maven2/org/codehaus/plexus/plexus-i18n/1.0-beta-6/plexus-i18n-1.0-beta-6.pom
Progress (1): 771 B
                   
Downloaded from central-https: https://repo1.maven.org/maven2/org/codehaus/plexus/plexus-i18n/1.0-beta-6/plexus-i18n-1.0-beta-6.pom (771 B at 16 kB/s)
Downloading from central-https: https://repo1.maven.org/maven2/org/codehaus/plexus/plexus-components/1.1.4/plexus-components-1.1.4.pom
Progress (1): 1.2 kB
Progress (1): 2.1 kB
                    
Downloaded from central-https: https://repo1.maven.org/maven2/org/codehaus/plexus/plexus-components/1.1.4/plexus-components-1.1.4.pom (2.1 kB at 42 kB/s)
Downloading from central-https: https://repo1.maven.org/maven2/org/apache/maven/maven-artifact/2.0.9/maven-artifact-2.0.9.jar
Downloading from central-https: https://repo1.maven.org/maven2/org/apache/maven/maven-project/2.0.9/maven-project-2.0.9.jar
Downloading from central-https: https://repo1.maven.org/maven2/org/apache/maven/maven-settings/2.0.9/maven-settings-2.0.9.jar
Downloading from central-https: https://repo1.maven.org/maven2/org/apache/maven/maven-plugin-api/2.0.9/maven-plugin-api-2.0.9.jar
Downloading from central-https: https://repo1.maven.org/maven2/org/apache/maven/maven-profile/2.0.9/maven-profile-2.0.9.jar
Progress (1): 7.7/89 kB
Progress (1): 7.8/89 kB
Progress (2): 7.8/89 kB | 7.7/13 kB
Progress (2): 7.8/89 kB | 12/13 kB 
Progress (2): 24/89 kB | 12/13 kB 
Progress (2): 24/89 kB | 13 kB   
Progress (3): 24/89 kB | 13 kB | 7.7/49 kB
Progress (4): 24/89 kB | 13 kB | 7.7/49 kB | 7.7/122 kB
Progress (4): 24/89 kB | 13 kB | 16/49 kB | 7.7/122 kB 
Progress (4): 24/89 kB | 13 kB | 25/49 kB | 7.7/122 kB
Progress (4): 24/89 kB | 13 kB | 25/49 kB | 16/122 kB 
Progress (4): 41/89 kB | 13 kB | 25/49 kB | 16/122 kB
Progress (4): 41/89 kB | 13 kB | 25/49 kB | 32/122 kB
Progress (4): 41/89 kB | 13 kB | 41/49 kB | 32/122 kB
Progress (4): 41/89 kB | 13 kB | 49 kB | 32/122 kB   
Progress (4): 41/89 kB | 13 kB | 49 kB | 49/122 kB
Progress (4): 41/89 kB | 13 kB | 49 kB | 65/122 kB
Progress (4): 41/89 kB | 13 kB | 49 kB | 81/122 kB
Progress (4): 41/89 kB | 13 kB | 49 kB | 98/122 kB
Progress (4): 41/89 kB | 13 kB | 49 kB | 114/122 kB
Progress (5): 41/89 kB | 13 kB | 49 kB | 114/122 kB | 7.7/35 kB
Progress (5): 41/89 kB | 13 kB | 49 kB | 122 kB | 7.7/35 kB    
Progress (5): 41/89 kB | 13 kB | 49 kB | 122 kB | 16/35 kB 
Progress (5): 41/89 kB | 13 kB | 49 kB | 122 kB | 32/35 kB
Progress (5): 41/89 kB | 13 kB | 49 kB | 122 kB | 35 kB   
Progress (5): 57/89 kB | 13 kB | 49 kB | 122 kB | 35 kB
                                                       
Downloaded from central-https: https://repo1.maven.org/maven2/org/apache/maven/maven-plugin-api/2.0.9/maven-plugin-api-2.0.9.jar (13 kB at 187 kB/s)
Downloading from central-https: https://repo1.maven.org/maven2/org/apache/maven/maven-model/2.0.9/maven-model-2.0.9.jar
Downloaded from central-https: https://repo1.maven.org/maven2/org/apache/maven/maven-settings/2.0.9/maven-settings-2.0.9.jar (49 kB at 682 kB/s)
Downloading from central-https: https://repo1.maven.org/maven2/org/apache/maven/maven-artifact-manager/2.0.9/maven-artifact-manager-2.0.9.jar
Downloaded from central-https: https://repo1.maven.org/maven2/org/apache/maven/maven-profile/2.0.9/maven-profile-2.0.9.jar (35 kB at 478 kB/s)
Downloading from central-https: https://repo1.maven.org/maven2/org/apache/maven/maven-plugin-registry/2.0.9/maven-plugin-registry-2.0.9.jar
Downloaded from central-https: https://repo1.maven.org/maven2/org/apache/maven/maven-project/2.0.9/maven-project-2.0.9.jar (122 kB at 1.6 MB/s)
Downloading from central-https: https://repo1.maven.org/maven2/org/codehaus/plexus/plexus-container-default/1.0-alpha-9-stable-1/plexus-container-default-1.0-alpha-9-stable-1.jar
Progress (1): 73/89 kB
Progress (1): 89 kB   
                   
Downloaded from central-https: https://repo1.maven.org/maven2/org/apache/maven/maven-artifact/2.0.9/maven-artifact-2.0.9.jar (89 kB at 863 kB/s)
Downloading from central-https: https://repo1.maven.org/maven2/org/apache/maven/maven-core/2.0.9/maven-core-2.0.9.jar
Progress (1): 7.7/87 kB
Progress (1): 16/87 kB 
Progress (1): 25/87 kB
Progress (1): 41/87 kB
Progress (2): 41/87 kB | 7.7/29 kB
Progress (2): 57/87 kB | 7.7/29 kB
Progress (2): 74/87 kB | 7.7/29 kB
Progress (2): 87 kB | 7.7/29 kB   
Progress (2): 87 kB | 8.2/29 kB
Progress (2): 87 kB | 25/29 kB 
Progress (2): 87 kB | 29 kB   
Progress (3): 87 kB | 29 kB | 7.7/58 kB
Progress (3): 87 kB | 29 kB | 8.2/58 kB
Progress (3): 87 kB | 29 kB | 16/58 kB 
Progress (3): 87 kB | 29 kB | 33/58 kB
Progress (3): 87 kB | 29 kB | 49/58 kB
Progress (3): 87 kB | 29 kB | 58 kB   
Progress (4): 87 kB | 29 kB | 58 kB | 7.7/194 kB
Progress (4): 87 kB | 29 kB | 58 kB | 16/194 kB 
Progress (4): 87 kB | 29 kB | 58 kB | 25/194 kB
Progress (4): 87 kB | 29 kB | 58 kB | 41/194 kB
Progress (4): 87 kB | 29 kB | 58 kB | 57/194 kB
Progress (4): 87 kB | 29 kB | 58 kB | 74/194 kB
Progress (4): 87 kB | 29 kB | 58 kB | 90/194 kB
Progress (4): 87 kB | 29 kB | 58 kB | 106/194 kB
Progress (4): 87 kB | 29 kB | 58 kB | 123/194 kB
Progress (4): 87 kB | 29 kB | 58 kB | 139/194 kB
                                                
Downloaded from central-https: https://repo1.maven.org/maven2/org/apache/maven/maven-model/2.0.9/maven-model-2.0.9.jar (87 kB at 716 kB/s)
Downloading from central-https: https://repo1.maven.org/maven2/org/apache/maven/maven-plugin-parameter-documenter/2.0.9/maven-plugin-parameter-documenter-2.0.9.jar
Progress (3): 29 kB | 58 kB | 156/194 kB
Progress (3): 29 kB | 58 kB | 172/194 kB
Progress (3): 29 kB | 58 kB | 180/194 kB
Progress (3): 29 kB | 58 kB | 194 kB    
                                    
Downloaded from central-https: https://repo1.maven.org/maven2/org/apache/maven/maven-plugin-registry/2.0.9/maven-plugin-registry-2.0.9.jar (29 kB at 227 kB/s)
Downloading from central-https: https://repo1.maven.org/maven2/org/apache/maven/reporting/maven-reporting-api/2.0.9/maven-reporting-api-2.0.9.jar
Downloaded from central-https: https://repo1.maven.org/maven2/org/apache/maven/maven-artifact-manager/2.0.9/maven-artifact-manager-2.0.9.jar (58 kB at 452 kB/s)
Downloading from central-https: https://repo1.maven.org/maven2/org/apache/maven/doxia/doxia-sink-api/1.0-alpha-10/doxia-sink-api-1.0-alpha-10.jar
Downloaded from central-https: https://repo1.maven.org/maven2/org/codehaus/plexus/plexus-container-default/1.0-alpha-9-stable-1/plexus-container-default-1.0-alpha-9-stable-1.jar (194 kB at 1.4 MB/s)
Downloading from central-https: https://repo1.maven.org/maven2/org/apache/maven/maven-repository-metadata/2.0.9/maven-repository-metadata-2.0.9.jar
Progress (1): 7.7/160 kB
Progress (1): 16/160 kB 
Progress (1): 32/160 kB
Progress (2): 32/160 kB | 7.7/21 kB
Progress (2): 32/160 kB | 16/21 kB 
Progress (2): 32/160 kB | 21 kB   
Progress (3): 32/160 kB | 21 kB | 3.4/10 kB
Progress (3): 32/160 kB | 21 kB | 10 kB    
Progress (3): 49/160 kB | 21 kB | 10 kB
Progress (4): 49/160 kB | 21 kB | 10 kB | 3.4/9.9 kB
Progress (4): 49/160 kB | 21 kB | 10 kB | 9.9 kB    
Progress (5): 49/160 kB | 21 kB | 10 kB | 9.9 kB | 7.7/25 kB
Progress (5): 49/160 kB | 21 kB | 10 kB | 9.9 kB | 8.2/25 kB
Progress (5): 49/160 kB | 21 kB | 10 kB | 9.9 kB | 25 kB    
Progress (5): 65/160 kB | 21 kB | 10 kB | 9.9 kB | 25 kB
                                                        
Downloaded from central-https: https://repo1.maven.org/maven2/org/apache/maven/maven-plugin-parameter-documenter/2.0.9/maven-plugin-parameter-documenter-2.0.9.jar (21 kB at 112 kB/s)
Downloading from central-https: https://repo1.maven.org/maven2/org/apache/maven/maven-error-diagnostics/2.0.9/maven-error-diagnostics-2.0.9.jar
Downloaded from central-https: https://repo1.maven.org/maven2/org/apache/maven/reporting/maven-reporting-api/2.0.9/maven-reporting-api-2.0.9.jar (10 kB at 54 kB/s)
Downloading from central-https: https://repo1.maven.org/maven2/org/apache/maven/maven-plugin-descriptor/2.0.9/maven-plugin-descriptor-2.0.9.jar
Progress (3): 81/160 kB | 9.9 kB | 25 kB
                                        
Downloaded from central-https: https://repo1.maven.org/maven2/org/apache/maven/doxia/doxia-sink-api/1.0-alpha-10/doxia-sink-api-1.0-alpha-10.jar (9.9 kB at 51 kB/s)
Downloading from central-https: https://repo1.maven.org/maven2/org/codehaus/plexus/plexus-interactivity-api/1.0-alpha-4/plexus-interactivity-api-1.0-alpha-4.jar
Progress (2): 98/160 kB | 25 kB
                               
Downloaded from central-https: https://repo1.maven.org/maven2/org/apache/maven/maven-repository-metadata/2.0.9/maven-repository-metadata-2.0.9.jar (25 kB at 125 kB/s)
Downloading from central-https: https://repo1.maven.org/maven2/org/apache/maven/maven-monitor/2.0.9/maven-monitor-2.0.9.jar
Progress (1): 114/160 kB
Progress (1): 131/160 kB
Progress (2): 131/160 kB | 7.7/14 kB
Progress (2): 131/160 kB | 8.2/14 kB
Progress (2): 131/160 kB | 14 kB    
Progress (3): 131/160 kB | 14 kB | 7.7/37 kB
Progress (3): 147/160 kB | 14 kB | 7.7/37 kB
Progress (3): 147/160 kB | 14 kB | 16/37 kB 
Progress (3): 147/160 kB | 14 kB | 32/37 kB
Progress (3): 147/160 kB | 14 kB | 37 kB   
Progress (3): 160 kB | 14 kB | 37 kB    
Progress (4): 160 kB | 14 kB | 37 kB | 7.7/13 kB
Progress (4): 160 kB | 14 kB | 37 kB | 12/13 kB 
Progress (4): 160 kB | 14 kB | 37 kB | 13 kB   
                                            
Downloaded from central-https: https://repo1.maven.org/maven2/org/apache/maven/maven-error-diagnostics/2.0.9/maven-error-diagnostics-2.0.9.jar (14 kB at 58 kB/s)
Downloading from central-https: https://repo1.maven.org/maven2/org/codehaus/plexus/plexus-utils/1.5.8/plexus-utils-1.5.8.jar
Progress (4): 160 kB | 37 kB | 13 kB | 7.7/10 kB
                                                
Downloaded from central-https: https://repo1.maven.org/maven2/org/apache/maven/maven-plugin-descriptor/2.0.9/maven-plugin-descriptor-2.0.9.jar (37 kB at 152 kB/s)
Downloading from central-https: https://repo1.maven.org/maven2/org/apache/maven/enforcer/enforcer-api/1.0/enforcer-api-1.0.jar
Progress (3): 160 kB | 13 kB | 10 kB
                                    
Downloaded from central-https: https://repo1.maven.org/maven2/org/apache/maven/maven-core/2.0.9/maven-core-2.0.9.jar (160 kB at 641 kB/s)
Downloading from central-https: https://repo1.maven.org/maven2/org/apache/maven/enforcer/enforcer-rules/1.0/enforcer-rules-1.0.jar
Downloaded from central-https: https://repo1.maven.org/maven2/org/codehaus/plexus/plexus-interactivity-api/1.0-alpha-4/plexus-interactivity-api-1.0-alpha-4.jar (13 kB at 54 kB/s)
Downloading from central-https: https://repo1.maven.org/maven2/org/apache/maven/shared/maven-common-artifact-filters/1.2/maven-common-artifact-filters-1.2.jar
Downloaded from central-https: https://repo1.maven.org/maven2/org/apache/maven/maven-monitor/2.0.9/maven-monitor-2.0.9.jar (10 kB at 40 kB/s)
Downloading from central-https: https://repo1.maven.org/maven2/org/apache/maven/shared/maven-dependency-tree/1.2/maven-dependency-tree-1.2.jar
Progress (1): 7.7/268 kB
Progress (1): 16/268 kB 
Progress (1): 25/268 kB
Progress (1): 41/268 kB
Progress (1): 57/268 kB
Progress (1): 66/268 kB
Progress (1): 82/268 kB
Progress (1): 98/268 kB
Progress (1): 115/268 kB
Progress (1): 131/268 kB
Progress (1): 139/268 kB
Progress (1): 156/268 kB
Progress (1): 164/268 kB
Progress (1): 172/268 kB
Progress (1): 188/268 kB
Progress (1): 197/268 kB
Progress (1): 213/268 kB
Progress (1): 229/268 kB
Progress (2): 229/268 kB | 3.4/9.8 kB
Progress (2): 238/268 kB | 3.4/9.8 kB
Progress (2): 246/268 kB | 3.4/9.8 kB
Progress (2): 246/268 kB | 9.8 kB    
Progress (2): 262/268 kB | 9.8 kB
Progress (2): 268 kB | 9.8 kB    
Progress (3): 268 kB | 9.8 kB | 7.7/61 kB
Progress (3): 268 kB | 9.8 kB | 16/61 kB 
Progress (3): 268 kB | 9.8 kB | 25/61 kB
Progress (3): 268 kB | 9.8 kB | 41/61 kB
Progress (3): 268 kB | 9.8 kB | 57/61 kB
Progress (3): 268 kB | 9.8 kB | 61 kB   
Progress (4): 268 kB | 9.8 kB | 61 kB | 8.2/32 kB
Progress (4): 268 kB | 9.8 kB | 61 kB | 25/32 kB 
Progress (4): 268 kB | 9.8 kB | 61 kB | 32 kB   
Progress (5): 268 kB | 9.8 kB | 61 kB | 32 kB | 7.7/35 kB
Progress (5): 268 kB | 9.8 kB | 61 kB | 32 kB | 16/35 kB 
Progress (5): 268 kB | 9.8 kB | 61 kB | 32 kB | 32/35 kB
Progress (5): 268 kB | 9.8 kB | 61 kB | 32 kB | 35 kB   
                                                     
Downloaded from central-https: https://repo1.maven.org/maven2/org/codehaus/plexus/plexus-utils/1.5.8/plexus-utils-1.5.8.jar (268 kB at 884 kB/s)
Downloading from central-https: https://repo1.maven.org/maven2/org/codehaus/plexus/plexus-i18n/1.0-beta-6/plexus-i18n-1.0-beta-6.jar
Downloaded from central-https: https://repo1.maven.org/maven2/org/apache/maven/enforcer/enforcer-rules/1.0/enforcer-rules-1.0.jar (61 kB at 198 kB/s)
Downloaded from central-https: https://repo1.maven.org/maven2/org/apache/maven/enforcer/enforcer-api/1.0/enforcer-api-1.0.jar (9.8 kB at 32 kB/s)
Downloaded from central-https: https://repo1.maven.org/maven2/org/apache/maven/shared/maven-common-artifact-filters/1.2/maven-common-artifact-filters-1.2.jar (32 kB at 101 kB/s)
Downloaded from central-https: https://repo1.maven.org/maven2/org/apache/maven/shared/maven-dependency-tree/1.2/maven-dependency-tree-1.2.jar (35 kB at 111 kB/s)
Progress (1): 7.7/12 kB
Progress (1): 12 kB    
                   
Downloaded from central-https: https://repo1.maven.org/maven2/org/codehaus/plexus/plexus-i18n/1.0-beta-6/plexus-i18n-1.0-beta-6.jar (12 kB at 34 kB/s)
[INFO] 
[INFO] --- antrun:1.7:run (process-sources) @ vraptor ---
Downloading from central-https: https://repo1.maven.org/maven2/org/apache/maven/maven-plugin-api/2.0.11/maven-plugin-api-2.0.11.pom
Progress (1): 835 B
Progress (1): 1.5 kB
                    
Downloaded from central-https: https://repo1.maven.org/maven2/org/apache/maven/maven-plugin-api/2.0.11/maven-plugin-api-2.0.11.pom (1.5 kB at 29 kB/s)
Downloading from central-https: https://repo1.maven.org/maven2/org/apache/maven/maven/2.0.11/maven-2.0.11.pom
Progress (1): 744 B
Progress (1): 1.9 kB
Progress (1): 5.8 kB
Progress (1): 8.2 kB
Progress (1): 12 kB 
Progress (1): 17 kB
Progress (1): 21 kB
Progress (1): 22 kB
                   
Downloaded from central-https: https://repo1.maven.org/maven2/org/apache/maven/maven/2.0.11/maven-2.0.11.pom (22 kB at 420 kB/s)
Downloading from central-https: https://repo1.maven.org/maven2/org/apache/maven/maven-parent/12/maven-parent-12.pom
Progress (1): 744 B
Progress (1): 1.9 kB
Progress (1): 6.5 kB
Progress (1): 11 kB 
Progress (1): 15 kB
Progress (1): 16 kB
Progress (1): 21 kB
Progress (1): 22 kB
                   
Downloaded from central-https: https://repo1.maven.org/maven2/org/apache/maven/maven-parent/12/maven-parent-12.pom (22 kB at 418 kB/s)
Downloading from central-https: https://repo1.maven.org/maven2/org/apache/apache/6/apache-6.pom
Progress (1): 749 B
Progress (1): 2.0 kB
Progress (1): 3.7 kB
Progress (1): 6.9 kB
Progress (1): 11 kB 
Progress (1): 13 kB
                   
Downloaded from central-https: https://repo1.maven.org/maven2/org/apache/apache/6/apache-6.pom (13 kB at 233 kB/s)
Downloading from central-https: https://repo1.maven.org/maven2/org/apache/maven/maven-project/2.0.11/maven-project-2.0.11.pom
Progress (1): 823 B
Progress (1): 2.8 kB
                    
Downloaded from central-https: https://repo1.maven.org/maven2/org/apache/maven/maven-project/2.0.11/maven-project-2.0.11.pom (2.8 kB at 57 kB/s)
Downloading from central-https: https://repo1.maven.org/maven2/org/apache/maven/maven-settings/2.0.11/maven-settings-2.0.11.pom
Progress (1): 830 B
Progress (1): 2.2 kB
                    
Downloaded from central-https: https://repo1.maven.org/maven2/org/apache/maven/maven-settings/2.0.11/maven-settings-2.0.11.pom (2.2 kB at 43 kB/s)
Downloading from central-https: https://repo1.maven.org/maven2/org/apache/maven/maven-model/2.0.11/maven-model-2.0.11.pom
Progress (1): 811 B
Progress (1): 3.0 kB
Progress (1): 3.2 kB
                    
Downloaded from central-https: https://repo1.maven.org/maven2/org/apache/maven/maven-model/2.0.11/maven-model-2.0.11.pom (3.2 kB at 48 kB/s)
Downloading from central-https: https://repo1.maven.org/maven2/org/codehaus/plexus/plexus-utils/1.5.6/plexus-utils-1.5.6.pom
Progress (1): 1.4 kB
Progress (1): 4.4 kB
Progress (1): 5.3 kB
                    
Downloaded from central-https: https://repo1.maven.org/maven2/org/codehaus/plexus/plexus-utils/1.5.6/plexus-utils-1.5.6.pom (5.3 kB at 108 kB/s)
Downloading from central-https: https://repo1.maven.org/maven2/org/codehaus/plexus/plexus/1.0.12/plexus-1.0.12.pom
Progress (1): 1.2 kB
Progress (1): 4.1 kB
Progress (1): 7.3 kB
Progress (1): 9.8 kB
Progress (1): 9.8 kB
                    
Downloaded from central-https: https://repo1.maven.org/maven2/org/codehaus/plexus/plexus/1.0.12/plexus-1.0.12.pom (9.8 kB at 185 kB/s)
Downloading from central-https: https://repo1.maven.org/maven2/org/codehaus/plexus/plexus-interpolation/1.1/plexus-interpolation-1.1.pom
Progress (1): 1.4 kB
                    
Downloaded from central-https: https://repo1.maven.org/maven2/org/codehaus/plexus/plexus-interpolation/1.1/plexus-interpolation-1.1.pom (1.4 kB at 32 kB/s)
Downloading from central-https: https://repo1.maven.org/maven2/org/codehaus/plexus/plexus/1.0.11/plexus-1.0.11.pom
Progress (1): 1.2 kB
Progress (1): 4.4 kB
Progress (1): 7.6 kB
Progress (1): 9.0 kB
                    
Downloaded from central-https: https://repo1.maven.org/maven2/org/codehaus/plexus/plexus/1.0.11/plexus-1.0.11.pom (9.0 kB at 169 kB/s)
Downloading from central-https: https://repo1.maven.org/maven2/org/codehaus/plexus/plexus-utils/1.0.4/plexus-utils-1.0.4.pom
Progress (1): 1.5 kB
Progress (1): 4.4 kB
Progress (1): 6.9 kB
                    
Downloaded from central-https: https://repo1.maven.org/maven2/org/codehaus/plexus/plexus-utils/1.0.4/plexus-utils-1.0.4.pom (6.9 kB at 74 kB/s)
Downloading from central-https: https://repo1.maven.org/maven2/org/apache/maven/maven-profile/2.0.11/maven-profile-2.0.11.pom
Progress (1): 830 B
Progress (1): 2.0 kB
                    
Downloaded from central-https: https://repo1.maven.org/maven2/org/apache/maven/maven-profile/2.0.11/maven-profile-2.0.11.pom (2.0 kB at 39 kB/s)
Downloading from central-https: https://repo1.maven.org/maven2/org/apache/maven/maven-artifact-manager/2.0.11/maven-artifact-manager-2.0.11.pom
Progress (1): 816 B
Progress (1): 2.6 kB
                    
Downloaded from central-https: https://repo1.maven.org/maven2/org/apache/maven/maven-artifact-manager/2.0.11/maven-artifact-manager-2.0.11.pom (2.6 kB at 51 kB/s)
Downloading from central-https: https://repo1.maven.org/maven2/org/apache/maven/maven-repository-metadata/2.0.11/maven-repository-metadata-2.0.11.pom
Progress (1): 823 B
Progress (1): 2.3 kB
                    
Downloaded from central-https: https://repo1.maven.org/maven2/org/apache/maven/maven-repository-metadata/2.0.11/maven-repository-metadata-2.0.11.pom (2.3 kB at 48 kB/s)
Downloading from central-https: https://repo1.maven.org/maven2/org/apache/maven/maven-artifact/2.0.11/maven-artifact-2.0.11.pom
Progress (1): 835 B
Progress (1): 1.6 kB
                    
Downloaded from central-https: https://repo1.maven.org/maven2/org/apache/maven/maven-artifact/2.0.11/maven-artifact-2.0.11.pom (1.6 kB at 31 kB/s)
Downloading from central-https: https://repo1.maven.org/maven2/org/apache/maven/maven-plugin-registry/2.0.11/maven-plugin-registry-2.0.11.pom
Progress (1): 830 B
Progress (1): 1.9 kB
                    
Downloaded from central-https: https://repo1.maven.org/maven2/org/apache/maven/maven-plugin-registry/2.0.11/maven-plugin-registry-2.0.11.pom (1.9 kB at 40 kB/s)
Downloading from central-https: https://repo1.maven.org/maven2/org/codehaus/plexus/plexus-utils/2.0.5/plexus-utils-2.0.5.pom
Progress (1): 819 B
Progress (1): 2.5 kB
Progress (1): 3.3 kB
                    
Downloaded from central-https: https://repo1.maven.org/maven2/org/codehaus/plexus/plexus-utils/2.0.5/plexus-utils-2.0.5.pom (3.3 kB at 72 kB/s)
Downloading from central-https: https://repo1.maven.org/maven2/org/codehaus/plexus/plexus/2.0.6/plexus-2.0.6.pom
Progress (1): 711 B
Progress (1): 2.7 kB
Progress (1): 6.4 kB
Progress (1): 8.9 kB
Progress (1): 13 kB 
Progress (1): 17 kB
                   
Downloaded from central-https: https://repo1.maven.org/maven2/org/codehaus/plexus/plexus/2.0.6/plexus-2.0.6.pom (17 kB at 294 kB/s)
Downloading from central-https: https://repo1.maven.org/maven2/org/apache/ant/ant/1.8.2/ant-1.8.2.pom
Progress (1): 789 B
Progress (1): 2.3 kB
Progress (1): 6.5 kB
Progress (1): 9.9 kB
                    
Downloaded from central-https: https://repo1.maven.org/maven2/org/apache/ant/ant/1.8.2/ant-1.8.2.pom (9.9 kB at 167 kB/s)
Downloading from central-https: https://repo1.maven.org/maven2/org/apache/ant/ant-parent/1.8.2/ant-parent-1.8.2.pom
Progress (1): 805 B
Progress (1): 2.2 kB
Progress (1): 4.6 kB
Progress (1): 4.7 kB
                    
Downloaded from central-https: https://repo1.maven.org/maven2/org/apache/ant/ant-parent/1.8.2/ant-parent-1.8.2.pom (4.7 kB at 64 kB/s)
Downloading from central-https: https://repo1.maven.org/maven2/org/apache/ant/ant-launcher/1.8.2/ant-launcher-1.8.2.pom
Progress (1): 848 B
Progress (1): 2.4 kB
                    
Downloaded from central-https: https://repo1.maven.org/maven2/org/apache/ant/ant-launcher/1.8.2/ant-launcher-1.8.2.pom (2.4 kB at 51 kB/s)
Downloading from central-https: https://repo1.maven.org/maven2/org/apache/maven/maven-plugin-api/2.0.11/maven-plugin-api-2.0.11.jar
Downloading from central-https: https://repo1.maven.org/maven2/org/apache/maven/maven-project/2.0.11/maven-project-2.0.11.jar
Downloading from central-https: https://repo1.maven.org/maven2/org/apache/maven/maven-settings/2.0.11/maven-settings-2.0.11.jar
Downloading from central-https: https://repo1.maven.org/maven2/org/apache/maven/maven-profile/2.0.11/maven-profile-2.0.11.jar
Downloading from central-https: https://repo1.maven.org/maven2/org/apache/maven/maven-model/2.0.11/maven-model-2.0.11.jar
Progress (1): 7.7/123 kB
Progress (1): 12/123 kB 
Progress (1): 28/123 kB
Progress (1): 44/123 kB
Progress (1): 61/123 kB
Progress (1): 77/123 kB
Progress (1): 94/123 kB
Progress (1): 110/123 kB
Progress (1): 123 kB    
Progress (2): 123 kB | 7.7/37 kB
Progress (2): 123 kB | 16/37 kB 
Progress (2): 123 kB | 25/37 kB
Progress (3): 123 kB | 25/37 kB | 7.7/13 kB
Progress (3): 123 kB | 37 kB | 7.7/13 kB   
Progress (3): 123 kB | 37 kB | 13 kB    
Progress (4): 123 kB | 37 kB | 13 kB | 7.7/97 kB
Progress (4): 123 kB | 37 kB | 13 kB | 8.2/97 kB
Progress (4): 123 kB | 37 kB | 13 kB | 25/97 kB 
                                               
Downloaded from central-https: https://repo1.maven.org/maven2/org/apache/maven/maven-project/2.0.11/maven-project-2.0.11.jar (123 kB at 2.3 MB/s)
Downloading from central-https: https://repo1.maven.org/maven2/org/apache/maven/maven-artifact-manager/2.0.11/maven-artifact-manager-2.0.11.jar
Downloaded from central-https: https://repo1.maven.org/maven2/org/apache/maven/maven-profile/2.0.11/maven-profile-2.0.11.jar (37 kB at 688 kB/s)
Downloading from central-https: https://repo1.maven.org/maven2/org/apache/maven/maven-repository-metadata/2.0.11/maven-repository-metadata-2.0.11.jar
Progress (2): 13 kB | 33/97 kB
                              
Downloaded from central-https: https://repo1.maven.org/maven2/org/apache/maven/maven-plugin-api/2.0.11/maven-plugin-api-2.0.11.jar (13 kB at 234 kB/s)
Downloading from central-https: https://repo1.maven.org/maven2/org/apache/maven/maven-plugin-registry/2.0.11/maven-plugin-registry-2.0.11.jar
Progress (1): 49/97 kB
Progress (2): 49/97 kB | 7.7/51 kB
Progress (2): 49/97 kB | 16/51 kB 
Progress (2): 49/97 kB | 32/51 kB
Progress (2): 49/97 kB | 49/51 kB
Progress (2): 49/97 kB | 51 kB   
Progress (2): 66/97 kB | 51 kB
                              
Downloaded from central-https: https://repo1.maven.org/maven2/org/apache/maven/maven-settings/2.0.11/maven-settings-2.0.11.jar (51 kB at 659 kB/s)
Downloading from central-https: https://repo1.maven.org/maven2/org/codehaus/plexus/plexus-interpolation/1.1/plexus-interpolation-1.1.jar
Progress (1): 82/97 kB
Progress (1): 97 kB   
Progress (2): 97 kB | 7.7/58 kB
Progress (2): 97 kB | 8.2/58 kB
Progress (3): 97 kB | 8.2/58 kB | 7.7/26 kB
Progress (3): 97 kB | 25/58 kB | 7.7/26 kB 
Progress (3): 97 kB | 41/58 kB | 7.7/26 kB
Progress (3): 97 kB | 57/58 kB | 7.7/26 kB
Progress (3): 97 kB | 58 kB | 7.7/26 kB   
Progress (4): 97 kB | 58 kB | 7.7/26 kB | 7.7/31 kB
Progress (4): 97 kB | 58 kB | 16/26 kB | 7.7/31 kB 
Progress (4): 97 kB | 58 kB | 16/26 kB | 16/31 kB 
Progress (4): 97 kB | 58 kB | 16/26 kB | 25/31 kB
Progress (4): 97 kB | 58 kB | 26 kB | 25/31 kB   
Progress (4): 97 kB | 58 kB | 26 kB | 31 kB   
                                           
Downloaded from central-https: https://repo1.maven.org/maven2/org/apache/maven/maven-model/2.0.11/maven-model-2.0.11.jar (97 kB at 864 kB/s)
Downloading from central-https: https://repo1.maven.org/maven2/org/apache/maven/maven-artifact/2.0.11/maven-artifact-2.0.11.jar
Downloaded from central-https: https://repo1.maven.org/maven2/org/apache/maven/maven-artifact-manager/2.0.11/maven-artifact-manager-2.0.11.jar (58 kB at 483 kB/s)
Downloading from central-https: https://repo1.maven.org/maven2/org/codehaus/plexus/plexus-utils/2.0.5/plexus-utils-2.0.5.jar
Progress (3): 26 kB | 31 kB | 7.7/35 kB
                                       
Downloaded from central-https: https://repo1.maven.org/maven2/org/apache/maven/maven-repository-metadata/2.0.11/maven-repository-metadata-2.0.11.jar (26 kB at 212 kB/s)
Downloading from central-https: https://repo1.maven.org/maven2/org/apache/ant/ant/1.8.2/ant-1.8.2.jar
Progress (2): 31 kB | 16/35 kB
Progress (2): 31 kB | 32/35 kB
Progress (2): 31 kB | 35 kB   
                           
Downloaded from central-https: https://repo1.maven.org/maven2/org/apache/maven/maven-plugin-registry/2.0.11/maven-plugin-registry-2.0.11.jar (31 kB at 243 kB/s)
Downloading from central-https: https://repo1.maven.org/maven2/org/apache/ant/ant-launcher/1.8.2/ant-launcher-1.8.2.jar
Downloaded from central-https: https://repo1.maven.org/maven2/org/codehaus/plexus/plexus-interpolation/1.1/plexus-interpolation-1.1.jar (35 kB at 259 kB/s)
Progress (1): 7.7/90 kB
Progress (1): 16/90 kB 
Progress (1): 29/90 kB
Progress (1): 45/90 kB
Progress (1): 61/90 kB
Progress (1): 78/90 kB
Progress (1): 90 kB   
Progress (2): 90 kB | 7.7/223 kB
Progress (2): 90 kB | 8.2/223 kB
Progress (2): 90 kB | 25/223 kB 
Progress (2): 90 kB | 33/223 kB
Progress (2): 90 kB | 49/223 kB
Progress (2): 90 kB | 66/223 kB
Progress (2): 90 kB | 82/223 kB
Progress (2): 90 kB | 98/223 kB
Progress (2): 90 kB | 115/223 kB
Progress (2): 90 kB | 131/223 kB
Progress (2): 90 kB | 147/223 kB
Progress (2): 90 kB | 156/223 kB
Progress (2): 90 kB | 164/223 kB
Progress (2): 90 kB | 172/223 kB
Progress (2): 90 kB | 188/223 kB
Progress (2): 90 kB | 205/223 kB
Progress (2): 90 kB | 213/223 kB
Progress (2): 90 kB | 223 kB    
                            
Downloaded from central-https: https://repo1.maven.org/maven2/org/apache/maven/maven-artifact/2.0.11/maven-artifact-2.0.11.jar (90 kB at 530 kB/s)
Progress (2): 223 kB | 0/1.9 MB
Progress (3): 223 kB | 0/1.9 MB | 7.7/12 kB
Progress (3): 223 kB | 0/1.9 MB | 12/12 kB 
Progress (3): 223 kB | 0/1.9 MB | 12/12 kB
Progress (3): 223 kB | 0/1.9 MB | 12 kB   
Progress (3): 223 kB | 0/1.9 MB | 12 kB
Progress (3): 223 kB | 0/1.9 MB | 12 kB
Progress (3): 223 kB | 0.1/1.9 MB | 12 kB
Progress (3): 223 kB | 0.1/1.9 MB | 12 kB
Progress (3): 223 kB | 0.1/1.9 MB | 12 kB
Progress (3): 223 kB | 0.1/1.9 MB | 12 kB
Progress (3): 223 kB | 0.1/1.9 MB | 12 kB
Progress (3): 223 kB | 0.1/1.9 MB | 12 kB
Progress (3): 223 kB | 0.2/1.9 MB | 12 kB
Progress (3): 223 kB | 0.2/1.9 MB | 12 kB
Progress (3): 223 kB | 0.2/1.9 MB | 12 kB
Progress (3): 223 kB | 0.2/1.9 MB | 12 kB
Progress (3): 223 kB | 0.2/1.9 MB | 12 kB
Progress (3): 223 kB | 0.2/1.9 MB | 12 kB
Progress (3): 223 kB | 0.3/1.9 MB | 12 kB
Progress (3): 223 kB | 0.3/1.9 MB | 12 kB
Progress (3): 223 kB | 0.3/1.9 MB | 12 kB
Progress (3): 223 kB | 0.3/1.9 MB | 12 kB
Progress (3): 223 kB | 0.3/1.9 MB | 12 kB
Progress (3): 223 kB | 0.3/1.9 MB | 12 kB
Progress (3): 223 kB | 0.4/1.9 MB | 12 kB
Progress (3): 223 kB | 0.4/1.9 MB | 12 kB
Progress (3): 223 kB | 0.4/1.9 MB | 12 kB
Progress (3): 223 kB | 0.4/1.9 MB | 12 kB
Progress (3): 223 kB | 0.4/1.9 MB | 12 kB
Progress (3): 223 kB | 0.4/1.9 MB | 12 kB
Progress (3): 223 kB | 0.5/1.9 MB | 12 kB
Progress (3): 223 kB | 0.5/1.9 MB | 12 kB
Progress (3): 223 kB | 0.5/1.9 MB | 12 kB
Progress (3): 223 kB | 0.5/1.9 MB | 12 kB
Progress (3): 223 kB | 0.5/1.9 MB | 12 kB
Progress (3): 223 kB | 0.5/1.9 MB | 12 kB
Progress (3): 223 kB | 0.6/1.9 MB | 12 kB
Progress (3): 223 kB | 0.6/1.9 MB | 12 kB
Progress (3): 223 kB | 0.6/1.9 MB | 12 kB
Progress (3): 223 kB | 0.6/1.9 MB | 12 kB
Progress (3): 223 kB | 0.6/1.9 MB | 12 kB
Progress (3): 223 kB | 0.6/1.9 MB | 12 kB
Progress (3): 223 kB | 0.7/1.9 MB | 12 kB
Progress (3): 223 kB | 0.7/1.9 MB | 12 kB
Progress (3): 223 kB | 0.7/1.9 MB | 12 kB
Progress (3): 223 kB | 0.7/1.9 MB | 12 kB
Progress (3): 223 kB | 0.7/1.9 MB | 12 kB
Progress (3): 223 kB | 0.7/1.9 MB | 12 kB
Progress (3): 223 kB | 0.8/1.9 MB | 12 kB
Progress (3): 223 kB | 0.8/1.9 MB | 12 kB
                                         
Downloaded from central-https: https://repo1.maven.org/maven2/org/codehaus/plexus/plexus-utils/2.0.5/plexus-utils-2.0.5.jar (223 kB at 1.2 MB/s)
Progress (2): 0.8/1.9 MB | 12 kB
Progress (2): 0.8/1.9 MB | 12 kB
Progress (2): 0.8/1.9 MB | 12 kB
Progress (2): 0.8/1.9 MB | 12 kB
Progress (2): 0.9/1.9 MB | 12 kB
                                
Downloaded from central-https: https://repo1.maven.org/maven2/org/apache/ant/ant-launcher/1.8.2/ant-launcher-1.8.2.jar (12 kB at 67 kB/s)
Progress (1): 0.9/1.9 MB
Progress (1): 0.9/1.9 MB
Progress (1): 0.9/1.9 MB
Progress (1): 0.9/1.9 MB
Progress (1): 0.9/1.9 MB
Progress (1): 0.9/1.9 MB
Progress (1): 1.0/1.9 MB
Progress (1): 1.0/1.9 MB
Progress (1): 1.0/1.9 MB
Progress (1): 1.0/1.9 MB
Progress (1): 1.0/1.9 MB
Progress (1): 1.0/1.9 MB
Progress (1): 1.1/1.9 MB
Progress (1): 1.1/1.9 MB
Progress (1): 1.1/1.9 MB
Progress (1): 1.1/1.9 MB
Progress (1): 1.1/1.9 MB
Progress (1): 1.1/1.9 MB
Progress (1): 1.2/1.9 MB
Progress (1): 1.2/1.9 MB
Progress (1): 1.2/1.9 MB
Progress (1): 1.2/1.9 MB
Progress (1): 1.2/1.9 MB
Progress (1): 1.2/1.9 MB
Progress (1): 1.3/1.9 MB
Progress (1): 1.3/1.9 MB
Progress (1): 1.3/1.9 MB
Progress (1): 1.3/1.9 MB
Progress (1): 1.3/1.9 MB
Progress (1): 1.3/1.9 MB
Progress (1): 1.4/1.9 MB
Progress (1): 1.4/1.9 MB
Progress (1): 1.4/1.9 MB
Progress (1): 1.4/1.9 MB
Progress (1): 1.4/1.9 MB
Progress (1): 1.4/1.9 MB
Progress (1): 1.5/1.9 MB
Progress (1): 1.5/1.9 MB
Progress (1): 1.5/1.9 MB
Progress (1): 1.5/1.9 MB
Progress (1): 1.5/1.9 MB
Progress (1): 1.5/1.9 MB
Progress (1): 1.6/1.9 MB
Progress (1): 1.6/1.9 MB
Progress (1): 1.6/1.9 MB
Progress (1): 1.6/1.9 MB
Progress (1): 1.6/1.9 MB
Progress (1): 1.6/1.9 MB
Progress (1): 1.7/1.9 MB
Progress (1): 1.7/1.9 MB
Progress (1): 1.7/1.9 MB
Progress (1): 1.7/1.9 MB
Progress (1): 1.7/1.9 MB
Progress (1): 1.7/1.9 MB
Progress (1): 1.8/1.9 MB
Progress (1): 1.8/1.9 MB
Progress (1): 1.8/1.9 MB
Progress (1): 1.8/1.9 MB
Progress (1): 1.8/1.9 MB
Progress (1): 1.8/1.9 MB
Progress (1): 1.9/1.9 MB
Progress (1): 1.9/1.9 MB
Progress (1): 1.9/1.9 MB
Progress (1): 1.9/1.9 MB
Progress (1): 1.9/1.9 MB
Progress (1): 1.9/1.9 MB
Progress (1): 1.9 MB    
                    
Downloaded from central-https: https://repo1.maven.org/maven2/org/apache/ant/ant/1.8.2/ant-1.8.2.jar (1.9 MB at 9.0 MB/s)
[INFO] Executing tasks

main:
[INFO] Executed tasks
[INFO] 
[INFO] --- resources:3.3.1:resources (default-resources) @ vraptor ---
Downloading from central-https: https://repo1.maven.org/maven2/org/codehaus/plexus/plexus-interpolation/1.26/plexus-interpolation-1.26.pom
Progress (1): 1.4 kB
Progress (1): 2.7 kB
                    
Downloaded from central-https: https://repo1.maven.org/maven2/org/codehaus/plexus/plexus-interpolation/1.26/plexus-interpolation-1.26.pom (2.7 kB at 39 kB/s)
Downloading from central-https: https://repo1.maven.org/maven2/org/codehaus/plexus/plexus/5.1/plexus-5.1.pom
Progress (1): 700 B
Progress (1): 2.7 kB
Progress (1): 6.5 kB
Progress (1): 9.1 kB
Progress (1): 12 kB 
Progress (1): 16 kB
Progress (1): 21 kB
Progress (1): 23 kB
                   
Downloaded from central-https: https://repo1.maven.org/maven2/org/codehaus/plexus/plexus/5.1/plexus-5.1.pom (23 kB at 425 kB/s)
Downloading from central-https: https://repo1.maven.org/maven2/org/codehaus/plexus/plexus-utils/3.5.1/plexus-utils-3.5.1.pom
Progress (1): 726 B
Progress (1): 2.4 kB
Progress (1): 4.4 kB
Progress (1): 8.6 kB
Progress (1): 8.8 kB
                    
Downloaded from central-https: https://repo1.maven.org/maven2/org/codehaus/plexus/plexus-utils/3.5.1/plexus-utils-3.5.1.pom (8.8 kB at 157 kB/s)
Downloading from central-https: https://repo1.maven.org/maven2/org/codehaus/plexus/plexus/10/plexus-10.pom
Progress (1): 696 B
Progress (1): 2.7 kB
Progress (1): 6.4 kB
Progress (1): 9.2 kB
Progress (1): 11 kB 
Progress (1): 16 kB
Progress (1): 20 kB
Progress (1): 24 kB
Progress (1): 25 kB
                   
Downloaded from central-https: https://repo1.maven.org/maven2/org/codehaus/plexus/plexus/10/plexus-10.pom (25 kB at 423 kB/s)
Downloading from central-https: https://repo1.maven.org/maven2/org/apache/maven/shared/maven-filtering/3.3.1/maven-filtering-3.3.1.pom
Progress (1): 793 B
Progress (1): 2.3 kB
Progress (1): 5.6 kB
Progress (1): 6.0 kB
                    
Downloaded from central-https: https://repo1.maven.org/maven2/org/apache/maven/shared/maven-filtering/3.3.1/maven-filtering-3.3.1.pom (6.0 kB at 112 kB/s)
Downloading from central-https: https://repo1.maven.org/maven2/org/apache/maven/shared/maven-shared-components/39/maven-shared-components-39.pom
Progress (1): 812 B
Progress (1): 2.2 kB
Progress (1): 3.2 kB
                    
Downloaded from central-https: https://repo1.maven.org/maven2/org/apache/maven/shared/maven-shared-components/39/maven-shared-components-39.pom (3.2 kB at 66 kB/s)
Downloading from central-https: https://repo1.maven.org/maven2/org/slf4j/slf4j-api/1.7.36/slf4j-api-1.7.36.pom
Progress (1): 1.0 kB
Progress (1): 2.7 kB
                    
Downloaded from central-https: https://repo1.maven.org/maven2/org/slf4j/slf4j-api/1.7.36/slf4j-api-1.7.36.pom (2.7 kB at 55 kB/s)
Downloading from central-https: https://repo1.maven.org/maven2/org/slf4j/slf4j-parent/1.7.36/slf4j-parent-1.7.36.pom
Progress (1): 1.0 kB
Progress (1): 3.0 kB
Progress (1): 5.9 kB
Progress (1): 8.7 kB
Progress (1): 12 kB 
Progress (1): 14 kB
                   
Downloaded from central-https: https://repo1.maven.org/maven2/org/slf4j/slf4j-parent/1.7.36/slf4j-parent-1.7.36.pom (14 kB at 231 kB/s)
Downloading from central-https: https://repo1.maven.org/maven2/org/sonatype/plexus/plexus-build-api/0.0.7/plexus-build-api-0.0.7.pom
Progress (1): 910 B
Progress (1): 3.2 kB
                    
Downloaded from central-https: https://repo1.maven.org/maven2/org/sonatype/plexus/plexus-build-api/0.0.7/plexus-build-api-0.0.7.pom (3.2 kB at 43 kB/s)
Downloading from central-https: https://repo1.maven.org/maven2/org/sonatype/spice/spice-parent/15/spice-parent-15.pom
Progress (1): 1.2 kB
Progress (1): 3.7 kB
Progress (1): 7.3 kB
Progress (1): 8.4 kB
                    
Downloaded from central-https: https://repo1.maven.org/maven2/org/sonatype/spice/spice-parent/15/spice-parent-15.pom (8.4 kB at 125 kB/s)
Downloading from central-https: https://repo1.maven.org/maven2/org/codehaus/plexus/plexus-utils/3.5.0/plexus-utils-3.5.0.pom
Progress (1): 725 B
Progress (1): 2.4 kB
Progress (1): 4.5 kB
Progress (1): 8.0 kB
                    
Downloaded from central-https: https://repo1.maven.org/maven2/org/codehaus/plexus/plexus-utils/3.5.0/plexus-utils-3.5.0.pom (8.0 kB at 125 kB/s)
Downloading from central-https: https://repo1.maven.org/maven2/org/apache/commons/commons-parent/52/commons-parent-52.pom
Progress (1): 703 B
Progress (1): 1.8 kB
Progress (1): 3.1 kB
Progress (1): 4.6 kB
Progress (1): 6.7 kB
Progress (1): 8.1 kB
Progress (1): 10 kB 
Progress (1): 12 kB
Progress (1): 15 kB
Progress (1): 17 kB
Progress (1): 20 kB
Progress (1): 22 kB
Progress (1): 25 kB
Progress (1): 29 kB
Progress (1): 32 kB
Progress (1): 32 kB
Progress (1): 36 kB
Progress (1): 39 kB
Progress (1): 42 kB
Progress (1): 44 kB
Progress (1): 47 kB
Progress (1): 51 kB
Progress (1): 54 kB
Progress (1): 56 kB
Progress (1): 61 kB
Progress (1): 65 kB
Progress (1): 73 kB
Progress (1): 76 kB
Progress (1): 79 kB
                   
Downloaded from central-https: https://repo1.maven.org/maven2/org/apache/commons/commons-parent/52/commons-parent-52.pom (79 kB at 1.2 MB/s)
Downloading from central-https: https://repo1.maven.org/maven2/org/apache/apache/23/apache-23.pom
Progress (1): 749 B
Progress (1): 2.1 kB
Progress (1): 3.9 kB
Progress (1): 7.9 kB
Progress (1): 13 kB 
Progress (1): 16 kB
Progress (1): 18 kB
                   
Downloaded from central-https: https://repo1.maven.org/maven2/org/apache/apache/23/apache-23.pom (18 kB at 307 kB/s)
Downloading from central-https: https://repo1.maven.org/maven2/org/junit/junit-bom/5.7.2/junit-bom-5.7.2.pom
Progress (1): 912 B
Progress (1): 4.1 kB
Progress (1): 5.1 kB
                    
Downloaded from central-https: https://repo1.maven.org/maven2/org/junit/junit-bom/5.7.2/junit-bom-5.7.2.pom (5.1 kB at 72 kB/s)
Downloading from central-https: https://repo1.maven.org/maven2/org/apache/commons/commons-lang3/3.12.0/commons-lang3-3.12.0.pom
Progress (1): 740 B
Progress (1): 2.1 kB
Progress (1): 5.4 kB
Progress (1): 8.8 kB
Progress (1): 12 kB 
Progress (1): 15 kB
Progress (1): 17 kB
Progress (1): 19 kB
Progress (1): 21 kB
Progress (1): 24 kB
Progress (1): 28 kB
Progress (1): 30 kB
Progress (1): 31 kB
                   
Downloaded from central-https: https://repo1.maven.org/maven2/org/apache/commons/commons-lang3/3.12.0/commons-lang3-3.12.0.pom (31 kB at 465 kB/s)
Downloading from central-https: https://repo1.maven.org/maven2/org/junit/junit-bom/5.7.1/junit-bom-5.7.1.pom
Progress (1): 912 B
Progress (1): 4.1 kB
Progress (1): 5.1 kB
                    
Downloaded from central-https: https://repo1.maven.org/maven2/org/junit/junit-bom/5.7.1/junit-bom-5.7.1.pom (5.1 kB at 91 kB/s)
Downloading from central-https: https://repo1.maven.org/maven2/org/codehaus/plexus/plexus-interpolation/1.26/plexus-interpolation-1.26.jar
Downloading from central-https: https://repo1.maven.org/maven2/org/codehaus/plexus/plexus-utils/3.5.1/plexus-utils-3.5.1.jar
Downloading from central-https: https://repo1.maven.org/maven2/org/apache/maven/shared/maven-filtering/3.3.1/maven-filtering-3.3.1.jar
Downloading from central-https: https://repo1.maven.org/maven2/org/slf4j/slf4j-api/1.7.36/slf4j-api-1.7.36.jar
Downloading from central-https: https://repo1.maven.org/maven2/org/sonatype/plexus/plexus-build-api/0.0.7/plexus-build-api-0.0.7.jar
Progress (1): 7.7/41 kB
Progress (2): 7.7/41 kB | 7.7/85 kB
Progress (2): 7.8/41 kB | 7.7/85 kB
Progress (3): 7.8/41 kB | 7.7/85 kB | 7.7/269 kB
Progress (4): 7.8/41 kB | 7.7/85 kB | 7.7/269 kB | 7.7/8.5 kB
Progress (5): 7.8/41 kB | 7.7/85 kB | 7.7/269 kB | 7.7/8.5 kB | 7.7/55 kB
Progress (5): 7.8/41 kB | 8.2/85 kB | 7.7/269 kB | 7.7/8.5 kB | 7.7/55 kB
Progress (5): 7.8/41 kB | 8.2/85 kB | 7.7/269 kB | 7.8/8.5 kB | 7.7/55 kB
Progress (5): 7.8/41 kB | 16/85 kB | 7.7/269 kB | 7.8/8.5 kB | 7.7/55 kB 
Progress (5): 7.8/41 kB | 16/85 kB | 16/269 kB | 7.8/8.5 kB | 7.7/55 kB 
Progress (5): 7.8/41 kB | 33/85 kB | 16/269 kB | 7.8/8.5 kB | 7.7/55 kB
Progress (5): 7.8/41 kB | 33/85 kB | 32/269 kB | 7.8/8.5 kB | 7.7/55 kB
Progress (5): 7.8/41 kB | 41/85 kB | 32/269 kB | 7.8/8.5 kB | 7.7/55 kB
Progress (5): 7.8/41 kB | 41/85 kB | 49/269 kB | 7.8/8.5 kB | 7.7/55 kB
Progress (5): 7.8/41 kB | 57/85 kB | 49/269 kB | 7.8/8.5 kB | 7.7/55 kB
Progress (5): 7.8/41 kB | 57/85 kB | 65/269 kB | 7.8/8.5 kB | 7.7/55 kB
Progress (5): 7.8/41 kB | 57/85 kB | 65/269 kB | 7.8/8.5 kB | 16/55 kB 
Progress (5): 7.8/41 kB | 57/85 kB | 81/269 kB | 7.8/8.5 kB | 16/55 kB
Progress (5): 7.8/41 kB | 74/85 kB | 81/269 kB | 7.8/8.5 kB | 16/55 kB
Progress (5): 7.8/41 kB | 74/85 kB | 81/269 kB | 7.8/8.5 kB | 20/55 kB
Progress (5): 24/41 kB | 74/85 kB | 81/269 kB | 7.8/8.5 kB | 20/55 kB 
Progress (5): 41/41 kB | 74/85 kB | 81/269 kB | 7.8/8.5 kB | 20/55 kB
Progress (5): 41/41 kB | 74/85 kB | 98/269 kB | 7.8/8.5 kB | 20/55 kB
Progress (5): 41/41 kB | 85 kB | 98/269 kB | 7.8/8.5 kB | 20/55 kB   
Progress (5): 41 kB | 85 kB | 98/269 kB | 7.8/8.5 kB | 20/55 kB   
Progress (5): 41 kB | 85 kB | 98/269 kB | 7.8/8.5 kB | 36/55 kB
Progress (5): 41 kB | 85 kB | 114/269 kB | 7.8/8.5 kB | 36/55 kB
Progress (5): 41 kB | 85 kB | 114/269 kB | 7.8/8.5 kB | 53/55 kB
Progress (5): 41 kB | 85 kB | 114/269 kB | 8.5 kB | 53/55 kB    
Progress (5): 41 kB | 85 kB | 114/269 kB | 8.5 kB | 55 kB   
Progress (5): 41 kB | 85 kB | 131/269 kB | 8.5 kB | 55 kB
Progress (5): 41 kB | 85 kB | 147/269 kB | 8.5 kB | 55 kB
Progress (5): 41 kB | 85 kB | 163/269 kB | 8.5 kB | 55 kB
Progress (5): 41 kB | 85 kB | 180/269 kB | 8.5 kB | 55 kB
Progress (5): 41 kB | 85 kB | 196/269 kB | 8.5 kB | 55 kB
Progress (5): 41 kB | 85 kB | 213/269 kB | 8.5 kB | 55 kB
Progress (5): 41 kB | 85 kB | 229/269 kB | 8.5 kB | 55 kB
Progress (5): 41 kB | 85 kB | 245/269 kB | 8.5 kB | 55 kB
Progress (5): 41 kB | 85 kB | 262/269 kB | 8.5 kB | 55 kB
Progress (5): 41 kB | 85 kB | 269 kB | 8.5 kB | 55 kB    
                                                     
Downloaded from central-https: https://repo1.maven.org/maven2/org/slf4j/slf4j-api/1.7.36/slf4j-api-1.7.36.jar (41 kB at 563 kB/s)
Downloading from central-https: https://repo1.maven.org/maven2/org/apache/commons/commons-lang3/3.12.0/commons-lang3-3.12.0.jar
Downloaded from central-https: https://repo1.maven.org/maven2/org/codehaus/plexus/plexus-interpolation/1.26/plexus-interpolation-1.26.jar (85 kB at 1.1 MB/s)
Downloaded from central-https: https://repo1.maven.org/maven2/org/apache/maven/shared/maven-filtering/3.3.1/maven-filtering-3.3.1.jar (55 kB at 724 kB/s)
Downloaded from central-https: https://repo1.maven.org/maven2/org/codehaus/plexus/plexus-utils/3.5.1/plexus-utils-3.5.1.jar (269 kB at 3.4 MB/s)
Downloaded from central-https: https://repo1.maven.org/maven2/org/sonatype/plexus/plexus-build-api/0.0.7/plexus-build-api-0.0.7.jar (8.5 kB at 107 kB/s)
Progress (1): 3.4/587 kB
Progress (1): 20/587 kB 
Progress (1): 28/587 kB
Progress (1): 44/587 kB
Progress (1): 61/587 kB
Progress (1): 77/587 kB
Progress (1): 94/587 kB
Progress (1): 110/587 kB
Progress (1): 126/587 kB
Progress (1): 143/587 kB
Progress (1): 159/587 kB
Progress (1): 175/587 kB
Progress (1): 192/587 kB
Progress (1): 208/587 kB
Progress (1): 225/587 kB
Progress (1): 241/587 kB
Progress (1): 257/587 kB
Progress (1): 266/587 kB
Progress (1): 282/587 kB
Progress (1): 298/587 kB
Progress (1): 315/587 kB
Progress (1): 331/587 kB
Progress (1): 347/587 kB
Progress (1): 352/587 kB
Progress (1): 369/587 kB
Progress (1): 385/587 kB
Progress (1): 401/587 kB
Progress (1): 418/587 kB
Progress (1): 434/587 kB
Progress (1): 451/587 kB
Progress (1): 459/587 kB
Progress (1): 475/587 kB
Progress (1): 492/587 kB
Progress (1): 508/587 kB
Progress (1): 516/587 kB
Progress (1): 524/587 kB
Progress (1): 541/587 kB
Progress (1): 549/587 kB
Progress (1): 565/587 kB
Progress (1): 582/587 kB
Progress (1): 587 kB    
                    
Downloaded from central-https: https://repo1.maven.org/maven2/org/apache/commons/commons-lang3/3.12.0/commons-lang3-3.12.0.jar (587 kB at 4.2 MB/s)
[INFO] Copying 2 resources from src\main\resources to target\classes
[INFO] 
[INFO] --- compiler:2.3.1:compile (default-compile) @ vraptor ---
Downloading from central-https: https://repo1.maven.org/maven2/org/apache/maven/maven-plugin-api/2.0.6/maven-plugin-api-2.0.6.pom
Progress (1): 847 B
Progress (1): 1.5 kB
                    
Downloaded from central-https: https://repo1.maven.org/maven2/org/apache/maven/maven-plugin-api/2.0.6/maven-plugin-api-2.0.6.pom (1.5 kB at 17 kB/s)
Downloading from central-https: https://repo1.maven.org/maven2/org/apache/maven/maven/2.0.6/maven-2.0.6.pom
Progress (1): 782 B
Progress (1): 2.0 kB
Progress (1): 4.4 kB
Progress (1): 9.0 kB
                    
Downloaded from central-https: https://repo1.maven.org/maven2/org/apache/maven/maven/2.0.6/maven-2.0.6.pom (9.0 kB at 144 kB/s)
Downloading from central-https: https://repo1.maven.org/maven2/org/apache/maven/maven-artifact/2.0.6/maven-artifact-2.0.6.pom
Progress (1): 835 B
Progress (1): 1.6 kB
                    
Downloaded from central-https: https://repo1.maven.org/maven2/org/apache/maven/maven-artifact/2.0.6/maven-artifact-2.0.6.pom (1.6 kB at 26 kB/s)
Downloading from central-https: https://repo1.maven.org/maven2/org/codehaus/plexus/plexus-utils/1.4.1/plexus-utils-1.4.1.pom
Progress (1): 1.2 kB
Progress (1): 1.9 kB
                    
Downloaded from central-https: https://repo1.maven.org/maven2/org/codehaus/plexus/plexus-utils/1.4.1/plexus-utils-1.4.1.pom (1.9 kB at 32 kB/s)
Downloading from central-https: https://repo1.maven.org/maven2/org/apache/maven/maven-core/2.0.6/maven-core-2.0.6.pom
Progress (1): 776 B
Progress (1): 2.7 kB
Progress (1): 6.7 kB
                    
Downloaded from central-https: https://repo1.maven.org/maven2/org/apache/maven/maven-core/2.0.6/maven-core-2.0.6.pom (6.7 kB at 22 kB/s)
Downloading from central-https: https://repo1.maven.org/maven2/org/apache/maven/maven-settings/2.0.6/maven-settings-2.0.6.pom
Progress (1): 830 B
Progress (1): 2.0 kB
                    
Downloaded from central-https: https://repo1.maven.org/maven2/org/apache/maven/maven-settings/2.0.6/maven-settings-2.0.6.pom (2.0 kB at 29 kB/s)
Downloading from central-https: https://repo1.maven.org/maven2/org/apache/maven/maven-model/2.0.6/maven-model-2.0.6.pom
Progress (1): 814 B
Progress (1): 3.0 kB
Progress (1): 3.0 kB
                    
Downloaded from central-https: https://repo1.maven.org/maven2/org/apache/maven/maven-model/2.0.6/maven-model-2.0.6.pom (3.0 kB at 49 kB/s)
Downloading from central-https: https://repo1.maven.org/maven2/org/apache/maven/maven-plugin-parameter-documenter/2.0.6/maven-plugin-parameter-documenter-2.0.6.pom
Progress (1): 830 B
Progress (1): 1.9 kB
                    
Downloaded from central-https: https://repo1.maven.org/maven2/org/apache/maven/maven-plugin-parameter-documenter/2.0.6/maven-plugin-parameter-documenter-2.0.6.pom (1.9 kB at 9.4 kB/s)
Downloading from central-https: https://repo1.maven.org/maven2/org/apache/maven/reporting/maven-reporting-api/2.0.6/maven-reporting-api-2.0.6.pom
Progress (1): 830 B
Progress (1): 1.8 kB
                    
Downloaded from central-https: https://repo1.maven.org/maven2/org/apache/maven/reporting/maven-reporting-api/2.0.6/maven-reporting-api-2.0.6.pom (1.8 kB at 29 kB/s)
Downloading from central-https: https://repo1.maven.org/maven2/org/apache/maven/reporting/maven-reporting/2.0.6/maven-reporting-2.0.6.pom
Progress (1): 835 B
Progress (1): 1.4 kB
                    
Downloaded from central-https: https://repo1.maven.org/maven2/org/apache/maven/reporting/maven-reporting/2.0.6/maven-reporting-2.0.6.pom (1.4 kB at 24 kB/s)
Downloading from central-https: https://repo1.maven.org/maven2/org/apache/maven/doxia/doxia-sink-api/1.0-alpha-7/doxia-sink-api-1.0-alpha-7.pom
Progress (1): 424 B
                   
Downloaded from central-https: https://repo1.maven.org/maven2/org/apache/maven/doxia/doxia-sink-api/1.0-alpha-7/doxia-sink-api-1.0-alpha-7.pom (424 B at 11 kB/s)
Downloading from central-https: https://repo1.maven.org/maven2/org/apache/maven/doxia/doxia/1.0-alpha-7/doxia-1.0-alpha-7.pom
Progress (1): 1.6 kB
Progress (1): 3.9 kB
                    
Downloaded from central-https: https://repo1.maven.org/maven2/org/apache/maven/doxia/doxia/1.0-alpha-7/doxia-1.0-alpha-7.pom (3.9 kB at 77 kB/s)
Downloading from central-https: https://repo1.maven.org/maven2/org/apache/maven/maven-profile/2.0.6/maven-profile-2.0.6.pom
Progress (1): 830 B
Progress (1): 2.0 kB
                    
Downloaded from central-https: https://repo1.maven.org/maven2/org/apache/maven/maven-profile/2.0.6/maven-profile-2.0.6.pom (2.0 kB at 34 kB/s)
Downloading from central-https: https://repo1.maven.org/maven2/org/apache/maven/maven-repository-metadata/2.0.6/maven-repository-metadata-2.0.6.pom
Progress (1): 832 B
Progress (1): 1.9 kB
                    
Downloaded from central-https: https://repo1.maven.org/maven2/org/apache/maven/maven-repository-metadata/2.0.6/maven-repository-metadata-2.0.6.pom (1.9 kB at 35 kB/s)
Downloading from central-https: https://repo1.maven.org/maven2/org/apache/maven/maven-error-diagnostics/2.0.6/maven-error-diagnostics-2.0.6.pom
Progress (1): 832 B
Progress (1): 1.7 kB
                    
Downloaded from central-https: https://repo1.maven.org/maven2/org/apache/maven/maven-error-diagnostics/2.0.6/maven-error-diagnostics-2.0.6.pom (1.7 kB at 28 kB/s)
Downloading from central-https: https://repo1.maven.org/maven2/org/apache/maven/maven-project/2.0.6/maven-project-2.0.6.pom
Progress (1): 823 B
Progress (1): 2.6 kB
                    
Downloaded from central-https: https://repo1.maven.org/maven2/org/apache/maven/maven-project/2.0.6/maven-project-2.0.6.pom (2.6 kB at 44 kB/s)
Downloading from central-https: https://repo1.maven.org/maven2/org/apache/maven/maven-artifact-manager/2.0.6/maven-artifact-manager-2.0.6.pom
Progress (1): 816 B
Progress (1): 2.6 kB
                    
Downloaded from central-https: https://repo1.maven.org/maven2/org/apache/maven/maven-artifact-manager/2.0.6/maven-artifact-manager-2.0.6.pom (2.6 kB at 45 kB/s)
Downloading from central-https: https://repo1.maven.org/maven2/org/apache/maven/maven-plugin-registry/2.0.6/maven-plugin-registry-2.0.6.pom
Progress (1): 830 B
Progress (1): 1.9 kB
                    
Downloaded from central-https: https://repo1.maven.org/maven2/org/apache/maven/maven-plugin-registry/2.0.6/maven-plugin-registry-2.0.6.pom (1.9 kB at 35 kB/s)
Downloading from central-https: https://repo1.maven.org/maven2/org/apache/maven/maven-plugin-descriptor/2.0.6/maven-plugin-descriptor-2.0.6.pom
Progress (1): 830 B
Progress (1): 2.0 kB
                    
Downloaded from central-https: https://repo1.maven.org/maven2/org/apache/maven/maven-plugin-descriptor/2.0.6/maven-plugin-descriptor-2.0.6.pom (2.0 kB at 3.4 kB/s)
Downloading from central-https: https://repo1.maven.org/maven2/org/apache/maven/maven-monitor/2.0.6/maven-monitor-2.0.6.pom
Progress (1): 849 B
Progress (1): 1.3 kB
                    
Downloaded from central-https: https://repo1.maven.org/maven2/org/apache/maven/maven-monitor/2.0.6/maven-monitor-2.0.6.pom (1.3 kB at 27 kB/s)
Downloading from central-https: https://repo1.maven.org/maven2/org/codehaus/plexus/plexus-compiler-api/1.8/plexus-compiler-api-1.8.pom
Progress (1): 778 B
                   
Downloaded from central-https: https://repo1.maven.org/maven2/org/codehaus/plexus/plexus-compiler-api/1.8/plexus-compiler-api-1.8.pom (778 B at 15 kB/s)
Downloading from central-https: https://repo1.maven.org/maven2/org/codehaus/plexus/plexus-compiler/1.8/plexus-compiler-1.8.pom
Progress (1): 1.7 kB
Progress (1): 3.4 kB
                    
Downloaded from central-https: https://repo1.maven.org/maven2/org/codehaus/plexus/plexus-compiler/1.8/plexus-compiler-1.8.pom (3.4 kB at 62 kB/s)
Downloading from central-https: https://repo1.maven.org/maven2/org/codehaus/plexus/plexus-components/1.1.17/plexus-components-1.1.17.pom
Progress (1): 1.4 kB
Progress (1): 3.7 kB
Progress (1): 5.2 kB
                    
Downloaded from central-https: https://repo1.maven.org/maven2/org/codehaus/plexus/plexus-components/1.1.17/plexus-components-1.1.17.pom (5.2 kB at 113 kB/s)
Downloading from central-https: https://repo1.maven.org/maven2/org/codehaus/plexus/plexus/2.0.5/plexus-2.0.5.pom
Progress (1): 712 B
Progress (1): 2.8 kB
Progress (1): 6.4 kB
Progress (1): 9.1 kB
Progress (1): 13 kB 
Progress (1): 17 kB
                   
Downloaded from central-https: https://repo1.maven.org/maven2/org/codehaus/plexus/plexus/2.0.5/plexus-2.0.5.pom (17 kB at 334 kB/s)
Downloading from central-https: https://repo1.maven.org/maven2/org/codehaus/plexus/plexus-utils/1.5.5/plexus-utils-1.5.5.pom
Progress (1): 1.4 kB
Progress (1): 4.4 kB
Progress (1): 5.1 kB
                    
Downloaded from central-https: https://repo1.maven.org/maven2/org/codehaus/plexus/plexus-utils/1.5.5/plexus-utils-1.5.5.pom (5.1 kB at 117 kB/s)
Downloading from central-https: https://repo1.maven.org/maven2/org/apache/maven/maven-toolchain/1.0/maven-toolchain-1.0.pom
Progress (1): 2.1 kB
Progress (1): 3.4 kB
                    
Downloaded from central-https: https://repo1.maven.org/maven2/org/apache/maven/maven-toolchain/1.0/maven-toolchain-1.0.pom (3.4 kB at 67 kB/s)
Downloading from central-https: https://repo1.maven.org/maven2/org/codehaus/plexus/plexus-compiler-manager/1.8/plexus-compiler-manager-1.8.pom
Progress (1): 690 B
                   
Downloaded from central-https: https://repo1.maven.org/maven2/org/codehaus/plexus/plexus-compiler-manager/1.8/plexus-compiler-manager-1.8.pom (690 B at 15 kB/s)
Downloading from central-https: https://repo1.maven.org/maven2/org/codehaus/plexus/plexus-compiler-javac/1.8/plexus-compiler-javac-1.8.pom
Progress (1): 686 B
                   
Downloaded from central-https: https://repo1.maven.org/maven2/org/codehaus/plexus/plexus-compiler-javac/1.8/plexus-compiler-javac-1.8.pom (686 B at 16 kB/s)
Downloading from central-https: https://repo1.maven.org/maven2/org/codehaus/plexus/plexus-compilers/1.8/plexus-compilers-1.8.pom
Progress (1): 1.3 kB
                    
Downloaded from central-https: https://repo1.maven.org/maven2/org/codehaus/plexus/plexus-compilers/1.8/plexus-compilers-1.8.pom (1.3 kB at 26 kB/s)
Downloading from central-https: https://repo1.maven.org/maven2/org/apache/maven/maven-plugin-api/2.0.6/maven-plugin-api-2.0.6.jar
Downloading from central-https: https://repo1.maven.org/maven2/org/apache/maven/maven-artifact/2.0.6/maven-artifact-2.0.6.jar
Downloading from central-https: https://repo1.maven.org/maven2/org/apache/maven/maven-settings/2.0.6/maven-settings-2.0.6.jar
Downloading from central-https: https://repo1.maven.org/maven2/org/apache/maven/maven-core/2.0.6/maven-core-2.0.6.jar
Downloading from central-https: https://repo1.maven.org/maven2/org/apache/maven/maven-plugin-parameter-documenter/2.0.6/maven-plugin-parameter-documenter-2.0.6.jar
Progress (1): 7.7/87 kB
Progress (1): 16/87 kB 
Progress (1): 25/87 kB
Progress (1): 41/87 kB
Progress (1): 57/87 kB
Progress (1): 74/87 kB
Progress (1): 87 kB   
Progress (2): 87 kB | 16/152 kB
Progress (2): 87 kB | 25/152 kB
Progress (2): 87 kB | 41/152 kB
Progress (2): 87 kB | 57/152 kB
Progress (2): 87 kB | 74/152 kB
Progress (2): 87 kB | 90/152 kB
Progress (2): 87 kB | 106/152 kB
Progress (2): 87 kB | 123/152 kB
Progress (2): 87 kB | 139/152 kB
Progress (2): 87 kB | 152 kB    
Progress (3): 87 kB | 152 kB | 7.7/13 kB
Progress (3): 87 kB | 152 kB | 13 kB    
                                    
Downloaded from central-https: https://repo1.maven.org/maven2/org/apache/maven/maven-artifact/2.0.6/maven-artifact-2.0.6.jar (87 kB at 1.5 MB/s)
Downloading from central-https: https://repo1.maven.org/maven2/org/apache/maven/reporting/maven-reporting-api/2.0.6/maven-reporting-api-2.0.6.jar
Progress (3): 152 kB | 13 kB | 7.7/21 kB
Progress (4): 152 kB | 13 kB | 7.7/21 kB | 7.7/49 kB
Progress (4): 152 kB | 13 kB | 16/21 kB | 7.7/49 kB 
Progress (4): 152 kB | 13 kB | 21 kB | 7.7/49 kB   
Progress (4): 152 kB | 13 kB | 21 kB | 16/49 kB 
                                               
Downloaded from central-https: https://repo1.maven.org/maven2/org/apache/maven/maven-core/2.0.6/maven-core-2.0.6.jar (152 kB at 2.3 MB/s)
Downloading from central-https: https://repo1.maven.org/maven2/org/apache/maven/doxia/doxia-sink-api/1.0-alpha-7/doxia-sink-api-1.0-alpha-7.jar
Progress (3): 13 kB | 21 kB | 32/49 kB
                                      
Downloaded from central-https: https://repo1.maven.org/maven2/org/apache/maven/maven-plugin-api/2.0.6/maven-plugin-api-2.0.6.jar (13 kB at 181 kB/s)
Downloading from central-https: https://repo1.maven.org/maven2/org/apache/maven/maven-profile/2.0.6/maven-profile-2.0.6.jar
Progress (2): 21 kB | 49/49 kB
Progress (2): 21 kB | 49 kB   
                           
Downloaded from central-https: https://repo1.maven.org/maven2/org/apache/maven/maven-plugin-parameter-documenter/2.0.6/maven-plugin-parameter-documenter-2.0.6.jar (21 kB at 273 kB/s)
Downloading from central-https: https://repo1.maven.org/maven2/org/apache/maven/maven-model/2.0.6/maven-model-2.0.6.jar
Downloaded from central-https: https://repo1.maven.org/maven2/org/apache/maven/maven-settings/2.0.6/maven-settings-2.0.6.jar (49 kB at 564 kB/s)
Downloading from central-https: https://repo1.maven.org/maven2/org/apache/maven/maven-repository-metadata/2.0.6/maven-repository-metadata-2.0.6.jar
Progress (1): 7.7/9.9 kB
Progress (1): 9.9 kB    
Progress (2): 9.9 kB | 7.7/35 kB
Progress (3): 9.9 kB | 7.7/35 kB | 3.4/5.9 kB
Progress (3): 9.9 kB | 8.2/35 kB | 3.4/5.9 kB
Progress (3): 9.9 kB | 8.2/35 kB | 5.9 kB    
Progress (3): 9.9 kB | 25/35 kB | 5.9 kB 
Progress (3): 9.9 kB | 35 kB | 5.9 kB   
                                     
Downloaded from central-https: https://repo1.maven.org/maven2/org/apache/maven/reporting/maven-reporting-api/2.0.6/maven-reporting-api-2.0.6.jar (9.9 kB at 86 kB/s)
Downloading from central-https: https://repo1.maven.org/maven2/org/apache/maven/maven-error-diagnostics/2.0.6/maven-error-diagnostics-2.0.6.jar
Progress (3): 35 kB | 5.9 kB | 7.7/24 kB
Progress (3): 35 kB | 5.9 kB | 16/24 kB 
Progress (3): 35 kB | 5.9 kB | 20/24 kB
Progress (3): 35 kB | 5.9 kB | 24 kB   
                                    
Downloaded from central-https: https://repo1.maven.org/maven2/org/apache/maven/maven-profile/2.0.6/maven-profile-2.0.6.jar (35 kB at 284 kB/s)
Downloading from central-https: https://repo1.maven.org/maven2/org/apache/maven/maven-project/2.0.6/maven-project-2.0.6.jar
Downloaded from central-https: https://repo1.maven.org/maven2/org/apache/maven/doxia/doxia-sink-api/1.0-alpha-7/doxia-sink-api-1.0-alpha-7.jar (5.9 kB at 46 kB/s)
Downloading from central-https: https://repo1.maven.org/maven2/org/apache/maven/maven-plugin-registry/2.0.6/maven-plugin-registry-2.0.6.jar
Progress (2): 24 kB | 7.7/86 kB
Progress (2): 24 kB | 8.2/86 kB
                               
Downloaded from central-https: https://repo1.maven.org/maven2/org/apache/maven/maven-repository-metadata/2.0.6/maven-repository-metadata-2.0.6.jar (24 kB at 177 kB/s)
Downloading from central-https: https://repo1.maven.org/maven2/org/apache/maven/maven-plugin-descriptor/2.0.6/maven-plugin-descriptor-2.0.6.jar
Progress (2): 8.2/86 kB | 7.7/14 kB
Progress (2): 8.2/86 kB | 14 kB    
Progress (3): 8.2/86 kB | 14 kB | 7.7/116 kB
Progress (3): 8.2/86 kB | 14 kB | 8.2/116 kB
Progress (3): 8.2/86 kB | 14 kB | 16/116 kB 
Progress (3): 8.2/86 kB | 14 kB | 33/116 kB
Progress (3): 8.2/86 kB | 14 kB | 41/116 kB
Progress (3): 8.2/86 kB | 14 kB | 57/116 kB
Progress (3): 8.2/86 kB | 14 kB | 74/116 kB
Progress (3): 8.2/86 kB | 14 kB | 82/116 kB
Progress (4): 8.2/86 kB | 14 kB | 82/116 kB | 7.7/29 kB
Progress (4): 8.2/86 kB | 14 kB | 98/116 kB | 7.7/29 kB
Progress (4): 8.2/86 kB | 14 kB | 98/116 kB | 16/29 kB 
Progress (4): 8.2/86 kB | 14 kB | 115/116 kB | 16/29 kB
Progress (4): 8.2/86 kB | 14 kB | 116 kB | 16/29 kB    
Progress (4): 8.2/86 kB | 14 kB | 116 kB | 29 kB   
                                                
Downloaded from central-https: https://repo1.maven.org/maven2/org/apache/maven/maven-error-diagnostics/2.0.6/maven-error-diagnostics-2.0.6.jar (14 kB at 82 kB/s)
Downloading from central-https: https://repo1.maven.org/maven2/org/apache/maven/maven-artifact-manager/2.0.6/maven-artifact-manager-2.0.6.jar
Progress (3): 25/86 kB | 116 kB | 29 kB
Progress (4): 25/86 kB | 116 kB | 29 kB | 7.7/37 kB
Progress (4): 25/86 kB | 116 kB | 29 kB | 16/37 kB 
Progress (4): 25/86 kB | 116 kB | 29 kB | 32/37 kB
Progress (4): 25/86 kB | 116 kB | 29 kB | 37 kB   
                                               
Downloaded from central-https: https://repo1.maven.org/maven2/org/apache/maven/maven-project/2.0.6/maven-project-2.0.6.jar (116 kB at 656 kB/s)
Downloading from central-https: https://repo1.maven.org/maven2/org/apache/maven/maven-monitor/2.0.6/maven-monitor-2.0.6.jar
Downloaded from central-https: https://repo1.maven.org/maven2/org/apache/maven/maven-plugin-registry/2.0.6/maven-plugin-registry-2.0.6.jar (29 kB at 162 kB/s)
Downloading from central-https: https://repo1.maven.org/maven2/org/codehaus/plexus/plexus-compiler-api/1.8/plexus-compiler-api-1.8.jar
Progress (2): 33/86 kB | 37 kB
                              
Downloaded from central-https: https://repo1.maven.org/maven2/org/apache/maven/maven-plugin-descriptor/2.0.6/maven-plugin-descriptor-2.0.6.jar (37 kB at 198 kB/s)
Downloading from central-https: https://repo1.maven.org/maven2/org/apache/maven/maven-toolchain/1.0/maven-toolchain-1.0.jar
Progress (2): 33/86 kB | 7.7/57 kB
Progress (2): 33/86 kB | 16/57 kB 
Progress (2): 33/86 kB | 32/57 kB
Progress (2): 33/86 kB | 49/57 kB
Progress (2): 33/86 kB | 57 kB   
Progress (3): 33/86 kB | 57 kB | 7.7/20 kB
Progress (3): 33/86 kB | 57 kB | 8.2/20 kB
Progress (4): 33/86 kB | 57 kB | 8.2/20 kB | 7.7/10 kB
                                                      
Downloaded from central-https: https://repo1.maven.org/maven2/org/apache/maven/maven-artifact-manager/2.0.6/maven-artifact-manager-2.0.6.jar (57 kB at 259 kB/s)
Downloading from central-https: https://repo1.maven.org/maven2/org/codehaus/plexus/plexus-compiler-manager/1.8/plexus-compiler-manager-1.8.jar
Progress (3): 33/86 kB | 20 kB | 7.7/10 kB
Progress (3): 33/86 kB | 20 kB | 10 kB    
Progress (4): 33/86 kB | 20 kB | 10 kB | 7.7/33 kB
Progress (4): 33/86 kB | 20 kB | 10 kB | 12/33 kB 
Progress (4): 33/86 kB | 20 kB | 10 kB | 29/33 kB
Progress (4): 33/86 kB | 20 kB | 10 kB | 33 kB   
Progress (4): 49/86 kB | 20 kB | 10 kB | 33 kB
                                              
Downloaded from central-https: https://repo1.maven.org/maven2/org/apache/maven/maven-monitor/2.0.6/maven-monitor-2.0.6.jar (10 kB at 43 kB/s)
Downloading from central-https: https://repo1.maven.org/maven2/org/codehaus/plexus/plexus-compiler-javac/1.8/plexus-compiler-javac-1.8.jar
Downloaded from central-https: https://repo1.maven.org/maven2/org/apache/maven/maven-toolchain/1.0/maven-toolchain-1.0.jar (33 kB at 139 kB/s)
Downloaded from central-https: https://repo1.maven.org/maven2/org/codehaus/plexus/plexus-compiler-api/1.8/plexus-compiler-api-1.8.jar (20 kB at 84 kB/s)
Progress (2): 49/86 kB | 5.3 kB
Progress (2): 66/86 kB | 5.3 kB
Progress (3): 66/86 kB | 5.3 kB | 7.7/12 kB
Progress (3): 66/86 kB | 5.3 kB | 12 kB    
                                       
Downloaded from central-https: https://repo1.maven.org/maven2/org/codehaus/plexus/plexus-compiler-manager/1.8/plexus-compiler-manager-1.8.jar (5.3 kB at 19 kB/s)
Downloaded from central-https: https://repo1.maven.org/maven2/org/codehaus/plexus/plexus-compiler-javac/1.8/plexus-compiler-javac-1.8.jar (12 kB at 42 kB/s)
Progress (1): 82/86 kB
Progress (1): 86 kB   
                   
Downloaded from central-https: https://repo1.maven.org/maven2/org/apache/maven/maven-model/2.0.6/maven-model-2.0.6.jar (86 kB at 268 kB/s)
[INFO] Compiling 418 source files to D:\Khedma\Mr wiem\mutation-test-pipeline\target-repos\154520\vraptor-core\target\classes
[INFO] -------------------------------------------------------------
[ERROR] COMPILATION ERROR : 
[INFO] -------------------------------------------------------------
[ERROR] error: Source option 5 is no longer supported. Use 7 or later.
[ERROR] error: Target option 5 is no longer supported. Use 7 or later.
[INFO] 2 errors 
[INFO] -------------------------------------------------------------
[INFO] ------------------------------------------------------------------------
[INFO] BUILD FAILURE
[INFO] ------------------------------------------------------------------------
[INFO] Total time:  20.719 s
[INFO] Finished at: 2026-02-25T19:25:27-05:00
[INFO] ------------------------------------------------------------------------
[ERROR] Failed to execute goal org.apache.maven.plugins:maven-compiler-plugin:2.3.1:compile (default-compile) on project vraptor: Compilation failure: Compilation failure: 
[ERROR] error: Source option 5 is no longer supported. Use 7 or later.
[ERROR] error: Target option 5 is no longer supported. Use 7 or later.
[ERROR] -> [Help 1]
[ERROR] 
[ERROR] To see the full stack trace of the errors, re-run Maven with the -e switch.
[ERROR] Re-run Maven using the -X switch to enable full debug logging.
[ERROR] 
[ERROR] For more information about the errors and possible solutions, please read the following articles:
[ERROR] [Help 1] http://cwiki.apache.org/confluence/display/MAVEN/MojoFailureException

STDERR:
