COMMAND: mvn.cmd -s D:\Khedma\Mr wiem\mutation-test-pipeline\.mvn\settings.xml -DskipTests compile

STDOUT:
[INFO] Scanning for projects...
Downloading from central: https://repo1.maven.org/maven2/org/apache/httpcomponents/httpcomponents-parent/14/httpcomponents-parent-14.pom
Progress (1): 805 B
Progress (1): 1.8 kB
Progress (1): 3.5 kB
Progress (1): 5.3 kB
Progress (1): 6.3 kB
Progress (1): 7.5 kB
Progress (1): 10.0 kB
Progress (1): 13 kB  
Progress (1): 16 kB
Progress (1): 18 kB
Progress (1): 21 kB
Progress (1): 24 kB
Progress (1): 26 kB
Progress (1): 28 kB
Progress (1): 30 kB
                   
Downloaded from central: https://repo1.maven.org/maven2/org/apache/httpcomponents/httpcomponents-parent/14/httpcomponents-parent-14.pom (30 kB at 104 kB/s)
Downloading from central: https://repo1.maven.org/maven2/org/apache/apache/27/apache-27.pom
Progress (1): 745 B
Progress (1): 1.6 kB
Progress (1): 3.4 kB
Progress (1): 5.5 kB
Progress (1): 8.8 kB
Progress (1): 14 kB 
Progress (1): 17 kB
Progress (1): 19 kB
Progress (1): 20 kB
                   
Downloaded from central: https://repo1.maven.org/maven2/org/apache/apache/27/apache-27.pom (20 kB at 357 kB/s)
Downloading from central: https://repo1.maven.org/maven2/org/junit/junit-bom/5.14.2/junit-bom-5.14.2.pom
Progress (1): 908 B
Progress (1): 2.2 kB
Progress (1): 5.7 kB
                    
Downloaded from central: https://repo1.maven.org/maven2/org/junit/junit-bom/5.14.2/junit-bom-5.14.2.pom (5.7 kB at 87 kB/s)
[INFO] 
[INFO] -------------< org.apache.httpcomponents.core5:httpcore5 >--------------
[INFO] Building Apache HttpComponents Core HTTP/1.1 5.5-alpha1-SNAPSHOT
[INFO]   from pom.xml
[INFO] --------------------------------[ jar ]---------------------------------
Downloading from central: https://repo1.maven.org/maven2/org/apache/maven/plugins/maven-remote-resources-plugin/1.7.0/maven-remote-resources-plugin-1.7.0.pom
Progress (1): 759 B
Progress (1): 1.6 kB
Progress (1): 4.1 kB
Progress (1): 7.4 kB
Progress (1): 11 kB 
Progress (1): 13 kB
                   
Downloaded from central: https://repo1.maven.org/maven2/org/apache/maven/plugins/maven-remote-resources-plugin/1.7.0/maven-remote-resources-plugin-1.7.0.pom (13 kB at 208 kB/s)
Downloading from central: https://repo1.maven.org/maven2/org/apache/maven/plugins/maven-plugins/33/maven-plugins-33.pom
Progress (1): 758 B
Progress (1): 1.7 kB
Progress (1): 3.7 kB
Progress (1): 6.9 kB
Progress (1): 8.5 kB
Progress (1): 11 kB 
                   
Downloaded from central: https://repo1.maven.org/maven2/org/apache/maven/plugins/maven-plugins/33/maven-plugins-33.pom (11 kB at 187 kB/s)
Downloading from central: https://repo1.maven.org/maven2/org/apache/maven/maven-parent/33/maven-parent-33.pom
Progress (1): 717 B
Progress (1): 1.6 kB
Progress (1): 4.2 kB
Progress (1): 8.6 kB
Progress (1): 11 kB 
Progress (1): 16 kB
Progress (1): 20 kB
Progress (1): 24 kB
Progress (1): 26 kB
Progress (1): 27 kB
Progress (1): 30 kB
Progress (1): 33 kB
Progress (1): 36 kB
Progress (1): 38 kB
Progress (1): 42 kB
Progress (1): 44 kB
                   
Downloaded from central: https://repo1.maven.org/maven2/org/apache/maven/maven-parent/33/maven-parent-33.pom (44 kB at 748 kB/s)
Downloading from central: https://repo1.maven.org/maven2/org/apache/apache/21/apache-21.pom
Progress (1): 753 B
Progress (1): 1.6 kB
Progress (1): 3.5 kB
Progress (1): 6.6 kB
Progress (1): 11 kB 
Progress (1): 14 kB
Progress (1): 17 kB
                   
Downloaded from central: https://repo1.maven.org/maven2/org/apache/apache/21/apache-21.pom (17 kB at 234 kB/s)
Downloading from central: https://repo1.maven.org/maven2/org/apache/maven/plugins/maven-remote-resources-plugin/1.7.0/maven-remote-resources-plugin-1.7.0.jar
Progress (1): 0.9/71 kB
Progress (1): 2.3/71 kB
Progress (1): 3.4/71 kB
Progress (1): 4.8/71 kB
Progress (1): 6.1/71 kB
Progress (1): 7.5/71 kB
Progress (1): 8.9/71 kB
Progress (1): 10/71 kB 
Progress (1): 12/71 kB
Progress (1): 16/71 kB
Progress (1): 20/71 kB
Progress (1): 24/71 kB
Progress (1): 29/71 kB
Progress (1): 33/71 kB
Progress (1): 37/71 kB
Progress (1): 41/71 kB
Progress (1): 45/71 kB
Progress (1): 50/71 kB
Progress (1): 54/71 kB
Progress (1): 58/71 kB
Progress (1): 62/71 kB
Progress (1): 67/71 kB
Progress (1): 71 kB   
                   
Downloaded from central: https://repo1.maven.org/maven2/org/apache/maven/plugins/maven-remote-resources-plugin/1.7.0/maven-remote-resources-plugin-1.7.0.jar (71 kB at 1.2 MB/s)
Downloading from central: https://repo1.maven.org/maven2/org/apache/maven/plugins/maven-enforcer-plugin/3.1.0/maven-enforcer-plugin-3.1.0.pom
Progress (1): 819 B
Progress (1): 3.2 kB
Progress (1): 5.1 kB
Progress (1): 7.2 kB
                    
Downloaded from central: https://repo1.maven.org/maven2/org/apache/maven/plugins/maven-enforcer-plugin/3.1.0/maven-enforcer-plugin-3.1.0.pom (7.2 kB at 25 kB/s)
Downloading from central: https://repo1.maven.org/maven2/org/apache/maven/enforcer/enforcer/3.1.0/enforcer-3.1.0.pom
Progress (1): 831 B
Progress (1): 2.4 kB
Progress (1): 3.4 kB
Progress (1): 7.1 kB
Progress (1): 8.3 kB
                    
Downloaded from central: https://repo1.maven.org/maven2/org/apache/maven/enforcer/enforcer/3.1.0/enforcer-3.1.0.pom (8.3 kB at 126 kB/s)
Downloading from central: https://repo1.maven.org/maven2/org/apache/maven/maven-parent/36/maven-parent-36.pom
Progress (1): 725 B
Progress (1): 1.9 kB
Progress (1): 5.4 kB
Progress (1): 9.7 kB
Progress (1): 14 kB 
Progress (1): 19 kB
Progress (1): 23 kB
Progress (1): 25 kB
Progress (1): 27 kB
Progress (1): 28 kB
Progress (1): 31 kB
Progress (1): 35 kB
Progress (1): 38 kB
Progress (1): 41 kB
Progress (1): 45 kB
                   
Downloaded from central: https://repo1.maven.org/maven2/org/apache/maven/maven-parent/36/maven-parent-36.pom (45 kB at 771 kB/s)
Downloading from central: https://repo1.maven.org/maven2/org/apache/apache/26/apache-26.pom
Progress (1): 744 B
Progress (1): 2.1 kB
Progress (1): 3.9 kB
Progress (1): 7.3 kB
Progress (1): 12 kB 
Progress (1): 16 kB
Progress (1): 19 kB
Progress (1): 19 kB
Progress (1): 21 kB
                   
Downloaded from central: https://repo1.maven.org/maven2/org/apache/apache/26/apache-26.pom (21 kB at 348 kB/s)
Downloading from central: https://repo1.maven.org/maven2/org/apache/maven/plugins/maven-enforcer-plugin/3.1.0/maven-enforcer-plugin-3.1.0.jar
Progress (1): 3.8/26 kB
Progress (1): 8.0/26 kB
Progress (1): 12/26 kB 
Progress (1): 16/26 kB
Progress (1): 21/26 kB
Progress (1): 25/26 kB
Progress (1): 26 kB   
                   
Downloaded from central: https://repo1.maven.org/maven2/org/apache/maven/plugins/maven-enforcer-plugin/3.1.0/maven-enforcer-plugin-3.1.0.jar (26 kB at 498 kB/s)
Downloading from central: https://repo1.maven.org/maven2/org/apache/maven/plugins/maven-site-plugin/3.12.1/maven-site-plugin-3.12.1.pom
Progress (1): 745 B
Progress (1): 2.4 kB
Progress (1): 5.4 kB
Progress (1): 7.1 kB
Progress (1): 14 kB 
Progress (1): 18 kB
Progress (1): 20 kB
                   
Downloaded from central: https://repo1.maven.org/maven2/org/apache/maven/plugins/maven-site-plugin/3.12.1/maven-site-plugin-3.12.1.pom (20 kB at 343 kB/s)
Downloading from central: https://repo1.maven.org/maven2/org/apache/maven/plugins/maven-plugins/36/maven-plugins-36.pom
Progress (1): 753 B
Progress (1): 2.2 kB
Progress (1): 4.5 kB
Progress (1): 7.3 kB
Progress (1): 9.9 kB
                    
Downloaded from central: https://repo1.maven.org/maven2/org/apache/maven/plugins/maven-plugins/36/maven-plugins-36.pom (9.9 kB at 180 kB/s)
Downloading from central: https://repo1.maven.org/maven2/org/apache/maven/plugins/maven-site-plugin/3.12.1/maven-site-plugin-3.12.1.jar
Progress (1): 4.2/119 kB
Progress (1): 8.5/119 kB
Progress (1): 13/119 kB 
Progress (1): 16/119 kB
Progress (1): 33/119 kB
Progress (1): 41/119 kB
Progress (1): 57/119 kB
Progress (1): 66/119 kB
Progress (1): 82/119 kB
Progress (1): 98/119 kB
Progress (1): 115/119 kB
Progress (1): 119 kB    
                    
Downloaded from central: https://repo1.maven.org/maven2/org/apache/maven/plugins/maven-site-plugin/3.12.1/maven-site-plugin-3.12.1.jar (119 kB at 1.1 MB/s)
Downloading from central: https://repo1.maven.org/maven2/org/apache/maven/plugins/maven-jar-plugin/3.2.2/maven-jar-plugin-3.2.2.pom
Progress (1): 785 B
Progress (1): 2.1 kB
Progress (1): 4.5 kB
Progress (1): 6.8 kB
Progress (1): 7.5 kB
                    
Downloaded from central: https://repo1.maven.org/maven2/org/apache/maven/plugins/maven-jar-plugin/3.2.2/maven-jar-plugin-3.2.2.pom (7.5 kB at 123 kB/s)
Downloading from central: https://repo1.maven.org/maven2/org/apache/maven/plugins/maven-plugins/34/maven-plugins-34.pom
Progress (1): 757 B
Progress (1): 2.3 kB
Progress (1): 4.7 kB
Progress (1): 7.6 kB
Progress (1): 9.9 kB
Progress (1): 11 kB 
                   
Downloaded from central: https://repo1.maven.org/maven2/org/apache/maven/plugins/maven-plugins/34/maven-plugins-34.pom (11 kB at 187 kB/s)
Downloading from central: https://repo1.maven.org/maven2/org/apache/maven/maven-parent/34/maven-parent-34.pom
Progress (1): 727 B
Progress (1): 1.9 kB
Progress (1): 5.4 kB
Progress (1): 9.8 kB
Progress (1): 14 kB 
Progress (1): 19 kB
Progress (1): 23 kB
Progress (1): 26 kB
Progress (1): 27 kB
Progress (1): 30 kB
Progress (1): 34 kB
Progress (1): 37 kB
Progress (1): 41 kB
Progress (1): 43 kB
                   
Downloaded from central: https://repo1.maven.org/maven2/org/apache/maven/maven-parent/34/maven-parent-34.pom (43 kB at 739 kB/s)
Downloading from central: https://repo1.maven.org/maven2/org/apache/apache/23/apache-23.pom
Progress (1): 749 B
Progress (1): 2.1 kB
Progress (1): 3.9 kB
Progress (1): 7.9 kB
Progress (1): 13 kB 
Progress (1): 16 kB
Progress (1): 18 kB
                   
Downloaded from central: https://repo1.maven.org/maven2/org/apache/apache/23/apache-23.pom (18 kB at 323 kB/s)
Downloading from central: https://repo1.maven.org/maven2/org/apache/maven/plugins/maven-jar-plugin/3.2.2/maven-jar-plugin-3.2.2.jar
Progress (1): 7.7/29 kB
Progress (1): 16/29 kB 
Progress (1): 24/29 kB
Progress (1): 29 kB   
                   
Downloaded from central: https://repo1.maven.org/maven2/org/apache/maven/plugins/maven-jar-plugin/3.2.2/maven-jar-plugin-3.2.2.jar (29 kB at 587 kB/s)
Downloading from central: https://repo1.maven.org/maven2/org/codehaus/mojo/build-helper-maven-plugin/3.2.0/build-helper-maven-plugin-3.2.0.pom
Progress (1): 1.0 kB
Progress (1): 3.5 kB
Progress (1): 5.8 kB
Progress (1): 7.3 kB
                    
Downloaded from central: https://repo1.maven.org/maven2/org/codehaus/mojo/build-helper-maven-plugin/3.2.0/build-helper-maven-plugin-3.2.0.pom (7.3 kB at 110 kB/s)
Downloading from central: https://repo1.maven.org/maven2/org/codehaus/mojo/mojo-parent/50/mojo-parent-50.pom
Progress (1): 715 B
Progress (1): 2.5 kB
Progress (1): 6.0 kB
Progress (1): 7.9 kB
Progress (1): 10 kB 
Progress (1): 15 kB
Progress (1): 19 kB
Progress (1): 21 kB
Progress (1): 25 kB
Progress (1): 29 kB
Progress (1): 34 kB
                   
Downloaded from central: https://repo1.maven.org/maven2/org/codehaus/mojo/mojo-parent/50/mojo-parent-50.pom (34 kB at 352 kB/s)
Downloading from central: https://repo1.maven.org/maven2/org/codehaus/mojo/build-helper-maven-plugin/3.2.0/build-helper-maven-plugin-3.2.0.jar
Progress (1): 7.7/69 kB
Progress (1): 16/69 kB 
Progress (1): 32/69 kB
Progress (1): 49/69 kB
Progress (1): 65/69 kB
Progress (1): 69 kB   
                   
Downloaded from central: https://repo1.maven.org/maven2/org/codehaus/mojo/build-helper-maven-plugin/3.2.0/build-helper-maven-plugin-3.2.0.jar (69 kB at 1.3 MB/s)
Downloading from central: https://repo1.maven.org/maven2/org/codehaus/mojo/animal-sniffer-maven-plugin/1.24/animal-sniffer-maven-plugin-1.24.pom
Progress (1): 779 B
Progress (1): 2.0 kB
Progress (1): 4.9 kB
                    
Downloaded from central: https://repo1.maven.org/maven2/org/codehaus/mojo/animal-sniffer-maven-plugin/1.24/animal-sniffer-maven-plugin-1.24.pom (4.9 kB at 78 kB/s)
Downloading from central: https://repo1.maven.org/maven2/org/codehaus/mojo/animal-sniffer-parent/1.24/animal-sniffer-parent-1.24.pom
Progress (1): 775 B
Progress (1): 1.9 kB
Progress (1): 3.8 kB
Progress (1): 5.8 kB
                    
Downloaded from central: https://repo1.maven.org/maven2/org/codehaus/mojo/animal-sniffer-parent/1.24/animal-sniffer-parent-1.24.pom (5.8 kB at 105 kB/s)
Downloading from central: https://repo1.maven.org/maven2/org/codehaus/mojo/mojo-parent/84/mojo-parent-84.pom
Progress (1): 714 B
Progress (1): 2.5 kB
Progress (1): 5.8 kB
Progress (1): 7.7 kB
Progress (1): 11 kB 
Progress (1): 13 kB
Progress (1): 19 kB
Progress (1): 24 kB
Progress (1): 26 kB
Progress (1): 29 kB
Progress (1): 32 kB
Progress (1): 36 kB
                   
Downloaded from central: https://repo1.maven.org/maven2/org/codehaus/mojo/mojo-parent/84/mojo-parent-84.pom (36 kB at 536 kB/s)
Downloading from central: https://repo1.maven.org/maven2/org/codehaus/mojo/animal-sniffer-maven-plugin/1.24/animal-sniffer-maven-plugin-1.24.jar
Progress (1): 7.7/35 kB
Progress (1): 16/35 kB 
Progress (1): 32/35 kB
Progress (1): 35 kB   
                   
Downloaded from central: https://repo1.maven.org/maven2/org/codehaus/mojo/animal-sniffer-maven-plugin/1.24/animal-sniffer-maven-plugin-1.24.jar (35 kB at 691 kB/s)
Downloading from central: https://repo1.maven.org/maven2/org/apache/maven/plugins/maven-checkstyle-plugin/3.3.1/maven-checkstyle-plugin-3.3.1.pom
Progress (1): 743 B
Progress (1): 2.2 kB
Progress (1): 4.9 kB
Progress (1): 9.4 kB
Progress (1): 12 kB 
Progress (1): 15 kB
Progress (1): 15 kB
                   
Downloaded from central: https://repo1.maven.org/maven2/org/apache/maven/plugins/maven-checkstyle-plugin/3.3.1/maven-checkstyle-plugin-3.3.1.pom (15 kB at 232 kB/s)
Downloading from central: https://repo1.maven.org/maven2/org/apache/maven/plugins/maven-plugins/40/maven-plugins-40.pom
Progress (1): 773 B
Progress (1): 2.4 kB
Progress (1): 4.9 kB
Progress (1): 7.5 kB
Progress (1): 8.1 kB
                    
Downloaded from central: https://repo1.maven.org/maven2/org/apache/maven/plugins/maven-plugins/40/maven-plugins-40.pom (8.1 kB at 124 kB/s)
Downloading from central: https://repo1.maven.org/maven2/org/apache/maven/maven-parent/40/maven-parent-40.pom
Progress (1): 727 B
Progress (1): 1.9 kB
Progress (1): 5.5 kB
Progress (1): 9.9 kB
Progress (1): 14 kB 
Progress (1): 19 kB
Progress (1): 23 kB
Progress (1): 26 kB
Progress (1): 28 kB
Progress (1): 31 kB
Progress (1): 35 kB
Progress (1): 38 kB
Progress (1): 40 kB
Progress (1): 43 kB
Progress (1): 48 kB
Progress (1): 49 kB
Progress (1): 49 kB
                   
Downloaded from central: https://repo1.maven.org/maven2/org/apache/maven/maven-parent/40/maven-parent-40.pom (49 kB at 753 kB/s)
Downloading from central: https://repo1.maven.org/maven2/org/apache/apache/30/apache-30.pom
Progress (1): 743 B
Progress (1): 2.1 kB
Progress (1): 4.0 kB
Progress (1): 6.3 kB
Progress (1): 11 kB 
Progress (1): 16 kB
Progress (1): 20 kB
Progress (1): 22 kB
Progress (1): 23 kB
                   
Downloaded from central: https://repo1.maven.org/maven2/org/apache/apache/30/apache-30.pom (23 kB at 347 kB/s)
Downloading from central: https://repo1.maven.org/maven2/org/apache/maven/plugins/maven-checkstyle-plugin/3.3.1/maven-checkstyle-plugin-3.3.1.jar
Progress (1): 7.7/99 kB
Progress (1): 16/99 kB 
Progress (1): 32/99 kB
Progress (1): 49/99 kB
Progress (1): 65/99 kB
Progress (1): 81/99 kB
Progress (1): 98/99 kB
Progress (1): 99 kB   
                   
Downloaded from central: https://repo1.maven.org/maven2/org/apache/maven/plugins/maven-checkstyle-plugin/3.3.1/maven-checkstyle-plugin-3.3.1.jar (99 kB at 1.9 MB/s)
Downloading from central: https://repo1.maven.org/maven2/org/apache/maven/plugins/maven-resources-plugin/3.2.0/maven-resources-plugin-3.2.0.pom
Progress (1): 770 B
Progress (1): 2.2 kB
Progress (1): 4.7 kB
Progress (1): 7.6 kB
Progress (1): 8.1 kB
                    
Downloaded from central: https://repo1.maven.org/maven2/org/apache/maven/plugins/maven-resources-plugin/3.2.0/maven-resources-plugin-3.2.0.pom (8.1 kB at 121 kB/s)
Downloading from central: https://repo1.maven.org/maven2/org/apache/maven/plugins/maven-resources-plugin/3.2.0/maven-resources-plugin-3.2.0.jar
Progress (1): 7.7/33 kB
Progress (1): 16/33 kB 
Progress (1): 32/33 kB
Progress (1): 33 kB   
                   
Downloaded from central: https://repo1.maven.org/maven2/org/apache/maven/plugins/maven-resources-plugin/3.2.0/maven-resources-plugin-3.2.0.jar (33 kB at 659 kB/s)
Downloading from central: https://repo1.maven.org/maven2/org/apache/maven/plugins/maven-compiler-plugin/3.10.1/maven-compiler-plugin-3.10.1.pom
Progress (1): 756 B
Progress (1): 2.2 kB
Progress (1): 3.8 kB
Progress (1): 8.2 kB
Progress (1): 11 kB 
Progress (1): 13 kB
                   
Downloaded from central: https://repo1.maven.org/maven2/org/apache/maven/plugins/maven-compiler-plugin/3.10.1/maven-compiler-plugin-3.10.1.pom (13 kB at 207 kB/s)
Downloading from central: https://repo1.maven.org/maven2/org/apache/maven/plugins/maven-compiler-plugin/3.10.1/maven-compiler-plugin-3.10.1.jar
Progress (1): 7.7/62 kB
Progress (1): 16/62 kB 
Progress (1): 24/62 kB
Progress (1): 41/62 kB
Progress (1): 57/62 kB
Progress (1): 62 kB   
                   
Downloaded from central: https://repo1.maven.org/maven2/org/apache/maven/plugins/maven-compiler-plugin/3.10.1/maven-compiler-plugin-3.10.1.jar (62 kB at 1.2 MB/s)
Downloading from central: https://repo1.maven.org/maven2/org/junit/jupiter/junit-jupiter/5.14.2/junit-jupiter-5.14.2.pom
Progress (1): 943 B
Progress (1): 3.2 kB
                    
Downloaded from central: https://repo1.maven.org/maven2/org/junit/jupiter/junit-jupiter/5.14.2/junit-jupiter-5.14.2.pom (3.2 kB at 56 kB/s)
Downloading from central: https://repo1.maven.org/maven2/org/junit/jupiter/junit-jupiter-api/5.14.2/junit-jupiter-api-5.14.2.pom
Progress (1): 951 B
Progress (1): 3.2 kB
                    
Downloaded from central: https://repo1.maven.org/maven2/org/junit/jupiter/junit-jupiter-api/5.14.2/junit-jupiter-api-5.14.2.pom (3.2 kB at 53 kB/s)
Downloading from central: https://repo1.maven.org/maven2/org/junit/platform/junit-platform-commons/1.14.2/junit-platform-commons-1.14.2.pom
Progress (1): 968 B
Progress (1): 2.9 kB
                    
Downloaded from central: https://repo1.maven.org/maven2/org/junit/platform/junit-platform-commons/1.14.2/junit-platform-commons-1.14.2.pom (2.9 kB at 45 kB/s)
Downloading from central: https://repo1.maven.org/maven2/org/junit/jupiter/junit-jupiter-params/5.14.2/junit-jupiter-params-5.14.2.pom
Progress (1): 961 B
Progress (1): 3.0 kB
                    
Downloaded from central: https://repo1.maven.org/maven2/org/junit/jupiter/junit-jupiter-params/5.14.2/junit-jupiter-params-5.14.2.pom (3.0 kB at 47 kB/s)
Downloading from central: https://repo1.maven.org/maven2/org/junit/jupiter/junit-jupiter-engine/5.14.2/junit-jupiter-engine-5.14.2.pom
Progress (1): 959 B
Progress (1): 3.2 kB
                    
Downloaded from central: https://repo1.maven.org/maven2/org/junit/jupiter/junit-jupiter-engine/5.14.2/junit-jupiter-engine-5.14.2.pom (3.2 kB at 47 kB/s)
Downloading from central: https://repo1.maven.org/maven2/org/junit/platform/junit-platform-engine/1.14.2/junit-platform-engine-1.14.2.pom
Progress (1): 953 B
Progress (1): 3.2 kB
                    
Downloaded from central: https://repo1.maven.org/maven2/org/junit/platform/junit-platform-engine/1.14.2/junit-platform-engine-1.14.2.pom (3.2 kB at 35 kB/s)
Downloading from central: https://repo1.maven.org/maven2/org/junit/platform/junit-platform-launcher/1.14.2/junit-platform-launcher-1.14.2.pom
Progress (1): 969 B
Progress (1): 3.0 kB
                    
Downloaded from central: https://repo1.maven.org/maven2/org/junit/platform/junit-platform-launcher/1.14.2/junit-platform-launcher-1.14.2.pom (3.0 kB at 50 kB/s)
Downloading from central: https://repo1.maven.org/maven2/org/mockito/mockito-core/4.11.0/mockito-core-4.11.0.pom
Progress (1): 1.5 kB
Progress (1): 2.5 kB
                    
Downloaded from central: https://repo1.maven.org/maven2/org/mockito/mockito-core/4.11.0/mockito-core-4.11.0.pom (2.5 kB at 38 kB/s)
Downloading from central: https://repo1.maven.org/maven2/org/slf4j/slf4j-api/1.7.36/slf4j-api-1.7.36.pom
Progress (1): 1.0 kB
Progress (1): 2.7 kB
                    
Downloaded from central: https://repo1.maven.org/maven2/org/slf4j/slf4j-api/1.7.36/slf4j-api-1.7.36.pom (2.7 kB at 48 kB/s)
Downloading from central: https://repo1.maven.org/maven2/org/slf4j/slf4j-parent/1.7.36/slf4j-parent-1.7.36.pom
Progress (1): 1.0 kB
Progress (1): 3.0 kB
Progress (1): 5.9 kB
Progress (1): 8.7 kB
Progress (1): 12 kB 
Progress (1): 14 kB
                   
Downloaded from central: https://repo1.maven.org/maven2/org/slf4j/slf4j-parent/1.7.36/slf4j-parent-1.7.36.pom (14 kB at 261 kB/s)
Downloading from central: https://repo1.maven.org/maven2/org/apache/logging/log4j/log4j-slf4j-impl/2.25.3/log4j-slf4j-impl-2.25.3.pom
Progress (1): 814 B
Progress (1): 2.3 kB
Progress (1): 5.3 kB
                    
Downloaded from central: https://repo1.maven.org/maven2/org/apache/logging/log4j/log4j-slf4j-impl/2.25.3/log4j-slf4j-impl-2.25.3.pom (5.3 kB at 47 kB/s)
Downloading from central: https://repo1.maven.org/maven2/org/apache/logging/log4j/log4j/2.25.3/log4j-2.25.3.pom
Progress (1): 727 B
Progress (1): 2.2 kB
Progress (1): 3.9 kB
Progress (1): 5.9 kB
Progress (1): 9.9 kB
Progress (1): 16 kB 
Progress (1): 23 kB
Progress (1): 28 kB
Progress (1): 31 kB
Progress (1): 34 kB
Progress (1): 36 kB
Progress (1): 40 kB
Progress (1): 41 kB
                   
Downloaded from central: https://repo1.maven.org/maven2/org/apache/logging/log4j/log4j/2.25.3/log4j-2.25.3.pom (41 kB at 676 kB/s)
Downloading from central: https://repo1.maven.org/maven2/org/apache/logging/log4j/log4j-bom/2.25.3/log4j-bom-2.25.3.pom
Progress (1): 795 B
Progress (1): 2.4 kB
Progress (1): 5.8 kB
Progress (1): 12 kB 
                   
Downloaded from central: https://repo1.maven.org/maven2/org/apache/logging/log4j/log4j-bom/2.25.3/log4j-bom-2.25.3.pom (12 kB at 219 kB/s)
Downloading from central: https://repo1.maven.org/maven2/org/apache/groovy/groovy-bom/4.0.27/groovy-bom-4.0.27.pom
Progress (1): 863 B
Progress (1): 3.6 kB
Progress (1): 7.0 kB
Progress (1): 11 kB 
Progress (1): 14 kB
Progress (1): 18 kB
Progress (1): 22 kB
Progress (1): 27 kB
                   
Downloaded from central: https://repo1.maven.org/maven2/org/apache/groovy/groovy-bom/4.0.27/groovy-bom-4.0.27.pom (27 kB at 505 kB/s)
Downloading from central: https://repo1.maven.org/maven2/org/mockito/mockito-bom/4.11.0/mockito-bom-4.11.0.pom
Progress (1): 1.4 kB
Progress (1): 3.2 kB
                    
Downloaded from central: https://repo1.maven.org/maven2/org/mockito/mockito-bom/4.11.0/mockito-bom-4.11.0.pom (3.2 kB at 55 kB/s)
Downloading from central: https://repo1.maven.org/maven2/org/apache/logging/log4j/log4j-api/2.25.3/log4j-api-2.25.3.pom
Progress (1): 817 B
Progress (1): 2.1 kB
Progress (1): 4.2 kB
Progress (1): 4.5 kB
                    
Downloaded from central: https://repo1.maven.org/maven2/org/apache/logging/log4j/log4j-api/2.25.3/log4j-api-2.25.3.pom (4.5 kB at 87 kB/s)
Downloading from central: https://repo1.maven.org/maven2/org/apache/logging/log4j/log4j-core/2.25.3/log4j-core-2.25.3.pom
Progress (1): 791 B
Progress (1): 1.9 kB
Progress (1): 3.7 kB
Progress (1): 8.1 kB
Progress (1): 9.3 kB
                    
Downloaded from central: https://repo1.maven.org/maven2/org/apache/logging/log4j/log4j-core/2.25.3/log4j-core-2.25.3.pom (9.3 kB at 172 kB/s)
[INFO] 
[INFO] --- enforcer:3.1.0:enforce (enforce-maven-version) @ httpcore5 ---
Downloading from central: https://repo1.maven.org/maven2/org/apache/maven/enforcer/enforcer-api/3.1.0/enforcer-api-3.1.0.pom
Progress (1): 857 B
Progress (1): 2.4 kB
Progress (1): 2.9 kB
                    
Downloaded from central: https://repo1.maven.org/maven2/org/apache/maven/enforcer/enforcer-api/3.1.0/enforcer-api-3.1.0.pom (2.9 kB at 43 kB/s)
Downloading from central: https://repo1.maven.org/maven2/org/apache/maven/maven-plugin-api/3.2.5/maven-plugin-api-3.2.5.pom
Progress (1): 816 B
Progress (1): 2.5 kB
Progress (1): 3.0 kB
                    
Downloaded from central: https://repo1.maven.org/maven2/org/apache/maven/maven-plugin-api/3.2.5/maven-plugin-api-3.2.5.pom (3.0 kB at 57 kB/s)
Downloading from central: https://repo1.maven.org/maven2/org/apache/maven/maven/3.2.5/maven-3.2.5.pom
Progress (1): 759 B
Progress (1): 1.9 kB
Progress (1): 3.4 kB
Progress (1): 5.3 kB
Progress (1): 11 kB 
Progress (1): 15 kB
Progress (1): 18 kB
Progress (1): 21 kB
Progress (1): 22 kB
                   
Downloaded from central: https://repo1.maven.org/maven2/org/apache/maven/maven/3.2.5/maven-3.2.5.pom (22 kB at 311 kB/s)
Downloading from central: https://repo1.maven.org/maven2/org/apache/maven/maven-parent/25/maven-parent-25.pom
Progress (1): 730 B
Progress (1): 2.0 kB
Progress (1): 6.0 kB
Progress (1): 11 kB 
Progress (1): 15 kB
Progress (1): 19 kB
Progress (1): 23 kB
Progress (1): 24 kB
Progress (1): 27 kB
Progress (1): 30 kB
Progress (1): 32 kB
Progress (1): 37 kB
Progress (1): 37 kB
                   
Downloaded from central: https://repo1.maven.org/maven2/org/apache/maven/maven-parent/25/maven-parent-25.pom (37 kB at 624 kB/s)
Downloading from central: https://repo1.maven.org/maven2/org/apache/apache/15/apache-15.pom
Progress (1): 754 B
Progress (1): 2.1 kB
Progress (1): 3.9 kB
Progress (1): 7.9 kB
Progress (1): 11 kB 
Progress (1): 14 kB
Progress (1): 15 kB
                   
Downloaded from central: https://repo1.maven.org/maven2/org/apache/apache/15/apache-15.pom (15 kB at 287 kB/s)
Downloading from central: https://repo1.maven.org/maven2/org/apache/maven/maven-model/3.2.5/maven-model-3.2.5.pom
Progress (1): 809 B
Progress (1): 2.3 kB
Progress (1): 4.2 kB
                    
Downloaded from central: https://repo1.maven.org/maven2/org/apache/maven/maven-model/3.2.5/maven-model-3.2.5.pom (4.2 kB at 70 kB/s)
Downloading from central: https://repo1.maven.org/maven2/org/codehaus/plexus/plexus-utils/3.4.2/plexus-utils-3.4.2.pom
Progress (1): 729 B
Progress (1): 2.3 kB
Progress (1): 4.7 kB
Progress (1): 8.2 kB
                    
Downloaded from central: https://repo1.maven.org/maven2/org/codehaus/plexus/plexus-utils/3.4.2/plexus-utils-3.4.2.pom (8.2 kB at 133 kB/s)
Downloading from central: https://repo1.maven.org/maven2/org/codehaus/plexus/plexus/8/plexus-8.pom
Progress (1): 696 B
Progress (1): 2.7 kB
Progress (1): 6.4 kB
Progress (1): 9.2 kB
Progress (1): 11 kB 
Progress (1): 15 kB
Progress (1): 20 kB
Progress (1): 24 kB
Progress (1): 25 kB
                   
Downloaded from central: https://repo1.maven.org/maven2/org/codehaus/plexus/plexus/8/plexus-8.pom (25 kB at 385 kB/s)
Downloading from central: https://repo1.maven.org/maven2/org/apache/maven/maven-artifact/3.2.5/maven-artifact-3.2.5.pom
Progress (1): 843 B
Progress (1): 2.3 kB
                    
Downloaded from central: https://repo1.maven.org/maven2/org/apache/maven/maven-artifact/3.2.5/maven-artifact-3.2.5.pom (2.3 kB at 39 kB/s)
Downloading from central: https://repo1.maven.org/maven2/javax/enterprise/cdi-api/1.2/cdi-api-1.2.pom
Progress (1): 1.0 kB
Progress (1): 3.3 kB
Progress (1): 5.8 kB
Progress (1): 6.3 kB
                    
Downloaded from central: https://repo1.maven.org/maven2/javax/enterprise/cdi-api/1.2/cdi-api-1.2.pom (6.3 kB at 108 kB/s)
Downloading from central: https://repo1.maven.org/maven2/org/jboss/weld/weld-parent/26/weld-parent-26.pom
Progress (1): 1.0 kB
Progress (1): 2.9 kB
Progress (1): 6.3 kB
Progress (1): 11 kB 
Progress (1): 16 kB
Progress (1): 19 kB
Progress (1): 22 kB
Progress (1): 26 kB
Progress (1): 31 kB
Progress (1): 32 kB
                   
Downloaded from central: https://repo1.maven.org/maven2/org/jboss/weld/weld-parent/26/weld-parent-26.pom (32 kB at 521 kB/s)
Downloading from central: https://repo1.maven.org/maven2/org/codehaus/plexus/plexus-component-annotations/2.1.1/plexus-component-annotations-2.1.1.pom
Progress (1): 770 B
                   
Downloaded from central: https://repo1.maven.org/maven2/org/codehaus/plexus/plexus-component-annotations/2.1.1/plexus-component-annotations-2.1.1.pom (770 B at 13 kB/s)
Downloading from central: https://repo1.maven.org/maven2/org/codehaus/plexus/plexus-containers/2.1.1/plexus-containers-2.1.1.pom
Progress (1): 1.3 kB
Progress (1): 4.9 kB
Progress (1): 6.0 kB
                    
Downloaded from central: https://repo1.maven.org/maven2/org/codehaus/plexus/plexus-containers/2.1.1/plexus-containers-2.1.1.pom (6.0 kB at 112 kB/s)
Downloading from central: https://repo1.maven.org/maven2/org/codehaus/plexus/plexus/6.5/plexus-6.5.pom
Progress (1): 696 B
Progress (1): 2.7 kB
Progress (1): 6.4 kB
Progress (1): 9.2 kB
Progress (1): 11 kB 
Progress (1): 16 kB
Progress (1): 20 kB
Progress (1): 24 kB
Progress (1): 26 kB
                   
Downloaded from central: https://repo1.maven.org/maven2/org/codehaus/plexus/plexus/6.5/plexus-6.5.pom (26 kB at 485 kB/s)
Downloading from central: https://repo1.maven.org/maven2/org/codehaus/plexus/plexus-classworlds/2.5.2/plexus-classworlds-2.5.2.pom
Progress (1): 930 B
Progress (1): 3.0 kB
Progress (1): 6.0 kB
Progress (1): 7.3 kB
                    
Downloaded from central: https://repo1.maven.org/maven2/org/codehaus/plexus/plexus-classworlds/2.5.2/plexus-classworlds-2.5.2.pom (7.3 kB at 122 kB/s)
Downloading from central: https://repo1.maven.org/maven2/org/apache/maven/enforcer/enforcer-rules/3.1.0/enforcer-rules-3.1.0.pom
Progress (1): 836 B
Progress (1): 3.6 kB
Progress (1): 4.9 kB
                    
Downloaded from central: https://repo1.maven.org/maven2/org/apache/maven/enforcer/enforcer-rules/3.1.0/enforcer-rules-3.1.0.pom (4.9 kB at 88 kB/s)
Downloading from central: https://repo1.maven.org/maven2/org/apache/maven/maven-core/3.2.5/maven-core-3.2.5.pom
Progress (1): 794 B
Progress (1): 2.2 kB
Progress (1): 5.3 kB
Progress (1): 8.1 kB
                    
Downloaded from central: https://repo1.maven.org/maven2/org/apache/maven/maven-core/3.2.5/maven-core-3.2.5.pom (8.1 kB at 155 kB/s)
Downloading from central: https://repo1.maven.org/maven2/org/apache/maven/maven-settings/3.2.5/maven-settings-3.2.5.pom
Progress (1): 823 B
Progress (1): 2.2 kB
                    
Downloaded from central: https://repo1.maven.org/maven2/org/apache/maven/maven-settings/3.2.5/maven-settings-3.2.5.pom (2.2 kB at 40 kB/s)
Downloading from central: https://repo1.maven.org/maven2/org/apache/maven/maven-settings-builder/3.2.5/maven-settings-builder-3.2.5.pom
Progress (1): 823 B
Progress (1): 2.6 kB
                    
Downloaded from central: https://repo1.maven.org/maven2/org/apache/maven/maven-settings-builder/3.2.5/maven-settings-builder-3.2.5.pom (2.6 kB at 49 kB/s)
Downloading from central: https://repo1.maven.org/maven2/org/codehaus/plexus/plexus-interpolation/1.21/plexus-interpolation-1.21.pom
Progress (1): 1.3 kB
Progress (1): 1.5 kB
                    
Downloaded from central: https://repo1.maven.org/maven2/org/codehaus/plexus/plexus-interpolation/1.21/plexus-interpolation-1.21.pom (1.5 kB at 28 kB/s)
Downloading from central: https://repo1.maven.org/maven2/org/apache/maven/maven-repository-metadata/3.2.5/maven-repository-metadata-3.2.5.pom
Progress (1): 823 B
Progress (1): 2.2 kB
                    
Downloaded from central: https://repo1.maven.org/maven2/org/apache/maven/maven-repository-metadata/3.2.5/maven-repository-metadata-3.2.5.pom (2.2 kB at 42 kB/s)
Downloading from central: https://repo1.maven.org/maven2/org/apache/maven/maven-model-builder/3.2.5/maven-model-builder-3.2.5.pom
Progress (1): 836 B
Progress (1): 2.7 kB
Progress (1): 3.0 kB
                    
Downloaded from central: https://repo1.maven.org/maven2/org/apache/maven/maven-model-builder/3.2.5/maven-model-builder-3.2.5.pom (3.0 kB at 54 kB/s)
Downloading from central: https://repo1.maven.org/maven2/org/apache/maven/maven-aether-provider/3.2.5/maven-aether-provider-3.2.5.pom
Progress (1): 811 B
Progress (1): 3.0 kB
Progress (1): 4.2 kB
                    
Downloaded from central: https://repo1.maven.org/maven2/org/apache/maven/maven-aether-provider/3.2.5/maven-aether-provider-3.2.5.pom (4.2 kB at 73 kB/s)
Downloading from central: https://repo1.maven.org/maven2/com/google/guava/guava/16.0.1/guava-16.0.1.pom
Progress (1): 956 B
Progress (1): 2.8 kB
Progress (1): 5.3 kB
Progress (1): 6.1 kB
                    
Downloaded from central: https://repo1.maven.org/maven2/com/google/guava/guava/16.0.1/guava-16.0.1.pom (6.1 kB at 97 kB/s)
Downloading from central: https://repo1.maven.org/maven2/com/google/guava/guava-parent/16.0.1/guava-parent-16.0.1.pom
Progress (1): 1.1 kB
Progress (1): 2.9 kB
Progress (1): 6.3 kB
Progress (1): 7.3 kB
                    
Downloaded from central: https://repo1.maven.org/maven2/com/google/guava/guava-parent/16.0.1/guava-parent-16.0.1.pom (7.3 kB at 92 kB/s)
Downloading from central: https://repo1.maven.org/maven2/org/apache/maven/shared/maven-shared-utils/3.3.4/maven-shared-utils-3.3.4.pom
Progress (1): 790 B
Progress (1): 2.3 kB
Progress (1): 4.3 kB
Progress (1): 5.8 kB
                    
Downloaded from central: https://repo1.maven.org/maven2/org/apache/maven/shared/maven-shared-utils/3.3.4/maven-shared-utils-3.3.4.pom (5.8 kB at 102 kB/s)
Downloading from central: https://repo1.maven.org/maven2/org/apache/maven/shared/maven-shared-components/34/maven-shared-components-34.pom
Progress (1): 781 B
Progress (1): 2.3 kB
Progress (1): 4.6 kB
Progress (1): 5.1 kB
                    
Downloaded from central: https://repo1.maven.org/maven2/org/apache/maven/shared/maven-shared-components/34/maven-shared-components-34.pom (5.1 kB at 91 kB/s)
Downloading from central: https://repo1.maven.org/maven2/org/apache/commons/commons-parent/52/commons-parent-52.pom
Progress (1): 703 B
Progress (1): 1.8 kB
Progress (1): 3.1 kB
Progress (1): 4.6 kB
Progress (1): 6.7 kB
Progress (1): 8.1 kB
Progress (1): 10 kB 
Progress (1): 12 kB
Progress (1): 15 kB
Progress (1): 17 kB
Progress (1): 20 kB
Progress (1): 22 kB
Progress (1): 25 kB
Progress (1): 29 kB
Progress (1): 32 kB
Progress (1): 32 kB
Progress (1): 36 kB
Progress (1): 39 kB
Progress (1): 42 kB
Progress (1): 44 kB
Progress (1): 47 kB
Progress (1): 51 kB
Progress (1): 54 kB
Progress (1): 56 kB
Progress (1): 61 kB
Progress (1): 65 kB
Progress (1): 73 kB
Progress (1): 76 kB
Progress (1): 79 kB
                   
Downloaded from central: https://repo1.maven.org/maven2/org/apache/commons/commons-parent/52/commons-parent-52.pom (79 kB at 1.2 MB/s)
Downloading from central: https://repo1.maven.org/maven2/org/apache/commons/commons-lang3/3.12.0/commons-lang3-3.12.0.pom
Progress (1): 740 B
Progress (1): 2.1 kB
Progress (1): 5.4 kB
Progress (1): 8.8 kB
Progress (1): 12 kB 
Progress (1): 15 kB
Progress (1): 17 kB
Progress (1): 19 kB
Progress (1): 21 kB
Progress (1): 24 kB
Progress (1): 28 kB
Progress (1): 30 kB
Progress (1): 31 kB
                   
Downloaded from central: https://repo1.maven.org/maven2/org/apache/commons/commons-lang3/3.12.0/commons-lang3-3.12.0.pom (31 kB at 548 kB/s)
Downloading from central: https://repo1.maven.org/maven2/org/apache/maven/shared/maven-dependency-tree/3.1.1/maven-dependency-tree-3.1.1.pom
Progress (1): 794 B
Progress (1): 2.2 kB
Progress (1): 4.8 kB
Progress (1): 6.5 kB
                    
Downloaded from central: https://repo1.maven.org/maven2/org/apache/maven/shared/maven-dependency-tree/3.1.1/maven-dependency-tree-3.1.1.pom (6.5 kB at 84 kB/s)
Downloading from central: https://repo1.maven.org/maven2/org/apache/maven/shared/maven-shared-components/36/maven-shared-components-36.pom
Progress (1): 781 B
Progress (1): 2.3 kB
Progress (1): 4.5 kB
Progress (1): 4.9 kB
                    
Downloaded from central: https://repo1.maven.org/maven2/org/apache/maven/shared/maven-shared-components/36/maven-shared-components-36.pom (4.9 kB at 91 kB/s)
Downloading from central: https://repo1.maven.org/maven2/org/apache/maven/maven-compat/3.2.5/maven-compat-3.2.5.pom
Progress (1): 834 B
Progress (1): 3.0 kB
Progress (1): 4.2 kB
                    
Downloaded from central: https://repo1.maven.org/maven2/org/apache/maven/maven-compat/3.2.5/maven-compat-3.2.5.pom (4.2 kB at 65 kB/s)
Downloading from central: https://repo1.maven.org/maven2/org/apache/maven/wagon/wagon-provider-api/2.8/wagon-provider-api-2.8.pom
Progress (1): 831 B
Progress (1): 1.7 kB
                    
Downloaded from central: https://repo1.maven.org/maven2/org/apache/maven/wagon/wagon-provider-api/2.8/wagon-provider-api-2.8.pom (1.7 kB at 33 kB/s)
Downloading from central: https://repo1.maven.org/maven2/org/apache/maven/wagon/wagon/2.8/wagon-2.8.pom
Progress (1): 743 B
Progress (1): 2.3 kB
Progress (1): 5.0 kB
Progress (1): 8.1 kB
Progress (1): 12 kB 
Progress (1): 15 kB
Progress (1): 19 kB
                   
Downloaded from central: https://repo1.maven.org/maven2/org/apache/maven/wagon/wagon/2.8/wagon-2.8.pom (19 kB at 305 kB/s)
Downloading from central: https://repo1.maven.org/maven2/org/apache/maven/maven-parent/24/maven-parent-24.pom
Progress (1): 730 B
Progress (1): 2.0 kB
Progress (1): 5.7 kB
Progress (1): 10 kB 
Progress (1): 14 kB
Progress (1): 18 kB
Progress (1): 22 kB
Progress (1): 24 kB
Progress (1): 27 kB
Progress (1): 30 kB
Progress (1): 33 kB
Progress (1): 37 kB
                   
Downloaded from central: https://repo1.maven.org/maven2/org/apache/maven/maven-parent/24/maven-parent-24.pom (37 kB at 605 kB/s)
Downloading from central: https://repo1.maven.org/maven2/org/apache/apache/14/apache-14.pom
Progress (1): 745 B
Progress (1): 2.1 kB
Progress (1): 3.9 kB
Progress (1): 7.9 kB
Progress (1): 11 kB 
Progress (1): 15 kB
                   
Downloaded from central: https://repo1.maven.org/maven2/org/apache/apache/14/apache-14.pom (15 kB at 245 kB/s)
Downloading from central: https://repo1.maven.org/maven2/org/apache/maven/enforcer/enforcer-api/3.1.0/enforcer-api-3.1.0.jar
Downloading from central: https://repo1.maven.org/maven2/org/apache/maven/maven-plugin-api/3.2.5/maven-plugin-api-3.2.5.jar
Downloading from central: https://repo1.maven.org/maven2/org/apache/maven/maven-model/3.2.5/maven-model-3.2.5.jar
Downloading from central: https://repo1.maven.org/maven2/javax/enterprise/cdi-api/1.2/cdi-api-1.2.jar
Downloading from central: https://repo1.maven.org/maven2/org/apache/maven/enforcer/enforcer-rules/3.1.0/enforcer-rules-3.1.0.jar
Progress (1): 7.7/46 kB
Progress (1): 16/46 kB 
Progress (1): 32/46 kB
Progress (1): 46 kB   
                   
Downloaded from central: https://repo1.maven.org/maven2/org/apache/maven/maven-plugin-api/3.2.5/maven-plugin-api-3.2.5.jar (46 kB at 904 kB/s)
Downloading from central: https://repo1.maven.org/maven2/org/apache/maven/maven-artifact/3.2.5/maven-artifact-3.2.5.jar
Progress (1): 0.9/161 kB
Progress (1): 2.3/161 kB
Progress (1): 3.6/161 kB
Progress (1): 5.0/161 kB
Progress (1): 6.4/161 kB
Progress (1): 7.7/161 kB
Progress (1): 9.1/161 kB
Progress (1): 10/161 kB 
Progress (1): 12/161 kB
Progress (1): 13/161 kB
Progress (1): 15/161 kB
Progress (1): 16/161 kB
Progress (1): 17/161 kB
Progress (2): 17/161 kB | 0.9/71 kB
Progress (3): 17/161 kB | 0.9/71 kB | 0.9/118 kB
Progress (3): 19/161 kB | 0.9/71 kB | 0.9/118 kB
Progress (3): 20/161 kB | 0.9/71 kB | 0.9/118 kB
Progress (3): 21/161 kB | 0.9/71 kB | 0.9/118 kB
Progress (3): 23/161 kB | 0.9/71 kB | 0.9/118 kB
Progress (3): 24/161 kB | 0.9/71 kB | 0.9/118 kB
Progress (3): 25/161 kB | 0.9/71 kB | 0.9/118 kB
Progress (3): 26/161 kB | 0.9/71 kB | 0.9/118 kB
Progress (3): 26/161 kB | 2.3/71 kB | 0.9/118 kB
Progress (3): 27/161 kB | 2.3/71 kB | 0.9/118 kB
Progress (3): 27/161 kB | 2.3/71 kB | 2.3/118 kB
Progress (3): 29/161 kB | 2.3/71 kB | 2.3/118 kB
Progress (3): 30/161 kB | 2.3/71 kB | 2.3/118 kB
Progress (3): 31/161 kB | 2.3/71 kB | 2.3/118 kB
Progress (3): 33/161 kB | 2.3/71 kB | 2.3/118 kB
Progress (3): 34/161 kB | 2.3/71 kB | 2.3/118 kB
Progress (3): 36/161 kB | 2.3/71 kB | 2.3/118 kB
Progress (3): 37/161 kB | 2.3/71 kB | 2.3/118 kB
Progress (3): 38/161 kB | 2.3/71 kB | 2.3/118 kB
Progress (3): 38/161 kB | 3.6/71 kB | 2.3/118 kB
Progress (3): 38/161 kB | 3.6/71 kB | 3.6/118 kB
Progress (3): 40/161 kB | 3.6/71 kB | 3.6/118 kB
Progress (3): 41/161 kB | 3.6/71 kB | 3.6/118 kB
Progress (3): 41/161 kB | 3.6/71 kB | 5.0/118 kB
Progress (3): 41/161 kB | 3.6/71 kB | 6.4/118 kB
Progress (3): 42/161 kB | 3.6/71 kB | 6.4/118 kB
Progress (3): 42/161 kB | 3.6/71 kB | 7.7/118 kB
Progress (3): 44/161 kB | 3.6/71 kB | 7.7/118 kB
Progress (3): 45/161 kB | 3.6/71 kB | 7.7/118 kB
Progress (3): 45/161 kB | 3.6/71 kB | 8.2/118 kB
Progress (3): 46/161 kB | 3.6/71 kB | 8.2/118 kB
Progress (3): 46/161 kB | 3.6/71 kB | 9.6/118 kB
Progress (3): 48/161 kB | 3.6/71 kB | 9.6/118 kB
Progress (3): 48/161 kB | 3.6/71 kB | 11/118 kB 
Progress (3): 49/161 kB | 3.6/71 kB | 11/118 kB
Progress (3): 49/161 kB | 3.6/71 kB | 12/118 kB
Progress (3): 51/161 kB | 3.6/71 kB | 12/118 kB
Progress (3): 51/161 kB | 3.6/71 kB | 14/118 kB
Progress (3): 52/161 kB | 3.6/71 kB | 14/118 kB
Progress (3): 52/161 kB | 3.6/71 kB | 15/118 kB
Progress (3): 53/161 kB | 3.6/71 kB | 15/118 kB
Progress (3): 55/161 kB | 3.6/71 kB | 15/118 kB
Progress (3): 55/161 kB | 3.6/71 kB | 16/118 kB
Progress (3): 55/161 kB | 3.6/71 kB | 18/118 kB
Progress (3): 59/161 kB | 3.6/71 kB | 18/118 kB
Progress (3): 59/161 kB | 3.6/71 kB | 19/118 kB
Progress (3): 59/161 kB | 3.6/71 kB | 21/118 kB
Progress (3): 59/161 kB | 3.6/71 kB | 22/118 kB
Progress (3): 59/161 kB | 3.6/71 kB | 23/118 kB
Progress (3): 59/161 kB | 3.6/71 kB | 25/118 kB
Progress (3): 59/161 kB | 3.6/71 kB | 26/118 kB
Progress (3): 59/161 kB | 3.6/71 kB | 27/118 kB
Progress (3): 59/161 kB | 3.6/71 kB | 29/118 kB
Progress (3): 59/161 kB | 3.6/71 kB | 30/118 kB
Progress (3): 59/161 kB | 3.6/71 kB | 31/118 kB
Progress (3): 59/161 kB | 3.6/71 kB | 33/118 kB
Progress (3): 59/161 kB | 3.6/71 kB | 34/118 kB
Progress (3): 59/161 kB | 3.6/71 kB | 36/118 kB
Progress (3): 59/161 kB | 3.6/71 kB | 37/118 kB
Progress (3): 59/161 kB | 3.6/71 kB | 38/118 kB
Progress (3): 59/161 kB | 5.0/71 kB | 38/118 kB
Progress (3): 59/161 kB | 5.0/71 kB | 40/118 kB
Progress (3): 59/161 kB | 5.0/71 kB | 41/118 kB
Progress (3): 59/161 kB | 5.0/71 kB | 42/118 kB
Progress (3): 59/161 kB | 5.0/71 kB | 44/118 kB
Progress (3): 59/161 kB | 6.4/71 kB | 44/118 kB
Progress (3): 59/161 kB | 6.4/71 kB | 45/118 kB
Progress (3): 59/161 kB | 6.4/71 kB | 47/118 kB
Progress (3): 59/161 kB | 7.7/71 kB | 47/118 kB
Progress (3): 59/161 kB | 7.7/71 kB | 48/118 kB
Progress (3): 59/161 kB | 7.7/71 kB | 49/118 kB
Progress (3): 59/161 kB | 9.1/71 kB | 49/118 kB
Progress (3): 59/161 kB | 10/71 kB | 49/118 kB 
Progress (3): 59/161 kB | 12/71 kB | 49/118 kB
Progress (3): 59/161 kB | 13/71 kB | 49/118 kB
Progress (3): 59/161 kB | 15/71 kB | 49/118 kB
Progress (3): 59/161 kB | 16/71 kB | 49/118 kB
Progress (3): 59/161 kB | 17/71 kB | 49/118 kB
Progress (3): 59/161 kB | 19/71 kB | 49/118 kB
Progress (3): 59/161 kB | 20/71 kB | 49/118 kB
Progress (3): 59/161 kB | 21/71 kB | 49/118 kB
Progress (3): 59/161 kB | 23/71 kB | 49/118 kB
Progress (3): 59/161 kB | 24/71 kB | 49/118 kB
Progress (3): 59/161 kB | 26/71 kB | 49/118 kB
Progress (3): 59/161 kB | 27/71 kB | 49/118 kB
Progress (3): 59/161 kB | 28/71 kB | 49/118 kB
Progress (3): 59/161 kB | 30/71 kB | 49/118 kB
Progress (3): 59/161 kB | 31/71 kB | 49/118 kB
Progress (3): 59/161 kB | 32/71 kB | 49/118 kB
Progress (3): 59/161 kB | 34/71 kB | 49/118 kB
Progress (3): 59/161 kB | 35/71 kB | 49/118 kB
Progress (3): 59/161 kB | 36/71 kB | 49/118 kB
Progress (3): 59/161 kB | 38/71 kB | 49/118 kB
Progress (3): 59/161 kB | 39/71 kB | 49/118 kB
Progress (3): 59/161 kB | 41/71 kB | 49/118 kB
Progress (3): 59/161 kB | 42/71 kB | 49/118 kB
Progress (3): 59/161 kB | 43/71 kB | 49/118 kB
Progress (3): 59/161 kB | 45/71 kB | 49/118 kB
Progress (3): 59/161 kB | 46/71 kB | 49/118 kB
Progress (3): 59/161 kB | 47/71 kB | 49/118 kB
Progress (3): 59/161 kB | 49/71 kB | 49/118 kB
Progress (3): 63/161 kB | 49/71 kB | 49/118 kB
Progress (3): 67/161 kB | 49/71 kB | 49/118 kB
Progress (3): 72/161 kB | 49/71 kB | 49/118 kB
Progress (3): 72/161 kB | 50/71 kB | 49/118 kB
Progress (3): 72/161 kB | 50/71 kB | 51/118 kB
Progress (3): 72/161 kB | 50/71 kB | 52/118 kB
Progress (3): 72/161 kB | 50/71 kB | 53/118 kB
Progress (3): 72/161 kB | 50/71 kB | 55/118 kB
Progress (3): 76/161 kB | 50/71 kB | 55/118 kB
Progress (3): 76/161 kB | 50/71 kB | 59/118 kB
Progress (3): 76/161 kB | 50/71 kB | 63/118 kB
Progress (3): 76/161 kB | 52/71 kB | 63/118 kB
Progress (3): 76/161 kB | 53/71 kB | 63/118 kB
Progress (3): 76/161 kB | 54/71 kB | 63/118 kB
Progress (3): 76/161 kB | 56/71 kB | 63/118 kB
Progress (3): 76/161 kB | 57/71 kB | 63/118 kB
Progress (3): 80/161 kB | 57/71 kB | 63/118 kB
Progress (3): 84/161 kB | 57/71 kB | 63/118 kB
Progress (3): 84/161 kB | 62/71 kB | 63/118 kB
Progress (3): 89/161 kB | 62/71 kB | 63/118 kB
Progress (3): 90/161 kB | 62/71 kB | 63/118 kB
Progress (3): 94/161 kB | 62/71 kB | 63/118 kB
Progress (3): 99/161 kB | 62/71 kB | 63/118 kB
Progress (3): 103/161 kB | 62/71 kB | 63/118 kB
Progress (3): 107/161 kB | 62/71 kB | 63/118 kB
Progress (3): 111/161 kB | 62/71 kB | 63/118 kB
Progress (3): 115/161 kB | 62/71 kB | 63/118 kB
Progress (3): 120/161 kB | 62/71 kB | 63/118 kB
Progress (3): 124/161 kB | 62/71 kB | 63/118 kB
Progress (3): 128/161 kB | 62/71 kB | 63/118 kB
Progress (3): 132/161 kB | 62/71 kB | 63/118 kB
Progress (3): 137/161 kB | 62/71 kB | 63/118 kB
Progress (3): 141/161 kB | 62/71 kB | 63/118 kB
Progress (3): 145/161 kB | 62/71 kB | 63/118 kB
Progress (4): 145/161 kB | 62/71 kB | 63/118 kB | 0.9/11 kB
Progress (4): 149/161 kB | 62/71 kB | 63/118 kB | 0.9/11 kB
Progress (4): 154/161 kB | 62/71 kB | 63/118 kB | 0.9/11 kB
Progress (4): 158/161 kB | 62/71 kB | 63/118 kB | 0.9/11 kB
Progress (4): 161 kB | 62/71 kB | 63/118 kB | 0.9/11 kB    
Progress (4): 161 kB | 62/71 kB | 63/118 kB | 2.3/11 kB
Progress (5): 161 kB | 62/71 kB | 63/118 kB | 2.3/11 kB | 7.7/55 kB
Progress (5): 161 kB | 62/71 kB | 63/118 kB | 3.4/11 kB | 7.7/55 kB
Progress (5): 161 kB | 62/71 kB | 63/118 kB | 3.4/11 kB | 16/55 kB 
Progress (5): 161 kB | 62/71 kB | 63/118 kB | 4.8/11 kB | 16/55 kB
Progress (5): 161 kB | 62/71 kB | 63/118 kB | 6.1/11 kB | 16/55 kB
Progress (5): 161 kB | 62/71 kB | 63/118 kB | 7.5/11 kB | 16/55 kB
Progress (5): 161 kB | 62/71 kB | 63/118 kB | 7.5/11 kB | 32/55 kB
Progress (5): 161 kB | 62/71 kB | 63/118 kB | 8.9/11 kB | 32/55 kB
Progress (5): 161 kB | 62/71 kB | 63/118 kB | 10/11 kB | 32/55 kB 
Progress (5): 161 kB | 62/71 kB | 63/118 kB | 10/11 kB | 49/55 kB
Progress (5): 161 kB | 62/71 kB | 63/118 kB | 11 kB | 49/55 kB   
Progress (5): 161 kB | 62/71 kB | 63/118 kB | 11 kB | 55 kB   
Progress (5): 161 kB | 62/71 kB | 66/118 kB | 11 kB | 55 kB
Progress (5): 161 kB | 66/71 kB | 66/118 kB | 11 kB | 55 kB
Progress (5): 161 kB | 70/71 kB | 66/118 kB | 11 kB | 55 kB
Progress (5): 161 kB | 71 kB | 66/118 kB | 11 kB | 55 kB   
Progress (5): 161 kB | 71 kB | 70/118 kB | 11 kB | 55 kB
                                                        
Downloaded from central: https://repo1.maven.org/maven2/org/apache/maven/maven-model/3.2.5/maven-model-3.2.5.jar (161 kB at 1.2 MB/s)
Downloading from central: https://repo1.maven.org/maven2/org/apache/maven/maven-core/3.2.5/maven-core-3.2.5.jar
Progress (4): 71 kB | 74/118 kB | 11 kB | 55 kB
Progress (4): 71 kB | 78/118 kB | 11 kB | 55 kB
Progress (4): 71 kB | 82/118 kB | 11 kB | 55 kB
Progress (4): 71 kB | 86/118 kB | 11 kB | 55 kB
Progress (4): 71 kB | 91/118 kB | 11 kB | 55 kB
Progress (4): 71 kB | 95/118 kB | 11 kB | 55 kB
Progress (4): 71 kB | 99/118 kB | 11 kB | 55 kB
Progress (4): 71 kB | 103/118 kB | 11 kB | 55 kB
Progress (4): 71 kB | 108/118 kB | 11 kB | 55 kB
Progress (4): 71 kB | 112/118 kB | 11 kB | 55 kB
                                                
Downloaded from central: https://repo1.maven.org/maven2/org/apache/maven/maven-artifact/3.2.5/maven-artifact-3.2.5.jar (55 kB at 391 kB/s)
Downloading from central: https://repo1.maven.org/maven2/org/apache/maven/maven-settings/3.2.5/maven-settings-3.2.5.jar
Progress (3): 71 kB | 116/118 kB | 11 kB
Progress (3): 71 kB | 118 kB | 11 kB    
                                    
Downloaded from central: https://repo1.maven.org/maven2/org/apache/maven/enforcer/enforcer-api/3.1.0/enforcer-api-3.1.0.jar (11 kB at 77 kB/s)
Downloading from central: https://repo1.maven.org/maven2/org/apache/maven/maven-settings-builder/3.2.5/maven-settings-builder-3.2.5.jar
Downloaded from central: https://repo1.maven.org/maven2/javax/enterprise/cdi-api/1.2/cdi-api-1.2.jar (71 kB at 480 kB/s)
Downloading from central: https://repo1.maven.org/maven2/org/apache/maven/maven-repository-metadata/3.2.5/maven-repository-metadata-3.2.5.jar
Downloaded from central: https://repo1.maven.org/maven2/org/apache/maven/enforcer/enforcer-rules/3.1.0/enforcer-rules-3.1.0.jar (118 kB at 754 kB/s)
Downloading from central: https://repo1.maven.org/maven2/org/apache/maven/maven-model-builder/3.2.5/maven-model-builder-3.2.5.jar
Progress (1): 3.8/608 kB
Progress (1): 8.0/608 kB
Progress (1): 12/608 kB 
Progress (2): 12/608 kB | 7.7/43 kB
Progress (2): 16/608 kB | 7.7/43 kB
Progress (2): 21/608 kB | 7.7/43 kB
Progress (2): 25/608 kB | 7.7/43 kB
Progress (2): 29/608 kB | 7.7/43 kB
Progress (2): 33/608 kB | 7.7/43 kB
Progress (2): 33/608 kB | 8.2/43 kB
Progress (2): 38/608 kB | 8.2/43 kB
Progress (2): 42/608 kB | 8.2/43 kB
Progress (2): 46/608 kB | 8.2/43 kB
Progress (2): 50/608 kB | 8.2/43 kB
Progress (2): 50/608 kB | 25/43 kB 
Progress (2): 54/608 kB | 25/43 kB
Progress (2): 59/608 kB | 25/43 kB
Progress (2): 59/608 kB | 41/43 kB
Progress (2): 63/608 kB | 41/43 kB
Progress (2): 63/608 kB | 43 kB   
Progress (2): 67/608 kB | 43 kB
Progress (2): 71/608 kB | 43 kB
Progress (2): 76/608 kB | 43 kB
Progress (2): 80/608 kB | 43 kB
Progress (2): 84/608 kB | 43 kB
Progress (2): 88/608 kB | 43 kB
Progress (2): 93/608 kB | 43 kB
Progress (2): 97/608 kB | 43 kB
Progress (3): 97/608 kB | 43 kB | 3.8/44 kB
Progress (3): 97/608 kB | 43 kB | 8.0/44 kB
Progress (3): 97/608 kB | 43 kB | 12/44 kB 
Progress (3): 97/608 kB | 43 kB | 16/44 kB
Progress (3): 101/608 kB | 43 kB | 16/44 kB
Progress (3): 105/608 kB | 43 kB | 16/44 kB
Progress (3): 105/608 kB | 43 kB | 20/44 kB
Progress (3): 109/608 kB | 43 kB | 20/44 kB
Progress (3): 109/608 kB | 43 kB | 24/44 kB
Progress (3): 114/608 kB | 43 kB | 24/44 kB
Progress (3): 114/608 kB | 43 kB | 29/44 kB
Progress (3): 118/608 kB | 43 kB | 29/44 kB
Progress (3): 118/608 kB | 43 kB | 33/44 kB
Progress (3): 122/608 kB | 43 kB | 33/44 kB
Progress (3): 122/608 kB | 43 kB | 37/44 kB
Progress (3): 126/608 kB | 43 kB | 37/44 kB
Progress (3): 126/608 kB | 43 kB | 41/44 kB
Progress (3): 131/608 kB | 43 kB | 41/44 kB
Progress (3): 131/608 kB | 43 kB | 44 kB   
Progress (3): 135/608 kB | 43 kB | 44 kB
Progress (3): 139/608 kB | 43 kB | 44 kB
Progress (3): 143/608 kB | 43 kB | 44 kB
Progress (3): 148/608 kB | 43 kB | 44 kB
Progress (3): 164/608 kB | 43 kB | 44 kB
Progress (3): 180/608 kB | 43 kB | 44 kB
Progress (4): 180/608 kB | 43 kB | 44 kB | 0.9/26 kB
Progress (4): 197/608 kB | 43 kB | 44 kB | 0.9/26 kB
Progress (4): 213/608 kB | 43 kB | 44 kB | 0.9/26 kB
Progress (4): 213/608 kB | 43 kB | 44 kB | 2.3/26 kB
                                                    
Downloaded from central: https://repo1.maven.org/maven2/org/apache/maven/maven-settings/3.2.5/maven-settings-3.2.5.jar (43 kB at 225 kB/s)
Downloading from central: https://repo1.maven.org/maven2/org/apache/maven/maven-aether-provider/3.2.5/maven-aether-provider-3.2.5.jar
Progress (3): 213/608 kB | 44 kB | 3.6/26 kB
Progress (3): 213/608 kB | 44 kB | 5.0/26 kB
Progress (3): 213/608 kB | 44 kB | 6.4/26 kB
Progress (3): 213/608 kB | 44 kB | 7.7/26 kB
Progress (3): 213/608 kB | 44 kB | 9.1/26 kB
Progress (3): 213/608 kB | 44 kB | 10/26 kB 
Progress (3): 213/608 kB | 44 kB | 12/26 kB
Progress (3): 213/608 kB | 44 kB | 13/26 kB
Progress (3): 213/608 kB | 44 kB | 14/26 kB
Progress (3): 213/608 kB | 44 kB | 16/26 kB
Progress (3): 213/608 kB | 44 kB | 17/26 kB
Progress (3): 213/608 kB | 44 kB | 18/26 kB
Progress (3): 213/608 kB | 44 kB | 20/26 kB
Progress (3): 213/608 kB | 44 kB | 21/26 kB
Progress (3): 213/608 kB | 44 kB | 23/26 kB
Progress (3): 213/608 kB | 44 kB | 24/26 kB
Progress (3): 213/608 kB | 44 kB | 25/26 kB
Progress (3): 213/608 kB | 44 kB | 26 kB   
                                        
Downloaded from central: https://repo1.maven.org/maven2/org/apache/maven/maven-settings-builder/3.2.5/maven-settings-builder-3.2.5.jar (44 kB at 223 kB/s)
Downloading from central: https://repo1.maven.org/maven2/com/google/guava/guava/16.0.1/guava-16.0.1.jar
Progress (2): 229/608 kB | 26 kB
Progress (2): 246/608 kB | 26 kB
Progress (2): 262/608 kB | 26 kB
Progress (2): 279/608 kB | 26 kB
Progress (2): 295/608 kB | 26 kB
Progress (2): 311/608 kB | 26 kB
Progress (2): 328/608 kB | 26 kB
Progress (2): 344/608 kB | 26 kB
Progress (2): 361/608 kB | 26 kB
Progress (2): 377/608 kB | 26 kB
Progress (2): 393/608 kB | 26 kB
Progress (2): 410/608 kB | 26 kB
Progress (2): 426/608 kB | 26 kB
Progress (2): 442/608 kB | 26 kB
Progress (2): 459/608 kB | 26 kB
                                
Downloaded from central: https://repo1.maven.org/maven2/org/apache/maven/maven-repository-metadata/3.2.5/maven-repository-metadata-3.2.5.jar (26 kB at 125 kB/s)
Downloading from central: https://repo1.maven.org/maven2/org/codehaus/plexus/plexus-interpolation/1.21/plexus-interpolation-1.21.jar
Progress (1): 475/608 kB
Progress (1): 492/608 kB
Progress (1): 508/608 kB
Progress (1): 524/608 kB
Progress (2): 524/608 kB | 4.2/170 kB
Progress (2): 541/608 kB | 4.2/170 kB
Progress (2): 541/608 kB | 8.2/170 kB
Progress (2): 557/608 kB | 8.2/170 kB
Progress (2): 557/608 kB | 12/170 kB 
Progress (2): 574/608 kB | 12/170 kB
Progress (2): 574/608 kB | 16/170 kB
Progress (2): 574/608 kB | 21/170 kB
Progress (2): 590/608 kB | 21/170 kB
Progress (2): 590/608 kB | 25/170 kB
Progress (2): 606/608 kB | 25/170 kB
Progress (2): 606/608 kB | 29/170 kB
Progress (2): 608 kB | 29/170 kB    
Progress (2): 608 kB | 33/170 kB
Progress (2): 608 kB | 38/170 kB
Progress (2): 608 kB | 42/170 kB
Progress (2): 608 kB | 46/170 kB
Progress (2): 608 kB | 49/170 kB
Progress (2): 608 kB | 53/170 kB
Progress (2): 608 kB | 57/170 kB
Progress (2): 608 kB | 74/170 kB
Progress (2): 608 kB | 82/170 kB
Progress (2): 608 kB | 98/170 kB
Progress (2): 608 kB | 115/170 kB
Progress (2): 608 kB | 123/170 kB
Progress (2): 608 kB | 139/170 kB
Progress (2): 608 kB | 156/170 kB
Progress (2): 608 kB | 170 kB    
                             
Downloaded from central: https://repo1.maven.org/maven2/org/apache/maven/maven-core/3.2.5/maven-core-3.2.5.jar (608 kB at 2.6 MB/s)
Downloading from central: https://repo1.maven.org/maven2/org/codehaus/plexus/plexus-classworlds/2.5.2/plexus-classworlds-2.5.2.jar
Progress (2): 170 kB | 0/2.2 MB
Progress (2): 170 kB | 0/2.2 MB
Progress (2): 170 kB | 0/2.2 MB
Progress (2): 170 kB | 0/2.2 MB
Progress (2): 170 kB | 0/2.2 MB
Progress (2): 170 kB | 0/2.2 MB
Progress (2): 170 kB | 0/2.2 MB
Progress (2): 170 kB | 0/2.2 MB
Progress (2): 170 kB | 0/2.2 MB
Progress (2): 170 kB | 0/2.2 MB
Progress (2): 170 kB | 0/2.2 MB
Progress (2): 170 kB | 0/2.2 MB
                               
Downloaded from central: https://repo1.maven.org/maven2/org/apache/maven/maven-model-builder/3.2.5/maven-model-builder-3.2.5.jar (170 kB at 706 kB/s)
Downloading from central: https://repo1.maven.org/maven2/org/codehaus/plexus/plexus-component-annotations/2.1.1/plexus-component-annotations-2.1.1.jar
Progress (1): 0/2.2 MB
Progress (1): 0/2.2 MB
Progress (1): 0/2.2 MB
Progress (1): 0/2.2 MB
Progress (1): 0/2.2 MB
Progress (1): 0/2.2 MB
Progress (1): 0/2.2 MB
Progress (1): 0/2.2 MB
Progress (1): 0.1/2.2 MB
Progress (1): 0.1/2.2 MB
Progress (1): 0.1/2.2 MB
Progress (2): 0.1/2.2 MB | 7.7/62 kB
Progress (2): 0.1/2.2 MB | 7.7/62 kB
Progress (2): 0.1/2.2 MB | 7.7/62 kB
Progress (2): 0.1/2.2 MB | 7.7/62 kB
Progress (2): 0.1/2.2 MB | 7.7/62 kB
Progress (2): 0.1/2.2 MB | 7.7/62 kB
Progress (2): 0.1/2.2 MB | 7.7/62 kB
Progress (3): 0.1/2.2 MB | 7.7/62 kB | 3.8/66 kB
Progress (3): 0.1/2.2 MB | 7.7/62 kB | 3.8/66 kB
Progress (3): 0.1/2.2 MB | 12/62 kB | 3.8/66 kB 
Progress (3): 0.1/2.2 MB | 12/62 kB | 8.0/66 kB
Progress (3): 0.1/2.2 MB | 12/62 kB | 8.2/66 kB
Progress (3): 0.1/2.2 MB | 28/62 kB | 8.2/66 kB
Progress (3): 0.1/2.2 MB | 28/62 kB | 12/66 kB 
Progress (3): 0.1/2.2 MB | 28/62 kB | 17/66 kB
Progress (3): 0.1/2.2 MB | 44/62 kB | 17/66 kB
Progress (3): 0.1/2.2 MB | 44/62 kB | 21/66 kB
Progress (3): 0.1/2.2 MB | 44/62 kB | 25/66 kB
Progress (3): 0.1/2.2 MB | 61/62 kB | 25/66 kB
Progress (3): 0.1/2.2 MB | 61/62 kB | 29/66 kB
Progress (3): 0.1/2.2 MB | 62 kB | 29/66 kB   
Progress (3): 0.1/2.2 MB | 62 kB | 34/66 kB
Progress (3): 0.1/2.2 MB | 62 kB | 38/66 kB
Progress (3): 0.1/2.2 MB | 62 kB | 42/66 kB
Progress (3): 0.1/2.2 MB | 62 kB | 46/66 kB
Progress (3): 0.1/2.2 MB | 62 kB | 50/66 kB
Progress (3): 0.1/2.2 MB | 62 kB | 57/66 kB
Progress (3): 0.1/2.2 MB | 62 kB | 57/66 kB
Progress (3): 0.1/2.2 MB | 62 kB | 57/66 kB
Progress (3): 0.1/2.2 MB | 62 kB | 57/66 kB
Progress (3): 0.1/2.2 MB | 62 kB | 57/66 kB
Progress (3): 0.1/2.2 MB | 62 kB | 57/66 kB
Progress (3): 0.1/2.2 MB | 62 kB | 57/66 kB
Progress (3): 0.1/2.2 MB | 62 kB | 57/66 kB
Progress (3): 0.1/2.2 MB | 62 kB | 57/66 kB
Progress (3): 0.1/2.2 MB | 62 kB | 57/66 kB
Progress (3): 0.1/2.2 MB | 62 kB | 57/66 kB
Progress (3): 0.1/2.2 MB | 62 kB | 57/66 kB
Progress (3): 0.1/2.2 MB | 62 kB | 66 kB   
Progress (3): 0.1/2.2 MB | 62 kB | 66 kB
Progress (3): 0.1/2.2 MB | 62 kB | 66 kB
Progress (3): 0.1/2.2 MB | 62 kB | 66 kB
Progress (3): 0.2/2.2 MB | 62 kB | 66 kB
Progress (3): 0.2/2.2 MB | 62 kB | 66 kB
Progress (3): 0.2/2.2 MB | 62 kB | 66 kB
Progress (3): 0.2/2.2 MB | 62 kB | 66 kB
Progress (3): 0.2/2.2 MB | 62 kB | 66 kB
                                        
Downloaded from central: https://repo1.maven.org/maven2/org/codehaus/plexus/plexus-interpolation/1.21/plexus-interpolation-1.21.jar (62 kB at 240 kB/s)
Downloading from central: https://repo1.maven.org/maven2/org/sonatype/plexus/plexus-sec-dispatcher/1.3/plexus-sec-dispatcher-1.3.jar
Progress (2): 0.2/2.2 MB | 66 kB
Progress (2): 0.2/2.2 MB | 66 kB
Progress (2): 0.2/2.2 MB | 66 kB
Progress (2): 0.2/2.2 MB | 66 kB
Progress (3): 0.2/2.2 MB | 66 kB | 7.7/53 kB
Progress (3): 0.2/2.2 MB | 66 kB | 7.7/53 kB
Progress (3): 0.2/2.2 MB | 66 kB | 16/53 kB 
Progress (3): 0.2/2.2 MB | 66 kB | 25/53 kB
Progress (3): 0.2/2.2 MB | 66 kB | 33/53 kB
Progress (3): 0.2/2.2 MB | 66 kB | 49/53 kB
Progress (3): 0.2/2.2 MB | 66 kB | 49/53 kB
Progress (3): 0.2/2.2 MB | 66 kB | 53 kB   
Progress (3): 0.2/2.2 MB | 66 kB | 53 kB
Progress (3): 0.3/2.2 MB | 66 kB | 53 kB
Progress (3): 0.3/2.2 MB | 66 kB | 53 kB
Progress (3): 0.3/2.2 MB | 66 kB | 53 kB
Progress (3): 0.3/2.2 MB | 66 kB | 53 kB
                                        
Downloaded from central: https://repo1.maven.org/maven2/org/apache/maven/maven-aether-provider/3.2.5/maven-aether-provider-3.2.5.jar (66 kB at 244 kB/s)
Downloading from central: https://repo1.maven.org/maven2/org/sonatype/plexus/plexus-cipher/1.4/plexus-cipher-1.4.jar
Progress (2): 0.3/2.2 MB | 53 kB
Progress (2): 0.3/2.2 MB | 53 kB
Progress (2): 0.4/2.2 MB | 53 kB
Progress (2): 0.4/2.2 MB | 53 kB
Progress (2): 0.4/2.2 MB | 53 kB
                                
Downloaded from central: https://repo1.maven.org/maven2/org/codehaus/plexus/plexus-classworlds/2.5.2/plexus-classworlds-2.5.2.jar (53 kB at 194 kB/s)
Downloading from central: https://repo1.maven.org/maven2/org/apache/maven/shared/maven-shared-utils/3.3.4/maven-shared-utils-3.3.4.jar
Progress (1): 0.4/2.2 MB
Progress (1): 0.4/2.2 MB
Progress (1): 0.4/2.2 MB
Progress (2): 0.4/2.2 MB | 4.1 kB
Progress (2): 0.5/2.2 MB | 4.1 kB
Progress (2): 0.5/2.2 MB | 4.1 kB
Progress (2): 0.5/2.2 MB | 4.1 kB
Progress (2): 0.5/2.2 MB | 4.1 kB
Progress (2): 0.5/2.2 MB | 4.1 kB
Progress (2): 0.5/2.2 MB | 4.1 kB
Progress (2): 0.5/2.2 MB | 4.1 kB
Progress (2): 0.6/2.2 MB | 4.1 kB
Progress (2): 0.6/2.2 MB | 4.1 kB
Progress (2): 0.6/2.2 MB | 4.1 kB
                                 
Downloaded from central: https://repo1.maven.org/maven2/org/codehaus/plexus/plexus-component-annotations/2.1.1/plexus-component-annotations-2.1.1.jar (4.1 kB at 14 kB/s)
Downloading from central: https://repo1.maven.org/maven2/org/codehaus/plexus/plexus-utils/3.4.2/plexus-utils-3.4.2.jar
Progress (1): 0.6/2.2 MB
Progress (1): 0.6/2.2 MB
Progress (1): 0.6/2.2 MB
Progress (1): 0.7/2.2 MB
Progress (1): 0.7/2.2 MB
Progress (1): 0.7/2.2 MB
Progress (1): 0.7/2.2 MB
Progress (1): 0.7/2.2 MB
Progress (1): 0.7/2.2 MB
Progress (1): 0.8/2.2 MB
Progress (1): 0.8/2.2 MB
Progress (1): 0.8/2.2 MB
Progress (1): 0.8/2.2 MB
Progress (1): 0.8/2.2 MB
Progress (1): 0.8/2.2 MB
Progress (1): 0.9/2.2 MB
Progress (1): 0.9/2.2 MB
Progress (1): 0.9/2.2 MB
Progress (1): 0.9/2.2 MB
Progress (1): 0.9/2.2 MB
Progress (1): 0.9/2.2 MB
Progress (1): 1.0/2.2 MB
Progress (1): 1.0/2.2 MB
Progress (1): 1.0/2.2 MB
Progress (1): 1.0/2.2 MB
Progress (2): 1.0/2.2 MB | 7.7/29 kB
Progress (2): 1.0/2.2 MB | 7.7/29 kB
Progress (2): 1.0/2.2 MB | 7.7/29 kB
Progress (2): 1.1/2.2 MB | 7.7/29 kB
Progress (2): 1.1/2.2 MB | 16/29 kB 
Progress (2): 1.1/2.2 MB | 16/29 kB
Progress (2): 1.1/2.2 MB | 29 kB   
Progress (2): 1.1/2.2 MB | 29 kB
Progress (2): 1.1/2.2 MB | 29 kB
Progress (2): 1.1/2.2 MB | 29 kB
Progress (2): 1.1/2.2 MB | 29 kB
Progress (2): 1.2/2.2 MB | 29 kB
Progress (2): 1.2/2.2 MB | 29 kB
Progress (2): 1.2/2.2 MB | 29 kB
Progress (2): 1.2/2.2 MB | 29 kB
Progress (2): 1.2/2.2 MB | 29 kB
Progress (2): 1.2/2.2 MB | 29 kB
Progress (2): 1.2/2.2 MB | 29 kB
Progress (2): 1.3/2.2 MB | 29 kB
Progress (2): 1.3/2.2 MB | 29 kB
Progress (2): 1.3/2.2 MB | 29 kB
Progress (2): 1.3/2.2 MB | 29 kB
Progress (3): 1.3/2.2 MB | 29 kB | 7.7/13 kB
Progress (3): 1.3/2.2 MB | 29 kB | 7.7/13 kB
Progress (3): 1.3/2.2 MB | 29 kB | 7.7/13 kB
Progress (3): 1.4/2.2 MB | 29 kB | 7.7/13 kB
Progress (3): 1.4/2.2 MB | 29 kB | 8.2/13 kB
Progress (3): 1.4/2.2 MB | 29 kB | 8.2/13 kB
Progress (3): 1.4/2.2 MB | 29 kB | 8.2/13 kB
Progress (3): 1.4/2.2 MB | 29 kB | 8.2/13 kB
Progress (3): 1.4/2.2 MB | 29 kB | 13 kB    
Progress (3): 1.4/2.2 MB | 29 kB | 13 kB
Progress (3): 1.4/2.2 MB | 29 kB | 13 kB
Progress (4): 1.4/2.2 MB | 29 kB | 13 kB | 3.4/153 kB
Progress (4): 1.5/2.2 MB | 29 kB | 13 kB | 3.4/153 kB
Progress (4): 1.5/2.2 MB | 29 kB | 13 kB | 3.4/153 kB
Progress (4): 1.5/2.2 MB | 29 kB | 13 kB | 3.4/153 kB
Progress (4): 1.5/2.2 MB | 29 kB | 13 kB | 3.4/153 kB
Progress (4): 1.5/2.2 MB | 29 kB | 13 kB | 3.4/153 kB
                                                     
Downloaded from central: https://repo1.maven.org/maven2/org/sonatype/plexus/plexus-sec-dispatcher/1.3/plexus-sec-dispatcher-1.3.jar (29 kB at 91 kB/s)
Downloading from central: https://repo1.maven.org/maven2/org/apache/commons/commons-lang3/3.12.0/commons-lang3-3.12.0.jar
Progress (3): 1.5/2.2 MB | 13 kB | 3.4/153 kB
Progress (3): 1.6/2.2 MB | 13 kB | 3.4/153 kB
Progress (3): 1.6/2.2 MB | 13 kB | 3.4/153 kB
Progress (3): 1.6/2.2 MB | 13 kB | 3.4/153 kB
Progress (3): 1.6/2.2 MB | 13 kB | 3.4/153 kB
Progress (3): 1.6/2.2 MB | 13 kB | 3.4/153 kB
Progress (3): 1.6/2.2 MB | 13 kB | 3.4/153 kB
Progress (3): 1.6/2.2 MB | 13 kB | 20/153 kB 
Progress (3): 1.7/2.2 MB | 13 kB | 20/153 kB
Progress (3): 1.7/2.2 MB | 13 kB | 36/153 kB
Progress (3): 1.7/2.2 MB | 13 kB | 36/153 kB
Progress (3): 1.7/2.2 MB | 13 kB | 36/153 kB
Progress (3): 1.7/2.2 MB | 13 kB | 53/153 kB
Progress (3): 1.7/2.2 MB | 13 kB | 53/153 kB
Progress (3): 1.7/2.2 MB | 13 kB | 61/153 kB
Progress (3): 1.7/2.2 MB | 13 kB | 61/153 kB
Progress (3): 1.7/2.2 MB | 13 kB | 77/153 kB
Progress (3): 1.7/2.2 MB | 13 kB | 77/153 kB
Progress (3): 1.7/2.2 MB | 13 kB | 94/153 kB
Progress (3): 1.8/2.2 MB | 13 kB | 94/153 kB
Progress (3): 1.8/2.2 MB | 13 kB | 110/153 kB
Progress (3): 1.8/2.2 MB | 13 kB | 110/153 kB
Progress (3): 1.8/2.2 MB | 13 kB | 126/153 kB
Progress (3): 1.8/2.2 MB | 13 kB | 126/153 kB
Progress (3): 1.8/2.2 MB | 13 kB | 143/153 kB
Progress (3): 1.8/2.2 MB | 13 kB | 143/153 kB
Progress (3): 1.8/2.2 MB | 13 kB | 153 kB    
Progress (3): 1.8/2.2 MB | 13 kB | 153 kB
Progress (3): 1.8/2.2 MB | 13 kB | 153 kB
Progress (3): 1.9/2.2 MB | 13 kB | 153 kB
Progress (3): 1.9/2.2 MB | 13 kB | 153 kB
Progress (3): 1.9/2.2 MB | 13 kB | 153 kB
Progress (3): 1.9/2.2 MB | 13 kB | 153 kB
Progress (3): 1.9/2.2 MB | 13 kB | 153 kB
Progress (3): 1.9/2.2 MB | 13 kB | 153 kB
Progress (3): 2.0/2.2 MB | 13 kB | 153 kB
Progress (3): 2.0/2.2 MB | 13 kB | 153 kB
Progress (3): 2.0/2.2 MB | 13 kB | 153 kB
Progress (3): 2.0/2.2 MB | 13 kB | 153 kB
Progress (3): 2.0/2.2 MB | 13 kB | 153 kB
Progress (3): 2.0/2.2 MB | 13 kB | 153 kB
Progress (3): 2.1/2.2 MB | 13 kB | 153 kB
Progress (3): 2.1/2.2 MB | 13 kB | 153 kB
Progress (3): 2.1/2.2 MB | 13 kB | 153 kB
Progress (3): 2.1/2.2 MB | 13 kB | 153 kB
Progress (3): 2.1/2.2 MB | 13 kB | 153 kB
Progress (3): 2.1/2.2 MB | 13 kB | 153 kB
Progress (3): 2.1/2.2 MB | 13 kB | 153 kB
Progress (3): 2.2/2.2 MB | 13 kB | 153 kB
Progress (3): 2.2/2.2 MB | 13 kB | 153 kB
Progress (3): 2.2/2.2 MB | 13 kB | 153 kB
Progress (3): 2.2/2.2 MB | 13 kB | 153 kB
Progress (3): 2.2 MB | 13 kB | 153 kB    
Progress (4): 2.2 MB | 13 kB | 153 kB | 7.7/267 kB
Progress (5): 2.2 MB | 13 kB | 153 kB | 7.7/267 kB | 7.7/587 kB
Progress (5): 2.2 MB | 13 kB | 153 kB | 7.7/267 kB | 8.2/587 kB
Progress (5): 2.2 MB | 13 kB | 153 kB | 16/267 kB | 8.2/587 kB 
                                                              
Downloaded from central: https://repo1.maven.org/maven2/org/sonatype/plexus/plexus-cipher/1.4/plexus-cipher-1.4.jar (13 kB at 14 kB/s)
Downloading from central: https://repo1.maven.org/maven2/org/apache/maven/shared/maven-dependency-tree/3.1.1/maven-dependency-tree-3.1.1.jar
Progress (4): 2.2 MB | 153 kB | 16/267 kB | 25/587 kB
Progress (4): 2.2 MB | 153 kB | 16/267 kB | 41/587 kB
Progress (4): 2.2 MB | 153 kB | 32/267 kB | 41/587 kB
Progress (4): 2.2 MB | 153 kB | 32/267 kB | 57/587 kB
Progress (4): 2.2 MB | 153 kB | 49/267 kB | 57/587 kB
Progress (4): 2.2 MB | 153 kB | 49/267 kB | 74/587 kB
Progress (4): 2.2 MB | 153 kB | 65/267 kB | 74/587 kB
Progress (4): 2.2 MB | 153 kB | 65/267 kB | 90/587 kB
Progress (4): 2.2 MB | 153 kB | 81/267 kB | 90/587 kB
Progress (4): 2.2 MB | 153 kB | 81/267 kB | 106/587 kB
Progress (4): 2.2 MB | 153 kB | 98/267 kB | 106/587 kB
Progress (4): 2.2 MB | 153 kB | 98/267 kB | 123/587 kB
Progress (4): 2.2 MB | 153 kB | 114/267 kB | 123/587 kB
Progress (4): 2.2 MB | 153 kB | 114/267 kB | 135/587 kB
Progress (4): 2.2 MB | 153 kB | 114/267 kB | 143/587 kB
Progress (4): 2.2 MB | 153 kB | 131/267 kB | 143/587 kB
Progress (4): 2.2 MB | 153 kB | 131/267 kB | 156/587 kB
Progress (4): 2.2 MB | 153 kB | 147/267 kB | 156/587 kB
Progress (4): 2.2 MB | 153 kB | 147/267 kB | 172/587 kB
Progress (4): 2.2 MB | 153 kB | 163/267 kB | 172/587 kB
Progress (4): 2.2 MB | 153 kB | 163/267 kB | 188/587 kB
Progress (4): 2.2 MB | 153 kB | 180/267 kB | 188/587 kB
Progress (4): 2.2 MB | 153 kB | 180/267 kB | 197/587 kB
Progress (4): 2.2 MB | 153 kB | 196/267 kB | 197/587 kB
Progress (4): 2.2 MB | 153 kB | 196/267 kB | 213/587 kB
Progress (4): 2.2 MB | 153 kB | 196/267 kB | 221/587 kB
Progress (4): 2.2 MB | 153 kB | 196/267 kB | 229/587 kB
Progress (4): 2.2 MB | 153 kB | 213/267 kB | 229/587 kB
Progress (4): 2.2 MB | 153 kB | 213/267 kB | 246/587 kB
Progress (4): 2.2 MB | 153 kB | 229/267 kB | 246/587 kB
Progress (4): 2.2 MB | 153 kB | 229/267 kB | 262/587 kB
Progress (4): 2.2 MB | 153 kB | 245/267 kB | 262/587 kB
Progress (4): 2.2 MB | 153 kB | 245/267 kB | 279/587 kB
Progress (4): 2.2 MB | 153 kB | 262/267 kB | 279/587 kB
Progress (4): 2.2 MB | 153 kB | 262/267 kB | 295/587 kB
Progress (4): 2.2 MB | 153 kB | 267 kB | 295/587 kB    
Progress (4): 2.2 MB | 153 kB | 267 kB | 311/587 kB
Progress (4): 2.2 MB | 153 kB | 267 kB | 328/587 kB
Progress (4): 2.2 MB | 153 kB | 267 kB | 344/587 kB
Progress (4): 2.2 MB | 153 kB | 267 kB | 360/587 kB
Progress (4): 2.2 MB | 153 kB | 267 kB | 377/587 kB
Progress (4): 2.2 MB | 153 kB | 267 kB | 393/587 kB
Progress (4): 2.2 MB | 153 kB | 267 kB | 410/587 kB
Progress (4): 2.2 MB | 153 kB | 267 kB | 426/587 kB
Progress (4): 2.2 MB | 153 kB | 267 kB | 442/587 kB
Progress (4): 2.2 MB | 153 kB | 267 kB | 459/587 kB
Progress (4): 2.2 MB | 153 kB | 267 kB | 475/587 kB
Progress (4): 2.2 MB | 153 kB | 267 kB | 492/587 kB
Progress (4): 2.2 MB | 153 kB | 267 kB | 508/587 kB
Progress (4): 2.2 MB | 153 kB | 267 kB | 524/587 kB
Progress (4): 2.2 MB | 153 kB | 267 kB | 541/587 kB
Progress (4): 2.2 MB | 153 kB | 267 kB | 557/587 kB
Progress (4): 2.2 MB | 153 kB | 267 kB | 573/587 kB
Progress (4): 2.2 MB | 153 kB | 267 kB | 587 kB    
                                               
Downloaded from central: https://repo1.maven.org/maven2/org/apache/maven/shared/maven-shared-utils/3.3.4/maven-shared-utils-3.3.4.jar (153 kB at 148 kB/s)
Progress (4): 2.2 MB | 267 kB | 587 kB | 7.7/99 kB
                                                  
Downloaded from central: https://repo1.maven.org/maven2/com/google/guava/guava/16.0.1/guava-16.0.1.jar (2.2 MB at 2.0 MB/s)
Progress (3): 267 kB | 587 kB | 12/99 kB
Progress (3): 267 kB | 587 kB | 28/99 kB
                                        
Downloaded from central: https://repo1.maven.org/maven2/org/codehaus/plexus/plexus-utils/3.4.2/plexus-utils-3.4.2.jar (267 kB at 236 kB/s)
Progress (2): 587 kB | 44/99 kB
Progress (2): 587 kB | 61/99 kB
Progress (2): 587 kB | 77/99 kB
Progress (2): 587 kB | 94/99 kB
Progress (2): 587 kB | 99 kB   
                            
Downloaded from central: https://repo1.maven.org/maven2/org/apache/commons/commons-lang3/3.12.0/commons-lang3-3.12.0.jar (587 kB at 516 kB/s)
Downloaded from central: https://repo1.maven.org/maven2/org/apache/maven/shared/maven-dependency-tree/3.1.1/maven-dependency-tree-3.1.1.jar (99 kB at 86 kB/s)
[INFO] 
[INFO] --- enforcer:3.1.0:enforce (enforce-java-version) @ httpcore5 ---
[INFO] 
[INFO] --- checkstyle:3.3.1:checkstyle (validate) @ httpcore5 ---
Downloading from central: https://repo1.maven.org/maven2/org/apache/httpcomponents/hc-stylecheck/3/hc-stylecheck-3.pom
Progress (1): 873 B
Progress (1): 2.4 kB
Progress (1): 4.4 kB
                    
Downloaded from central: https://repo1.maven.org/maven2/org/apache/httpcomponents/hc-stylecheck/3/hc-stylecheck-3.pom (4.4 kB at 67 kB/s)
Downloading from central: https://repo1.maven.org/maven2/org/apache/commons/commons-parent/47/commons-parent-47.pom
Progress (1): 704 B
Progress (1): 1.9 kB
Progress (1): 3.3 kB
Progress (1): 5.0 kB
Progress (1): 6.7 kB
Progress (1): 8.3 kB
Progress (1): 9.8 kB
Progress (1): 12 kB 
Progress (1): 15 kB
Progress (1): 18 kB
Progress (1): 22 kB
Progress (1): 26 kB
Progress (1): 29 kB
Progress (1): 32 kB
Progress (1): 34 kB
Progress (1): 34 kB
Progress (1): 37 kB
Progress (1): 41 kB
Progress (1): 44 kB
Progress (1): 46 kB
Progress (1): 50 kB
Progress (1): 55 kB
Progress (1): 60 kB
Progress (1): 64 kB
Progress (1): 67 kB
Progress (1): 69 kB
Progress (1): 71 kB
Progress (1): 73 kB
Progress (1): 75 kB
Progress (1): 77 kB
Progress (1): 78 kB
                   
Downloaded from central: https://repo1.maven.org/maven2/org/apache/commons/commons-parent/47/commons-parent-47.pom (78 kB at 1.0 MB/s)
Downloading from central: https://repo1.maven.org/maven2/org/apache/apache/19/apache-19.pom
Progress (1): 756 B
Progress (1): 2.1 kB
Progress (1): 3.9 kB
Progress (1): 8.0 kB
Progress (1): 12 kB 
Progress (1): 15 kB
                   
Downloaded from central: https://repo1.maven.org/maven2/org/apache/apache/19/apache-19.pom (15 kB at 215 kB/s)
Downloading from central: https://repo1.maven.org/maven2/org/apache/commons/commons-parent/34/commons-parent-34.pom
Progress (1): 715 B
Progress (1): 1.9 kB
Progress (1): 3.2 kB
Progress (1): 4.7 kB
Progress (1): 8.3 kB
Progress (1): 12 kB 
Progress (1): 16 kB
Progress (1): 19 kB
Progress (1): 21 kB
Progress (1): 24 kB
Progress (1): 27 kB
Progress (1): 30 kB
Progress (1): 33 kB
Progress (1): 37 kB
Progress (1): 43 kB
Progress (1): 43 kB
Progress (1): 45 kB
Progress (1): 48 kB
Progress (1): 51 kB
Progress (1): 53 kB
Progress (1): 55 kB
Progress (1): 56 kB
                   
Downloaded from central: https://repo1.maven.org/maven2/org/apache/commons/commons-parent/34/commons-parent-34.pom (56 kB at 799 kB/s)
[INFO] Artifact org.apache:apache:pom:13 is present in the local repository, but cached from a remote repository ID that is unavailable in current build context, verifying that is downloadable from [apache.snapshots (https://repository.apache.org/snapshots, default, snapshots), central (https://repo1.maven.org/maven2, default, releases), sonatype-nexus-snapshots (https://oss.sonatype.org/content/repositories/snapshots, default, snapshots)]
[INFO] Artifact org.apache:apache:pom:13 is present in the local repository, but cached from a remote repository ID that is unavailable in current build context, verifying that is downloadable from [apache.snapshots (https://repository.apache.org/snapshots, default, snapshots), central (https://repo1.maven.org/maven2, default, releases), sonatype-nexus-snapshots (https://oss.sonatype.org/content/repositories/snapshots, default, snapshots)]
Downloading from central: https://repo1.maven.org/maven2/org/apache/apache/13/apache-13.pom
Downloaded from central: https://repo1.maven.org/maven2/org/apache/apache/13/apache-13.pom (0 B at 0 B/s)
Downloading from central: https://repo1.maven.org/maven2/org/apache/commons/commons-parent/39/commons-parent-39.pom
Progress (1): 718 B
Progress (1): 1.9 kB
Progress (1): 3.1 kB
Progress (1): 4.6 kB
Progress (1): 8.0 kB
Progress (1): 11 kB 
Progress (1): 14 kB
Progress (1): 18 kB
Progress (1): 21 kB
Progress (1): 23 kB
Progress (1): 26 kB
Progress (1): 29 kB
Progress (1): 32 kB
Progress (1): 35 kB
Progress (1): 37 kB
Progress (1): 37 kB
Progress (1): 41 kB
Progress (1): 46 kB
Progress (1): 50 kB
Progress (1): 53 kB
Progress (1): 55 kB
Progress (1): 58 kB
Progress (1): 60 kB
Progress (1): 62 kB
                   
Downloaded from central: https://repo1.maven.org/maven2/org/apache/commons/commons-parent/39/commons-parent-39.pom (62 kB at 873 kB/s)
Downloading from central: https://repo1.maven.org/maven2/org/apache/apache/16/apache-16.pom
Progress (1): 745 B
Progress (1): 2.1 kB
Progress (1): 3.9 kB
Progress (1): 7.8 kB
Progress (1): 11 kB 
Progress (1): 14 kB
Progress (1): 15 kB
                   
Downloaded from central: https://repo1.maven.org/maven2/org/apache/apache/16/apache-16.pom (15 kB at 230 kB/s)
Downloading from central: https://repo1.maven.org/maven2/org/slf4j/slf4j-api/1.7.32/slf4j-api-1.7.32.pom
Progress (1): 1.0 kB
Progress (1): 3.3 kB
Progress (1): 3.8 kB
                    
Downloaded from central: https://repo1.maven.org/maven2/org/slf4j/slf4j-api/1.7.32/slf4j-api-1.7.32.pom (3.8 kB at 62 kB/s)
Downloading from central: https://repo1.maven.org/maven2/org/slf4j/slf4j-parent/1.7.32/slf4j-parent-1.7.32.pom
Progress (1): 1.0 kB
Progress (1): 3.2 kB
Progress (1): 6.0 kB
Progress (1): 9.1 kB
Progress (1): 12 kB 
Progress (1): 14 kB
                   
Downloaded from central: https://repo1.maven.org/maven2/org/slf4j/slf4j-parent/1.7.32/slf4j-parent-1.7.32.pom (14 kB at 216 kB/s)
Downloading from central: https://repo1.maven.org/maven2/org/apache/maven/reporting/maven-reporting-api/3.1.1/maven-reporting-api-3.1.1.pom
Progress (1): 778 B
Progress (1): 2.2 kB
Progress (1): 3.8 kB
                    
Downloaded from central: https://repo1.maven.org/maven2/org/apache/maven/reporting/maven-reporting-api/3.1.1/maven-reporting-api-3.1.1.pom (3.8 kB at 59 kB/s)
Downloading from central: https://repo1.maven.org/maven2/org/apache/maven/doxia/doxia-sink-api/1.11.1/doxia-sink-api-1.11.1.pom
Progress (1): 835 B
Progress (1): 1.6 kB
                    
Downloaded from central: https://repo1.maven.org/maven2/org/apache/maven/doxia/doxia-sink-api/1.11.1/doxia-sink-api-1.11.1.pom (1.6 kB at 27 kB/s)
Downloading from central: https://repo1.maven.org/maven2/org/apache/maven/doxia/doxia/1.11.1/doxia-1.11.1.pom
Progress (1): 755 B
Progress (1): 2.2 kB
Progress (1): 3.7 kB
Progress (1): 8.9 kB
Progress (1): 12 kB 
Progress (1): 16 kB
Progress (1): 18 kB
                   
Downloaded from central: https://repo1.maven.org/maven2/org/apache/maven/doxia/doxia/1.11.1/doxia-1.11.1.pom (18 kB at 231 kB/s)
Downloading from central: https://repo1.maven.org/maven2/org/apache/maven/doxia/doxia-logging-api/1.11.1/doxia-logging-api-1.11.1.pom
Progress (1): 832 B
Progress (1): 1.6 kB
                    
Downloaded from central: https://repo1.maven.org/maven2/org/apache/maven/doxia/doxia-logging-api/1.11.1/doxia-logging-api-1.11.1.pom (1.6 kB at 23 kB/s)
Downloading from central: https://repo1.maven.org/maven2/org/apache/maven/reporting/maven-reporting-impl/3.2.0/maven-reporting-impl-3.2.0.pom
Progress (1): 783 B
Progress (1): 2.2 kB
Progress (1): 5.4 kB
Progress (1): 7.5 kB
Progress (1): 7.6 kB
                    
Downloaded from central: https://repo1.maven.org/maven2/org/apache/maven/reporting/maven-reporting-impl/3.2.0/maven-reporting-impl-3.2.0.pom (7.6 kB at 84 kB/s)
Downloading from central: https://repo1.maven.org/maven2/org/apache/maven/maven-core/3.1.0/maven-core-3.1.0.pom
Progress (1): 801 B
Progress (1): 3.9 kB
Progress (1): 6.3 kB
Progress (1): 6.9 kB
                    
Downloaded from central: https://repo1.maven.org/maven2/org/apache/maven/maven-core/3.1.0/maven-core-3.1.0.pom (6.9 kB at 117 kB/s)
Downloading from central: https://repo1.maven.org/maven2/org/apache/maven/maven/3.1.0/maven-3.1.0.pom
Progress (1): 770 B
Progress (1): 1.9 kB
Progress (1): 3.7 kB
Progress (1): 7.8 kB
Progress (1): 13 kB 
Progress (1): 17 kB
Progress (1): 19 kB
Progress (1): 22 kB
                   
Downloaded from central: https://repo1.maven.org/maven2/org/apache/maven/maven/3.1.0/maven-3.1.0.pom (22 kB at 352 kB/s)
[INFO] Artifact org.apache.maven:maven-parent:pom:23 is present in the local repository, but cached from a remote repository ID that is unavailable in current build context, verifying that is downloadable from [apache.snapshots (https://repository.apache.org/snapshots, default, snapshots), central (https://repo1.maven.org/maven2, default, releases)]
[INFO] Artifact org.apache.maven:maven-parent:pom:23 is present in the local repository, but cached from a remote repository ID that is unavailable in current build context, verifying that is downloadable from [apache.snapshots (https://repository.apache.org/snapshots, default, snapshots), central (https://repo1.maven.org/maven2, default, releases)]
Downloading from central: https://repo1.maven.org/maven2/org/apache/maven/maven-parent/23/maven-parent-23.pom
Downloaded from central: https://repo1.maven.org/maven2/org/apache/maven/maven-parent/23/maven-parent-23.pom (0 B at 0 B/s)
Downloading from central: https://repo1.maven.org/maven2/org/apache/maven/maven-model/3.1.0/maven-model-3.1.0.pom
Progress (1): 811 B
Progress (1): 2.6 kB
Progress (1): 3.8 kB
                    
Downloaded from central: https://repo1.maven.org/maven2/org/apache/maven/maven-model/3.1.0/maven-model-3.1.0.pom (3.8 kB at 69 kB/s)
Downloading from central: https://repo1.maven.org/maven2/org/codehaus/plexus/plexus-utils/4.0.0/plexus-utils-4.0.0.pom
Progress (1): 724 B
Progress (1): 2.3 kB
Progress (1): 4.5 kB
Progress (1): 8.7 kB
                    
Downloaded from central: https://repo1.maven.org/maven2/org/codehaus/plexus/plexus-utils/4.0.0/plexus-utils-4.0.0.pom (8.7 kB at 149 kB/s)
Downloading from central: https://repo1.maven.org/maven2/org/apache/maven/maven-settings/3.1.0/maven-settings-3.1.0.pom
Progress (1): 832 B
Progress (1): 1.8 kB
                    
Downloaded from central: https://repo1.maven.org/maven2/org/apache/maven/maven-settings/3.1.0/maven-settings-3.1.0.pom (1.8 kB at 37 kB/s)
Downloading from central: https://repo1.maven.org/maven2/org/apache/maven/maven-settings-builder/3.1.0/maven-settings-builder-3.1.0.pom
Progress (1): 823 B
Progress (1): 2.3 kB
                    
Downloaded from central: https://repo1.maven.org/maven2/org/apache/maven/maven-settings-builder/3.1.0/maven-settings-builder-3.1.0.pom (2.3 kB at 36 kB/s)
Downloading from central: https://repo1.maven.org/maven2/org/codehaus/plexus/plexus-interpolation/1.16/plexus-interpolation-1.16.pom
Progress (1): 1.0 kB
                    
Downloaded from central: https://repo1.maven.org/maven2/org/codehaus/plexus/plexus-interpolation/1.16/plexus-interpolation-1.16.pom (1.0 kB at 19 kB/s)
Downloading from central: https://repo1.maven.org/maven2/org/codehaus/plexus/plexus-components/1.3/plexus-components-1.3.pom
Progress (1): 1.3 kB
Progress (1): 3.1 kB
                    
Downloaded from central: https://repo1.maven.org/maven2/org/codehaus/plexus/plexus-components/1.3/plexus-components-1.3.pom (3.1 kB at 62 kB/s)
Downloading from central: https://repo1.maven.org/maven2/org/codehaus/plexus/plexus/3.3/plexus-3.3.pom
Progress (1): 707 B
Progress (1): 2.6 kB
Progress (1): 6.1 kB
Progress (1): 8.6 kB
Progress (1): 11 kB 
Progress (1): 16 kB
Progress (1): 20 kB
Progress (1): 20 kB
                   
Downloaded from central: https://repo1.maven.org/maven2/org/codehaus/plexus/plexus/3.3/plexus-3.3.pom (20 kB at 362 kB/s)
Downloading from central: https://repo1.maven.org/maven2/org/apache/maven/maven-repository-metadata/3.1.0/maven-repository-metadata-3.1.0.pom
Progress (1): 832 B
Progress (1): 1.9 kB
                    
Downloaded from central: https://repo1.maven.org/maven2/org/apache/maven/maven-repository-metadata/3.1.0/maven-repository-metadata-3.1.0.pom (1.9 kB at 36 kB/s)
Downloading from central: https://repo1.maven.org/maven2/org/apache/maven/maven-artifact/3.1.0/maven-artifact-3.1.0.pom
Progress (1): 857 B
Progress (1): 1.6 kB
                    
Downloaded from central: https://repo1.maven.org/maven2/org/apache/maven/maven-artifact/3.1.0/maven-artifact-3.1.0.pom (1.6 kB at 31 kB/s)
Downloading from central: https://repo1.maven.org/maven2/org/apache/maven/maven-plugin-api/3.1.0/maven-plugin-api-3.1.0.pom
Progress (1): 819 B
Progress (1): 2.7 kB
Progress (1): 3.0 kB
                    
Downloaded from central: https://repo1.maven.org/maven2/org/apache/maven/maven-plugin-api/3.1.0/maven-plugin-api-3.1.0.pom (3.0 kB at 57 kB/s)
Downloading from central: https://repo1.maven.org/maven2/org/codehaus/plexus/plexus-component-annotations/2.1.0/plexus-component-annotations-2.1.0.pom
Progress (1): 750 B
                   
Downloaded from central: https://repo1.maven.org/maven2/org/codehaus/plexus/plexus-component-annotations/2.1.0/plexus-component-annotations-2.1.0.pom (750 B at 14 kB/s)
Downloading from central: https://repo1.maven.org/maven2/org/codehaus/plexus/plexus-containers/2.1.0/plexus-containers-2.1.0.pom
Progress (1): 1.3 kB
Progress (1): 4.7 kB
Progress (1): 4.8 kB
                    
Downloaded from central: https://repo1.maven.org/maven2/org/codehaus/plexus/plexus-containers/2.1.0/plexus-containers-2.1.0.pom (4.8 kB at 98 kB/s)
Downloading from central: https://repo1.maven.org/maven2/org/codehaus/plexus/plexus/5.1/plexus-5.1.pom
Progress (1): 700 B
Progress (1): 2.7 kB
Progress (1): 6.5 kB
Progress (1): 9.1 kB
Progress (1): 12 kB 
Progress (1): 16 kB
Progress (1): 21 kB
Progress (1): 23 kB
                   
Downloaded from central: https://repo1.maven.org/maven2/org/codehaus/plexus/plexus/5.1/plexus-5.1.pom (23 kB at 395 kB/s)
Downloading from central: https://repo1.maven.org/maven2/org/codehaus/plexus/plexus-classworlds/2.6.0/plexus-classworlds-2.6.0.pom
Progress (1): 932 B
Progress (1): 2.6 kB
Progress (1): 5.5 kB
Progress (1): 7.9 kB
                    
Downloaded from central: https://repo1.maven.org/maven2/org/codehaus/plexus/plexus-classworlds/2.6.0/plexus-classworlds-2.6.0.pom (7.9 kB at 144 kB/s)
Downloading from central: https://repo1.maven.org/maven2/org/apache/maven/maven-model-builder/3.1.0/maven-model-builder-3.1.0.pom
Progress (1): 841 B
Progress (1): 2.5 kB
                    
Downloaded from central: https://repo1.maven.org/maven2/org/apache/maven/maven-model-builder/3.1.0/maven-model-builder-3.1.0.pom (2.5 kB at 47 kB/s)
Downloading from central: https://repo1.maven.org/maven2/org/apache/maven/maven-aether-provider/3.1.0/maven-aether-provider-3.1.0.pom
Progress (1): 816 B
Progress (1): 3.5 kB
Progress (1): 3.5 kB
                    
Downloaded from central: https://repo1.maven.org/maven2/org/apache/maven/maven-aether-provider/3.1.0/maven-aether-provider-3.1.0.pom (3.5 kB at 64 kB/s)
Downloading from central: https://repo1.maven.org/maven2/org/codehaus/plexus/plexus-classworlds/2.4.2/plexus-classworlds-2.4.2.pom
Progress (1): 950 B
Progress (1): 3.1 kB
Progress (1): 3.5 kB
                    
Downloaded from central: https://repo1.maven.org/maven2/org/codehaus/plexus/plexus-classworlds/2.4.2/plexus-classworlds-2.4.2.pom (3.5 kB at 60 kB/s)
Downloading from central: https://repo1.maven.org/maven2/org/codehaus/plexus/plexus/3.0.1/plexus-3.0.1.pom
Progress (1): 706 B
Progress (1): 2.6 kB
Progress (1): 6.1 kB
Progress (1): 8.8 kB
Progress (1): 13 kB 
Progress (1): 17 kB
Progress (1): 19 kB
                   
Downloaded from central: https://repo1.maven.org/maven2/org/codehaus/plexus/plexus/3.0.1/plexus-3.0.1.pom (19 kB at 365 kB/s)
Downloading from central: https://repo1.maven.org/maven2/org/apache/commons/commons-parent/42/commons-parent-42.pom
Progress (1): 707 B
Progress (1): 1.9 kB
Progress (1): 3.1 kB
Progress (1): 4.5 kB
Progress (1): 5.9 kB
Progress (1): 7.5 kB
Progress (1): 11 kB 
Progress (1): 14 kB
Progress (1): 17 kB
Progress (1): 21 kB
Progress (1): 24 kB
Progress (1): 26 kB
Progress (1): 29 kB
Progress (1): 31 kB
Progress (1): 34 kB
Progress (1): 34 kB
Progress (1): 37 kB
Progress (1): 40 kB
Progress (1): 44 kB
Progress (1): 49 kB
Progress (1): 53 kB
Progress (1): 55 kB
Progress (1): 59 kB
Progress (1): 60 kB
Progress (1): 62 kB
Progress (1): 65 kB
Progress (1): 66 kB
Progress (1): 68 kB
                   
Downloaded from central: https://repo1.maven.org/maven2/org/apache/commons/commons-parent/42/commons-parent-42.pom (68 kB at 1.1 MB/s)
Downloading from central: https://repo1.maven.org/maven2/org/apache/apache/18/apache-18.pom
Progress (1): 748 B
Progress (1): 2.1 kB
Progress (1): 3.9 kB
Progress (1): 8.0 kB
Progress (1): 12 kB 
Progress (1): 15 kB
Progress (1): 16 kB
                   
Downloaded from central: https://repo1.maven.org/maven2/org/apache/apache/18/apache-18.pom (16 kB at 296 kB/s)
Downloading from central: https://repo1.maven.org/maven2/org/codehaus/plexus/plexus-container-default/2.1.0/plexus-container-default-2.1.0.pom
Progress (1): 1.6 kB
Progress (1): 3.0 kB
                    
Downloaded from central: https://repo1.maven.org/maven2/org/codehaus/plexus/plexus-container-default/2.1.0/plexus-container-default-2.1.0.pom (3.0 kB at 57 kB/s)
Downloading from central: https://repo1.maven.org/maven2/org/apache/xbean/xbean-reflect/3.7/xbean-reflect-3.7.pom
Progress (1): 811 B
Progress (1): 2.9 kB
Progress (1): 5.1 kB
                    
Downloaded from central: https://repo1.maven.org/maven2/org/apache/xbean/xbean-reflect/3.7/xbean-reflect-3.7.pom (5.1 kB at 94 kB/s)
Downloading from central: https://repo1.maven.org/maven2/org/apache/xbean/xbean/3.7/xbean-3.7.pom
Progress (1): 900 B
Progress (1): 2.2 kB
Progress (1): 5.3 kB
Progress (1): 11 kB 
Progress (1): 14 kB
Progress (1): 15 kB
                   
Downloaded from central: https://repo1.maven.org/maven2/org/apache/xbean/xbean/3.7/xbean-3.7.pom (15 kB at 297 kB/s)
Downloading from central: https://repo1.maven.org/maven2/org/apache/geronimo/genesis/genesis-java5-flava/2.0/genesis-java5-flava-2.0.pom
Progress (1): 832 B
Progress (1): 3.2 kB
Progress (1): 5.5 kB
                    
Downloaded from central: https://repo1.maven.org/maven2/org/apache/geronimo/genesis/genesis-java5-flava/2.0/genesis-java5-flava-2.0.pom (5.5 kB at 96 kB/s)
Downloading from central: https://repo1.maven.org/maven2/org/apache/geronimo/genesis/genesis-default-flava/2.0/genesis-default-flava-2.0.pom
Progress (1): 796 B
Progress (1): 2.1 kB
Progress (1): 6.3 kB
Progress (1): 9.8 kB
Progress (1): 15 kB 
Progress (1): 18 kB
                   
Downloaded from central: https://repo1.maven.org/maven2/org/apache/geronimo/genesis/genesis-default-flava/2.0/genesis-default-flava-2.0.pom (18 kB at 297 kB/s)
Downloading from central: https://repo1.maven.org/maven2/org/apache/geronimo/genesis/genesis/2.0/genesis-2.0.pom
Progress (1): 802 B
Progress (1): 2.2 kB
Progress (1): 4.6 kB
Progress (1): 8.9 kB
Progress (1): 15 kB 
Progress (1): 18 kB
                   
Downloaded from central: https://repo1.maven.org/maven2/org/apache/geronimo/genesis/genesis/2.0/genesis-2.0.pom (18 kB at 329 kB/s)
[INFO] Artifact org.apache:apache:pom:6 is present in the local repository, but cached from a remote repository ID that is unavailable in current build context, verifying that is downloadable from [apache.snapshots (https://repository.apache.org/snapshots, default, snapshots), central (https://repo1.maven.org/maven2, default, releases), maven-default-http-blocker (http://0.0.0.0/, default, snapshots, blocked)]
[INFO] Artifact org.apache:apache:pom:6 is present in the local repository, but cached from a remote repository ID that is unavailable in current build context, verifying that is downloadable from [apache.snapshots (https://repository.apache.org/snapshots, default, snapshots), central (https://repo1.maven.org/maven2, default, releases), maven-default-http-blocker (http://0.0.0.0/, default, snapshots, blocked)]
Downloading from central: https://repo1.maven.org/maven2/org/apache/apache/6/apache-6.pom
Downloaded from central: https://repo1.maven.org/maven2/org/apache/apache/6/apache-6.pom (0 B at 0 B/s)
Downloading from central: https://repo1.maven.org/maven2/org/apache/maven/doxia/doxia-decoration-model/1.11.1/doxia-decoration-model-1.11.1.pom
Progress (1): 797 B
Progress (1): 2.4 kB
Progress (1): 3.4 kB
                    
Downloaded from central: https://repo1.maven.org/maven2/org/apache/maven/doxia/doxia-decoration-model/1.11.1/doxia-decoration-model-1.11.1.pom (3.4 kB at 60 kB/s)
Downloading from central: https://repo1.maven.org/maven2/org/apache/maven/doxia/doxia-sitetools/1.11.1/doxia-sitetools-1.11.1.pom
Progress (1): 755 B
Progress (1): 2.2 kB
Progress (1): 6.2 kB
Progress (1): 9.5 kB
Progress (1): 14 kB 
Progress (1): 14 kB
                   
Downloaded from central: https://repo1.maven.org/maven2/org/apache/maven/doxia/doxia-sitetools/1.11.1/doxia-sitetools-1.11.1.pom (14 kB at 261 kB/s)
Downloading from central: https://repo1.maven.org/maven2/org/codehaus/plexus/plexus-component-annotations/2.0.0/plexus-component-annotations-2.0.0.pom
Progress (1): 750 B
                   
Downloaded from central: https://repo1.maven.org/maven2/org/codehaus/plexus/plexus-component-annotations/2.0.0/plexus-component-annotations-2.0.0.pom (750 B at 16 kB/s)
Downloading from central: https://repo1.maven.org/maven2/org/codehaus/plexus/plexus-containers/2.0.0/plexus-containers-2.0.0.pom
Progress (1): 1.3 kB
Progress (1): 4.7 kB
Progress (1): 4.8 kB
                    
Downloaded from central: https://repo1.maven.org/maven2/org/codehaus/plexus/plexus-containers/2.0.0/plexus-containers-2.0.0.pom (4.8 kB at 100 kB/s)
Downloading from central: https://repo1.maven.org/maven2/org/apache/maven/doxia/doxia-core/1.11.1/doxia-core-1.11.1.pom
Progress (1): 785 B
Progress (1): 3.2 kB
Progress (1): 4.5 kB
                    
Downloaded from central: https://repo1.maven.org/maven2/org/apache/maven/doxia/doxia-core/1.11.1/doxia-core-1.11.1.pom (4.5 kB at 96 kB/s)
Downloading from central: https://repo1.maven.org/maven2/org/apache/commons/commons-lang3/3.8.1/commons-lang3-3.8.1.pom
Progress (1): 743 B
Progress (1): 2.1 kB
Progress (1): 5.4 kB
Progress (1): 8.8 kB
Progress (1): 12 kB 
Progress (1): 15 kB
Progress (1): 16 kB
Progress (1): 18 kB
Progress (1): 21 kB
Progress (1): 24 kB
Progress (1): 27 kB
Progress (1): 28 kB
                   
Downloaded from central: https://repo1.maven.org/maven2/org/apache/commons/commons-lang3/3.8.1/commons-lang3-3.8.1.pom (28 kB at 443 kB/s)
Downloading from central: https://repo1.maven.org/maven2/org/apache/commons/commons-text/1.3/commons-text-1.3.pom
Progress (1): 759 B
Progress (1): 2.2 kB
Progress (1): 4.3 kB
Progress (1): 7.4 kB
Progress (1): 11 kB 
Progress (1): 13 kB
Progress (1): 14 kB
                   
Downloaded from central: https://repo1.maven.org/maven2/org/apache/commons/commons-text/1.3/commons-text-1.3.pom (14 kB at 269 kB/s)
Downloading from central: https://repo1.maven.org/maven2/org/apache/commons/commons-parent/45/commons-parent-45.pom
Progress (1): 704 B
Progress (1): 1.9 kB
Progress (1): 3.2 kB
Progress (1): 4.7 kB
Progress (1): 6.5 kB
Progress (1): 7.9 kB
Progress (1): 9.4 kB
Progress (1): 13 kB 
Progress (1): 16 kB
Progress (1): 20 kB
Progress (1): 23 kB
Progress (1): 26 kB
Progress (1): 29 kB
Progress (1): 31 kB
Progress (1): 33 kB
Progress (1): 34 kB
Progress (1): 37 kB
Progress (1): 41 kB
Progress (1): 43 kB
Progress (1): 46 kB
Progress (1): 51 kB
Progress (1): 57 kB
Progress (1): 60 kB
Progress (1): 63 kB
Progress (1): 65 kB
Progress (1): 67 kB
Progress (1): 70 kB
Progress (1): 71 kB
Progress (1): 73 kB
                   
Downloaded from central: https://repo1.maven.org/maven2/org/apache/commons/commons-parent/45/commons-parent-45.pom (73 kB at 1.1 MB/s)
Downloading from central: https://repo1.maven.org/maven2/org/apache/commons/commons-lang3/3.7/commons-lang3-3.7.pom
Progress (1): 742 B
Progress (1): 2.1 kB
Progress (1): 5.4 kB
Progress (1): 9.1 kB
Progress (1): 13 kB 
Progress (1): 15 kB
Progress (1): 17 kB
Progress (1): 19 kB
Progress (1): 22 kB
Progress (1): 25 kB
Progress (1): 28 kB
                   
Downloaded from central: https://repo1.maven.org/maven2/org/apache/commons/commons-lang3/3.7/commons-lang3-3.7.pom (28 kB at 510 kB/s)
Downloading from central: https://repo1.maven.org/maven2/org/apache/httpcomponents/httpclient/4.5.13/httpclient-4.5.13.pom
Progress (1): 863 B
Progress (1): 2.8 kB
Progress (1): 5.1 kB
Progress (1): 6.6 kB
                    
Downloaded from central: https://repo1.maven.org/maven2/org/apache/httpcomponents/httpclient/4.5.13/httpclient-4.5.13.pom (6.6 kB at 110 kB/s)
Downloading from central: https://repo1.maven.org/maven2/org/apache/httpcomponents/httpcomponents-client/4.5.13/httpcomponents-client-4.5.13.pom
Progress (1): 838 B
Progress (1): 2.3 kB
Progress (1): 5.1 kB
Progress (1): 8.5 kB
Progress (1): 11 kB 
Progress (1): 15 kB
Progress (1): 16 kB
                   
Downloaded from central: https://repo1.maven.org/maven2/org/apache/httpcomponents/httpcomponents-client/4.5.13/httpcomponents-client-4.5.13.pom (16 kB at 309 kB/s)
Downloading from central: https://repo1.maven.org/maven2/org/apache/httpcomponents/httpcomponents-parent/11/httpcomponents-parent-11.pom
Progress (1): 803 B
Progress (1): 2.2 kB
Progress (1): 3.7 kB
Progress (1): 5.3 kB
Progress (1): 6.5 kB
Progress (1): 8.9 kB
Progress (1): 12 kB 
Progress (1): 15 kB
Progress (1): 18 kB
Progress (1): 23 kB
Progress (1): 26 kB
Progress (1): 28 kB
Progress (1): 32 kB
Progress (1): 34 kB
Progress (1): 35 kB
                   
Downloaded from central: https://repo1.maven.org/maven2/org/apache/httpcomponents/httpcomponents-parent/11/httpcomponents-parent-11.pom (35 kB at 551 kB/s)
Downloading from central: https://repo1.maven.org/maven2/org/apache/httpcomponents/httpcore/4.4.13/httpcore-4.4.13.pom
Progress (1): 869 B
Progress (1): 2.5 kB
Progress (1): 4.7 kB
Progress (1): 5.0 kB
                    
Downloaded from central: https://repo1.maven.org/maven2/org/apache/httpcomponents/httpcore/4.4.13/httpcore-4.4.13.pom (5.0 kB at 81 kB/s)
Downloading from central: https://repo1.maven.org/maven2/org/apache/httpcomponents/httpcomponents-core/4.4.13/httpcomponents-core-4.4.13.pom
Progress (1): 846 B
Progress (1): 2.3 kB
Progress (1): 4.5 kB
Progress (1): 7.1 kB
Progress (1): 11 kB 
Progress (1): 13 kB
                   
Downloaded from central: https://repo1.maven.org/maven2/org/apache/httpcomponents/httpcomponents-core/4.4.13/httpcomponents-core-4.4.13.pom (13 kB at 231 kB/s)
Downloading from central: https://repo1.maven.org/maven2/org/apache/httpcomponents/httpcore/4.4.14/httpcore-4.4.14.pom
Progress (1): 869 B
Progress (1): 2.5 kB
Progress (1): 4.7 kB
Progress (1): 5.0 kB
                    
Downloaded from central: https://repo1.maven.org/maven2/org/apache/httpcomponents/httpcore/4.4.14/httpcore-4.4.14.pom (5.0 kB at 96 kB/s)
Downloading from central: https://repo1.maven.org/maven2/org/apache/httpcomponents/httpcomponents-core/4.4.14/httpcomponents-core-4.4.14.pom
Progress (1): 850 B
Progress (1): 2.3 kB
Progress (1): 4.5 kB
Progress (1): 7.1 kB
Progress (1): 11 kB 
Progress (1): 13 kB
                   
Downloaded from central: https://repo1.maven.org/maven2/org/apache/httpcomponents/httpcomponents-core/4.4.14/httpcomponents-core-4.4.14.pom (13 kB at 175 kB/s)
Downloading from central: https://repo1.maven.org/maven2/org/apache/maven/doxia/doxia-integration-tools/1.11.1/doxia-integration-tools-1.11.1.pom
Progress (1): 800 B
Progress (1): 3.3 kB
Progress (1): 6.0 kB
                    
Downloaded from central: https://repo1.maven.org/maven2/org/apache/maven/doxia/doxia-integration-tools/1.11.1/doxia-integration-tools-1.11.1.pom (6.0 kB at 108 kB/s)
Downloading from central: https://repo1.maven.org/maven2/org/apache/maven/reporting/maven-reporting-api/3.0/maven-reporting-api-3.0.pom
Progress (1): 816 B
Progress (1): 2.4 kB
Progress (1): 2.4 kB
                    
Downloaded from central: https://repo1.maven.org/maven2/org/apache/maven/reporting/maven-reporting-api/3.0/maven-reporting-api-3.0.pom (2.4 kB at 49 kB/s)
[INFO] Artifact org.apache.maven.shared:maven-shared-components:pom:15 is present in the local repository, but cached from a remote repository ID that is unavailable in current build context, verifying that is downloadable from [apache.snapshots (https://repository.apache.org/snapshots, default, snapshots), central (https://repo1.maven.org/maven2, default, releases)]
[INFO] Artifact org.apache.maven.shared:maven-shared-components:pom:15 is present in the local repository, but cached from a remote repository ID that is unavailable in current build context, verifying that is downloadable from [apache.snapshots (https://repository.apache.org/snapshots, default, snapshots), central (https://repo1.maven.org/maven2, default, releases)]
Downloading from central: https://repo1.maven.org/maven2/org/apache/maven/shared/maven-shared-components/15/maven-shared-components-15.pom
Downloaded from central: https://repo1.maven.org/maven2/org/apache/maven/shared/maven-shared-components/15/maven-shared-components-15.pom (0 B at 0 B/s)
[INFO] Artifact org.apache.maven:maven-parent:pom:16 is present in the local repository, but cached from a remote repository ID that is unavailable in current build context, verifying that is downloadable from [apache.snapshots (https://repository.apache.org/snapshots, default, snapshots), central (https://repo1.maven.org/maven2, default, releases)]
[INFO] Artifact org.apache.maven:maven-parent:pom:16 is present in the local repository, but cached from a remote repository ID that is unavailable in current build context, verifying that is downloadable from [apache.snapshots (https://repository.apache.org/snapshots, default, snapshots), central (https://repo1.maven.org/maven2, default, releases)]
Downloading from central: https://repo1.maven.org/maven2/org/apache/maven/maven-parent/16/maven-parent-16.pom
Downloaded from central: https://repo1.maven.org/maven2/org/apache/maven/maven-parent/16/maven-parent-16.pom (0 B at 0 B/s)
[INFO] Artifact org.apache:apache:pom:7 is present in the local repository, but cached from a remote repository ID that is unavailable in current build context, verifying that is downloadable from [apache.snapshots (https://repository.apache.org/snapshots, default, snapshots), central (https://repo1.maven.org/maven2, default, releases)]
[INFO] Artifact org.apache:apache:pom:7 is present in the local repository, but cached from a remote repository ID that is unavailable in current build context, verifying that is downloadable from [apache.snapshots (https://repository.apache.org/snapshots, default, snapshots), central (https://repo1.maven.org/maven2, default, releases)]
Downloading from central: https://repo1.maven.org/maven2/org/apache/apache/7/apache-7.pom
Downloaded from central: https://repo1.maven.org/maven2/org/apache/apache/7/apache-7.pom (0 B at 0 B/s)
Downloading from central: https://repo1.maven.org/maven2/org/apache/maven/doxia/doxia-sink-api/1.0/doxia-sink-api-1.0.pom
Progress (1): 835 B
Progress (1): 1.4 kB
                    
Downloaded from central: https://repo1.maven.org/maven2/org/apache/maven/doxia/doxia-sink-api/1.0/doxia-sink-api-1.0.pom (1.4 kB at 27 kB/s)
Downloading from central: https://repo1.maven.org/maven2/org/apache/maven/doxia/doxia/1.0/doxia-1.0.pom
Progress (1): 762 B
Progress (1): 2.2 kB
Progress (1): 5.7 kB
Progress (1): 8.9 kB
Progress (1): 9.6 kB
                    
Downloaded from central: https://repo1.maven.org/maven2/org/apache/maven/doxia/doxia/1.0/doxia-1.0.pom (9.6 kB at 179 kB/s)
Downloading from central: https://repo1.maven.org/maven2/org/apache/maven/maven-parent/10/maven-parent-10.pom
Progress (1): 736 B
Progress (1): 1.9 kB
Progress (1): 6.2 kB
Progress (1): 11 kB 
Progress (1): 14 kB
Progress (1): 16 kB
Progress (1): 22 kB
Progress (1): 25 kB
Progress (1): 29 kB
Progress (1): 32 kB
                   
Downloaded from central: https://repo1.maven.org/maven2/org/apache/maven/maven-parent/10/maven-parent-10.pom (32 kB at 555 kB/s)
[INFO] Artifact org.apache:apache:pom:4 is present in the local repository, but cached from a remote repository ID that is unavailable in current build context, verifying that is downloadable from [apache.snapshots (https://repository.apache.org/snapshots, default, snapshots), central (https://repo1.maven.org/maven2, default, releases), maven-default-http-blocker (http://0.0.0.0/, default, snapshots, blocked)]
[INFO] Artifact org.apache:apache:pom:4 is present in the local repository, but cached from a remote repository ID that is unavailable in current build context, verifying that is downloadable from [apache.snapshots (https://repository.apache.org/snapshots, default, snapshots), central (https://repo1.maven.org/maven2, default, releases), maven-default-http-blocker (http://0.0.0.0/, default, snapshots, blocked)]
Downloading from central: https://repo1.maven.org/maven2/org/apache/apache/4/apache-4.pom
Downloaded from central: https://repo1.maven.org/maven2/org/apache/apache/4/apache-4.pom (0 B at 0 B/s)
[INFO] Artifact org.apache.maven:maven-artifact:pom:2.2.1 is present in the local repository, but cached from a remote repository ID that is unavailable in current build context, verifying that is downloadable from [apache.snapshots (https://repository.apache.org/snapshots, default, snapshots), central (https://repo1.maven.org/maven2, default, releases)]
[INFO] Artifact org.apache.maven:maven-artifact:pom:2.2.1 is present in the local repository, but cached from a remote repository ID that is unavailable in current build context, verifying that is downloadable from [apache.snapshots (https://repository.apache.org/snapshots, default, snapshots), central (https://repo1.maven.org/maven2, default, releases)]
Downloading from central: https://repo1.maven.org/maven2/org/apache/maven/maven-artifact/2.2.1/maven-artifact-2.2.1.pom
Downloaded from central: https://repo1.maven.org/maven2/org/apache/maven/maven-artifact/2.2.1/maven-artifact-2.2.1.pom (0 B at 0 B/s)
[INFO] Artifact org.apache.maven:maven:pom:2.2.1 is present in the local repository, but cached from a remote repository ID that is unavailable in current build context, verifying that is downloadable from [apache.snapshots (https://repository.apache.org/snapshots, default, snapshots), central (https://repo1.maven.org/maven2, default, releases)]
[INFO] Artifact org.apache.maven:maven:pom:2.2.1 is present in the local repository, but cached from a remote repository ID that is unavailable in current build context, verifying that is downloadable from [apache.snapshots (https://repository.apache.org/snapshots, default, snapshots), central (https://repo1.maven.org/maven2, default, releases)]
Downloading from central: https://repo1.maven.org/maven2/org/apache/maven/maven/2.2.1/maven-2.2.1.pom
Downloaded from central: https://repo1.maven.org/maven2/org/apache/maven/maven/2.2.1/maven-2.2.1.pom (0 B at 0 B/s)
[INFO] Artifact org.apache.maven:maven-parent:pom:11 is present in the local repository, but cached from a remote repository ID that is unavailable in current build context, verifying that is downloadable from [apache.snapshots (https://repository.apache.org/snapshots, default, snapshots), central (https://repo1.maven.org/maven2, default, releases)]
[INFO] Artifact org.apache.maven:maven-parent:pom:11 is present in the local repository, but cached from a remote repository ID that is unavailable in current build context, verifying that is downloadable from [apache.snapshots (https://repository.apache.org/snapshots, default, snapshots), central (https://repo1.maven.org/maven2, default, releases)]
Downloading from central: https://repo1.maven.org/maven2/org/apache/maven/maven-parent/11/maven-parent-11.pom
Downloaded from central: https://repo1.maven.org/maven2/org/apache/maven/maven-parent/11/maven-parent-11.pom (0 B at 0 B/s)
[INFO] Artifact org.apache:apache:pom:5 is present in the local repository, but cached from a remote repository ID that is unavailable in current build context, verifying that is downloadable from [apache.snapshots (https://repository.apache.org/snapshots, default, snapshots), central (https://repo1.maven.org/maven2, default, releases)]
[INFO] Artifact org.apache:apache:pom:5 is present in the local repository, but cached from a remote repository ID that is unavailable in current build context, verifying that is downloadable from [apache.snapshots (https://repository.apache.org/snapshots, default, snapshots), central (https://repo1.maven.org/maven2, default, releases)]
Downloading from central: https://repo1.maven.org/maven2/org/apache/apache/5/apache-5.pom
Downloaded from central: https://repo1.maven.org/maven2/org/apache/apache/5/apache-5.pom (0 B at 0 B/s)
[INFO] Artifact org.apache.maven:maven-model:pom:2.2.1 is present in the local repository, but cached from a remote repository ID that is unavailable in current build context, verifying that is downloadable from [apache.snapshots (https://repository.apache.org/snapshots, default, snapshots), central (https://repo1.maven.org/maven2, default, releases)]
[INFO] Artifact org.apache.maven:maven-model:pom:2.2.1 is present in the local repository, but cached from a remote repository ID that is unavailable in current build context, verifying that is downloadable from [apache.snapshots (https://repository.apache.org/snapshots, default, snapshots), central (https://repo1.maven.org/maven2, default, releases)]
Downloading from central: https://repo1.maven.org/maven2/org/apache/maven/maven-model/2.2.1/maven-model-2.2.1.pom
Downloaded from central: https://repo1.maven.org/maven2/org/apache/maven/maven-model/2.2.1/maven-model-2.2.1.pom (0 B at 0 B/s)
[INFO] Artifact org.apache.maven:maven-plugin-api:pom:2.2.1 is present in the local repository, but cached from a remote repository ID that is unavailable in current build context, verifying that is downloadable from [apache.snapshots (https://repository.apache.org/snapshots, default, snapshots), central (https://repo1.maven.org/maven2, default, releases)]
[INFO] Artifact org.apache.maven:maven-plugin-api:pom:2.2.1 is present in the local repository, but cached from a remote repository ID that is unavailable in current build context, verifying that is downloadable from [apache.snapshots (https://repository.apache.org/snapshots, default, snapshots), central (https://repo1.maven.org/maven2, default, releases)]
Downloading from central: https://repo1.maven.org/maven2/org/apache/maven/maven-plugin-api/2.2.1/maven-plugin-api-2.2.1.pom
Downloaded from central: https://repo1.maven.org/maven2/org/apache/maven/maven-plugin-api/2.2.1/maven-plugin-api-2.2.1.pom (0 B at 0 B/s)
Downloading from central: https://repo1.maven.org/maven2/org/codehaus/plexus/plexus-i18n/1.0-beta-10/plexus-i18n-1.0-beta-10.pom
Progress (1): 1.4 kB
Progress (1): 2.1 kB
                    
Downloaded from central: https://repo1.maven.org/maven2/org/codehaus/plexus/plexus-i18n/1.0-beta-10/plexus-i18n-1.0-beta-10.pom (2.1 kB at 42 kB/s)
Downloading from central: https://repo1.maven.org/maven2/org/codehaus/plexus/plexus-components/1.1.12/plexus-components-1.1.12.pom
Progress (1): 1.7 kB
Progress (1): 3.0 kB
                    
Downloaded from central: https://repo1.maven.org/maven2/org/codehaus/plexus/plexus-components/1.1.12/plexus-components-1.1.12.pom (3.0 kB at 56 kB/s)
Downloading from central: https://repo1.maven.org/maven2/org/codehaus/plexus/plexus/1.0.10/plexus-1.0.10.pom
Progress (1): 1.7 kB
Progress (1): 4.8 kB
Progress (1): 7.9 kB
Progress (1): 8.2 kB
                    
Downloaded from central: https://repo1.maven.org/maven2/org/codehaus/plexus/plexus/1.0.10/plexus-1.0.10.pom (8.2 kB at 153 kB/s)
Downloading from central: https://repo1.maven.org/maven2/org/codehaus/plexus/plexus-interpolation/1.26/plexus-interpolation-1.26.pom
Progress (1): 1.4 kB
Progress (1): 2.7 kB
                    
Downloaded from central: https://repo1.maven.org/maven2/org/codehaus/plexus/plexus-interpolation/1.26/plexus-interpolation-1.26.pom (2.7 kB at 47 kB/s)
Downloading from central: https://repo1.maven.org/maven2/org/apache/maven/doxia/doxia-site-renderer/1.11.1/doxia-site-renderer-1.11.1.pom
Progress (1): 776 B
Progress (1): 3.1 kB
Progress (1): 7.3 kB
Progress (1): 7.7 kB
                    
Downloaded from central: https://repo1.maven.org/maven2/org/apache/maven/doxia/doxia-site-renderer/1.11.1/doxia-site-renderer-1.11.1.pom (7.7 kB at 148 kB/s)
Downloading from central: https://repo1.maven.org/maven2/org/apache/maven/maven-artifact/3.0/maven-artifact-3.0.pom
Progress (1): 850 B
Progress (1): 1.9 kB
                    
Downloaded from central: https://repo1.maven.org/maven2/org/apache/maven/maven-artifact/3.0/maven-artifact-3.0.pom (1.9 kB at 39 kB/s)
Downloading from central: https://repo1.maven.org/maven2/org/apache/maven/maven/3.0/maven-3.0.pom
Progress (1): 759 B
Progress (1): 2.0 kB
Progress (1): 4.6 kB
Progress (1): 7.8 kB
Progress (1): 14 kB 
Progress (1): 18 kB
Progress (1): 21 kB
Progress (1): 22 kB
                   
Downloaded from central: https://repo1.maven.org/maven2/org/apache/maven/maven/3.0/maven-3.0.pom (22 kB at 405 kB/s)
Downloading from central: https://repo1.maven.org/maven2/org/apache/maven/maven-parent/15/maven-parent-15.pom
Progress (1): 743 B
Progress (1): 2.0 kB
Progress (1): 6.5 kB
Progress (1): 11 kB 
Progress (1): 15 kB
Progress (1): 17 kB
Progress (1): 20 kB
Progress (1): 24 kB
                   
Downloaded from central: https://repo1.maven.org/maven2/org/apache/maven/maven-parent/15/maven-parent-15.pom (24 kB at 453 kB/s)
Downloading from central: https://repo1.maven.org/maven2/org/apache/maven/doxia/doxia-skin-model/1.11.1/doxia-skin-model-1.11.1.pom
Progress (1): 799 B
Progress (1): 2.3 kB
Progress (1): 3.0 kB
                    
Downloaded from central: https://repo1.maven.org/maven2/org/apache/maven/doxia/doxia-skin-model/1.11.1/doxia-skin-model-1.11.1.pom (3.0 kB at 60 kB/s)
Downloading from central: https://repo1.maven.org/maven2/org/apache/maven/doxia/doxia-module-xhtml/1.11.1/doxia-module-xhtml-1.11.1.pom
Progress (1): 821 B
Progress (1): 2.0 kB
                    
Downloaded from central: https://repo1.maven.org/maven2/org/apache/maven/doxia/doxia-module-xhtml/1.11.1/doxia-module-xhtml-1.11.1.pom (2.0 kB at 40 kB/s)
Downloading from central: https://repo1.maven.org/maven2/org/apache/maven/doxia/doxia-modules/1.11.1/doxia-modules-1.11.1.pom
Progress (1): 818 B
Progress (1): 2.7 kB
                    
Downloaded from central: https://repo1.maven.org/maven2/org/apache/maven/doxia/doxia-modules/1.11.1/doxia-modules-1.11.1.pom (2.7 kB at 52 kB/s)
Downloading from central: https://repo1.maven.org/maven2/org/apache/maven/doxia/doxia-module-xhtml5/1.11.1/doxia-module-xhtml5-1.11.1.pom
Progress (1): 821 B
Progress (1): 2.0 kB
                    
Downloaded from central: https://repo1.maven.org/maven2/org/apache/maven/doxia/doxia-module-xhtml5/1.11.1/doxia-module-xhtml5-1.11.1.pom (2.0 kB at 37 kB/s)
Downloading from central: https://repo1.maven.org/maven2/org/codehaus/plexus/plexus-container-default/1.0-alpha-30/plexus-container-default-1.0-alpha-30.pom
Progress (1): 1.5 kB
Progress (1): 3.5 kB
                    
Downloaded from central: https://repo1.maven.org/maven2/org/codehaus/plexus/plexus-container-default/1.0-alpha-30/plexus-container-default-1.0-alpha-30.pom (3.5 kB at 38 kB/s)
Downloading from central: https://repo1.maven.org/maven2/org/codehaus/plexus/plexus-containers/1.0-alpha-30/plexus-containers-1.0-alpha-30.pom
Progress (1): 1.8 kB
Progress (1): 1.9 kB
                    
Downloaded from central: https://repo1.maven.org/maven2/org/codehaus/plexus/plexus-containers/1.0-alpha-30/plexus-containers-1.0-alpha-30.pom (1.9 kB at 31 kB/s)
Downloading from central: https://repo1.maven.org/maven2/org/codehaus/plexus/plexus-classworlds/1.2-alpha-9/plexus-classworlds-1.2-alpha-9.pom
Progress (1): 937 B
Progress (1): 2.9 kB
Progress (1): 3.2 kB
                    
Downloaded from central: https://repo1.maven.org/maven2/org/codehaus/plexus/plexus-classworlds/1.2-alpha-9/plexus-classworlds-1.2-alpha-9.pom (3.2 kB at 60 kB/s)
Downloading from central: https://repo1.maven.org/maven2/org/codehaus/plexus/plexus-velocity/1.2/plexus-velocity-1.2.pom
Progress (1): 844 B
Progress (1): 2.7 kB
Progress (1): 2.8 kB
                    
Downloaded from central: https://repo1.maven.org/maven2/org/codehaus/plexus/plexus-velocity/1.2/plexus-velocity-1.2.pom (2.8 kB at 56 kB/s)
Downloading from central: https://repo1.maven.org/maven2/org/codehaus/plexus/plexus-components/4.0/plexus-components-4.0.pom
Progress (1): 1.3 kB
Progress (1): 2.7 kB
                    
Downloaded from central: https://repo1.maven.org/maven2/org/codehaus/plexus/plexus-components/4.0/plexus-components-4.0.pom (2.7 kB at 55 kB/s)
Downloading from central: https://repo1.maven.org/maven2/org/codehaus/plexus/plexus/4.0/plexus-4.0.pom
Progress (1): 707 B
Progress (1): 2.5 kB
Progress (1): 6.4 kB
Progress (1): 9.2 kB
Progress (1): 12 kB 
Progress (1): 16 kB
Progress (1): 21 kB
Progress (1): 22 kB
                   
Downloaded from central: https://repo1.maven.org/maven2/org/codehaus/plexus/plexus/4.0/plexus-4.0.pom (22 kB at 413 kB/s)
[INFO] Artifact org.apache.velocity:velocity:pom:1.7 is present in the local repository, but cached from a remote repository ID that is unavailable in current build context, verifying that is downloadable from [apache.snapshots (https://repository.apache.org/snapshots, default, snapshots), central (https://repo1.maven.org/maven2, default, releases), plexus.snapshots (https://oss.sonatype.org/content/repositories/plexus-snapshots, default, snapshots)]
[INFO] Artifact org.apache.velocity:velocity:pom:1.7 is present in the local repository, but cached from a remote repository ID that is unavailable in current build context, verifying that is downloadable from [apache.snapshots (https://repository.apache.org/snapshots, default, snapshots), central (https://repo1.maven.org/maven2, default, releases), plexus.snapshots (https://oss.sonatype.org/content/repositories/plexus-snapshots, default, snapshots)]
Downloading from central: https://repo1.maven.org/maven2/org/apache/velocity/velocity/1.7/velocity-1.7.pom
Downloaded from central: https://repo1.maven.org/maven2/org/apache/velocity/velocity/1.7/velocity-1.7.pom (0 B at 0 B/s)
[INFO] Artifact org.apache.commons:commons-parent:pom:9 is present in the local repository, but cached from a remote repository ID that is unavailable in current build context, verifying that is downloadable from [apache.snapshots (https://repository.apache.org/snapshots, default, snapshots), central (https://repo1.maven.org/maven2, default, releases), plexus.snapshots (https://oss.sonatype.org/content/repositories/plexus-snapshots, default, snapshots), maven-default-http-blocker (http://0.0.0.0/, default, snapshots, blocked)]
[INFO] Artifact org.apache.commons:commons-parent:pom:9 is present in the local repository, but cached from a remote repository ID that is unavailable in current build context, verifying that is downloadable from [apache.snapshots (https://repository.apache.org/snapshots, default, snapshots), central (https://repo1.maven.org/maven2, default, releases), plexus.snapshots (https://oss.sonatype.org/content/repositories/plexus-snapshots, default, snapshots), maven-default-http-blocker (http://0.0.0.0/, default, snapshots, blocked)]
Downloading from central: https://repo1.maven.org/maven2/org/apache/commons/commons-parent/9/commons-parent-9.pom
Downloaded from central: https://repo1.maven.org/maven2/org/apache/commons/commons-parent/9/commons-parent-9.pom (0 B at 0 B/s)
Downloading from central: https://repo1.maven.org/maven2/org/apache/velocity/velocity-tools/2.0/velocity-tools-2.0.pom
Progress (1): 764 B
Progress (1): 2.2 kB
Progress (1): 4.7 kB
Progress (1): 8.5 kB
Progress (1): 11 kB 
Progress (1): 16 kB
Progress (1): 18 kB
                   
Downloaded from central: https://repo1.maven.org/maven2/org/apache/velocity/velocity-tools/2.0/velocity-tools-2.0.pom (18 kB at 314 kB/s)
Downloading from central: https://repo1.maven.org/maven2/org/apache/velocity/velocity/1.6.2/velocity-1.6.2.pom
Progress (1): 767 B
Progress (1): 2.2 kB
Progress (1): 4.2 kB
Progress (1): 7.8 kB
Progress (1): 10 kB 
Progress (1): 11 kB
                   
Downloaded from central: https://repo1.maven.org/maven2/org/apache/velocity/velocity/1.6.2/velocity-1.6.2.pom (11 kB at 197 kB/s)
Downloading from central: https://repo1.maven.org/maven2/org/codehaus/plexus/plexus-resources/1.1.0/plexus-resources-1.1.0.pom
Progress (1): 1.2 kB
Progress (1): 3.2 kB
                    
Downloaded from central: https://repo1.maven.org/maven2/org/codehaus/plexus/plexus-resources/1.1.0/plexus-resources-1.1.0.pom (3.2 kB at 59 kB/s)
Downloading from central: https://repo1.maven.org/maven2/org/codehaus/plexus/plexus-utils/3.5.1/plexus-utils-3.5.1.pom
Progress (1): 726 B
Progress (1): 2.4 kB
Progress (1): 4.4 kB
Progress (1): 8.6 kB
Progress (1): 8.8 kB
                    
Downloaded from central: https://repo1.maven.org/maven2/org/codehaus/plexus/plexus-utils/3.5.1/plexus-utils-3.5.1.pom (8.8 kB at 162 kB/s)
Downloading from central: https://repo1.maven.org/maven2/org/codehaus/plexus/plexus/10/plexus-10.pom
Progress (1): 696 B
Progress (1): 2.7 kB
Progress (1): 6.4 kB
Progress (1): 9.2 kB
Progress (1): 11 kB 
Progress (1): 16 kB
Progress (1): 20 kB
Progress (1): 24 kB
Progress (1): 25 kB
                   
Downloaded from central: https://repo1.maven.org/maven2/org/codehaus/plexus/plexus/10/plexus-10.pom (25 kB at 488 kB/s)
[INFO] Artifact org.apache.velocity:velocity:jar:1.7 is present in the local repository, but cached from a remote repository ID that is unavailable in current build context, verifying that is downloadable from [apache.snapshots (https://repository.apache.org/snapshots, default, snapshots), central (https://repo1.maven.org/maven2, default, releases)]
[INFO] Artifact org.apache.velocity:velocity:jar:1.7 is present in the local repository, but cached from a remote repository ID that is unavailable in current build context, verifying that is downloadable from [apache.snapshots (https://repository.apache.org/snapshots, default, snapshots), central (https://repo1.maven.org/maven2, default, releases)]
Downloading from central: https://repo1.maven.org/maven2/org/apache/httpcomponents/hc-stylecheck/3/hc-stylecheck-3.jar
Downloading from central: https://repo1.maven.org/maven2/org/apache/maven/reporting/maven-reporting-api/3.1.1/maven-reporting-api-3.1.1.jar
Downloading from central: https://repo1.maven.org/maven2/org/apache/maven/reporting/maven-reporting-impl/3.2.0/maven-reporting-impl-3.2.0.jar
Downloading from central: https://repo1.maven.org/maven2/org/apache/maven/maven-core/3.1.0/maven-core-3.1.0.jar
Downloading from central: https://repo1.maven.org/maven2/org/apache/maven/maven-settings/3.1.0/maven-settings-3.1.0.jar
Progress (1): 7.7/14 kB
Progress (1): 14 kB    
Progress (2): 14 kB | 7.7/11 kB
Progress (2): 14 kB | 11 kB    
Progress (3): 14 kB | 11 kB | 3.4/47 kB
Progress (3): 14 kB | 11 kB | 20/47 kB 
Progress (3): 14 kB | 11 kB | 28/47 kB
Progress (3): 14 kB | 11 kB | 44/47 kB
Progress (3): 14 kB | 11 kB | 47 kB   
Progress (4): 14 kB | 11 kB | 47 kB | 7.7/563 kB
                                                
Downloaded from central: https://repo1.maven.org/maven2/org/apache/httpcomponents/hc-stylecheck/3/hc-stylecheck-3.jar (14 kB at 268 kB/s)
Downloading from central: https://repo1.maven.org/maven2/org/apache/maven/maven-settings-builder/3.1.0/maven-settings-builder-3.1.0.jar
Progress (3): 11 kB | 47 kB | 16/563 kB
Progress (3): 11 kB | 47 kB | 28/563 kB
Progress (3): 11 kB | 47 kB | 44/563 kB
Progress (3): 11 kB | 47 kB | 61/563 kB
Progress (3): 11 kB | 47 kB | 77/563 kB
Progress (4): 11 kB | 47 kB | 77/563 kB | 7.7/20 kB
Progress (4): 11 kB | 47 kB | 94/563 kB | 7.7/20 kB
Progress (4): 11 kB | 47 kB | 110/563 kB | 7.7/20 kB
Progress (4): 11 kB | 47 kB | 126/563 kB | 7.7/20 kB
Progress (4): 11 kB | 47 kB | 143/563 kB | 7.7/20 kB
Progress (4): 11 kB | 47 kB | 159/563 kB | 7.7/20 kB
Progress (4): 11 kB | 47 kB | 175/563 kB | 7.7/20 kB
Progress (4): 11 kB | 47 kB | 175/563 kB | 16/20 kB 
Progress (4): 11 kB | 47 kB | 175/563 kB | 20 kB   
Progress (4): 11 kB | 47 kB | 184/563 kB | 20 kB
Progress (4): 11 kB | 47 kB | 200/563 kB | 20 kB
Progress (4): 11 kB | 47 kB | 216/563 kB | 20 kB
Progress (4): 11 kB | 47 kB | 225/563 kB | 20 kB
Progress (4): 11 kB | 47 kB | 241/563 kB | 20 kB
Progress (4): 11 kB | 47 kB | 257/563 kB | 20 kB
                                                
Downloaded from central: https://repo1.maven.org/maven2/org/apache/maven/reporting/maven-reporting-api/3.1.1/maven-reporting-api-3.1.1.jar (11 kB at 179 kB/s)
Downloading from central: https://repo1.maven.org/maven2/org/apache/maven/maven-repository-metadata/3.1.0/maven-repository-metadata-3.1.0.jar
Progress (3): 47 kB | 273/563 kB | 20 kB
Progress (3): 47 kB | 279/563 kB | 20 kB
Progress (3): 47 kB | 295/563 kB | 20 kB
Progress (3): 47 kB | 303/563 kB | 20 kB
Progress (3): 47 kB | 311/563 kB | 20 kB
                                        
Downloaded from central: https://repo1.maven.org/maven2/org/apache/maven/maven-settings/3.1.0/maven-settings-3.1.0.jar (47 kB at 741 kB/s)
Downloading from central: https://repo1.maven.org/maven2/org/apache/maven/maven-model-builder/3.1.0/maven-model-builder-3.1.0.jar
Progress (2): 328/563 kB | 20 kB
Progress (2): 344/563 kB | 20 kB
Progress (2): 360/563 kB | 20 kB
Progress (2): 377/563 kB | 20 kB
Progress (2): 393/563 kB | 20 kB
Progress (2): 410/563 kB | 20 kB
Progress (2): 426/563 kB | 20 kB
                                
Downloaded from central: https://repo1.maven.org/maven2/org/apache/maven/reporting/maven-reporting-impl/3.2.0/maven-reporting-impl-3.2.0.jar (20 kB at 279 kB/s)
Downloading from central: https://repo1.maven.org/maven2/org/apache/maven/maven-aether-provider/3.1.0/maven-aether-provider-3.1.0.jar
Progress (1): 442/563 kB
Progress (1): 459/563 kB
Progress (1): 475/563 kB
Progress (1): 492/563 kB
Progress (1): 508/563 kB
Progress (1): 524/563 kB
Progress (1): 541/563 kB
Progress (1): 557/563 kB
Progress (1): 563 kB    
                    
Downloaded from central: https://repo1.maven.org/maven2/org/apache/maven/maven-core/3.1.0/maven-core-3.1.0.jar (563 kB at 6.1 MB/s)
Downloading from central: https://repo1.maven.org/maven2/org/codehaus/plexus/plexus-classworlds/2.4.2/plexus-classworlds-2.4.2.jar
Progress (1): 3.4/30 kB
Progress (1): 20/30 kB 
Progress (1): 28/30 kB
Progress (1): 30 kB   
Progress (2): 30 kB | 7.7/60 kB
Progress (2): 30 kB | 8.2/60 kB
                               
Downloaded from central: https://repo1.maven.org/maven2/org/apache/maven/maven-repository-metadata/3.1.0/maven-repository-metadata-3.1.0.jar (30 kB at 253 kB/s)
Downloading from central: https://repo1.maven.org/maven2/org/apache/maven/maven-artifact/3.1.0/maven-artifact-3.1.0.jar
Progress (2): 8.2/60 kB | 7.7/41 kB
Progress (2): 25/60 kB | 7.7/41 kB 
Progress (2): 41/60 kB | 7.7/41 kB
Progress (2): 57/60 kB | 7.7/41 kB
Progress (2): 60 kB | 7.7/41 kB   
Progress (2): 60 kB | 16/41 kB 
Progress (2): 60 kB | 25/41 kB
Progress (2): 60 kB | 33/41 kB
Progress (2): 60 kB | 41 kB   
Progress (3): 60 kB | 41 kB | 7.7/159 kB
Progress (3): 60 kB | 41 kB | 16/159 kB 
Progress (3): 60 kB | 41 kB | 32/159 kB
Progress (3): 60 kB | 41 kB | 49/159 kB
Progress (3): 60 kB | 41 kB | 57/159 kB
Progress (3): 60 kB | 41 kB | 74/159 kB
Progress (3): 60 kB | 41 kB | 90/159 kB
Progress (3): 60 kB | 41 kB | 106/159 kB
Progress (3): 60 kB | 41 kB | 123/159 kB
Progress (3): 60 kB | 41 kB | 139/159 kB
Progress (3): 60 kB | 41 kB | 156/159 kB
Progress (3): 60 kB | 41 kB | 159 kB    
                                    
Downloaded from central: https://repo1.maven.org/maven2/org/apache/maven/maven-aether-provider/3.1.0/maven-aether-provider-3.1.0.jar (60 kB at 432 kB/s)
Downloading from central: https://repo1.maven.org/maven2/org/apache/maven/maven-plugin-api/3.1.0/maven-plugin-api-3.1.0.jar
Downloaded from central: https://repo1.maven.org/maven2/org/apache/maven/maven-settings-builder/3.1.0/maven-settings-builder-3.1.0.jar (41 kB at 296 kB/s)
Downloading from central: https://repo1.maven.org/maven2/org/apache/maven/doxia/doxia-decoration-model/1.11.1/doxia-decoration-model-1.11.1.jar
Progress (2): 159 kB | 7.7/47 kB
Progress (2): 159 kB | 16/47 kB 
Progress (2): 159 kB | 25/47 kB
Progress (2): 159 kB | 41/47 kB
Progress (2): 159 kB | 47 kB   
                            
Downloaded from central: https://repo1.maven.org/maven2/org/apache/maven/maven-model-builder/3.1.0/maven-model-builder-3.1.0.jar (159 kB at 1.1 MB/s)
Downloading from central: https://repo1.maven.org/maven2/org/apache/maven/doxia/doxia-site-renderer/1.11.1/doxia-site-renderer-1.11.1.jar
Progress (2): 47 kB | 7.7/52 kB
                               
Downloaded from central: https://repo1.maven.org/maven2/org/codehaus/plexus/plexus-classworlds/2.4.2/plexus-classworlds-2.4.2.jar (47 kB at 305 kB/s)
Downloading from central: https://repo1.maven.org/maven2/org/apache/maven/doxia/doxia-skin-model/1.11.1/doxia-skin-model-1.11.1.jar
Progress (1): 16/52 kB
Progress (1): 32/52 kB
Progress (1): 49/52 kB
Progress (1): 52 kB   
                   
Downloaded from central: https://repo1.maven.org/maven2/org/apache/maven/maven-artifact/3.1.0/maven-artifact-3.1.0.jar (52 kB at 314 kB/s)
Downloading from central: https://repo1.maven.org/maven2/org/apache/maven/doxia/doxia-module-xhtml/1.11.1/doxia-module-xhtml-1.11.1.jar
Progress (1): 7.7/50 kB
Progress (1): 12/50 kB 
Progress (1): 29/50 kB
Progress (1): 45/50 kB
Progress (1): 50 kB   
Progress (2): 50 kB | 7.7/60 kB
Progress (2): 50 kB | 16/60 kB 
Progress (2): 50 kB | 32/60 kB
Progress (2): 50 kB | 49/60 kB
Progress (2): 50 kB | 60 kB   
Progress (3): 50 kB | 60 kB | 7.7/65 kB
Progress (4): 50 kB | 60 kB | 7.7/65 kB | 7.7/16 kB
                                                   
Downloaded from central: https://repo1.maven.org/maven2/org/apache/maven/maven-plugin-api/3.1.0/maven-plugin-api-3.1.0.jar (50 kB at 265 kB/s)
Downloading from central: https://repo1.maven.org/maven2/org/apache/maven/doxia/doxia-module-xhtml5/1.11.1/doxia-module-xhtml5-1.11.1.jar
Progress (3): 60 kB | 12/65 kB | 7.7/16 kB
Progress (3): 60 kB | 28/65 kB | 7.7/16 kB
Progress (3): 60 kB | 44/65 kB | 7.7/16 kB
Progress (3): 60 kB | 44/65 kB | 12/16 kB 
Progress (3): 60 kB | 44/65 kB | 16 kB   
Progress (3): 60 kB | 61/65 kB | 16 kB
Progress (3): 60 kB | 65 kB | 16 kB   
                                   
Downloaded from central: https://repo1.maven.org/maven2/org/apache/maven/doxia/doxia-decoration-model/1.11.1/doxia-decoration-model-1.11.1.jar (60 kB at 307 kB/s)
Downloading from central: https://repo1.maven.org/maven2/org/codehaus/plexus/plexus-velocity/1.2/plexus-velocity-1.2.jar
Downloaded from central: https://repo1.maven.org/maven2/org/apache/maven/doxia/doxia-skin-model/1.11.1/doxia-skin-model-1.11.1.jar (16 kB at 80 kB/s)
Downloading from central: https://repo1.maven.org/maven2/org/apache/velocity/velocity/1.7/velocity-1.7.jar
Downloaded from central: https://repo1.maven.org/maven2/org/apache/maven/doxia/doxia-site-renderer/1.11.1/doxia-site-renderer-1.11.1.jar (65 kB at 321 kB/s)
Downloading from central: https://repo1.maven.org/maven2/org/apache/velocity/velocity-tools/2.0/velocity-tools-2.0.jar
Progress (1): 7.7/17 kB
Progress (1): 16/17 kB 
Progress (1): 17 kB   
                   
Downloaded from central: https://repo1.maven.org/maven2/org/apache/maven/doxia/doxia-module-xhtml/1.11.1/doxia-module-xhtml-1.11.1.jar (17 kB at 79 kB/s)
Downloading from central: https://repo1.maven.org/maven2/org/apache/maven/doxia/doxia-sink-api/1.11.1/doxia-sink-api-1.11.1.jar
Progress (1): 7.7/18 kB
Progress (1): 16/18 kB 
Progress (1): 18 kB   
Progress (2): 18 kB | 7.7/347 kB
                                
Downloaded from central: https://repo1.maven.org/maven2/org/apache/velocity/velocity/1.7/velocity-1.7.jar (0 B at 0 B/s)
Downloading from central: https://repo1.maven.org/maven2/org/apache/maven/doxia/doxia-logging-api/1.11.1/doxia-logging-api-1.11.1.jar
Progress (3): 18 kB | 7.7/347 kB | 7.7/8.1 kB
Progress (3): 18 kB | 16/347 kB | 7.7/8.1 kB 
Progress (3): 18 kB | 25/347 kB | 7.7/8.1 kB
Progress (3): 18 kB | 33/347 kB | 7.7/8.1 kB
Progress (3): 18 kB | 33/347 kB | 8.1 kB    
Progress (3): 18 kB | 49/347 kB | 8.1 kB
Progress (3): 18 kB | 66/347 kB | 8.1 kB
Progress (3): 18 kB | 82/347 kB | 8.1 kB
Progress (3): 18 kB | 98/347 kB | 8.1 kB
Progress (3): 18 kB | 115/347 kB | 8.1 kB
Progress (3): 18 kB | 131/347 kB | 8.1 kB
Progress (3): 18 kB | 147/347 kB | 8.1 kB
Progress (3): 18 kB | 164/347 kB | 8.1 kB
Progress (3): 18 kB | 180/347 kB | 8.1 kB
Progress (3): 18 kB | 197/347 kB | 8.1 kB
                                         
Downloaded from central: https://repo1.maven.org/maven2/org/apache/maven/doxia/doxia-module-xhtml5/1.11.1/doxia-module-xhtml5-1.11.1.jar (18 kB at 73 kB/s)
Downloading from central: https://repo1.maven.org/maven2/org/apache/maven/doxia/doxia-core/1.11.1/doxia-core-1.11.1.jar
Progress (2): 213/347 kB | 8.1 kB
Progress (2): 229/347 kB | 8.1 kB
Progress (2): 246/347 kB | 8.1 kB
Progress (2): 262/347 kB | 8.1 kB
Progress (2): 279/347 kB | 8.1 kB
Progress (2): 295/347 kB | 8.1 kB
Progress (2): 311/347 kB | 8.1 kB
Progress (2): 328/347 kB | 8.1 kB
Progress (2): 344/347 kB | 8.1 kB
Progress (2): 347 kB | 8.1 kB    
                             
Downloaded from central: https://repo1.maven.org/maven2/org/codehaus/plexus/plexus-velocity/1.2/plexus-velocity-1.2.jar (8.1 kB at 32 kB/s)
Downloading from central: https://repo1.maven.org/maven2/org/codehaus/plexus/plexus-container-default/2.1.0/plexus-container-default-2.1.0.jar
Downloaded from central: https://repo1.maven.org/maven2/org/apache/velocity/velocity-tools/2.0/velocity-tools-2.0.jar (347 kB at 1.4 MB/s)
Downloading from central: https://repo1.maven.org/maven2/org/apache/xbean/xbean-reflect/3.7/xbean-reflect-3.7.jar
Progress (1): 7.7/12 kB
Progress (1): 12/12 kB 
Progress (1): 12 kB   
                   
Downloaded from central: https://repo1.maven.org/maven2/org/apache/maven/doxia/doxia-sink-api/1.11.1/doxia-sink-api-1.11.1.jar (12 kB at 42 kB/s)
Downloading from central: https://repo1.maven.org/maven2/org/apache/commons/commons-text/1.3/commons-text-1.3.jar
Progress (1): 4.1/230 kB
Progress (1): 20/230 kB 
Progress (1): 37/230 kB
Progress (1): 53/230 kB
Progress (1): 61/230 kB
Progress (1): 78/230 kB
Progress (1): 94/230 kB
Progress (1): 111/230 kB
Progress (1): 127/230 kB
Progress (1): 143/230 kB
Progress (1): 160/230 kB
Progress (1): 176/230 kB
Progress (1): 193/230 kB
Progress (1): 209/230 kB
Progress (2): 209/230 kB | 7.7/218 kB
Progress (2): 225/230 kB | 7.7/218 kB
Progress (2): 230 kB | 7.7/218 kB    
Progress (2): 230 kB | 16/218 kB 
Progress (2): 230 kB | 32/218 kB
Progress (2): 230 kB | 49/218 kB
Progress (2): 230 kB | 65/218 kB
Progress (2): 230 kB | 81/218 kB
Progress (2): 230 kB | 98/218 kB
Progress (2): 230 kB | 114/218 kB
Progress (3): 230 kB | 114/218 kB | 7.7/148 kB
Progress (3): 230 kB | 131/218 kB | 7.7/148 kB
Progress (3): 230 kB | 147/218 kB | 7.7/148 kB
Progress (3): 230 kB | 163/218 kB | 7.7/148 kB
Progress (3): 230 kB | 180/218 kB | 7.7/148 kB
Progress (3): 230 kB | 196/218 kB | 7.7/148 kB
Progress (3): 230 kB | 196/218 kB | 8.2/148 kB
Progress (3): 230 kB | 213/218 kB | 8.2/148 kB
Progress (3): 230 kB | 218 kB | 8.2/148 kB    
Progress (3): 230 kB | 218 kB | 16/148 kB 
Progress (3): 230 kB | 218 kB | 33/148 kB
Progress (3): 230 kB | 218 kB | 49/148 kB
Progress (3): 230 kB | 218 kB | 66/148 kB
Progress (3): 230 kB | 218 kB | 82/148 kB
Progress (3): 230 kB | 218 kB | 98/148 kB
Progress (3): 230 kB | 218 kB | 115/148 kB
Progress (3): 230 kB | 218 kB | 123/148 kB
Progress (3): 230 kB | 218 kB | 131/148 kB
Progress (3): 230 kB | 218 kB | 147/148 kB
Progress (3): 230 kB | 218 kB | 148 kB    
Progress (4): 230 kB | 218 kB | 148 kB | 7.7/12 kB
                                                  
Downloaded from central: https://repo1.maven.org/maven2/org/codehaus/plexus/plexus-container-default/2.1.0/plexus-container-default-2.1.0.jar (230 kB at 764 kB/s)
Downloading from central: https://repo1.maven.org/maven2/org/apache/httpcomponents/httpclient/4.5.13/httpclient-4.5.13.jar
Progress (3): 218 kB | 148 kB | 12 kB
                                     
Downloaded from central: https://repo1.maven.org/maven2/org/apache/maven/doxia/doxia-core/1.11.1/doxia-core-1.11.1.jar (218 kB at 720 kB/s)
Downloading from central: https://repo1.maven.org/maven2/org/apache/httpcomponents/httpcore/4.4.14/httpcore-4.4.14.jar
Progress (3): 148 kB | 12 kB | 7.7/183 kB
                                         
Downloaded from central: https://repo1.maven.org/maven2/org/apache/xbean/xbean-reflect/3.7/xbean-reflect-3.7.jar (148 kB at 479 kB/s)
Downloading from central: https://repo1.maven.org/maven2/org/apache/maven/doxia/doxia-integration-tools/1.11.1/doxia-integration-tools-1.11.1.jar
Progress (2): 12 kB | 16/183 kB
Progress (2): 12 kB | 24/183 kB
Progress (2): 12 kB | 41/183 kB
Progress (2): 12 kB | 57/183 kB
Progress (2): 12 kB | 66/183 kB
Progress (2): 12 kB | 82/183 kB
Progress (2): 12 kB | 90/183 kB
Progress (2): 12 kB | 106/183 kB
Progress (2): 12 kB | 123/183 kB
Progress (2): 12 kB | 139/183 kB
Progress (2): 12 kB | 147/183 kB
Progress (2): 12 kB | 164/183 kB
Progress (2): 12 kB | 180/183 kB
Progress (2): 12 kB | 183 kB    
                            
Downloaded from central: https://repo1.maven.org/maven2/org/apache/maven/doxia/doxia-logging-api/1.11.1/doxia-logging-api-1.11.1.jar (12 kB at 37 kB/s)
Downloading from central: https://repo1.maven.org/maven2/org/apache/maven/maven-model/2.2.1/maven-model-2.2.1.jar
Downloaded from central: https://repo1.maven.org/maven2/org/apache/commons/commons-text/1.3/commons-text-1.3.jar (183 kB at 565 kB/s)
Downloading from central: https://repo1.maven.org/maven2/org/codehaus/plexus/plexus-interpolation/1.26/plexus-interpolation-1.26.jar
Progress (1): 7.7/780 kB
Progress (1): 16/780 kB 
Progress (1): 32/780 kB
Progress (1): 49/780 kB
Progress (1): 65/780 kB
Progress (1): 81/780 kB
Progress (1): 98/780 kB
Progress (1): 114/780 kB
Progress (1): 131/780 kB
Progress (1): 147/780 kB
Progress (1): 163/780 kB
Progress (2): 163/780 kB | 7.7/328 kB
Progress (2): 180/780 kB | 7.7/328 kB
Progress (2): 196/780 kB | 7.7/328 kB
Progress (2): 213/780 kB | 7.7/328 kB
Progress (2): 213/780 kB | 12/328 kB 
Progress (2): 213/780 kB | 28/328 kB
Progress (2): 229/780 kB | 28/328 kB
Progress (2): 229/780 kB | 44/328 kB
Progress (2): 229/780 kB | 61/328 kB
Progress (2): 229/780 kB | 77/328 kB
Progress (2): 245/780 kB | 77/328 kB
Progress (2): 245/780 kB | 94/328 kB
Progress (2): 245/780 kB | 110/328 kB
Progress (2): 245/780 kB | 126/328 kB
Progress (2): 245/780 kB | 134/328 kB
Progress (2): 245/780 kB | 151/328 kB
Progress (3): 245/780 kB | 151/328 kB | 7.7/88 kB
Progress (3): 245/780 kB | 159/328 kB | 7.7/88 kB
Progress (3): 245/780 kB | 167/328 kB | 7.7/88 kB
Progress (3): 245/780 kB | 175/328 kB | 7.7/88 kB
Progress (3): 245/780 kB | 184/328 kB | 7.7/88 kB
Progress (3): 245/780 kB | 192/328 kB | 7.7/88 kB
Progress (3): 245/780 kB | 200/328 kB | 7.7/88 kB
Progress (3): 262/780 kB | 200/328 kB | 7.7/88 kB
Progress (3): 262/780 kB | 200/328 kB | 16/88 kB 
Progress (3): 262/780 kB | 208/328 kB | 16/88 kB
Progress (3): 278/780 kB | 208/328 kB | 16/88 kB
Progress (3): 278/780 kB | 216/328 kB | 16/88 kB
Progress (3): 278/780 kB | 216/328 kB | 28/88 kB
Progress (3): 294/780 kB | 216/328 kB | 28/88 kB
Progress (3): 294/780 kB | 225/328 kB | 28/88 kB
Progress (3): 294/780 kB | 225/328 kB | 44/88 kB
Progress (3): 294/780 kB | 241/328 kB | 44/88 kB
Progress (3): 311/780 kB | 241/328 kB | 44/88 kB
Progress (3): 311/780 kB | 257/328 kB | 44/88 kB
Progress (3): 311/780 kB | 257/328 kB | 61/88 kB
Progress (3): 327/780 kB | 257/328 kB | 61/88 kB
Progress (3): 327/780 kB | 257/328 kB | 77/88 kB
Progress (3): 327/780 kB | 274/328 kB | 77/88 kB
Progress (3): 327/780 kB | 274/328 kB | 88 kB   
Progress (3): 327/780 kB | 279/328 kB | 88 kB
Progress (3): 327/780 kB | 295/328 kB | 88 kB
Progress (3): 327/780 kB | 311/328 kB | 88 kB
Progress (4): 327/780 kB | 311/328 kB | 88 kB | 7.7/47 kB
Progress (4): 327/780 kB | 328/328 kB | 88 kB | 7.7/47 kB
Progress (4): 327/780 kB | 328 kB | 88 kB | 7.7/47 kB    
Progress (4): 344/780 kB | 328 kB | 88 kB | 7.7/47 kB
Progress (4): 344/780 kB | 328 kB | 88 kB | 16/47 kB 
Progress (4): 344/780 kB | 328 kB | 88 kB | 25/47 kB
Progress (4): 360/780 kB | 328 kB | 88 kB | 25/47 kB
Progress (4): 376/780 kB | 328 kB | 88 kB | 25/47 kB
Progress (4): 376/780 kB | 328 kB | 88 kB | 41/47 kB
Progress (4): 393/780 kB | 328 kB | 88 kB | 41/47 kB
Progress (4): 393/780 kB | 328 kB | 88 kB | 47 kB   
Progress (4): 409/780 kB | 328 kB | 88 kB | 47 kB
Progress (4): 426/780 kB | 328 kB | 88 kB | 47 kB
Progress (4): 442/780 kB | 328 kB | 88 kB | 47 kB
Progress (4): 458/780 kB | 328 kB | 88 kB | 47 kB
Progress (4): 475/780 kB | 328 kB | 88 kB | 47 kB
Progress (4): 491/780 kB | 328 kB | 88 kB | 47 kB
Progress (5): 491/780 kB | 328 kB | 88 kB | 47 kB | 7.7/85 kB
Progress (5): 491/780 kB | 328 kB | 88 kB | 47 kB | 16/85 kB 
Progress (5): 491/780 kB | 328 kB | 88 kB | 47 kB | 32/85 kB
Progress (5): 491/780 kB | 328 kB | 88 kB | 47 kB | 48/85 kB
Progress (5): 491/780 kB | 328 kB | 88 kB | 47 kB | 65/85 kB
Progress (5): 491/780 kB | 328 kB | 88 kB | 47 kB | 81/85 kB
Progress (5): 491/780 kB | 328 kB | 88 kB | 47 kB | 85 kB   
Progress (5): 507/780 kB | 328 kB | 88 kB | 47 kB | 85 kB
Progress (5): 524/780 kB | 328 kB | 88 kB | 47 kB | 85 kB
Progress (5): 540/780 kB | 328 kB | 88 kB | 47 kB | 85 kB
Progress (5): 557/780 kB | 328 kB | 88 kB | 47 kB | 85 kB
                                                         
Downloaded from central: https://repo1.maven.org/maven2/org/apache/maven/maven-model/2.2.1/maven-model-2.2.1.jar (88 kB at 242 kB/s)
Downloading from central: https://repo1.maven.org/maven2/org/codehaus/plexus/plexus-component-annotations/2.1.0/plexus-component-annotations-2.1.0.jar
Progress (4): 573/780 kB | 328 kB | 47 kB | 85 kB
Progress (4): 589/780 kB | 328 kB | 47 kB | 85 kB
Progress (4): 606/780 kB | 328 kB | 47 kB | 85 kB
Progress (4): 622/780 kB | 328 kB | 47 kB | 85 kB
Progress (4): 638/780 kB | 328 kB | 47 kB | 85 kB
Progress (4): 655/780 kB | 328 kB | 47 kB | 85 kB
Progress (4): 671/780 kB | 328 kB | 47 kB | 85 kB
Progress (4): 688/780 kB | 328 kB | 47 kB | 85 kB
Progress (4): 704/780 kB | 328 kB | 47 kB | 85 kB
                                                 
Downloaded from central: https://repo1.maven.org/maven2/org/apache/maven/doxia/doxia-integration-tools/1.11.1/doxia-integration-tools-1.11.1.jar (47 kB at 128 kB/s)
Downloading from central: https://repo1.maven.org/maven2/org/codehaus/plexus/plexus-resources/1.1.0/plexus-resources-1.1.0.jar
Progress (3): 720/780 kB | 328 kB | 85 kB
Progress (3): 737/780 kB | 328 kB | 85 kB
Progress (3): 753/780 kB | 328 kB | 85 kB
                                         
Downloaded from central: https://repo1.maven.org/maven2/org/apache/httpcomponents/httpcore/4.4.14/httpcore-4.4.14.jar (328 kB at 895 kB/s)
Downloading from central: https://repo1.maven.org/maven2/org/codehaus/plexus/plexus-utils/3.5.1/plexus-utils-3.5.1.jar
Progress (2): 770/780 kB | 85 kB
Progress (2): 780 kB | 85 kB    
                            
Downloaded from central: https://repo1.maven.org/maven2/org/codehaus/plexus/plexus-interpolation/1.26/plexus-interpolation-1.26.jar (85 kB at 229 kB/s)
Downloading from central: https://repo1.maven.org/maven2/org/codehaus/plexus/plexus-i18n/1.0-beta-10/plexus-i18n-1.0-beta-10.jar
Downloaded from central: https://repo1.maven.org/maven2/org/apache/httpcomponents/httpclient/4.5.13/httpclient-4.5.13.jar (780 kB at 2.0 MB/s)
Downloading from central: https://repo1.maven.org/maven2/org/slf4j/slf4j-api/1.7.32/slf4j-api-1.7.32.jar
Progress (1): 4.2 kB
                    
Downloaded from central: https://repo1.maven.org/maven2/org/codehaus/plexus/plexus-component-annotations/2.1.0/plexus-component-annotations-2.1.0.jar (4.2 kB at 10 kB/s)
Progress (1): 7.7/269 kB
Progress (1): 16/269 kB 
Progress (1): 32/269 kB
Progress (1): 49/269 kB
Progress (1): 65/269 kB
Progress (1): 81/269 kB
Progress (1): 98/269 kB
Progress (1): 114/269 kB
Progress (1): 131/269 kB
Progress (2): 131/269 kB | 7.7/12 kB
Progress (3): 131/269 kB | 7.7/12 kB | 7.7/23 kB
Progress (3): 147/269 kB | 7.7/12 kB | 7.7/23 kB
Progress (3): 163/269 kB | 7.7/12 kB | 7.7/23 kB
Progress (3): 180/269 kB | 7.7/12 kB | 7.7/23 kB
Progress (3): 196/269 kB | 7.7/12 kB | 7.7/23 kB
Progress (3): 213/269 kB | 7.7/12 kB | 7.7/23 kB
Progress (3): 213/269 kB | 7.7/12 kB | 16/23 kB 
Progress (3): 213/269 kB | 12 kB | 16/23 kB    
Progress (3): 213/269 kB | 12 kB | 23 kB   
Progress (3): 229/269 kB | 12 kB | 23 kB
Progress (3): 245/269 kB | 12 kB | 23 kB
Progress (3): 262/269 kB | 12 kB | 23 kB
Progress (3): 269 kB | 12 kB | 23 kB    
Progress (4): 269 kB | 12 kB | 23 kB | 7.7/42 kB
Progress (4): 269 kB | 12 kB | 23 kB | 16/42 kB 
Progress (4): 269 kB | 12 kB | 23 kB | 25/42 kB
Progress (4): 269 kB | 12 kB | 23 kB | 41/42 kB
Progress (4): 269 kB | 12 kB | 23 kB | 42 kB   
                                            
Downloaded from central: https://repo1.maven.org/maven2/org/codehaus/plexus/plexus-resources/1.1.0/plexus-resources-1.1.0.jar (23 kB at 53 kB/s)
Downloaded from central: https://repo1.maven.org/maven2/org/codehaus/plexus/plexus-i18n/1.0-beta-10/plexus-i18n-1.0-beta-10.jar (12 kB at 27 kB/s)
Downloaded from central: https://repo1.maven.org/maven2/org/codehaus/plexus/plexus-utils/3.5.1/plexus-utils-3.5.1.jar (269 kB at 612 kB/s)
Downloaded from central: https://repo1.maven.org/maven2/org/slf4j/slf4j-api/1.7.32/slf4j-api-1.7.32.jar (42 kB at 93 kB/s)
Downloading from central: https://repo1.maven.org/maven2/org/apache/maven/skins/maven-default-skin/1.3/maven-default-skin-1.3.jar
Progress (1): 7.7/14 kB
Progress (1): 14 kB    
                   
Downloaded from central: https://repo1.maven.org/maven2/org/apache/maven/skins/maven-default-skin/1.3/maven-default-skin-1.3.jar (14 kB at 287 kB/s)
[INFO] Rendering content with org.apache.maven.skins:maven-default-skin:jar:1.3 skin.
[INFO] Starting audit...
Audit done.
[INFO] 
[INFO] --- checkstyle:3.3.1:checkstyle (validate-main) @ httpcore5 ---
[INFO] Rendering content with org.apache.maven.skins:maven-default-skin:jar:1.3 skin.
[INFO] Starting audit...
Audit done.
[INFO] 
[INFO] --- build-helper:3.2.0:parse-version (parse-version) @ httpcore5 ---
Downloading from central: https://repo1.maven.org/maven2/org/apache/maven/maven-core/3.0/maven-core-3.0.pom
Progress (1): 799 B
Progress (1): 4.0 kB
Progress (1): 6.6 kB
                    
Downloaded from central: https://repo1.maven.org/maven2/org/apache/maven/maven-core/3.0/maven-core-3.0.pom (6.6 kB at 95 kB/s)
Downloading from central: https://repo1.maven.org/maven2/org/apache/maven/maven-model/3.0/maven-model-3.0.pom
Progress (1): 793 B
Progress (1): 2.6 kB
Progress (1): 3.9 kB
                    
Downloaded from central: https://repo1.maven.org/maven2/org/apache/maven/maven-model/3.0/maven-model-3.0.pom (3.9 kB at 75 kB/s)
Downloading from central: https://repo1.maven.org/maven2/org/codehaus/plexus/plexus-utils/2.0.4/plexus-utils-2.0.4.pom
Progress (1): 819 B
Progress (1): 2.5 kB
Progress (1): 3.3 kB
                    
Downloaded from central: https://repo1.maven.org/maven2/org/codehaus/plexus/plexus-utils/2.0.4/plexus-utils-2.0.4.pom (3.3 kB at 60 kB/s)
Downloading from central: https://repo1.maven.org/maven2/org/apache/maven/maven-settings/3.0/maven-settings-3.0.pom
Progress (1): 832 B
Progress (1): 1.9 kB
                    
Downloaded from central: https://repo1.maven.org/maven2/org/apache/maven/maven-settings/3.0/maven-settings-3.0.pom (1.9 kB at 38 kB/s)
Downloading from central: https://repo1.maven.org/maven2/org/apache/maven/maven-settings-builder/3.0/maven-settings-builder-3.0.pom
Progress (1): 823 B
Progress (1): 2.2 kB
                    
Downloaded from central: https://repo1.maven.org/maven2/org/apache/maven/maven-settings-builder/3.0/maven-settings-builder-3.0.pom (2.2 kB at 46 kB/s)
Downloading from central: https://repo1.maven.org/maven2/org/codehaus/plexus/plexus-interpolation/1.14/plexus-interpolation-1.14.pom
Progress (1): 910 B
                   
Downloaded from central: https://repo1.maven.org/maven2/org/codehaus/plexus/plexus-interpolation/1.14/plexus-interpolation-1.14.pom (910 B at 18 kB/s)
Downloading from central: https://repo1.maven.org/maven2/org/codehaus/plexus/plexus-components/1.1.18/plexus-components-1.1.18.pom
Progress (1): 1.5 kB
Progress (1): 3.8 kB
Progress (1): 5.4 kB
                    
Downloaded from central: https://repo1.maven.org/maven2/org/codehaus/plexus/plexus-components/1.1.18/plexus-components-1.1.18.pom (5.4 kB at 109 kB/s)
Downloading from central: https://repo1.maven.org/maven2/org/apache/maven/maven-repository-metadata/3.0/maven-repository-metadata-3.0.pom
Progress (1): 829 B
Progress (1): 1.9 kB
                    
Downloaded from central: https://repo1.maven.org/maven2/org/apache/maven/maven-repository-metadata/3.0/maven-repository-metadata-3.0.pom (1.9 kB at 37 kB/s)
Downloading from central: https://repo1.maven.org/maven2/org/apache/maven/maven-plugin-api/3.0/maven-plugin-api-3.0.pom
Progress (1): 823 B
Progress (1): 2.3 kB
                    
Downloaded from central: https://repo1.maven.org/maven2/org/apache/maven/maven-plugin-api/3.0/maven-plugin-api-3.0.pom (2.3 kB at 50 kB/s)
Downloading from central: https://repo1.maven.org/maven2/org/codehaus/plexus/plexus-component-annotations/1.5.4/plexus-component-annotations-1.5.4.pom
Progress (1): 815 B
                   
Downloaded from central: https://repo1.maven.org/maven2/org/codehaus/plexus/plexus-component-annotations/1.5.4/plexus-component-annotations-1.5.4.pom (815 B at 15 kB/s)
Downloading from central: https://repo1.maven.org/maven2/org/codehaus/plexus/plexus-containers/1.5.4/plexus-containers-1.5.4.pom
Progress (1): 1.3 kB
Progress (1): 4.2 kB
                    
Downloaded from central: https://repo1.maven.org/maven2/org/codehaus/plexus/plexus-containers/1.5.4/plexus-containers-1.5.4.pom (4.2 kB at 88 kB/s)
Downloading from central: https://repo1.maven.org/maven2/org/codehaus/plexus/plexus-classworlds/2.2.3/plexus-classworlds-2.2.3.pom
Progress (1): 952 B
Progress (1): 3.0 kB
Progress (1): 4.0 kB
                    
Downloaded from central: https://repo1.maven.org/maven2/org/codehaus/plexus/plexus-classworlds/2.2.3/plexus-classworlds-2.2.3.pom (4.0 kB at 87 kB/s)
Downloading from central: https://repo1.maven.org/maven2/org/apache/maven/maven-model-builder/3.0/maven-model-builder-3.0.pom
Progress (1): 849 B
Progress (1): 2.2 kB
                    
Downloaded from central: https://repo1.maven.org/maven2/org/apache/maven/maven-model-builder/3.0/maven-model-builder-3.0.pom (2.2 kB at 50 kB/s)
Downloading from central: https://repo1.maven.org/maven2/org/apache/maven/maven-aether-provider/3.0/maven-aether-provider-3.0.pom
Progress (1): 823 B
Progress (1): 2.5 kB
                    
Downloaded from central: https://repo1.maven.org/maven2/org/apache/maven/maven-aether-provider/3.0/maven-aether-provider-3.0.pom (2.5 kB at 56 kB/s)
Downloading from central: https://repo1.maven.org/maven2/org/codehaus/plexus/plexus-utils/3.0.24/plexus-utils-3.0.24.pom
Progress (1): 810 B
Progress (1): 2.4 kB
Progress (1): 4.1 kB
                    
Downloaded from central: https://repo1.maven.org/maven2/org/codehaus/plexus/plexus-utils/3.0.24/plexus-utils-3.0.24.pom (4.1 kB at 94 kB/s)
Downloading from central: https://repo1.maven.org/maven2/org/apache/maven/shared/file-management/3.0.0/file-management-3.0.0.pom
Progress (1): 800 B
Progress (1): 2.2 kB
Progress (1): 4.6 kB
Progress (1): 4.7 kB
                    
Downloaded from central: https://repo1.maven.org/maven2/org/apache/maven/shared/file-management/3.0.0/file-management-3.0.0.pom (4.7 kB at 92 kB/s)
Downloading from central: https://repo1.maven.org/maven2/org/apache/maven/shared/maven-shared-components/22/maven-shared-components-22.pom
Progress (1): 799 B
Progress (1): 2.4 kB
Progress (1): 4.3 kB
Progress (1): 5.1 kB
                    
Downloaded from central: https://repo1.maven.org/maven2/org/apache/maven/shared/maven-shared-components/22/maven-shared-components-22.pom (5.1 kB at 85 kB/s)
Downloading from central: https://repo1.maven.org/maven2/org/apache/maven/maven-parent/27/maven-parent-27.pom
Progress (1): 730 B
Progress (1): 2.0 kB
Progress (1): 5.9 kB
Progress (1): 10 kB 
Progress (1): 15 kB
Progress (1): 19 kB
Progress (1): 23 kB
Progress (1): 24 kB
Progress (1): 27 kB
Progress (1): 31 kB
Progress (1): 34 kB
Progress (1): 37 kB
Progress (1): 41 kB
                   
Downloaded from central: https://repo1.maven.org/maven2/org/apache/maven/maven-parent/27/maven-parent-27.pom (41 kB at 657 kB/s)
Downloading from central: https://repo1.maven.org/maven2/org/apache/apache/17/apache-17.pom
Progress (1): 749 B
Progress (1): 2.1 kB
Progress (1): 3.9 kB
Progress (1): 8.1 kB
Progress (1): 12 kB 
Progress (1): 15 kB
Progress (1): 16 kB
                   
Downloaded from central: https://repo1.maven.org/maven2/org/apache/apache/17/apache-17.pom (16 kB at 240 kB/s)
Downloading from central: https://repo1.maven.org/maven2/org/apache/maven/shared/maven-shared-io/3.0.0/maven-shared-io-3.0.0.pom
Progress (1): 803 B
Progress (1): 2.3 kB
Progress (1): 4.2 kB
                    
Downloaded from central: https://repo1.maven.org/maven2/org/apache/maven/shared/maven-shared-io/3.0.0/maven-shared-io-3.0.0.pom (4.2 kB at 78 kB/s)
Downloading from central: https://repo1.maven.org/maven2/org/apache/maven/maven-compat/3.0/maven-compat-3.0.pom
Progress (1): 835 B
Progress (1): 3.7 kB
Progress (1): 4.0 kB
                    
Downloaded from central: https://repo1.maven.org/maven2/org/apache/maven/maven-compat/3.0/maven-compat-3.0.pom (4.0 kB at 77 kB/s)
Downloading from central: https://repo1.maven.org/maven2/org/apache/maven/wagon/wagon-provider-api/1.0-beta-6/wagon-provider-api-1.0-beta-6.pom
Progress (1): 831 B
Progress (1): 1.8 kB
                    
Downloaded from central: https://repo1.maven.org/maven2/org/apache/maven/wagon/wagon-provider-api/1.0-beta-6/wagon-provider-api-1.0-beta-6.pom (1.8 kB at 36 kB/s)
Downloading from central: https://repo1.maven.org/maven2/org/apache/maven/wagon/wagon/1.0-beta-6/wagon-1.0-beta-6.pom
Progress (1): 763 B
Progress (1): 2.4 kB
Progress (1): 5.3 kB
Progress (1): 8.6 kB
Progress (1): 11 kB 
Progress (1): 12 kB
                   
Downloaded from central: https://repo1.maven.org/maven2/org/apache/maven/wagon/wagon/1.0-beta-6/wagon-1.0-beta-6.pom (12 kB at 238 kB/s)
Downloading from central: https://repo1.maven.org/maven2/org/apache/maven/wagon/wagon-provider-api/2.10/wagon-provider-api-2.10.pom
Progress (1): 843 B
Progress (1): 1.7 kB
                    
Downloaded from central: https://repo1.maven.org/maven2/org/apache/maven/wagon/wagon-provider-api/2.10/wagon-provider-api-2.10.pom (1.7 kB at 38 kB/s)
Downloading from central: https://repo1.maven.org/maven2/org/apache/maven/wagon/wagon/2.10/wagon-2.10.pom
Progress (1): 739 B
Progress (1): 2.3 kB
Progress (1): 5.0 kB
Progress (1): 8.1 kB
Progress (1): 12 kB 
Progress (1): 15 kB
Progress (1): 18 kB
Progress (1): 21 kB
                   
Downloaded from central: https://repo1.maven.org/maven2/org/apache/maven/wagon/wagon/2.10/wagon-2.10.pom (21 kB at 289 kB/s)
Downloading from central: https://repo1.maven.org/maven2/org/apache/maven/maven-parent/26/maven-parent-26.pom
Progress (1): 729 B
Progress (1): 2.0 kB
Progress (1): 6.0 kB
Progress (1): 10 kB 
Progress (1): 15 kB
Progress (1): 18 kB
Progress (1): 23 kB
Progress (1): 24 kB
Progress (1): 27 kB
Progress (1): 30 kB
Progress (1): 32 kB
Progress (1): 36 kB
Progress (1): 40 kB
                   
Downloaded from central: https://repo1.maven.org/maven2/org/apache/maven/maven-parent/26/maven-parent-26.pom (40 kB at 642 kB/s)
Downloading from central: https://repo1.maven.org/maven2/org/codehaus/plexus/plexus-utils/3.0.15/plexus-utils-3.0.15.pom
Progress (1): 817 B
Progress (1): 2.3 kB
Progress (1): 3.1 kB
                    
Downloaded from central: https://repo1.maven.org/maven2/org/codehaus/plexus/plexus-utils/3.0.15/plexus-utils-3.0.15.pom (3.1 kB at 67 kB/s)
Downloading from central: https://repo1.maven.org/maven2/org/apache/maven/shared/maven-shared-utils/3.0.0/maven-shared-utils-3.0.0.pom
Progress (1): 802 B
Progress (1): 2.3 kB
Progress (1): 4.6 kB
Progress (1): 5.6 kB
                    
Downloaded from central: https://repo1.maven.org/maven2/org/apache/maven/shared/maven-shared-utils/3.0.0/maven-shared-utils-3.0.0.pom (5.6 kB at 109 kB/s)
Downloading from central: https://repo1.maven.org/maven2/org/apache/maven/shared/maven-shared-components/21/maven-shared-components-21.pom
Progress (1): 798 B
Progress (1): 2.4 kB
Progress (1): 4.2 kB
Progress (1): 5.1 kB
                    
Downloaded from central: https://repo1.maven.org/maven2/org/apache/maven/shared/maven-shared-components/21/maven-shared-components-21.pom (5.1 kB at 109 kB/s)
Downloading from central: https://repo1.maven.org/maven2/org/apache/commons/commons-parent/25/commons-parent-25.pom
Progress (1): 718 B
Progress (1): 1.9 kB
Progress (1): 3.3 kB
Progress (1): 5.1 kB
Progress (1): 8.9 kB
Progress (1): 12 kB 
Progress (1): 16 kB
Progress (1): 19 kB
Progress (1): 21 kB
Progress (1): 24 kB
Progress (1): 29 kB
Progress (1): 36 kB
Progress (1): 38 kB
Progress (1): 41 kB
Progress (1): 43 kB
Progress (1): 43 kB
Progress (1): 46 kB
Progress (1): 48 kB
Progress (1): 48 kB
                   
Downloaded from central: https://repo1.maven.org/maven2/org/apache/commons/commons-parent/25/commons-parent-25.pom (48 kB at 863 kB/s)
[INFO] Artifact org.apache:apache:pom:9 is present in the local repository, but cached from a remote repository ID that is unavailable in current build context, verifying that is downloadable from [apache.snapshots (https://repository.apache.org/snapshots, default, snapshots), central (https://repo1.maven.org/maven2, default, releases), maven-default-http-blocker (http://0.0.0.0/, default, snapshots, blocked)]
[INFO] Artifact org.apache:apache:pom:9 is present in the local repository, but cached from a remote repository ID that is unavailable in current build context, verifying that is downloadable from [apache.snapshots (https://repository.apache.org/snapshots, default, snapshots), central (https://repo1.maven.org/maven2, default, releases), maven-default-http-blocker (http://0.0.0.0/, default, snapshots, blocked)]
Downloading from central: https://repo1.maven.org/maven2/org/apache/apache/9/apache-9.pom
Downloaded from central: https://repo1.maven.org/maven2/org/apache/apache/9/apache-9.pom (0 B at 0 B/s)
Downloading from central: https://repo1.maven.org/maven2/org/codehaus/plexus/plexus-utils/3.0.22/plexus-utils-3.0.22.pom
Progress (1): 812 B
Progress (1): 2.3 kB
Progress (1): 3.8 kB
                    
Downloaded from central: https://repo1.maven.org/maven2/org/codehaus/plexus/plexus-utils/3.0.22/plexus-utils-3.0.22.pom (3.8 kB at 75 kB/s)
Downloading from central: https://repo1.maven.org/maven2/org/apache/maven/maven-core/3.0/maven-core-3.0.jar
Downloading from central: https://repo1.maven.org/maven2/org/apache/maven/maven-model/3.0/maven-model-3.0.jar
Downloading from central: https://repo1.maven.org/maven2/org/apache/maven/maven-settings/3.0/maven-settings-3.0.jar
Downloading from central: https://repo1.maven.org/maven2/org/apache/maven/maven-settings-builder/3.0/maven-settings-builder-3.0.jar
Downloading from central: https://repo1.maven.org/maven2/org/apache/maven/maven-repository-metadata/3.0/maven-repository-metadata-3.0.jar
Progress (1): 7.7/30 kB
Progress (1): 16/30 kB 
Progress (1): 24/30 kB
Progress (1): 30 kB   
Progress (2): 30 kB | 7.7/527 kB
Progress (2): 30 kB | 16/527 kB 
Progress (2): 30 kB | 32/527 kB
Progress (2): 30 kB | 49/527 kB
Progress (2): 30 kB | 65/527 kB
Progress (2): 30 kB | 81/527 kB
Progress (2): 30 kB | 98/527 kB
Progress (2): 30 kB | 114/527 kB
Progress (2): 30 kB | 115/527 kB
Progress (2): 30 kB | 131/527 kB
Progress (3): 30 kB | 131/527 kB | 7.7/165 kB
Progress (4): 30 kB | 131/527 kB | 7.7/165 kB | 7.7/47 kB
Progress (4): 30 kB | 147/527 kB | 7.7/165 kB | 7.7/47 kB
Progress (4): 30 kB | 147/527 kB | 16/165 kB | 7.7/47 kB 
Progress (4): 30 kB | 164/527 kB | 16/165 kB | 7.7/47 kB
Progress (4): 30 kB | 164/527 kB | 25/165 kB | 7.7/47 kB
Progress (4): 30 kB | 180/527 kB | 25/165 kB | 7.7/47 kB
Progress (4): 30 kB | 197/527 kB | 25/165 kB | 7.7/47 kB
Progress (4): 30 kB | 197/527 kB | 41/165 kB | 7.7/47 kB
Progress (4): 30 kB | 213/527 kB | 41/165 kB | 7.7/47 kB
Progress (4): 30 kB | 213/527 kB | 41/165 kB | 16/47 kB 
Progress (4): 30 kB | 213/527 kB | 57/165 kB | 16/47 kB
Progress (4): 30 kB | 229/527 kB | 57/165 kB | 16/47 kB
Progress (4): 30 kB | 229/527 kB | 57/165 kB | 32/47 kB
Progress (4): 30 kB | 229/527 kB | 74/165 kB | 32/47 kB
Progress (4): 30 kB | 238/527 kB | 74/165 kB | 32/47 kB
Progress (4): 30 kB | 238/527 kB | 74/165 kB | 47 kB   
Progress (4): 30 kB | 238/527 kB | 90/165 kB | 47 kB
Progress (4): 30 kB | 246/527 kB | 90/165 kB | 47 kB
Progress (4): 30 kB | 262/527 kB | 90/165 kB | 47 kB
Progress (4): 30 kB | 262/527 kB | 106/165 kB | 47 kB
Progress (4): 30 kB | 262/527 kB | 123/165 kB | 47 kB
Progress (4): 30 kB | 270/527 kB | 123/165 kB | 47 kB
Progress (4): 30 kB | 270/527 kB | 139/165 kB | 47 kB
Progress (4): 30 kB | 287/527 kB | 139/165 kB | 47 kB
Progress (4): 30 kB | 287/527 kB | 156/165 kB | 47 kB
Progress (4): 30 kB | 287/527 kB | 165 kB | 47 kB    
Progress (4): 30 kB | 303/527 kB | 165 kB | 47 kB
Progress (4): 30 kB | 311/527 kB | 165 kB | 47 kB
Progress (5): 30 kB | 311/527 kB | 165 kB | 47 kB | 7.7/38 kB
Progress (5): 30 kB | 328/527 kB | 165 kB | 47 kB | 7.7/38 kB
Progress (5): 30 kB | 328/527 kB | 165 kB | 47 kB | 16/38 kB 
Progress (5): 30 kB | 328/527 kB | 165 kB | 47 kB | 25/38 kB
Progress (5): 30 kB | 328/527 kB | 165 kB | 47 kB | 38 kB   
Progress (5): 30 kB | 344/527 kB | 165 kB | 47 kB | 38 kB
Progress (5): 30 kB | 360/527 kB | 165 kB | 47 kB | 38 kB
Progress (5): 30 kB | 377/527 kB | 165 kB | 47 kB | 38 kB
Progress (5): 30 kB | 393/527 kB | 165 kB | 47 kB | 38 kB
Progress (5): 30 kB | 410/527 kB | 165 kB | 47 kB | 38 kB
Progress (5): 30 kB | 426/527 kB | 165 kB | 47 kB | 38 kB
Progress (5): 30 kB | 442/527 kB | 165 kB | 47 kB | 38 kB
                                                         
Downloaded from central: https://repo1.maven.org/maven2/org/apache/maven/maven-repository-metadata/3.0/maven-repository-metadata-3.0.jar (30 kB at 590 kB/s)
Progress (4): 459/527 kB | 165 kB | 47 kB | 38 kB
                                                 
Downloading from central: https://repo1.maven.org/maven2/org/apache/maven/maven-artifact/3.0/maven-artifact-3.0.jar
Progress (4): 475/527 kB | 165 kB | 47 kB | 38 kB
Progress (4): 492/527 kB | 165 kB | 47 kB | 38 kB
Progress (4): 508/527 kB | 165 kB | 47 kB | 38 kB
Progress (4): 524/527 kB | 165 kB | 47 kB | 38 kB
Progress (4): 527 kB | 165 kB | 47 kB | 38 kB    
                                             
Downloaded from central: https://repo1.maven.org/maven2/org/apache/maven/maven-settings/3.0/maven-settings-3.0.jar (47 kB at 778 kB/s)
Downloading from central: https://repo1.maven.org/maven2/org/apache/maven/maven-model-builder/3.0/maven-model-builder-3.0.jar
Downloaded from central: https://repo1.maven.org/maven2/org/apache/maven/maven-model/3.0/maven-model-3.0.jar (165 kB at 2.7 MB/s)
Downloading from central: https://repo1.maven.org/maven2/org/apache/maven/maven-aether-provider/3.0/maven-aether-provider-3.0.jar
Downloaded from central: https://repo1.maven.org/maven2/org/apache/maven/maven-settings-builder/3.0/maven-settings-builder-3.0.jar (38 kB at 619 kB/s)
Downloading from central: https://repo1.maven.org/maven2/org/codehaus/plexus/plexus-interpolation/1.14/plexus-interpolation-1.14.jar
Downloaded from central: https://repo1.maven.org/maven2/org/apache/maven/maven-core/3.0/maven-core-3.0.jar (527 kB at 8.0 MB/s)
Downloading from central: https://repo1.maven.org/maven2/org/codehaus/plexus/plexus-classworlds/2.2.3/plexus-classworlds-2.2.3.jar
Progress (1): 7.7/52 kB
Progress (1): 16/52 kB 
Progress (1): 25/52 kB
Progress (1): 41/52 kB
Progress (1): 49/52 kB
Progress (1): 52 kB   
Progress (2): 52 kB | 7.7/148 kB
Progress (2): 52 kB | 16/148 kB 
Progress (2): 52 kB | 25/148 kB
Progress (3): 52 kB | 25/148 kB | 7.7/46 kB
Progress (3): 52 kB | 41/148 kB | 7.7/46 kB
                                           
Downloaded from central: https://repo1.maven.org/maven2/org/apache/maven/maven-artifact/3.0/maven-artifact-3.0.jar (52 kB at 504 kB/s)
Progress (2): 57/148 kB | 7.7/46 kB
                                   
Downloading from central: https://repo1.maven.org/maven2/org/apache/maven/maven-plugin-api/3.0/maven-plugin-api-3.0.jar
Progress (2): 74/148 kB | 7.7/46 kB
Progress (2): 82/148 kB | 7.7/46 kB
Progress (2): 98/148 kB | 7.7/46 kB
Progress (2): 115/148 kB | 7.7/46 kB
Progress (2): 131/148 kB | 7.7/46 kB
Progress (2): 147/148 kB | 7.7/46 kB
Progress (2): 148 kB | 7.7/46 kB    
Progress (2): 148 kB | 12/46 kB 
Progress (2): 148 kB | 29/46 kB
Progress (2): 148 kB | 45/46 kB
Progress (2): 148 kB | 46 kB   
Progress (3): 148 kB | 46 kB | 7.7/61 kB
Progress (4): 148 kB | 46 kB | 7.7/61 kB | 7.7/51 kB
Progress (4): 148 kB | 46 kB | 8.2/61 kB | 7.7/51 kB
Progress (4): 148 kB | 46 kB | 8.2/61 kB | 16/51 kB 
Progress (4): 148 kB | 46 kB | 8.2/61 kB | 25/51 kB
Progress (4): 148 kB | 46 kB | 8.2/61 kB | 41/51 kB
Progress (4): 148 kB | 46 kB | 8.2/61 kB | 51 kB   
Progress (4): 148 kB | 46 kB | 25/61 kB | 51 kB 
Progress (4): 148 kB | 46 kB | 41/61 kB | 51 kB
Progress (4): 148 kB | 46 kB | 57/61 kB | 51 kB
Progress (4): 148 kB | 46 kB | 61 kB | 51 kB   
                                            
Downloaded from central: https://repo1.maven.org/maven2/org/apache/maven/maven-model-builder/3.0/maven-model-builder-3.0.jar (148 kB at 1.2 MB/s)
Downloading from central: https://repo1.maven.org/maven2/org/codehaus/plexus/plexus-utils/3.0.24/plexus-utils-3.0.24.jar
Downloaded from central: https://repo1.maven.org/maven2/org/codehaus/plexus/plexus-classworlds/2.2.3/plexus-classworlds-2.2.3.jar (46 kB at 375 kB/s)
Downloading from central: https://repo1.maven.org/maven2/org/apache/maven/shared/file-management/3.0.0/file-management-3.0.0.jar
Downloaded from central: https://repo1.maven.org/maven2/org/apache/maven/maven-aether-provider/3.0/maven-aether-provider-3.0.jar (51 kB at 416 kB/s)
Downloading from central: https://repo1.maven.org/maven2/org/apache/maven/shared/maven-shared-io/3.0.0/maven-shared-io-3.0.0.jar
Downloaded from central: https://repo1.maven.org/maven2/org/codehaus/plexus/plexus-interpolation/1.14/plexus-interpolation-1.14.jar (61 kB at 493 kB/s)
Downloading from central: https://repo1.maven.org/maven2/org/apache/maven/maven-compat/3.0/maven-compat-3.0.jar
Progress (1): 7.7/49 kB
Progress (1): 8.2/49 kB
Progress (1): 25/49 kB 
Progress (1): 41/49 kB
Progress (1): 49 kB   
Progress (2): 49 kB | 7.7/247 kB
                                
Downloaded from central: https://repo1.maven.org/maven2/org/apache/maven/maven-plugin-api/3.0/maven-plugin-api-3.0.jar (49 kB at 312 kB/s)
Downloading from central: https://repo1.maven.org/maven2/org/apache/maven/wagon/wagon-provider-api/2.10/wagon-provider-api-2.10.jar
Progress (1): 16/247 kB
Progress (2): 16/247 kB | 7.7/35 kB
Progress (2): 32/247 kB | 7.7/35 kB
Progress (2): 49/247 kB | 7.7/35 kB
Progress (2): 65/247 kB | 7.7/35 kB
Progress (2): 81/247 kB | 7.7/35 kB
Progress (2): 98/247 kB | 7.7/35 kB
Progress (2): 114/247 kB | 7.7/35 kB
Progress (2): 114/247 kB | 8.2/35 kB
Progress (2): 131/247 kB | 8.2/35 kB
Progress (3): 131/247 kB | 8.2/35 kB | 7.7/285 kB
Progress (3): 147/247 kB | 8.2/35 kB | 7.7/285 kB
Progress (3): 163/247 kB | 8.2/35 kB | 7.7/285 kB
Progress (3): 163/247 kB | 8.2/35 kB | 16/285 kB 
Progress (3): 180/247 kB | 8.2/35 kB | 16/285 kB
Progress (3): 196/247 kB | 8.2/35 kB | 16/285 kB
Progress (3): 196/247 kB | 8.2/35 kB | 25/285 kB
Progress (3): 196/247 kB | 25/35 kB | 25/285 kB 
Progress (3): 196/247 kB | 35 kB | 25/285 kB   
Progress (3): 196/247 kB | 35 kB | 41/285 kB
Progress (3): 213/247 kB | 35 kB | 41/285 kB
Progress (3): 213/247 kB | 35 kB | 57/285 kB
Progress (3): 213/247 kB | 35 kB | 74/285 kB
Progress (3): 229/247 kB | 35 kB | 74/285 kB
Progress (3): 229/247 kB | 35 kB | 90/285 kB
Progress (3): 245/247 kB | 35 kB | 90/285 kB
Progress (3): 247 kB | 35 kB | 90/285 kB    
Progress (3): 247 kB | 35 kB | 106/285 kB
Progress (3): 247 kB | 35 kB | 123/285 kB
Progress (3): 247 kB | 35 kB | 131/285 kB
Progress (3): 247 kB | 35 kB | 147/285 kB
Progress (3): 247 kB | 35 kB | 164/285 kB
Progress (3): 247 kB | 35 kB | 180/285 kB
Progress (3): 247 kB | 35 kB | 188/285 kB
Progress (3): 247 kB | 35 kB | 205/285 kB
Progress (3): 247 kB | 35 kB | 221/285 kB
Progress (3): 247 kB | 35 kB | 238/285 kB
Progress (3): 247 kB | 35 kB | 254/285 kB
Progress (3): 247 kB | 35 kB | 270/285 kB
Progress (3): 247 kB | 35 kB | 285 kB    
                                     
Downloaded from central: https://repo1.maven.org/maven2/org/apache/maven/shared/file-management/3.0.0/file-management-3.0.0.jar (35 kB at 204 kB/s)
Downloading from central: https://repo1.maven.org/maven2/org/apache/maven/shared/maven-shared-utils/3.0.0/maven-shared-utils-3.0.0.jar
Downloaded from central: https://repo1.maven.org/maven2/org/codehaus/plexus/plexus-utils/3.0.24/plexus-utils-3.0.24.jar (247 kB at 1.4 MB/s)
Downloaded from central: https://repo1.maven.org/maven2/org/apache/maven/maven-compat/3.0/maven-compat-3.0.jar (285 kB at 1.6 MB/s)
Progress (1): 7.7/41 kB
Progress (1): 7.8/41 kB
Progress (1): 24/41 kB 
Progress (1): 41/41 kB
Progress (1): 41 kB   
                   
Downloaded from central: https://repo1.maven.org/maven2/org/apache/maven/shared/maven-shared-io/3.0.0/maven-shared-io-3.0.0.jar (41 kB at 216 kB/s)
Progress (1): 7.7/155 kB
Progress (1): 8.2/155 kB
Progress (1): 25/155 kB 
Progress (1): 41/155 kB
Progress (1): 57/155 kB
Progress (1): 74/155 kB
Progress (1): 90/155 kB
Progress (1): 106/155 kB
Progress (1): 123/155 kB
Progress (1): 139/155 kB
Progress (1): 155 kB    
Progress (2): 155 kB | 7.7/54 kB
Progress (2): 155 kB | 12/54 kB 
Progress (2): 155 kB | 28/54 kB
Progress (2): 155 kB | 44/54 kB
Progress (2): 155 kB | 54 kB   
                            
Downloaded from central: https://repo1.maven.org/maven2/org/apache/maven/shared/maven-shared-utils/3.0.0/maven-shared-utils-3.0.0.jar (155 kB at 688 kB/s)
Downloaded from central: https://repo1.maven.org/maven2/org/apache/maven/wagon/wagon-provider-api/2.10/wagon-provider-api-2.10.jar (54 kB at 233 kB/s)
[INFO] 
[INFO] --- remote-resources:1.7.0:process (process-resource-bundles) @ httpcore5 ---
[INFO] Artifact org.apache.maven:maven-core:pom:2.2.1 is present in the local repository, but cached from a remote repository ID that is unavailable in current build context, verifying that is downloadable from [apache.snapshots (https://repository.apache.org/snapshots, default, snapshots), central (https://repo1.maven.org/maven2, default, releases)]
[INFO] Artifact org.apache.maven:maven-core:pom:2.2.1 is present in the local repository, but cached from a remote repository ID that is unavailable in current build context, verifying that is downloadable from [apache.snapshots (https://repository.apache.org/snapshots, default, snapshots), central (https://repo1.maven.org/maven2, default, releases)]
Downloading from central: https://repo1.maven.org/maven2/org/apache/maven/maven-core/2.2.1/maven-core-2.2.1.pom
Downloaded from central: https://repo1.maven.org/maven2/org/apache/maven/maven-core/2.2.1/maven-core-2.2.1.pom (0 B at 0 B/s)
[INFO] Artifact org.apache.maven:maven-settings:pom:2.2.1 is present in the local repository, but cached from a remote repository ID that is unavailable in current build context, verifying that is downloadable from [apache.snapshots (https://repository.apache.org/snapshots, default, snapshots), central (https://repo1.maven.org/maven2, default, releases), maven-default-http-blocker (http://0.0.0.0/, default, snapshots, blocked)]
[INFO] Artifact org.apache.maven:maven-settings:pom:2.2.1 is present in the local repository, but cached from a remote repository ID that is unavailable in current build context, verifying that is downloadable from [apache.snapshots (https://repository.apache.org/snapshots, default, snapshots), central (https://repo1.maven.org/maven2, default, releases), maven-default-http-blocker (http://0.0.0.0/, default, snapshots, blocked)]
Downloading from central: https://repo1.maven.org/maven2/org/apache/maven/maven-settings/2.2.1/maven-settings-2.2.1.pom
Downloaded from central: https://repo1.maven.org/maven2/org/apache/maven/maven-settings/2.2.1/maven-settings-2.2.1.pom (0 B at 0 B/s)
[INFO] Artifact org.apache.maven:maven-plugin-parameter-documenter:pom:2.2.1 is present in the local repository, but cached from a remote repository ID that is unavailable in current build context, verifying that is downloadable from [apache.snapshots (https://repository.apache.org/snapshots, default, snapshots), central (https://repo1.maven.org/maven2, default, releases), maven-default-http-blocker (http://0.0.0.0/, default, snapshots, blocked)]
[INFO] Artifact org.apache.maven:maven-plugin-parameter-documenter:pom:2.2.1 is present in the local repository, but cached from a remote repository ID that is unavailable in current build context, verifying that is downloadable from [apache.snapshots (https://repository.apache.org/snapshots, default, snapshots), central (https://repo1.maven.org/maven2, default, releases), maven-default-http-blocker (http://0.0.0.0/, default, snapshots, blocked)]
Downloading from central: https://repo1.maven.org/maven2/org/apache/maven/maven-plugin-parameter-documenter/2.2.1/maven-plugin-parameter-documenter-2.2.1.pom
Downloaded from central: https://repo1.maven.org/maven2/org/apache/maven/maven-plugin-parameter-documenter/2.2.1/maven-plugin-parameter-documenter-2.2.1.pom (0 B at 0 B/s)
Downloading from central: https://repo1.maven.org/maven2/org/apache/maven/reporting/maven-reporting-api/2.2.1/maven-reporting-api-2.2.1.pom
Progress (1): 829 B
Progress (1): 1.9 kB
                    
Downloaded from central: https://repo1.maven.org/maven2/org/apache/maven/reporting/maven-reporting-api/2.2.1/maven-reporting-api-2.2.1.pom (1.9 kB at 32 kB/s)
Downloading from central: https://repo1.maven.org/maven2/org/apache/maven/reporting/maven-reporting/2.2.1/maven-reporting-2.2.1.pom
Progress (1): 845 B
Progress (1): 1.4 kB
                    
Downloaded from central: https://repo1.maven.org/maven2/org/apache/maven/reporting/maven-reporting/2.2.1/maven-reporting-2.2.1.pom (1.4 kB at 25 kB/s)
Downloading from central: https://repo1.maven.org/maven2/org/apache/maven/doxia/doxia-sink-api/1.1/doxia-sink-api-1.1.pom
Progress (1): 827 B
Progress (1): 2.0 kB
                    
Downloaded from central: https://repo1.maven.org/maven2/org/apache/maven/doxia/doxia-sink-api/1.1/doxia-sink-api-1.1.pom (2.0 kB at 35 kB/s)
Downloading from central: https://repo1.maven.org/maven2/org/apache/maven/doxia/doxia/1.1/doxia-1.1.pom
Progress (1): 750 B
Progress (1): 2.1 kB
Progress (1): 5.3 kB
Progress (1): 10 kB 
Progress (1): 13 kB
Progress (1): 15 kB
                   
Downloaded from central: https://repo1.maven.org/maven2/org/apache/maven/doxia/doxia/1.1/doxia-1.1.pom (15 kB at 276 kB/s)
Downloading from central: https://repo1.maven.org/maven2/org/apache/maven/doxia/doxia-logging-api/1.1/doxia-logging-api-1.1.pom
Progress (1): 832 B
Progress (1): 1.6 kB
                    
Downloaded from central: https://repo1.maven.org/maven2/org/apache/maven/doxia/doxia-logging-api/1.1/doxia-logging-api-1.1.pom (1.6 kB at 26 kB/s)
[INFO] Artifact org.apache.maven:maven-profile:pom:2.2.1 is present in the local repository, but cached from a remote repository ID that is unavailable in current build context, verifying that is downloadable from [apache.snapshots (https://repository.apache.org/snapshots, default, snapshots), central (https://repo1.maven.org/maven2, default, releases), maven-default-http-blocker (http://0.0.0.0/, default, snapshots, blocked)]
[INFO] Artifact org.apache.maven:maven-profile:pom:2.2.1 is present in the local repository, but cached from a remote repository ID that is unavailable in current build context, verifying that is downloadable from [apache.snapshots (https://repository.apache.org/snapshots, default, snapshots), central (https://repo1.maven.org/maven2, default, releases), maven-default-http-blocker (http://0.0.0.0/, default, snapshots, blocked)]
Downloading from central: https://repo1.maven.org/maven2/org/apache/maven/maven-profile/2.2.1/maven-profile-2.2.1.pom
Downloaded from central: https://repo1.maven.org/maven2/org/apache/maven/maven-profile/2.2.1/maven-profile-2.2.1.pom (0 B at 0 B/s)
[INFO] Artifact org.apache.maven:maven-repository-metadata:pom:2.2.1 is present in the local repository, but cached from a remote repository ID that is unavailable in current build context, verifying that is downloadable from [apache.snapshots (https://repository.apache.org/snapshots, default, snapshots), central (https://repo1.maven.org/maven2, default, releases), maven-default-http-blocker (http://0.0.0.0/, default, snapshots, blocked)]
[INFO] Artifact org.apache.maven:maven-repository-metadata:pom:2.2.1 is present in the local repository, but cached from a remote repository ID that is unavailable in current build context, verifying that is downloadable from [apache.snapshots (https://repository.apache.org/snapshots, default, snapshots), central (https://repo1.maven.org/maven2, default, releases), maven-default-http-blocker (http://0.0.0.0/, default, snapshots, blocked)]
Downloading from central: https://repo1.maven.org/maven2/org/apache/maven/maven-repository-metadata/2.2.1/maven-repository-metadata-2.2.1.pom
Downloaded from central: https://repo1.maven.org/maven2/org/apache/maven/maven-repository-metadata/2.2.1/maven-repository-metadata-2.2.1.pom (0 B at 0 B/s)
[INFO] Artifact org.apache.maven:maven-error-diagnostics:pom:2.2.1 is present in the local repository, but cached from a remote repository ID that is unavailable in current build context, verifying that is downloadable from [apache.snapshots (https://repository.apache.org/snapshots, default, snapshots), central (https://repo1.maven.org/maven2, default, releases), maven-default-http-blocker (http://0.0.0.0/, default, snapshots, blocked)]
[INFO] Artifact org.apache.maven:maven-error-diagnostics:pom:2.2.1 is present in the local repository, but cached from a remote repository ID that is unavailable in current build context, verifying that is downloadable from [apache.snapshots (https://repository.apache.org/snapshots, default, snapshots), central (https://repo1.maven.org/maven2, default, releases), maven-default-http-blocker (http://0.0.0.0/, default, snapshots, blocked)]
Downloading from central: https://repo1.maven.org/maven2/org/apache/maven/maven-error-diagnostics/2.2.1/maven-error-diagnostics-2.2.1.pom
Downloaded from central: https://repo1.maven.org/maven2/org/apache/maven/maven-error-diagnostics/2.2.1/maven-error-diagnostics-2.2.1.pom (0 B at 0 B/s)
[INFO] Artifact org.apache.maven:maven-project:pom:2.2.1 is present in the local repository, but cached from a remote repository ID that is unavailable in current build context, verifying that is downloadable from [apache.snapshots (https://repository.apache.org/snapshots, default, snapshots), central (https://repo1.maven.org/maven2, default, releases), maven-default-http-blocker (http://0.0.0.0/, default, snapshots, blocked)]
[INFO] Artifact org.apache.maven:maven-project:pom:2.2.1 is present in the local repository, but cached from a remote repository ID that is unavailable in current build context, verifying that is downloadable from [apache.snapshots (https://repository.apache.org/snapshots, default, snapshots), central (https://repo1.maven.org/maven2, default, releases), maven-default-http-blocker (http://0.0.0.0/, default, snapshots, blocked)]
Downloading from central: https://repo1.maven.org/maven2/org/apache/maven/maven-project/2.2.1/maven-project-2.2.1.pom
Downloaded from central: https://repo1.maven.org/maven2/org/apache/maven/maven-project/2.2.1/maven-project-2.2.1.pom (0 B at 0 B/s)
[INFO] Artifact org.apache.maven:maven-artifact-manager:pom:2.2.1 is present in the local repository, but cached from a remote repository ID that is unavailable in current build context, verifying that is downloadable from [apache.snapshots (https://repository.apache.org/snapshots, default, snapshots), central (https://repo1.maven.org/maven2, default, releases), maven-default-http-blocker (http://0.0.0.0/, default, snapshots, blocked)]
[INFO] Artifact org.apache.maven:maven-artifact-manager:pom:2.2.1 is present in the local repository, but cached from a remote repository ID that is unavailable in current build context, verifying that is downloadable from [apache.snapshots (https://repository.apache.org/snapshots, default, snapshots), central (https://repo1.maven.org/maven2, default, releases), maven-default-http-blocker (http://0.0.0.0/, default, snapshots, blocked)]
Downloading from central: https://repo1.maven.org/maven2/org/apache/maven/maven-artifact-manager/2.2.1/maven-artifact-manager-2.2.1.pom
Downloaded from central: https://repo1.maven.org/maven2/org/apache/maven/maven-artifact-manager/2.2.1/maven-artifact-manager-2.2.1.pom (0 B at 0 B/s)
[INFO] Artifact org.apache.maven:maven-plugin-registry:pom:2.2.1 is present in the local repository, but cached from a remote repository ID that is unavailable in current build context, verifying that is downloadable from [apache.snapshots (https://repository.apache.org/snapshots, default, snapshots), central (https://repo1.maven.org/maven2, default, releases), maven-default-http-blocker (http://0.0.0.0/, default, snapshots, blocked)]
[INFO] Artifact org.apache.maven:maven-plugin-registry:pom:2.2.1 is present in the local repository, but cached from a remote repository ID that is unavailable in current build context, verifying that is downloadable from [apache.snapshots (https://repository.apache.org/snapshots, default, snapshots), central (https://repo1.maven.org/maven2, default, releases), maven-default-http-blocker (http://0.0.0.0/, default, snapshots, blocked)]
Downloading from central: https://repo1.maven.org/maven2/org/apache/maven/maven-plugin-registry/2.2.1/maven-plugin-registry-2.2.1.pom
Downloaded from central: https://repo1.maven.org/maven2/org/apache/maven/maven-plugin-registry/2.2.1/maven-plugin-registry-2.2.1.pom (0 B at 0 B/s)
Downloading from central: https://repo1.maven.org/maven2/org/apache/commons/commons-parent/11/commons-parent-11.pom
Progress (1): 746 B
Progress (1): 2.0 kB
Progress (1): 4.8 kB
Progress (1): 8.8 kB
Progress (1): 11 kB 
Progress (1): 15 kB
Progress (1): 21 kB
Progress (1): 23 kB
Progress (1): 25 kB
                   
Downloaded from central: https://repo1.maven.org/maven2/org/apache/commons/commons-parent/11/commons-parent-11.pom (25 kB at 425 kB/s)
[INFO] Artifact org.apache.maven:maven-plugin-descriptor:pom:2.2.1 is present in the local repository, but cached from a remote repository ID that is unavailable in current build context, verifying that is downloadable from [apache.snapshots (https://repository.apache.org/snapshots, default, snapshots), central (https://repo1.maven.org/maven2, default, releases), maven-default-http-blocker (http://0.0.0.0/, default, snapshots, blocked)]
[INFO] Artifact org.apache.maven:maven-plugin-descriptor:pom:2.2.1 is present in the local repository, but cached from a remote repository ID that is unavailable in current build context, verifying that is downloadable from [apache.snapshots (https://repository.apache.org/snapshots, default, snapshots), central (https://repo1.maven.org/maven2, default, releases), maven-default-http-blocker (http://0.0.0.0/, default, snapshots, blocked)]
Downloading from central: https://repo1.maven.org/maven2/org/apache/maven/maven-plugin-descriptor/2.2.1/maven-plugin-descriptor-2.2.1.pom
Downloaded from central: https://repo1.maven.org/maven2/org/apache/maven/maven-plugin-descriptor/2.2.1/maven-plugin-descriptor-2.2.1.pom (0 B at 0 B/s)
[INFO] Artifact org.apache.maven:maven-monitor:pom:2.2.1 is present in the local repository, but cached from a remote repository ID that is unavailable in current build context, verifying that is downloadable from [apache.snapshots (https://repository.apache.org/snapshots, default, snapshots), central (https://repo1.maven.org/maven2, default, releases), maven-default-http-blocker (http://0.0.0.0/, default, snapshots, blocked)]
[INFO] Artifact org.apache.maven:maven-monitor:pom:2.2.1 is present in the local repository, but cached from a remote repository ID that is unavailable in current build context, verifying that is downloadable from [apache.snapshots (https://repository.apache.org/snapshots, default, snapshots), central (https://repo1.maven.org/maven2, default, releases), maven-default-http-blocker (http://0.0.0.0/, default, snapshots, blocked)]
Downloading from central: https://repo1.maven.org/maven2/org/apache/maven/maven-monitor/2.2.1/maven-monitor-2.2.1.pom
Downloaded from central: https://repo1.maven.org/maven2/org/apache/maven/maven-monitor/2.2.1/maven-monitor-2.2.1.pom (0 B at 0 B/s)
Downloading from central: https://repo1.maven.org/maven2/org/apache/maven/maven-archiver/3.5.0/maven-archiver-3.5.0.pom
Progress (1): 799 B
Progress (1): 2.2 kB
Progress (1): 4.5 kB
                    
Downloaded from central: https://repo1.maven.org/maven2/org/apache/maven/maven-archiver/3.5.0/maven-archiver-3.5.0.pom (4.5 kB at 78 kB/s)
Downloading from central: https://repo1.maven.org/maven2/org/apache/maven/shared/maven-shared-components/33/maven-shared-components-33.pom
Progress (1): 781 B
Progress (1): 2.3 kB
Progress (1): 4.6 kB
Progress (1): 5.1 kB
                    
Downloaded from central: https://repo1.maven.org/maven2/org/apache/maven/shared/maven-shared-components/33/maven-shared-components-33.pom (5.1 kB at 93 kB/s)
Downloading from central: https://repo1.maven.org/maven2/org/codehaus/plexus/plexus-component-annotations/1.7.1/plexus-component-annotations-1.7.1.pom
Progress (1): 770 B
                   
Downloaded from central: https://repo1.maven.org/maven2/org/codehaus/plexus/plexus-component-annotations/1.7.1/plexus-component-annotations-1.7.1.pom (770 B at 15 kB/s)
Downloading from central: https://repo1.maven.org/maven2/org/codehaus/plexus/plexus-containers/1.7.1/plexus-containers-1.7.1.pom
Progress (1): 1.3 kB
Progress (1): 4.8 kB
Progress (1): 5.0 kB
                    
Downloaded from central: https://repo1.maven.org/maven2/org/codehaus/plexus/plexus-containers/1.7.1/plexus-containers-1.7.1.pom (5.0 kB at 99 kB/s)
Downloading from central: https://repo1.maven.org/maven2/org/apache/maven/shared/maven-shared-utils/3.2.1/maven-shared-utils-3.2.1.pom
Progress (1): 803 B
Progress (1): 2.3 kB
Progress (1): 4.6 kB
Progress (1): 5.6 kB
                    
Downloaded from central: https://repo1.maven.org/maven2/org/apache/maven/shared/maven-shared-utils/3.2.1/maven-shared-utils-3.2.1.pom (5.6 kB at 110 kB/s)
Downloading from central: https://repo1.maven.org/maven2/org/apache/maven/shared/maven-shared-components/30/maven-shared-components-30.pom
Progress (1): 800 B
Progress (1): 2.4 kB
Progress (1): 4.6 kB
Progress (1): 4.6 kB
                    
Downloaded from central: https://repo1.maven.org/maven2/org/apache/maven/shared/maven-shared-components/30/maven-shared-components-30.pom (4.6 kB at 83 kB/s)
Downloading from central: https://repo1.maven.org/maven2/org/apache/maven/maven-parent/30/maven-parent-30.pom
Progress (1): 717 B
Progress (1): 1.9 kB
Progress (1): 5.4 kB
Progress (1): 10.0 kB
Progress (1): 14 kB  
Progress (1): 19 kB
Progress (1): 23 kB
Progress (1): 25 kB
Progress (1): 27 kB
Progress (1): 31 kB
Progress (1): 34 kB
Progress (1): 37 kB
Progress (1): 41 kB
                   
Downloaded from central: https://repo1.maven.org/maven2/org/apache/maven/maven-parent/30/maven-parent-30.pom (41 kB at 780 kB/s)
Downloading from central: https://repo1.maven.org/maven2/org/codehaus/plexus/plexus-archiver/4.2.0/plexus-archiver-4.2.0.pom
Progress (1): 1.3 kB
Progress (1): 3.7 kB
Progress (1): 4.8 kB
                    
Downloaded from central: https://repo1.maven.org/maven2/org/codehaus/plexus/plexus-archiver/4.2.0/plexus-archiver-4.2.0.pom (4.8 kB at 74 kB/s)
Downloading from central: https://repo1.maven.org/maven2/org/codehaus/plexus/plexus-utils/3.3.0/plexus-utils-3.3.0.pom
Progress (1): 801 B
Progress (1): 2.6 kB
Progress (1): 4.9 kB
Progress (1): 5.2 kB
                    
Downloaded from central: https://repo1.maven.org/maven2/org/codehaus/plexus/plexus-utils/3.3.0/plexus-utils-3.3.0.pom (5.2 kB at 88 kB/s)
Downloading from central: https://repo1.maven.org/maven2/org/codehaus/plexus/plexus-io/3.2.0/plexus-io-3.2.0.pom
Progress (1): 1.4 kB
Progress (1): 4.4 kB
Progress (1): 4.5 kB
                    
Downloaded from central: https://repo1.maven.org/maven2/org/codehaus/plexus/plexus-io/3.2.0/plexus-io-3.2.0.pom (4.5 kB at 78 kB/s)
Downloading from central: https://repo1.maven.org/maven2/org/apache/commons/commons-compress/1.19/commons-compress-1.19.pom
Progress (1): 765 B
Progress (1): 1.9 kB
Progress (1): 3.5 kB
Progress (1): 6.7 kB
Progress (1): 9.2 kB
Progress (1): 12 kB 
Progress (1): 15 kB
Progress (1): 18 kB
                   
Downloaded from central: https://repo1.maven.org/maven2/org/apache/commons/commons-compress/1.19/commons-compress-1.19.pom (18 kB at 351 kB/s)
Downloading from central: https://repo1.maven.org/maven2/org/apache/commons/commons-parent/48/commons-parent-48.pom
Progress (1): 704 B
Progress (1): 1.9 kB
Progress (1): 3.2 kB
Progress (1): 4.7 kB
Progress (1): 8.4 kB
Progress (1): 11 kB 
Progress (1): 14 kB
Progress (1): 17 kB
Progress (1): 21 kB
Progress (1): 24 kB
Progress (1): 26 kB
Progress (1): 29 kB
Progress (1): 32 kB
Progress (1): 36 kB
Progress (1): 38 kB
Progress (1): 39 kB
Progress (1): 41 kB
Progress (1): 45 kB
Progress (1): 50 kB
Progress (1): 55 kB
Progress (1): 59 kB
Progress (1): 62 kB
Progress (1): 64 kB
Progress (1): 66 kB
Progress (1): 68 kB
Progress (1): 70 kB
Progress (1): 72 kB
Progress (1): 72 kB
                   
Downloaded from central: https://repo1.maven.org/maven2/org/apache/commons/commons-parent/48/commons-parent-48.pom (72 kB at 1.2 MB/s)
Downloading from central: https://repo1.maven.org/maven2/org/codehaus/plexus/plexus-interpolation/1.25/plexus-interpolation-1.25.pom
Progress (1): 1.4 kB
Progress (1): 2.6 kB
                    
Downloaded from central: https://repo1.maven.org/maven2/org/codehaus/plexus/plexus-interpolation/1.25/plexus-interpolation-1.25.pom (2.6 kB at 44 kB/s)
[INFO] Artifact org.apache.maven.shared:maven-artifact-resolver:pom:1.0 is present in the local repository, but cached from a remote repository ID that is unavailable in current build context, verifying that is downloadable from [apache.snapshots (https://repository.apache.org/snapshots, default, snapshots), central (https://repo1.maven.org/maven2, default, releases)]
[INFO] Artifact org.apache.maven.shared:maven-artifact-resolver:pom:1.0 is present in the local repository, but cached from a remote repository ID that is unavailable in current build context, verifying that is downloadable from [apache.snapshots (https://repository.apache.org/snapshots, default, snapshots), central (https://repo1.maven.org/maven2, default, releases)]
Downloading from central: https://repo1.maven.org/maven2/org/apache/maven/shared/maven-artifact-resolver/1.0/maven-artifact-resolver-1.0.pom
Downloaded from central: https://repo1.maven.org/maven2/org/apache/maven/shared/maven-artifact-resolver/1.0/maven-artifact-resolver-1.0.pom (0 B at 0 B/s)
[INFO] Artifact org.apache.maven.shared:maven-shared-components:pom:12 is present in the local repository, but cached from a remote repository ID that is unavailable in current build context, verifying that is downloadable from [apache.snapshots (https://repository.apache.org/snapshots, default, snapshots), central (https://repo1.maven.org/maven2, default, releases)]
[INFO] Artifact org.apache.maven.shared:maven-shared-components:pom:12 is present in the local repository, but cached from a remote repository ID that is unavailable in current build context, verifying that is downloadable from [apache.snapshots (https://repository.apache.org/snapshots, default, snapshots), central (https://repo1.maven.org/maven2, default, releases)]
Downloading from central: https://repo1.maven.org/maven2/org/apache/maven/shared/maven-shared-components/12/maven-shared-components-12.pom
Downloaded from central: https://repo1.maven.org/maven2/org/apache/maven/shared/maven-shared-components/12/maven-shared-components-12.pom (0 B at 0 B/s)
[INFO] Artifact org.apache.maven:maven-parent:pom:13 is present in the local repository, but cached from a remote repository ID that is unavailable in current build context, verifying that is downloadable from [apache.snapshots (https://repository.apache.org/snapshots, default, snapshots), central (https://repo1.maven.org/maven2, default, releases)]
[INFO] Artifact org.apache.maven:maven-parent:pom:13 is present in the local repository, but cached from a remote repository ID that is unavailable in current build context, verifying that is downloadable from [apache.snapshots (https://repository.apache.org/snapshots, default, snapshots), central (https://repo1.maven.org/maven2, default, releases)]
Downloading from central: https://repo1.maven.org/maven2/org/apache/maven/maven-parent/13/maven-parent-13.pom
Downloaded from central: https://repo1.maven.org/maven2/org/apache/maven/maven-parent/13/maven-parent-13.pom (0 B at 0 B/s)
[INFO] Artifact org.apache.maven.shared:maven-common-artifact-filters:pom:1.4 is present in the local repository, but cached from a remote repository ID that is unavailable in current build context, verifying that is downloadable from [apache.snapshots (https://repository.apache.org/snapshots, default, snapshots), central (https://repo1.maven.org/maven2, default, releases)]
[INFO] Artifact org.apache.maven.shared:maven-common-artifact-filters:pom:1.4 is present in the local repository, but cached from a remote repository ID that is unavailable in current build context, verifying that is downloadable from [apache.snapshots (https://repository.apache.org/snapshots, default, snapshots), central (https://repo1.maven.org/maven2, default, releases)]
Downloading from central: https://repo1.maven.org/maven2/org/apache/maven/shared/maven-common-artifact-filters/1.4/maven-common-artifact-filters-1.4.pom
Downloaded from central: https://repo1.maven.org/maven2/org/apache/maven/shared/maven-common-artifact-filters/1.4/maven-common-artifact-filters-1.4.pom (0 B at 0 B/s)
[INFO] Artifact org.apache.maven.shared:maven-shared-components:pom:17 is present in the local repository, but cached from a remote repository ID that is unavailable in current build context, verifying that is downloadable from [apache.snapshots (https://repository.apache.org/snapshots, default, snapshots), central (https://repo1.maven.org/maven2, default, releases)]
[INFO] Artifact org.apache.maven.shared:maven-shared-components:pom:17 is present in the local repository, but cached from a remote repository ID that is unavailable in current build context, verifying that is downloadable from [apache.snapshots (https://repository.apache.org/snapshots, default, snapshots), central (https://repo1.maven.org/maven2, default, releases)]
Downloading from central: https://repo1.maven.org/maven2/org/apache/maven/shared/maven-shared-components/17/maven-shared-components-17.pom
Downloaded from central: https://repo1.maven.org/maven2/org/apache/maven/shared/maven-shared-components/17/maven-shared-components-17.pom (0 B at 0 B/s)
[INFO] Artifact org.apache.maven:maven-parent:pom:21 is present in the local repository, but cached from a remote repository ID that is unavailable in current build context, verifying that is downloadable from [apache.snapshots (https://repository.apache.org/snapshots, default, snapshots), central (https://repo1.maven.org/maven2, default, releases), maven-default-http-blocker (http://0.0.0.0/, default, snapshots, blocked)]
[INFO] Artifact org.apache.maven:maven-parent:pom:21 is present in the local repository, but cached from a remote repository ID that is unavailable in current build context, verifying that is downloadable from [apache.snapshots (https://repository.apache.org/snapshots, default, snapshots), central (https://repo1.maven.org/maven2, default, releases), maven-default-http-blocker (http://0.0.0.0/, default, snapshots, blocked)]
Downloading from central: https://repo1.maven.org/maven2/org/apache/maven/maven-parent/21/maven-parent-21.pom
Downloaded from central: https://repo1.maven.org/maven2/org/apache/maven/maven-parent/21/maven-parent-21.pom (0 B at 0 B/s)
[INFO] Artifact org.apache:apache:pom:10 is present in the local repository, but cached from a remote repository ID that is unavailable in current build context, verifying that is downloadable from [apache.snapshots (https://repository.apache.org/snapshots, default, snapshots), central (https://repo1.maven.org/maven2, default, releases), maven-default-http-blocker (http://0.0.0.0/, default, snapshots, blocked)]
[INFO] Artifact org.apache:apache:pom:10 is present in the local repository, but cached from a remote repository ID that is unavailable in current build context, verifying that is downloadable from [apache.snapshots (https://repository.apache.org/snapshots, default, snapshots), central (https://repo1.maven.org/maven2, default, releases), maven-default-http-blocker (http://0.0.0.0/, default, snapshots, blocked)]
Downloading from central: https://repo1.maven.org/maven2/org/apache/apache/10/apache-10.pom
Downloaded from central: https://repo1.maven.org/maven2/org/apache/apache/10/apache-10.pom (0 B at 0 B/s)
[INFO] Artifact org.apache.maven:maven-artifact:pom:2.0.8 is present in the local repository, but cached from a remote repository ID that is unavailable in current build context, verifying that is downloadable from [apache.snapshots (https://repository.apache.org/snapshots, default, snapshots), central (https://repo1.maven.org/maven2, default, releases), maven-default-http-blocker (http://0.0.0.0/, default, snapshots, blocked)]
[INFO] Artifact org.apache.maven:maven-artifact:pom:2.0.8 is present in the local repository, but cached from a remote repository ID that is unavailable in current build context, verifying that is downloadable from [apache.snapshots (https://repository.apache.org/snapshots, default, snapshots), central (https://repo1.maven.org/maven2, default, releases), maven-default-http-blocker (http://0.0.0.0/, default, snapshots, blocked)]
Downloading from central: https://repo1.maven.org/maven2/org/apache/maven/maven-artifact/2.0.8/maven-artifact-2.0.8.pom
Downloaded from central: https://repo1.maven.org/maven2/org/apache/maven/maven-artifact/2.0.8/maven-artifact-2.0.8.pom (0 B at 0 B/s)
[INFO] Artifact org.apache.maven:maven:pom:2.0.8 is present in the local repository, but cached from a remote repository ID that is unavailable in current build context, verifying that is downloadable from [apache.snapshots (https://repository.apache.org/snapshots, default, snapshots), central (https://repo1.maven.org/maven2, default, releases), maven-default-http-blocker (http://0.0.0.0/, default, snapshots, blocked)]
[INFO] Artifact org.apache.maven:maven:pom:2.0.8 is present in the local repository, but cached from a remote repository ID that is unavailable in current build context, verifying that is downloadable from [apache.snapshots (https://repository.apache.org/snapshots, default, snapshots), central (https://repo1.maven.org/maven2, default, releases), maven-default-http-blocker (http://0.0.0.0/, default, snapshots, blocked)]
Downloading from central: https://repo1.maven.org/maven2/org/apache/maven/maven/2.0.8/maven-2.0.8.pom
Downloaded from central: https://repo1.maven.org/maven2/org/apache/maven/maven/2.0.8/maven-2.0.8.pom (0 B at 0 B/s)
[INFO] Artifact org.apache.maven:maven-parent:pom:6 is present in the local repository, but cached from a remote repository ID that is unavailable in current build context, verifying that is downloadable from [apache.snapshots (https://repository.apache.org/snapshots, default, snapshots), central (https://repo1.maven.org/maven2, default, releases), maven-default-http-blocker (http://0.0.0.0/, default, snapshots, blocked)]
[INFO] Artifact org.apache.maven:maven-parent:pom:6 is present in the local repository, but cached from a remote repository ID that is unavailable in current build context, verifying that is downloadable from [apache.snapshots (https://repository.apache.org/snapshots, default, snapshots), central (https://repo1.maven.org/maven2, default, releases), maven-default-http-blocker (http://0.0.0.0/, default, snapshots, blocked)]
Downloading from central: https://repo1.maven.org/maven2/org/apache/maven/maven-parent/6/maven-parent-6.pom
Downloaded from central: https://repo1.maven.org/maven2/org/apache/maven/maven-parent/6/maven-parent-6.pom (0 B at 0 B/s)
[INFO] Artifact org.apache.maven:maven-model:pom:2.0.8 is present in the local repository, but cached from a remote repository ID that is unavailable in current build context, verifying that is downloadable from [apache.snapshots (https://repository.apache.org/snapshots, default, snapshots), central (https://repo1.maven.org/maven2, default, releases), maven-default-http-blocker (http://0.0.0.0/, default, snapshots, blocked)]
[INFO] Artifact org.apache.maven:maven-model:pom:2.0.8 is present in the local repository, but cached from a remote repository ID that is unavailable in current build context, verifying that is downloadable from [apache.snapshots (https://repository.apache.org/snapshots, default, snapshots), central (https://repo1.maven.org/maven2, default, releases), maven-default-http-blocker (http://0.0.0.0/, default, snapshots, blocked)]
Downloading from central: https://repo1.maven.org/maven2/org/apache/maven/maven-model/2.0.8/maven-model-2.0.8.pom
Downloaded from central: https://repo1.maven.org/maven2/org/apache/maven/maven-model/2.0.8/maven-model-2.0.8.pom (0 B at 0 B/s)
[INFO] Artifact org.apache.maven:maven-project:pom:2.0.8 is present in the local repository, but cached from a remote repository ID that is unavailable in current build context, verifying that is downloadable from [apache.snapshots (https://repository.apache.org/snapshots, default, snapshots), central (https://repo1.maven.org/maven2, default, releases), maven-default-http-blocker (http://0.0.0.0/, default, snapshots, blocked)]
[INFO] Artifact org.apache.maven:maven-project:pom:2.0.8 is present in the local repository, but cached from a remote repository ID that is unavailable in current build context, verifying that is downloadable from [apache.snapshots (https://repository.apache.org/snapshots, default, snapshots), central (https://repo1.maven.org/maven2, default, releases), maven-default-http-blocker (http://0.0.0.0/, default, snapshots, blocked)]
Downloading from central: https://repo1.maven.org/maven2/org/apache/maven/maven-project/2.0.8/maven-project-2.0.8.pom
Downloaded from central: https://repo1.maven.org/maven2/org/apache/maven/maven-project/2.0.8/maven-project-2.0.8.pom (0 B at 0 B/s)
[INFO] Artifact org.apache.maven:maven-settings:pom:2.0.8 is present in the local repository, but cached from a remote repository ID that is unavailable in current build context, verifying that is downloadable from [apache.snapshots (https://repository.apache.org/snapshots, default, snapshots), central (https://repo1.maven.org/maven2, default, releases), maven-default-http-blocker (http://0.0.0.0/, default, snapshots, blocked)]
[INFO] Artifact org.apache.maven:maven-settings:pom:2.0.8 is present in the local repository, but cached from a remote repository ID that is unavailable in current build context, verifying that is downloadable from [apache.snapshots (https://repository.apache.org/snapshots, default, snapshots), central (https://repo1.maven.org/maven2, default, releases), maven-default-http-blocker (http://0.0.0.0/, default, snapshots, blocked)]
Downloading from central: https://repo1.maven.org/maven2/org/apache/maven/maven-settings/2.0.8/maven-settings-2.0.8.pom
Downloaded from central: https://repo1.maven.org/maven2/org/apache/maven/maven-settings/2.0.8/maven-settings-2.0.8.pom (0 B at 0 B/s)
[INFO] Artifact org.apache.maven:maven-profile:pom:2.0.8 is present in the local repository, but cached from a remote repository ID that is unavailable in current build context, verifying that is downloadable from [apache.snapshots (https://repository.apache.org/snapshots, default, snapshots), central (https://repo1.maven.org/maven2, default, releases), maven-default-http-blocker (http://0.0.0.0/, default, snapshots, blocked)]
[INFO] Artifact org.apache.maven:maven-profile:pom:2.0.8 is present in the local repository, but cached from a remote repository ID that is unavailable in current build context, verifying that is downloadable from [apache.snapshots (https://repository.apache.org/snapshots, default, snapshots), central (https://repo1.maven.org/maven2, default, releases), maven-default-http-blocker (http://0.0.0.0/, default, snapshots, blocked)]
Downloading from central: https://repo1.maven.org/maven2/org/apache/maven/maven-profile/2.0.8/maven-profile-2.0.8.pom
Downloaded from central: https://repo1.maven.org/maven2/org/apache/maven/maven-profile/2.0.8/maven-profile-2.0.8.pom (0 B at 0 B/s)
[INFO] Artifact org.apache.maven:maven-artifact-manager:pom:2.0.8 is present in the local repository, but cached from a remote repository ID that is unavailable in current build context, verifying that is downloadable from [apache.snapshots (https://repository.apache.org/snapshots, default, snapshots), central (https://repo1.maven.org/maven2, default, releases), maven-default-http-blocker (http://0.0.0.0/, default, snapshots, blocked)]
[INFO] Artifact org.apache.maven:maven-artifact-manager:pom:2.0.8 is present in the local repository, but cached from a remote repository ID that is unavailable in current build context, verifying that is downloadable from [apache.snapshots (https://repository.apache.org/snapshots, default, snapshots), central (https://repo1.maven.org/maven2, default, releases), maven-default-http-blocker (http://0.0.0.0/, default, snapshots, blocked)]
Downloading from central: https://repo1.maven.org/maven2/org/apache/maven/maven-artifact-manager/2.0.8/maven-artifact-manager-2.0.8.pom
Downloaded from central: https://repo1.maven.org/maven2/org/apache/maven/maven-artifact-manager/2.0.8/maven-artifact-manager-2.0.8.pom (0 B at 0 B/s)
[INFO] Artifact org.apache.maven:maven-repository-metadata:pom:2.0.8 is present in the local repository, but cached from a remote repository ID that is unavailable in current build context, verifying that is downloadable from [apache.snapshots (https://repository.apache.org/snapshots, default, snapshots), central (https://repo1.maven.org/maven2, default, releases), maven-default-http-blocker (http://0.0.0.0/, default, snapshots, blocked)]
[INFO] Artifact org.apache.maven:maven-repository-metadata:pom:2.0.8 is present in the local repository, but cached from a remote repository ID that is unavailable in current build context, verifying that is downloadable from [apache.snapshots (https://repository.apache.org/snapshots, default, snapshots), central (https://repo1.maven.org/maven2, default, releases), maven-default-http-blocker (http://0.0.0.0/, default, snapshots, blocked)]
Downloading from central: https://repo1.maven.org/maven2/org/apache/maven/maven-repository-metadata/2.0.8/maven-repository-metadata-2.0.8.pom
Downloaded from central: https://repo1.maven.org/maven2/org/apache/maven/maven-repository-metadata/2.0.8/maven-repository-metadata-2.0.8.pom (0 B at 0 B/s)
[INFO] Artifact org.apache.maven:maven-plugin-registry:pom:2.0.8 is present in the local repository, but cached from a remote repository ID that is unavailable in current build context, verifying that is downloadable from [apache.snapshots (https://repository.apache.org/snapshots, default, snapshots), central (https://repo1.maven.org/maven2, default, releases), maven-default-http-blocker (http://0.0.0.0/, default, snapshots, blocked)]
[INFO] Artifact org.apache.maven:maven-plugin-registry:pom:2.0.8 is present in the local repository, but cached from a remote repository ID that is unavailable in current build context, verifying that is downloadable from [apache.snapshots (https://repository.apache.org/snapshots, default, snapshots), central (https://repo1.maven.org/maven2, default, releases), maven-default-http-blocker (http://0.0.0.0/, default, snapshots, blocked)]
Downloading from central: https://repo1.maven.org/maven2/org/apache/maven/maven-plugin-registry/2.0.8/maven-plugin-registry-2.0.8.pom
Downloaded from central: https://repo1.maven.org/maven2/org/apache/maven/maven-plugin-registry/2.0.8/maven-plugin-registry-2.0.8.pom (0 B at 0 B/s)
Downloading from central: https://repo1.maven.org/maven2/org/apache/maven/maven-plugin-api/2.0.8/maven-plugin-api-2.0.8.pom
Progress (1): 837 B
Progress (1): 1.5 kB
                    
Downloaded from central: https://repo1.maven.org/maven2/org/apache/maven/maven-plugin-api/2.0.8/maven-plugin-api-2.0.8.pom (1.5 kB at 28 kB/s)
[INFO] Artifact org.apache.xbean:xbean-reflect:pom:3.4 is present in the local repository, but cached from a remote repository ID that is unavailable in current build context, verifying that is downloadable from [apache.snapshots (https://repository.apache.org/snapshots, default, snapshots), central (https://repo1.maven.org/maven2, default, releases), maven-default-http-blocker (http://0.0.0.0/, default, snapshots, blocked)]
[INFO] Artifact org.apache.xbean:xbean-reflect:pom:3.4 is present in the local repository, but cached from a remote repository ID that is unavailable in current build context, verifying that is downloadable from [apache.snapshots (https://repository.apache.org/snapshots, default, snapshots), central (https://repo1.maven.org/maven2, default, releases), maven-default-http-blocker (http://0.0.0.0/, default, snapshots, blocked)]
Downloading from central: https://repo1.maven.org/maven2/org/apache/xbean/xbean-reflect/3.4/xbean-reflect-3.4.pom
Downloaded from central: https://repo1.maven.org/maven2/org/apache/xbean/xbean-reflect/3.4/xbean-reflect-3.4.pom (0 B at 0 B/s)
[INFO] Artifact org.apache.xbean:xbean:pom:3.4 is present in the local repository, but cached from a remote repository ID that is unavailable in current build context, verifying that is downloadable from [apache.snapshots (https://repository.apache.org/snapshots, default, snapshots), central (https://repo1.maven.org/maven2, default, releases), maven-default-http-blocker (http://0.0.0.0/, default, snapshots, blocked)]
[INFO] Artifact org.apache.xbean:xbean:pom:3.4 is present in the local repository, but cached from a remote repository ID that is unavailable in current build context, verifying that is downloadable from [apache.snapshots (https://repository.apache.org/snapshots, default, snapshots), central (https://repo1.maven.org/maven2, default, releases), maven-default-http-blocker (http://0.0.0.0/, default, snapshots, blocked)]
Downloading from central: https://repo1.maven.org/maven2/org/apache/xbean/xbean/3.4/xbean-3.4.pom
Downloaded from central: https://repo1.maven.org/maven2/org/apache/xbean/xbean/3.4/xbean-3.4.pom (0 B at 0 B/s)
Downloading from central: https://repo1.maven.org/maven2/org/apache/maven/shared/maven-filtering/3.1.1/maven-filtering-3.1.1.pom
Progress (1): 793 B
Progress (1): 2.3 kB
Progress (1): 5.0 kB
Progress (1): 5.7 kB
                    
Downloaded from central: https://repo1.maven.org/maven2/org/apache/maven/shared/maven-filtering/3.1.1/maven-filtering-3.1.1.pom (5.7 kB at 105 kB/s)
Downloading from central: https://repo1.maven.org/maven2/org/codehaus/plexus/plexus-interpolation/1.22/plexus-interpolation-1.22.pom
Progress (1): 1.3 kB
Progress (1): 1.5 kB
                    
Downloaded from central: https://repo1.maven.org/maven2/org/codehaus/plexus/plexus-interpolation/1.22/plexus-interpolation-1.22.pom (1.5 kB at 21 kB/s)
Downloading from central: https://repo1.maven.org/maven2/org/sonatype/plexus/plexus-build-api/0.0.7/plexus-build-api-0.0.7.pom
Progress (1): 910 B
Progress (1): 3.2 kB
                    
Downloaded from central: https://repo1.maven.org/maven2/org/sonatype/plexus/plexus-build-api/0.0.7/plexus-build-api-0.0.7.pom (3.2 kB at 57 kB/s)
Downloading from central: https://repo1.maven.org/maven2/org/sonatype/spice/spice-parent/15/spice-parent-15.pom
Progress (1): 1.2 kB
Progress (1): 3.7 kB
Progress (1): 7.3 kB
Progress (1): 8.4 kB
                    
Downloaded from central: https://repo1.maven.org/maven2/org/sonatype/spice/spice-parent/15/spice-parent-15.pom (8.4 kB at 152 kB/s)
Downloading from central: https://repo1.maven.org/maven2/org/codehaus/plexus/plexus-resources/1.0.1/plexus-resources-1.0.1.pom
Progress (1): 1.3 kB
                    
Downloaded from central: https://repo1.maven.org/maven2/org/codehaus/plexus/plexus-resources/1.0.1/plexus-resources-1.0.1.pom (1.3 kB at 25 kB/s)
Downloading from central: https://repo1.maven.org/maven2/org/codehaus/plexus/plexus-utils/3.1.0/plexus-utils-3.1.0.pom
Progress (1): 801 B
Progress (1): 2.4 kB
Progress (1): 4.7 kB
                    
Downloaded from central: https://repo1.maven.org/maven2/org/codehaus/plexus/plexus-utils/3.1.0/plexus-utils-3.1.0.pom (4.7 kB at 91 kB/s)
[INFO] Artifact org.apache.maven.shared:maven-artifact-resolver:jar:1.0 is present in the local repository, but cached from a remote repository ID that is unavailable in current build context, verifying that is downloadable from [apache.snapshots (https://repository.apache.org/snapshots, default, snapshots), central (https://repo1.maven.org/maven2, default, releases)]
[INFO] Artifact org.apache.maven.shared:maven-common-artifact-filters:jar:1.4 is present in the local repository, but cached from a remote repository ID that is unavailable in current build context, verifying that is downloadable from [apache.snapshots (https://repository.apache.org/snapshots, default, snapshots), central (https://repo1.maven.org/maven2, default, releases)]
[INFO] Artifact org.apache.maven.shared:maven-artifact-resolver:jar:1.0 is present in the local repository, but cached from a remote repository ID that is unavailable in current build context, verifying that is downloadable from [apache.snapshots (https://repository.apache.org/snapshots, default, snapshots), central (https://repo1.maven.org/maven2, default, releases)]
[INFO] Artifact org.apache.maven.shared:maven-common-artifact-filters:jar:1.4 is present in the local repository, but cached from a remote repository ID that is unavailable in current build context, verifying that is downloadable from [apache.snapshots (https://repository.apache.org/snapshots, default, snapshots), central (https://repo1.maven.org/maven2, default, releases)]
Downloading from central: https://repo1.maven.org/maven2/org/apache/maven/maven-artifact/2.2.1/maven-artifact-2.2.1.jar
Downloading from central: https://repo1.maven.org/maven2/org/apache/maven/maven-core/2.2.1/maven-core-2.2.1.jar
Downloading from central: https://repo1.maven.org/maven2/org/apache/maven/maven-plugin-parameter-documenter/2.2.1/maven-plugin-parameter-documenter-2.2.1.jar
Downloading from central: https://repo1.maven.org/maven2/org/slf4j/slf4j-jdk14/1.5.6/slf4j-jdk14-1.5.6.jar
Downloading from central: https://repo1.maven.org/maven2/org/slf4j/slf4j-api/1.5.6/slf4j-api-1.5.6.jar
Progress (1): 3.4/22 kB
Progress (1): 20/22 kB 
Progress (1): 22 kB   
Progress (2): 22 kB | 7.7/80 kB
Progress (2): 22 kB | 16/80 kB 
Progress (2): 22 kB | 28/80 kB
Progress (2): 22 kB | 44/80 kB
Progress (2): 22 kB | 61/80 kB
Progress (2): 22 kB | 77/80 kB
Progress (2): 22 kB | 80 kB   
Progress (3): 22 kB | 80 kB | 7.7/8.8 kB
Progress (4): 22 kB | 80 kB | 7.7/8.8 kB | 7.7/178 kB
Progress (4): 22 kB | 80 kB | 8.2/8.8 kB | 7.7/178 kB
Progress (4): 22 kB | 80 kB | 8.2/8.8 kB | 16/178 kB 
Progress (5): 22 kB | 80 kB | 8.2/8.8 kB | 16/178 kB | 7.7/22 kB
Progress (5): 22 kB | 80 kB | 8.8 kB | 16/178 kB | 7.7/22 kB    
Progress (5): 22 kB | 80 kB | 8.8 kB | 32/178 kB | 7.7/22 kB
Progress (5): 22 kB | 80 kB | 8.8 kB | 49/178 kB | 7.7/22 kB
Progress (5): 22 kB | 80 kB | 8.8 kB | 65/178 kB | 7.7/22 kB
Progress (5): 22 kB | 80 kB | 8.8 kB | 81/178 kB | 7.7/22 kB
Progress (5): 22 kB | 80 kB | 8.8 kB | 98/178 kB | 7.7/22 kB
Progress (5): 22 kB | 80 kB | 8.8 kB | 114/178 kB | 7.7/22 kB
Progress (5): 22 kB | 80 kB | 8.8 kB | 114/178 kB | 8.2/22 kB
Progress (5): 22 kB | 80 kB | 8.8 kB | 131/178 kB | 8.2/22 kB
Progress (5): 22 kB | 80 kB | 8.8 kB | 147/178 kB | 8.2/22 kB
Progress (5): 22 kB | 80 kB | 8.8 kB | 163/178 kB | 8.2/22 kB
Progress (5): 22 kB | 80 kB | 8.8 kB | 178 kB | 8.2/22 kB    
Progress (5): 22 kB | 80 kB | 8.8 kB | 178 kB | 22 kB    
                                                     
Downloaded from central: https://repo1.maven.org/maven2/org/apache/maven/maven-plugin-parameter-documenter/2.2.1/maven-plugin-parameter-documenter-2.2.1.jar (22 kB at 403 kB/s)
Downloading from central: https://repo1.maven.org/maven2/org/slf4j/jcl-over-slf4j/1.5.6/jcl-over-slf4j-1.5.6.jar
Downloaded from central: https://repo1.maven.org/maven2/org/apache/maven/maven-artifact/2.2.1/maven-artifact-2.2.1.jar (80 kB at 1.2 MB/s)
Downloading from central: https://repo1.maven.org/maven2/org/apache/maven/reporting/maven-reporting-api/2.2.1/maven-reporting-api-2.2.1.jar
Downloaded from central: https://repo1.maven.org/maven2/org/apache/maven/maven-core/2.2.1/maven-core-2.2.1.jar (178 kB at 2.5 MB/s)
Downloading from central: https://repo1.maven.org/maven2/org/apache/maven/doxia/doxia-sink-api/1.1/doxia-sink-api-1.1.jar
Downloaded from central: https://repo1.maven.org/maven2/org/slf4j/slf4j-api/1.5.6/slf4j-api-1.5.6.jar (22 kB at 302 kB/s)
Downloading from central: https://repo1.maven.org/maven2/org/apache/maven/doxia/doxia-logging-api/1.1/doxia-logging-api-1.1.jar
Downloaded from central: https://repo1.maven.org/maven2/org/slf4j/slf4j-jdk14/1.5.6/slf4j-jdk14-1.5.6.jar (8.8 kB at 118 kB/s)
Downloading from central: https://repo1.maven.org/maven2/org/apache/maven/maven-profile/2.2.1/maven-profile-2.2.1.jar
Progress (1): 7.7/17 kB
Progress (2): 7.7/17 kB | 7.7/9.8 kB
Progress (2): 16/17 kB | 7.7/9.8 kB 
Progress (2): 17 kB | 7.7/9.8 kB   
Progress (2): 17 kB | 9.8 kB    
Progress (3): 17 kB | 9.8 kB | 7.7/35 kB
Progress (4): 17 kB | 9.8 kB | 7.7/35 kB | 7.7/13 kB
Progress (4): 17 kB | 9.8 kB | 16/35 kB | 7.7/13 kB 
Progress (4): 17 kB | 9.8 kB | 25/35 kB | 7.7/13 kB
Progress (4): 17 kB | 9.8 kB | 35 kB | 7.7/13 kB   
Progress (4): 17 kB | 9.8 kB | 35 kB | 12/13 kB 
Progress (5): 17 kB | 9.8 kB | 35 kB | 12/13 kB | 7.7/11 kB
Progress (5): 17 kB | 9.8 kB | 35 kB | 13 kB | 7.7/11 kB   
Progress (5): 17 kB | 9.8 kB | 35 kB | 13 kB | 11 kB    
                                                    
Downloaded from central: https://repo1.maven.org/maven2/org/slf4j/jcl-over-slf4j/1.5.6/jcl-over-slf4j-1.5.6.jar (17 kB at 142 kB/s)
Downloading from central: https://repo1.maven.org/maven2/org/apache/maven/maven-repository-metadata/2.2.1/maven-repository-metadata-2.2.1.jar
Downloaded from central: https://repo1.maven.org/maven2/org/apache/maven/reporting/maven-reporting-api/2.2.1/maven-reporting-api-2.2.1.jar (9.8 kB at 81 kB/s)
Downloading from central: https://repo1.maven.org/maven2/org/apache/maven/maven-error-diagnostics/2.2.1/maven-error-diagnostics-2.2.1.jar
Downloaded from central: https://repo1.maven.org/maven2/org/apache/maven/maven-profile/2.2.1/maven-profile-2.2.1.jar (35 kB at 283 kB/s)
Downloading from central: https://repo1.maven.org/maven2/org/apache/maven/maven-plugin-descriptor/2.2.1/maven-plugin-descriptor-2.2.1.jar
Downloaded from central: https://repo1.maven.org/maven2/org/apache/maven/doxia/doxia-sink-api/1.1/doxia-sink-api-1.1.jar (13 kB at 102 kB/s)
Downloading from central: https://repo1.maven.org/maven2/org/apache/maven/maven-artifact-manager/2.2.1/maven-artifact-manager-2.2.1.jar
Downloaded from central: https://repo1.maven.org/maven2/org/apache/maven/doxia/doxia-logging-api/1.1/doxia-logging-api-1.1.jar (11 kB at 89 kB/s)
Downloading from central: https://repo1.maven.org/maven2/org/apache/maven/maven-monitor/2.2.1/maven-monitor-2.2.1.jar
Progress (1): 7.7/26 kB
Progress (1): 16/26 kB 
Progress (1): 26 kB   
Progress (2): 26 kB | 7.7/13 kB
Progress (3): 26 kB | 7.7/13 kB | 7.7/39 kB
Progress (3): 26 kB | 13 kB | 7.7/39 kB    
Progress (3): 26 kB | 13 kB | 12/39 kB 
Progress (4): 26 kB | 13 kB | 12/39 kB | 7.7/68 kB
Progress (4): 26 kB | 13 kB | 29/39 kB | 7.7/68 kB
Progress (4): 26 kB | 13 kB | 39 kB | 7.7/68 kB   
Progress (4): 26 kB | 13 kB | 39 kB | 16/68 kB 
Progress (4): 26 kB | 13 kB | 39 kB | 32/68 kB
Progress (4): 26 kB | 13 kB | 39 kB | 49/68 kB
Progress (4): 26 kB | 13 kB | 39 kB | 65/68 kB
Progress (4): 26 kB | 13 kB | 39 kB | 68 kB   
Progress (5): 26 kB | 13 kB | 39 kB | 68 kB | 7.7/10 kB
Progress (5): 26 kB | 13 kB | 39 kB | 68 kB | 10 kB    
                                                   
Downloaded from central: https://repo1.maven.org/maven2/org/apache/maven/maven-repository-metadata/2.2.1/maven-repository-metadata-2.2.1.jar (26 kB at 147 kB/s)
Downloading from central: https://repo1.maven.org/maven2/org/apache/maven/maven-plugin-api/2.2.1/maven-plugin-api-2.2.1.jar
Downloaded from central: https://repo1.maven.org/maven2/org/apache/maven/maven-plugin-descriptor/2.2.1/maven-plugin-descriptor-2.2.1.jar (39 kB at 218 kB/s)
Downloading from central: https://repo1.maven.org/maven2/org/apache/maven/maven-project/2.2.1/maven-project-2.2.1.jar
Downloaded from central: https://repo1.maven.org/maven2/org/apache/maven/maven-artifact-manager/2.2.1/maven-artifact-manager-2.2.1.jar (68 kB at 371 kB/s)
Downloading from central: https://repo1.maven.org/maven2/org/apache/maven/maven-plugin-registry/2.2.1/maven-plugin-registry-2.2.1.jar
Downloaded from central: https://repo1.maven.org/maven2/org/apache/maven/maven-monitor/2.2.1/maven-monitor-2.2.1.jar (10 kB at 56 kB/s)
Downloading from central: https://repo1.maven.org/maven2/org/apache/maven/maven-settings/2.2.1/maven-settings-2.2.1.jar
Downloaded from central: https://repo1.maven.org/maven2/org/apache/maven/maven-error-diagnostics/2.2.1/maven-error-diagnostics-2.2.1.jar (13 kB at 70 kB/s)
Downloading from central: https://repo1.maven.org/maven2/org/apache/maven/maven-archiver/3.5.0/maven-archiver-3.5.0.jar
Progress (1): 7.7/12 kB
Progress (1): 8.2/12 kB
Progress (1): 12 kB    
Progress (2): 12 kB | 3.4/49 kB
Progress (2): 12 kB | 20/49 kB 
Progress (2): 12 kB | 36/49 kB
Progress (3): 12 kB | 36/49 kB | 7.7/30 kB
Progress (3): 12 kB | 49 kB | 7.7/30 kB   
Progress (3): 12 kB | 49 kB | 16/30 kB 
Progress (4): 12 kB | 49 kB | 16/30 kB | 7.7/156 kB
Progress (4): 12 kB | 49 kB | 30 kB | 7.7/156 kB   
Progress (4): 12 kB | 49 kB | 30 kB | 16/156 kB 
Progress (4): 12 kB | 49 kB | 30 kB | 25/156 kB
Progress (4): 12 kB | 49 kB | 30 kB | 41/156 kB
Progress (4): 12 kB | 49 kB | 30 kB | 57/156 kB
Progress (4): 12 kB | 49 kB | 30 kB | 66/156 kB
Progress (4): 12 kB | 49 kB | 30 kB | 82/156 kB
Progress (4): 12 kB | 49 kB | 30 kB | 90/156 kB
Progress (4): 12 kB | 49 kB | 30 kB | 106/156 kB
Progress (4): 12 kB | 49 kB | 30 kB | 115/156 kB
Progress (4): 12 kB | 49 kB | 30 kB | 123/156 kB
Progress (4): 12 kB | 49 kB | 30 kB | 131/156 kB
Progress (4): 12 kB | 49 kB | 30 kB | 147/156 kB
Progress (4): 12 kB | 49 kB | 30 kB | 156 kB    
                                            
Downloaded from central: https://repo1.maven.org/maven2/org/apache/maven/maven-settings/2.2.1/maven-settings-2.2.1.jar (49 kB at 201 kB/s)
Downloading from central: https://repo1.maven.org/maven2/org/apache/maven/shared/maven-shared-utils/3.2.1/maven-shared-utils-3.2.1.jar
Downloaded from central: https://repo1.maven.org/maven2/org/apache/maven/maven-plugin-api/2.2.1/maven-plugin-api-2.2.1.jar (12 kB at 50 kB/s)
Downloading from central: https://repo1.maven.org/maven2/org/codehaus/plexus/plexus-archiver/4.2.0/plexus-archiver-4.2.0.jar
Downloaded from central: https://repo1.maven.org/maven2/org/apache/maven/maven-plugin-registry/2.2.1/maven-plugin-registry-2.2.1.jar (30 kB at 121 kB/s)
Downloading from central: https://repo1.maven.org/maven2/org/codehaus/plexus/plexus-io/3.2.0/plexus-io-3.2.0.jar
Downloaded from central: https://repo1.maven.org/maven2/org/apache/maven/maven-project/2.2.1/maven-project-2.2.1.jar (156 kB at 630 kB/s)
Downloading from central: https://repo1.maven.org/maven2/org/apache/commons/commons-compress/1.19/commons-compress-1.19.jar
Progress (1): 7.7/26 kB
Progress (1): 12/26 kB 
Progress (1): 26 kB   
Progress (2): 26 kB | 7.7/196 kB
Progress (3): 26 kB | 7.7/196 kB | 3.4/76 kB
                                            
Downloaded from central: https://repo1.maven.org/maven2/org/apache/maven/maven-archiver/3.5.0/maven-archiver-3.5.0.jar (26 kB at 57 kB/s)
Downloading from central: https://repo1.maven.org/maven2/org/apache/maven/shared/maven-artifact-resolver/1.0/maven-artifact-resolver-1.0.jar
Progress (2): 16/196 kB | 3.4/76 kB
Progress (2): 32/196 kB | 3.4/76 kB
Progress (2): 49/196 kB | 3.4/76 kB
Progress (2): 65/196 kB | 3.4/76 kB
Progress (2): 81/196 kB | 3.4/76 kB
Progress (2): 98/196 kB | 3.4/76 kB
Progress (2): 114/196 kB | 3.4/76 kB
Progress (2): 131/196 kB | 3.4/76 kB
Progress (2): 147/196 kB | 3.4/76 kB
Progress (2): 163/196 kB | 3.4/76 kB
Progress (2): 180/196 kB | 3.4/76 kB
Progress (2): 196/196 kB | 3.4/76 kB
Progress (2): 196 kB | 3.4/76 kB    
                                
Downloaded from central: https://repo1.maven.org/maven2/org/apache/maven/shared/maven-artifact-resolver/1.0/maven-artifact-resolver-1.0.jar (0 B at 0 B/s)
Downloading from central: https://repo1.maven.org/maven2/org/apache/maven/shared/maven-common-artifact-filters/1.4/maven-common-artifact-filters-1.4.jar
Progress (2): 196 kB | 20/76 kB
Progress (2): 196 kB | 36/76 kB
Progress (2): 196 kB | 53/76 kB
Progress (2): 196 kB | 61/76 kB
Progress (2): 196 kB | 76 kB   
Progress (3): 196 kB | 76 kB | 7.7/167 kB
Progress (4): 196 kB | 76 kB | 7.7/167 kB | 7.7/615 kB
Progress (4): 196 kB | 76 kB | 7.7/167 kB | 16/615 kB 
Progress (4): 196 kB | 76 kB | 7.7/167 kB | 32/615 kB
Progress (4): 196 kB | 76 kB | 7.7/167 kB | 49/615 kB
Progress (4): 196 kB | 76 kB | 7.7/167 kB | 65/615 kB
Progress (4): 196 kB | 76 kB | 7.7/167 kB | 81/615 kB
Progress (4): 196 kB | 76 kB | 7.7/167 kB | 98/615 kB
Progress (4): 196 kB | 76 kB | 7.7/167 kB | 114/615 kB
Progress (4): 196 kB | 76 kB | 7.7/167 kB | 131/615 kB
Progress (4): 196 kB | 76 kB | 7.7/167 kB | 147/615 kB
Progress (4): 196 kB | 76 kB | 7.7/167 kB | 163/615 kB
Progress (4): 196 kB | 76 kB | 7.7/167 kB | 180/615 kB
Progress (4): 196 kB | 76 kB | 7.7/167 kB | 196/615 kB
Progress (4): 196 kB | 76 kB | 7.7/167 kB | 213/615 kB
Progress (4): 196 kB | 76 kB | 7.7/167 kB | 229/615 kB
Progress (4): 196 kB | 76 kB | 7.7/167 kB | 245/615 kB
Progress (4): 196 kB | 76 kB | 7.7/167 kB | 262/615 kB
Progress (4): 196 kB | 76 kB | 7.7/167 kB | 278/615 kB
Progress (4): 196 kB | 76 kB | 7.7/167 kB | 294/615 kB
Progress (4): 196 kB | 76 kB | 7.7/167 kB | 311/615 kB
Progress (4): 196 kB | 76 kB | 7.7/167 kB | 327/615 kB
Progress (4): 196 kB | 76 kB | 7.7/167 kB | 344/615 kB
Progress (4): 196 kB | 76 kB | 7.7/167 kB | 360/615 kB
Progress (4): 196 kB | 76 kB | 7.7/167 kB | 376/615 kB
Progress (4): 196 kB | 76 kB | 7.7/167 kB | 393/615 kB
Progress (4): 196 kB | 76 kB | 7.7/167 kB | 409/615 kB
Progress (4): 196 kB | 76 kB | 7.7/167 kB | 426/615 kB
Progress (4): 196 kB | 76 kB | 7.7/167 kB | 442/615 kB
Progress (4): 196 kB | 76 kB | 7.7/167 kB | 458/615 kB
Progress (4): 196 kB | 76 kB | 7.7/167 kB | 475/615 kB
Progress (4): 196 kB | 76 kB | 7.7/167 kB | 491/615 kB
Progress (4): 196 kB | 76 kB | 7.7/167 kB | 507/615 kB
Progress (4): 196 kB | 76 kB | 7.7/167 kB | 524/615 kB
Progress (4): 196 kB | 76 kB | 7.7/167 kB | 540/615 kB
Progress (4): 196 kB | 76 kB | 7.7/167 kB | 557/615 kB
Progress (4): 196 kB | 76 kB | 7.7/167 kB | 573/615 kB
Progress (4): 196 kB | 76 kB | 7.7/167 kB | 589/615 kB
Progress (4): 196 kB | 76 kB | 7.7/167 kB | 606/615 kB
Progress (4): 196 kB | 76 kB | 7.7/167 kB | 615 kB    
Progress (4): 196 kB | 76 kB | 8.2/167 kB | 615 kB
                                                  
Downloaded from central: https://repo1.maven.org/maven2/org/apache/maven/shared/maven-common-artifact-filters/1.4/maven-common-artifact-filters-1.4.jar (0 B at 0 B/s)
Downloading from central: https://repo1.maven.org/maven2/org/apache/maven/shared/maven-filtering/3.1.1/maven-filtering-3.1.1.jar
Progress (4): 196 kB | 76 kB | 25/167 kB | 615 kB
Progress (4): 196 kB | 76 kB | 41/167 kB | 615 kB
Progress (4): 196 kB | 76 kB | 57/167 kB | 615 kB
Progress (4): 196 kB | 76 kB | 74/167 kB | 615 kB
Progress (4): 196 kB | 76 kB | 82/167 kB | 615 kB
Progress (4): 196 kB | 76 kB | 98/167 kB | 615 kB
Progress (4): 196 kB | 76 kB | 115/167 kB | 615 kB
Progress (4): 196 kB | 76 kB | 131/167 kB | 615 kB
Progress (4): 196 kB | 76 kB | 147/167 kB | 615 kB
Progress (4): 196 kB | 76 kB | 164/167 kB | 615 kB
Progress (4): 196 kB | 76 kB | 167 kB | 615 kB    
                                              
Downloaded from central: https://repo1.maven.org/maven2/org/codehaus/plexus/plexus-archiver/4.2.0/plexus-archiver-4.2.0.jar (196 kB at 373 kB/s)
Downloading from central: https://repo1.maven.org/maven2/org/sonatype/plexus/plexus-build-api/0.0.7/plexus-build-api-0.0.7.jar
Downloaded from central: https://repo1.maven.org/maven2/org/codehaus/plexus/plexus-io/3.2.0/plexus-io-3.2.0.jar (76 kB at 144 kB/s)
Downloading from central: https://repo1.maven.org/maven2/org/codehaus/plexus/plexus-resources/1.0.1/plexus-resources-1.0.1.jar
Downloaded from central: https://repo1.maven.org/maven2/org/apache/commons/commons-compress/1.19/commons-compress-1.19.jar (615 kB at 1.2 MB/s)
Downloading from central: https://repo1.maven.org/maven2/org/codehaus/plexus/plexus-interpolation/1.25/plexus-interpolation-1.25.jar
Downloaded from central: https://repo1.maven.org/maven2/org/apache/maven/shared/maven-shared-utils/3.2.1/maven-shared-utils-3.2.1.jar (167 kB at 313 kB/s)
Downloading from central: https://repo1.maven.org/maven2/org/codehaus/plexus/plexus-utils/3.1.0/plexus-utils-3.1.0.jar
Progress (1): 7.7/51 kB
Progress (1): 16/51 kB 
Progress (1): 25/51 kB
Progress (1): 41/51 kB
Progress (1): 51 kB   
Progress (2): 51 kB | 3.4/22 kB
Progress (2): 51 kB | 20/22 kB 
Progress (2): 51 kB | 22 kB   
Progress (3): 51 kB | 22 kB | 8.2/262 kB
Progress (3): 51 kB | 22 kB | 25/262 kB 
Progress (3): 51 kB | 22 kB | 41/262 kB
Progress (3): 51 kB | 22 kB | 57/262 kB
Progress (3): 51 kB | 22 kB | 74/262 kB
Progress (3): 51 kB | 22 kB | 90/262 kB
Progress (3): 51 kB | 22 kB | 106/262 kB
Progress (3): 51 kB | 22 kB | 123/262 kB
Progress (3): 51 kB | 22 kB | 131/262 kB
Progress (3): 51 kB | 22 kB | 147/262 kB
Progress (3): 51 kB | 22 kB | 164/262 kB
Progress (3): 51 kB | 22 kB | 180/262 kB
Progress (3): 51 kB | 22 kB | 197/262 kB
Progress (3): 51 kB | 22 kB | 213/262 kB
Progress (3): 51 kB | 22 kB | 229/262 kB
Progress (3): 51 kB | 22 kB | 246/262 kB
Progress (3): 51 kB | 22 kB | 262 kB    
                                    
Downloaded from central: https://repo1.maven.org/maven2/org/apache/maven/shared/maven-filtering/3.1.1/maven-filtering-3.1.1.jar (51 kB at 85 kB/s)
Progress (3): 22 kB | 262 kB | 7.7/8.5 kB
Progress (4): 22 kB | 262 kB | 7.7/8.5 kB | 7.7/85 kB
Progress (4): 22 kB | 262 kB | 8.5 kB | 7.7/85 kB    
Progress (4): 22 kB | 262 kB | 8.5 kB | 16/85 kB 
Progress (4): 22 kB | 262 kB | 8.5 kB | 25/85 kB
Progress (4): 22 kB | 262 kB | 8.5 kB | 41/85 kB
Progress (4): 22 kB | 262 kB | 8.5 kB | 57/85 kB
Progress (4): 22 kB | 262 kB | 8.5 kB | 74/85 kB
Progress (4): 22 kB | 262 kB | 8.5 kB | 85 kB   
                                             
Downloaded from central: https://repo1.maven.org/maven2/org/codehaus/plexus/plexus-resources/1.0.1/plexus-resources-1.0.1.jar (22 kB at 34 kB/s)
Downloaded from central: https://repo1.maven.org/maven2/org/codehaus/plexus/plexus-utils/3.1.0/plexus-utils-3.1.0.jar (262 kB at 408 kB/s)
Downloaded from central: https://repo1.maven.org/maven2/org/sonatype/plexus/plexus-build-api/0.0.7/plexus-build-api-0.0.7.jar (8.5 kB at 13 kB/s)
Downloaded from central: https://repo1.maven.org/maven2/org/codehaus/plexus/plexus-interpolation/1.25/plexus-interpolation-1.25.jar (85 kB at 132 kB/s)
[INFO] Preparing remote bundle org.apache:apache-jar-resource-bundle:1.4
[INFO] Artifact org.apache:apache-jar-resource-bundle:jar:1.4 is present in the local repository, but cached from a remote repository ID that is unavailable in current build context, verifying that is downloadable from [apache.snapshots (https://repository.apache.org/snapshots, default, snapshots), central (https://repo1.maven.org/maven2, default, releases)]
[INFO] Artifact org.apache:apache-jar-resource-bundle:jar:1.4 is present in the local repository, but cached from a remote repository ID that is unavailable in current build context, verifying that is downloadable from [apache.snapshots (https://repository.apache.org/snapshots, default, snapshots), central (https://repo1.maven.org/maven2, default, releases)]
Downloading from central: https://repo1.maven.org/maven2/org/apache/apache-jar-resource-bundle/1.4/apache-jar-resource-bundle-1.4.jar
Downloaded from central: https://repo1.maven.org/maven2/org/apache/apache-jar-resource-bundle/1.4/apache-jar-resource-bundle-1.4.jar (0 B at 0 B/s)
[INFO] Copying 3 resources from 1 bundle.
[INFO] 
[INFO] --- resources:3.2.0:resources (default-resources) @ httpcore5 ---
Downloading from central: https://repo1.maven.org/maven2/org/codehaus/plexus/plexus-utils/3.0.10/plexus-utils-3.0.10.pom
Progress (1): 817 B
Progress (1): 2.3 kB
Progress (1): 3.1 kB
                    
Downloaded from central: https://repo1.maven.org/maven2/org/codehaus/plexus/plexus-utils/3.0.10/plexus-utils-3.0.10.pom (3.1 kB at 56 kB/s)
Downloading from central: https://repo1.maven.org/maven2/org/codehaus/plexus/plexus-classworlds/2.4/plexus-classworlds-2.4.pom
Progress (1): 949 B
Progress (1): 2.9 kB
Progress (1): 3.9 kB
                    
Downloaded from central: https://repo1.maven.org/maven2/org/codehaus/plexus/plexus-classworlds/2.4/plexus-classworlds-2.4.pom (3.9 kB at 84 kB/s)
Downloading from central: https://repo1.maven.org/maven2/org/apache/maven/shared/maven-filtering/3.2.0/maven-filtering-3.2.0.pom
Progress (1): 791 B
Progress (1): 2.3 kB
Progress (1): 5.3 kB
Progress (1): 6.8 kB
                    
Downloaded from central: https://repo1.maven.org/maven2/org/apache/maven/shared/maven-filtering/3.2.0/maven-filtering-3.2.0.pom (6.8 kB at 133 kB/s)
Downloading from central: https://repo1.maven.org/maven2/org/apache/maven/shared/maven-shared-utils/3.3.3/maven-shared-utils-3.3.3.pom
Progress (1): 807 B
Progress (1): 2.3 kB
Progress (1): 4.7 kB
Progress (1): 5.8 kB
                    
Downloaded from central: https://repo1.maven.org/maven2/org/apache/maven/shared/maven-shared-utils/3.3.3/maven-shared-utils-3.3.3.pom (5.8 kB at 111 kB/s)
Downloading from central: https://repo1.maven.org/maven2/org/codehaus/plexus/plexus-utils/3.0.10/plexus-utils-3.0.10.jar
Downloading from central: https://repo1.maven.org/maven2/org/apache/maven/maven-model/3.1.0/maven-model-3.1.0.jar
Downloading from central: https://repo1.maven.org/maven2/org/codehaus/plexus/plexus-component-annotations/2.0.0/plexus-component-annotations-2.0.0.jar
Downloading from central: https://repo1.maven.org/maven2/org/apache/maven/shared/maven-filtering/3.2.0/maven-filtering-3.2.0.jar
Downloading from central: https://repo1.maven.org/maven2/org/apache/maven/shared/maven-shared-utils/3.3.3/maven-shared-utils-3.3.3.jar
Progress (1): 7.7/231 kB
Progress (1): 12/231 kB 
Progress (1): 28/231 kB
Progress (1): 44/231 kB
Progress (1): 61/231 kB
Progress (1): 77/231 kB
Progress (1): 94/231 kB
Progress (1): 110/231 kB
Progress (1): 126/231 kB
Progress (1): 143/231 kB
Progress (1): 159/231 kB
Progress (2): 159/231 kB | 7.7/164 kB
Progress (2): 175/231 kB | 7.7/164 kB
Progress (2): 175/231 kB | 16/164 kB 
Progress (2): 192/231 kB | 16/164 kB
Progress (2): 192/231 kB | 25/164 kB
Progress (2): 208/231 kB | 25/164 kB
Progress (2): 208/231 kB | 41/164 kB
Progress (2): 225/231 kB | 41/164 kB
Progress (2): 231 kB | 41/164 kB    
Progress (2): 231 kB | 57/164 kB
Progress (2): 231 kB | 74/164 kB
Progress (2): 231 kB | 90/164 kB
Progress (3): 231 kB | 90/164 kB | 3.4/4.2 kB
Progress (3): 231 kB | 106/164 kB | 3.4/4.2 kB
Progress (3): 231 kB | 123/164 kB | 3.4/4.2 kB
Progress (3): 231 kB | 139/164 kB | 3.4/4.2 kB
Progress (3): 231 kB | 156/164 kB | 3.4/4.2 kB
Progress (3): 231 kB | 156/164 kB | 4.2 kB    
Progress (3): 231 kB | 164 kB | 4.2 kB    
Progress (4): 231 kB | 164 kB | 4.2 kB | 7.7/52 kB
Progress (5): 231 kB | 164 kB | 4.2 kB | 7.7/52 kB | 7.7/154 kB
Progress (5): 231 kB | 164 kB | 4.2 kB | 16/52 kB | 7.7/154 kB 
Progress (5): 231 kB | 164 kB | 4.2 kB | 32/52 kB | 7.7/154 kB
Progress (5): 231 kB | 164 kB | 4.2 kB | 49/52 kB | 7.7/154 kB
Progress (5): 231 kB | 164 kB | 4.2 kB | 52 kB | 7.7/154 kB   
Progress (5): 231 kB | 164 kB | 4.2 kB | 52 kB | 16/154 kB 
Progress (5): 231 kB | 164 kB | 4.2 kB | 52 kB | 32/154 kB
Progress (5): 231 kB | 164 kB | 4.2 kB | 52 kB | 49/154 kB
Progress (5): 231 kB | 164 kB | 4.2 kB | 52 kB | 65/154 kB
Progress (5): 231 kB | 164 kB | 4.2 kB | 52 kB | 81/154 kB
Progress (5): 231 kB | 164 kB | 4.2 kB | 52 kB | 98/154 kB
Progress (5): 231 kB | 164 kB | 4.2 kB | 52 kB | 114/154 kB
Progress (5): 231 kB | 164 kB | 4.2 kB | 52 kB | 131/154 kB
Progress (5): 231 kB | 164 kB | 4.2 kB | 52 kB | 147/154 kB
Progress (5): 231 kB | 164 kB | 4.2 kB | 52 kB | 154 kB    
                                                       
Downloaded from central: https://repo1.maven.org/maven2/org/codehaus/plexus/plexus-utils/3.0.10/plexus-utils-3.0.10.jar (231 kB at 4.4 MB/s)
Downloading from central: https://repo1.maven.org/maven2/org/apache/commons/commons-lang3/3.8.1/commons-lang3-3.8.1.jar
Downloaded from central: https://repo1.maven.org/maven2/org/apache/maven/maven-model/3.1.0/maven-model-3.1.0.jar (164 kB at 3.0 MB/s)
Downloaded from central: https://repo1.maven.org/maven2/org/codehaus/plexus/plexus-component-annotations/2.0.0/plexus-component-annotations-2.0.0.jar (4.2 kB at 75 kB/s)
Downloaded from central: https://repo1.maven.org/maven2/org/apache/maven/shared/maven-filtering/3.2.0/maven-filtering-3.2.0.jar (52 kB at 875 kB/s)
Downloaded from central: https://repo1.maven.org/maven2/org/apache/maven/shared/maven-shared-utils/3.3.3/maven-shared-utils-3.3.3.jar (154 kB at 2.5 MB/s)
Progress (1): 3.4/502 kB
Progress (1): 20/502 kB 
Progress (1): 28/502 kB
Progress (1): 44/502 kB
Progress (1): 61/502 kB
Progress (1): 77/502 kB
Progress (1): 94/502 kB
Progress (1): 110/502 kB
Progress (1): 126/502 kB
Progress (1): 143/502 kB
Progress (1): 159/502 kB
Progress (1): 175/502 kB
Progress (1): 192/502 kB
Progress (1): 208/502 kB
Progress (1): 225/502 kB
Progress (1): 241/502 kB
Progress (1): 257/502 kB
Progress (1): 262/502 kB
Progress (1): 279/502 kB
Progress (1): 295/502 kB
Progress (1): 311/502 kB
Progress (1): 328/502 kB
Progress (1): 344/502 kB
Progress (1): 360/502 kB
Progress (1): 377/502 kB
Progress (1): 393/502 kB
Progress (1): 410/502 kB
Progress (1): 426/502 kB
Progress (1): 442/502 kB
Progress (1): 459/502 kB
Progress (1): 475/502 kB
Progress (1): 492/502 kB
Progress (1): 502 kB    
                    
Downloaded from central: https://repo1.maven.org/maven2/org/apache/commons/commons-lang3/3.8.1/commons-lang3-3.8.1.jar (502 kB at 4.7 MB/s)
[INFO] Using 'UTF-8' encoding to copy filtered resources.
[INFO] Using 'UTF-8' encoding to copy filtered properties files.
[INFO] Copying 1 resource
[INFO] Copying 3 resources
[INFO] The encoding used to copy filtered properties files have not been set. This means that the same encoding will be used to copy filtered properties files as when copying other filtered resources. This might not be what you want! Run your build with --debug to see which files might be affected. Read more at https://maven.apache.org/plugins/maven-resources-plugin/examples/filtering-properties-files.html
[INFO] 
[INFO] --- compiler:3.10.1:compile (default-compile) @ httpcore5 ---
[INFO] Artifact org.apache.maven.shared:maven-shared-incremental:pom:1.1 is present in the local repository, but cached from a remote repository ID that is unavailable in current build context, verifying that is downloadable from [apache.snapshots (https://repository.apache.org/snapshots, default, snapshots), central (https://repo1.maven.org/maven2, default, releases), plexus.snapshots (https://oss.sonatype.org/content/repositories/plexus-snapshots, default, snapshots)]
[INFO] Artifact org.apache.maven.shared:maven-shared-incremental:pom:1.1 is present in the local repository, but cached from a remote repository ID that is unavailable in current build context, verifying that is downloadable from [apache.snapshots (https://repository.apache.org/snapshots, default, snapshots), central (https://repo1.maven.org/maven2, default, releases), plexus.snapshots (https://oss.sonatype.org/content/repositories/plexus-snapshots, default, snapshots)]
Downloading from central: https://repo1.maven.org/maven2/org/apache/maven/shared/maven-shared-incremental/1.1/maven-shared-incremental-1.1.pom
Downloaded from central: https://repo1.maven.org/maven2/org/apache/maven/shared/maven-shared-incremental/1.1/maven-shared-incremental-1.1.pom (0 B at 0 B/s)
[INFO] Artifact org.apache.maven.shared:maven-shared-components:pom:19 is present in the local repository, but cached from a remote repository ID that is unavailable in current build context, verifying that is downloadable from [apache.snapshots (https://repository.apache.org/snapshots, default, snapshots), central (https://repo1.maven.org/maven2, default, releases), plexus.snapshots (https://oss.sonatype.org/content/repositories/plexus-snapshots, default, snapshots)]
[INFO] Artifact org.apache.maven.shared:maven-shared-components:pom:19 is present in the local repository, but cached from a remote repository ID that is unavailable in current build context, verifying that is downloadable from [apache.snapshots (https://repository.apache.org/snapshots, default, snapshots), central (https://repo1.maven.org/maven2, default, releases), plexus.snapshots (https://oss.sonatype.org/content/repositories/plexus-snapshots, default, snapshots)]
Downloading from central: https://repo1.maven.org/maven2/org/apache/maven/shared/maven-shared-components/19/maven-shared-components-19.pom
Downloaded from central: https://repo1.maven.org/maven2/org/apache/maven/shared/maven-shared-components/19/maven-shared-components-19.pom (0 B at 0 B/s)
Downloading from central: https://repo1.maven.org/maven2/org/codehaus/plexus/plexus-java/1.1.1/plexus-java-1.1.1.pom
Progress (1): 1.3 kB
Progress (1): 4.1 kB
Progress (1): 5.0 kB
                    
Downloaded from central: https://repo1.maven.org/maven2/org/codehaus/plexus/plexus-java/1.1.1/plexus-java-1.1.1.pom (5.0 kB at 84 kB/s)
Downloading from central: https://repo1.maven.org/maven2/org/codehaus/plexus/plexus-languages/1.1.1/plexus-languages-1.1.1.pom
Progress (1): 1.3 kB
Progress (1): 3.8 kB
Progress (1): 4.6 kB
                    
Downloaded from central: https://repo1.maven.org/maven2/org/codehaus/plexus/plexus-languages/1.1.1/plexus-languages-1.1.1.pom (4.6 kB at 85 kB/s)
Downloading from central: https://repo1.maven.org/maven2/org/codehaus/plexus/plexus-compiler-api/2.11.1/plexus-compiler-api-2.11.1.pom
Progress (1): 1.1 kB
                    
Downloaded from central: https://repo1.maven.org/maven2/org/codehaus/plexus/plexus-compiler-api/2.11.1/plexus-compiler-api-2.11.1.pom (1.1 kB at 23 kB/s)
Downloading from central: https://repo1.maven.org/maven2/org/codehaus/plexus/plexus-compiler/2.11.1/plexus-compiler-2.11.1.pom
Progress (1): 1.2 kB
Progress (1): 4.1 kB
Progress (1): 7.2 kB
Progress (1): 8.1 kB
                    
Downloaded from central: https://repo1.maven.org/maven2/org/codehaus/plexus/plexus-compiler/2.11.1/plexus-compiler-2.11.1.pom (8.1 kB at 153 kB/s)
Downloading from central: https://repo1.maven.org/maven2/org/codehaus/plexus/plexus-components/6.6/plexus-components-6.6.pom
Progress (1): 1.3 kB
Progress (1): 2.7 kB
                    
Downloaded from central: https://repo1.maven.org/maven2/org/codehaus/plexus/plexus-components/6.6/plexus-components-6.6.pom (2.7 kB at 46 kB/s)
Downloading from central: https://repo1.maven.org/maven2/org/junit/junit-bom/5.8.2/junit-bom-5.8.2.pom
Progress (1): 907 B
Progress (1): 4.1 kB
Progress (1): 5.6 kB
                    
Downloaded from central: https://repo1.maven.org/maven2/org/junit/junit-bom/5.8.2/junit-bom-5.8.2.pom (5.6 kB at 76 kB/s)
Downloading from central: https://repo1.maven.org/maven2/org/codehaus/plexus/plexus-utils/3.4.1/plexus-utils-3.4.1.pom
Progress (1): 731 B
Progress (1): 2.3 kB
Progress (1): 4.6 kB
Progress (1): 8.0 kB
                    
Downloaded from central: https://repo1.maven.org/maven2/org/codehaus/plexus/plexus-utils/3.4.1/plexus-utils-3.4.1.pom (8.0 kB at 100 kB/s)
Downloading from central: https://repo1.maven.org/maven2/org/codehaus/plexus/plexus-compiler-manager/2.11.1/plexus-compiler-manager-2.11.1.pom
Progress (1): 1.1 kB
                    
Downloaded from central: https://repo1.maven.org/maven2/org/codehaus/plexus/plexus-compiler-manager/2.11.1/plexus-compiler-manager-2.11.1.pom (1.1 kB at 18 kB/s)
Downloading from central: https://repo1.maven.org/maven2/org/codehaus/plexus/plexus-compiler-javac/2.11.1/plexus-compiler-javac-2.11.1.pom
Progress (1): 1.2 kB
                    
Downloaded from central: https://repo1.maven.org/maven2/org/codehaus/plexus/plexus-compiler-javac/2.11.1/plexus-compiler-javac-2.11.1.pom (1.2 kB at 20 kB/s)
Downloading from central: https://repo1.maven.org/maven2/org/codehaus/plexus/plexus-compilers/2.11.1/plexus-compilers-2.11.1.pom
Progress (1): 1.3 kB
                    
Downloaded from central: https://repo1.maven.org/maven2/org/codehaus/plexus/plexus-compilers/2.11.1/plexus-compilers-2.11.1.pom (1.3 kB at 26 kB/s)
[INFO] Artifact org.apache.maven.shared:maven-shared-incremental:jar:1.1 is present in the local repository, but cached from a remote repository ID that is unavailable in current build context, verifying that is downloadable from [apache.snapshots (https://repository.apache.org/snapshots, default, snapshots), central (https://repo1.maven.org/maven2, default, releases), plexus.snapshots (https://oss.sonatype.org/content/repositories/plexus-snapshots, default, snapshots)]
[INFO] Artifact org.apache.maven.shared:maven-shared-incremental:jar:1.1 is present in the local repository, but cached from a remote repository ID that is unavailable in current build context, verifying that is downloadable from [apache.snapshots (https://repository.apache.org/snapshots, default, snapshots), central (https://repo1.maven.org/maven2, default, releases), plexus.snapshots (https://oss.sonatype.org/content/repositories/plexus-snapshots, default, snapshots)]
Downloading from central: https://repo1.maven.org/maven2/org/apache/maven/shared/maven-shared-incremental/1.1/maven-shared-incremental-1.1.jar
Downloading from central: https://repo1.maven.org/maven2/org/codehaus/plexus/plexus-java/1.1.1/plexus-java-1.1.1.jar
Downloading from central: https://repo1.maven.org/maven2/org/codehaus/plexus/plexus-compiler-api/2.11.1/plexus-compiler-api-2.11.1.jar
Downloading from central: https://repo1.maven.org/maven2/org/codehaus/plexus/plexus-utils/3.4.1/plexus-utils-3.4.1.jar
Downloading from central: https://repo1.maven.org/maven2/org/codehaus/plexus/plexus-compiler-manager/2.11.1/plexus-compiler-manager-2.11.1.jar
Downloaded from central: https://repo1.maven.org/maven2/org/apache/maven/shared/maven-shared-incremental/1.1/maven-shared-incremental-1.1.jar (0 B at 0 B/s)
Downloading from central: https://repo1.maven.org/maven2/org/codehaus/plexus/plexus-compiler-javac/2.11.1/plexus-compiler-javac-2.11.1.jar
Progress (1): 4.7 kB
Progress (2): 4.7 kB | 7.7/27 kB
Progress (2): 4.7 kB | 16/27 kB 
Progress (2): 4.7 kB | 27 kB   
Progress (3): 4.7 kB | 27 kB | 7.7/264 kB
Progress (3): 4.7 kB | 27 kB | 16/264 kB 
Progress (3): 4.7 kB | 27 kB | 25/264 kB
Progress (3): 4.7 kB | 27 kB | 41/264 kB
Progress (3): 4.7 kB | 27 kB | 57/264 kB
Progress (3): 4.7 kB | 27 kB | 74/264 kB
Progress (3): 4.7 kB | 27 kB | 90/264 kB
Progress (3): 4.7 kB | 27 kB | 98/264 kB
Progress (3): 4.7 kB | 27 kB | 115/264 kB
Progress (3): 4.7 kB | 27 kB | 131/264 kB
Progress (3): 4.7 kB | 27 kB | 147/264 kB
Progress (3): 4.7 kB | 27 kB | 164/264 kB
Progress (3): 4.7 kB | 27 kB | 180/264 kB
Progress (3): 4.7 kB | 27 kB | 197/264 kB
Progress (3): 4.7 kB | 27 kB | 213/264 kB
Progress (3): 4.7 kB | 27 kB | 229/264 kB
Progress (3): 4.7 kB | 27 kB | 246/264 kB
Progress (3): 4.7 kB | 27 kB | 262/264 kB
Progress (3): 4.7 kB | 27 kB | 264 kB    
                                     
Downloaded from central: https://repo1.maven.org/maven2/org/codehaus/plexus/plexus-compiler-manager/2.11.1/plexus-compiler-manager-2.11.1.jar (4.7 kB at 88 kB/s)
Downloaded from central: https://repo1.maven.org/maven2/org/codehaus/plexus/plexus-compiler-api/2.11.1/plexus-compiler-api-2.11.1.jar (27 kB at 449 kB/s)
Progress (2): 264 kB | 7.7/54 kB
Progress (2): 264 kB | 16/54 kB 
Progress (2): 264 kB | 24/54 kB
Progress (2): 264 kB | 41/54 kB
Progress (2): 264 kB | 54 kB   
                            
Downloaded from central: https://repo1.maven.org/maven2/org/codehaus/plexus/plexus-utils/3.4.1/plexus-utils-3.4.1.jar (264 kB at 3.9 MB/s)
Progress (2): 54 kB | 7.7/23 kB
Progress (2): 54 kB | 16/23 kB 
Progress (2): 54 kB | 23 kB   
                           
Downloaded from central: https://repo1.maven.org/maven2/org/codehaus/plexus/plexus-java/1.1.1/plexus-java-1.1.1.jar (54 kB at 681 kB/s)
Downloaded from central: https://repo1.maven.org/maven2/org/codehaus/plexus/plexus-compiler-javac/2.11.1/plexus-compiler-javac-2.11.1.jar (23 kB at 275 kB/s)
[INFO] Changes detected - recompiling the module!
[INFO] Compiling 549 source files to D:\Khedma\Mr wiem\mutation-test-pipeline\target-repos\206398\httpcore5\target\classes
[WARNING] bootstrap class path not set in conjunction with -source 8
[WARNING] /D:/Khedma/Mr wiem/mutation-test-pipeline/target-repos/206398/httpcore5/src/main/java/org/apache/hc/core5/http/impl/bootstrap/HttpServer.java:[45,15] jdk.net.Sockets in jdk.net has been deprecated
[WARNING] /D:/Khedma/Mr wiem/mutation-test-pipeline/target-repos/206398/httpcore5/src/main/java/org/apache/hc/core5/http/impl/bootstrap/RequestListener.java:[42,15] jdk.net.Sockets in jdk.net has been deprecated
[WARNING] /D:/Khedma/Mr wiem/mutation-test-pipeline/target-repos/206398/httpcore5/src/main/java/org/apache/hc/core5/http/impl/bootstrap/HttpRequester.java:[49,15] jdk.net.Sockets in jdk.net has been deprecated
[WARNING] /D:/Khedma/Mr wiem/mutation-test-pipeline/target-repos/206398/httpcore5/src/main/java/org/apache/hc/core5/util/ReflectionUtils.java:[31,15] jdk.net.Sockets in jdk.net has been deprecated
[WARNING] /D:/Khedma/Mr wiem/mutation-test-pipeline/target-repos/206398/httpcore5/src/main/java/org/apache/hc/core5/http/impl/bootstrap/HttpServer.java:[154,21] jdk.net.Sockets in jdk.net has been deprecated
[WARNING] /D:/Khedma/Mr wiem/mutation-test-pipeline/target-repos/206398/httpcore5/src/main/java/org/apache/hc/core5/http/impl/bootstrap/HttpServer.java:[154,28] <T>setOption(java.net.ServerSocket,java.net.SocketOption<T>,T) in jdk.net.Sockets has been deprecated
[WARNING] /D:/Khedma/Mr wiem/mutation-test-pipeline/target-repos/206398/httpcore5/src/main/java/org/apache/hc/core5/http/impl/bootstrap/HttpServer.java:[157,21] jdk.net.Sockets in jdk.net has been deprecated
[WARNING] /D:/Khedma/Mr wiem/mutation-test-pipeline/target-repos/206398/httpcore5/src/main/java/org/apache/hc/core5/http/impl/bootstrap/HttpServer.java:[157,28] <T>setOption(java.net.ServerSocket,java.net.SocketOption<T>,T) in jdk.net.Sockets has been deprecated
[WARNING] /D:/Khedma/Mr wiem/mutation-test-pipeline/target-repos/206398/httpcore5/src/main/java/org/apache/hc/core5/http/impl/bootstrap/HttpServer.java:[160,21] jdk.net.Sockets in jdk.net has been deprecated
[WARNING] /D:/Khedma/Mr wiem/mutation-test-pipeline/target-repos/206398/httpcore5/src/main/java/org/apache/hc/core5/http/impl/bootstrap/HttpServer.java:[160,28] <T>setOption(java.net.ServerSocket,java.net.SocketOption<T>,T) in jdk.net.Sockets has been deprecated
[WARNING] /D:/Khedma/Mr wiem/mutation-test-pipeline/target-repos/206398/httpcore5/src/main/java/org/apache/hc/core5/http/impl/bootstrap/RequestListener.java:[100,17] jdk.net.Sockets in jdk.net has been deprecated
[WARNING] /D:/Khedma/Mr wiem/mutation-test-pipeline/target-repos/206398/httpcore5/src/main/java/org/apache/hc/core5/http/impl/bootstrap/RequestListener.java:[100,24] <T>setOption(java.net.ServerSocket,java.net.SocketOption<T>,T) in jdk.net.Sockets has been deprecated
[WARNING] /D:/Khedma/Mr wiem/mutation-test-pipeline/target-repos/206398/httpcore5/src/main/java/org/apache/hc/core5/http/impl/bootstrap/RequestListener.java:[103,17] jdk.net.Sockets in jdk.net has been deprecated
[WARNING] /D:/Khedma/Mr wiem/mutation-test-pipeline/target-repos/206398/httpcore5/src/main/java/org/apache/hc/core5/http/impl/bootstrap/RequestListener.java:[103,24] <T>setOption(java.net.ServerSocket,java.net.SocketOption<T>,T) in jdk.net.Sockets has been deprecated
[WARNING] /D:/Khedma/Mr wiem/mutation-test-pipeline/target-repos/206398/httpcore5/src/main/java/org/apache/hc/core5/http/impl/bootstrap/RequestListener.java:[106,17] jdk.net.Sockets in jdk.net has been deprecated
[WARNING] /D:/Khedma/Mr wiem/mutation-test-pipeline/target-repos/206398/httpcore5/src/main/java/org/apache/hc/core5/http/impl/bootstrap/RequestListener.java:[106,24] <T>setOption(java.net.ServerSocket,java.net.SocketOption<T>,T) in jdk.net.Sockets has been deprecated
[WARNING] /D:/Khedma/Mr wiem/mutation-test-pipeline/target-repos/206398/httpcore5/src/main/java/org/apache/hc/core5/http/impl/bootstrap/HttpRequester.java:[258,17] jdk.net.Sockets in jdk.net has been deprecated
[WARNING] /D:/Khedma/Mr wiem/mutation-test-pipeline/target-repos/206398/httpcore5/src/main/java/org/apache/hc/core5/http/impl/bootstrap/HttpRequester.java:[258,24] <T>setOption(java.net.Socket,java.net.SocketOption<T>,T) in jdk.net.Sockets has been deprecated
[WARNING] /D:/Khedma/Mr wiem/mutation-test-pipeline/target-repos/206398/httpcore5/src/main/java/org/apache/hc/core5/http/impl/bootstrap/HttpRequester.java:[261,17] jdk.net.Sockets in jdk.net has been deprecated
[WARNING] /D:/Khedma/Mr wiem/mutation-test-pipeline/target-repos/206398/httpcore5/src/main/java/org/apache/hc/core5/http/impl/bootstrap/HttpRequester.java:[261,24] <T>setOption(java.net.Socket,java.net.SocketOption<T>,T) in jdk.net.Sockets has been deprecated
[WARNING] /D:/Khedma/Mr wiem/mutation-test-pipeline/target-repos/206398/httpcore5/src/main/java/org/apache/hc/core5/http/impl/bootstrap/HttpRequester.java:[264,17] jdk.net.Sockets in jdk.net has been deprecated
[WARNING] /D:/Khedma/Mr wiem/mutation-test-pipeline/target-repos/206398/httpcore5/src/main/java/org/apache/hc/core5/http/impl/bootstrap/HttpRequester.java:[264,24] <T>setOption(java.net.Socket,java.net.SocketOption<T>,T) in jdk.net.Sockets has been deprecated
[WARNING] /D:/Khedma/Mr wiem/mutation-test-pipeline/target-repos/206398/httpcore5/src/main/java/org/apache/hc/core5/util/ReflectionUtils.java:[41,63] jdk.net.Sockets in jdk.net has been deprecated
[WARNING] /D:/Khedma/Mr wiem/mutation-test-pipeline/target-repos/206398/httpcore5/src/main/java/org/apache/hc/core5/util/ReflectionUtils.java:[41,70] supportedOptions(java.lang.Class<?>) in jdk.net.Sockets has been deprecated and marked for removal
[INFO] ------------------------------------------------------------------------
[INFO] BUILD SUCCESS
[INFO] ------------------------------------------------------------------------
[INFO] Total time:  32.132 s
[INFO] Finished at: 2026-02-25T19:33:03-05:00
[INFO] ------------------------------------------------------------------------

STDERR:
