COMMAND: mvn.cmd -s D:\Khedma\Mr wiem\mutation-test-pipeline\.mvn\settings.xml -DskipTests compile

STDOUT:
Downloading from central: https://repo1.maven.org/maven2/com/gradle/develocity-maven-extension/1.22.2/develocity-maven-extension-1.22.2.pom
Progress (1): 1.1 kB
Progress (1): 1.4 kB
                    
Downloaded from central: https://repo1.maven.org/maven2/com/gradle/develocity-maven-extension/1.22.2/develocity-maven-extension-1.22.2.pom (1.4 kB at 4.4 kB/s)
Downloading from central: https://repo1.maven.org/maven2/com/gradle/develocity-maven-extension/1.22.2/develocity-maven-extension-1.22.2.jar
Progress (1): 0/23 MB
Progress (1): 0/23 MB
Progress (1): 0/23 MB
Progress (1): 0/23 MB
Progress (1): 0/23 MB
Progress (1): 0/23 MB
Progress (1): 0/23 MB
Progress (1): 0/23 MB
Progress (1): 0/23 MB
Progress (1): 0/23 MB
Progress (1): 0/23 MB
Progress (1): 0/23 MB
Progress (1): 0/23 MB
Progress (1): 0/23 MB
Progress (1): 0/23 MB
Progress (1): 0/23 MB
Progress (1): 0/23 MB
Progress (1): 0/23 MB
Progress (1): 0/23 MB
Progress (1): 0/23 MB
Progress (1): 0/23 MB
Progress (1): 0/23 MB
Progress (1): 0/23 MB
Progress (1): 0/23 MB
Progress (1): 0/23 MB
Progress (1): 0/23 MB
Progress (1): 0/23 MB
Progress (1): 0/23 MB
Progress (1): 0/23 MB
Progress (1): 0/23 MB
Progress (1): 0/23 MB
Progress (1): 0/23 MB
Progress (1): 0/23 MB
Progress (1): 0/23 MB
Progress (1): 0/23 MB
Progress (1): 0/23 MB
Progress (1): 0/23 MB
Progress (1): 0.1/23 MB
Progress (1): 0.1/23 MB
Progress (1): 0.1/23 MB
Progress (1): 0.1/23 MB
Progress (1): 0.1/23 MB
Progress (1): 0.1/23 MB
Progress (1): 0.1/23 MB
Progress (1): 0.1/23 MB
Progress (1): 0.1/23 MB
Progress (1): 0.1/23 MB
Progress (1): 0.1/23 MB
Progress (1): 0.1/23 MB
Progress (1): 0.1/23 MB
Progress (1): 0.1/23 MB
Progress (1): 0.1/23 MB
Progress (1): 0.1/23 MB
Progress (1): 0.1/23 MB
Progress (1): 0.1/23 MB
Progress (1): 0.1/23 MB
Progress (1): 0.1/23 MB
Progress (1): 0.1/23 MB
Progress (1): 0.1/23 MB
Progress (1): 0.1/23 MB
Progress (1): 0.1/23 MB
Progress (1): 0.1/23 MB
Progress (1): 0.1/23 MB
Progress (1): 0.2/23 MB
Progress (1): 0.2/23 MB
Progress (1): 0.2/23 MB
Progress (1): 0.2/23 MB
Progress (1): 0.2/23 MB
Progress (1): 0.2/23 MB
Progress (1): 0.2/23 MB
Progress (1): 0.2/23 MB
Progress (1): 0.2/23 MB
Progress (1): 0.2/23 MB
Progress (1): 0.2/23 MB
Progress (1): 0.2/23 MB
Progress (1): 0.2/23 MB
Progress (1): 0.2/23 MB
Progress (1): 0.2/23 MB
Progress (1): 0.2/23 MB
Progress (1): 0.2/23 MB
Progress (1): 0.2/23 MB
Progress (1): 0.3/23 MB
Progress (1): 0.3/23 MB
Progress (1): 0.3/23 MB
Progress (1): 0.3/23 MB
Progress (1): 0.3/23 MB
Progress (1): 0.3/23 MB
Progress (1): 0.4/23 MB
Progress (1): 0.4/23 MB
Progress (1): 0.4/23 MB
Progress (1): 0.4/23 MB
Progress (1): 0.4/23 MB
Progress (1): 0.4/23 MB
Progress (1): 0.5/23 MB
Progress (1): 0.5/23 MB
Progress (1): 0.5/23 MB
Progress (1): 0.5/23 MB
Progress (1): 0.5/23 MB
Progress (1): 0.5/23 MB
Progress (1): 0.6/23 MB
Progress (1): 0.6/23 MB
Progress (1): 0.6/23 MB
Progress (1): 0.6/23 MB
Progress (1): 0.6/23 MB
Progress (1): 0.6/23 MB
Progress (1): 0.7/23 MB
Progress (1): 0.7/23 MB
Progress (1): 0.7/23 MB
Progress (1): 0.7/23 MB
Progress (1): 0.7/23 MB
Progress (1): 0.7/23 MB
Progress (1): 0.8/23 MB
Progress (1): 0.8/23 MB
Progress (1): 0.8/23 MB
Progress (1): 0.8/23 MB
Progress (1): 0.8/23 MB
Progress (1): 0.8/23 MB
Progress (1): 0.9/23 MB
Progress (1): 0.9/23 MB
Progress (1): 0.9/23 MB
Progress (1): 0.9/23 MB
Progress (1): 0.9/23 MB
Progress (1): 0.9/23 MB
Progress (1): 1.0/23 MB
Progress (1): 1.0/23 MB
Progress (1): 1.0/23 MB
Progress (1): 1.0/23 MB
Progress (1): 1.0/23 MB
Progress (1): 1.0/23 MB
Progress (1): 1.0/23 MB
Progress (1): 1.1/23 MB
Progress (1): 1.1/23 MB
Progress (1): 1.1/23 MB
Progress (1): 1.1/23 MB
Progress (1): 1.1/23 MB
Progress (1): 1.1/23 MB
Progress (1): 1.2/23 MB
Progress (1): 1.2/23 MB
Progress (1): 1.2/23 MB
Progress (1): 1.2/23 MB
Progress (1): 1.2/23 MB
Progress (1): 1.2/23 MB
Progress (1): 1.2/23 MB
Progress (1): 1.3/23 MB
Progress (1): 1.3/23 MB
Progress (1): 1.3/23 MB
Progress (1): 1.3/23 MB
Progress (1): 1.3/23 MB
Progress (1): 1.3/23 MB
Progress (1): 1.4/23 MB
Progress (1): 1.4/23 MB
Progress (1): 1.4/23 MB
Progress (1): 1.4/23 MB
Progress (1): 1.4/23 MB
Progress (1): 1.4/23 MB
Progress (1): 1.5/23 MB
Progress (1): 1.5/23 MB
Progress (1): 1.5/23 MB
Progress (1): 1.5/23 MB
Progress (1): 1.5/23 MB
Progress (1): 1.5/23 MB
Progress (1): 1.6/23 MB
Progress (1): 1.6/23 MB
Progress (1): 1.6/23 MB
Progress (1): 1.6/23 MB
Progress (1): 1.6/23 MB
Progress (1): 1.6/23 MB
Progress (1): 1.6/23 MB
Progress (1): 1.7/23 MB
Progress (1): 1.7/23 MB
Progress (1): 1.7/23 MB
Progress (1): 1.7/23 MB
Progress (1): 1.7/23 MB
Progress (1): 1.7/23 MB
Progress (1): 1.8/23 MB
Progress (1): 1.8/23 MB
Progress (1): 1.8/23 MB
Progress (1): 1.8/23 MB
Progress (1): 1.8/23 MB
Progress (1): 1.8/23 MB
Progress (1): 1.9/23 MB
Progress (1): 1.9/23 MB
Progress (1): 1.9/23 MB
Progress (1): 1.9/23 MB
Progress (1): 1.9/23 MB
Progress (1): 1.9/23 MB
Progress (1): 2.0/23 MB
Progress (1): 2.0/23 MB
Progress (1): 2.0/23 MB
Progress (1): 2.0/23 MB
Progress (1): 2.0/23 MB
Progress (1): 2.0/23 MB
Progress (1): 2.1/23 MB
Progress (1): 2.1/23 MB
Progress (1): 2.1/23 MB
Progress (1): 2.1/23 MB
Progress (1): 2.1/23 MB
Progress (1): 2.1/23 MB
Progress (1): 2.2/23 MB
Progress (1): 2.2/23 MB
Progress (1): 2.2/23 MB
Progress (1): 2.2/23 MB
Progress (1): 2.2/23 MB
Progress (1): 2.2/23 MB
Progress (1): 2.3/23 MB
Progress (1): 2.3/23 MB
Progress (1): 2.3/23 MB
Progress (1): 2.3/23 MB
Progress (1): 2.3/23 MB
Progress (1): 2.3/23 MB
Progress (1): 2.4/23 MB
Progress (1): 2.4/23 MB
Progress (1): 2.4/23 MB
Progress (1): 2.4/23 MB
Progress (1): 2.4/23 MB
Progress (1): 2.4/23 MB
Progress (1): 2.4/23 MB
Progress (1): 2.5/23 MB
Progress (1): 2.5/23 MB
Progress (1): 2.5/23 MB
Progress (1): 2.5/23 MB
Progress (1): 2.5/23 MB
Progress (1): 2.5/23 MB
Progress (1): 2.6/23 MB
Progress (1): 2.6/23 MB
Progress (1): 2.6/23 MB
Progress (1): 2.6/23 MB
Progress (1): 2.6/23 MB
Progress (1): 2.6/23 MB
Progress (1): 2.7/23 MB
Progress (1): 2.7/23 MB
Progress (1): 2.7/23 MB
Progress (1): 2.7/23 MB
Progress (1): 2.7/23 MB
Progress (1): 2.7/23 MB
Progress (1): 2.8/23 MB
Progress (1): 2.8/23 MB
Progress (1): 2.8/23 MB
Progress (1): 2.8/23 MB
Progress (1): 2.8/23 MB
Progress (1): 2.8/23 MB
Progress (1): 2.9/23 MB
Progress (1): 2.9/23 MB
Progress (1): 2.9/23 MB
Progress (1): 2.9/23 MB
Progress (1): 2.9/23 MB
Progress (1): 2.9/23 MB
Progress (1): 3.0/23 MB
Progress (1): 3.0/23 MB
Progress (1): 3.0/23 MB
Progress (1): 3.0/23 MB
Progress (1): 3.0/23 MB
Progress (1): 3.0/23 MB
Progress (1): 3.1/23 MB
Progress (1): 3.1/23 MB
Progress (1): 3.1/23 MB
Progress (1): 3.1/23 MB
Progress (1): 3.1/23 MB
Progress (1): 3.1/23 MB
Progress (1): 3.1/23 MB
Progress (1): 3.2/23 MB
Progress (1): 3.2/23 MB
Progress (1): 3.2/23 MB
Progress (1): 3.2/23 MB
Progress (1): 3.2/23 MB
Progress (1): 3.2/23 MB
Progress (1): 3.3/23 MB
Progress (1): 3.3/23 MB
Progress (1): 3.3/23 MB
Progress (1): 3.3/23 MB
Progress (1): 3.3/23 MB
Progress (1): 3.3/23 MB
Progress (1): 3.3/23 MB
Progress (1): 3.4/23 MB
Progress (1): 3.4/23 MB
Progress (1): 3.4/23 MB
Progress (1): 3.4/23 MB
Progress (1): 3.4/23 MB
Progress (1): 3.4/23 MB
Progress (1): 3.5/23 MB
Progress (1): 3.5/23 MB
Progress (1): 3.5/23 MB
Progress (1): 3.5/23 MB
Progress (1): 3.5/23 MB
Progress (1): 3.5/23 MB
Progress (1): 3.5/23 MB
Progress (1): 3.6/23 MB
Progress (1): 3.6/23 MB
Progress (1): 3.6/23 MB
Progress (1): 3.6/23 MB
Progress (1): 3.6/23 MB
Progress (1): 3.6/23 MB
Progress (1): 3.7/23 MB
Progress (1): 3.7/23 MB
Progress (1): 3.7/23 MB
Progress (1): 3.7/23 MB
Progress (1): 3.7/23 MB
Progress (1): 3.7/23 MB
Progress (1): 3.8/23 MB
Progress (1): 3.8/23 MB
Progress (1): 3.8/23 MB
Progress (1): 3.8/23 MB
Progress (1): 3.8/23 MB
Progress (1): 3.8/23 MB
Progress (1): 3.9/23 MB
Progress (1): 3.9/23 MB
Progress (1): 3.9/23 MB
Progress (1): 3.9/23 MB
Progress (1): 3.9/23 MB
Progress (1): 3.9/23 MB
Progress (1): 3.9/23 MB
Progress (1): 4.0/23 MB
Progress (1): 4.0/23 MB
Progress (1): 4.0/23 MB
Progress (1): 4.0/23 MB
Progress (1): 4.0/23 MB
Progress (1): 4.0/23 MB
Progress (1): 4.1/23 MB
Progress (1): 4.1/23 MB
Progress (1): 4.1/23 MB
Progress (1): 4.1/23 MB
Progress (1): 4.1/23 MB
Progress (1): 4.1/23 MB
Progress (1): 4.2/23 MB
Progress (1): 4.2/23 MB
Progress (1): 4.2/23 MB
Progress (1): 4.2/23 MB
Progress (1): 4.2/23 MB
Progress (1): 4.2/23 MB
Progress (1): 4.3/23 MB
Progress (1): 4.3/23 MB
Progress (1): 4.3/23 MB
Progress (1): 4.3/23 MB
Progress (1): 4.3/23 MB
Progress (1): 4.3/23 MB
Progress (1): 4.4/23 MB
Progress (1): 4.4/23 MB
Progress (1): 4.4/23 MB
Progress (1): 4.4/23 MB
Progress (1): 4.4/23 MB
Progress (1): 4.4/23 MB
Progress (1): 4.4/23 MB
Progress (1): 4.5/23 MB
Progress (1): 4.5/23 MB
Progress (1): 4.5/23 MB
Progress (1): 4.5/23 MB
Progress (1): 4.5/23 MB
Progress (1): 4.5/23 MB
Progress (1): 4.6/23 MB
Progress (1): 4.6/23 MB
Progress (1): 4.6/23 MB
Progress (1): 4.6/23 MB
Progress (1): 4.6/23 MB
Progress (1): 4.6/23 MB
Progress (1): 4.7/23 MB
Progress (1): 4.7/23 MB
Progress (1): 4.7/23 MB
Progress (1): 4.7/23 MB
Progress (1): 4.7/23 MB
Progress (1): 4.7/23 MB
Progress (1): 4.8/23 MB
Progress (1): 4.8/23 MB
Progress (1): 4.8/23 MB
Progress (1): 4.8/23 MB
Progress (1): 4.8/23 MB
Progress (1): 4.8/23 MB
Progress (1): 4.9/23 MB
Progress (1): 4.9/23 MB
Progress (1): 4.9/23 MB
Progress (1): 4.9/23 MB
Progress (1): 4.9/23 MB
Progress (1): 4.9/23 MB
Progress (1): 5.0/23 MB
Progress (1): 5.0/23 MB
Progress (1): 5.0/23 MB
Progress (1): 5.0/23 MB
Progress (1): 5.0/23 MB
Progress (1): 5.0/23 MB
Progress (1): 5.1/23 MB
Progress (1): 5.1/23 MB
Progress (1): 5.1/23 MB
Progress (1): 5.1/23 MB
Progress (1): 5.1/23 MB
Progress (1): 5.1/23 MB
Progress (1): 5.1/23 MB
Progress (1): 5.2/23 MB
Progress (1): 5.2/23 MB
Progress (1): 5.2/23 MB
Progress (1): 5.2/23 MB
Progress (1): 5.2/23 MB
Progress (1): 5.2/23 MB
Progress (1): 5.3/23 MB
Progress (1): 5.3/23 MB
Progress (1): 5.3/23 MB
Progress (1): 5.3/23 MB
Progress (1): 5.3/23 MB
Progress (1): 5.3/23 MB
Progress (1): 5.4/23 MB
Progress (1): 5.4/23 MB
Progress (1): 5.4/23 MB
Progress (1): 5.4/23 MB
Progress (1): 5.4/23 MB
Progress (1): 5.4/23 MB
Progress (1): 5.5/23 MB
Progress (1): 5.5/23 MB
Progress (1): 5.5/23 MB
Progress (1): 5.5/23 MB
Progress (1): 5.5/23 MB
Progress (1): 5.5/23 MB
Progress (1): 5.6/23 MB
Progress (1): 5.6/23 MB
Progress (1): 5.6/23 MB
Progress (1): 5.6/23 MB
Progress (1): 5.6/23 MB
Progress (1): 5.6/23 MB
Progress (1): 5.7/23 MB
Progress (1): 5.7/23 MB
Progress (1): 5.7/23 MB
Progress (1): 5.7/23 MB
Progress (1): 5.7/23 MB
Progress (1): 5.7/23 MB
Progress (1): 5.8/23 MB
Progress (1): 5.8/23 MB
Progress (1): 5.8/23 MB
Progress (1): 5.8/23 MB
Progress (1): 5.8/23 MB
Progress (1): 5.8/23 MB
Progress (1): 5.9/23 MB
Progress (1): 5.9/23 MB
Progress (1): 5.9/23 MB
Progress (1): 5.9/23 MB
Progress (1): 5.9/23 MB
Progress (1): 5.9/23 MB
Progress (1): 6.0/23 MB
Progress (1): 6.0/23 MB
Progress (1): 6.0/23 MB
Progress (1): 6.0/23 MB
Progress (1): 6.0/23 MB
Progress (1): 6.0/23 MB
Progress (1): 6.0/23 MB
Progress (1): 6.1/23 MB
Progress (1): 6.1/23 MB
Progress (1): 6.1/23 MB
Progress (1): 6.1/23 MB
Progress (1): 6.1/23 MB
Progress (1): 6.1/23 MB
Progress (1): 6.2/23 MB
Progress (1): 6.2/23 MB
Progress (1): 6.2/23 MB
Progress (1): 6.2/23 MB
Progress (1): 6.2/23 MB
Progress (1): 6.2/23 MB
Progress (1): 6.3/23 MB
Progress (1): 6.3/23 MB
Progress (1): 6.3/23 MB
Progress (1): 6.3/23 MB
Progress (1): 6.3/23 MB
Progress (1): 6.3/23 MB
Progress (1): 6.4/23 MB
Progress (1): 6.4/23 MB
Progress (1): 6.4/23 MB
Progress (1): 6.4/23 MB
Progress (1): 6.4/23 MB
Progress (1): 6.4/23 MB
Progress (1): 6.4/23 MB
Progress (1): 6.5/23 MB
Progress (1): 6.5/23 MB
Progress (1): 6.5/23 MB
Progress (1): 6.5/23 MB
Progress (1): 6.5/23 MB
Progress (1): 6.5/23 MB
Progress (1): 6.6/23 MB
Progress (1): 6.6/23 MB
Progress (1): 6.6/23 MB
Progress (1): 6.6/23 MB
Progress (1): 6.6/23 MB
Progress (1): 6.6/23 MB
Progress (1): 6.7/23 MB
Progress (1): 6.7/23 MB
Progress (1): 6.7/23 MB
Progress (1): 6.7/23 MB
Progress (1): 6.7/23 MB
Progress (1): 6.7/23 MB
Progress (1): 6.7/23 MB
Progress (1): 6.8/23 MB
Progress (1): 6.8/23 MB
Progress (1): 6.8/23 MB
Progress (1): 6.8/23 MB
Progress (1): 6.8/23 MB
Progress (1): 6.8/23 MB
Progress (1): 6.9/23 MB
Progress (1): 6.9/23 MB
Progress (1): 6.9/23 MB
Progress (1): 6.9/23 MB
Progress (1): 6.9/23 MB
Progress (1): 6.9/23 MB
Progress (1): 7.0/23 MB
Progress (1): 7.0/23 MB
Progress (1): 7.0/23 MB
Progress (1): 7.0/23 MB
Progress (1): 7.0/23 MB
Progress (1): 7.0/23 MB
Progress (1): 7.0/23 MB
Progress (1): 7.1/23 MB
Progress (1): 7.1/23 MB
Progress (1): 7.1/23 MB
Progress (1): 7.1/23 MB
Progress (1): 7.1/23 MB
Progress (1): 7.1/23 MB
Progress (1): 7.1/23 MB
Progress (1): 7.2/23 MB
Progress (1): 7.2/23 MB
Progress (1): 7.2/23 MB
Progress (1): 7.2/23 MB
Progress (1): 7.2/23 MB
Progress (1): 7.2/23 MB
Progress (1): 7.3/23 MB
Progress (1): 7.3/23 MB
Progress (1): 7.3/23 MB
Progress (1): 7.3/23 MB
Progress (1): 7.3/23 MB
Progress (1): 7.3/23 MB
Progress (1): 7.4/23 MB
Progress (1): 7.4/23 MB
Progress (1): 7.4/23 MB
Progress (1): 7.4/23 MB
Progress (1): 7.4/23 MB
Progress (1): 7.4/23 MB
Progress (1): 7.5/23 MB
Progress (1): 7.5/23 MB
Progress (1): 7.5/23 MB
Progress (1): 7.5/23 MB
Progress (1): 7.5/23 MB
Progress (1): 7.5/23 MB
Progress (1): 7.6/23 MB
Progress (1): 7.6/23 MB
Progress (1): 7.6/23 MB
Progress (1): 7.6/23 MB
Progress (1): 7.6/23 MB
Progress (1): 7.6/23 MB
Progress (1): 7.7/23 MB
Progress (1): 7.7/23 MB
Progress (1): 7.7/23 MB
Progress (1): 7.7/23 MB
Progress (1): 7.7/23 MB
Progress (1): 7.7/23 MB
Progress (1): 7.8/23 MB
Progress (1): 7.8/23 MB
Progress (1): 7.8/23 MB
Progress (1): 7.8/23 MB
Progress (1): 7.8/23 MB
Progress (1): 7.8/23 MB
Progress (1): 7.8/23 MB
Progress (1): 7.9/23 MB
Progress (1): 7.9/23 MB
Progress (1): 7.9/23 MB
Progress (1): 7.9/23 MB
Progress (1): 7.9/23 MB
Progress (1): 7.9/23 MB
Progress (1): 8.0/23 MB
Progress (1): 8.0/23 MB
Progress (1): 8.0/23 MB
Progress (1): 8.0/23 MB
Progress (1): 8.0/23 MB
Progress (1): 8.0/23 MB
Progress (1): 8.1/23 MB
Progress (1): 8.1/23 MB
Progress (1): 8.1/23 MB
Progress (1): 8.1/23 MB
Progress (1): 8.1/23 MB
Progress (1): 8.1/23 MB
Progress (1): 8.2/23 MB
Progress (1): 8.2/23 MB
Progress (1): 8.2/23 MB
Progress (1): 8.2/23 MB
Progress (1): 8.2/23 MB
Progress (1): 8.2/23 MB
Progress (1): 8.2/23 MB
Progress (1): 8.3/23 MB
Progress (1): 8.3/23 MB
Progress (1): 8.3/23 MB
Progress (1): 8.3/23 MB
Progress (1): 8.3/23 MB
Progress (1): 8.3/23 MB
Progress (1): 8.4/23 MB
Progress (1): 8.4/23 MB
Progress (1): 8.4/23 MB
Progress (1): 8.4/23 MB
Progress (1): 8.4/23 MB
Progress (1): 8.4/23 MB
Progress (1): 8.5/23 MB
Progress (1): 8.5/23 MB
Progress (1): 8.5/23 MB
Progress (1): 8.5/23 MB
Progress (1): 8.5/23 MB
Progress (1): 8.5/23 MB
Progress (1): 8.6/23 MB
Progress (1): 8.6/23 MB
Progress (1): 8.6/23 MB
Progress (1): 8.6/23 MB
Progress (1): 8.6/23 MB
Progress (1): 8.6/23 MB
Progress (1): 8.7/23 MB
Progress (1): 8.7/23 MB
Progress (1): 8.7/23 MB
Progress (1): 8.7/23 MB
Progress (1): 8.7/23 MB
Progress (1): 8.7/23 MB
Progress (1): 8.8/23 MB
Progress (1): 8.8/23 MB
Progress (1): 8.8/23 MB
Progress (1): 8.8/23 MB
Progress (1): 8.8/23 MB
Progress (1): 8.8/23 MB
Progress (1): 8.8/23 MB
Progress (1): 8.8/23 MB
Progress (1): 8.9/23 MB
Progress (1): 8.9/23 MB
Progress (1): 8.9/23 MB
Progress (1): 8.9/23 MB
Progress (1): 8.9/23 MB
Progress (1): 8.9/23 MB
Progress (1): 9.0/23 MB
Progress (1): 9.0/23 MB
Progress (1): 9.0/23 MB
Progress (1): 9.0/23 MB
Progress (1): 9.0/23 MB
Progress (1): 9.0/23 MB
Progress (1): 9.1/23 MB
Progress (1): 9.1/23 MB
Progress (1): 9.1/23 MB
Progress (1): 9.1/23 MB
Progress (1): 9.1/23 MB
Progress (1): 9.1/23 MB
Progress (1): 9.2/23 MB
Progress (1): 9.2/23 MB
Progress (1): 9.2/23 MB
Progress (1): 9.2/23 MB
Progress (1): 9.2/23 MB
Progress (1): 9.2/23 MB
Progress (1): 9.3/23 MB
Progress (1): 9.3/23 MB
Progress (1): 9.3/23 MB
Progress (1): 9.3/23 MB
Progress (1): 9.3/23 MB
Progress (1): 9.3/23 MB
Progress (1): 9.3/23 MB
Progress (1): 9.4/23 MB
Progress (1): 9.4/23 MB
Progress (1): 9.4/23 MB
Progress (1): 9.4/23 MB
Progress (1): 9.4/23 MB
Progress (1): 9.4/23 MB
Progress (1): 9.5/23 MB
Progress (1): 9.5/23 MB
Progress (1): 9.5/23 MB
Progress (1): 9.5/23 MB
Progress (1): 9.5/23 MB
Progress (1): 9.5/23 MB
Progress (1): 9.6/23 MB
Progress (1): 9.6/23 MB
Progress (1): 9.6/23 MB
Progress (1): 9.6/23 MB
Progress (1): 9.6/23 MB
Progress (1): 9.6/23 MB
Progress (1): 9.7/23 MB
Progress (1): 9.7/23 MB
Progress (1): 9.7/23 MB
Progress (1): 9.7/23 MB
Progress (1): 9.7/23 MB
Progress (1): 9.7/23 MB
Progress (1): 9.8/23 MB
Progress (1): 9.8/23 MB
Progress (1): 9.8/23 MB
Progress (1): 9.8/23 MB
Progress (1): 9.8/23 MB
Progress (1): 9.8/23 MB
Progress (1): 9.9/23 MB
Progress (1): 9.9/23 MB
Progress (1): 9.9/23 MB
Progress (1): 9.9/23 MB
Progress (1): 9.9/23 MB
Progress (1): 9.9/23 MB
Progress (1): 10.0/23 MB
Progress (1): 10.0/23 MB
Progress (1): 10.0/23 MB
Progress (1): 10/23 MB  
Progress (1): 10/23 MB
Progress (1): 10/23 MB
Progress (1): 10/23 MB
Progress (1): 10/23 MB
Progress (1): 10/23 MB
Progress (1): 10/23 MB
Progress (1): 10/23 MB
Progress (1): 10/23 MB
Progress (1): 10/23 MB
Progress (1): 10/23 MB
Progress (1): 10/23 MB
Progress (1): 10/23 MB
Progress (1): 10/23 MB
Progress (1): 10/23 MB
Progress (1): 10/23 MB
Progress (1): 10/23 MB
Progress (1): 10/23 MB
Progress (1): 10/23 MB
Progress (1): 10/23 MB
Progress (1): 10/23 MB
Progress (1): 10/23 MB
Progress (1): 10/23 MB
Progress (1): 10/23 MB
Progress (1): 10/23 MB
Progress (1): 10/23 MB
Progress (1): 10/23 MB
Progress (1): 10/23 MB
Progress (1): 10/23 MB
Progress (1): 10/23 MB
Progress (1): 10/23 MB
Progress (1): 11/23 MB
Progress (1): 11/23 MB
Progress (1): 11/23 MB
Progress (1): 11/23 MB
Progress (1): 11/23 MB
Progress (1): 11/23 MB
Progress (1): 11/23 MB
Progress (1): 11/23 MB
Progress (1): 11/23 MB
Progress (1): 11/23 MB
Progress (1): 11/23 MB
Progress (1): 11/23 MB
Progress (1): 11/23 MB
Progress (1): 11/23 MB
Progress (1): 11/23 MB
Progress (1): 11/23 MB
Progress (1): 11/23 MB
Progress (1): 11/23 MB
Progress (1): 11/23 MB
Progress (1): 11/23 MB
Progress (1): 11/23 MB
Progress (1): 11/23 MB
Progress (1): 11/23 MB
Progress (1): 11/23 MB
Progress (1): 11/23 MB
Progress (1): 11/23 MB
Progress (1): 11/23 MB
Progress (1): 11/23 MB
Progress (1): 11/23 MB
Progress (1): 11/23 MB
Progress (1): 11/23 MB
Progress (1): 11/23 MB
Progress (1): 11/23 MB
Progress (1): 11/23 MB
Progress (1): 11/23 MB
Progress (1): 11/23 MB
Progress (1): 11/23 MB
Progress (1): 11/23 MB
Progress (1): 11/23 MB
Progress (1): 11/23 MB
Progress (1): 11/23 MB
Progress (1): 11/23 MB
Progress (1): 11/23 MB
Progress (1): 11/23 MB
Progress (1): 11/23 MB
Progress (1): 11/23 MB
Progress (1): 11/23 MB
Progress (1): 11/23 MB
Progress (1): 11/23 MB
Progress (1): 11/23 MB
Progress (1): 11/23 MB
Progress (1): 11/23 MB
Progress (1): 11/23 MB
Progress (1): 11/23 MB
Progress (1): 11/23 MB
Progress (1): 11/23 MB
Progress (1): 11/23 MB
Progress (1): 11/23 MB
Progress (1): 11/23 MB
Progress (1): 11/23 MB
Progress (1): 11/23 MB
Progress (1): 11/23 MB
Progress (1): 12/23 MB
Progress (1): 12/23 MB
Progress (1): 12/23 MB
Progress (1): 12/23 MB
Progress (1): 12/23 MB
Progress (1): 12/23 MB
Progress (1): 12/23 MB
Progress (1): 12/23 MB
Progress (1): 12/23 MB
Progress (1): 12/23 MB
Progress (1): 12/23 MB
Progress (1): 12/23 MB
Progress (1): 12/23 MB
Progress (1): 12/23 MB
Progress (1): 12/23 MB
Progress (1): 12/23 MB
Progress (1): 12/23 MB
Progress (1): 12/23 MB
Progress (1): 12/23 MB
Progress (1): 12/23 MB
Progress (1): 12/23 MB
Progress (1): 12/23 MB
Progress (1): 12/23 MB
Progress (1): 12/23 MB
Progress (1): 12/23 MB
Progress (1): 12/23 MB
Progress (1): 12/23 MB
Progress (1): 12/23 MB
Progress (1): 12/23 MB
Progress (1): 12/23 MB
Progress (1): 12/23 MB
Progress (1): 12/23 MB
Progress (1): 12/23 MB
Progress (1): 12/23 MB
Progress (1): 12/23 MB
Progress (1): 12/23 MB
Progress (1): 12/23 MB
Progress (1): 12/23 MB
Progress (1): 12/23 MB
Progress (1): 12/23 MB
Progress (1): 12/23 MB
Progress (1): 12/23 MB
Progress (1): 12/23 MB
Progress (1): 12/23 MB
Progress (1): 12/23 MB
Progress (1): 12/23 MB
Progress (1): 12/23 MB
Progress (1): 12/23 MB
Progress (1): 12/23 MB
Progress (1): 12/23 MB
Progress (1): 12/23 MB
Progress (1): 12/23 MB
Progress (1): 12/23 MB
Progress (1): 12/23 MB
Progress (1): 12/23 MB
Progress (1): 12/23 MB
Progress (1): 12/23 MB
Progress (1): 12/23 MB
Progress (1): 12/23 MB
Progress (1): 12/23 MB
Progress (1): 12/23 MB
Progress (1): 13/23 MB
Progress (1): 13/23 MB
Progress (1): 13/23 MB
Progress (1): 13/23 MB
Progress (1): 13/23 MB
Progress (1): 13/23 MB
Progress (1): 13/23 MB
Progress (1): 13/23 MB
Progress (1): 13/23 MB
Progress (1): 13/23 MB
Progress (1): 13/23 MB
Progress (1): 13/23 MB
Progress (1): 13/23 MB
Progress (1): 13/23 MB
Progress (1): 13/23 MB
Progress (1): 13/23 MB
Progress (1): 13/23 MB
Progress (1): 13/23 MB
Progress (1): 13/23 MB
Progress (1): 13/23 MB
Progress (1): 13/23 MB
Progress (1): 13/23 MB
Progress (1): 13/23 MB
Progress (1): 13/23 MB
Progress (1): 13/23 MB
Progress (1): 13/23 MB
Progress (1): 13/23 MB
Progress (1): 13/23 MB
Progress (1): 13/23 MB
Progress (1): 13/23 MB
Progress (1): 13/23 MB
Progress (1): 13/23 MB
Progress (1): 13/23 MB
Progress (1): 13/23 MB
Progress (1): 13/23 MB
Progress (1): 13/23 MB
Progress (1): 13/23 MB
Progress (1): 13/23 MB
Progress (1): 13/23 MB
Progress (1): 13/23 MB
Progress (1): 13/23 MB
Progress (1): 13/23 MB
Progress (1): 13/23 MB
Progress (1): 13/23 MB
Progress (1): 13/23 MB
Progress (1): 13/23 MB
Progress (1): 13/23 MB
Progress (1): 13/23 MB
Progress (1): 13/23 MB
Progress (1): 13/23 MB
Progress (1): 13/23 MB
Progress (1): 13/23 MB
Progress (1): 13/23 MB
Progress (1): 13/23 MB
Progress (1): 13/23 MB
Progress (1): 13/23 MB
Progress (1): 13/23 MB
Progress (1): 13/23 MB
Progress (1): 13/23 MB
Progress (1): 13/23 MB
Progress (1): 13/23 MB
Progress (1): 13/23 MB
Progress (1): 14/23 MB
Progress (1): 14/23 MB
Progress (1): 14/23 MB
Progress (1): 14/23 MB
Progress (1): 14/23 MB
Progress (1): 14/23 MB
Progress (1): 14/23 MB
Progress (1): 14/23 MB
Progress (1): 14/23 MB
Progress (1): 14/23 MB
Progress (1): 14/23 MB
Progress (1): 14/23 MB
Progress (1): 14/23 MB
Progress (1): 14/23 MB
Progress (1): 14/23 MB
Progress (1): 14/23 MB
Progress (1): 14/23 MB
Progress (1): 14/23 MB
Progress (1): 14/23 MB
Progress (1): 14/23 MB
Progress (1): 14/23 MB
Progress (1): 14/23 MB
Progress (1): 14/23 MB
Progress (1): 14/23 MB
Progress (1): 14/23 MB
Progress (1): 14/23 MB
Progress (1): 14/23 MB
Progress (1): 14/23 MB
Progress (1): 14/23 MB
Progress (1): 14/23 MB
Progress (1): 14/23 MB
Progress (1): 14/23 MB
Progress (1): 14/23 MB
Progress (1): 14/23 MB
Progress (1): 14/23 MB
Progress (1): 14/23 MB
Progress (1): 14/23 MB
Progress (1): 14/23 MB
Progress (1): 14/23 MB
Progress (1): 14/23 MB
Progress (1): 14/23 MB
Progress (1): 14/23 MB
Progress (1): 14/23 MB
Progress (1): 14/23 MB
Progress (1): 14/23 MB
Progress (1): 14/23 MB
Progress (1): 14/23 MB
Progress (1): 14/23 MB
Progress (1): 14/23 MB
Progress (1): 14/23 MB
Progress (1): 14/23 MB
Progress (1): 14/23 MB
Progress (1): 14/23 MB
Progress (1): 14/23 MB
Progress (1): 14/23 MB
Progress (1): 14/23 MB
Progress (1): 14/23 MB
Progress (1): 14/23 MB
Progress (1): 14/23 MB
Progress (1): 14/23 MB
Progress (1): 14/23 MB
Progress (1): 15/23 MB
Progress (1): 15/23 MB
Progress (1): 15/23 MB
Progress (1): 15/23 MB
Progress (1): 15/23 MB
Progress (1): 15/23 MB
Progress (1): 15/23 MB
Progress (1): 15/23 MB
Progress (1): 15/23 MB
Progress (1): 15/23 MB
Progress (1): 15/23 MB
Progress (1): 15/23 MB
Progress (1): 15/23 MB
Progress (1): 15/23 MB
Progress (1): 15/23 MB
Progress (1): 15/23 MB
Progress (1): 15/23 MB
Progress (1): 15/23 MB
Progress (1): 15/23 MB
Progress (1): 15/23 MB
Progress (1): 15/23 MB
Progress (1): 15/23 MB
Progress (1): 15/23 MB
Progress (1): 15/23 MB
Progress (1): 15/23 MB
Progress (1): 15/23 MB
Progress (1): 15/23 MB
Progress (1): 15/23 MB
Progress (1): 15/23 MB
Progress (1): 15/23 MB
Progress (1): 15/23 MB
Progress (1): 15/23 MB
Progress (1): 15/23 MB
Progress (1): 15/23 MB
Progress (1): 15/23 MB
Progress (1): 15/23 MB
Progress (1): 15/23 MB
Progress (1): 15/23 MB
Progress (1): 15/23 MB
Progress (1): 15/23 MB
Progress (1): 15/23 MB
Progress (1): 15/23 MB
Progress (1): 15/23 MB
Progress (1): 15/23 MB
Progress (1): 15/23 MB
Progress (1): 15/23 MB
Progress (1): 15/23 MB
Progress (1): 15/23 MB
Progress (1): 15/23 MB
Progress (1): 15/23 MB
Progress (1): 15/23 MB
Progress (1): 15/23 MB
Progress (1): 15/23 MB
Progress (1): 15/23 MB
Progress (1): 15/23 MB
Progress (1): 15/23 MB
Progress (1): 15/23 MB
Progress (1): 15/23 MB
Progress (1): 15/23 MB
Progress (1): 15/23 MB
Progress (1): 15/23 MB
Progress (1): 15/23 MB
Progress (1): 16/23 MB
Progress (1): 16/23 MB
Progress (1): 16/23 MB
Progress (1): 16/23 MB
Progress (1): 16/23 MB
Progress (1): 16/23 MB
Progress (1): 16/23 MB
Progress (1): 16/23 MB
Progress (1): 16/23 MB
Progress (1): 16/23 MB
Progress (1): 16/23 MB
Progress (1): 16/23 MB
Progress (1): 16/23 MB
Progress (1): 16/23 MB
Progress (1): 16/23 MB
Progress (1): 16/23 MB
Progress (1): 16/23 MB
Progress (1): 16/23 MB
Progress (1): 16/23 MB
Progress (1): 16/23 MB
Progress (1): 16/23 MB
Progress (1): 16/23 MB
Progress (1): 16/23 MB
Progress (1): 16/23 MB
Progress (1): 16/23 MB
Progress (1): 16/23 MB
Progress (1): 16/23 MB
Progress (1): 16/23 MB
Progress (1): 16/23 MB
Progress (1): 16/23 MB
Progress (1): 16/23 MB
Progress (1): 16/23 MB
Progress (1): 16/23 MB
Progress (1): 16/23 MB
Progress (1): 16/23 MB
Progress (1): 16/23 MB
Progress (1): 16/23 MB
Progress (1): 16/23 MB
Progress (1): 16/23 MB
Progress (1): 16/23 MB
Progress (1): 16/23 MB
Progress (1): 16/23 MB
Progress (1): 16/23 MB
Progress (1): 16/23 MB
Progress (1): 16/23 MB
Progress (1): 16/23 MB
Progress (1): 16/23 MB
Progress (1): 16/23 MB
Progress (1): 16/23 MB
Progress (1): 16/23 MB
Progress (1): 16/23 MB
Progress (1): 16/23 MB
Progress (1): 16/23 MB
Progress (1): 16/23 MB
Progress (1): 16/23 MB
Progress (1): 16/23 MB
Progress (1): 16/23 MB
Progress (1): 16/23 MB
Progress (1): 16/23 MB
Progress (1): 16/23 MB
Progress (1): 16/23 MB
Progress (1): 17/23 MB
Progress (1): 17/23 MB
Progress (1): 17/23 MB
Progress (1): 17/23 MB
Progress (1): 17/23 MB
Progress (1): 17/23 MB
Progress (1): 17/23 MB
Progress (1): 17/23 MB
Progress (1): 17/23 MB
Progress (1): 17/23 MB
Progress (1): 17/23 MB
Progress (1): 17/23 MB
Progress (1): 17/23 MB
Progress (1): 17/23 MB
Progress (1): 17/23 MB
Progress (1): 17/23 MB
Progress (1): 17/23 MB
Progress (1): 17/23 MB
Progress (1): 17/23 MB
Progress (1): 17/23 MB
Progress (1): 17/23 MB
Progress (1): 17/23 MB
Progress (1): 17/23 MB
Progress (1): 17/23 MB
Progress (1): 17/23 MB
Progress (1): 17/23 MB
Progress (1): 17/23 MB
Progress (1): 17/23 MB
Progress (1): 17/23 MB
Progress (1): 17/23 MB
Progress (1): 17/23 MB
Progress (1): 17/23 MB
Progress (1): 17/23 MB
Progress (1): 17/23 MB
Progress (1): 17/23 MB
Progress (1): 17/23 MB
Progress (1): 17/23 MB
Progress (1): 17/23 MB
Progress (1): 17/23 MB
Progress (1): 17/23 MB
Progress (1): 17/23 MB
Progress (1): 17/23 MB
Progress (1): 17/23 MB
Progress (1): 17/23 MB
Progress (1): 17/23 MB
Progress (1): 17/23 MB
Progress (1): 17/23 MB
Progress (1): 17/23 MB
Progress (1): 17/23 MB
Progress (1): 17/23 MB
Progress (1): 17/23 MB
Progress (1): 17/23 MB
Progress (1): 17/23 MB
Progress (1): 17/23 MB
Progress (1): 17/23 MB
Progress (1): 17/23 MB
Progress (1): 17/23 MB
Progress (1): 17/23 MB
Progress (1): 17/23 MB
Progress (1): 17/23 MB
Progress (1): 17/23 MB
Progress (1): 18/23 MB
Progress (1): 18/23 MB
Progress (1): 18/23 MB
Progress (1): 18/23 MB
Progress (1): 18/23 MB
Progress (1): 18/23 MB
Progress (1): 18/23 MB
Progress (1): 18/23 MB
Progress (1): 18/23 MB
Progress (1): 18/23 MB
Progress (1): 18/23 MB
Progress (1): 18/23 MB
Progress (1): 18/23 MB
Progress (1): 18/23 MB
Progress (1): 18/23 MB
Progress (1): 18/23 MB
Progress (1): 18/23 MB
Progress (1): 18/23 MB
Progress (1): 18/23 MB
Progress (1): 18/23 MB
Progress (1): 18/23 MB
Progress (1): 18/23 MB
Progress (1): 18/23 MB
Progress (1): 18/23 MB
Progress (1): 18/23 MB
Progress (1): 18/23 MB
Progress (1): 18/23 MB
Progress (1): 18/23 MB
Progress (1): 18/23 MB
Progress (1): 18/23 MB
Progress (1): 18/23 MB
Progress (1): 18/23 MB
Progress (1): 18/23 MB
Progress (1): 18/23 MB
Progress (1): 18/23 MB
Progress (1): 18/23 MB
Progress (1): 18/23 MB
Progress (1): 18/23 MB
Progress (1): 18/23 MB
Progress (1): 18/23 MB
Progress (1): 18/23 MB
Progress (1): 18/23 MB
Progress (1): 18/23 MB
Progress (1): 18/23 MB
Progress (1): 18/23 MB
Progress (1): 18/23 MB
Progress (1): 18/23 MB
Progress (1): 18/23 MB
Progress (1): 18/23 MB
Progress (1): 18/23 MB
Progress (1): 18/23 MB
Progress (1): 18/23 MB
Progress (1): 18/23 MB
Progress (1): 18/23 MB
Progress (1): 18/23 MB
Progress (1): 18/23 MB
Progress (1): 18/23 MB
Progress (1): 18/23 MB
Progress (1): 18/23 MB
Progress (1): 18/23 MB
Progress (1): 18/23 MB
Progress (1): 18/23 MB
Progress (1): 19/23 MB
Progress (1): 19/23 MB
Progress (1): 19/23 MB
Progress (1): 19/23 MB
Progress (1): 19/23 MB
Progress (1): 19/23 MB
Progress (1): 19/23 MB
Progress (1): 19/23 MB
Progress (1): 19/23 MB
Progress (1): 19/23 MB
Progress (1): 19/23 MB
Progress (1): 19/23 MB
Progress (1): 19/23 MB
Progress (1): 19/23 MB
Progress (1): 19/23 MB
Progress (1): 19/23 MB
Progress (1): 19/23 MB
Progress (1): 19/23 MB
Progress (1): 19/23 MB
Progress (1): 19/23 MB
Progress (1): 19/23 MB
Progress (1): 19/23 MB
Progress (1): 19/23 MB
Progress (1): 19/23 MB
Progress (1): 19/23 MB
Progress (1): 19/23 MB
Progress (1): 19/23 MB
Progress (1): 19/23 MB
Progress (1): 19/23 MB
Progress (1): 19/23 MB
Progress (1): 19/23 MB
Progress (1): 19/23 MB
Progress (1): 19/23 MB
Progress (1): 19/23 MB
Progress (1): 19/23 MB
Progress (1): 19/23 MB
Progress (1): 19/23 MB
Progress (1): 19/23 MB
Progress (1): 19/23 MB
Progress (1): 19/23 MB
Progress (1): 19/23 MB
Progress (1): 19/23 MB
Progress (1): 19/23 MB
Progress (1): 19/23 MB
Progress (1): 19/23 MB
Progress (1): 19/23 MB
Progress (1): 19/23 MB
Progress (1): 19/23 MB
Progress (1): 19/23 MB
Progress (1): 19/23 MB
Progress (1): 19/23 MB
Progress (1): 19/23 MB
Progress (1): 19/23 MB
Progress (1): 19/23 MB
Progress (1): 19/23 MB
Progress (1): 19/23 MB
Progress (1): 19/23 MB
Progress (1): 19/23 MB
Progress (1): 19/23 MB
Progress (1): 19/23 MB
Progress (1): 19/23 MB
Progress (1): 19/23 MB
Progress (1): 19/23 MB
Progress (1): 19/23 MB
Progress (1): 20/23 MB
Progress (1): 20/23 MB
Progress (1): 20/23 MB
Progress (1): 20/23 MB
Progress (1): 20/23 MB
Progress (1): 20/23 MB
Progress (1): 20/23 MB
Progress (1): 20/23 MB
Progress (1): 20/23 MB
Progress (1): 20/23 MB
Progress (1): 20/23 MB
Progress (1): 20/23 MB
Progress (1): 20/23 MB
Progress (1): 20/23 MB
Progress (1): 20/23 MB
Progress (1): 20/23 MB
Progress (1): 20/23 MB
Progress (1): 20/23 MB
Progress (1): 20/23 MB
Progress (1): 20/23 MB
Progress (1): 20/23 MB
Progress (1): 20/23 MB
Progress (1): 20/23 MB
Progress (1): 20/23 MB
Progress (1): 20/23 MB
Progress (1): 20/23 MB
Progress (1): 20/23 MB
Progress (1): 20/23 MB
Progress (1): 20/23 MB
Progress (1): 20/23 MB
Progress (1): 20/23 MB
Progress (1): 20/23 MB
Progress (1): 20/23 MB
Progress (1): 20/23 MB
Progress (1): 20/23 MB
Progress (1): 20/23 MB
Progress (1): 20/23 MB
Progress (1): 20/23 MB
Progress (1): 20/23 MB
Progress (1): 20/23 MB
Progress (1): 20/23 MB
Progress (1): 20/23 MB
Progress (1): 20/23 MB
Progress (1): 20/23 MB
Progress (1): 20/23 MB
Progress (1): 20/23 MB
Progress (1): 20/23 MB
Progress (1): 20/23 MB
Progress (1): 20/23 MB
Progress (1): 20/23 MB
Progress (1): 20/23 MB
Progress (1): 20/23 MB
Progress (1): 20/23 MB
Progress (1): 20/23 MB
Progress (1): 20/23 MB
Progress (1): 20/23 MB
Progress (1): 20/23 MB
Progress (1): 20/23 MB
Progress (1): 20/23 MB
Progress (1): 20/23 MB
Progress (1): 20/23 MB
Progress (1): 20/23 MB
Progress (1): 21/23 MB
Progress (1): 21/23 MB
Progress (1): 21/23 MB
Progress (1): 21/23 MB
Progress (1): 21/23 MB
Progress (1): 21/23 MB
Progress (1): 21/23 MB
Progress (1): 21/23 MB
Progress (1): 21/23 MB
Progress (1): 21/23 MB
Progress (1): 21/23 MB
Progress (1): 21/23 MB
Progress (1): 21/23 MB
Progress (1): 21/23 MB
Progress (1): 21/23 MB
Progress (1): 21/23 MB
Progress (1): 21/23 MB
Progress (1): 21/23 MB
Progress (1): 21/23 MB
Progress (1): 21/23 MB
Progress (1): 21/23 MB
Progress (1): 21/23 MB
Progress (1): 21/23 MB
Progress (1): 21/23 MB
Progress (1): 21/23 MB
Progress (1): 21/23 MB
Progress (1): 21/23 MB
Progress (1): 21/23 MB
Progress (1): 21/23 MB
Progress (1): 21/23 MB
Progress (1): 21/23 MB
Progress (1): 21/23 MB
Progress (1): 21/23 MB
Progress (1): 21/23 MB
Progress (1): 21/23 MB
Progress (1): 21/23 MB
Progress (1): 21/23 MB
Progress (1): 21/23 MB
Progress (1): 21/23 MB
Progress (1): 21/23 MB
Progress (1): 21/23 MB
Progress (1): 21/23 MB
Progress (1): 21/23 MB
Progress (1): 21/23 MB
Progress (1): 21/23 MB
Progress (1): 21/23 MB
Progress (1): 21/23 MB
Progress (1): 21/23 MB
Progress (1): 21/23 MB
Progress (1): 21/23 MB
Progress (1): 21/23 MB
Progress (1): 21/23 MB
Progress (1): 21/23 MB
Progress (1): 21/23 MB
Progress (1): 21/23 MB
Progress (1): 21/23 MB
Progress (1): 21/23 MB
Progress (1): 21/23 MB
Progress (1): 21/23 MB
Progress (1): 21/23 MB
Progress (1): 21/23 MB
Progress (1): 21/23 MB
Progress (1): 22/23 MB
Progress (1): 22/23 MB
Progress (1): 22/23 MB
Progress (1): 22/23 MB
Progress (1): 22/23 MB
Progress (1): 22/23 MB
Progress (1): 22/23 MB
Progress (1): 22/23 MB
Progress (1): 22/23 MB
Progress (1): 22/23 MB
Progress (1): 22/23 MB
Progress (1): 22/23 MB
Progress (1): 22/23 MB
Progress (1): 22/23 MB
Progress (1): 22/23 MB
Progress (1): 22/23 MB
Progress (1): 22/23 MB
Progress (1): 22/23 MB
Progress (1): 22/23 MB
Progress (1): 22/23 MB
Progress (1): 22/23 MB
Progress (1): 22/23 MB
Progress (1): 22/23 MB
Progress (1): 22/23 MB
Progress (1): 22/23 MB
Progress (1): 22/23 MB
Progress (1): 22/23 MB
Progress (1): 22/23 MB
Progress (1): 22/23 MB
Progress (1): 22/23 MB
Progress (1): 22/23 MB
Progress (1): 22/23 MB
Progress (1): 22/23 MB
Progress (1): 22/23 MB
Progress (1): 22/23 MB
Progress (1): 22/23 MB
Progress (1): 22/23 MB
Progress (1): 22/23 MB
Progress (1): 22/23 MB
Progress (1): 22/23 MB
Progress (1): 22/23 MB
Progress (1): 22/23 MB
Progress (1): 22/23 MB
Progress (1): 22/23 MB
Progress (1): 22/23 MB
Progress (1): 22/23 MB
Progress (1): 22/23 MB
Progress (1): 22/23 MB
Progress (1): 22/23 MB
Progress (1): 22/23 MB
Progress (1): 22/23 MB
Progress (1): 22/23 MB
Progress (1): 22/23 MB
Progress (1): 22/23 MB
Progress (1): 22/23 MB
Progress (1): 22/23 MB
Progress (1): 22/23 MB
Progress (1): 22/23 MB
Progress (1): 22/23 MB
Progress (1): 22/23 MB
Progress (1): 22/23 MB
Progress (1): 23/23 MB
Progress (1): 23/23 MB
Progress (1): 23/23 MB
Progress (1): 23/23 MB
Progress (1): 23/23 MB
Progress (1): 23/23 MB
Progress (1): 23/23 MB
Progress (1): 23/23 MB
Progress (1): 23/23 MB
Progress (1): 23/23 MB
Progress (1): 23/23 MB
Progress (1): 23/23 MB
Progress (1): 23/23 MB
Progress (1): 23/23 MB
Progress (1): 23/23 MB
Progress (1): 23/23 MB
Progress (1): 23/23 MB
Progress (1): 23/23 MB
Progress (1): 23/23 MB
Progress (1): 23/23 MB
Progress (1): 23/23 MB
Progress (1): 23/23 MB
Progress (1): 23/23 MB
Progress (1): 23/23 MB
Progress (1): 23/23 MB
Progress (1): 23/23 MB
Progress (1): 23 MB   
                   
Downloaded from central: https://repo1.maven.org/maven2/com/gradle/develocity-maven-extension/1.22.2/develocity-maven-extension-1.22.2.jar (23 MB at 29 MB/s)
Downloading from central: https://repo1.maven.org/maven2/com/gradle/common-custom-user-data-maven-extension/2.0.1/common-custom-user-data-maven-extension-2.0.1.pom
Progress (1): 1.1 kB
Progress (1): 4.0 kB
Progress (1): 7.6 kB
Progress (1): 8.4 kB
                    
Downloaded from central: https://repo1.maven.org/maven2/com/gradle/common-custom-user-data-maven-extension/2.0.1/common-custom-user-data-maven-extension-2.0.1.pom (8.4 kB at 59 kB/s)
Downloading from central: https://repo1.maven.org/maven2/com/gradle/common-custom-user-data-maven-extension/2.0.1/common-custom-user-data-maven-extension-2.0.1.jar
Progress (1): 0/9.6 MB
Progress (1): 0/9.6 MB
Progress (1): 0/9.6 MB
Progress (1): 0/9.6 MB
Progress (1): 0.1/9.6 MB
Progress (1): 0.1/9.6 MB
Progress (1): 0.1/9.6 MB
Progress (1): 0.1/9.6 MB
Progress (1): 0.1/9.6 MB
Progress (1): 0.1/9.6 MB
Progress (1): 0.1/9.6 MB
Progress (1): 0.2/9.6 MB
Progress (1): 0.2/9.6 MB
Progress (1): 0.2/9.6 MB
Progress (1): 0.2/9.6 MB
Progress (1): 0.2/9.6 MB
Progress (1): 0.2/9.6 MB
Progress (1): 0.3/9.6 MB
Progress (1): 0.3/9.6 MB
Progress (1): 0.3/9.6 MB
Progress (1): 0.3/9.6 MB
Progress (1): 0.3/9.6 MB
Progress (1): 0.3/9.6 MB
Progress (1): 0.3/9.6 MB
Progress (1): 0.4/9.6 MB
Progress (1): 0.4/9.6 MB
Progress (1): 0.4/9.6 MB
Progress (1): 0.4/9.6 MB
Progress (1): 0.4/9.6 MB
Progress (1): 0.4/9.6 MB
Progress (1): 0.5/9.6 MB
Progress (1): 0.5/9.6 MB
Progress (1): 0.5/9.6 MB
Progress (1): 0.5/9.6 MB
Progress (1): 0.5/9.6 MB
Progress (1): 0.5/9.6 MB
Progress (1): 0.6/9.6 MB
Progress (1): 0.6/9.6 MB
Progress (1): 0.6/9.6 MB
Progress (1): 0.6/9.6 MB
Progress (1): 0.6/9.6 MB
Progress (1): 0.6/9.6 MB
Progress (1): 0.7/9.6 MB
Progress (1): 0.7/9.6 MB
Progress (1): 0.7/9.6 MB
Progress (1): 0.7/9.6 MB
Progress (1): 0.7/9.6 MB
Progress (1): 0.7/9.6 MB
Progress (1): 0.8/9.6 MB
Progress (1): 0.8/9.6 MB
Progress (1): 0.8/9.6 MB
Progress (1): 0.8/9.6 MB
Progress (1): 0.8/9.6 MB
Progress (1): 0.8/9.6 MB
Progress (1): 0.9/9.6 MB
Progress (1): 0.9/9.6 MB
Progress (1): 0.9/9.6 MB
Progress (1): 0.9/9.6 MB
Progress (1): 0.9/9.6 MB
Progress (1): 0.9/9.6 MB
Progress (1): 0.9/9.6 MB
Progress (1): 1.0/9.6 MB
Progress (1): 1.0/9.6 MB
Progress (1): 1.0/9.6 MB
Progress (1): 1.0/9.6 MB
Progress (1): 1.0/9.6 MB
Progress (1): 1.0/9.6 MB
Progress (1): 1.0/9.6 MB
Progress (1): 1.1/9.6 MB
Progress (1): 1.1/9.6 MB
Progress (1): 1.1/9.6 MB
Progress (1): 1.1/9.6 MB
Progress (1): 1.1/9.6 MB
Progress (1): 1.1/9.6 MB
Progress (1): 1.2/9.6 MB
Progress (1): 1.2/9.6 MB
Progress (1): 1.2/9.6 MB
Progress (1): 1.2/9.6 MB
Progress (1): 1.2/9.6 MB
Progress (1): 1.2/9.6 MB
Progress (1): 1.3/9.6 MB
Progress (1): 1.3/9.6 MB
Progress (1): 1.3/9.6 MB
Progress (1): 1.3/9.6 MB
Progress (1): 1.3/9.6 MB
Progress (1): 1.3/9.6 MB
Progress (1): 1.4/9.6 MB
Progress (1): 1.4/9.6 MB
Progress (1): 1.4/9.6 MB
Progress (1): 1.4/9.6 MB
Progress (1): 1.4/9.6 MB
Progress (1): 1.4/9.6 MB
Progress (1): 1.5/9.6 MB
Progress (1): 1.5/9.6 MB
Progress (1): 1.5/9.6 MB
Progress (1): 1.5/9.6 MB
Progress (1): 1.5/9.6 MB
Progress (1): 1.5/9.6 MB
Progress (1): 1.6/9.6 MB
Progress (1): 1.6/9.6 MB
Progress (1): 1.6/9.6 MB
Progress (1): 1.6/9.6 MB
Progress (1): 1.6/9.6 MB
Progress (1): 1.6/9.6 MB
Progress (1): 1.7/9.6 MB
Progress (1): 1.7/9.6 MB
Progress (1): 1.7/9.6 MB
Progress (1): 1.7/9.6 MB
Progress (1): 1.7/9.6 MB
Progress (1): 1.7/9.6 MB
Progress (1): 1.8/9.6 MB
Progress (1): 1.8/9.6 MB
Progress (1): 1.8/9.6 MB
Progress (1): 1.8/9.6 MB
Progress (1): 1.8/9.6 MB
Progress (1): 1.8/9.6 MB
Progress (1): 1.8/9.6 MB
Progress (1): 1.9/9.6 MB
Progress (1): 1.9/9.6 MB
Progress (1): 1.9/9.6 MB
Progress (1): 1.9/9.6 MB
Progress (1): 1.9/9.6 MB
Progress (1): 1.9/9.6 MB
Progress (1): 2.0/9.6 MB
Progress (1): 2.0/9.6 MB
Progress (1): 2.0/9.6 MB
Progress (1): 2.0/9.6 MB
Progress (1): 2.0/9.6 MB
Progress (1): 2.0/9.6 MB
Progress (1): 2.1/9.6 MB
Progress (1): 2.1/9.6 MB
Progress (1): 2.1/9.6 MB
Progress (1): 2.1/9.6 MB
Progress (1): 2.1/9.6 MB
Progress (1): 2.1/9.6 MB
Progress (1): 2.1/9.6 MB
Progress (1): 2.2/9.6 MB
Progress (1): 2.2/9.6 MB
Progress (1): 2.2/9.6 MB
Progress (1): 2.2/9.6 MB
Progress (1): 2.2/9.6 MB
Progress (1): 2.2/9.6 MB
Progress (1): 2.3/9.6 MB
Progress (1): 2.3/9.6 MB
Progress (1): 2.3/9.6 MB
Progress (1): 2.3/9.6 MB
Progress (1): 2.3/9.6 MB
Progress (1): 2.3/9.6 MB
Progress (1): 2.4/9.6 MB
Progress (1): 2.4/9.6 MB
Progress (1): 2.4/9.6 MB
Progress (1): 2.4/9.6 MB
Progress (1): 2.4/9.6 MB
Progress (1): 2.4/9.6 MB
Progress (1): 2.5/9.6 MB
Progress (1): 2.5/9.6 MB
Progress (1): 2.5/9.6 MB
Progress (1): 2.5/9.6 MB
Progress (1): 2.5/9.6 MB
Progress (1): 2.5/9.6 MB
Progress (1): 2.6/9.6 MB
Progress (1): 2.6/9.6 MB
Progress (1): 2.6/9.6 MB
Progress (1): 2.6/9.6 MB
Progress (1): 2.6/9.6 MB
Progress (1): 2.6/9.6 MB
Progress (1): 2.7/9.6 MB
Progress (1): 2.7/9.6 MB
Progress (1): 2.7/9.6 MB
Progress (1): 2.7/9.6 MB
Progress (1): 2.7/9.6 MB
Progress (1): 2.7/9.6 MB
Progress (1): 2.8/9.6 MB
Progress (1): 2.8/9.6 MB
Progress (1): 2.8/9.6 MB
Progress (1): 2.8/9.6 MB
Progress (1): 2.8/9.6 MB
Progress (1): 2.8/9.6 MB
Progress (1): 2.9/9.6 MB
Progress (1): 2.9/9.6 MB
Progress (1): 2.9/9.6 MB
Progress (1): 2.9/9.6 MB
Progress (1): 2.9/9.6 MB
Progress (1): 2.9/9.6 MB
Progress (1): 2.9/9.6 MB
Progress (1): 3.0/9.6 MB
Progress (1): 3.0/9.6 MB
Progress (1): 3.0/9.6 MB
Progress (1): 3.0/9.6 MB
Progress (1): 3.0/9.6 MB
Progress (1): 3.0/9.6 MB
Progress (1): 3.1/9.6 MB
Progress (1): 3.1/9.6 MB
Progress (1): 3.1/9.6 MB
Progress (1): 3.1/9.6 MB
Progress (1): 3.1/9.6 MB
Progress (1): 3.1/9.6 MB
Progress (1): 3.2/9.6 MB
Progress (1): 3.2/9.6 MB
Progress (1): 3.2/9.6 MB
Progress (1): 3.2/9.6 MB
Progress (1): 3.2/9.6 MB
Progress (1): 3.2/9.6 MB
Progress (1): 3.3/9.6 MB
Progress (1): 3.3/9.6 MB
Progress (1): 3.3/9.6 MB
Progress (1): 3.3/9.6 MB
Progress (1): 3.3/9.6 MB
Progress (1): 3.3/9.6 MB
Progress (1): 3.4/9.6 MB
Progress (1): 3.4/9.6 MB
Progress (1): 3.4/9.6 MB
Progress (1): 3.4/9.6 MB
Progress (1): 3.4/9.6 MB
Progress (1): 3.4/9.6 MB
Progress (1): 3.5/9.6 MB
Progress (1): 3.5/9.6 MB
Progress (1): 3.5/9.6 MB
Progress (1): 3.5/9.6 MB
Progress (1): 3.5/9.6 MB
Progress (1): 3.5/9.6 MB
Progress (1): 3.6/9.6 MB
Progress (1): 3.6/9.6 MB
Progress (1): 3.6/9.6 MB
Progress (1): 3.6/9.6 MB
Progress (1): 3.6/9.6 MB
Progress (1): 3.6/9.6 MB
Progress (1): 3.7/9.6 MB
Progress (1): 3.7/9.6 MB
Progress (1): 3.7/9.6 MB
Progress (1): 3.7/9.6 MB
Progress (1): 3.7/9.6 MB
Progress (1): 3.7/9.6 MB
Progress (1): 3.8/9.6 MB
Progress (1): 3.8/9.6 MB
Progress (1): 3.8/9.6 MB
Progress (1): 3.8/9.6 MB
Progress (1): 3.8/9.6 MB
Progress (1): 3.8/9.6 MB
Progress (1): 3.9/9.6 MB
Progress (1): 3.9/9.6 MB
Progress (1): 3.9/9.6 MB
Progress (1): 3.9/9.6 MB
Progress (1): 3.9/9.6 MB
Progress (1): 3.9/9.6 MB
Progress (1): 3.9/9.6 MB
Progress (1): 4.0/9.6 MB
Progress (1): 4.0/9.6 MB
Progress (1): 4.0/9.6 MB
Progress (1): 4.0/9.6 MB
Progress (1): 4.0/9.6 MB
Progress (1): 4.0/9.6 MB
Progress (1): 4.1/9.6 MB
Progress (1): 4.1/9.6 MB
Progress (1): 4.1/9.6 MB
Progress (1): 4.1/9.6 MB
Progress (1): 4.1/9.6 MB
Progress (1): 4.1/9.6 MB
Progress (1): 4.2/9.6 MB
Progress (1): 4.2/9.6 MB
Progress (1): 4.2/9.6 MB
Progress (1): 4.2/9.6 MB
Progress (1): 4.2/9.6 MB
Progress (1): 4.2/9.6 MB
Progress (1): 4.3/9.6 MB
Progress (1): 4.3/9.6 MB
Progress (1): 4.3/9.6 MB
Progress (1): 4.3/9.6 MB
Progress (1): 4.3/9.6 MB
Progress (1): 4.3/9.6 MB
Progress (1): 4.4/9.6 MB
Progress (1): 4.4/9.6 MB
Progress (1): 4.4/9.6 MB
Progress (1): 4.4/9.6 MB
Progress (1): 4.4/9.6 MB
Progress (1): 4.4/9.6 MB
Progress (1): 4.5/9.6 MB
Progress (1): 4.5/9.6 MB
Progress (1): 4.5/9.6 MB
Progress (1): 4.5/9.6 MB
Progress (1): 4.5/9.6 MB
Progress (1): 4.5/9.6 MB
Progress (1): 4.6/9.6 MB
Progress (1): 4.6/9.6 MB
Progress (1): 4.6/9.6 MB
Progress (1): 4.6/9.6 MB
Progress (1): 4.6/9.6 MB
Progress (1): 4.6/9.6 MB
Progress (1): 4.7/9.6 MB
Progress (1): 4.7/9.6 MB
Progress (1): 4.7/9.6 MB
Progress (1): 4.7/9.6 MB
Progress (1): 4.7/9.6 MB
Progress (1): 4.7/9.6 MB
Progress (1): 4.8/9.6 MB
Progress (1): 4.8/9.6 MB
Progress (1): 4.8/9.6 MB
Progress (1): 4.8/9.6 MB
Progress (1): 4.8/9.6 MB
Progress (1): 4.8/9.6 MB
Progress (1): 4.8/9.6 MB
Progress (1): 4.9/9.6 MB
Progress (1): 4.9/9.6 MB
Progress (1): 4.9/9.6 MB
Progress (1): 4.9/9.6 MB
Progress (1): 4.9/9.6 MB
Progress (1): 4.9/9.6 MB
Progress (1): 5.0/9.6 MB
Progress (1): 5.0/9.6 MB
Progress (1): 5.0/9.6 MB
Progress (1): 5.0/9.6 MB
Progress (1): 5.0/9.6 MB
Progress (1): 5.0/9.6 MB
Progress (1): 5.1/9.6 MB
Progress (1): 5.1/9.6 MB
Progress (1): 5.1/9.6 MB
Progress (1): 5.1/9.6 MB
Progress (1): 5.1/9.6 MB
Progress (1): 5.1/9.6 MB
Progress (1): 5.2/9.6 MB
Progress (1): 5.2/9.6 MB
Progress (1): 5.2/9.6 MB
Progress (1): 5.2/9.6 MB
Progress (1): 5.2/9.6 MB
Progress (1): 5.2/9.6 MB
Progress (1): 5.3/9.6 MB
Progress (1): 5.3/9.6 MB
Progress (1): 5.3/9.6 MB
Progress (1): 5.3/9.6 MB
Progress (1): 5.3/9.6 MB
Progress (1): 5.3/9.6 MB
Progress (1): 5.4/9.6 MB
Progress (1): 5.4/9.6 MB
Progress (1): 5.4/9.6 MB
Progress (1): 5.4/9.6 MB
Progress (1): 5.4/9.6 MB
Progress (1): 5.4/9.6 MB
Progress (1): 5.5/9.6 MB
Progress (1): 5.5/9.6 MB
Progress (1): 5.5/9.6 MB
Progress (1): 5.5/9.6 MB
Progress (1): 5.5/9.6 MB
Progress (1): 5.5/9.6 MB
Progress (1): 5.6/9.6 MB
Progress (1): 5.6/9.6 MB
Progress (1): 5.6/9.6 MB
Progress (1): 5.6/9.6 MB
Progress (1): 5.6/9.6 MB
Progress (1): 5.6/9.6 MB
Progress (1): 5.7/9.6 MB
Progress (1): 5.7/9.6 MB
Progress (1): 5.7/9.6 MB
Progress (1): 5.7/9.6 MB
Progress (1): 5.7/9.6 MB
Progress (1): 5.7/9.6 MB
Progress (1): 5.8/9.6 MB
Progress (1): 5.8/9.6 MB
Progress (1): 5.8/9.6 MB
Progress (1): 5.8/9.6 MB
Progress (1): 5.8/9.6 MB
Progress (1): 5.8/9.6 MB
Progress (1): 5.8/9.6 MB
Progress (1): 5.9/9.6 MB
Progress (1): 5.9/9.6 MB
Progress (1): 5.9/9.6 MB
Progress (1): 5.9/9.6 MB
Progress (1): 5.9/9.6 MB
Progress (1): 5.9/9.6 MB
Progress (1): 6.0/9.6 MB
Progress (1): 6.0/9.6 MB
Progress (1): 6.0/9.6 MB
Progress (1): 6.0/9.6 MB
Progress (1): 6.0/9.6 MB
Progress (1): 6.0/9.6 MB
Progress (1): 6.1/9.6 MB
Progress (1): 6.1/9.6 MB
Progress (1): 6.1/9.6 MB
Progress (1): 6.1/9.6 MB
Progress (1): 6.1/9.6 MB
Progress (1): 6.1/9.6 MB
Progress (1): 6.2/9.6 MB
Progress (1): 6.2/9.6 MB
Progress (1): 6.2/9.6 MB
Progress (1): 6.2/9.6 MB
Progress (1): 6.2/9.6 MB
Progress (1): 6.2/9.6 MB
Progress (1): 6.3/9.6 MB
Progress (1): 6.3/9.6 MB
Progress (1): 6.3/9.6 MB
Progress (1): 6.3/9.6 MB
Progress (1): 6.3/9.6 MB
Progress (1): 6.3/9.6 MB
Progress (1): 6.4/9.6 MB
Progress (1): 6.4/9.6 MB
Progress (1): 6.4/9.6 MB
Progress (1): 6.4/9.6 MB
Progress (1): 6.4/9.6 MB
Progress (1): 6.4/9.6 MB
Progress (1): 6.5/9.6 MB
Progress (1): 6.5/9.6 MB
Progress (1): 6.5/9.6 MB
Progress (1): 6.5/9.6 MB
Progress (1): 6.5/9.6 MB
Progress (1): 6.5/9.6 MB
Progress (1): 6.6/9.6 MB
Progress (1): 6.6/9.6 MB
Progress (1): 6.6/9.6 MB
Progress (1): 6.6/9.6 MB
Progress (1): 6.6/9.6 MB
Progress (1): 6.6/9.6 MB
Progress (1): 6.7/9.6 MB
Progress (1): 6.7/9.6 MB
Progress (1): 6.7/9.6 MB
Progress (1): 6.7/9.6 MB
Progress (1): 6.7/9.6 MB
Progress (1): 6.7/9.6 MB
Progress (1): 6.8/9.6 MB
Progress (1): 6.8/9.6 MB
Progress (1): 6.8/9.6 MB
Progress (1): 6.8/9.6 MB
Progress (1): 6.8/9.6 MB
Progress (1): 6.8/9.6 MB
Progress (1): 6.8/9.6 MB
Progress (1): 6.9/9.6 MB
Progress (1): 6.9/9.6 MB
Progress (1): 6.9/9.6 MB
Progress (1): 6.9/9.6 MB
Progress (1): 6.9/9.6 MB
Progress (1): 6.9/9.6 MB
Progress (1): 7.0/9.6 MB
Progress (1): 7.0/9.6 MB
Progress (1): 7.0/9.6 MB
Progress (1): 7.0/9.6 MB
Progress (1): 7.0/9.6 MB
Progress (1): 7.0/9.6 MB
Progress (1): 7.1/9.6 MB
Progress (1): 7.1/9.6 MB
Progress (1): 7.1/9.6 MB
Progress (1): 7.1/9.6 MB
Progress (1): 7.1/9.6 MB
Progress (1): 7.1/9.6 MB
Progress (1): 7.2/9.6 MB
Progress (1): 7.2/9.6 MB
Progress (1): 7.2/9.6 MB
Progress (1): 7.2/9.6 MB
Progress (1): 7.2/9.6 MB
Progress (1): 7.2/9.6 MB
Progress (1): 7.3/9.6 MB
Progress (1): 7.3/9.6 MB
Progress (1): 7.3/9.6 MB
Progress (1): 7.3/9.6 MB
Progress (1): 7.3/9.6 MB
Progress (1): 7.3/9.6 MB
Progress (1): 7.4/9.6 MB
Progress (1): 7.4/9.6 MB
Progress (1): 7.4/9.6 MB
Progress (1): 7.4/9.6 MB
Progress (1): 7.4/9.6 MB
Progress (1): 7.4/9.6 MB
Progress (1): 7.5/9.6 MB
Progress (1): 7.5/9.6 MB
Progress (1): 7.5/9.6 MB
Progress (1): 7.5/9.6 MB
Progress (1): 7.5/9.6 MB
Progress (1): 7.5/9.6 MB
Progress (1): 7.6/9.6 MB
Progress (1): 7.6/9.6 MB
Progress (1): 7.6/9.6 MB
Progress (1): 7.6/9.6 MB
Progress (1): 7.6/9.6 MB
Progress (1): 7.6/9.6 MB
Progress (1): 7.7/9.6 MB
Progress (1): 7.7/9.6 MB
Progress (1): 7.7/9.6 MB
Progress (1): 7.7/9.6 MB
Progress (1): 7.7/9.6 MB
Progress (1): 7.7/9.6 MB
Progress (1): 7.7/9.6 MB
Progress (1): 7.8/9.6 MB
Progress (1): 7.8/9.6 MB
Progress (1): 7.8/9.6 MB
Progress (1): 7.8/9.6 MB
Progress (1): 7.8/9.6 MB
Progress (1): 7.8/9.6 MB
Progress (1): 7.9/9.6 MB
Progress (1): 7.9/9.6 MB
Progress (1): 7.9/9.6 MB
Progress (1): 7.9/9.6 MB
Progress (1): 7.9/9.6 MB
Progress (1): 7.9/9.6 MB
Progress (1): 8.0/9.6 MB
Progress (1): 8.0/9.6 MB
Progress (1): 8.0/9.6 MB
Progress (1): 8.0/9.6 MB
Progress (1): 8.0/9.6 MB
Progress (1): 8.0/9.6 MB
Progress (1): 8.1/9.6 MB
Progress (1): 8.1/9.6 MB
Progress (1): 8.1/9.6 MB
Progress (1): 8.1/9.6 MB
Progress (1): 8.1/9.6 MB
Progress (1): 8.1/9.6 MB
Progress (1): 8.2/9.6 MB
Progress (1): 8.2/9.6 MB
Progress (1): 8.2/9.6 MB
Progress (1): 8.2/9.6 MB
Progress (1): 8.2/9.6 MB
Progress (1): 8.2/9.6 MB
Progress (1): 8.3/9.6 MB
Progress (1): 8.3/9.6 MB
Progress (1): 8.3/9.6 MB
Progress (1): 8.3/9.6 MB
Progress (1): 8.3/9.6 MB
Progress (1): 8.3/9.6 MB
Progress (1): 8.4/9.6 MB
Progress (1): 8.4/9.6 MB
Progress (1): 8.4/9.6 MB
Progress (1): 8.4/9.6 MB
Progress (1): 8.4/9.6 MB
Progress (1): 8.4/9.6 MB
Progress (1): 8.4/9.6 MB
Progress (1): 8.5/9.6 MB
Progress (1): 8.5/9.6 MB
Progress (1): 8.5/9.6 MB
Progress (1): 8.5/9.6 MB
Progress (1): 8.5/9.6 MB
Progress (1): 8.5/9.6 MB
Progress (1): 8.5/9.6 MB
Progress (1): 8.6/9.6 MB
Progress (1): 8.6/9.6 MB
Progress (1): 8.6/9.6 MB
Progress (1): 8.6/9.6 MB
Progress (1): 8.6/9.6 MB
Progress (1): 8.6/9.6 MB
Progress (1): 8.7/9.6 MB
Progress (1): 8.7/9.6 MB
Progress (1): 8.7/9.6 MB
Progress (1): 8.7/9.6 MB
Progress (1): 8.7/9.6 MB
Progress (1): 8.7/9.6 MB
Progress (1): 8.8/9.6 MB
Progress (1): 8.8/9.6 MB
Progress (1): 8.8/9.6 MB
Progress (1): 8.8/9.6 MB
Progress (1): 8.8/9.6 MB
Progress (1): 8.8/9.6 MB
Progress (1): 8.9/9.6 MB
Progress (1): 8.9/9.6 MB
Progress (1): 8.9/9.6 MB
Progress (1): 8.9/9.6 MB
Progress (1): 8.9/9.6 MB
Progress (1): 8.9/9.6 MB
Progress (1): 9.0/9.6 MB
Progress (1): 9.0/9.6 MB
Progress (1): 9.0/9.6 MB
Progress (1): 9.0/9.6 MB
Progress (1): 9.0/9.6 MB
Progress (1): 9.0/9.6 MB
Progress (1): 9.1/9.6 MB
Progress (1): 9.1/9.6 MB
Progress (1): 9.1/9.6 MB
Progress (1): 9.1/9.6 MB
Progress (1): 9.1/9.6 MB
Progress (1): 9.1/9.6 MB
Progress (1): 9.1/9.6 MB
Progress (1): 9.2/9.6 MB
Progress (1): 9.2/9.6 MB
Progress (1): 9.2/9.6 MB
Progress (1): 9.2/9.6 MB
Progress (1): 9.2/9.6 MB
Progress (1): 9.2/9.6 MB
Progress (1): 9.3/9.6 MB
Progress (1): 9.3/9.6 MB
Progress (1): 9.3/9.6 MB
Progress (1): 9.3/9.6 MB
Progress (1): 9.3/9.6 MB
Progress (1): 9.3/9.6 MB
Progress (1): 9.4/9.6 MB
Progress (1): 9.4/9.6 MB
Progress (1): 9.4/9.6 MB
Progress (1): 9.4/9.6 MB
Progress (1): 9.4/9.6 MB
Progress (1): 9.4/9.6 MB
Progress (1): 9.5/9.6 MB
Progress (1): 9.5/9.6 MB
Progress (1): 9.5/9.6 MB
Progress (1): 9.5/9.6 MB
Progress (1): 9.5/9.6 MB
Progress (1): 9.5/9.6 MB
Progress (1): 9.6/9.6 MB
Progress (1): 9.6/9.6 MB
Progress (1): 9.6/9.6 MB
Progress (1): 9.6/9.6 MB
Progress (1): 9.6/9.6 MB
Progress (1): 9.6/9.6 MB
Progress (1): 9.6 MB    
                    
Downloaded from central: https://repo1.maven.org/maven2/com/gradle/common-custom-user-data-maven-extension/2.0.1/common-custom-user-data-maven-extension-2.0.1.jar (9.6 MB at 15 MB/s)
[INFO] Scanning for projects...
[WARNING] This build will only read from the build cache, since the clean lifecycle is not part of the build invocation.
[INFO] 
[INFO] ---------------< org.apache.hive.hcatalog:hive-webhcat >----------------
[INFO] Building Hive HCatalog Webhcat 4.3.0-SNAPSHOT
[INFO]   from pom.xml
[INFO] --------------------------------[ jar ]---------------------------------
Downloading from central: https://repo1.maven.org/maven2/org/apache/maven/plugins/maven-javadoc-plugin/3.11.2/maven-javadoc-plugin-3.11.2.pom
Progress (1): 736 B
Progress (1): 1.9 kB
Progress (1): 3.8 kB
Progress (1): 7.5 kB
Progress (1): 10 kB 
Progress (1): 14 kB
Progress (1): 17 kB
Progress (1): 18 kB
Progress (1): 21 kB
                   
Downloaded from central: https://repo1.maven.org/maven2/org/apache/maven/plugins/maven-javadoc-plugin/3.11.2/maven-javadoc-plugin-3.11.2.pom (21 kB at 219 kB/s)
Downloading from central: https://repo1.maven.org/maven2/org/apache/maven/plugins/maven-javadoc-plugin/3.11.2/maven-javadoc-plugin-3.11.2.jar
Progress (1): 0.9/524 kB
Progress (1): 2.3/524 kB
Progress (1): 3.7/524 kB
Progress (1): 5.0/524 kB
Progress (1): 6.4/524 kB
Progress (1): 7.8/524 kB
Progress (1): 9.1/524 kB
Progress (1): 11/524 kB 
Progress (1): 12/524 kB
Progress (1): 13/524 kB
Progress (1): 15/524 kB
Progress (1): 16/524 kB
Progress (1): 17/524 kB
Progress (1): 19/524 kB
Progress (1): 20/524 kB
Progress (1): 21/524 kB
Progress (1): 23/524 kB
Progress (1): 24/524 kB
Progress (1): 26/524 kB
Progress (1): 27/524 kB
Progress (1): 28/524 kB
Progress (1): 30/524 kB
Progress (1): 31/524 kB
Progress (1): 32/524 kB
Progress (1): 34/524 kB
Progress (1): 35/524 kB
Progress (1): 37/524 kB
Progress (1): 38/524 kB
Progress (1): 39/524 kB
Progress (1): 41/524 kB
Progress (1): 42/524 kB
Progress (1): 43/524 kB
Progress (1): 45/524 kB
Progress (1): 46/524 kB
Progress (1): 47/524 kB
Progress (1): 49/524 kB
Progress (1): 53/524 kB
Progress (1): 57/524 kB
Progress (1): 62/524 kB
Progress (1): 66/524 kB
Progress (1): 70/524 kB
Progress (1): 74/524 kB
Progress (1): 78/524 kB
Progress (1): 83/524 kB
Progress (1): 87/524 kB
Progress (1): 91/524 kB
Progress (1): 95/524 kB
Progress (1): 100/524 kB
Progress (1): 104/524 kB
Progress (1): 108/524 kB
Progress (1): 112/524 kB
Progress (1): 116/524 kB
Progress (1): 121/524 kB
Progress (1): 125/524 kB
Progress (1): 129/524 kB
Progress (1): 131/524 kB
Progress (1): 135/524 kB
Progress (1): 139/524 kB
Progress (1): 143/524 kB
Progress (1): 148/524 kB
Progress (1): 152/524 kB
Progress (1): 156/524 kB
Progress (1): 160/524 kB
Progress (1): 164/524 kB
Progress (1): 169/524 kB
Progress (1): 173/524 kB
Progress (1): 177/524 kB
Progress (1): 181/524 kB
Progress (1): 186/524 kB
Progress (1): 190/524 kB
Progress (1): 194/524 kB
Progress (1): 198/524 kB
Progress (1): 202/524 kB
Progress (1): 207/524 kB
Progress (1): 211/524 kB
Progress (1): 215/524 kB
Progress (1): 232/524 kB
Progress (1): 248/524 kB
Progress (1): 262/524 kB
Progress (1): 278/524 kB
Progress (1): 294/524 kB
Progress (1): 311/524 kB
Progress (1): 327/524 kB
Progress (1): 344/524 kB
Progress (1): 360/524 kB
Progress (1): 376/524 kB
Progress (1): 393/524 kB
Progress (1): 409/524 kB
Progress (1): 425/524 kB
Progress (1): 442/524 kB
Progress (1): 458/524 kB
Progress (1): 475/524 kB
Progress (1): 491/524 kB
Progress (1): 507/524 kB
Progress (1): 524 kB    
                    
Downloaded from central: https://repo1.maven.org/maven2/org/apache/maven/plugins/maven-javadoc-plugin/3.11.2/maven-javadoc-plugin-3.11.2.jar (524 kB at 5.6 MB/s)
Downloading from central: https://repo1.maven.org/maven2/org/apache/rat/apache-rat-plugin/0.16.1/apache-rat-plugin-0.16.1.pom
Progress (1): 760 B
Progress (1): 2.2 kB
Progress (1): 4.4 kB
Progress (1): 7.4 kB
Progress (1): 13 kB 
Progress (1): 13 kB
                   
Downloaded from central: https://repo1.maven.org/maven2/org/apache/rat/apache-rat-plugin/0.16.1/apache-rat-plugin-0.16.1.pom (13 kB at 91 kB/s)
Downloading from central: https://repo1.maven.org/maven2/org/apache/rat/apache-rat-project/0.16.1/apache-rat-project-0.16.1.pom
Progress (1): 730 B
Progress (1): 1.8 kB
Progress (1): 3.3 kB
Progress (1): 7.4 kB
Progress (1): 9.0 kB
Progress (1): 12 kB 
Progress (1): 16 kB
Progress (1): 19 kB
Progress (1): 22 kB
Progress (1): 24 kB
Progress (1): 27 kB
Progress (1): 29 kB
                   
Downloaded from central: https://repo1.maven.org/maven2/org/apache/rat/apache-rat-project/0.16.1/apache-rat-project-0.16.1.pom (29 kB at 378 kB/s)
Downloading from central: https://repo1.maven.org/maven2/org/apache/rat/apache-rat-plugin/0.16.1/apache-rat-plugin-0.16.1.jar
Progress (1): 7.8/79 kB
Progress (1): 16/79 kB 
Progress (1): 32/79 kB
Progress (1): 49/79 kB
Progress (1): 65/79 kB
Progress (1): 79 kB   
                   
Downloaded from central: https://repo1.maven.org/maven2/org/apache/rat/apache-rat-plugin/0.16.1/apache-rat-plugin-0.16.1.jar (79 kB at 1.0 MB/s)
Downloading from central: https://repo1.maven.org/maven2/org/apache/hive/hcatalog/hive-hcatalog-core/4.3.0-SNAPSHOT/maven-metadata.xml
Downloading from central: https://repo1.maven.org/maven2/org/apache/hive/hcatalog/hive-hcatalog-core/4.3.0-SNAPSHOT/hive-hcatalog-core-4.3.0-SNAPSHOT.pom
[WARNING] The POM for org.apache.hive.hcatalog:hive-hcatalog-core:jar:4.3.0-SNAPSHOT is missing, no dependency information available
Downloading from central: https://repo1.maven.org/maven2/org/eclipse/jetty/jetty-rewrite/9.4.57.v20241219/jetty-rewrite-9.4.57.v20241219.pom
Progress (1): 1.4 kB
                    
Downloaded from central: https://repo1.maven.org/maven2/org/eclipse/jetty/jetty-rewrite/9.4.57.v20241219/jetty-rewrite-9.4.57.v20241219.pom (1.4 kB at 32 kB/s)
Downloading from central: https://repo1.maven.org/maven2/org/eclipse/jetty/jetty-project/9.4.57.v20241219/jetty-project-9.4.57.v20241219.pom
Progress (1): 946 B
Progress (1): 2.7 kB
Progress (1): 4.7 kB
Progress (1): 7.1 kB
Progress (1): 9.0 kB
Progress (1): 11 kB 
Progress (1): 14 kB
Progress (1): 17 kB
Progress (1): 20 kB
Progress (1): 25 kB
Progress (1): 28 kB
Progress (1): 32 kB
Progress (1): 35 kB
Progress (1): 40 kB
Progress (1): 45 kB
Progress (1): 46 kB
Progress (1): 51 kB
Progress (1): 55 kB
Progress (1): 60 kB
Progress (1): 63 kB
Progress (1): 67 kB
Progress (1): 70 kB
Progress (1): 74 kB
                   
Downloaded from central: https://repo1.maven.org/maven2/org/eclipse/jetty/jetty-project/9.4.57.v20241219/jetty-project-9.4.57.v20241219.pom (74 kB at 1.3 MB/s)
Downloading from central: https://repo1.maven.org/maven2/org/eclipse/jetty/jetty-server/9.4.57.v20241219/jetty-server-9.4.57.v20241219.pom
Progress (1): 1.4 kB
Progress (1): 3.6 kB
                    
Downloaded from central: https://repo1.maven.org/maven2/org/eclipse/jetty/jetty-server/9.4.57.v20241219/jetty-server-9.4.57.v20241219.pom (3.6 kB at 74 kB/s)
Downloading from central: https://repo1.maven.org/maven2/org/eclipse/jetty/jetty-http/9.4.57.v20241219/jetty-http-9.4.57.v20241219.pom
Progress (1): 1.5 kB
Progress (1): 4.0 kB
Progress (1): 4.0 kB
                    
Downloaded from central: https://repo1.maven.org/maven2/org/eclipse/jetty/jetty-http/9.4.57.v20241219/jetty-http-9.4.57.v20241219.pom (4.0 kB at 52 kB/s)
Downloading from central: https://repo1.maven.org/maven2/org/eclipse/jetty/jetty-util/9.4.57.v20241219/jetty-util-9.4.57.v20241219.pom
Progress (1): 1.2 kB
Progress (1): 3.1 kB
Progress (1): 4.0 kB
                    
Downloaded from central: https://repo1.maven.org/maven2/org/eclipse/jetty/jetty-util/9.4.57.v20241219/jetty-util-9.4.57.v20241219.pom (4.0 kB at 54 kB/s)
Downloading from central: https://repo1.maven.org/maven2/org/eclipse/jetty/jetty-io/9.4.57.v20241219/jetty-io-9.4.57.v20241219.pom
Progress (1): 1.2 kB
                    
Downloaded from central: https://repo1.maven.org/maven2/org/eclipse/jetty/jetty-io/9.4.57.v20241219/jetty-io-9.4.57.v20241219.pom (1.2 kB at 28 kB/s)
Downloading from central: https://repo1.maven.org/maven2/org/eclipse/jetty/jetty-servlet/9.4.57.v20241219/jetty-servlet-9.4.57.v20241219.pom
Progress (1): 1.3 kB
Progress (1): 2.3 kB
                    
Downloaded from central: https://repo1.maven.org/maven2/org/eclipse/jetty/jetty-servlet/9.4.57.v20241219/jetty-servlet-9.4.57.v20241219.pom (2.3 kB at 44 kB/s)
Downloading from central: https://repo1.maven.org/maven2/org/eclipse/jetty/jetty-security/9.4.57.v20241219/jetty-security-9.4.57.v20241219.pom
Progress (1): 1.2 kB
Progress (1): 2.1 kB
                    
Downloaded from central: https://repo1.maven.org/maven2/org/eclipse/jetty/jetty-security/9.4.57.v20241219/jetty-security-9.4.57.v20241219.pom (2.1 kB at 41 kB/s)
Downloading from central: https://repo1.maven.org/maven2/org/eclipse/jetty/jetty-util-ajax/9.4.57.v20241219/jetty-util-ajax-9.4.57.v20241219.pom
Progress (1): 1.3 kB
                    
Downloaded from central: https://repo1.maven.org/maven2/org/eclipse/jetty/jetty-util-ajax/9.4.57.v20241219/jetty-util-ajax-9.4.57.v20241219.pom (1.3 kB at 20 kB/s)
Downloading from central: https://repo1.maven.org/maven2/com/sun/jersey/jersey-core/1.19.4/jersey-core-1.19.4.pom
Progress (1): 723 B
Progress (1): 2.0 kB
Progress (1): 4.3 kB
Progress (1): 7.9 kB
Progress (1): 9.7 kB
                    
Downloaded from central: https://repo1.maven.org/maven2/com/sun/jersey/jersey-core/1.19.4/jersey-core-1.19.4.pom (9.7 kB at 183 kB/s)
Downloading from central: https://repo1.maven.org/maven2/com/sun/jersey/jersey-project/1.19.4/jersey-project-1.19.4.pom
Progress (1): 685 B
Progress (1): 2.0 kB
Progress (1): 3.3 kB
Progress (1): 6.8 kB
Progress (1): 12 kB 
Progress (1): 16 kB
Progress (1): 21 kB
Progress (1): 25 kB
Progress (1): 28 kB
                   
Downloaded from central: https://repo1.maven.org/maven2/com/sun/jersey/jersey-project/1.19.4/jersey-project-1.19.4.pom (28 kB at 519 kB/s)
Downloading from central: https://repo1.maven.org/maven2/net/java/jvnet-parent/4/jvnet-parent-4.pom
Progress (1): 834 B
Progress (1): 2.4 kB
Progress (1): 6.2 kB
Progress (1): 7.8 kB
                    
Downloaded from central: https://repo1.maven.org/maven2/net/java/jvnet-parent/4/jvnet-parent-4.pom (7.8 kB at 129 kB/s)
Downloading from central: https://repo1.maven.org/maven2/com/sun/jersey/jersey-json/1.19.4/jersey-json-1.19.4.pom
Progress (1): 719 B
Progress (1): 2.0 kB
Progress (1): 4.3 kB
Progress (1): 8.0 kB
Progress (1): 10 kB 
                   
Downloaded from central: https://repo1.maven.org/maven2/com/sun/jersey/jersey-json/1.19.4/jersey-json-1.19.4.pom (10 kB at 151 kB/s)
Downloading from central: https://repo1.maven.org/maven2/org/codehaus/jettison/jettison/1.5.4/jettison-1.5.4.pom
Progress (1): 1.1 kB
Progress (1): 3.4 kB
Progress (1): 5.9 kB
Progress (1): 7.8 kB
                    
Downloaded from central: https://repo1.maven.org/maven2/org/codehaus/jettison/jettison/1.5.4/jettison-1.5.4.pom (7.8 kB at 102 kB/s)
Downloading from central: https://repo1.maven.org/maven2/com/sun/xml/bind/jaxb-impl/2.2.3-1/jaxb-impl-2.2.3-1.pom
Progress (1): 745 B
Progress (1): 2.1 kB
Progress (1): 3.8 kB
Progress (1): 5.3 kB
                    
Downloaded from central: https://repo1.maven.org/maven2/com/sun/xml/bind/jaxb-impl/2.2.3-1/jaxb-impl-2.2.3-1.pom (5.3 kB at 94 kB/s)
Downloading from central: https://repo1.maven.org/maven2/javax/xml/bind/jaxb-api/2.2.2/jaxb-api-2.2.2.pom
Progress (1): 757 B
Progress (1): 2.1 kB
Progress (1): 3.9 kB
Progress (1): 5.6 kB
                    
Downloaded from central: https://repo1.maven.org/maven2/javax/xml/bind/jaxb-api/2.2.2/jaxb-api-2.2.2.pom (5.6 kB at 101 kB/s)
Downloading from central: https://repo1.maven.org/maven2/javax/xml/stream/stax-api/1.0-2/stax-api-1.0-2.pom
Progress (1): 962 B
                   
Downloaded from central: https://repo1.maven.org/maven2/javax/xml/stream/stax-api/1.0-2/stax-api-1.0-2.pom (962 B at 22 kB/s)
Downloading from central: https://repo1.maven.org/maven2/org/codehaus/jackson/jackson-core-asl/1.9.2/jackson-core-asl-1.9.2.pom
Progress (1): 1.0 kB
                    
Downloaded from central: https://repo1.maven.org/maven2/org/codehaus/jackson/jackson-core-asl/1.9.2/jackson-core-asl-1.9.2.pom (1.0 kB at 22 kB/s)
Downloading from central: https://repo1.maven.org/maven2/org/codehaus/jackson/jackson-mapper-asl/1.9.2/jackson-mapper-asl-1.9.2.pom
Progress (1): 1.1 kB
Progress (1): 1.2 kB
                    
Downloaded from central: https://repo1.maven.org/maven2/org/codehaus/jackson/jackson-mapper-asl/1.9.2/jackson-mapper-asl-1.9.2.pom (1.2 kB at 24 kB/s)
Downloading from central: https://repo1.maven.org/maven2/org/codehaus/jackson/jackson-jaxrs/1.9.2/jackson-jaxrs-1.9.2.pom
Progress (1): 1.2 kB
Progress (1): 1.6 kB
                    
Downloaded from central: https://repo1.maven.org/maven2/org/codehaus/jackson/jackson-jaxrs/1.9.2/jackson-jaxrs-1.9.2.pom (1.6 kB at 32 kB/s)
Downloading from central: https://repo1.maven.org/maven2/org/codehaus/jackson/jackson-xc/1.9.2/jackson-xc-1.9.2.pom
Progress (1): 1.2 kB
Progress (1): 1.6 kB
                    
Downloaded from central: https://repo1.maven.org/maven2/org/codehaus/jackson/jackson-xc/1.9.2/jackson-xc-1.9.2.pom (1.6 kB at 33 kB/s)
[INFO] Artifact javax.ws.rs:jsr311-api:pom:1.1.1 is present in the local repository, but cached from a remote repository ID that is unavailable in current build context, verifying that is downloadable from [central (https://repo1.maven.org/maven2, default, releases+snapshots), shibboleth (https://build.shibboleth.net/nexus/content/groups/public, default, releases), maven-default-http-blocker (http://0.0.0.0/, default, releases+snapshots, blocked)]
[INFO] Artifact javax.ws.rs:jsr311-api:pom:1.1.1 is present in the local repository, but cached from a remote repository ID that is unavailable in current build context, verifying that is downloadable from [central (https://repo1.maven.org/maven2, default, releases+snapshots), shibboleth (https://build.shibboleth.net/nexus/content/groups/public, default, releases), maven-default-http-blocker (http://0.0.0.0/, default, releases+snapshots, blocked)]
Downloading from central: https://repo1.maven.org/maven2/javax/ws/rs/jsr311-api/1.1.1/jsr311-api-1.1.1.pom
Downloaded from central: https://repo1.maven.org/maven2/javax/ws/rs/jsr311-api/1.1.1/jsr311-api-1.1.1.pom (0 B at 0 B/s)
Downloading from central: https://repo1.maven.org/maven2/com/sun/jersey/jersey-servlet/1.19.4/jersey-servlet-1.19.4.pom
Progress (1): 722 B
Progress (1): 2.0 kB
Progress (1): 4.8 kB
Progress (1): 7.9 kB
Progress (1): 9.6 kB
                    
Downloaded from central: https://repo1.maven.org/maven2/com/sun/jersey/jersey-servlet/1.19.4/jersey-servlet-1.19.4.pom (9.6 kB at 157 kB/s)
Downloading from central: https://repo1.maven.org/maven2/org/glassfish/jersey/ext/jersey-wadl-doclet/4.0.0-M2/jersey-wadl-doclet-4.0.0-M2.pom
Progress (1): 873 B
Progress (1): 2.8 kB
                    
Downloaded from central: https://repo1.maven.org/maven2/org/glassfish/jersey/ext/jersey-wadl-doclet/4.0.0-M2/jersey-wadl-doclet-4.0.0-M2.pom (2.8 kB at 34 kB/s)
Downloading from central: https://repo1.maven.org/maven2/org/glassfish/jersey/ext/project/4.0.0-M2/project-4.0.0-M2.pom
Progress (1): 874 B
Progress (1): 2.7 kB
Progress (1): 2.9 kB
                    
Downloaded from central: https://repo1.maven.org/maven2/org/glassfish/jersey/ext/project/4.0.0-M2/project-4.0.0-M2.pom (2.9 kB at 38 kB/s)
Downloading from central: https://repo1.maven.org/maven2/org/glassfish/jersey/project/4.0.0-M2/project-4.0.0-M2.pom
Progress (1): 788 B
Progress (1): 2.1 kB
Progress (1): 5.7 kB
Progress (1): 8.3 kB
Progress (1): 11 kB 
Progress (1): 15 kB
Progress (1): 20 kB
Progress (1): 23 kB
Progress (1): 29 kB
Progress (1): 33 kB
Progress (1): 38 kB
Progress (1): 42 kB
Progress (1): 46 kB
Progress (1): 50 kB
Progress (1): 53 kB
Progress (1): 56 kB
Progress (1): 60 kB
Progress (1): 64 kB
Progress (1): 68 kB
Progress (1): 73 kB
Progress (1): 81 kB
Progress (1): 87 kB
Progress (1): 92 kB
Progress (1): 94 kB
Progress (1): 97 kB
Progress (1): 99 kB
Progress (1): 101 kB
Progress (1): 103 kB
Progress (1): 105 kB
                    
Downloaded from central: https://repo1.maven.org/maven2/org/glassfish/jersey/project/4.0.0-M2/project-4.0.0-M2.pom (105 kB at 833 kB/s)
Downloading from central: https://repo1.maven.org/maven2/jakarta/xml/bind/jakarta.xml.bind-api/4.0.2/jakarta.xml.bind-api-4.0.2.pom
Progress (1): 845 B
Progress (1): 3.2 kB
Progress (1): 6.0 kB
Progress (1): 9.8 kB
Progress (1): 13 kB 
Progress (1): 13 kB
                   
Downloaded from central: https://repo1.maven.org/maven2/jakarta/xml/bind/jakarta.xml.bind-api/4.0.2/jakarta.xml.bind-api-4.0.2.pom (13 kB at 231 kB/s)
Downloading from central: https://repo1.maven.org/maven2/jakarta/xml/bind/jakarta.xml.bind-api-parent/4.0.2/jakarta.xml.bind-api-parent-4.0.2.pom
Progress (1): 897 B
Progress (1): 2.8 kB
Progress (1): 6.5 kB
Progress (1): 9.1 kB
                    
Downloaded from central: https://repo1.maven.org/maven2/jakarta/xml/bind/jakarta.xml.bind-api-parent/4.0.2/jakarta.xml.bind-api-parent-4.0.2.pom (9.1 kB at 152 kB/s)
Downloading from central: https://repo1.maven.org/maven2/jakarta/activation/jakarta.activation-api/2.1.3/jakarta.activation-api-2.1.3.pom
Progress (1): 857 B
Progress (1): 2.6 kB
Progress (1): 5.3 kB
Progress (1): 9.4 kB
Progress (1): 12 kB 
Progress (1): 17 kB
Progress (1): 19 kB
                   
Downloaded from central: https://repo1.maven.org/maven2/jakarta/activation/jakarta.activation-api/2.1.3/jakarta.activation-api-2.1.3.pom (19 kB at 325 kB/s)
Downloading from central: https://repo1.maven.org/maven2/org/glassfish/jersey/media/jersey-media-jaxb/4.0.0-M2/jersey-media-jaxb-4.0.0-M2.pom
Progress (1): 849 B
Progress (1): 2.6 kB
Progress (1): 5.8 kB
Progress (1): 5.8 kB
                    
Downloaded from central: https://repo1.maven.org/maven2/org/glassfish/jersey/media/jersey-media-jaxb/4.0.0-M2/jersey-media-jaxb-4.0.0-M2.pom (5.8 kB at 67 kB/s)
Downloading from central: https://repo1.maven.org/maven2/org/glassfish/jersey/media/project/4.0.0-M2/project-4.0.0-M2.pom
Progress (1): 940 B
Progress (1): 2.0 kB
                    
Downloaded from central: https://repo1.maven.org/maven2/org/glassfish/jersey/media/project/4.0.0-M2/project-4.0.0-M2.pom (2.0 kB at 16 kB/s)
Downloading from central: https://repo1.maven.org/maven2/org/glassfish/jersey/core/jersey-common/4.0.0-M2/jersey-common-4.0.0-M2.pom
Progress (1): 834 B
Progress (1): 2.7 kB
Progress (1): 5.2 kB
Progress (1): 8.5 kB
Progress (1): 12 kB 
Progress (1): 17 kB
Progress (1): 21 kB
                   
Downloaded from central: https://repo1.maven.org/maven2/org/glassfish/jersey/core/jersey-common/4.0.0-M2/jersey-common-4.0.0-M2.pom (21 kB at 203 kB/s)
Downloading from central: https://repo1.maven.org/maven2/jakarta/ws/rs/jakarta.ws.rs-api/4.0.0/jakarta.ws.rs-api-4.0.0.pom
Progress (1): 869 B
Progress (1): 3.4 kB
Progress (1): 3.8 kB
                    
Downloaded from central: https://repo1.maven.org/maven2/jakarta/ws/rs/jakarta.ws.rs-api/4.0.0/jakarta.ws.rs-api-4.0.0.pom (3.8 kB at 67 kB/s)
Downloading from central: https://repo1.maven.org/maven2/jakarta/ws/rs/all/4.0.0/all-4.0.0.pom
Progress (1): 802 B
Progress (1): 2.8 kB
Progress (1): 4.8 kB
Progress (1): 8.7 kB
Progress (1): 12 kB 
Progress (1): 16 kB
Progress (1): 19 kB
                   
Downloaded from central: https://repo1.maven.org/maven2/jakarta/ws/rs/all/4.0.0/all-4.0.0.pom (19 kB at 254 kB/s)
Downloading from central: https://repo1.maven.org/maven2/jakarta/annotation/jakarta.annotation-api/3.0.0/jakarta.annotation-api-3.0.0.pom
Progress (1): 834 B
Progress (1): 2.8 kB
Progress (1): 5.2 kB
Progress (1): 9.1 kB
Progress (1): 13 kB 
Progress (1): 15 kB
                   
Downloaded from central: https://repo1.maven.org/maven2/jakarta/annotation/jakarta.annotation-api/3.0.0/jakarta.annotation-api-3.0.0.pom (15 kB at 248 kB/s)
Downloading from central: https://repo1.maven.org/maven2/jakarta/inject/jakarta.inject-api/2.0.1/jakarta.inject-api-2.0.1.pom
Progress (1): 1.2 kB
Progress (1): 3.4 kB
Progress (1): 5.4 kB
Progress (1): 5.9 kB
                    
Downloaded from central: https://repo1.maven.org/maven2/jakarta/inject/jakarta.inject-api/2.0.1/jakarta.inject-api-2.0.1.pom (5.9 kB at 106 kB/s)
Downloading from central: https://repo1.maven.org/maven2/org/glassfish/hk2/osgi-resource-locator/1.0.3/osgi-resource-locator-1.0.3.pom
Progress (1): 862 B
Progress (1): 2.7 kB
Progress (1): 7.0 kB
Progress (1): 7.4 kB
                    
Downloaded from central: https://repo1.maven.org/maven2/org/glassfish/hk2/osgi-resource-locator/1.0.3/osgi-resource-locator-1.0.3.pom (7.4 kB at 131 kB/s)
Downloading from central: https://repo1.maven.org/maven2/org/eclipse/ee4j/project/1.0.5/project-1.0.5.pom
Progress (1): 840 B
Progress (1): 2.5 kB
Progress (1): 5.0 kB
Progress (1): 7.5 kB
Progress (1): 13 kB 
                   
Downloaded from central: https://repo1.maven.org/maven2/org/eclipse/ee4j/project/1.0.5/project-1.0.5.pom (13 kB at 191 kB/s)
Downloading from central: https://repo1.maven.org/maven2/xerces/xercesImpl/2.12.2/xercesImpl-2.12.2.pom
Progress (1): 1.0 kB
Progress (1): 2.4 kB
Progress (1): 3.3 kB
                    
Downloaded from central: https://repo1.maven.org/maven2/xerces/xercesImpl/2.12.2/xercesImpl-2.12.2.pom (3.3 kB at 43 kB/s)
Downloading from central: https://repo1.maven.org/maven2/org/glassfish/jersey/core/jersey-server/4.0.0-M2/jersey-server-4.0.0-M2.pom
Progress (1): 839 B
Progress (1): 2.8 kB
Progress (1): 5.3 kB
Progress (1): 8.9 kB
Progress (1): 13 kB 
Progress (1): 13 kB
                   
Downloaded from central: https://repo1.maven.org/maven2/org/glassfish/jersey/core/jersey-server/4.0.0-M2/jersey-server-4.0.0-M2.pom (13 kB at 157 kB/s)
Downloading from central: https://repo1.maven.org/maven2/org/glassfish/jersey/core/jersey-client/4.0.0-M2/jersey-client-4.0.0-M2.pom
Progress (1): 851 B
Progress (1): 2.8 kB
Progress (1): 6.1 kB
Progress (1): 6.8 kB
                    
Downloaded from central: https://repo1.maven.org/maven2/org/glassfish/jersey/core/jersey-client/4.0.0-M2/jersey-client-4.0.0-M2.pom (6.8 kB at 75 kB/s)
Downloading from central: https://repo1.maven.org/maven2/jakarta/validation/jakarta.validation-api/3.1.0/jakarta.validation-api-3.1.0.pom
Progress (1): 1.0 kB
Progress (1): 3.6 kB
Progress (1): 6.1 kB
Progress (1): 9.4 kB
Progress (1): 11 kB 
                   
Downloaded from central: https://repo1.maven.org/maven2/jakarta/validation/jakarta.validation-api/3.1.0/jakarta.validation-api-3.1.0.pom (11 kB at 117 kB/s)
Downloading from central: https://repo1.maven.org/maven2/org/glassfish/jaxb/jaxb-runtime/4.0.0-M2/jaxb-runtime-4.0.0-M2.pom
Progress (1): 866 B
Progress (1): 3.3 kB
Progress (1): 4.7 kB
                    
Downloaded from central: https://repo1.maven.org/maven2/org/glassfish/jaxb/jaxb-runtime/4.0.0-M2/jaxb-runtime-4.0.0-M2.pom (4.7 kB at 69 kB/s)
Downloading from central: https://repo1.maven.org/maven2/com/sun/xml/bind/mvn/jaxb-runtime-parent/4.0.0-M2/jaxb-runtime-parent-4.0.0-M2.pom
Progress (1): 935 B
Progress (1): 1.2 kB
                    
Downloaded from central: https://repo1.maven.org/maven2/com/sun/xml/bind/mvn/jaxb-runtime-parent/4.0.0-M2/jaxb-runtime-parent-4.0.0-M2.pom (1.2 kB at 14 kB/s)
Downloading from central: https://repo1.maven.org/maven2/com/sun/xml/bind/mvn/jaxb-parent/4.0.0-M2/jaxb-parent-4.0.0-M2.pom
Progress (1): 807 B
Progress (1): 2.7 kB
Progress (1): 4.5 kB
Progress (1): 8.6 kB
Progress (1): 14 kB 
Progress (1): 16 kB
Progress (1): 21 kB
Progress (1): 26 kB
Progress (1): 29 kB
                   
Downloaded from central: https://repo1.maven.org/maven2/com/sun/xml/bind/mvn/jaxb-parent/4.0.0-M2/jaxb-parent-4.0.0-M2.pom (29 kB at 372 kB/s)
Downloading from central: https://repo1.maven.org/maven2/com/sun/xml/bind/jaxb-bom-ext/4.0.0-M2/jaxb-bom-ext-4.0.0-M2.pom
Progress (1): 866 B
Progress (1): 3.5 kB
                    
Downloaded from central: https://repo1.maven.org/maven2/com/sun/xml/bind/jaxb-bom-ext/4.0.0-M2/jaxb-bom-ext-4.0.0-M2.pom (3.5 kB at 42 kB/s)
Downloading from central: https://repo1.maven.org/maven2/org/glassfish/jaxb/jaxb-bom/4.0.0-M2/jaxb-bom-4.0.0-M2.pom
Progress (1): 861 B
Progress (1): 6.0 kB
Progress (1): 11 kB 
                   
Downloaded from central: https://repo1.maven.org/maven2/org/glassfish/jaxb/jaxb-bom/4.0.0-M2/jaxb-bom-4.0.0-M2.pom (11 kB at 66 kB/s)
Downloading from central: https://repo1.maven.org/maven2/org/glassfish/jaxb/jaxb-core/4.0.0-M2/jaxb-core-4.0.0-M2.pom
Progress (1): 884 B
Progress (1): 3.2 kB
Progress (1): 3.6 kB
                    
Downloaded from central: https://repo1.maven.org/maven2/org/glassfish/jaxb/jaxb-core/4.0.0-M2/jaxb-core-4.0.0-M2.pom (3.6 kB at 41 kB/s)
Downloading from central: https://repo1.maven.org/maven2/jakarta/xml/bind/jakarta.xml.bind-api/4.0.0-RC3/jakarta.xml.bind-api-4.0.0-RC3.pom
Progress (1): 848 B
Progress (1): 3.3 kB
Progress (1): 6.1 kB
Progress (1): 9.9 kB
Progress (1): 11 kB 
                   
Downloaded from central: https://repo1.maven.org/maven2/jakarta/xml/bind/jakarta.xml.bind-api/4.0.0-RC3/jakarta.xml.bind-api-4.0.0-RC3.pom (11 kB at 93 kB/s)
Downloading from central: https://repo1.maven.org/maven2/jakarta/xml/bind/jakarta.xml.bind-api-parent/4.0.0-RC3/jakarta.xml.bind-api-parent-4.0.0-RC3.pom
Progress (1): 893 B
Progress (1): 2.8 kB
Progress (1): 6.1 kB
Progress (1): 9.4 kB
Progress (1): 9.5 kB
                    
Downloaded from central: https://repo1.maven.org/maven2/jakarta/xml/bind/jakarta.xml.bind-api-parent/4.0.0-RC3/jakarta.xml.bind-api-parent-4.0.0-RC3.pom (9.5 kB at 139 kB/s)
Downloading from central: https://repo1.maven.org/maven2/jakarta/activation/jakarta.activation-api/2.1.0/jakarta.activation-api-2.1.0.pom
Progress (1): 837 B
Progress (1): 2.7 kB
Progress (1): 5.6 kB
Progress (1): 9.6 kB
Progress (1): 13 kB 
Progress (1): 17 kB
Progress (1): 18 kB
                   
Downloaded from central: https://repo1.maven.org/maven2/jakarta/activation/jakarta.activation-api/2.1.0/jakarta.activation-api-2.1.0.pom (18 kB at 320 kB/s)
Downloading from central: https://repo1.maven.org/maven2/org/eclipse/angus/angus-activation/1.0.0/angus-activation-1.0.0.pom
Progress (1): 959 B
Progress (1): 2.2 kB
                    
Downloaded from central: https://repo1.maven.org/maven2/org/eclipse/angus/angus-activation/1.0.0/angus-activation-1.0.0.pom (2.2 kB at 40 kB/s)
Downloading from central: https://repo1.maven.org/maven2/org/eclipse/angus/angus-activation-project/1.0.0/angus-activation-project-1.0.0.pom
Progress (1): 884 B
Progress (1): 2.8 kB
Progress (1): 6.3 kB
Progress (1): 10 kB 
Progress (1): 14 kB
Progress (1): 16 kB
Progress (1): 18 kB
                   
Downloaded from central: https://repo1.maven.org/maven2/org/eclipse/angus/angus-activation-project/1.0.0/angus-activation-project-1.0.0.pom (18 kB at 288 kB/s)
Downloading from central: https://repo1.maven.org/maven2/org/glassfish/jaxb/txw2/4.0.0-M2/txw2-4.0.0-M2.pom
Progress (1): 932 B
Progress (1): 1.8 kB
                    
Downloaded from central: https://repo1.maven.org/maven2/org/glassfish/jaxb/txw2/4.0.0-M2/txw2-4.0.0-M2.pom (1.8 kB at 21 kB/s)
Downloading from central: https://repo1.maven.org/maven2/com/sun/xml/bind/mvn/jaxb-txw-parent/4.0.0-M2/jaxb-txw-parent-4.0.0-M2.pom
Progress (1): 931 B
Progress (1): 1.2 kB
                    
Downloaded from central: https://repo1.maven.org/maven2/com/sun/xml/bind/mvn/jaxb-txw-parent/4.0.0-M2/jaxb-txw-parent-4.0.0-M2.pom (1.2 kB at 9.3 kB/s)
Downloading from central: https://repo1.maven.org/maven2/com/sun/istack/istack-commons-runtime/4.1.0-M1/istack-commons-runtime-4.1.0-M1.pom
Progress (1): 882 B
Progress (1): 3.8 kB
Progress (1): 4.8 kB
                    
Downloaded from central: https://repo1.maven.org/maven2/com/sun/istack/istack-commons-runtime/4.1.0-M1/istack-commons-runtime-4.1.0-M1.pom (4.8 kB at 53 kB/s)
Downloading from central: https://repo1.maven.org/maven2/com/sun/istack/istack-commons/4.1.0-M1/istack-commons-4.1.0-M1.pom
Progress (1): 810 B
Progress (1): 2.7 kB
Progress (1): 5.0 kB
Progress (1): 12 kB 
Progress (1): 16 kB
Progress (1): 21 kB
Progress (1): 24 kB
                   
Downloaded from central: https://repo1.maven.org/maven2/com/sun/istack/istack-commons/4.1.0-M1/istack-commons-4.1.0-M1.pom (24 kB at 89 kB/s)
Downloading from central: https://repo1.maven.org/maven2/org/apache/commons/commons-exec/1.1/commons-exec-1.1.pom
Progress (1): 773 B
Progress (1): 2.3 kB
Progress (1): 5.4 kB
Progress (1): 7.9 kB
Progress (1): 11 kB 
Progress (1): 11 kB
                   
Downloaded from central: https://repo1.maven.org/maven2/org/apache/commons/commons-exec/1.1/commons-exec-1.1.pom (11 kB at 160 kB/s)
Downloading from central: https://repo1.maven.org/maven2/org/apache/curator/curator-framework/5.7.1/curator-framework-5.7.1.pom
Progress (1): 831 B
Progress (1): 3.0 kB
Progress (1): 3.9 kB
                    
Downloaded from central: https://repo1.maven.org/maven2/org/apache/curator/curator-framework/5.7.1/curator-framework-5.7.1.pom (3.9 kB at 49 kB/s)
Downloading from central: https://repo1.maven.org/maven2/org/apache/curator/apache-curator/5.7.1/apache-curator-5.7.1.pom
Progress (1): 736 B
Progress (1): 2.2 kB
Progress (1): 4.0 kB
Progress (1): 5.9 kB
Progress (1): 9.4 kB
Progress (1): 14 kB 
Progress (1): 22 kB
Progress (1): 27 kB
Progress (1): 31 kB
Progress (1): 36 kB
Progress (1): 40 kB
Progress (1): 40 kB
                   
Downloaded from central: https://repo1.maven.org/maven2/org/apache/curator/apache-curator/5.7.1/apache-curator-5.7.1.pom (40 kB at 770 kB/s)
Downloading from central: https://repo1.maven.org/maven2/org/apache/curator/curator-client/5.7.1/curator-client-5.7.1.pom
Progress (1): 824 B
Progress (1): 3.1 kB
Progress (1): 5.0 kB
                    
Downloaded from central: https://repo1.maven.org/maven2/org/apache/curator/curator-client/5.7.1/curator-client-5.7.1.pom (5.0 kB at 72 kB/s)
Downloading from central: https://repo1.maven.org/maven2/org/apache/zookeeper/zookeeper/3.8.4/zookeeper-3.8.4.pom
Progress (1): 889 B
Progress (1): 3.0 kB
Progress (1): 6.6 kB
Progress (1): 9.4 kB
Progress (1): 12 kB 
                   
Downloaded from central: https://repo1.maven.org/maven2/org/apache/zookeeper/zookeeper/3.8.4/zookeeper-3.8.4.pom (12 kB at 196 kB/s)
Downloading from central: https://repo1.maven.org/maven2/org/apache/zookeeper/parent/3.8.4/parent-3.8.4.pom
Progress (1): 791 B
Progress (1): 1.9 kB
Progress (1): 3.4 kB
Progress (1): 6.3 kB
Progress (1): 9.8 kB
Progress (1): 12 kB 
Progress (1): 17 kB
Progress (1): 19 kB
Progress (1): 25 kB
Progress (1): 29 kB
Progress (1): 32 kB
Progress (1): 35 kB
Progress (1): 38 kB
Progress (1): 42 kB
                   
Downloaded from central: https://repo1.maven.org/maven2/org/apache/zookeeper/parent/3.8.4/parent-3.8.4.pom (42 kB at 838 kB/s)
Downloading from central: https://repo1.maven.org/maven2/org/apache/zookeeper/zookeeper-jute/3.8.4/zookeeper-jute-3.8.4.pom
Progress (1): 890 B
Progress (1): 2.3 kB
Progress (1): 6.3 kB
Progress (1): 6.7 kB
                    
Downloaded from central: https://repo1.maven.org/maven2/org/apache/zookeeper/zookeeper-jute/3.8.4/zookeeper-jute-3.8.4.pom (6.7 kB at 105 kB/s)
Downloading from central: https://repo1.maven.org/maven2/io/netty/netty-handler/4.1.127.Final/netty-handler-4.1.127.Final.pom
Progress (1): 801 B
Progress (1): 3.9 kB
Progress (1): 5.4 kB
                    
Downloaded from central: https://repo1.maven.org/maven2/io/netty/netty-handler/4.1.127.Final/netty-handler-4.1.127.Final.pom (5.4 kB at 92 kB/s)
Downloading from central: https://repo1.maven.org/maven2/io/netty/netty-parent/4.1.127.Final/netty-parent-4.1.127.Final.pom
Progress (1): 737 B
Progress (1): 2.1 kB
Progress (1): 4.3 kB
Progress (1): 6.8 kB
Progress (1): 8.8 kB
Progress (1): 23 kB 
Progress (1): 26 kB
Progress (1): 29 kB
Progress (1): 31 kB
Progress (1): 32 kB
Progress (1): 35 kB
Progress (1): 38 kB
Progress (1): 43 kB
Progress (1): 48 kB
Progress (1): 51 kB
Progress (1): 51 kB
Progress (1): 53 kB
Progress (1): 59 kB
Progress (1): 68 kB
Progress (1): 70 kB
Progress (1): 72 kB
Progress (1): 75 kB
Progress (1): 78 kB
Progress (1): 80 kB
Progress (1): 82 kB
Progress (1): 85 kB
Progress (1): 87 kB
Progress (1): 90 kB
Progress (1): 93 kB
Progress (1): 98 kB
Progress (1): 98 kB
                   
Downloaded from central: https://repo1.maven.org/maven2/io/netty/netty-parent/4.1.127.Final/netty-parent-4.1.127.Final.pom (98 kB at 1.5 MB/s)
Downloading from central: https://repo1.maven.org/maven2/io/netty/netty-common/4.1.127.Final/netty-common-4.1.127.Final.pom
Progress (1): 1.3 kB
Progress (1): 4.6 kB
Progress (1): 9.8 kB
Progress (1): 10 kB 
                   
Downloaded from central: https://repo1.maven.org/maven2/io/netty/netty-common/4.1.127.Final/netty-common-4.1.127.Final.pom (10 kB at 152 kB/s)
Downloading from central: https://repo1.maven.org/maven2/io/netty/netty-resolver/4.1.127.Final/netty-resolver-4.1.127.Final.pom
Progress (1): 876 B
Progress (1): 2.2 kB
                    
Downloaded from central: https://repo1.maven.org/maven2/io/netty/netty-resolver/4.1.127.Final/netty-resolver-4.1.127.Final.pom (2.2 kB at 42 kB/s)
Downloading from central: https://repo1.maven.org/maven2/io/netty/netty-buffer/4.1.127.Final/netty-buffer-4.1.127.Final.pom
Progress (1): 876 B
Progress (1): 2.2 kB
                    
Downloaded from central: https://repo1.maven.org/maven2/io/netty/netty-buffer/4.1.127.Final/netty-buffer-4.1.127.Final.pom (2.2 kB at 42 kB/s)
Downloading from central: https://repo1.maven.org/maven2/io/netty/netty-transport/4.1.127.Final/netty-transport-4.1.127.Final.pom
Progress (1): 850 B
Progress (1): 2.9 kB
                    
Downloaded from central: https://repo1.maven.org/maven2/io/netty/netty-transport/4.1.127.Final/netty-transport-4.1.127.Final.pom (2.9 kB at 46 kB/s)
Downloading from central: https://repo1.maven.org/maven2/io/netty/netty-transport-native-unix-common/4.1.127.Final/netty-transport-native-unix-common-4.1.127.Final.pom
Progress (1): 767 B
Progress (1): 2.2 kB
Progress (1): 4.3 kB
Progress (1): 6.8 kB
Progress (1): 15 kB 
Progress (1): 34 kB
                   
Downloaded from central: https://repo1.maven.org/maven2/io/netty/netty-transport-native-unix-common/4.1.127.Final/netty-transport-native-unix-common-4.1.127.Final.pom (34 kB at 674 kB/s)
Downloading from central: https://repo1.maven.org/maven2/io/netty/netty-codec/4.1.127.Final/netty-codec-4.1.127.Final.pom
Progress (1): 802 B
Progress (1): 4.6 kB
Progress (1): 6.1 kB
                    
Downloaded from central: https://repo1.maven.org/maven2/io/netty/netty-codec/4.1.127.Final/netty-codec-4.1.127.Final.pom (6.1 kB at 105 kB/s)
Downloading from central: https://repo1.maven.org/maven2/io/netty/netty-transport-native-epoll/4.1.127.Final/netty-transport-native-epoll-4.1.127.Final.pom
Progress (1): 749 B
Progress (1): 2.0 kB
Progress (1): 3.3 kB
Progress (1): 5.8 kB
Progress (1): 8.6 kB
Progress (1): 15 kB 
Progress (1): 28 kB
Progress (1): 30 kB
                   
Downloaded from central: https://repo1.maven.org/maven2/io/netty/netty-transport-native-epoll/4.1.127.Final/netty-transport-native-epoll-4.1.127.Final.pom (30 kB at 593 kB/s)
Downloading from central: https://repo1.maven.org/maven2/io/netty/netty-transport-classes-epoll/4.1.127.Final/netty-transport-classes-epoll-4.1.127.Final.pom
Progress (1): 859 B
Progress (1): 2.1 kB
                    
Downloaded from central: https://repo1.maven.org/maven2/io/netty/netty-transport-classes-epoll/4.1.127.Final/netty-transport-classes-epoll-4.1.127.Final.pom (2.1 kB at 43 kB/s)
Downloading from central: https://repo1.maven.org/maven2/com/google/guava/guava/22.0/guava-22.0.pom
Progress (1): 1.0 kB
Progress (1): 2.9 kB
Progress (1): 5.2 kB
Progress (1): 5.7 kB
                    
Downloaded from central: https://repo1.maven.org/maven2/com/google/guava/guava/22.0/guava-22.0.pom (5.7 kB at 92 kB/s)
Downloading from central: https://repo1.maven.org/maven2/com/google/guava/guava-parent/22.0/guava-parent-22.0.pom
Progress (1): 980 B
Progress (1): 2.9 kB
Progress (1): 6.1 kB
Progress (1): 8.9 kB
                    
Downloaded from central: https://repo1.maven.org/maven2/com/google/guava/guava-parent/22.0/guava-parent-22.0.pom (8.9 kB at 97 kB/s)
Downloading from central: https://repo1.maven.org/maven2/com/google/errorprone/error_prone_annotations/2.0.18/error_prone_annotations-2.0.18.pom
Progress (1): 853 B
Progress (1): 1.6 kB
                    
Downloaded from central: https://repo1.maven.org/maven2/com/google/errorprone/error_prone_annotations/2.0.18/error_prone_annotations-2.0.18.pom (1.6 kB at 33 kB/s)
Downloading from central: https://repo1.maven.org/maven2/com/google/errorprone/error_prone_parent/2.0.18/error_prone_parent-2.0.18.pom
Progress (1): 760 B
Progress (1): 2.4 kB
Progress (1): 5.0 kB
                    
Downloaded from central: https://repo1.maven.org/maven2/com/google/errorprone/error_prone_parent/2.0.18/error_prone_parent-2.0.18.pom (5.0 kB at 80 kB/s)
Downloading from central: https://repo1.maven.org/maven2/com/fasterxml/jackson/core/jackson-annotations/2.16.1/jackson-annotations-2.16.1.pom
Progress (1): 946 B
Progress (1): 2.4 kB
Progress (1): 3.9 kB
Progress (1): 6.3 kB
Progress (1): 7.1 kB
                    
Downloaded from central: https://repo1.maven.org/maven2/com/fasterxml/jackson/core/jackson-annotations/2.16.1/jackson-annotations-2.16.1.pom (7.1 kB at 128 kB/s)
Downloading from central: https://repo1.maven.org/maven2/com/fasterxml/jackson/core/jackson-core/2.16.1/jackson-core-2.16.1.pom
Progress (1): 980 B
Progress (1): 2.9 kB
Progress (1): 6.8 kB
Progress (1): 9.4 kB
Progress (1): 9.9 kB
                    
Downloaded from central: https://repo1.maven.org/maven2/com/fasterxml/jackson/core/jackson-core/2.16.1/jackson-core-2.16.1.pom (9.9 kB at 168 kB/s)
Downloading from central: https://repo1.maven.org/maven2/com/fasterxml/jackson/jackson-base/2.16.1/jackson-base-2.16.1.pom
Progress (1): 921 B
Progress (1): 2.6 kB
Progress (1): 4.6 kB
Progress (1): 6.4 kB
Progress (1): 8.5 kB
Progress (1): 11 kB 
Progress (1): 11 kB
                   
Downloaded from central: https://repo1.maven.org/maven2/com/fasterxml/jackson/jackson-base/2.16.1/jackson-base-2.16.1.pom (11 kB at 123 kB/s)
Downloading from central: https://repo1.maven.org/maven2/com/fasterxml/jackson/core/jackson-databind/2.16.1/jackson-databind-2.16.1.pom
Progress (1): 1.0 kB
Progress (1): 2.5 kB
Progress (1): 3.9 kB
Progress (1): 6.4 kB
Progress (1): 8.2 kB
Progress (1): 10 kB 
Progress (1): 14 kB
Progress (1): 18 kB
Progress (1): 19 kB
Progress (1): 21 kB
                   
Downloaded from central: https://repo1.maven.org/maven2/com/fasterxml/jackson/core/jackson-databind/2.16.1/jackson-databind-2.16.1.pom (21 kB at 334 kB/s)
Downloading from central: https://repo1.maven.org/maven2/org/slf4j/jul-to-slf4j/1.7.30/jul-to-slf4j-1.7.30.pom
Progress (1): 990 B
                   
Downloaded from central: https://repo1.maven.org/maven2/org/slf4j/jul-to-slf4j/1.7.30/jul-to-slf4j-1.7.30.pom (990 B at 19 kB/s)
Downloading from central: https://repo1.maven.org/maven2/org/apache/hive/hive-jdbc/4.3.0-SNAPSHOT/maven-metadata.xml
Downloading from central: https://repo1.maven.org/maven2/org/apache/hive/hive-jdbc/4.3.0-SNAPSHOT/hive-jdbc-4.3.0-SNAPSHOT.pom
[WARNING] The POM for org.apache.hive:hive-jdbc:jar:4.3.0-SNAPSHOT is missing, no dependency information available
Downloading from central: https://repo1.maven.org/maven2/org/apache/hadoop/hadoop-auth/3.4.2/hadoop-auth-3.4.2.pom
Progress (1): 830 B
Progress (1): 3.6 kB
Progress (1): 7.9 kB
Progress (1): 8.7 kB
                    
Downloaded from central: https://repo1.maven.org/maven2/org/apache/hadoop/hadoop-auth/3.4.2/hadoop-auth-3.4.2.pom (8.7 kB at 119 kB/s)
Downloading from central: https://repo1.maven.org/maven2/org/apache/hadoop/hadoop-project/3.4.2/hadoop-project-3.4.2.pom
Progress (1): 695 B
Progress (1): 2.0 kB
Progress (1): 3.4 kB
Progress (1): 5.2 kB
Progress (1): 7.2 kB
Progress (1): 9.4 kB
Progress (1): 11 kB 
Progress (1): 17 kB
Progress (1): 30 kB
Progress (1): 36 kB
Progress (1): 43 kB
Progress (1): 49 kB
Progress (1): 55 kB
Progress (1): 61 kB
Progress (1): 68 kB
Progress (1): 69 kB
Progress (1): 75 kB
Progress (1): 77 kB
Progress (1): 82 kB
Progress (1): 87 kB
Progress (1): 90 kB
Progress (1): 93 kB
Progress (1): 95 kB
Progress (1): 99 kB
Progress (1): 100 kB
                    
Downloaded from central: https://repo1.maven.org/maven2/org/apache/hadoop/hadoop-project/3.4.2/hadoop-project-3.4.2.pom (100 kB at 958 kB/s)
Downloading from central: https://repo1.maven.org/maven2/org/apache/hadoop/hadoop-main/3.4.2/hadoop-main-3.4.2.pom
Progress (1): 708 B
Progress (1): 2.6 kB
Progress (1): 4.8 kB
Progress (1): 7.3 kB
Progress (1): 14 kB 
Progress (1): 19 kB
Progress (1): 24 kB
Progress (1): 27 kB
Progress (1): 30 kB
Progress (1): 34 kB
Progress (1): 36 kB
Progress (1): 37 kB
                   
Downloaded from central: https://repo1.maven.org/maven2/org/apache/hadoop/hadoop-main/3.4.2/hadoop-main-3.4.2.pom (37 kB at 406 kB/s)
Downloading from central: https://repo1.maven.org/maven2/io/dropwizard/metrics/metrics-core/3.2.4/metrics-core-3.2.4.pom
Progress (1): 846 B
                   
Downloaded from central: https://repo1.maven.org/maven2/io/dropwizard/metrics/metrics-core/3.2.4/metrics-core-3.2.4.pom (846 B at 16 kB/s)
Downloading from central: https://repo1.maven.org/maven2/io/dropwizard/metrics/metrics-parent/3.2.4/metrics-parent-3.2.4.pom
Progress (1): 1.7 kB
Progress (1): 3.5 kB
Progress (1): 5.9 kB
Progress (1): 9.7 kB
Progress (1): 12 kB 
                   
Downloaded from central: https://repo1.maven.org/maven2/io/dropwizard/metrics/metrics-parent/3.2.4/metrics-parent-3.2.4.pom (12 kB at 174 kB/s)
Downloading from central: https://repo1.maven.org/maven2/org/apache/kerby/kerb-core/2.0.3/kerb-core-2.0.3.pom
Progress (1): 869 B
Progress (1): 1.5 kB
                    
Downloaded from central: https://repo1.maven.org/maven2/org/apache/kerby/kerb-core/2.0.3/kerb-core-2.0.3.pom (1.5 kB at 28 kB/s)
Downloading from central: https://repo1.maven.org/maven2/org/apache/kerby/kerby-kerb/2.0.3/kerby-kerb-2.0.3.pom
Progress (1): 874 B
Progress (1): 1.7 kB
                    
Downloaded from central: https://repo1.maven.org/maven2/org/apache/kerby/kerby-kerb/2.0.3/kerby-kerb-2.0.3.pom (1.7 kB at 34 kB/s)
Downloading from central: https://repo1.maven.org/maven2/org/apache/kerby/kerby-all/2.0.3/kerby-all-2.0.3.pom
Progress (1): 735 B
Progress (1): 2.2 kB
Progress (1): 4.2 kB
Progress (1): 6.8 kB
Progress (1): 9.9 kB
Progress (1): 14 kB 
Progress (1): 18 kB
Progress (1): 19 kB
                   
Downloaded from central: https://repo1.maven.org/maven2/org/apache/kerby/kerby-all/2.0.3/kerby-all-2.0.3.pom (19 kB at 262 kB/s)
Downloading from central: https://repo1.maven.org/maven2/org/apache/kerby/kerby-pkix/2.0.3/kerby-pkix-2.0.3.pom
Progress (1): 862 B
Progress (1): 2.2 kB
                    
Downloaded from central: https://repo1.maven.org/maven2/org/apache/kerby/kerby-pkix/2.0.3/kerby-pkix-2.0.3.pom (2.2 kB at 25 kB/s)
Downloading from central: https://repo1.maven.org/maven2/org/apache/kerby/kerby-asn1/2.0.3/kerby-asn1-2.0.3.pom
Progress (1): 881 B
Progress (1): 1.4 kB
                    
Downloaded from central: https://repo1.maven.org/maven2/org/apache/kerby/kerby-asn1/2.0.3/kerby-asn1-2.0.3.pom (1.4 kB at 24 kB/s)
Downloading from central: https://repo1.maven.org/maven2/org/apache/kerby/kerby-common/2.0.3/kerby-common-2.0.3.pom
Progress (1): 876 B
Progress (1): 1.3 kB
                    
Downloaded from central: https://repo1.maven.org/maven2/org/apache/kerby/kerby-common/2.0.3/kerby-common-2.0.3.pom (1.3 kB at 26 kB/s)
Downloading from central: https://repo1.maven.org/maven2/org/apache/kerby/kerby-util/2.0.3/kerby-util-2.0.3.pom
Progress (1): 877 B
Progress (1): 1.4 kB
                    
Downloaded from central: https://repo1.maven.org/maven2/org/apache/kerby/kerby-util/2.0.3/kerby-util-2.0.3.pom (1.4 kB at 12 kB/s)
Downloading from central: https://repo1.maven.org/maven2/org/apache/kerby/kerb-util/2.0.3/kerb-util-2.0.3.pom
Progress (1): 861 B
Progress (1): 2.1 kB
                    
Downloaded from central: https://repo1.maven.org/maven2/org/apache/kerby/kerb-util/2.0.3/kerb-util-2.0.3.pom (2.1 kB at 43 kB/s)
Downloading from central: https://repo1.maven.org/maven2/org/apache/kerby/kerby-config/2.0.3/kerby-config-2.0.3.pom
Progress (1): 863 B
Progress (1): 1.7 kB
                    
Downloaded from central: https://repo1.maven.org/maven2/org/apache/kerby/kerby-config/2.0.3/kerby-config-2.0.3.pom (1.7 kB at 29 kB/s)
Downloading from central: https://repo1.maven.org/maven2/org/apache/kerby/kerb-crypto/2.0.3/kerb-crypto-2.0.3.pom
Progress (1): 868 B
Progress (1): 1.7 kB
                    
Downloaded from central: https://repo1.maven.org/maven2/org/apache/kerby/kerb-crypto/2.0.3/kerb-crypto-2.0.3.pom (1.7 kB at 36 kB/s)
Downloading from central: https://repo1.maven.org/maven2/org/apache/hadoop/thirdparty/hadoop-shaded-guava/1.4.0/hadoop-shaded-guava-1.4.0.pom
Progress (1): 1.3 kB
Progress (1): 3.0 kB
                    
Downloaded from central: https://repo1.maven.org/maven2/org/apache/hadoop/thirdparty/hadoop-shaded-guava/1.4.0/hadoop-shaded-guava-1.4.0.pom (3.0 kB at 49 kB/s)
Downloading from central: https://repo1.maven.org/maven2/org/apache/hadoop/thirdparty/hadoop-thirdparty/1.4.0/hadoop-thirdparty-1.4.0.pom
Progress (1): 766 B
Progress (1): 2.3 kB
Progress (1): 4.4 kB
Progress (1): 7.9 kB
Progress (1): 11 kB 
Progress (1): 14 kB
Progress (1): 16 kB
                   
Downloaded from central: https://repo1.maven.org/maven2/org/apache/hadoop/thirdparty/hadoop-thirdparty/1.4.0/hadoop-thirdparty-1.4.0.pom (16 kB at 261 kB/s)
Downloading from central: https://repo1.maven.org/maven2/org/apache/hadoop/hadoop-common/3.4.2/hadoop-common-3.4.2.pom
Progress (1): 715 B
Progress (1): 3.5 kB
Progress (1): 8.3 kB
Progress (1): 13 kB 
Progress (1): 16 kB
Progress (1): 19 kB
Progress (1): 22 kB
Progress (1): 25 kB
Progress (1): 29 kB
Progress (1): 32 kB
Progress (1): 39 kB
Progress (1): 43 kB
Progress (1): 48 kB
Progress (1): 48 kB
                   
Downloaded from central: https://repo1.maven.org/maven2/org/apache/hadoop/hadoop-common/3.4.2/hadoop-common-3.4.2.pom (48 kB at 827 kB/s)
Downloading from central: https://repo1.maven.org/maven2/org/apache/hadoop/hadoop-project-dist/3.4.2/hadoop-project-dist-3.4.2.pom
Progress (1): 733 B
Progress (1): 2.6 kB
Progress (1): 4.8 kB
Progress (1): 8.4 kB
Progress (1): 10 kB 
Progress (1): 14 kB
Progress (1): 18 kB
Progress (1): 20 kB
                   
Downloaded from central: https://repo1.maven.org/maven2/org/apache/hadoop/hadoop-project-dist/3.4.2/hadoop-project-dist-3.4.2.pom (20 kB at 315 kB/s)
Downloading from central: https://repo1.maven.org/maven2/org/apache/hadoop/thirdparty/hadoop-shaded-protobuf_3_25/1.4.0/hadoop-shaded-protobuf_3_25-1.4.0.pom
Progress (1): 1.3 kB
Progress (1): 3.0 kB
                    
Downloaded from central: https://repo1.maven.org/maven2/org/apache/hadoop/thirdparty/hadoop-shaded-protobuf_3_25/1.4.0/hadoop-shaded-protobuf_3_25-1.4.0.pom (3.0 kB at 54 kB/s)
Downloading from central: https://repo1.maven.org/maven2/org/apache/hadoop/hadoop-annotations/3.4.2/hadoop-annotations-3.4.2.pom
Progress (1): 857 B
Progress (1): 2.6 kB
                    
Downloaded from central: https://repo1.maven.org/maven2/org/apache/hadoop/hadoop-annotations/3.4.2/hadoop-annotations-3.4.2.pom (2.6 kB at 53 kB/s)
Downloading from central: https://repo1.maven.org/maven2/org/apache/commons/commons-math3/3.6.1/commons-math3-3.6.1.pom
Progress (1): 771 B
Progress (1): 2.1 kB
Progress (1): 4.7 kB
Progress (1): 7.9 kB
Progress (1): 10 kB 
Progress (1): 12 kB
Progress (1): 14 kB
Progress (1): 17 kB
Progress (1): 19 kB
Progress (1): 22 kB
Progress (1): 25 kB
Progress (1): 28 kB
Progress (1): 29 kB
                   
Downloaded from central: https://repo1.maven.org/maven2/org/apache/commons/commons-math3/3.6.1/commons-math3-3.6.1.pom (29 kB at 388 kB/s)
Downloading from central: https://repo1.maven.org/maven2/commons-net/commons-net/3.9.0/commons-net-3.9.0.pom
Progress (1): 772 B
Progress (1): 1.9 kB
Progress (1): 3.8 kB
Progress (1): 6.6 kB
Progress (1): 9.8 kB
Progress (1): 14 kB 
Progress (1): 18 kB
Progress (1): 22 kB
Progress (1): 24 kB
                   
Downloaded from central: https://repo1.maven.org/maven2/commons-net/commons-net/3.9.0/commons-net-3.9.0.pom (24 kB at 385 kB/s)
Downloading from central: https://repo1.maven.org/maven2/jakarta/activation/jakarta.activation-api/1.2.1/jakarta.activation-api-1.2.1.pom
Progress (1): 784 B
Progress (1): 3.4 kB
Progress (1): 4.6 kB
                    
Downloaded from central: https://repo1.maven.org/maven2/jakarta/activation/jakarta.activation-api/1.2.1/jakarta.activation-api-1.2.1.pom (4.6 kB at 61 kB/s)
Downloading from central: https://repo1.maven.org/maven2/com/sun/activation/all/1.2.1/all-1.2.1.pom
Progress (1): 798 B
Progress (1): 2.9 kB
Progress (1): 4.5 kB
Progress (1): 7.2 kB
Progress (1): 9.0 kB
Progress (1): 11 kB 
Progress (1): 14 kB
Progress (1): 18 kB
Progress (1): 18 kB
                   
Downloaded from central: https://repo1.maven.org/maven2/com/sun/activation/all/1.2.1/all-1.2.1.pom (18 kB at 270 kB/s)
Downloading from central: https://repo1.maven.org/maven2/org/eclipse/ee4j/project/1.0.2/project-1.0.2.pom
Progress (1): 842 B
Progress (1): 2.5 kB
Progress (1): 5.0 kB
Progress (1): 9.0 kB
Progress (1): 12 kB 
                   
Downloaded from central: https://repo1.maven.org/maven2/org/eclipse/ee4j/project/1.0.2/project-1.0.2.pom (12 kB at 219 kB/s)
Downloading from central: https://repo1.maven.org/maven2/org/eclipse/jetty/jetty-webapp/9.4.57.v20241219/jetty-webapp-9.4.57.v20241219.pom
Progress (1): 1.2 kB
Progress (1): 3.2 kB
                    
Downloaded from central: https://repo1.maven.org/maven2/org/eclipse/jetty/jetty-webapp/9.4.57.v20241219/jetty-webapp-9.4.57.v20241219.pom (3.2 kB at 39 kB/s)
Downloading from central: https://repo1.maven.org/maven2/org/eclipse/jetty/jetty-xml/9.4.57.v20241219/jetty-xml-9.4.57.v20241219.pom
Progress (1): 1.1 kB
Progress (1): 1.7 kB
                    
Downloaded from central: https://repo1.maven.org/maven2/org/eclipse/jetty/jetty-xml/9.4.57.v20241219/jetty-xml-9.4.57.v20241219.pom (1.7 kB at 25 kB/s)
Downloading from central: https://repo1.maven.org/maven2/com/sun/jersey/jersey-server/1.19.4/jersey-server-1.19.4.pom
Progress (1): 719 B
Progress (1): 2.0 kB
Progress (1): 4.3 kB
Progress (1): 7.8 kB
Progress (1): 11 kB 
                   
Downloaded from central: https://repo1.maven.org/maven2/com/sun/jersey/jersey-server/1.19.4/jersey-server-1.19.4.pom (11 kB at 190 kB/s)
Downloading from central: https://repo1.maven.org/maven2/com/github/pjfanning/jersey-json/1.22.0/jersey-json-1.22.0.pom
Progress (1): 712 B
Progress (1): 2.0 kB
Progress (1): 3.7 kB
Progress (1): 6.4 kB
Progress (1): 10 kB 
Progress (1): 12 kB
                   
Downloaded from central: https://repo1.maven.org/maven2/com/github/pjfanning/jersey-json/1.22.0/jersey-json-1.22.0.pom (12 kB at 189 kB/s)
Downloading from central: https://repo1.maven.org/maven2/org/apache/commons/commons-configuration2/2.10.1/commons-configuration2-2.10.1.pom
Progress (1): 740 B
Progress (1): 2.2 kB
Progress (1): 3.9 kB
Progress (1): 8.1 kB
Progress (1): 12 kB 
Progress (1): 14 kB
Progress (1): 16 kB
Progress (1): 19 kB
Progress (1): 22 kB
Progress (1): 25 kB
Progress (1): 27 kB
                   
Downloaded from central: https://repo1.maven.org/maven2/org/apache/commons/commons-configuration2/2.10.1/commons-configuration2-2.10.1.pom (27 kB at 409 kB/s)
Downloading from central: https://repo1.maven.org/maven2/org/apache/commons/commons-parent/67/commons-parent-67.pom
Progress (1): 708 B
Progress (1): 1.9 kB
Progress (1): 3.1 kB
Progress (1): 4.7 kB
Progress (1): 6.4 kB
Progress (1): 8.5 kB
Progress (1): 10 kB 
Progress (1): 13 kB
Progress (1): 14 kB
Progress (1): 17 kB
Progress (1): 19 kB
Progress (1): 22 kB
Progress (1): 25 kB
Progress (1): 28 kB
Progress (1): 31 kB
Progress (1): 32 kB
Progress (1): 35 kB
Progress (1): 40 kB
Progress (1): 43 kB
Progress (1): 46 kB
Progress (1): 49 kB
Progress (1): 51 kB
Progress (1): 55 kB
Progress (1): 57 kB
Progress (1): 60 kB
Progress (1): 63 kB
Progress (1): 67 kB
Progress (1): 70 kB
Progress (1): 73 kB
Progress (1): 75 kB
Progress (1): 77 kB
                   
Downloaded from central: https://repo1.maven.org/maven2/org/apache/commons/commons-parent/67/commons-parent-67.pom (77 kB at 846 kB/s)
Downloading from central: https://repo1.maven.org/maven2/org/apache/avro/avro/1.12.0/avro-1.12.0.pom
Progress (1): 782 B
Progress (1): 2.1 kB
Progress (1): 4.7 kB
Progress (1): 8.3 kB
                    
Downloaded from central: https://repo1.maven.org/maven2/org/apache/avro/avro/1.12.0/avro-1.12.0.pom (8.3 kB at 135 kB/s)
Downloading from central: https://repo1.maven.org/maven2/org/apache/avro/avro-parent/1.12.0/avro-parent-1.12.0.pom
Progress (1): 734 B
Progress (1): 2.1 kB
Progress (1): 4.0 kB
Progress (1): 6.2 kB
Progress (1): 8.1 kB
Progress (1): 11 kB 
Progress (1): 13 kB
Progress (1): 16 kB
Progress (1): 20 kB
Progress (1): 24 kB
Progress (1): 25 kB
                   
Downloaded from central: https://repo1.maven.org/maven2/org/apache/avro/avro-parent/1.12.0/avro-parent-1.12.0.pom (25 kB at 419 kB/s)
Downloading from central: https://repo1.maven.org/maven2/org/apache/avro/avro-toplevel/1.12.0/avro-toplevel-1.12.0.pom
Progress (1): 762 B
Progress (1): 2.0 kB
Progress (1): 4.0 kB
Progress (1): 7.9 kB
Progress (1): 11 kB 
Progress (1): 14 kB
Progress (1): 17 kB
Progress (1): 21 kB
Progress (1): 25 kB
Progress (1): 27 kB
                   
Downloaded from central: https://repo1.maven.org/maven2/org/apache/avro/avro-toplevel/1.12.0/avro-toplevel-1.12.0.pom (27 kB at 379 kB/s)
Downloading from central: https://repo1.maven.org/maven2/com/fasterxml/jackson/jackson-bom/2.17.2/jackson-bom-2.17.2.pom
Progress (1): 924 B
Progress (1): 2.7 kB
Progress (1): 8.1 kB
Progress (1): 17 kB 
Progress (1): 19 kB
                   
Downloaded from central: https://repo1.maven.org/maven2/com/fasterxml/jackson/jackson-bom/2.17.2/jackson-bom-2.17.2.pom (19 kB at 312 kB/s)
Downloading from central: https://repo1.maven.org/maven2/org/apache/commons/commons-compress/1.26.0/commons-compress-1.26.0.pom
Progress (1): 753 B
Progress (1): 1.9 kB
Progress (1): 3.6 kB
Progress (1): 5.8 kB
Progress (1): 9.1 kB
Progress (1): 12 kB 
Progress (1): 15 kB
Progress (1): 19 kB
Progress (1): 21 kB
Progress (1): 22 kB
                   
Downloaded from central: https://repo1.maven.org/maven2/org/apache/commons/commons-compress/1.26.0/commons-compress-1.26.0.pom (22 kB at 235 kB/s)
Downloading from central: https://repo1.maven.org/maven2/com/google/re2j/re2j/1.2/re2j-1.2.pom
Progress (1): 933 B
                   
Downloaded from central: https://repo1.maven.org/maven2/com/google/re2j/re2j/1.2/re2j-1.2.pom (933 B at 12 kB/s)
Downloading from central: https://repo1.maven.org/maven2/com/google/code/gson/gson/2.9.0/gson-2.9.0.pom
Progress (1): 1.2 kB
Progress (1): 2.7 kB
Progress (1): 5.4 kB
Progress (1): 8.1 kB
                    
Downloaded from central: https://repo1.maven.org/maven2/com/google/code/gson/gson/2.9.0/gson-2.9.0.pom (8.1 kB at 96 kB/s)
Downloading from central: https://repo1.maven.org/maven2/com/google/code/gson/gson-parent/2.9.0/gson-parent-2.9.0.pom
Progress (1): 1.2 kB
Progress (1): 3.0 kB
Progress (1): 4.5 kB
                    
Downloaded from central: https://repo1.maven.org/maven2/com/google/code/gson/gson-parent/2.9.0/gson-parent-2.9.0.pom (4.5 kB at 85 kB/s)
Downloading from central: https://repo1.maven.org/maven2/com/jcraft/jsch/0.1.55/jsch-0.1.55.pom
Progress (1): 1.3 kB
Progress (1): 3.2 kB
                    
Downloaded from central: https://repo1.maven.org/maven2/com/jcraft/jsch/0.1.55/jsch-0.1.55.pom (3.2 kB at 72 kB/s)
Downloading from central: https://repo1.maven.org/maven2/org/bouncycastle/bcprov-jdk18on/1.82/bcprov-jdk18on-1.82.pom
Progress (1): 1.1 kB
Progress (1): 1.2 kB
                    
Downloaded from central: https://repo1.maven.org/maven2/org/bouncycastle/bcprov-jdk18on/1.82/bcprov-jdk18on-1.82.pom (1.2 kB at 19 kB/s)
Downloading from central: https://repo1.maven.org/maven2/org/codehaus/woodstox/stax2-api/4.2.1/stax2-api-4.2.1.pom
Progress (1): 958 B
Progress (1): 2.7 kB
Progress (1): 4.5 kB
Progress (1): 6.3 kB
                    
Downloaded from central: https://repo1.maven.org/maven2/org/codehaus/woodstox/stax2-api/4.2.1/stax2-api-4.2.1.pom (6.3 kB at 103 kB/s)
Downloading from central: https://repo1.maven.org/maven2/com/fasterxml/oss-parent/38/oss-parent-38.pom
Progress (1): 952 B
Progress (1): 2.6 kB
Progress (1): 4.0 kB
Progress (1): 6.0 kB
Progress (1): 9.2 kB
Progress (1): 12 kB 
Progress (1): 14 kB
Progress (1): 18 kB
Progress (1): 21 kB
Progress (1): 23 kB
                   
Downloaded from central: https://repo1.maven.org/maven2/com/fasterxml/oss-parent/38/oss-parent-38.pom (23 kB at 334 kB/s)
Downloading from central: https://repo1.maven.org/maven2/com/fasterxml/woodstox/woodstox-core/5.4.0/woodstox-core-5.4.0.pom
Progress (1): 1.0 kB
Progress (1): 2.5 kB
Progress (1): 3.7 kB
Progress (1): 6.7 kB
Progress (1): 9.2 kB
Progress (1): 9.7 kB
                    
Downloaded from central: https://repo1.maven.org/maven2/com/fasterxml/woodstox/woodstox-core/5.4.0/woodstox-core-5.4.0.pom (9.7 kB at 140 kB/s)
Downloading from central: https://repo1.maven.org/maven2/com/fasterxml/oss-parent/37/oss-parent-37.pom
Progress (1): 954 B
Progress (1): 2.6 kB
Progress (1): 4.0 kB
Progress (1): 6.0 kB
Progress (1): 9.1 kB
Progress (1): 12 kB 
Progress (1): 14 kB
Progress (1): 18 kB
Progress (1): 21 kB
Progress (1): 23 kB
                   
Downloaded from central: https://repo1.maven.org/maven2/com/fasterxml/oss-parent/37/oss-parent-37.pom (23 kB at 394 kB/s)
Downloading from central: https://repo1.maven.org/maven2/org/codehaus/woodstox/stax2-api/4.2/stax2-api-4.2.pom
Progress (1): 957 B
Progress (1): 2.7 kB
Progress (1): 4.5 kB
Progress (1): 6.3 kB
                    
Downloaded from central: https://repo1.maven.org/maven2/org/codehaus/woodstox/stax2-api/4.2/stax2-api-4.2.pom (6.3 kB at 103 kB/s)
Downloading from central: https://repo1.maven.org/maven2/com/fasterxml/oss-parent/35/oss-parent-35.pom
Progress (1): 952 B
Progress (1): 2.6 kB
Progress (1): 4.0 kB
Progress (1): 6.1 kB
Progress (1): 9.1 kB
Progress (1): 12 kB 
Progress (1): 14 kB
Progress (1): 18 kB
Progress (1): 21 kB
Progress (1): 23 kB
                   
Downloaded from central: https://repo1.maven.org/maven2/com/fasterxml/oss-parent/35/oss-parent-35.pom (23 kB at 368 kB/s)
Downloading from central: https://repo1.maven.org/maven2/dnsjava/dnsjava/3.6.1/dnsjava-3.6.1.pom
Progress (1): 858 B
Progress (1): 2.7 kB
Progress (1): 5.1 kB
Progress (1): 7.8 kB
Progress (1): 12 kB 
Progress (1): 15 kB
Progress (1): 19 kB
Progress (1): 23 kB
Progress (1): 29 kB
Progress (1): 35 kB
Progress (1): 38 kB
                   
Downloaded from central: https://repo1.maven.org/maven2/dnsjava/dnsjava/3.6.1/dnsjava-3.6.1.pom (38 kB at 609 kB/s)
Downloading from central: https://repo1.maven.org/maven2/org/xerial/snappy/snappy-java/1.1.10.4/snappy-java-1.1.10.4.pom
Progress (1): 1.3 kB
Progress (1): 3.1 kB
                    
Downloaded from central: https://repo1.maven.org/maven2/org/xerial/snappy/snappy-java/1.1.10.4/snappy-java-1.1.10.4.pom (3.1 kB at 59 kB/s)
Downloading from central: https://repo1.maven.org/maven2/org/apache/hadoop/hadoop-hdfs/3.4.2/hadoop-hdfs-3.4.2.pom
Progress (1): 728 B
Progress (1): 4.3 kB
Progress (1): 7.7 kB
Progress (1): 11 kB 
Progress (1): 15 kB
Progress (1): 18 kB
Progress (1): 20 kB
                   
Downloaded from central: https://repo1.maven.org/maven2/org/apache/hadoop/hadoop-hdfs/3.4.2/hadoop-hdfs-3.4.2.pom (20 kB at 234 kB/s)
Downloading from central: https://repo1.maven.org/maven2/commons-daemon/commons-daemon/1.0.13/commons-daemon-1.0.13.pom
Progress (1): 830 B
Progress (1): 2.3 kB
Progress (1): 4.3 kB
                    
Downloaded from central: https://repo1.maven.org/maven2/commons-daemon/commons-daemon/1.0.13/commons-daemon-1.0.13.pom (4.3 kB at 71 kB/s)
Downloading from central: https://repo1.maven.org/maven2/org/apache/commons/commons-parent/23/commons-parent-23.pom
Progress (1): 721 B
Progress (1): 1.9 kB
Progress (1): 3.2 kB
Progress (1): 5.0 kB
Progress (1): 8.8 kB
Progress (1): 13 kB 
Progress (1): 16 kB
Progress (1): 19 kB
Progress (1): 22 kB
Progress (1): 29 kB
Progress (1): 33 kB
Progress (1): 36 kB
Progress (1): 39 kB
Progress (1): 41 kB
Progress (1): 43 kB
Progress (1): 43 kB
Progress (1): 44 kB
                   
Downloaded from central: https://repo1.maven.org/maven2/org/apache/commons/commons-parent/23/commons-parent-23.pom (44 kB at 634 kB/s)
Downloading from central: https://repo1.maven.org/maven2/ch/qos/reload4j/reload4j/1.2.22/reload4j-1.2.22.pom
Progress (1): 774 B
Progress (1): 2.0 kB
Progress (1): 4.7 kB
Progress (1): 7.4 kB
Progress (1): 9.6 kB
Progress (1): 12 kB 
Progress (1): 16 kB
Progress (1): 16 kB
                   
Downloaded from central: https://repo1.maven.org/maven2/ch/qos/reload4j/reload4j/1.2.22/reload4j-1.2.22.pom (16 kB at 245 kB/s)
Downloading from central: https://repo1.maven.org/maven2/org/fusesource/leveldbjni/leveldbjni-all/1.8/leveldbjni-all-1.8.pom
Progress (1): 900 B
Progress (1): 1.9 kB
Progress (1): 4.6 kB
Progress (1): 7.2 kB
                    
Downloaded from central: https://repo1.maven.org/maven2/org/fusesource/leveldbjni/leveldbjni-all/1.8/leveldbjni-all-1.8.pom (7.2 kB at 131 kB/s)
Downloading from central: https://repo1.maven.org/maven2/org/fusesource/leveldbjni/leveldbjni-project/1.8/leveldbjni-project-1.8.pom
Progress (1): 895 B
Progress (1): 1.9 kB
Progress (1): 3.6 kB
Progress (1): 5.6 kB
Progress (1): 8.5 kB
Progress (1): 9.6 kB
                    
Downloaded from central: https://repo1.maven.org/maven2/org/fusesource/leveldbjni/leveldbjni-project/1.8/leveldbjni-project-1.8.pom (9.6 kB at 168 kB/s)
Downloading from central: https://repo1.maven.org/maven2/org/fusesource/fusesource-pom/1.9/fusesource-pom-1.9.pom
Progress (1): 741 B
Progress (1): 2.4 kB
Progress (1): 5.7 kB
Progress (1): 9.5 kB
Progress (1): 14 kB 
Progress (1): 15 kB
                   
Downloaded from central: https://repo1.maven.org/maven2/org/fusesource/fusesource-pom/1.9/fusesource-pom-1.9.pom (15 kB at 269 kB/s)
Downloading from central: https://repo1.maven.org/maven2/org/apache/hadoop/hadoop-mapreduce-client-core/3.4.2/hadoop-mapreduce-client-core-3.4.2.pom
Progress (1): 851 B
Progress (1): 3.0 kB
Progress (1): 5.7 kB
Progress (1): 6.2 kB
                    
Downloaded from central: https://repo1.maven.org/maven2/org/apache/hadoop/hadoop-mapreduce-client-core/3.4.2/hadoop-mapreduce-client-core-3.4.2.pom (6.2 kB at 116 kB/s)
Downloading from central: https://repo1.maven.org/maven2/org/apache/hadoop/hadoop-mapreduce-client/3.4.2/hadoop-mapreduce-client-3.4.2.pom
Progress (1): 842 B
Progress (1): 2.9 kB
Progress (1): 6.2 kB
Progress (1): 9.6 kB
Progress (1): 13 kB 
                   
Downloaded from central: https://repo1.maven.org/maven2/org/apache/hadoop/hadoop-mapreduce-client/3.4.2/hadoop-mapreduce-client-3.4.2.pom (13 kB at 233 kB/s)
Downloading from central: https://repo1.maven.org/maven2/org/apache/hadoop/hadoop-yarn-client/3.4.2/hadoop-yarn-client-3.4.2.pom
Progress (1): 804 B
Progress (1): 3.9 kB
Progress (1): 7.5 kB
Progress (1): 8.2 kB
                    
Downloaded from central: https://repo1.maven.org/maven2/org/apache/hadoop/hadoop-yarn-client/3.4.2/hadoop-yarn-client-3.4.2.pom (8.2 kB at 144 kB/s)
Downloading from central: https://repo1.maven.org/maven2/org/apache/hadoop/hadoop-yarn/3.4.2/hadoop-yarn-3.4.2.pom
Progress (1): 777 B
Progress (1): 2.3 kB
Progress (1): 5.1 kB
Progress (1): 9.1 kB
Progress (1): 10 kB 
                   
Downloaded from central: https://repo1.maven.org/maven2/org/apache/hadoop/hadoop-yarn/3.4.2/hadoop-yarn-3.4.2.pom (10 kB at 200 kB/s)
Downloading from central: https://repo1.maven.org/maven2/org/eclipse/jetty/websocket/websocket-client/9.4.57.v20241219/websocket-client-9.4.57.v20241219.pom
Progress (1): 2.2 kB
Progress (1): 4.6 kB
                    
Downloaded from central: https://repo1.maven.org/maven2/org/eclipse/jetty/websocket/websocket-client/9.4.57.v20241219/websocket-client-9.4.57.v20241219.pom (4.6 kB at 82 kB/s)
Downloading from central: https://repo1.maven.org/maven2/org/eclipse/jetty/websocket/websocket-parent/9.4.57.v20241219/websocket-parent-9.4.57.v20241219.pom
Progress (1): 1.3 kB
Progress (1): 1.4 kB
                    
Downloaded from central: https://repo1.maven.org/maven2/org/eclipse/jetty/websocket/websocket-parent/9.4.57.v20241219/websocket-parent-9.4.57.v20241219.pom (1.4 kB at 31 kB/s)
Downloading from central: https://repo1.maven.org/maven2/org/eclipse/jetty/jetty-client/9.4.57.v20241219/jetty-client-9.4.57.v20241219.pom
Progress (1): 1.2 kB
Progress (1): 4.7 kB
Progress (1): 5.3 kB
                    
Downloaded from central: https://repo1.maven.org/maven2/org/eclipse/jetty/jetty-client/9.4.57.v20241219/jetty-client-9.4.57.v20241219.pom (5.3 kB at 101 kB/s)
Downloading from central: https://repo1.maven.org/maven2/org/eclipse/jetty/websocket/websocket-common/9.4.57.v20241219/websocket-common-9.4.57.v20241219.pom
Progress (1): 1.9 kB
Progress (1): 3.6 kB
                    
Downloaded from central: https://repo1.maven.org/maven2/org/eclipse/jetty/websocket/websocket-common/9.4.57.v20241219/websocket-common-9.4.57.v20241219.pom (3.6 kB at 70 kB/s)
Downloading from central: https://repo1.maven.org/maven2/org/eclipse/jetty/websocket/websocket-api/9.4.57.v20241219/websocket-api-9.4.57.v20241219.pom
Progress (1): 1.1 kB
Progress (1): 2.5 kB
                    
Downloaded from central: https://repo1.maven.org/maven2/org/eclipse/jetty/websocket/websocket-api/9.4.57.v20241219/websocket-api-9.4.57.v20241219.pom (2.5 kB at 48 kB/s)
Downloading from central: https://repo1.maven.org/maven2/org/apache/hadoop/hadoop-yarn-api/3.4.2/hadoop-yarn-api-3.4.2.pom
Progress (1): 838 B
Progress (1): 3.5 kB
Progress (1): 6.1 kB
                    
Downloaded from central: https://repo1.maven.org/maven2/org/apache/hadoop/hadoop-yarn-api/3.4.2/hadoop-yarn-api-3.4.2.pom (6.1 kB at 100 kB/s)
Downloading from central: https://repo1.maven.org/maven2/javax/xml/bind/jaxb-api/2.2.11/jaxb-api-2.2.11.pom
Progress (1): 728 B
Progress (1): 2.0 kB
Progress (1): 3.9 kB
Progress (1): 6.1 kB
Progress (1): 8.9 kB
Progress (1): 13 kB 
Progress (1): 15 kB
Progress (1): 15 kB
                   
Downloaded from central: https://repo1.maven.org/maven2/javax/xml/bind/jaxb-api/2.2.11/jaxb-api-2.2.11.pom (15 kB at 235 kB/s)
Downloading from central: https://repo1.maven.org/maven2/org/apache/hadoop/hadoop-yarn-common/3.4.2/hadoop-yarn-common-3.4.2.pom
Progress (1): 821 B
Progress (1): 3.6 kB
Progress (1): 7.5 kB
Progress (1): 11 kB 
Progress (1): 15 kB
Progress (1): 15 kB
                   
Downloaded from central: https://repo1.maven.org/maven2/org/apache/hadoop/hadoop-yarn-common/3.4.2/hadoop-yarn-common-3.4.2.pom (15 kB at 247 kB/s)
Downloading from central: https://repo1.maven.org/maven2/org/apache/hadoop/hadoop-hdfs-client/3.4.2/hadoop-hdfs-client-3.4.2.pom
Progress (1): 822 B
Progress (1): 4.1 kB
Progress (1): 6.3 kB
                    
Downloaded from central: https://repo1.maven.org/maven2/org/apache/hadoop/hadoop-hdfs-client/3.4.2/hadoop-hdfs-client-3.4.2.pom (6.3 kB at 69 kB/s)
Downloading from central: https://repo1.maven.org/maven2/com/sun/jersey/jersey-client/1.19.4/jersey-client-1.19.4.pom
Progress (1): 721 B
Progress (1): 2.0 kB
Progress (1): 4.4 kB
Progress (1): 6.7 kB
                    
Downloaded from central: https://repo1.maven.org/maven2/com/sun/jersey/jersey-client/1.19.4/jersey-client-1.19.4.pom (6.7 kB at 100 kB/s)
Downloading from central: https://repo1.maven.org/maven2/com/google/inject/extensions/guice-servlet/4.2.3/guice-servlet-4.2.3.pom
Progress (1): 1.3 kB
                    
Downloaded from central: https://repo1.maven.org/maven2/com/google/inject/extensions/guice-servlet/4.2.3/guice-servlet-4.2.3.pom (1.3 kB at 23 kB/s)
Downloading from central: https://repo1.maven.org/maven2/com/google/inject/extensions/extensions-parent/4.2.3/extensions-parent-4.2.3.pom
Progress (1): 1.3 kB
Progress (1): 3.4 kB
                    
Downloaded from central: https://repo1.maven.org/maven2/com/google/inject/extensions/extensions-parent/4.2.3/extensions-parent-4.2.3.pom (3.4 kB at 62 kB/s)
Downloading from central: https://repo1.maven.org/maven2/com/google/inject/guice-parent/4.2.3/guice-parent-4.2.3.pom
Progress (1): 793 B
Progress (1): 2.8 kB
Progress (1): 4.4 kB
Progress (1): 7.4 kB
Progress (1): 9.9 kB
Progress (1): 13 kB 
Progress (1): 16 kB
Progress (1): 16 kB
                   
Downloaded from central: https://repo1.maven.org/maven2/com/google/inject/guice-parent/4.2.3/guice-parent-4.2.3.pom (16 kB at 291 kB/s)
Downloading from central: https://repo1.maven.org/maven2/com/google/inject/guice/4.2.3/guice-4.2.3.pom
Progress (1): 1.6 kB
Progress (1): 3.6 kB
Progress (1): 6.2 kB
Progress (1): 9.9 kB
Progress (1): 11 kB 
                   
Downloaded from central: https://repo1.maven.org/maven2/com/google/inject/guice/4.2.3/guice-4.2.3.pom (11 kB at 148 kB/s)
Downloading from central: https://repo1.maven.org/maven2/com/sun/jersey/contribs/jersey-guice/1.19.4/jersey-guice-1.19.4.pom
Progress (1): 736 B
Progress (1): 2.1 kB
Progress (1): 4.3 kB
Progress (1): 7.5 kB
                    
Downloaded from central: https://repo1.maven.org/maven2/com/sun/jersey/contribs/jersey-guice/1.19.4/jersey-guice-1.19.4.pom (7.5 kB at 131 kB/s)
Downloading from central: https://repo1.maven.org/maven2/com/sun/jersey/contribs/jersey-contribs/1.19.4/jersey-contribs-1.19.4.pom
Progress (1): 755 B
Progress (1): 2.1 kB
Progress (1): 3.6 kB
                    
Downloaded from central: https://repo1.maven.org/maven2/com/sun/jersey/contribs/jersey-contribs/1.19.4/jersey-contribs-1.19.4.pom (3.6 kB at 68 kB/s)
Downloading from central: https://repo1.maven.org/maven2/com/google/inject/extensions/guice-servlet/3.0/guice-servlet-3.0.pom
Progress (1): 915 B
                   
Downloaded from central: https://repo1.maven.org/maven2/com/google/inject/extensions/guice-servlet/3.0/guice-servlet-3.0.pom (915 B at 18 kB/s)
Downloading from central: https://repo1.maven.org/maven2/com/fasterxml/jackson/module/jackson-module-jaxb-annotations/2.16.1/jackson-module-jaxb-annotations-2.16.1.pom
Progress (1): 943 B
Progress (1): 2.5 kB
Progress (1): 3.8 kB
                    
Downloaded from central: https://repo1.maven.org/maven2/com/fasterxml/jackson/module/jackson-module-jaxb-annotations/2.16.1/jackson-module-jaxb-annotations-2.16.1.pom (3.8 kB at 77 kB/s)
Downloading from central: https://repo1.maven.org/maven2/com/fasterxml/jackson/module/jackson-modules-base/2.16.1/jackson-modules-base-2.16.1.pom
Progress (1): 1.1 kB
Progress (1): 2.9 kB
Progress (1): 4.1 kB
                    
Downloaded from central: https://repo1.maven.org/maven2/com/fasterxml/jackson/module/jackson-modules-base/2.16.1/jackson-modules-base-2.16.1.pom (4.1 kB at 76 kB/s)
Downloading from central: https://repo1.maven.org/maven2/jakarta/xml/bind/jakarta.xml.bind-api/2.3.3/jakarta.xml.bind-api-2.3.3.pom
Progress (1): 838 B
Progress (1): 3.2 kB
Progress (1): 5.6 kB
Progress (1): 10 kB 
Progress (1): 13 kB
                   
Downloaded from central: https://repo1.maven.org/maven2/jakarta/xml/bind/jakarta.xml.bind-api/2.3.3/jakarta.xml.bind-api-2.3.3.pom (13 kB at 206 kB/s)
Downloading from central: https://repo1.maven.org/maven2/jakarta/xml/bind/jakarta.xml.bind-api-parent/2.3.3/jakarta.xml.bind-api-parent-2.3.3.pom
Progress (1): 891 B
Progress (1): 2.8 kB
Progress (1): 6.4 kB
Progress (1): 9.0 kB
                    
Downloaded from central: https://repo1.maven.org/maven2/jakarta/xml/bind/jakarta.xml.bind-api-parent/2.3.3/jakarta.xml.bind-api-parent-2.3.3.pom (9.0 kB at 138 kB/s)
Downloading from central: https://repo1.maven.org/maven2/jakarta/activation/jakarta.activation-api/1.2.2/jakarta.activation-api-1.2.2.pom
Progress (1): 788 B
Progress (1): 3.4 kB
Progress (1): 5.3 kB
                    
Downloaded from central: https://repo1.maven.org/maven2/jakarta/activation/jakarta.activation-api/1.2.2/jakarta.activation-api-1.2.2.pom (5.3 kB at 98 kB/s)
Downloading from central: https://repo1.maven.org/maven2/com/sun/activation/all/1.2.2/all-1.2.2.pom
Progress (1): 782 B
Progress (1): 2.8 kB
Progress (1): 4.3 kB
Progress (1): 6.0 kB
Progress (1): 8.2 kB
Progress (1): 11 kB 
Progress (1): 14 kB
Progress (1): 15 kB
                   
Downloaded from central: https://repo1.maven.org/maven2/com/sun/activation/all/1.2.2/all-1.2.2.pom (15 kB at 271 kB/s)
Downloading from central: https://repo1.maven.org/maven2/com/fasterxml/jackson/jaxrs/jackson-jaxrs-json-provider/2.16.1/jackson-jaxrs-json-provider-2.16.1.pom
Progress (1): 933 B
Progress (1): 2.5 kB
Progress (1): 4.5 kB
                    
Downloaded from central: https://repo1.maven.org/maven2/com/fasterxml/jackson/jaxrs/jackson-jaxrs-json-provider/2.16.1/jackson-jaxrs-json-provider-2.16.1.pom (4.5 kB at 24 kB/s)
Downloading from central: https://repo1.maven.org/maven2/com/fasterxml/jackson/jaxrs/jackson-jaxrs-providers/2.16.1/jackson-jaxrs-providers-2.16.1.pom
Progress (1): 1.2 kB
Progress (1): 2.6 kB
Progress (1): 4.9 kB
Progress (1): 5.8 kB
                    
Downloaded from central: https://repo1.maven.org/maven2/com/fasterxml/jackson/jaxrs/jackson-jaxrs-providers/2.16.1/jackson-jaxrs-providers-2.16.1.pom (5.8 kB at 44 kB/s)
Downloading from central: https://repo1.maven.org/maven2/com/fasterxml/jackson/jaxrs/jackson-jaxrs-base/2.16.1/jackson-jaxrs-base-2.16.1.pom
Progress (1): 959 B
Progress (1): 2.3 kB
                    
Downloaded from central: https://repo1.maven.org/maven2/com/fasterxml/jackson/jaxrs/jackson-jaxrs-base/2.16.1/jackson-jaxrs-base-2.16.1.pom (2.3 kB at 22 kB/s)
Downloading from central: https://repo1.maven.org/maven2/javax/ws/rs/javax.ws.rs-api/2.0.1/javax.ws.rs-api-2.0.1.pom
Progress (1): 695 B
Progress (1): 2.0 kB
Progress (1): 3.7 kB
Progress (1): 6.3 kB
Progress (1): 9.8 kB
Progress (1): 13 kB 
Progress (1): 17 kB
Progress (1): 21 kB
                   
Downloaded from central: https://repo1.maven.org/maven2/javax/ws/rs/javax.ws.rs-api/2.0.1/javax.ws.rs-api-2.0.1.pom (21 kB at 167 kB/s)
Downloading from central: https://repo1.maven.org/maven2/net/java/jvnet-parent/5/jvnet-parent-5.pom
Progress (1): 832 B
Progress (1): 2.8 kB
Progress (1): 5.3 kB
Progress (1): 8.9 kB
                    
Downloaded from central: https://repo1.maven.org/maven2/net/java/jvnet-parent/5/jvnet-parent-5.pom (8.9 kB at 81 kB/s)
Downloading from central: https://repo1.maven.org/maven2/org/apache/hive/hive-standalone-metastore-common/4.3.0-SNAPSHOT/maven-metadata.xml
Downloading from central: https://repo1.maven.org/maven2/org/apache/hive/hive-standalone-metastore-common/4.3.0-SNAPSHOT/hive-standalone-metastore-common-4.3.0-SNAPSHOT.pom
[WARNING] The POM for org.apache.hive:hive-standalone-metastore-common:jar:tests:4.3.0-SNAPSHOT is missing, no dependency information available
Downloading from central: https://repo1.maven.org/maven2/org/apache/hive/hive-standalone-metastore-server/4.3.0-SNAPSHOT/maven-metadata.xml
Downloading from central: https://repo1.maven.org/maven2/org/apache/hive/hive-standalone-metastore-server/4.3.0-SNAPSHOT/hive-standalone-metastore-server-4.3.0-SNAPSHOT.pom
[WARNING] The POM for org.apache.hive:hive-standalone-metastore-server:jar:tests:4.3.0-SNAPSHOT is missing, no dependency information available
Downloading from central: https://repo1.maven.org/maven2/org/junit/jupiter/junit-jupiter-engine/5.13.3/junit-jupiter-engine-5.13.3.pom
Progress (1): 960 B
Progress (1): 3.2 kB
                    
Downloaded from central: https://repo1.maven.org/maven2/org/junit/jupiter/junit-jupiter-engine/5.13.3/junit-jupiter-engine-5.13.3.pom (3.2 kB at 20 kB/s)
Downloading from central: https://repo1.maven.org/maven2/org/junit/junit-bom/5.13.3/junit-bom-5.13.3.pom
Progress (1): 908 B
Progress (1): 4.1 kB
Progress (1): 5.7 kB
                    
Downloaded from central: https://repo1.maven.org/maven2/org/junit/junit-bom/5.13.3/junit-bom-5.13.3.pom (5.7 kB at 49 kB/s)
Downloading from central: https://repo1.maven.org/maven2/org/junit/platform/junit-platform-engine/1.13.3/junit-platform-engine-1.13.3.pom
Progress (1): 953 B
Progress (1): 3.2 kB
                    
Downloaded from central: https://repo1.maven.org/maven2/org/junit/platform/junit-platform-engine/1.13.3/junit-platform-engine-1.13.3.pom (3.2 kB at 27 kB/s)
Downloading from central: https://repo1.maven.org/maven2/org/junit/platform/junit-platform-commons/1.13.3/junit-platform-commons-1.13.3.pom
Progress (1): 967 B
Progress (1): 2.9 kB
                    
Downloaded from central: https://repo1.maven.org/maven2/org/junit/platform/junit-platform-commons/1.13.3/junit-platform-commons-1.13.3.pom (2.9 kB at 36 kB/s)
Downloading from central: https://repo1.maven.org/maven2/org/junit/jupiter/junit-jupiter-api/5.13.3/junit-jupiter-api-5.13.3.pom
Progress (1): 951 B
Progress (1): 3.2 kB
                    
Downloaded from central: https://repo1.maven.org/maven2/org/junit/jupiter/junit-jupiter-api/5.13.3/junit-jupiter-api-5.13.3.pom (3.2 kB at 5.9 kB/s)
Downloading from central: https://repo1.maven.org/maven2/org/junit/vintage/junit-vintage-engine/5.13.3/junit-vintage-engine-5.13.3.pom
Progress (1): 960 B
Progress (1): 3.2 kB
                    
Downloaded from central: https://repo1.maven.org/maven2/org/junit/vintage/junit-vintage-engine/5.13.3/junit-vintage-engine-5.13.3.pom (3.2 kB at 27 kB/s)
Downloading from central: https://repo1.maven.org/maven2/org/apache/hive/hive-common/4.3.0-SNAPSHOT/maven-metadata.xml
Downloading from central: https://repo1.maven.org/maven2/org/apache/hive/hive-common/4.3.0-SNAPSHOT/hive-common-4.3.0-SNAPSHOT.pom
[WARNING] The POM for org.apache.hive:hive-common:jar:tests:4.3.0-SNAPSHOT is missing, no dependency information available
Downloading from central: https://repo1.maven.org/maven2/org/apache/pig/pig/0.16.0/pig-0.16.0.pom
Progress (1): 806 B
Progress (1): 4.4 kB
Progress (1): 6.1 kB
                    
Downloaded from central: https://repo1.maven.org/maven2/org/apache/pig/pig/0.16.0/pig-0.16.0.pom (6.1 kB at 20 kB/s)
Downloading from central: https://repo1.maven.org/maven2/xmlenc/xmlenc/0.52/xmlenc-0.52.pom
Progress (1): 623 B
                   
Downloaded from central: https://repo1.maven.org/maven2/xmlenc/xmlenc/0.52/xmlenc-0.52.pom (623 B at 9.4 kB/s)
Downloading from central: https://repo1.maven.org/maven2/commons-net/commons-net/1.4.1/commons-net-1.4.1.pom
Progress (1): 1.5 kB
Progress (1): 3.7 kB
Progress (1): 4.8 kB
                    
Downloaded from central: https://repo1.maven.org/maven2/commons-net/commons-net/1.4.1/commons-net-1.4.1.pom (4.8 kB at 43 kB/s)
Downloading from central: https://repo1.maven.org/maven2/org/mortbay/jetty/jetty/6.1.26/jetty-6.1.26.pom
Progress (1): 1.6 kB
Progress (1): 4.7 kB
Progress (1): 6.3 kB
                    
Downloaded from central: https://repo1.maven.org/maven2/org/mortbay/jetty/jetty/6.1.26/jetty-6.1.26.pom (6.3 kB at 70 kB/s)
Downloading from central: https://repo1.maven.org/maven2/org/mortbay/jetty/project/6.1.26/project-6.1.26.pom
Progress (1): 1.2 kB
Progress (1): 4.0 kB
Progress (1): 6.9 kB
Progress (1): 9.2 kB
                    
Downloaded from central: https://repo1.maven.org/maven2/org/mortbay/jetty/project/6.1.26/project-6.1.26.pom (9.2 kB at 76 kB/s)
Downloading from central: https://repo1.maven.org/maven2/org/mortbay/jetty/jetty-parent/10/jetty-parent-10.pom
Progress (1): 1.4 kB
Progress (1): 3.3 kB
                    
Downloaded from central: https://repo1.maven.org/maven2/org/mortbay/jetty/jetty-parent/10/jetty-parent-10.pom (3.3 kB at 46 kB/s)
Downloading from central: https://repo1.maven.org/maven2/org/eclipse/jetty/jetty-parent/14/jetty-parent-14.pom
Progress (1): 1.1 kB
Progress (1): 5.4 kB
Progress (1): 8.2 kB
Progress (1): 11 kB 
Progress (1): 15 kB
Progress (1): 16 kB
                   
Downloaded from central: https://repo1.maven.org/maven2/org/eclipse/jetty/jetty-parent/14/jetty-parent-14.pom (16 kB at 149 kB/s)
Downloading from central: https://repo1.maven.org/maven2/org/mortbay/jetty/jetty-util/6.1.26/jetty-util-6.1.26.pom
Progress (1): 1.3 kB
Progress (1): 3.7 kB
Progress (1): 3.9 kB
                    
Downloaded from central: https://repo1.maven.org/maven2/org/mortbay/jetty/jetty-util/6.1.26/jetty-util-6.1.26.pom (3.9 kB at 44 kB/s)
Downloading from central: https://repo1.maven.org/maven2/org/mortbay/jetty/servlet-api/2.5-20081211/servlet-api-2.5-20081211.pom
Progress (1): 1.4 kB
Progress (1): 2.7 kB
                    
Downloaded from central: https://repo1.maven.org/maven2/org/mortbay/jetty/servlet-api/2.5-20081211/servlet-api-2.5-20081211.pom (2.7 kB at 21 kB/s)
Downloading from central: https://repo1.maven.org/maven2/org/mortbay/jetty/jetty-parent/7/jetty-parent-7.pom
Progress (1): 1.8 kB
Progress (1): 4.8 kB
Progress (1): 7.7 kB
Progress (1): 12 kB 
Progress (1): 13 kB
                   
Downloaded from central: https://repo1.maven.org/maven2/org/mortbay/jetty/jetty-parent/7/jetty-parent-7.pom (13 kB at 168 kB/s)
Downloading from central: https://repo1.maven.org/maven2/org/mortbay/jetty/jsp-api-2.1/6.1.14/jsp-api-2.1-6.1.14.pom
Progress (1): 1.3 kB
Progress (1): 3.7 kB
Progress (1): 4.3 kB
                    
Downloaded from central: https://repo1.maven.org/maven2/org/mortbay/jetty/jsp-api-2.1/6.1.14/jsp-api-2.1-6.1.14.pom (4.3 kB at 50 kB/s)
Downloading from central: https://repo1.maven.org/maven2/org/mortbay/jetty/project/6.1.14/project-6.1.14.pom
Progress (1): 1.2 kB
Progress (1): 3.9 kB
Progress (1): 6.8 kB
Progress (1): 8.8 kB
                    
Downloaded from central: https://repo1.maven.org/maven2/org/mortbay/jetty/project/6.1.14/project-6.1.14.pom (8.8 kB at 71 kB/s)
Downloading from central: https://repo1.maven.org/maven2/org/mortbay/jetty/servlet-api-2.5/6.1.14/servlet-api-2.5-6.1.14.pom
Progress (1): 1.1 kB
Progress (1): 3.4 kB
                    
Downloaded from central: https://repo1.maven.org/maven2/org/mortbay/jetty/servlet-api-2.5/6.1.14/servlet-api-2.5-6.1.14.pom (3.4 kB at 32 kB/s)
Downloading from central: https://repo1.maven.org/maven2/org/mortbay/jetty/jsp-2.1/6.1.14/jsp-2.1-6.1.14.pom
Progress (1): 1.1 kB
Progress (1): 3.9 kB
Progress (1): 6.2 kB
                    
Downloaded from central: https://repo1.maven.org/maven2/org/mortbay/jetty/jsp-2.1/6.1.14/jsp-2.1-6.1.14.pom (6.2 kB at 96 kB/s)
Downloading from central: https://repo1.maven.org/maven2/org/eclipse/jdt/core/3.1.1/core-3.1.1.pom
Progress (1): 677 B
                   
Downloaded from central: https://repo1.maven.org/maven2/org/eclipse/jdt/core/3.1.1/core-3.1.1.pom (677 B at 9.3 kB/s)
Downloading from central: https://repo1.maven.org/maven2/net/java/dev/jets3t/jets3t/0.7.1/jets3t-0.7.1.pom
Progress (1): 933 B
Progress (1): 1.5 kB
                    
Downloaded from central: https://repo1.maven.org/maven2/net/java/dev/jets3t/jets3t/0.7.1/jets3t-0.7.1.pom (1.5 kB at 20 kB/s)
Downloading from central: https://repo1.maven.org/maven2/net/sf/kosmosfs/kfs/0.3/kfs-0.3.pom
Progress (1): 685 B
                   
Downloaded from central: https://repo1.maven.org/maven2/net/sf/kosmosfs/kfs/0.3/kfs-0.3.pom (685 B at 10 kB/s)
Downloading from central: https://repo1.maven.org/maven2/org/antlr/ST4/4.0.4/ST4-4.0.4.pom
Progress (1): 836 B
Progress (1): 2.0 kB
Progress (1): 3.7 kB
Progress (1): 6.1 kB
Progress (1): 8.7 kB
Progress (1): 9.6 kB
                    
Downloaded from central: https://repo1.maven.org/maven2/org/antlr/ST4/4.0.4/ST4-4.0.4.pom (9.6 kB at 162 kB/s)
Downloading from central: https://repo1.maven.org/maven2/org/antlr/antlr-runtime/3.5.2/antlr-runtime-3.5.2.pom
Progress (1): 980 B
Progress (1): 2.2 kB
                    
Downloaded from central: https://repo1.maven.org/maven2/org/antlr/antlr-runtime/3.5.2/antlr-runtime-3.5.2.pom (2.2 kB at 55 kB/s)
Downloading from central: https://repo1.maven.org/maven2/org/antlr/antlr-master/3.5.2/antlr-master-3.5.2.pom
Progress (1): 1.0 kB
Progress (1): 2.6 kB
Progress (1): 5.1 kB
Progress (1): 7.7 kB
Progress (1): 12 kB 
                   
Downloaded from central: https://repo1.maven.org/maven2/org/antlr/antlr-master/3.5.2/antlr-master-3.5.2.pom (12 kB at 223 kB/s)
Downloading from central: https://repo1.maven.org/maven2/dk/brics/automaton/automaton/1.11-8/automaton-1.11-8.pom
Progress (1): 1.0 kB
Progress (1): 1.1 kB
                    
Downloaded from central: https://repo1.maven.org/maven2/dk/brics/automaton/automaton/1.11-8/automaton-1.11-8.pom (1.1 kB at 24 kB/s)
Downloading from central: https://repo1.maven.org/maven2/org/codehaus/jackson/jackson-mapper-asl/1.8.8/jackson-mapper-asl-1.8.8.pom
Progress (1): 1.1 kB
Progress (1): 1.2 kB
                    
Downloaded from central: https://repo1.maven.org/maven2/org/codehaus/jackson/jackson-mapper-asl/1.8.8/jackson-mapper-asl-1.8.8.pom (1.2 kB at 20 kB/s)
Downloading from central: https://repo1.maven.org/maven2/org/codehaus/jackson/jackson-core-asl/1.8.8/jackson-core-asl-1.8.8.pom
Progress (1): 1.0 kB
                    
Downloaded from central: https://repo1.maven.org/maven2/org/codehaus/jackson/jackson-core-asl/1.8.8/jackson-core-asl-1.8.8.pom (1.0 kB at 19 kB/s)
Downloading from central: https://repo1.maven.org/maven2/joda-time/joda-time/2.13.0/joda-time-2.13.0.pom
Progress (1): 902 B
Progress (1): 3.8 kB
Progress (1): 7.4 kB
Progress (1): 11 kB 
Progress (1): 13 kB
Progress (1): 16 kB
Progress (1): 20 kB
Progress (1): 26 kB
Progress (1): 29 kB
Progress (1): 32 kB
Progress (1): 34 kB
Progress (1): 38 kB
Progress (1): 40 kB
                   
Downloaded from central: https://repo1.maven.org/maven2/joda-time/joda-time/2.13.0/joda-time-2.13.0.pom (40 kB at 775 kB/s)
Downloading from central: https://repo1.maven.org/maven2/org/mockito/mockito-core/5.17.0/mockito-core-5.17.0.pom
Progress (1): 1.6 kB
Progress (1): 2.5 kB
                    
Downloaded from central: https://repo1.maven.org/maven2/org/mockito/mockito-core/5.17.0/mockito-core-5.17.0.pom (2.5 kB at 53 kB/s)
Downloading from central: https://repo1.maven.org/maven2/net/bytebuddy/byte-buddy/1.15.11/byte-buddy-1.15.11.pom
Progress (1): 959 B
Progress (1): 3.7 kB
Progress (1): 6.8 kB
Progress (1): 15 kB 
Progress (1): 17 kB
                   
Downloaded from central: https://repo1.maven.org/maven2/net/bytebuddy/byte-buddy/1.15.11/byte-buddy-1.15.11.pom (17 kB at 327 kB/s)
Downloading from central: https://repo1.maven.org/maven2/net/bytebuddy/byte-buddy-parent/1.15.11/byte-buddy-parent-1.15.11.pom
Progress (1): 836 B
Progress (1): 2.1 kB
Progress (1): 3.7 kB
Progress (1): 6.2 kB
Progress (1): 8.1 kB
Progress (1): 11 kB 
Progress (1): 13 kB
Progress (1): 17 kB
Progress (1): 22 kB
Progress (1): 25 kB
Progress (1): 35 kB
Progress (1): 47 kB
Progress (1): 52 kB
Progress (1): 58 kB
Progress (1): 63 kB
                   
Downloaded from central: https://repo1.maven.org/maven2/net/bytebuddy/byte-buddy-parent/1.15.11/byte-buddy-parent-1.15.11.pom (63 kB at 1.2 MB/s)
Downloading from central: https://repo1.maven.org/maven2/net/bytebuddy/byte-buddy-agent/1.15.11/byte-buddy-agent-1.15.11.pom
Progress (1): 1.2 kB
Progress (1): 3.6 kB
Progress (1): 6.1 kB
Progress (1): 11 kB 
Progress (1): 12 kB
                   
Downloaded from central: https://repo1.maven.org/maven2/net/bytebuddy/byte-buddy-agent/1.15.11/byte-buddy-agent-1.15.11.pom (12 kB at 234 kB/s)
Downloading from central: https://repo1.maven.org/maven2/org/apache/hive/hcatalog/hive-hcatalog-core/4.3.0-SNAPSHOT/hive-hcatalog-core-4.3.0-SNAPSHOT.jar
Downloading from central: https://repo1.maven.org/maven2/org/eclipse/jetty/jetty-rewrite/9.4.57.v20241219/jetty-rewrite-9.4.57.v20241219.jar
Downloading from central: https://repo1.maven.org/maven2/org/eclipse/jetty/jetty-server/9.4.57.v20241219/jetty-server-9.4.57.v20241219.jar
Downloading from central: https://repo1.maven.org/maven2/org/eclipse/jetty/jetty-http/9.4.57.v20241219/jetty-http-9.4.57.v20241219.jar
Downloading from central: https://repo1.maven.org/maven2/org/eclipse/jetty/jetty-util/9.4.57.v20241219/jetty-util-9.4.57.v20241219.jar
Progress (1): 0.9/250 kB
Progress (2): 0.9/250 kB | 0.9/589 kB
Progress (2): 2.3/250 kB | 0.9/589 kB
Progress (2): 2.3/250 kB | 2.3/589 kB
Progress (2): 3.7/250 kB | 2.3/589 kB
Progress (2): 3.7/250 kB | 3.4/589 kB
Progress (2): 5.0/250 kB | 3.4/589 kB
Progress (2): 5.0/250 kB | 4.8/589 kB
Progress (2): 6.4/250 kB | 4.8/589 kB
Progress (2): 6.4/250 kB | 6.1/589 kB
Progress (2): 6.4/250 kB | 7.5/589 kB
Progress (2): 7.8/250 kB | 7.5/589 kB
Progress (2): 9.1/250 kB | 7.5/589 kB
Progress (2): 11/250 kB | 7.5/589 kB 
Progress (2): 11/250 kB | 8.9/589 kB
Progress (2): 12/250 kB | 8.9/589 kB
Progress (2): 12/250 kB | 10/589 kB 
Progress (2): 13/250 kB | 10/589 kB
Progress (2): 13/250 kB | 12/589 kB
Progress (2): 15/250 kB | 12/589 kB
Progress (2): 15/250 kB | 13/589 kB
Progress (2): 16/250 kB | 13/589 kB
Progress (2): 16/250 kB | 14/589 kB
Progress (2): 17/250 kB | 14/589 kB
Progress (2): 17/250 kB | 16/589 kB
Progress (2): 17/250 kB | 17/589 kB
Progress (2): 19/250 kB | 17/589 kB
Progress (2): 19/250 kB | 18/589 kB
Progress (2): 20/250 kB | 18/589 kB
Progress (2): 20/250 kB | 20/589 kB
Progress (2): 21/250 kB | 20/589 kB
Progress (2): 21/250 kB | 21/589 kB
Progress (2): 23/250 kB | 21/589 kB
Progress (2): 23/250 kB | 23/589 kB
Progress (2): 24/250 kB | 23/589 kB
Progress (2): 24/250 kB | 24/589 kB
Progress (2): 26/250 kB | 24/589 kB
Progress (2): 26/250 kB | 25/589 kB
Progress (2): 27/250 kB | 25/589 kB
Progress (2): 27/250 kB | 27/589 kB
Progress (2): 28/250 kB | 27/589 kB
Progress (2): 28/250 kB | 28/589 kB
Progress (2): 29/250 kB | 28/589 kB
Progress (2): 30/250 kB | 28/589 kB
Progress (2): 30/250 kB | 29/589 kB
Progress (2): 30/250 kB | 31/589 kB
Progress (2): 31/250 kB | 31/589 kB
Progress (2): 31/250 kB | 32/589 kB
Progress (2): 33/250 kB | 32/589 kB
Progress (2): 34/250 kB | 32/589 kB
Progress (2): 34/250 kB | 34/589 kB
Progress (2): 36/250 kB | 34/589 kB
Progress (2): 36/250 kB | 35/589 kB
Progress (2): 37/250 kB | 35/589 kB
Progress (2): 37/250 kB | 36/589 kB
Progress (2): 38/250 kB | 36/589 kB
Progress (2): 40/250 kB | 36/589 kB
Progress (2): 40/250 kB | 38/589 kB
Progress (2): 41/250 kB | 38/589 kB
Progress (2): 42/250 kB | 38/589 kB
Progress (2): 42/250 kB | 39/589 kB
Progress (2): 42/250 kB | 40/589 kB
Progress (2): 44/250 kB | 40/589 kB
Progress (2): 44/250 kB | 42/589 kB
Progress (2): 45/250 kB | 42/589 kB
Progress (2): 46/250 kB | 42/589 kB
Progress (2): 46/250 kB | 43/589 kB
Progress (2): 48/250 kB | 43/589 kB
Progress (2): 48/250 kB | 44/589 kB
Progress (2): 49/250 kB | 44/589 kB
Progress (2): 49/250 kB | 46/589 kB
Progress (2): 51/250 kB | 46/589 kB
Progress (2): 51/250 kB | 47/589 kB
Progress (2): 52/250 kB | 47/589 kB
Progress (2): 52/250 kB | 49/589 kB
Progress (2): 53/250 kB | 49/589 kB
Progress (2): 53/250 kB | 50/589 kB
Progress (2): 55/250 kB | 50/589 kB
Progress (2): 55/250 kB | 51/589 kB
Progress (2): 55/250 kB | 53/589 kB
Progress (2): 59/250 kB | 53/589 kB
Progress (2): 59/250 kB | 54/589 kB
Progress (2): 63/250 kB | 54/589 kB
Progress (2): 63/250 kB | 55/589 kB
Progress (2): 63/250 kB | 60/589 kB
Progress (3): 63/250 kB | 60/589 kB | 0.9/739 kB
Progress (3): 63/250 kB | 60/589 kB | 2.3/739 kB
Progress (3): 63/250 kB | 60/589 kB | 3.7/739 kB
Progress (3): 63/250 kB | 60/589 kB | 5.0/739 kB
Progress (3): 63/250 kB | 60/589 kB | 6.4/739 kB
Progress (3): 63/250 kB | 60/589 kB | 7.8/739 kB
Progress (3): 63/250 kB | 60/589 kB | 9.1/739 kB
Progress (3): 63/250 kB | 60/589 kB | 11/739 kB 
Progress (3): 63/250 kB | 60/589 kB | 12/739 kB
Progress (3): 63/250 kB | 60/589 kB | 13/739 kB
Progress (3): 63/250 kB | 60/589 kB | 15/739 kB
Progress (3): 63/250 kB | 60/589 kB | 16/739 kB
Progress (3): 63/250 kB | 60/589 kB | 17/739 kB
Progress (3): 63/250 kB | 60/589 kB | 19/739 kB
Progress (3): 63/250 kB | 60/589 kB | 20/739 kB
Progress (3): 63/250 kB | 60/589 kB | 21/739 kB
Progress (3): 63/250 kB | 60/589 kB | 23/739 kB
Progress (3): 63/250 kB | 60/589 kB | 24/739 kB
Progress (3): 63/250 kB | 60/589 kB | 26/739 kB
Progress (3): 63/250 kB | 60/589 kB | 27/739 kB
Progress (3): 63/250 kB | 60/589 kB | 28/739 kB
Progress (3): 63/250 kB | 60/589 kB | 30/739 kB
Progress (3): 63/250 kB | 60/589 kB | 31/739 kB
Progress (3): 63/250 kB | 60/589 kB | 32/739 kB
Progress (3): 63/250 kB | 60/589 kB | 34/739 kB
Progress (3): 63/250 kB | 60/589 kB | 35/739 kB
Progress (3): 63/250 kB | 60/589 kB | 37/739 kB
Progress (3): 63/250 kB | 60/589 kB | 38/739 kB
Progress (3): 63/250 kB | 60/589 kB | 39/739 kB
Progress (3): 63/250 kB | 60/589 kB | 41/739 kB
Progress (3): 63/250 kB | 60/589 kB | 42/739 kB
Progress (3): 63/250 kB | 60/589 kB | 43/739 kB
Progress (3): 63/250 kB | 60/589 kB | 45/739 kB
Progress (3): 67/250 kB | 60/589 kB | 45/739 kB
Progress (3): 72/250 kB | 60/589 kB | 45/739 kB
Progress (3): 76/250 kB | 60/589 kB | 45/739 kB
Progress (3): 76/250 kB | 60/589 kB | 46/739 kB
Progress (3): 80/250 kB | 60/589 kB | 46/739 kB
Progress (3): 80/250 kB | 60/589 kB | 47/739 kB
Progress (3): 80/250 kB | 60/589 kB | 49/739 kB
Progress (3): 84/250 kB | 60/589 kB | 49/739 kB
Progress (3): 89/250 kB | 60/589 kB | 49/739 kB
Progress (3): 89/250 kB | 60/589 kB | 50/739 kB
Progress (3): 89/250 kB | 60/589 kB | 52/739 kB
Progress (3): 89/250 kB | 60/589 kB | 53/739 kB
Progress (3): 93/250 kB | 60/589 kB | 53/739 kB
Progress (3): 97/250 kB | 60/589 kB | 53/739 kB
Progress (3): 101/250 kB | 60/589 kB | 53/739 kB
Progress (3): 101/250 kB | 60/589 kB | 54/739 kB
Progress (3): 101/250 kB | 60/589 kB | 56/739 kB
Progress (3): 105/250 kB | 60/589 kB | 56/739 kB
Progress (3): 110/250 kB | 60/589 kB | 56/739 kB
Progress (3): 114/250 kB | 60/589 kB | 56/739 kB
Progress (3): 114/250 kB | 60/589 kB | 60/739 kB
Progress (3): 118/250 kB | 60/589 kB | 60/739 kB
Progress (3): 122/250 kB | 60/589 kB | 60/739 kB
Progress (3): 127/250 kB | 60/589 kB | 60/739 kB
Progress (3): 131/250 kB | 60/589 kB | 60/739 kB
Progress (3): 135/250 kB | 60/589 kB | 60/739 kB
Progress (3): 139/250 kB | 60/589 kB | 60/739 kB
Progress (3): 143/250 kB | 60/589 kB | 60/739 kB
Progress (3): 148/250 kB | 60/589 kB | 60/739 kB
Progress (4): 148/250 kB | 60/589 kB | 60/739 kB | 0.9/45 kB
Progress (4): 152/250 kB | 60/589 kB | 60/739 kB | 0.9/45 kB
Progress (4): 156/250 kB | 60/589 kB | 60/739 kB | 0.9/45 kB
Progress (4): 160/250 kB | 60/589 kB | 60/739 kB | 0.9/45 kB
Progress (4): 164/250 kB | 60/589 kB | 60/739 kB | 0.9/45 kB
Progress (4): 168/250 kB | 60/589 kB | 60/739 kB | 0.9/45 kB
Progress (4): 168/250 kB | 64/589 kB | 60/739 kB | 0.9/45 kB
Progress (4): 172/250 kB | 64/589 kB | 60/739 kB | 0.9/45 kB
Progress (4): 172/250 kB | 68/589 kB | 60/739 kB | 0.9/45 kB
Progress (4): 172/250 kB | 72/589 kB | 60/739 kB | 0.9/45 kB
Progress (4): 172/250 kB | 77/589 kB | 60/739 kB | 0.9/45 kB
Progress (4): 172/250 kB | 77/589 kB | 60/739 kB | 2.3/45 kB
Progress (4): 172/250 kB | 77/589 kB | 60/739 kB | 3.7/45 kB
Progress (4): 177/250 kB | 77/589 kB | 60/739 kB | 3.7/45 kB
Progress (4): 181/250 kB | 77/589 kB | 60/739 kB | 3.7/45 kB
Progress (4): 185/250 kB | 77/589 kB | 60/739 kB | 3.7/45 kB
Progress (4): 185/250 kB | 81/589 kB | 60/739 kB | 3.7/45 kB
Progress (4): 189/250 kB | 81/589 kB | 60/739 kB | 3.7/45 kB
Progress (4): 189/250 kB | 85/589 kB | 60/739 kB | 3.7/45 kB
Progress (4): 189/250 kB | 89/589 kB | 60/739 kB | 3.7/45 kB
Progress (4): 194/250 kB | 89/589 kB | 60/739 kB | 3.7/45 kB
Progress (4): 198/250 kB | 89/589 kB | 60/739 kB | 3.7/45 kB
Progress (4): 202/250 kB | 89/589 kB | 60/739 kB | 3.7/45 kB
Progress (4): 206/250 kB | 89/589 kB | 60/739 kB | 3.7/45 kB
Progress (4): 206/250 kB | 89/589 kB | 60/739 kB | 5.0/45 kB
Progress (4): 206/250 kB | 89/589 kB | 60/739 kB | 6.4/45 kB
Progress (4): 210/250 kB | 89/589 kB | 60/739 kB | 6.4/45 kB
Progress (4): 210/250 kB | 89/589 kB | 60/739 kB | 7.8/45 kB
Progress (4): 215/250 kB | 89/589 kB | 60/739 kB | 7.8/45 kB
Progress (4): 219/250 kB | 89/589 kB | 60/739 kB | 7.8/45 kB
Progress (4): 219/250 kB | 89/589 kB | 60/739 kB | 9.1/45 kB
Progress (4): 219/250 kB | 89/589 kB | 60/739 kB | 11/45 kB 
Progress (4): 219/250 kB | 89/589 kB | 60/739 kB | 12/45 kB
Progress (4): 219/250 kB | 89/589 kB | 60/739 kB | 13/45 kB
Progress (4): 223/250 kB | 89/589 kB | 60/739 kB | 13/45 kB
Progress (4): 223/250 kB | 89/589 kB | 60/739 kB | 15/45 kB
Progress (4): 223/250 kB | 89/589 kB | 60/739 kB | 16/45 kB
Progress (4): 223/250 kB | 89/589 kB | 60/739 kB | 16/45 kB
Progress (4): 223/250 kB | 89/589 kB | 60/739 kB | 18/45 kB
Progress (4): 223/250 kB | 89/589 kB | 60/739 kB | 19/45 kB
Progress (4): 223/250 kB | 89/589 kB | 60/739 kB | 20/45 kB
Progress (4): 223/250 kB | 89/589 kB | 60/739 kB | 22/45 kB
Progress (4): 223/250 kB | 89/589 kB | 60/739 kB | 23/45 kB
Progress (4): 223/250 kB | 89/589 kB | 60/739 kB | 25/45 kB
Progress (4): 223/250 kB | 89/589 kB | 60/739 kB | 26/45 kB
Progress (4): 240/250 kB | 89/589 kB | 60/739 kB | 26/45 kB
Progress (4): 240/250 kB | 89/589 kB | 60/739 kB | 27/45 kB
Progress (4): 240/250 kB | 89/589 kB | 60/739 kB | 29/45 kB
Progress (4): 240/250 kB | 89/589 kB | 60/739 kB | 30/45 kB
Progress (4): 240/250 kB | 89/589 kB | 60/739 kB | 31/45 kB
Progress (4): 240/250 kB | 89/589 kB | 60/739 kB | 33/45 kB
Progress (4): 240/250 kB | 89/589 kB | 60/739 kB | 34/45 kB
Progress (4): 240/250 kB | 89/589 kB | 60/739 kB | 36/45 kB
Progress (4): 240/250 kB | 89/589 kB | 60/739 kB | 37/45 kB
Progress (4): 240/250 kB | 89/589 kB | 60/739 kB | 38/45 kB
Progress (4): 240/250 kB | 89/589 kB | 60/739 kB | 40/45 kB
Progress (4): 240/250 kB | 89/589 kB | 60/739 kB | 41/45 kB
Progress (4): 250 kB | 89/589 kB | 60/739 kB | 41/45 kB    
Progress (4): 250 kB | 89/589 kB | 60/739 kB | 42/45 kB
Progress (4): 250 kB | 89/589 kB | 60/739 kB | 44/45 kB
Progress (4): 250 kB | 89/589 kB | 60/739 kB | 45 kB   
Progress (4): 250 kB | 93/589 kB | 60/739 kB | 45 kB
Progress (4): 250 kB | 94/589 kB | 60/739 kB | 45 kB
Progress (4): 250 kB | 98/589 kB | 60/739 kB | 45 kB
Progress (4): 250 kB | 102/589 kB | 60/739 kB | 45 kB
Progress (4): 250 kB | 106/589 kB | 60/739 kB | 45 kB
Progress (4): 250 kB | 110/589 kB | 60/739 kB | 45 kB
Progress (4): 250 kB | 115/589 kB | 60/739 kB | 45 kB
Progress (4): 250 kB | 119/589 kB | 60/739 kB | 45 kB
Progress (4): 250 kB | 123/589 kB | 60/739 kB | 45 kB
Progress (4): 250 kB | 127/589 kB | 60/739 kB | 45 kB
Progress (4): 250 kB | 132/589 kB | 60/739 kB | 45 kB
Progress (4): 250 kB | 134/589 kB | 60/739 kB | 45 kB
Progress (4): 250 kB | 139/589 kB | 60/739 kB | 45 kB
Progress (4): 250 kB | 143/589 kB | 60/739 kB | 45 kB
Progress (4): 250 kB | 147/589 kB | 60/739 kB | 45 kB
Progress (4): 250 kB | 151/589 kB | 60/739 kB | 45 kB
Progress (4): 250 kB | 156/589 kB | 60/739 kB | 45 kB
Progress (4): 250 kB | 160/589 kB | 60/739 kB | 45 kB
Progress (4): 250 kB | 164/589 kB | 60/739 kB | 45 kB
Progress (4): 250 kB | 167/589 kB | 60/739 kB | 45 kB
Progress (4): 250 kB | 171/589 kB | 60/739 kB | 45 kB
Progress (4): 250 kB | 176/589 kB | 60/739 kB | 45 kB
Progress (4): 250 kB | 180/589 kB | 60/739 kB | 45 kB
Progress (4): 250 kB | 180/589 kB | 64/739 kB | 45 kB
Progress (4): 250 kB | 184/589 kB | 64/739 kB | 45 kB
Progress (4): 250 kB | 188/589 kB | 64/739 kB | 45 kB
Progress (4): 250 kB | 188/589 kB | 68/739 kB | 45 kB
Progress (4): 250 kB | 193/589 kB | 68/739 kB | 45 kB
Progress (4): 250 kB | 193/589 kB | 73/739 kB | 45 kB
Progress (4): 250 kB | 193/589 kB | 77/739 kB | 45 kB
Progress (4): 250 kB | 193/589 kB | 81/739 kB | 45 kB
Progress (4): 250 kB | 197/589 kB | 81/739 kB | 45 kB
Progress (4): 250 kB | 197/589 kB | 85/739 kB | 45 kB
Progress (4): 250 kB | 200/589 kB | 85/739 kB | 45 kB
Progress (4): 250 kB | 200/589 kB | 90/739 kB | 45 kB
Progress (4): 250 kB | 201/589 kB | 90/739 kB | 45 kB
Progress (4): 250 kB | 205/589 kB | 90/739 kB | 45 kB
Progress (4): 250 kB | 205/589 kB | 94/739 kB | 45 kB
Progress (4): 250 kB | 210/589 kB | 94/739 kB | 45 kB
Progress (4): 250 kB | 210/589 kB | 98/739 kB | 45 kB
Progress (4): 250 kB | 214/589 kB | 98/739 kB | 45 kB
Progress (4): 250 kB | 214/589 kB | 102/739 kB | 45 kB
Progress (4): 250 kB | 218/589 kB | 102/739 kB | 45 kB
Progress (4): 250 kB | 234/589 kB | 102/739 kB | 45 kB
Progress (4): 250 kB | 234/589 kB | 106/739 kB | 45 kB
Progress (4): 250 kB | 251/589 kB | 106/739 kB | 45 kB
Progress (4): 250 kB | 251/589 kB | 111/739 kB | 45 kB
                                                      
Downloading from central: https://repo1.maven.org/maven2/org/eclipse/jetty/jetty-io/9.4.57.v20241219/jetty-io-9.4.57.v20241219.jar
Progress (4): 250 kB | 251/589 kB | 115/739 kB | 45 kB
Progress (4): 250 kB | 251/589 kB | 119/739 kB | 45 kB
Progress (4): 250 kB | 267/589 kB | 119/739 kB | 45 kB
Progress (4): 250 kB | 267/589 kB | 123/739 kB | 45 kB
Progress (4): 250 kB | 284/589 kB | 123/739 kB | 45 kB
Progress (4): 250 kB | 300/589 kB | 123/739 kB | 45 kB
Progress (4): 250 kB | 300/589 kB | 128/739 kB | 45 kB
Progress (4): 250 kB | 300/589 kB | 132/739 kB | 45 kB
Progress (4): 250 kB | 300/589 kB | 136/739 kB | 45 kB
Progress (4): 250 kB | 300/589 kB | 140/739 kB | 45 kB
Progress (4): 250 kB | 300/589 kB | 144/739 kB | 45 kB
Progress (4): 250 kB | 300/589 kB | 149/739 kB | 45 kB
Progress (4): 250 kB | 300/589 kB | 153/739 kB | 45 kB
Progress (4): 250 kB | 300/589 kB | 157/739 kB | 45 kB
Progress (4): 250 kB | 300/589 kB | 161/739 kB | 45 kB
Progress (4): 250 kB | 300/589 kB | 166/739 kB | 45 kB
Progress (4): 250 kB | 300/589 kB | 170/739 kB | 45 kB
Progress (4): 250 kB | 300/589 kB | 174/739 kB | 45 kB
Progress (4): 250 kB | 300/589 kB | 178/739 kB | 45 kB
Progress (4): 250 kB | 300/589 kB | 183/739 kB | 45 kB
Progress (4): 250 kB | 300/589 kB | 187/739 kB | 45 kB
Progress (4): 250 kB | 300/589 kB | 191/739 kB | 45 kB
Progress (4): 250 kB | 300/589 kB | 195/739 kB | 45 kB
Progress (4): 250 kB | 316/589 kB | 195/739 kB | 45 kB
Progress (4): 250 kB | 331/589 kB | 195/739 kB | 45 kB
Progress (4): 250 kB | 331/589 kB | 199/739 kB | 45 kB
Progress (4): 250 kB | 331/589 kB | 204/739 kB | 45 kB
Progress (4): 250 kB | 347/589 kB | 204/739 kB | 45 kB
Progress (4): 250 kB | 347/589 kB | 208/739 kB | 45 kB
Progress (4): 250 kB | 364/589 kB | 208/739 kB | 45 kB
Progress (4): 250 kB | 364/589 kB | 212/739 kB | 45 kB
Progress (4): 250 kB | 364/589 kB | 216/739 kB | 45 kB
Progress (4): 250 kB | 380/589 kB | 216/739 kB | 45 kB
Progress (4): 250 kB | 380/589 kB | 221/739 kB | 45 kB
Progress (4): 250 kB | 380/589 kB | 225/739 kB | 45 kB
Progress (4): 250 kB | 397/589 kB | 225/739 kB | 45 kB
Progress (4): 250 kB | 413/589 kB | 225/739 kB | 45 kB
Progress (4): 250 kB | 429/589 kB | 225/739 kB | 45 kB
Progress (4): 250 kB | 429/589 kB | 241/739 kB | 45 kB
Progress (4): 250 kB | 446/589 kB | 241/739 kB | 45 kB
Progress (4): 250 kB | 462/589 kB | 241/739 kB | 45 kB
Progress (4): 250 kB | 479/589 kB | 241/739 kB | 45 kB
Progress (4): 250 kB | 495/589 kB | 241/739 kB | 45 kB
Progress (4): 250 kB | 495/589 kB | 258/739 kB | 45 kB
Progress (4): 250 kB | 495/589 kB | 274/739 kB | 45 kB
Progress (4): 250 kB | 511/589 kB | 274/739 kB | 45 kB
Progress (4): 250 kB | 528/589 kB | 274/739 kB | 45 kB
Progress (4): 250 kB | 528/589 kB | 290/739 kB | 45 kB
Progress (4): 250 kB | 544/589 kB | 290/739 kB | 45 kB
Progress (4): 250 kB | 560/589 kB | 290/739 kB | 45 kB
Progress (4): 250 kB | 560/589 kB | 307/739 kB | 45 kB
Progress (4): 250 kB | 560/589 kB | 323/739 kB | 45 kB
Progress (4): 250 kB | 560/589 kB | 340/739 kB | 45 kB
Progress (4): 250 kB | 560/589 kB | 356/739 kB | 45 kB
Progress (4): 250 kB | 560/589 kB | 372/739 kB | 45 kB
Progress (4): 250 kB | 560/589 kB | 389/739 kB | 45 kB
Progress (4): 250 kB | 560/589 kB | 405/739 kB | 45 kB
Progress (4): 250 kB | 560/589 kB | 421/739 kB | 45 kB
Progress (4): 250 kB | 560/589 kB | 438/739 kB | 45 kB
Progress (4): 250 kB | 577/589 kB | 438/739 kB | 45 kB
Progress (4): 250 kB | 577/589 kB | 454/739 kB | 45 kB
Progress (4): 250 kB | 589 kB | 454/739 kB | 45 kB    
Progress (4): 250 kB | 589 kB | 471/739 kB | 45 kB
Progress (4): 250 kB | 589 kB | 487/739 kB | 45 kB
Progress (4): 250 kB | 589 kB | 503/739 kB | 45 kB
Progress (4): 250 kB | 589 kB | 520/739 kB | 45 kB
Progress (4): 250 kB | 589 kB | 536/739 kB | 45 kB
Progress (4): 250 kB | 589 kB | 553/739 kB | 45 kB
Progress (4): 250 kB | 589 kB | 569/739 kB | 45 kB
Progress (4): 250 kB | 589 kB | 585/739 kB | 45 kB
Progress (4): 250 kB | 589 kB | 602/739 kB | 45 kB
Progress (4): 250 kB | 589 kB | 618/739 kB | 45 kB
Progress (4): 250 kB | 589 kB | 634/739 kB | 45 kB
Progress (4): 250 kB | 589 kB | 651/739 kB | 45 kB
Progress (4): 250 kB | 589 kB | 667/739 kB | 45 kB
Progress (4): 250 kB | 589 kB | 684/739 kB | 45 kB
Progress (4): 250 kB | 589 kB | 700/739 kB | 45 kB
Progress (4): 250 kB | 589 kB | 716/739 kB | 45 kB
Progress (4): 250 kB | 589 kB | 733/739 kB | 45 kB
Progress (4): 250 kB | 589 kB | 739 kB | 45 kB    
                                              
Downloaded from central: https://repo1.maven.org/maven2/org/eclipse/jetty/jetty-rewrite/9.4.57.v20241219/jetty-rewrite-9.4.57.v20241219.jar (45 kB at 191 kB/s)
Downloading from central: https://repo1.maven.org/maven2/org/eclipse/jetty/jetty-servlet/9.4.57.v20241219/jetty-servlet-9.4.57.v20241219.jar
Downloaded from central: https://repo1.maven.org/maven2/org/eclipse/jetty/jetty-http/9.4.57.v20241219/jetty-http-9.4.57.v20241219.jar (250 kB at 1.1 MB/s)
Downloading from central: https://repo1.maven.org/maven2/org/eclipse/jetty/jetty-security/9.4.57.v20241219/jetty-security-9.4.57.v20241219.jar
Progress (3): 589 kB | 739 kB | 7.7/183 kB
Progress (3): 589 kB | 739 kB | 16/183 kB 
Progress (3): 589 kB | 739 kB | 25/183 kB
Progress (3): 589 kB | 739 kB | 41/183 kB
Progress (3): 589 kB | 739 kB | 57/183 kB
Progress (3): 589 kB | 739 kB | 74/183 kB
Progress (3): 589 kB | 739 kB | 90/183 kB
Progress (3): 589 kB | 739 kB | 106/183 kB
Progress (3): 589 kB | 739 kB | 123/183 kB
Progress (3): 589 kB | 739 kB | 139/183 kB
Progress (3): 589 kB | 739 kB | 156/183 kB
Progress (3): 589 kB | 739 kB | 172/183 kB
Progress (3): 589 kB | 739 kB | 183 kB    
                                      
Downloaded from central: https://repo1.maven.org/maven2/org/eclipse/jetty/jetty-util/9.4.57.v20241219/jetty-util-9.4.57.v20241219.jar (589 kB at 2.3 MB/s)
Downloading from central: https://repo1.maven.org/maven2/org/eclipse/jetty/jetty-util-ajax/9.4.57.v20241219/jetty-util-ajax-9.4.57.v20241219.jar
Downloaded from central: https://repo1.maven.org/maven2/org/eclipse/jetty/jetty-server/9.4.57.v20241219/jetty-server-9.4.57.v20241219.jar (739 kB at 2.9 MB/s)
Downloading from central: https://repo1.maven.org/maven2/com/sun/jersey/jersey-core/1.19.4/jersey-core-1.19.4.jar
Downloaded from central: https://repo1.maven.org/maven2/org/eclipse/jetty/jetty-io/9.4.57.v20241219/jetty-io-9.4.57.v20241219.jar (183 kB at 712 kB/s)
Downloading from central: https://repo1.maven.org/maven2/com/sun/jersey/jersey-json/1.19.4/jersey-json-1.19.4.jar
Progress (1): 7.7/118 kB
Progress (1): 8.2/118 kB
Progress (1): 25/118 kB 
Progress (1): 41/118 kB
Progress (1): 57/118 kB
Progress (1): 66/118 kB
Progress (1): 82/118 kB
Progress (1): 90/118 kB
Progress (1): 106/118 kB
Progress (1): 115/118 kB
Progress (1): 118 kB    
Progress (2): 118 kB | 0.9/437 kB
Progress (2): 118 kB | 2.3/437 kB
Progress (2): 118 kB | 3.7/437 kB
Progress (2): 118 kB | 5.0/437 kB
Progress (2): 118 kB | 6.4/437 kB
Progress (2): 118 kB | 7.8/437 kB
Progress (2): 118 kB | 9.1/437 kB
Progress (2): 118 kB | 13/437 kB 
Progress (2): 118 kB | 18/437 kB
Progress (2): 118 kB | 22/437 kB
Progress (2): 118 kB | 25/437 kB
Progress (2): 118 kB | 29/437 kB
Progress (2): 118 kB | 33/437 kB
Progress (2): 118 kB | 37/437 kB
Progress (2): 118 kB | 41/437 kB
Progress (2): 118 kB | 46/437 kB
Progress (2): 118 kB | 50/437 kB
Progress (2): 118 kB | 54/437 kB
Progress (2): 118 kB | 58/437 kB
Progress (2): 118 kB | 63/437 kB
Progress (3): 118 kB | 63/437 kB | 7.8/146 kB
Progress (3): 118 kB | 63/437 kB | 16/146 kB 
Progress (3): 118 kB | 63/437 kB | 32/146 kB
Progress (3): 118 kB | 63/437 kB | 49/146 kB
Progress (3): 118 kB | 63/437 kB | 65/146 kB
Progress (3): 118 kB | 63/437 kB | 81/146 kB
Progress (3): 118 kB | 63/437 kB | 98/146 kB
Progress (3): 118 kB | 63/437 kB | 114/146 kB
Progress (3): 118 kB | 63/437 kB | 131/146 kB
Progress (3): 118 kB | 63/437 kB | 146 kB    
Progress (3): 118 kB | 67/437 kB | 146 kB
Progress (3): 118 kB | 71/437 kB | 146 kB
Progress (3): 118 kB | 75/437 kB | 146 kB
Progress (3): 118 kB | 80/437 kB | 146 kB
Progress (3): 118 kB | 84/437 kB | 146 kB
Progress (3): 118 kB | 88/437 kB | 146 kB
Progress (3): 118 kB | 92/437 kB | 146 kB
Progress (3): 118 kB | 96/437 kB | 146 kB
Progress (3): 118 kB | 101/437 kB | 146 kB
                                          
Downloaded from central: https://repo1.maven.org/maven2/org/eclipse/jetty/jetty-security/9.4.57.v20241219/jetty-security-9.4.57.v20241219.jar (118 kB at 398 kB/s)
Downloading from central: https://repo1.maven.org/maven2/org/codehaus/jettison/jettison/1.5.4/jettison-1.5.4.jar
Progress (2): 105/437 kB | 146 kB
Progress (2): 109/437 kB | 146 kB
Progress (2): 113/437 kB | 146 kB
Progress (2): 118/437 kB | 146 kB
Progress (2): 122/437 kB | 146 kB
Progress (2): 126/437 kB | 146 kB
Progress (2): 130/437 kB | 146 kB
Progress (2): 135/437 kB | 146 kB
Progress (2): 139/437 kB | 146 kB
Progress (2): 143/437 kB | 146 kB
Progress (2): 147/437 kB | 146 kB
Progress (2): 151/437 kB | 146 kB
Progress (2): 156/437 kB | 146 kB
Progress (2): 160/437 kB | 146 kB
Progress (2): 164/437 kB | 146 kB
Progress (2): 168/437 kB | 146 kB
Progress (2): 173/437 kB | 146 kB
Progress (2): 177/437 kB | 146 kB
Progress (2): 193/437 kB | 146 kB
                                 
Downloaded from central: https://repo1.maven.org/maven2/org/eclipse/jetty/jetty-servlet/9.4.57.v20241219/jetty-servlet-9.4.57.v20241219.jar (146 kB at 477 kB/s)
Downloading from central: https://repo1.maven.org/maven2/com/sun/xml/bind/jaxb-impl/2.2.3-1/jaxb-impl-2.2.3-1.jar
Progress (1): 210/437 kB
Progress (1): 226/437 kB
Progress (1): 242/437 kB
Progress (1): 259/437 kB
Progress (1): 275/437 kB
Progress (1): 287/437 kB
Progress (1): 303/437 kB
Progress (1): 319/437 kB
Progress (1): 336/437 kB
Progress (1): 352/437 kB
Progress (1): 369/437 kB
Progress (1): 385/437 kB
Progress (1): 401/437 kB
Progress (2): 401/437 kB | 7.8/67 kB
Progress (2): 418/437 kB | 7.8/67 kB
Progress (2): 418/437 kB | 16/67 kB 
Progress (2): 418/437 kB | 32/67 kB
Progress (2): 418/437 kB | 49/67 kB
Progress (2): 418/437 kB | 65/67 kB
Progress (2): 418/437 kB | 67 kB   
Progress (2): 434/437 kB | 67 kB
Progress (2): 437 kB | 67 kB    
Progress (3): 437 kB | 67 kB | 7.8/165 kB
Progress (3): 437 kB | 67 kB | 16/165 kB 
                                        
Downloaded from central: https://repo1.maven.org/maven2/org/eclipse/jetty/jetty-util-ajax/9.4.57.v20241219/jetty-util-ajax-9.4.57.v20241219.jar (67 kB at 199 kB/s)
Downloading from central: https://repo1.maven.org/maven2/javax/xml/bind/jaxb-api/2.2.2/jaxb-api-2.2.2.jar
Progress (2): 437 kB | 32/165 kB
Progress (2): 437 kB | 49/165 kB
Progress (2): 437 kB | 65/165 kB
Progress (2): 437 kB | 81/165 kB
Progress (2): 437 kB | 98/165 kB
Progress (2): 437 kB | 114/165 kB
Progress (2): 437 kB | 131/165 kB
Progress (2): 437 kB | 147/165 kB
Progress (2): 437 kB | 163/165 kB
Progress (2): 437 kB | 165 kB    
Progress (3): 437 kB | 165 kB | 7.7/90 kB
Progress (3): 437 kB | 165 kB | 16/90 kB 
Progress (3): 437 kB | 165 kB | 29/90 kB
Progress (3): 437 kB | 165 kB | 45/90 kB
Progress (3): 437 kB | 165 kB | 61/90 kB
Progress (3): 437 kB | 165 kB | 78/90 kB
Progress (3): 437 kB | 165 kB | 90 kB   
Progress (4): 437 kB | 165 kB | 90 kB | 7.7/890 kB
                                                  
Downloaded from central: https://repo1.maven.org/maven2/com/sun/jersey/jersey-core/1.19.4/jersey-core-1.19.4.jar (437 kB at 1.2 MB/s)
Downloading from central: https://repo1.maven.org/maven2/javax/xml/stream/stax-api/1.0-2/stax-api-1.0-2.jar
Progress (3): 165 kB | 90 kB | 8.2/890 kB
Progress (3): 165 kB | 90 kB | 25/890 kB 
Progress (3): 165 kB | 90 kB | 41/890 kB
Progress (3): 165 kB | 90 kB | 57/890 kB
Progress (3): 165 kB | 90 kB | 74/890 kB
Progress (3): 165 kB | 90 kB | 90/890 kB
Progress (3): 165 kB | 90 kB | 106/890 kB
Progress (3): 165 kB | 90 kB | 123/890 kB
Progress (3): 165 kB | 90 kB | 131/890 kB
Progress (3): 165 kB | 90 kB | 147/890 kB
Progress (3): 165 kB | 90 kB | 164/890 kB
Progress (3): 165 kB | 90 kB | 180/890 kB
Progress (3): 165 kB | 90 kB | 197/890 kB
Progress (3): 165 kB | 90 kB | 205/890 kB
Progress (3): 165 kB | 90 kB | 213/890 kB
Progress (3): 165 kB | 90 kB | 229/890 kB
                                         
Downloaded from central: https://repo1.maven.org/maven2/com/sun/jersey/jersey-json/1.19.4/jersey-json-1.19.4.jar (165 kB at 463 kB/s)
Downloading from central: https://repo1.maven.org/maven2/org/codehaus/jackson/jackson-core-asl/1.9.2/jackson-core-asl-1.9.2.jar
Progress (2): 90 kB | 246/890 kB
Progress (2): 90 kB | 254/890 kB
Progress (2): 90 kB | 270/890 kB
Progress (2): 90 kB | 287/890 kB
Progress (2): 90 kB | 303/890 kB
Progress (2): 90 kB | 319/890 kB
Progress (2): 90 kB | 336/890 kB
Progress (2): 90 kB | 352/890 kB
Progress (2): 90 kB | 369/890 kB
Progress (2): 90 kB | 385/890 kB
Progress (2): 90 kB | 401/890 kB
Progress (2): 90 kB | 418/890 kB
                                
Downloaded from central: https://repo1.maven.org/maven2/org/codehaus/jettison/jettison/1.5.4/jettison-1.5.4.jar (90 kB at 249 kB/s)
Downloading from central: https://repo1.maven.org/maven2/org/codehaus/jackson/jackson-mapper-asl/1.9.2/jackson-mapper-asl-1.9.2.jar
Progress (1): 434/890 kB
Progress (1): 451/890 kB
Progress (1): 467/890 kB
Progress (1): 483/890 kB
Progress (1): 500/890 kB
Progress (1): 516/890 kB
Progress (1): 532/890 kB
Progress (1): 549/890 kB
Progress (1): 565/890 kB
Progress (2): 565/890 kB | 7.7/105 kB
Progress (2): 582/890 kB | 7.7/105 kB
Progress (2): 582/890 kB | 16/105 kB 
Progress (2): 598/890 kB | 16/105 kB
Progress (2): 598/890 kB | 32/105 kB
Progress (2): 598/890 kB | 49/105 kB
Progress (2): 598/890 kB | 65/105 kB
Progress (2): 598/890 kB | 81/105 kB
Progress (2): 598/890 kB | 98/105 kB
Progress (2): 598/890 kB | 105 kB   
Progress (2): 614/890 kB | 105 kB
Progress (2): 631/890 kB | 105 kB
Progress (2): 647/890 kB | 105 kB
Progress (2): 664/890 kB | 105 kB
Progress (2): 680/890 kB | 105 kB
Progress (2): 696/890 kB | 105 kB
Progress (2): 713/890 kB | 105 kB
Progress (2): 729/890 kB | 105 kB
Progress (2): 745/890 kB | 105 kB
Progress (2): 762/890 kB | 105 kB
Progress (2): 778/890 kB | 105 kB
Progress (2): 795/890 kB | 105 kB
Progress (2): 811/890 kB | 105 kB
Progress (2): 827/890 kB | 105 kB
Progress (2): 844/890 kB | 105 kB
Progress (2): 860/890 kB | 105 kB
Progress (2): 877/890 kB | 105 kB
Progress (2): 890 kB | 105 kB    
                             
Downloaded from central: https://repo1.maven.org/maven2/javax/xml/bind/jaxb-api/2.2.2/jaxb-api-2.2.2.jar (105 kB at 277 kB/s)
Downloading from central: https://repo1.maven.org/maven2/org/codehaus/jackson/jackson-jaxrs/1.9.2/jackson-jaxrs-1.9.2.jar
Progress (2): 890 kB | 7.7/228 kB
Progress (2): 890 kB | 8.2/228 kB
Progress (2): 890 kB | 25/228 kB 
Progress (2): 890 kB | 41/228 kB
Progress (2): 890 kB | 57/228 kB
Progress (2): 890 kB | 74/228 kB
Progress (2): 890 kB | 90/228 kB
Progress (2): 890 kB | 106/228 kB
Progress (2): 890 kB | 123/228 kB
Progress (2): 890 kB | 131/228 kB
Progress (2): 890 kB | 147/228 kB
Progress (2): 890 kB | 164/228 kB
Progress (2): 890 kB | 180/228 kB
Progress (3): 890 kB | 180/228 kB | 7.7/23 kB
Progress (3): 890 kB | 197/228 kB | 7.7/23 kB
Progress (3): 890 kB | 213/228 kB | 7.7/23 kB
Progress (3): 890 kB | 228 kB | 7.7/23 kB    
Progress (4): 890 kB | 228 kB | 7.7/23 kB | 7.7/766 kB
                                                      
Downloaded from central: https://repo1.maven.org/maven2/com/sun/xml/bind/jaxb-impl/2.2.3-1/jaxb-impl-2.2.3-1.jar (890 kB at 2.2 MB/s)
Downloading from central: https://repo1.maven.org/maven2/org/codehaus/jackson/jackson-xc/1.9.2/jackson-xc-1.9.2.jar
Progress (3): 228 kB | 16/23 kB | 7.7/766 kB
Progress (3): 228 kB | 23 kB | 7.7/766 kB   
Progress (3): 228 kB | 23 kB | 16/766 kB 
Progress (3): 228 kB | 23 kB | 25/766 kB
Progress (3): 228 kB | 23 kB | 41/766 kB
Progress (3): 228 kB | 23 kB | 57/766 kB
Progress (3): 228 kB | 23 kB | 74/766 kB
Progress (3): 228 kB | 23 kB | 90/766 kB
Progress (3): 228 kB | 23 kB | 106/766 kB
Progress (3): 228 kB | 23 kB | 123/766 kB
Progress (3): 228 kB | 23 kB | 131/766 kB
Progress (3): 228 kB | 23 kB | 147/766 kB
Progress (3): 228 kB | 23 kB | 164/766 kB
Progress (3): 228 kB | 23 kB | 180/766 kB
Progress (3): 228 kB | 23 kB | 197/766 kB
Progress (3): 228 kB | 23 kB | 213/766 kB
Progress (3): 228 kB | 23 kB | 229/766 kB
Progress (3): 228 kB | 23 kB | 246/766 kB
Progress (3): 228 kB | 23 kB | 262/766 kB
Progress (3): 228 kB | 23 kB | 279/766 kB
Progress (3): 228 kB | 23 kB | 295/766 kB
Progress (3): 228 kB | 23 kB | 311/766 kB
Progress (3): 228 kB | 23 kB | 328/766 kB
Progress (3): 228 kB | 23 kB | 344/766 kB
Progress (3): 228 kB | 23 kB | 360/766 kB
Progress (3): 228 kB | 23 kB | 377/766 kB
Progress (3): 228 kB | 23 kB | 393/766 kB
Progress (3): 228 kB | 23 kB | 410/766 kB
Progress (3): 228 kB | 23 kB | 426/766 kB
Progress (3): 228 kB | 23 kB | 442/766 kB
Progress (3): 228 kB | 23 kB | 459/766 kB
Progress (3): 228 kB | 23 kB | 475/766 kB
Progress (3): 228 kB | 23 kB | 492/766 kB
Progress (3): 228 kB | 23 kB | 508/766 kB
Progress (3): 228 kB | 23 kB | 524/766 kB
Progress (3): 228 kB | 23 kB | 541/766 kB
Progress (3): 228 kB | 23 kB | 557/766 kB
Progress (3): 228 kB | 23 kB | 573/766 kB
Progress (3): 228 kB | 23 kB | 590/766 kB
Progress (3): 228 kB | 23 kB | 606/766 kB
                                         
Downloaded from central: https://repo1.maven.org/maven2/javax/xml/stream/stax-api/1.0-2/stax-api-1.0-2.jar (23 kB at 57 kB/s)
Downloading from central: https://repo1.maven.org/maven2/com/sun/jersey/jersey-servlet/1.19.4/jersey-servlet-1.19.4.jar
Downloaded from central: https://repo1.maven.org/maven2/org/codehaus/jackson/jackson-core-asl/1.9.2/jackson-core-asl-1.9.2.jar (228 kB at 553 kB/s)
Downloading from central: https://repo1.maven.org/maven2/org/glassfish/jersey/ext/jersey-wadl-doclet/4.0.0-M2/jersey-wadl-doclet-4.0.0-M2.jar
Progress (1): 623/766 kB
Progress (1): 639/766 kB
Progress (1): 655/766 kB
Progress (1): 672/766 kB
Progress (1): 688/766 kB
Progress (1): 705/766 kB
Progress (1): 721/766 kB
Progress (1): 737/766 kB
Progress (1): 754/766 kB
Progress (1): 766 kB    
Progress (2): 766 kB | 12/18 kB
Progress (2): 766 kB | 18 kB   
Progress (3): 766 kB | 18 kB | 7.7/27 kB
Progress (3): 766 kB | 18 kB | 16/27 kB 
                                       
Downloaded from central: https://repo1.maven.org/maven2/org/codehaus/jackson/jackson-mapper-asl/1.9.2/jackson-mapper-asl-1.9.2.jar (766 kB at 1.8 MB/s)
Downloading from central: https://repo1.maven.org/maven2/jakarta/xml/bind/jakarta.xml.bind-api/4.0.2/jakarta.xml.bind-api-4.0.2.jar
Progress (2): 18 kB | 27 kB
                           
Downloaded from central: https://repo1.maven.org/maven2/org/codehaus/jackson/jackson-jaxrs/1.9.2/jackson-jaxrs-1.9.2.jar (18 kB at 42 kB/s)
Downloading from central: https://repo1.maven.org/maven2/org/glassfish/jersey/media/jersey-media-jaxb/4.0.0-M2/jersey-media-jaxb-4.0.0-M2.jar
Downloaded from central: https://repo1.maven.org/maven2/org/codehaus/jackson/jackson-xc/1.9.2/jackson-xc-1.9.2.jar (27 kB at 61 kB/s)
Downloading from central: https://repo1.maven.org/maven2/org/glassfish/jersey/core/jersey-common/4.0.0-M2/jersey-common-4.0.0-M2.jar
Progress (1): 7.7/131 kB
Progress (2): 7.7/131 kB | 7.7/129 kB
Progress (2): 7.7/131 kB | 16/129 kB 
Progress (2): 16/131 kB | 16/129 kB 
Progress (2): 32/131 kB | 16/129 kB
Progress (2): 32/131 kB | 29/129 kB
Progress (2): 49/131 kB | 29/129 kB
Progress (2): 49/131 kB | 45/129 kB
Progress (2): 65/131 kB | 45/129 kB
Progress (2): 65/131 kB | 61/129 kB
Progress (2): 81/131 kB | 61/129 kB
Progress (2): 81/131 kB | 78/129 kB
Progress (2): 98/131 kB | 78/129 kB
Progress (2): 98/131 kB | 94/129 kB
Progress (2): 114/131 kB | 94/129 kB
Progress (2): 114/131 kB | 111/129 kB
Progress (2): 131/131 kB | 111/129 kB
Progress (2): 131 kB | 111/129 kB    
Progress (2): 131 kB | 127/129 kB
Progress (2): 131 kB | 129 kB    
Progress (3): 131 kB | 129 kB | 7.8/97 kB
Progress (3): 131 kB | 129 kB | 16/97 kB 
                                        
Downloaded from central: https://repo1.maven.org/maven2/jakarta/xml/bind/jakarta.xml.bind-api/4.0.2/jakarta.xml.bind-api-4.0.2.jar (131 kB at 255 kB/s)
Progress (2): 129 kB | 32/97 kB
                               
Downloading from central: https://repo1.maven.org/maven2/jakarta/inject/jakarta.inject-api/2.0.1/jakarta.inject-api-2.0.1.jar
Progress (2): 129 kB | 49/97 kB
Progress (2): 129 kB | 65/97 kB
Progress (2): 129 kB | 81/97 kB
                               
Downloaded from central: https://repo1.maven.org/maven2/com/sun/jersey/jersey-servlet/1.19.4/jersey-servlet-1.19.4.jar (129 kB at 251 kB/s)
Downloading from central: https://repo1.maven.org/maven2/org/glassfish/hk2/osgi-resource-locator/1.0.3/osgi-resource-locator-1.0.3.jar
Progress (1): 97 kB
Progress (2): 97 kB | 0/1.3 MB
Progress (2): 97 kB | 0/1.3 MB
Progress (2): 97 kB | 0/1.3 MB
Progress (2): 97 kB | 0/1.3 MB
Progress (2): 97 kB | 0.1/1.3 MB
Progress (2): 97 kB | 0.1/1.3 MB
Progress (2): 97 kB | 0.1/1.3 MB
Progress (2): 97 kB | 0.1/1.3 MB
Progress (2): 97 kB | 0.1/1.3 MB
Progress (2): 97 kB | 0.1/1.3 MB
Progress (2): 97 kB | 0.2/1.3 MB
Progress (2): 97 kB | 0.2/1.3 MB
Progress (2): 97 kB | 0.2/1.3 MB
Progress (2): 97 kB | 0.2/1.3 MB
                                
Downloaded from central: https://repo1.maven.org/maven2/org/glassfish/jersey/media/jersey-media-jaxb/4.0.0-M2/jersey-media-jaxb-4.0.0-M2.jar (97 kB at 185 kB/s)
Downloading from central: https://repo1.maven.org/maven2/xerces/xercesImpl/2.12.2/xercesImpl-2.12.2.jar
Progress (1): 0.2/1.3 MB
Progress (1): 0.2/1.3 MB
Progress (1): 0.3/1.3 MB
Progress (1): 0.3/1.3 MB
Progress (1): 0.3/1.3 MB
Progress (1): 0.3/1.3 MB
Progress (1): 0.3/1.3 MB
Progress (1): 0.3/1.3 MB
Progress (1): 0.4/1.3 MB
Progress (1): 0.4/1.3 MB
Progress (1): 0.4/1.3 MB
Progress (1): 0.4/1.3 MB
Progress (1): 0.4/1.3 MB
Progress (1): 0.4/1.3 MB
Progress (1): 0.5/1.3 MB
Progress (1): 0.5/1.3 MB
Progress (1): 0.5/1.3 MB
Progress (1): 0.5/1.3 MB
Progress (1): 0.5/1.3 MB
Progress (1): 0.5/1.3 MB
Progress (1): 0.6/1.3 MB
Progress (1): 0.6/1.3 MB
Progress (1): 0.6/1.3 MB
Progress (1): 0.6/1.3 MB
Progress (1): 0.6/1.3 MB
Progress (1): 0.6/1.3 MB
Progress (1): 0.7/1.3 MB
Progress (1): 0.7/1.3 MB
Progress (1): 0.7/1.3 MB
Progress (1): 0.7/1.3 MB
Progress (1): 0.7/1.3 MB
Progress (1): 0.7/1.3 MB
Progress (1): 0.8/1.3 MB
Progress (1): 0.8/1.3 MB
Progress (1): 0.8/1.3 MB
Progress (1): 0.8/1.3 MB
Progress (1): 0.8/1.3 MB
Progress (1): 0.8/1.3 MB
Progress (1): 0.9/1.3 MB
Progress (1): 0.9/1.3 MB
Progress (1): 0.9/1.3 MB
Progress (1): 0.9/1.3 MB
Progress (1): 0.9/1.3 MB
Progress (1): 0.9/1.3 MB
Progress (1): 1.0/1.3 MB
Progress (1): 1.0/1.3 MB
Progress (1): 1.0/1.3 MB
Progress (1): 1.0/1.3 MB
Progress (1): 1.0/1.3 MB
Progress (1): 1.0/1.3 MB
Progress (1): 1.0/1.3 MB
Progress (1): 1.1/1.3 MB
Progress (1): 1.1/1.3 MB
Progress (1): 1.1/1.3 MB
Progress (1): 1.1/1.3 MB
Progress (1): 1.1/1.3 MB
Progress (1): 1.1/1.3 MB
Progress (1): 1.2/1.3 MB
Progress (1): 1.2/1.3 MB
Progress (1): 1.2/1.3 MB
Progress (1): 1.2/1.3 MB
Progress (1): 1.2/1.3 MB
Progress (1): 1.2/1.3 MB
Progress (1): 1.3/1.3 MB
Progress (1): 1.3 MB    
Progress (2): 1.3 MB | 7.7/11 kB
Progress (2): 1.3 MB | 11 kB    
Progress (3): 1.3 MB | 11 kB | 7.7/19 kB
Progress (4): 1.3 MB | 11 kB | 7.7/19 kB | 0/1.4 MB
Progress (4): 1.3 MB | 11 kB | 8.2/19 kB | 0/1.4 MB
Progress (4): 1.3 MB | 11 kB | 19 kB | 0/1.4 MB    
Progress (4): 1.3 MB | 11 kB | 19 kB | 0/1.4 MB
Progress (4): 1.3 MB | 11 kB | 19 kB | 0/1.4 MB
Progress (4): 1.3 MB | 11 kB | 19 kB | 0/1.4 MB
Progress (4): 1.3 MB | 11 kB | 19 kB | 0.1/1.4 MB
Progress (4): 1.3 MB | 11 kB | 19 kB | 0.1/1.4 MB
Progress (4): 1.3 MB | 11 kB | 19 kB | 0.1/1.4 MB
Progress (4): 1.3 MB | 11 kB | 19 kB | 0.1/1.4 MB
Progress (4): 1.3 MB | 11 kB | 19 kB | 0.1/1.4 MB
Progress (4): 1.3 MB | 11 kB | 19 kB | 0.1/1.4 MB
Progress (4): 1.3 MB | 11 kB | 19 kB | 0.2/1.4 MB
Progress (4): 1.3 MB | 11 kB | 19 kB | 0.2/1.4 MB
Progress (4): 1.3 MB | 11 kB | 19 kB | 0.2/1.4 MB
Progress (4): 1.3 MB | 11 kB | 19 kB | 0.2/1.4 MB
Progress (4): 1.3 MB | 11 kB | 19 kB | 0.2/1.4 MB
Progress (4): 1.3 MB | 11 kB | 19 kB | 0.2/1.4 MB
Progress (4): 1.3 MB | 11 kB | 19 kB | 0.3/1.4 MB
Progress (4): 1.3 MB | 11 kB | 19 kB | 0.3/1.4 MB
Progress (4): 1.3 MB | 11 kB | 19 kB | 0.3/1.4 MB
Progress (4): 1.3 MB | 11 kB | 19 kB | 0.3/1.4 MB
Progress (4): 1.3 MB | 11 kB | 19 kB | 0.3/1.4 MB
Progress (4): 1.3 MB | 11 kB | 19 kB | 0.3/1.4 MB
Progress (4): 1.3 MB | 11 kB | 19 kB | 0.4/1.4 MB
Progress (4): 1.3 MB | 11 kB | 19 kB | 0.4/1.4 MB
Progress (4): 1.3 MB | 11 kB | 19 kB | 0.4/1.4 MB
Progress (4): 1.3 MB | 11 kB | 19 kB | 0.4/1.4 MB
Progress (4): 1.3 MB | 11 kB | 19 kB | 0.4/1.4 MB
Progress (4): 1.3 MB | 11 kB | 19 kB | 0.4/1.4 MB
Progress (4): 1.3 MB | 11 kB | 19 kB | 0.5/1.4 MB
Progress (4): 1.3 MB | 11 kB | 19 kB | 0.5/1.4 MB
                                                 
Downloaded from central: https://repo1.maven.org/maven2/jakarta/inject/jakarta.inject-api/2.0.1/jakarta.inject-api-2.0.1.jar (11 kB at 19 kB/s)
Downloading from central: https://repo1.maven.org/maven2/org/glassfish/jersey/core/jersey-server/4.0.0-M2/jersey-server-4.0.0-M2.jar
Progress (3): 1.3 MB | 19 kB | 0.5/1.4 MB
Progress (3): 1.3 MB | 19 kB | 0.5/1.4 MB
Progress (3): 1.3 MB | 19 kB | 0.5/1.4 MB
Progress (3): 1.3 MB | 19 kB | 0.5/1.4 MB
Progress (3): 1.3 MB | 19 kB | 0.6/1.4 MB
Progress (3): 1.3 MB | 19 kB | 0.6/1.4 MB
Progress (3): 1.3 MB | 19 kB | 0.6/1.4 MB
Progress (3): 1.3 MB | 19 kB | 0.6/1.4 MB
Progress (3): 1.3 MB | 19 kB | 0.6/1.4 MB
                                         
Downloaded from central: https://repo1.maven.org/maven2/org/glassfish/jersey/core/jersey-common/4.0.0-M2/jersey-common-4.0.0-M2.jar (1.3 MB at 2.2 MB/s)
Downloading from central: https://repo1.maven.org/maven2/org/glassfish/jersey/core/jersey-client/4.0.0-M2/jersey-client-4.0.0-M2.jar
Progress (2): 19 kB | 0.6/1.4 MB
Progress (2): 19 kB | 0.7/1.4 MB
Progress (2): 19 kB | 0.7/1.4 MB
Progress (2): 19 kB | 0.7/1.4 MB
                                
Downloaded from central: https://repo1.maven.org/maven2/org/glassfish/hk2/osgi-resource-locator/1.0.3/osgi-resource-locator-1.0.3.jar (19 kB at 34 kB/s)
Downloading from central: https://repo1.maven.org/maven2/jakarta/annotation/jakarta.annotation-api/3.0.0/jakarta.annotation-api-3.0.0.jar
Progress (1): 0.7/1.4 MB
Progress (1): 0.7/1.4 MB
Progress (1): 0.7/1.4 MB
Progress (1): 0.8/1.4 MB
Progress (1): 0.8/1.4 MB
Progress (1): 0.8/1.4 MB
Progress (1): 0.8/1.4 MB
Progress (1): 0.8/1.4 MB
Progress (1): 0.8/1.4 MB
Progress (1): 0.9/1.4 MB
Progress (1): 0.9/1.4 MB
Progress (1): 0.9/1.4 MB
Progress (1): 0.9/1.4 MB
Progress (1): 0.9/1.4 MB
Progress (1): 0.9/1.4 MB
Progress (1): 0.9/1.4 MB
Progress (1): 1.0/1.4 MB
Progress (1): 1.0/1.4 MB
Progress (1): 1.0/1.4 MB
Progress (1): 1.0/1.4 MB
Progress (1): 1.0/1.4 MB
Progress (1): 1.0/1.4 MB
Progress (1): 1.1/1.4 MB
Progress (1): 1.1/1.4 MB
Progress (1): 1.1/1.4 MB
Progress (1): 1.1/1.4 MB
Progress (1): 1.1/1.4 MB
Progress (1): 1.1/1.4 MB
Progress (1): 1.2/1.4 MB
Progress (1): 1.2/1.4 MB
Progress (1): 1.2/1.4 MB
Progress (1): 1.2/1.4 MB
Progress (1): 1.2/1.4 MB
Progress (1): 1.2/1.4 MB
Progress (1): 1.3/1.4 MB
Progress (1): 1.3/1.4 MB
Progress (1): 1.3/1.4 MB
Progress (1): 1.3/1.4 MB
Progress (1): 1.3/1.4 MB
Progress (1): 1.3/1.4 MB
Progress (1): 1.4/1.4 MB
Progress (1): 1.4/1.4 MB
Progress (1): 1.4/1.4 MB
Progress (1): 1.4/1.4 MB
Progress (1): 1.4/1.4 MB
Progress (1): 1.4/1.4 MB
Progress (1): 1.4 MB    
Progress (2): 1.4 MB | 7.7/26 kB
Progress (2): 1.4 MB | 12/26 kB 
Progress (2): 1.4 MB | 26 kB   
                            
Downloaded from central: https://repo1.maven.org/maven2/jakarta/annotation/jakarta.annotation-api/3.0.0/jakarta.annotation-api-3.0.0.jar (26 kB at 42 kB/s)
Downloading from central: https://repo1.maven.org/maven2/jakarta/validation/jakarta.validation-api/3.1.0/jakarta.validation-api-3.1.0.jar
Progress (2): 1.4 MB | 7.8/997 kB
Progress (2): 1.4 MB | 16/997 kB 
Progress (2): 1.4 MB | 32/997 kB
Progress (2): 1.4 MB | 49/997 kB
Progress (2): 1.4 MB | 65/997 kB
Progress (2): 1.4 MB | 81/997 kB
                                
Downloaded from central: https://repo1.maven.org/maven2/xerces/xercesImpl/2.12.2/xercesImpl-2.12.2.jar (1.4 MB at 2.3 MB/s)
Downloading from central: https://repo1.maven.org/maven2/jakarta/ws/rs/jakarta.ws.rs-api/4.0.0/jakarta.ws.rs-api-4.0.0.jar
Progress (1): 98/997 kB
Progress (1): 114/997 kB
Progress (1): 131/997 kB
Progress (1): 147/997 kB
Progress (1): 163/997 kB
Progress (1): 180/997 kB
Progress (1): 196/997 kB
Progress (1): 213/997 kB
Progress (1): 229/997 kB
Progress (1): 245/997 kB
Progress (1): 262/997 kB
Progress (1): 278/997 kB
Progress (1): 294/997 kB
Progress (1): 311/997 kB
Progress (1): 327/997 kB
Progress (1): 344/997 kB
Progress (1): 360/997 kB
Progress (1): 376/997 kB
Progress (1): 393/997 kB
Progress (1): 409/997 kB
Progress (1): 426/997 kB
Progress (1): 442/997 kB
Progress (1): 458/997 kB
Progress (1): 475/997 kB
Progress (1): 491/997 kB
Progress (1): 507/997 kB
Progress (1): 524/997 kB
Progress (1): 540/997 kB
Progress (1): 557/997 kB
Progress (1): 573/997 kB
Progress (2): 573/997 kB | 7.7/314 kB
Progress (2): 589/997 kB | 7.7/314 kB
Progress (2): 606/997 kB | 7.7/314 kB
Progress (2): 606/997 kB | 16/314 kB 
Progress (2): 606/997 kB | 25/314 kB
Progress (2): 622/997 kB | 25/314 kB
Progress (2): 639/997 kB | 25/314 kB
Progress (2): 639/997 kB | 41/314 kB
Progress (2): 655/997 kB | 41/314 kB
Progress (2): 655/997 kB | 57/314 kB
Progress (2): 671/997 kB | 57/314 kB
Progress (2): 671/997 kB | 74/314 kB
Progress (2): 688/997 kB | 74/314 kB
Progress (2): 688/997 kB | 90/314 kB
Progress (2): 704/997 kB | 90/314 kB
Progress (2): 720/997 kB | 90/314 kB
Progress (2): 720/997 kB | 106/314 kB
Progress (2): 737/997 kB | 106/314 kB
Progress (2): 737/997 kB | 123/314 kB
Progress (2): 753/997 kB | 123/314 kB
Progress (2): 753/997 kB | 131/314 kB
Progress (2): 770/997 kB | 131/314 kB
Progress (2): 770/997 kB | 147/314 kB
Progress (2): 786/997 kB | 147/314 kB
Progress (2): 786/997 kB | 164/314 kB
Progress (2): 802/997 kB | 164/314 kB
Progress (2): 802/997 kB | 180/314 kB
Progress (2): 819/997 kB | 180/314 kB
Progress (2): 819/997 kB | 197/314 kB
Progress (2): 819/997 kB | 213/314 kB
Progress (2): 835/997 kB | 213/314 kB
Progress (2): 835/997 kB | 229/314 kB
Progress (2): 852/997 kB | 229/314 kB
Progress (2): 852/997 kB | 246/314 kB
Progress (2): 868/997 kB | 246/314 kB
Progress (2): 884/997 kB | 246/314 kB
Progress (2): 884/997 kB | 262/314 kB
Progress (2): 901/997 kB | 262/314 kB
Progress (2): 901/997 kB | 279/314 kB
Progress (2): 917/997 kB | 279/314 kB
Progress (2): 917/997 kB | 295/314 kB
Progress (2): 933/997 kB | 295/314 kB
Progress (2): 933/997 kB | 311/314 kB
Progress (2): 950/997 kB | 311/314 kB
Progress (2): 950/997 kB | 314 kB    
Progress (2): 966/997 kB | 314 kB
Progress (2): 983/997 kB | 314 kB
Progress (2): 997 kB | 314 kB    
Progress (3): 997 kB | 314 kB | 16/94 kB
Progress (3): 997 kB | 314 kB | 33/94 kB
Progress (3): 997 kB | 314 kB | 49/94 kB
                                        
Downloaded from central: https://repo1.maven.org/maven2/org/glassfish/jersey/core/jersey-client/4.0.0-M2/jersey-client-4.0.0-M2.jar (314 kB at 475 kB/s)
Downloading from central: https://repo1.maven.org/maven2/org/glassfish/jaxb/jaxb-runtime/4.0.0-M2/jaxb-runtime-4.0.0-M2.jar
Progress (2): 997 kB | 57/94 kB
Progress (2): 997 kB | 74/94 kB
Progress (2): 997 kB | 90/94 kB
Progress (2): 997 kB | 94 kB   
Progress (3): 997 kB | 94 kB | 7.7/154 kB
Progress (3): 997 kB | 94 kB | 16/154 kB 
Progress (3): 997 kB | 94 kB | 32/154 kB
Progress (3): 997 kB | 94 kB | 49/154 kB
Progress (3): 997 kB | 94 kB | 65/154 kB
Progress (3): 997 kB | 94 kB | 81/154 kB
Progress (3): 997 kB | 94 kB | 98/154 kB
Progress (3): 997 kB | 94 kB | 114/154 kB
Progress (3): 997 kB | 94 kB | 131/154 kB
Progress (3): 997 kB | 94 kB | 147/154 kB
                                         
Downloaded from central: https://repo1.maven.org/maven2/org/glassfish/jersey/core/jersey-server/4.0.0-M2/jersey-server-4.0.0-M2.jar (997 kB at 1.5 MB/s)
Progress (2): 94 kB | 154 kB
                            
Downloading from central: https://repo1.maven.org/maven2/org/glassfish/jaxb/jaxb-core/4.0.0-M2/jaxb-core-4.0.0-M2.jar
Downloaded from central: https://repo1.maven.org/maven2/jakarta/validation/jakarta.validation-api/3.1.0/jakarta.validation-api-3.1.0.jar (94 kB at 139 kB/s)
Downloading from central: https://repo1.maven.org/maven2/org/eclipse/angus/angus-activation/1.0.0/angus-activation-1.0.0.jar
Downloaded from central: https://repo1.maven.org/maven2/jakarta/ws/rs/jakarta.ws.rs-api/4.0.0/jakarta.ws.rs-api-4.0.0.jar (154 kB at 227 kB/s)
Downloading from central: https://repo1.maven.org/maven2/org/glassfish/jaxb/txw2/4.0.0-M2/txw2-4.0.0-M2.jar
Progress (1): 3.4/38 kB
Progress (1): 13/38 kB 
Progress (1): 19/38 kB
Progress (1): 35/38 kB
Progress (1): 38 kB   
Progress (2): 38 kB | 7.7/21 kB
Progress (3): 38 kB | 7.7/21 kB | 8.2/141 kB
Progress (3): 38 kB | 12/21 kB | 8.2/141 kB 
Progress (3): 38 kB | 21 kB | 8.2/141 kB   
Progress (4): 38 kB | 21 kB | 8.2/141 kB | 7.7/910 kB
Progress (4): 38 kB | 21 kB | 16/141 kB | 7.7/910 kB 
Progress (4): 38 kB | 21 kB | 33/141 kB | 7.7/910 kB
Progress (4): 38 kB | 21 kB | 49/141 kB | 7.7/910 kB
Progress (4): 38 kB | 21 kB | 66/141 kB | 7.7/910 kB
Progress (4): 38 kB | 21 kB | 82/141 kB | 7.7/910 kB
Progress (4): 38 kB | 21 kB | 98/141 kB | 7.7/910 kB
Progress (4): 38 kB | 21 kB | 98/141 kB | 12/910 kB 
Progress (4): 38 kB | 21 kB | 115/141 kB | 12/910 kB
Progress (4): 38 kB | 21 kB | 115/141 kB | 28/910 kB
Progress (4): 38 kB | 21 kB | 131/141 kB | 28/910 kB
Progress (4): 38 kB | 21 kB | 131/141 kB | 44/910 kB
Progress (4): 38 kB | 21 kB | 141 kB | 44/910 kB    
Progress (4): 38 kB | 21 kB | 141 kB | 61/910 kB
Progress (4): 38 kB | 21 kB | 141 kB | 77/910 kB
Progress (4): 38 kB | 21 kB | 141 kB | 93/910 kB
Progress (4): 38 kB | 21 kB | 141 kB | 110/910 kB
Progress (4): 38 kB | 21 kB | 141 kB | 126/910 kB
Progress (4): 38 kB | 21 kB | 141 kB | 131/910 kB
Progress (4): 38 kB | 21 kB | 141 kB | 147/910 kB
Progress (4): 38 kB | 21 kB | 141 kB | 156/910 kB
Progress (4): 38 kB | 21 kB | 141 kB | 164/910 kB
Progress (4): 38 kB | 21 kB | 141 kB | 180/910 kB
Progress (4): 38 kB | 21 kB | 141 kB | 197/910 kB
Progress (4): 38 kB | 21 kB | 141 kB | 205/910 kB
Progress (4): 38 kB | 21 kB | 141 kB | 221/910 kB
Progress (4): 38 kB | 21 kB | 141 kB | 238/910 kB
Progress (4): 38 kB | 21 kB | 141 kB | 246/910 kB
Progress (4): 38 kB | 21 kB | 141 kB | 254/910 kB
Progress (4): 38 kB | 21 kB | 141 kB | 270/910 kB
Progress (4): 38 kB | 21 kB | 141 kB | 287/910 kB
Progress (4): 38 kB | 21 kB | 141 kB | 303/910 kB
Progress (4): 38 kB | 21 kB | 141 kB | 319/910 kB
Progress (4): 38 kB | 21 kB | 141 kB | 328/910 kB
Progress (4): 38 kB | 21 kB | 141 kB | 336/910 kB
Progress (4): 38 kB | 21 kB | 141 kB | 352/910 kB
Progress (4): 38 kB | 21 kB | 141 kB | 369/910 kB
Progress (4): 38 kB | 21 kB | 141 kB | 385/910 kB
Progress (4): 38 kB | 21 kB | 141 kB | 393/910 kB
Progress (4): 38 kB | 21 kB | 141 kB | 410/910 kB
Progress (4): 38 kB | 21 kB | 141 kB | 418/910 kB
Progress (4): 38 kB | 21 kB | 141 kB | 426/910 kB
Progress (4): 38 kB | 21 kB | 141 kB | 442/910 kB
Progress (4): 38 kB | 21 kB | 141 kB | 459/910 kB
Progress (4): 38 kB | 21 kB | 141 kB | 475/910 kB
                                                 
Downloaded from central: https://repo1.maven.org/maven2/org/glassfish/jersey/ext/jersey-wadl-doclet/4.0.0-M2/jersey-wadl-doclet-4.0.0-M2.jar (38 kB at 52 kB/s)
Downloading from central: https://repo1.maven.org/maven2/com/sun/istack/istack-commons-runtime/4.1.0-M1/istack-commons-runtime-4.1.0-M1.jar
Progress (3): 21 kB | 141 kB | 492/910 kB
Progress (3): 21 kB | 141 kB | 500/910 kB
Progress (3): 21 kB | 141 kB | 508/910 kB
Progress (3): 21 kB | 141 kB | 516/910 kB
Progress (3): 21 kB | 141 kB | 524/910 kB
Progress (3): 21 kB | 141 kB | 532/910 kB
Progress (3): 21 kB | 141 kB | 541/910 kB
Progress (3): 21 kB | 141 kB | 557/910 kB
Progress (3): 21 kB | 141 kB | 573/910 kB
Progress (3): 21 kB | 141 kB | 590/910 kB
Progress (3): 21 kB | 141 kB | 606/910 kB
Progress (3): 21 kB | 141 kB | 614/910 kB
Progress (3): 21 kB | 141 kB | 631/910 kB
Progress (3): 21 kB | 141 kB | 647/910 kB
Progress (3): 21 kB | 141 kB | 655/910 kB
Progress (3): 21 kB | 141 kB | 672/910 kB
Progress (3): 21 kB | 141 kB | 688/910 kB
Progress (3): 21 kB | 141 kB | 705/910 kB
Progress (3): 21 kB | 141 kB | 713/910 kB
Progress (3): 21 kB | 141 kB | 729/910 kB
Progress (3): 21 kB | 141 kB | 745/910 kB
                                         
Downloaded from central: https://repo1.maven.org/maven2/org/eclipse/angus/angus-activation/1.0.0/angus-activation-1.0.0.jar (21 kB at 28 kB/s)
Downloading from central: https://repo1.maven.org/maven2/org/apache/commons/commons-exec/1.1/commons-exec-1.1.jar
Progress (2): 141 kB | 762/910 kB
Progress (2): 141 kB | 778/910 kB
Progress (2): 141 kB | 795/910 kB
                                 
Downloaded from central: https://repo1.maven.org/maven2/org/glassfish/jaxb/jaxb-core/4.0.0-M2/jaxb-core-4.0.0-M2.jar (141 kB at 192 kB/s)
Downloading from central: https://repo1.maven.org/maven2/org/apache/curator/curator-framework/5.7.1/curator-framework-5.7.1.jar
Progress (1): 811/910 kB
Progress (1): 827/910 kB
Progress (1): 836/910 kB
Progress (1): 852/910 kB
Progress (1): 860/910 kB
Progress (1): 877/910 kB
Progress (1): 885/910 kB
Progress (1): 893/910 kB
Progress (1): 909/910 kB
Progress (1): 910 kB    
Progress (2): 910 kB | 7.8/73 kB
Progress (2): 910 kB | 16/73 kB 
Progress (2): 910 kB | 32/73 kB
Progress (2): 910 kB | 49/73 kB
Progress (2): 910 kB | 65/73 kB
Progress (2): 910 kB | 73 kB   
                            
Downloaded from central: https://repo1.maven.org/maven2/org/glassfish/jaxb/jaxb-runtime/4.0.0-M2/jaxb-runtime-4.0.0-M2.jar (910 kB at 1.2 MB/s)
Downloading from central: https://repo1.maven.org/maven2/org/apache/curator/curator-client/5.7.1/curator-client-5.7.1.jar
Downloaded from central: https://repo1.maven.org/maven2/org/glassfish/jaxb/txw2/4.0.0-M2/txw2-4.0.0-M2.jar (73 kB at 98 kB/s)
Downloading from central: https://repo1.maven.org/maven2/org/apache/zookeeper/zookeeper/3.8.4/zookeeper-3.8.4.jar
Progress (1): 0/3.3 MB
Progress (2): 0/3.3 MB | 0/1.3 MB
Progress (2): 0/3.3 MB | 0/1.3 MB
Progress (3): 0/3.3 MB | 0/1.3 MB | 7.8/53 kB
Progress (3): 0/3.3 MB | 0/1.3 MB | 7.8/53 kB
Progress (3): 0/3.3 MB | 0/1.3 MB | 7.8/53 kB
Progress (3): 0/3.3 MB | 0/1.3 MB | 7.8/53 kB
Progress (3): 0/3.3 MB | 0/1.3 MB | 16/53 kB 
Progress (3): 0.1/3.3 MB | 0/1.3 MB | 16/53 kB
Progress (4): 0.1/3.3 MB | 0/1.3 MB | 16/53 kB | 16/339 kB
Progress (4): 0.1/3.3 MB | 0/1.3 MB | 16/53 kB | 16/339 kB
Progress (4): 0.1/3.3 MB | 0/1.3 MB | 16/53 kB | 16/339 kB
Progress (4): 0.1/3.3 MB | 0/1.3 MB | 32/53 kB | 16/339 kB
Progress (4): 0.1/3.3 MB | 0/1.3 MB | 32/53 kB | 25/339 kB
Progress (4): 0.1/3.3 MB | 0/1.3 MB | 32/53 kB | 25/339 kB
Progress (4): 0.1/3.3 MB | 0/1.3 MB | 49/53 kB | 25/339 kB
Progress (4): 0.1/3.3 MB | 0/1.3 MB | 49/53 kB | 25/339 kB
Progress (4): 0.1/3.3 MB | 0/1.3 MB | 53 kB | 25/339 kB   
Progress (4): 0.1/3.3 MB | 0/1.3 MB | 53 kB | 41/339 kB
Progress (4): 0.1/3.3 MB | 0/1.3 MB | 53 kB | 41/339 kB
Progress (4): 0.1/3.3 MB | 0/1.3 MB | 53 kB | 57/339 kB
Progress (4): 0.1/3.3 MB | 0.1/1.3 MB | 53 kB | 57/339 kB
Progress (4): 0.1/3.3 MB | 0.1/1.3 MB | 53 kB | 57/339 kB
Progress (4): 0.1/3.3 MB | 0.1/1.3 MB | 53 kB | 66/339 kB
Progress (4): 0.1/3.3 MB | 0.1/1.3 MB | 53 kB | 66/339 kB
Progress (4): 0.1/3.3 MB | 0.1/1.3 MB | 53 kB | 66/339 kB
Progress (4): 0.1/3.3 MB | 0.1/1.3 MB | 53 kB | 66/339 kB
Progress (4): 0.1/3.3 MB | 0.1/1.3 MB | 53 kB | 82/339 kB
Progress (4): 0.1/3.3 MB | 0.1/1.3 MB | 53 kB | 82/339 kB
Progress (4): 0.1/3.3 MB | 0.1/1.3 MB | 53 kB | 82/339 kB
Progress (4): 0.1/3.3 MB | 0.1/1.3 MB | 53 kB | 98/339 kB
Progress (4): 0.2/3.3 MB | 0.1/1.3 MB | 53 kB | 98/339 kB
Progress (4): 0.2/3.3 MB | 0.1/1.3 MB | 53 kB | 98/339 kB
Progress (4): 0.2/3.3 MB | 0.1/1.3 MB | 53 kB | 115/339 kB
Progress (4): 0.2/3.3 MB | 0.1/1.3 MB | 53 kB | 115/339 kB
Progress (4): 0.2/3.3 MB | 0.1/1.3 MB | 53 kB | 115/339 kB
Progress (4): 0.2/3.3 MB | 0.1/1.3 MB | 53 kB | 131/339 kB
Progress (4): 0.2/3.3 MB | 0.1/1.3 MB | 53 kB | 131/339 kB
Progress (4): 0.2/3.3 MB | 0.1/1.3 MB | 53 kB | 131/339 kB
Progress (4): 0.2/3.3 MB | 0.1/1.3 MB | 53 kB | 147/339 kB
Progress (4): 0.2/3.3 MB | 0.2/1.3 MB | 53 kB | 147/339 kB
Progress (4): 0.2/3.3 MB | 0.2/1.3 MB | 53 kB | 147/339 kB
Progress (4): 0.2/3.3 MB | 0.2/1.3 MB | 53 kB | 147/339 kB
Progress (4): 0.2/3.3 MB | 0.2/1.3 MB | 53 kB | 164/339 kB
Progress (4): 0.2/3.3 MB | 0.2/1.3 MB | 53 kB | 164/339 kB
Progress (4): 0.2/3.3 MB | 0.2/1.3 MB | 53 kB | 164/339 kB
Progress (4): 0.2/3.3 MB | 0.2/1.3 MB | 53 kB | 180/339 kB
Progress (4): 0.2/3.3 MB | 0.2/1.3 MB | 53 kB | 180/339 kB
Progress (4): 0.2/3.3 MB | 0.2/1.3 MB | 53 kB | 180/339 kB
Progress (4): 0.2/3.3 MB | 0.2/1.3 MB | 53 kB | 197/339 kB
Progress (4): 0.3/3.3 MB | 0.2/1.3 MB | 53 kB | 197/339 kB
Progress (4): 0.3/3.3 MB | 0.2/1.3 MB | 53 kB | 197/339 kB
Progress (4): 0.3/3.3 MB | 0.2/1.3 MB | 53 kB | 197/339 kB
Progress (4): 0.3/3.3 MB | 0.2/1.3 MB | 53 kB | 213/339 kB
Progress (4): 0.3/3.3 MB | 0.2/1.3 MB | 53 kB | 213/339 kB
Progress (4): 0.3/3.3 MB | 0.2/1.3 MB | 53 kB | 213/339 kB
Progress (4): 0.3/3.3 MB | 0.2/1.3 MB | 53 kB | 213/339 kB
Progress (4): 0.3/3.3 MB | 0.2/1.3 MB | 53 kB | 229/339 kB
Progress (4): 0.3/3.3 MB | 0.2/1.3 MB | 53 kB | 229/339 kB
Progress (4): 0.3/3.3 MB | 0.2/1.3 MB | 53 kB | 229/339 kB
Progress (4): 0.3/3.3 MB | 0.3/1.3 MB | 53 kB | 229/339 kB
Progress (4): 0.3/3.3 MB | 0.3/1.3 MB | 53 kB | 246/339 kB
Progress (4): 0.3/3.3 MB | 0.3/1.3 MB | 53 kB | 246/339 kB
Progress (4): 0.3/3.3 MB | 0.3/1.3 MB | 53 kB | 246/339 kB
Progress (4): 0.3/3.3 MB | 0.3/1.3 MB | 53 kB | 246/339 kB
Progress (4): 0.3/3.3 MB | 0.3/1.3 MB | 53 kB | 262/339 kB
Progress (4): 0.3/3.3 MB | 0.3/1.3 MB | 53 kB | 262/339 kB
Progress (4): 0.3/3.3 MB | 0.3/1.3 MB | 53 kB | 279/339 kB
Progress (4): 0.3/3.3 MB | 0.3/1.3 MB | 53 kB | 279/339 kB
Progress (4): 0.3/3.3 MB | 0.3/1.3 MB | 53 kB | 295/339 kB
Progress (4): 0.4/3.3 MB | 0.3/1.3 MB | 53 kB | 295/339 kB
Progress (4): 0.4/3.3 MB | 0.3/1.3 MB | 53 kB | 311/339 kB
Progress (4): 0.4/3.3 MB | 0.3/1.3 MB | 53 kB | 311/339 kB
Progress (4): 0.4/3.3 MB | 0.3/1.3 MB | 53 kB | 328/339 kB
Progress (4): 0.4/3.3 MB | 0.3/1.3 MB | 53 kB | 328/339 kB
Progress (4): 0.4/3.3 MB | 0.3/1.3 MB | 53 kB | 339 kB    
Progress (4): 0.4/3.3 MB | 0.3/1.3 MB | 53 kB | 339 kB
Progress (4): 0.4/3.3 MB | 0.3/1.3 MB | 53 kB | 339 kB
Progress (4): 0.4/3.3 MB | 0.4/1.3 MB | 53 kB | 339 kB
Progress (4): 0.4/3.3 MB | 0.4/1.3 MB | 53 kB | 339 kB
Progress (4): 0.4/3.3 MB | 0.4/1.3 MB | 53 kB | 339 kB
Progress (4): 0.4/3.3 MB | 0.4/1.3 MB | 53 kB | 339 kB
Progress (4): 0.4/3.3 MB | 0.4/1.3 MB | 53 kB | 339 kB
Progress (4): 0.4/3.3 MB | 0.4/1.3 MB | 53 kB | 339 kB
Progress (4): 0.4/3.3 MB | 0.4/1.3 MB | 53 kB | 339 kB
Progress (4): 0.4/3.3 MB | 0.4/1.3 MB | 53 kB | 339 kB
Progress (4): 0.4/3.3 MB | 0.4/1.3 MB | 53 kB | 339 kB
Progress (4): 0.4/3.3 MB | 0.4/1.3 MB | 53 kB | 339 kB
Progress (4): 0.4/3.3 MB | 0.4/1.3 MB | 53 kB | 339 kB
Progress (4): 0.4/3.3 MB | 0.5/1.3 MB | 53 kB | 339 kB
Progress (4): 0.5/3.3 MB | 0.5/1.3 MB | 53 kB | 339 kB
Progress (4): 0.5/3.3 MB | 0.5/1.3 MB | 53 kB | 339 kB
Progress (4): 0.5/3.3 MB | 0.5/1.3 MB | 53 kB | 339 kB
Progress (4): 0.5/3.3 MB | 0.5/1.3 MB | 53 kB | 339 kB
Progress (4): 0.5/3.3 MB | 0.5/1.3 MB | 53 kB | 339 kB
Progress (4): 0.5/3.3 MB | 0.5/1.3 MB | 53 kB | 339 kB
Progress (4): 0.5/3.3 MB | 0.5/1.3 MB | 53 kB | 339 kB
Progress (4): 0.5/3.3 MB | 0.5/1.3 MB | 53 kB | 339 kB
Progress (4): 0.5/3.3 MB | 0.5/1.3 MB | 53 kB | 339 kB
Progress (4): 0.5/3.3 MB | 0.5/1.3 MB | 53 kB | 339 kB
Progress (4): 0.5/3.3 MB | 0.5/1.3 MB | 53 kB | 339 kB
Progress (4): 0.5/3.3 MB | 0.5/1.3 MB | 53 kB | 339 kB
Progress (4): 0.5/3.3 MB | 0.5/1.3 MB | 53 kB | 339 kB
Progress (4): 0.6/3.3 MB | 0.5/1.3 MB | 53 kB | 339 kB
Progress (4): 0.6/3.3 MB | 0.5/1.3 MB | 53 kB | 339 kB
Progress (4): 0.6/3.3 MB | 0.5/1.3 MB | 53 kB | 339 kB
Progress (4): 0.6/3.3 MB | 0.6/1.3 MB | 53 kB | 339 kB
Progress (4): 0.6/3.3 MB | 0.6/1.3 MB | 53 kB | 339 kB
Progress (4): 0.6/3.3 MB | 0.6/1.3 MB | 53 kB | 339 kB
Progress (4): 0.6/3.3 MB | 0.6/1.3 MB | 53 kB | 339 kB
Progress (4): 0.6/3.3 MB | 0.6/1.3 MB | 53 kB | 339 kB
Progress (4): 0.6/3.3 MB | 0.6/1.3 MB | 53 kB | 339 kB
Progress (4): 0.6/3.3 MB | 0.6/1.3 MB | 53 kB | 339 kB
Progress (4): 0.6/3.3 MB | 0.6/1.3 MB | 53 kB | 339 kB
Progress (4): 0.6/3.3 MB | 0.6/1.3 MB | 53 kB | 339 kB
Progress (4): 0.6/3.3 MB | 0.6/1.3 MB | 53 kB | 339 kB
Progress (4): 0.7/3.3 MB | 0.6/1.3 MB | 53 kB | 339 kB
Progress (4): 0.7/3.3 MB | 0.7/1.3 MB | 53 kB | 339 kB
Progress (4): 0.7/3.3 MB | 0.7/1.3 MB | 53 kB | 339 kB
Progress (4): 0.7/3.3 MB | 0.7/1.3 MB | 53 kB | 339 kB
Progress (4): 0.7/3.3 MB | 0.7/1.3 MB | 53 kB | 339 kB
Progress (4): 0.7/3.3 MB | 0.7/1.3 MB | 53 kB | 339 kB
Progress (4): 0.7/3.3 MB | 0.7/1.3 MB | 53 kB | 339 kB
Progress (4): 0.7/3.3 MB | 0.7/1.3 MB | 53 kB | 339 kB
Progress (4): 0.7/3.3 MB | 0.7/1.3 MB | 53 kB | 339 kB
Progress (4): 0.7/3.3 MB | 0.7/1.3 MB | 53 kB | 339 kB
Progress (4): 0.8/3.3 MB | 0.7/1.3 MB | 53 kB | 339 kB
Progress (4): 0.8/3.3 MB | 0.7/1.3 MB | 53 kB | 339 kB
Progress (4): 0.8/3.3 MB | 0.7/1.3 MB | 53 kB | 339 kB
Progress (4): 0.8/3.3 MB | 0.7/1.3 MB | 53 kB | 339 kB
Progress (4): 0.8/3.3 MB | 0.7/1.3 MB | 53 kB | 339 kB
Progress (4): 0.8/3.3 MB | 0.7/1.3 MB | 53 kB | 339 kB
Progress (4): 0.8/3.3 MB | 0.8/1.3 MB | 53 kB | 339 kB
Progress (4): 0.8/3.3 MB | 0.8/1.3 MB | 53 kB | 339 kB
Progress (4): 0.8/3.3 MB | 0.8/1.3 MB | 53 kB | 339 kB
Progress (4): 0.8/3.3 MB | 0.8/1.3 MB | 53 kB | 339 kB
Progress (4): 0.8/3.3 MB | 0.8/1.3 MB | 53 kB | 339 kB
Progress (4): 0.8/3.3 MB | 0.8/1.3 MB | 53 kB | 339 kB
Progress (4): 0.9/3.3 MB | 0.8/1.3 MB | 53 kB | 339 kB
Progress (4): 0.9/3.3 MB | 0.8/1.3 MB | 53 kB | 339 kB
Progress (4): 0.9/3.3 MB | 0.8/1.3 MB | 53 kB | 339 kB
Progress (4): 0.9/3.3 MB | 0.8/1.3 MB | 53 kB | 339 kB
Progress (4): 0.9/3.3 MB | 0.8/1.3 MB | 53 kB | 339 kB
Progress (4): 0.9/3.3 MB | 0.8/1.3 MB | 53 kB | 339 kB
Progress (4): 0.9/3.3 MB | 0.8/1.3 MB | 53 kB | 339 kB
Progress (4): 0.9/3.3 MB | 0.8/1.3 MB | 53 kB | 339 kB
Progress (4): 0.9/3.3 MB | 0.9/1.3 MB | 53 kB | 339 kB
Progress (4): 0.9/3.3 MB | 0.9/1.3 MB | 53 kB | 339 kB
Progress (4): 0.9/3.3 MB | 0.9/1.3 MB | 53 kB | 339 kB
Progress (4): 1.0/3.3 MB | 0.9/1.3 MB | 53 kB | 339 kB
Progress (4): 1.0/3.3 MB | 0.9/1.3 MB | 53 kB | 339 kB
Progress (4): 1.0/3.3 MB | 0.9/1.3 MB | 53 kB | 339 kB
Progress (4): 1.0/3.3 MB | 0.9/1.3 MB | 53 kB | 339 kB
Progress (4): 1.0/3.3 MB | 0.9/1.3 MB | 53 kB | 339 kB
Progress (4): 1.0/3.3 MB | 0.9/1.3 MB | 53 kB | 339 kB
Progress (4): 1.0/3.3 MB | 0.9/1.3 MB | 53 kB | 339 kB
                                                      
Downloaded from central: https://repo1.maven.org/maven2/org/apache/commons/commons-exec/1.1/commons-exec-1.1.jar (53 kB at 62 kB/s)
Downloading from central: https://repo1.maven.org/maven2/org/apache/zookeeper/zookeeper-jute/3.8.4/zookeeper-jute-3.8.4.jar
Progress (3): 1.0/3.3 MB | 0.9/1.3 MB | 339 kB
Progress (3): 1.0/3.3 MB | 1.0/1.3 MB | 339 kB
Progress (3): 1.0/3.3 MB | 1.0/1.3 MB | 339 kB
Progress (3): 1.0/3.3 MB | 1.0/1.3 MB | 339 kB
Progress (3): 1.0/3.3 MB | 1.0/1.3 MB | 339 kB
Progress (3): 1.0/3.3 MB | 1.0/1.3 MB | 339 kB
Progress (3): 1.0/3.3 MB | 1.0/1.3 MB | 339 kB
Progress (3): 1.0/3.3 MB | 1.0/1.3 MB | 339 kB
Progress (3): 1.0/3.3 MB | 1.0/1.3 MB | 339 kB
Progress (3): 1.1/3.3 MB | 1.0/1.3 MB | 339 kB
Progress (3): 1.1/3.3 MB | 1.0/1.3 MB | 339 kB
Progress (3): 1.1/3.3 MB | 1.0/1.3 MB | 339 kB
Progress (3): 1.1/3.3 MB | 1.1/1.3 MB | 339 kB
Progress (3): 1.1/3.3 MB | 1.1/1.3 MB | 339 kB
Progress (3): 1.1/3.3 MB | 1.1/1.3 MB | 339 kB
Progress (3): 1.1/3.3 MB | 1.1/1.3 MB | 339 kB
Progress (3): 1.1/3.3 MB | 1.1/1.3 MB | 339 kB
Progress (3): 1.1/3.3 MB | 1.1/1.3 MB | 339 kB
Progress (4): 1.1/3.3 MB | 1.1/1.3 MB | 339 kB | 16/30 kB
Progress (4): 1.1/3.3 MB | 1.1/1.3 MB | 339 kB | 16/30 kB
Progress (4): 1.1/3.3 MB | 1.1/1.3 MB | 339 kB | 30 kB   
Progress (4): 1.1/3.3 MB | 1.1/1.3 MB | 339 kB | 30 kB
Progress (4): 1.2/3.3 MB | 1.1/1.3 MB | 339 kB | 30 kB
Progress (4): 1.2/3.3 MB | 1.1/1.3 MB | 339 kB | 30 kB
Progress (4): 1.2/3.3 MB | 1.1/1.3 MB | 339 kB | 30 kB
Progress (4): 1.2/3.3 MB | 1.1/1.3 MB | 339 kB | 30 kB
Progress (4): 1.2/3.3 MB | 1.1/1.3 MB | 339 kB | 30 kB
Progress (4): 1.2/3.3 MB | 1.2/1.3 MB | 339 kB | 30 kB
Progress (4): 1.2/3.3 MB | 1.2/1.3 MB | 339 kB | 30 kB
Progress (4): 1.2/3.3 MB | 1.2/1.3 MB | 339 kB | 30 kB
Progress (4): 1.2/3.3 MB | 1.2/1.3 MB | 339 kB | 30 kB
Progress (4): 1.2/3.3 MB | 1.2/1.3 MB | 339 kB | 30 kB
Progress (4): 1.2/3.3 MB | 1.2/1.3 MB | 339 kB | 30 kB
Progress (4): 1.3/3.3 MB | 1.2/1.3 MB | 339 kB | 30 kB
Progress (4): 1.3/3.3 MB | 1.2/1.3 MB | 339 kB | 30 kB
Progress (4): 1.3/3.3 MB | 1.2/1.3 MB | 339 kB | 30 kB
Progress (4): 1.3/3.3 MB | 1.2/1.3 MB | 339 kB | 30 kB
Progress (4): 1.3/3.3 MB | 1.2/1.3 MB | 339 kB | 30 kB
Progress (4): 1.3/3.3 MB | 1.2/1.3 MB | 339 kB | 30 kB
Progress (4): 1.3/3.3 MB | 1.3/1.3 MB | 339 kB | 30 kB
Progress (4): 1.3/3.3 MB | 1.3/1.3 MB | 339 kB | 30 kB
Progress (4): 1.3/3.3 MB | 1.3/1.3 MB | 339 kB | 30 kB
Progress (4): 1.3/3.3 MB | 1.3/1.3 MB | 339 kB | 30 kB
Progress (4): 1.3/3.3 MB | 1.3/1.3 MB | 339 kB | 30 kB
Progress (4): 1.3/3.3 MB | 1.3/1.3 MB | 339 kB | 30 kB
Progress (4): 1.3/3.3 MB | 1.3/1.3 MB | 339 kB | 30 kB
Progress (4): 1.4/3.3 MB | 1.3/1.3 MB | 339 kB | 30 kB
Progress (4): 1.4/3.3 MB | 1.3/1.3 MB | 339 kB | 30 kB
Progress (4): 1.4/3.3 MB | 1.3/1.3 MB | 339 kB | 30 kB
Progress (4): 1.4/3.3 MB | 1.3 MB | 339 kB | 30 kB    
Progress (4): 1.4/3.3 MB | 1.3 MB | 339 kB | 30 kB
Progress (4): 1.4/3.3 MB | 1.3 MB | 339 kB | 30 kB
Progress (4): 1.4/3.3 MB | 1.3 MB | 339 kB | 30 kB
Progress (4): 1.4/3.3 MB | 1.3 MB | 339 kB | 30 kB
Progress (4): 1.4/3.3 MB | 1.3 MB | 339 kB | 30 kB
Progress (4): 1.5/3.3 MB | 1.3 MB | 339 kB | 30 kB
Progress (4): 1.5/3.3 MB | 1.3 MB | 339 kB | 30 kB
Progress (4): 1.5/3.3 MB | 1.3 MB | 339 kB | 30 kB
Progress (4): 1.5/3.3 MB | 1.3 MB | 339 kB | 30 kB
Progress (4): 1.5/3.3 MB | 1.3 MB | 339 kB | 30 kB
Progress (4): 1.5/3.3 MB | 1.3 MB | 339 kB | 30 kB
Progress (4): 1.6/3.3 MB | 1.3 MB | 339 kB | 30 kB
Progress (4): 1.6/3.3 MB | 1.3 MB | 339 kB | 30 kB
Progress (4): 1.6/3.3 MB | 1.3 MB | 339 kB | 30 kB
Progress (4): 1.6/3.3 MB | 1.3 MB | 339 kB | 30 kB
Progress (4): 1.6/3.3 MB | 1.3 MB | 339 kB | 30 kB
                                                  
Downloaded from central: https://repo1.maven.org/maven2/org/apache/curator/curator-framework/5.7.1/curator-framework-5.7.1.jar (339 kB at 397 kB/s)
Downloading from central: https://repo1.maven.org/maven2/io/netty/netty-handler/4.1.127.Final/netty-handler-4.1.127.Final.jar
Progress (3): 1.6/3.3 MB | 1.3 MB | 30 kB
Progress (3): 1.7/3.3 MB | 1.3 MB | 30 kB
Progress (3): 1.7/3.3 MB | 1.3 MB | 30 kB
Progress (3): 1.7/3.3 MB | 1.3 MB | 30 kB
Progress (3): 1.7/3.3 MB | 1.3 MB | 30 kB
Progress (3): 1.7/3.3 MB | 1.3 MB | 30 kB
Progress (3): 1.7/3.3 MB | 1.3 MB | 30 kB
Progress (3): 1.8/3.3 MB | 1.3 MB | 30 kB
Progress (3): 1.8/3.3 MB | 1.3 MB | 30 kB
Progress (3): 1.8/3.3 MB | 1.3 MB | 30 kB
Progress (3): 1.8/3.3 MB | 1.3 MB | 30 kB
Progress (3): 1.8/3.3 MB | 1.3 MB | 30 kB
Progress (3): 1.8/3.3 MB | 1.3 MB | 30 kB
Progress (3): 1.8/3.3 MB | 1.3 MB | 30 kB
Progress (3): 1.9/3.3 MB | 1.3 MB | 30 kB
Progress (3): 1.9/3.3 MB | 1.3 MB | 30 kB
Progress (3): 1.9/3.3 MB | 1.3 MB | 30 kB
Progress (3): 1.9/3.3 MB | 1.3 MB | 30 kB
Progress (3): 1.9/3.3 MB | 1.3 MB | 30 kB
Progress (3): 1.9/3.3 MB | 1.3 MB | 30 kB
Progress (3): 2.0/3.3 MB | 1.3 MB | 30 kB
Progress (3): 2.0/3.3 MB | 1.3 MB | 30 kB
Progress (3): 2.0/3.3 MB | 1.3 MB | 30 kB
Progress (3): 2.0/3.3 MB | 1.3 MB | 30 kB
Progress (3): 2.0/3.3 MB | 1.3 MB | 30 kB
Progress (3): 2.0/3.3 MB | 1.3 MB | 30 kB
Progress (3): 2.1/3.3 MB | 1.3 MB | 30 kB
Progress (3): 2.1/3.3 MB | 1.3 MB | 30 kB
Progress (3): 2.1/3.3 MB | 1.3 MB | 30 kB
Progress (3): 2.1/3.3 MB | 1.3 MB | 30 kB
Progress (3): 2.1/3.3 MB | 1.3 MB | 30 kB
                                         
Downloaded from central: https://repo1.maven.org/maven2/com/sun/istack/istack-commons-runtime/4.1.0-M1/istack-commons-runtime-4.1.0-M1.jar (30 kB at 35 kB/s)
Downloading from central: https://repo1.maven.org/maven2/io/netty/netty-common/4.1.127.Final/netty-common-4.1.127.Final.jar
Progress (2): 2.1/3.3 MB | 1.3 MB
Progress (2): 2.1/3.3 MB | 1.3 MB
Progress (2): 2.2/3.3 MB | 1.3 MB
Progress (2): 2.2/3.3 MB | 1.3 MB
Progress (2): 2.2/3.3 MB | 1.3 MB
Progress (2): 2.2/3.3 MB | 1.3 MB
Progress (2): 2.2/3.3 MB | 1.3 MB
Progress (2): 2.2/3.3 MB | 1.3 MB
Progress (2): 2.3/3.3 MB | 1.3 MB
Progress (2): 2.3/3.3 MB | 1.3 MB
Progress (2): 2.3/3.3 MB | 1.3 MB
Progress (2): 2.3/3.3 MB | 1.3 MB
Progress (2): 2.3/3.3 MB | 1.3 MB
Progress (2): 2.3/3.3 MB | 1.3 MB
Progress (2): 2.3/3.3 MB | 1.3 MB
Progress (2): 2.4/3.3 MB | 1.3 MB
Progress (2): 2.4/3.3 MB | 1.3 MB
Progress (2): 2.4/3.3 MB | 1.3 MB
Progress (2): 2.4/3.3 MB | 1.3 MB
Progress (2): 2.4/3.3 MB | 1.3 MB
Progress (2): 2.4/3.3 MB | 1.3 MB
Progress (2): 2.5/3.3 MB | 1.3 MB
Progress (2): 2.5/3.3 MB | 1.3 MB
Progress (2): 2.5/3.3 MB | 1.3 MB
Progress (2): 2.5/3.3 MB | 1.3 MB
Progress (2): 2.5/3.3 MB | 1.3 MB
                                 
Downloaded from central: https://repo1.maven.org/maven2/org/apache/zookeeper/zookeeper/3.8.4/zookeeper-3.8.4.jar (1.3 MB at 1.5 MB/s)
Downloading from central: https://repo1.maven.org/maven2/io/netty/netty-resolver/4.1.127.Final/netty-resolver-4.1.127.Final.jar
Progress (1): 2.5/3.3 MB
Progress (1): 2.6/3.3 MB
Progress (1): 2.6/3.3 MB
Progress (1): 2.6/3.3 MB
Progress (1): 2.6/3.3 MB
Progress (1): 2.6/3.3 MB
Progress (1): 2.6/3.3 MB
Progress (1): 2.7/3.3 MB
Progress (1): 2.7/3.3 MB
Progress (1): 2.7/3.3 MB
Progress (1): 2.7/3.3 MB
Progress (1): 2.7/3.3 MB
Progress (1): 2.7/3.3 MB
Progress (1): 2.8/3.3 MB
Progress (1): 2.8/3.3 MB
Progress (1): 2.8/3.3 MB
Progress (1): 2.8/3.3 MB
Progress (1): 2.8/3.3 MB
Progress (2): 2.8/3.3 MB | 7.7/255 kB
Progress (2): 2.8/3.3 MB | 7.7/255 kB
Progress (2): 2.9/3.3 MB | 7.7/255 kB
Progress (2): 2.9/3.3 MB | 7.7/255 kB
Progress (2): 2.9/3.3 MB | 7.7/255 kB
Progress (2): 2.9/3.3 MB | 7.7/255 kB
Progress (2): 2.9/3.3 MB | 7.7/255 kB
Progress (2): 2.9/3.3 MB | 7.7/255 kB
Progress (2): 3.0/3.3 MB | 7.7/255 kB
Progress (2): 3.0/3.3 MB | 7.7/255 kB
Progress (2): 3.0/3.3 MB | 7.7/255 kB
Progress (2): 3.0/3.3 MB | 7.7/255 kB
Progress (2): 3.0/3.3 MB | 16/255 kB 
Progress (2): 3.0/3.3 MB | 16/255 kB
Progress (2): 3.0/3.3 MB | 32/255 kB
Progress (2): 3.0/3.3 MB | 32/255 kB
Progress (2): 3.0/3.3 MB | 32/255 kB
Progress (2): 3.0/3.3 MB | 49/255 kB
Progress (2): 3.0/3.3 MB | 57/255 kB
Progress (2): 3.1/3.3 MB | 57/255 kB
Progress (2): 3.1/3.3 MB | 74/255 kB
Progress (2): 3.1/3.3 MB | 74/255 kB
Progress (2): 3.1/3.3 MB | 90/255 kB
Progress (2): 3.1/3.3 MB | 90/255 kB
Progress (2): 3.1/3.3 MB | 106/255 kB
Progress (2): 3.1/3.3 MB | 106/255 kB
Progress (2): 3.1/3.3 MB | 123/255 kB
Progress (2): 3.1/3.3 MB | 123/255 kB
Progress (2): 3.1/3.3 MB | 139/255 kB
Progress (2): 3.1/3.3 MB | 139/255 kB
Progress (2): 3.1/3.3 MB | 156/255 kB
Progress (2): 3.2/3.3 MB | 156/255 kB
Progress (2): 3.2/3.3 MB | 172/255 kB
Progress (2): 3.2/3.3 MB | 172/255 kB
Progress (2): 3.2/3.3 MB | 188/255 kB
Progress (2): 3.2/3.3 MB | 188/255 kB
Progress (2): 3.2/3.3 MB | 188/255 kB
Progress (2): 3.2/3.3 MB | 205/255 kB
Progress (2): 3.2/3.3 MB | 205/255 kB
Progress (2): 3.2/3.3 MB | 221/255 kB
Progress (2): 3.2/3.3 MB | 238/255 kB
Progress (2): 3.2/3.3 MB | 238/255 kB
Progress (2): 3.2/3.3 MB | 238/255 kB
Progress (2): 3.2/3.3 MB | 254/255 kB
Progress (2): 3.2/3.3 MB | 255 kB    
Progress (2): 3.3/3.3 MB | 255 kB
Progress (2): 3.3 MB | 255 kB    
Progress (3): 3.3 MB | 255 kB | 7.7/581 kB
Progress (3): 3.3 MB | 255 kB | 16/581 kB 
Progress (3): 3.3 MB | 255 kB | 32/581 kB
Progress (3): 3.3 MB | 255 kB | 49/581 kB
Progress (3): 3.3 MB | 255 kB | 65/581 kB
Progress (3): 3.3 MB | 255 kB | 81/581 kB
Progress (3): 3.3 MB | 255 kB | 98/581 kB
Progress (3): 3.3 MB | 255 kB | 114/581 kB
Progress (3): 3.3 MB | 255 kB | 131/581 kB
Progress (3): 3.3 MB | 255 kB | 147/581 kB
                                          
Downloaded from central: https://repo1.maven.org/maven2/org/apache/zookeeper/zookeeper-jute/3.8.4/zookeeper-jute-3.8.4.jar (255 kB at 285 kB/s)
Downloading from central: https://repo1.maven.org/maven2/io/netty/netty-buffer/4.1.127.Final/netty-buffer-4.1.127.Final.jar
Progress (2): 3.3 MB | 163/581 kB
Progress (2): 3.3 MB | 180/581 kB
Progress (2): 3.3 MB | 196/581 kB
Progress (2): 3.3 MB | 213/581 kB
Progress (2): 3.3 MB | 229/581 kB
Progress (2): 3.3 MB | 245/581 kB
Progress (2): 3.3 MB | 262/581 kB
Progress (2): 3.3 MB | 278/581 kB
Progress (2): 3.3 MB | 294/581 kB
Progress (2): 3.3 MB | 311/581 kB
Progress (2): 3.3 MB | 327/581 kB
Progress (2): 3.3 MB | 344/581 kB
Progress (2): 3.3 MB | 360/581 kB
Progress (2): 3.3 MB | 376/581 kB
Progress (2): 3.3 MB | 393/581 kB
Progress (2): 3.3 MB | 409/581 kB
Progress (2): 3.3 MB | 426/581 kB
Progress (2): 3.3 MB | 442/581 kB
Progress (2): 3.3 MB | 458/581 kB
Progress (2): 3.3 MB | 475/581 kB
Progress (2): 3.3 MB | 491/581 kB
Progress (2): 3.3 MB | 507/581 kB
Progress (2): 3.3 MB | 524/581 kB
Progress (2): 3.3 MB | 540/581 kB
Progress (2): 3.3 MB | 557/581 kB
Progress (3): 3.3 MB | 557/581 kB | 7.7/724 kB
Progress (3): 3.3 MB | 573/581 kB | 7.7/724 kB
Progress (3): 3.3 MB | 581 kB | 7.7/724 kB    
Progress (3): 3.3 MB | 581 kB | 8.2/724 kB
Progress (3): 3.3 MB | 581 kB | 25/724 kB 
Progress (3): 3.3 MB | 581 kB | 41/724 kB
Progress (3): 3.3 MB | 581 kB | 57/724 kB
Progress (3): 3.3 MB | 581 kB | 74/724 kB
Progress (3): 3.3 MB | 581 kB | 90/724 kB
Progress (3): 3.3 MB | 581 kB | 106/724 kB
Progress (3): 3.3 MB | 581 kB | 123/724 kB
Progress (3): 3.3 MB | 581 kB | 139/724 kB
Progress (3): 3.3 MB | 581 kB | 156/724 kB
Progress (3): 3.3 MB | 581 kB | 172/724 kB
Progress (3): 3.3 MB | 581 kB | 188/724 kB
Progress (3): 3.3 MB | 581 kB | 197/724 kB
Progress (3): 3.3 MB | 581 kB | 213/724 kB
Progress (3): 3.3 MB | 581 kB | 229/724 kB
Progress (3): 3.3 MB | 581 kB | 246/724 kB
Progress (3): 3.3 MB | 581 kB | 262/724 kB
Progress (3): 3.3 MB | 581 kB | 279/724 kB
Progress (3): 3.3 MB | 581 kB | 295/724 kB
Progress (3): 3.3 MB | 581 kB | 299/724 kB
Progress (3): 3.3 MB | 581 kB | 315/724 kB
Progress (3): 3.3 MB | 581 kB | 328/724 kB
Progress (3): 3.3 MB | 581 kB | 344/724 kB
Progress (3): 3.3 MB | 581 kB | 360/724 kB
Progress (3): 3.3 MB | 581 kB | 377/724 kB
Progress (3): 3.3 MB | 581 kB | 393/724 kB
Progress (3): 3.3 MB | 581 kB | 410/724 kB
Progress (3): 3.3 MB | 581 kB | 426/724 kB
Progress (3): 3.3 MB | 581 kB | 442/724 kB
Progress (3): 3.3 MB | 581 kB | 459/724 kB
Progress (4): 3.3 MB | 581 kB | 459/724 kB | 7.7/38 kB
Progress (4): 3.3 MB | 581 kB | 459/724 kB | 12/38 kB 
Progress (4): 3.3 MB | 581 kB | 475/724 kB | 12/38 kB
Progress (4): 3.3 MB | 581 kB | 492/724 kB | 12/38 kB
Progress (4): 3.3 MB | 581 kB | 492/724 kB | 29/38 kB
Progress (4): 3.3 MB | 581 kB | 492/724 kB | 38 kB   
Progress (4): 3.3 MB | 581 kB | 508/724 kB | 38 kB
Progress (4): 3.3 MB | 581 kB | 524/724 kB | 38 kB
Progress (4): 3.3 MB | 581 kB | 541/724 kB | 38 kB
Progress (4): 3.3 MB | 581 kB | 557/724 kB | 38 kB
Progress (4): 3.3 MB | 581 kB | 573/724 kB | 38 kB
Progress (4): 3.3 MB | 581 kB | 590/724 kB | 38 kB
Progress (4): 3.3 MB | 581 kB | 606/724 kB | 38 kB
Progress (4): 3.3 MB | 581 kB | 623/724 kB | 38 kB
Progress (4): 3.3 MB | 581 kB | 639/724 kB | 38 kB
Progress (4): 3.3 MB | 581 kB | 655/724 kB | 38 kB
Progress (4): 3.3 MB | 581 kB | 672/724 kB | 38 kB
Progress (4): 3.3 MB | 581 kB | 688/724 kB | 38 kB
Progress (4): 3.3 MB | 581 kB | 705/724 kB | 38 kB
Progress (4): 3.3 MB | 581 kB | 721/724 kB | 38 kB
Progress (4): 3.3 MB | 581 kB | 724 kB | 38 kB    
                                              
Downloaded from central: https://repo1.maven.org/maven2/org/apache/curator/curator-client/5.7.1/curator-client-5.7.1.jar (3.3 MB at 3.6 MB/s)
Downloading from central: https://repo1.maven.org/maven2/io/netty/netty-transport/4.1.127.Final/netty-transport-4.1.127.Final.jar
Downloaded from central: https://repo1.maven.org/maven2/io/netty/netty-handler/4.1.127.Final/netty-handler-4.1.127.Final.jar (581 kB at 633 kB/s)
Downloading from central: https://repo1.maven.org/maven2/io/netty/netty-transport-native-unix-common/4.1.127.Final/netty-transport-native-unix-common-4.1.127.Final.jar
Downloaded from central: https://repo1.maven.org/maven2/io/netty/netty-resolver/4.1.127.Final/netty-resolver-4.1.127.Final.jar (38 kB at 41 kB/s)
Downloading from central: https://repo1.maven.org/maven2/io/netty/netty-codec/4.1.127.Final/netty-codec-4.1.127.Final.jar
Downloaded from central: https://repo1.maven.org/maven2/io/netty/netty-common/4.1.127.Final/netty-common-4.1.127.Final.jar (724 kB at 777 kB/s)
Downloading from central: https://repo1.maven.org/maven2/io/netty/netty-transport-native-epoll/4.1.127.Final/netty-transport-native-epoll-4.1.127.Final.jar
Progress (1): 7.7/352 kB
Progress (1): 12/352 kB 
Progress (1): 29/352 kB
Progress (1): 45/352 kB
Progress (1): 61/352 kB
Progress (1): 78/352 kB
Progress (1): 94/352 kB
Progress (1): 111/352 kB
Progress (1): 127/352 kB
Progress (1): 143/352 kB
Progress (1): 160/352 kB
Progress (1): 176/352 kB
Progress (1): 193/352 kB
Progress (1): 209/352 kB
Progress (1): 225/352 kB
Progress (1): 242/352 kB
Progress (1): 258/352 kB
Progress (1): 274/352 kB
Progress (1): 279/352 kB
Progress (1): 295/352 kB
Progress (1): 311/352 kB
Progress (1): 328/352 kB
Progress (1): 344/352 kB
Progress (1): 352 kB    
Progress (2): 352 kB | 7.7/44 kB
Progress (2): 352 kB | 8.2/44 kB
Progress (2): 352 kB | 25/44 kB 
Progress (2): 352 kB | 41/44 kB
Progress (2): 352 kB | 44 kB   
Progress (3): 352 kB | 44 kB | 7.7/522 kB
Progress (3): 352 kB | 44 kB | 16/522 kB 
Progress (3): 352 kB | 44 kB | 32/522 kB
Progress (3): 352 kB | 44 kB | 49/522 kB
Progress (3): 352 kB | 44 kB | 65/522 kB
Progress (3): 352 kB | 44 kB | 81/522 kB
Progress (3): 352 kB | 44 kB | 98/522 kB
Progress (3): 352 kB | 44 kB | 114/522 kB
Progress (3): 352 kB | 44 kB | 131/522 kB
Progress (3): 352 kB | 44 kB | 147/522 kB
Progress (3): 352 kB | 44 kB | 163/522 kB
Progress (3): 352 kB | 44 kB | 180/522 kB
Progress (3): 352 kB | 44 kB | 196/522 kB
Progress (3): 352 kB | 44 kB | 213/522 kB
Progress (3): 352 kB | 44 kB | 229/522 kB
Progress (3): 352 kB | 44 kB | 245/522 kB
Progress (3): 352 kB | 44 kB | 262/522 kB
Progress (3): 352 kB | 44 kB | 278/522 kB
Progress (3): 352 kB | 44 kB | 294/522 kB
Progress (3): 352 kB | 44 kB | 311/522 kB
Progress (3): 352 kB | 44 kB | 327/522 kB
Progress (3): 352 kB | 44 kB | 344/522 kB
Progress (3): 352 kB | 44 kB | 360/522 kB
Progress (3): 352 kB | 44 kB | 376/522 kB
Progress (3): 352 kB | 44 kB | 393/522 kB
                                         
Downloaded from central: https://repo1.maven.org/maven2/io/netty/netty-buffer/4.1.127.Final/netty-buffer-4.1.127.Final.jar (352 kB at 367 kB/s)
Downloading from central: https://repo1.maven.org/maven2/io/netty/netty-transport-classes-epoll/4.1.127.Final/netty-transport-classes-epoll-4.1.127.Final.jar
Progress (2): 44 kB | 409/522 kB
Progress (2): 44 kB | 426/522 kB
Progress (2): 44 kB | 442/522 kB
Progress (2): 44 kB | 458/522 kB
Progress (2): 44 kB | 475/522 kB
Progress (2): 44 kB | 491/522 kB
Progress (2): 44 kB | 507/522 kB
Progress (3): 44 kB | 507/522 kB | 7.7/357 kB
Progress (3): 44 kB | 522 kB | 7.7/357 kB    
                                         
Downloaded from central: https://repo1.maven.org/maven2/io/netty/netty-transport-native-unix-common/4.1.127.Final/netty-transport-native-unix-common-4.1.127.Final.jar (44 kB at 46 kB/s)
Downloading from central: https://repo1.maven.org/maven2/com/fasterxml/jackson/core/jackson-annotations/2.16.1/jackson-annotations-2.16.1.jar
Progress (2): 522 kB | 16/357 kB
Progress (2): 522 kB | 25/357 kB
Progress (2): 522 kB | 41/357 kB
Progress (2): 522 kB | 57/357 kB
Progress (2): 522 kB | 74/357 kB
Progress (2): 522 kB | 90/357 kB
Progress (2): 522 kB | 106/357 kB
Progress (2): 522 kB | 115/357 kB
Progress (2): 522 kB | 131/357 kB
Progress (2): 522 kB | 147/357 kB
Progress (2): 522 kB | 156/357 kB
Progress (2): 522 kB | 172/357 kB
Progress (3): 522 kB | 172/357 kB | 6.4 kB
Progress (3): 522 kB | 188/357 kB | 6.4 kB
Progress (3): 522 kB | 197/357 kB | 6.4 kB
Progress (3): 522 kB | 213/357 kB | 6.4 kB
Progress (3): 522 kB | 229/357 kB | 6.4 kB
Progress (3): 522 kB | 238/357 kB | 6.4 kB
Progress (3): 522 kB | 246/357 kB | 6.4 kB
Progress (3): 522 kB | 262/357 kB | 6.4 kB
Progress (3): 522 kB | 270/357 kB | 6.4 kB
Progress (3): 522 kB | 279/357 kB | 6.4 kB
Progress (3): 522 kB | 287/357 kB | 6.4 kB
Progress (3): 522 kB | 303/357 kB | 6.4 kB
Progress (3): 522 kB | 319/357 kB | 6.4 kB
Progress (3): 522 kB | 336/357 kB | 6.4 kB
Progress (3): 522 kB | 352/357 kB | 6.4 kB
Progress (3): 522 kB | 357 kB | 6.4 kB    
                                      
Downloaded from central: https://repo1.maven.org/maven2/io/netty/netty-transport/4.1.127.Final/netty-transport-4.1.127.Final.jar (522 kB at 532 kB/s)
Downloading from central: https://repo1.maven.org/maven2/com/fasterxml/jackson/core/jackson-core/2.16.1/jackson-core-2.16.1.jar
Downloaded from central: https://repo1.maven.org/maven2/io/netty/netty-transport-native-epoll/4.1.127.Final/netty-transport-native-epoll-4.1.127.Final.jar (6.4 kB at 6.5 kB/s)
Downloading from central: https://repo1.maven.org/maven2/com/fasterxml/jackson/core/jackson-databind/2.16.1/jackson-databind-2.16.1.jar
Downloaded from central: https://repo1.maven.org/maven2/io/netty/netty-codec/4.1.127.Final/netty-codec-4.1.127.Final.jar (357 kB at 361 kB/s)
Downloading from central: https://repo1.maven.org/maven2/org/slf4j/jul-to-slf4j/1.7.30/jul-to-slf4j-1.7.30.jar
Progress (1): 7.7/148 kB
Progress (1): 12/148 kB 
Progress (1): 29/148 kB
Progress (1): 45/148 kB
Progress (1): 61/148 kB
Progress (1): 78/148 kB
Progress (1): 94/148 kB
Progress (1): 111/148 kB
Progress (1): 127/148 kB
Progress (1): 143/148 kB
Progress (1): 148 kB    
Progress (2): 148 kB | 7.7/78 kB
Progress (2): 148 kB | 16/78 kB 
Progress (2): 148 kB | 29/78 kB
Progress (2): 148 kB | 45/78 kB
Progress (2): 148 kB | 61/78 kB
Progress (2): 148 kB | 78/78 kB
Progress (2): 148 kB | 78 kB   
                            
Downloaded from central: https://repo1.maven.org/maven2/io/netty/netty-transport-classes-epoll/4.1.127.Final/netty-transport-classes-epoll-4.1.127.Final.jar (148 kB at 146 kB/s)
Downloading from central: https://repo1.maven.org/maven2/org/apache/hive/hive-jdbc/4.3.0-SNAPSHOT/hive-jdbc-4.3.0-SNAPSHOT.jar
Downloaded from central: https://repo1.maven.org/maven2/com/fasterxml/jackson/core/jackson-annotations/2.16.1/jackson-annotations-2.16.1.jar (78 kB at 76 kB/s)
Downloading from central: https://repo1.maven.org/maven2/org/apache/hadoop/hadoop-auth/3.4.2/hadoop-auth-3.4.2.jar
Progress (1): 4.6 kB
Progress (2): 4.6 kB | 0/1.6 MB
Progress (3): 4.6 kB | 0/1.6 MB | 7.7/578 kB
Progress (3): 4.6 kB | 0/1.6 MB | 8.2/578 kB
Progress (3): 4.6 kB | 0/1.6 MB | 25/578 kB 
Progress (3): 4.6 kB | 0/1.6 MB | 41/578 kB
Progress (3): 4.6 kB | 0/1.6 MB | 57/578 kB
Progress (3): 4.6 kB | 0/1.6 MB | 66/578 kB
Progress (3): 4.6 kB | 0/1.6 MB | 82/578 kB
Progress (3): 4.6 kB | 0/1.6 MB | 98/578 kB
Progress (3): 4.6 kB | 0/1.6 MB | 115/578 kB
Progress (3): 4.6 kB | 0/1.6 MB | 123/578 kB
Progress (3): 4.6 kB | 0/1.6 MB | 139/578 kB
Progress (3): 4.6 kB | 0/1.6 MB | 147/578 kB
Progress (3): 4.6 kB | 0/1.6 MB | 164/578 kB
Progress (3): 4.6 kB | 0/1.6 MB | 172/578 kB
Progress (3): 4.6 kB | 0/1.6 MB | 188/578 kB
Progress (3): 4.6 kB | 0/1.6 MB | 205/578 kB
Progress (3): 4.6 kB | 0/1.6 MB | 221/578 kB
Progress (3): 4.6 kB | 0/1.6 MB | 229/578 kB
Progress (3): 4.6 kB | 0/1.6 MB | 246/578 kB
Progress (3): 4.6 kB | 0/1.6 MB | 262/578 kB
Progress (3): 4.6 kB | 0/1.6 MB | 279/578 kB
Progress (3): 4.6 kB | 0/1.6 MB | 295/578 kB
Progress (3): 4.6 kB | 0/1.6 MB | 311/578 kB
Progress (3): 4.6 kB | 0/1.6 MB | 311/578 kB
Progress (3): 4.6 kB | 0/1.6 MB | 328/578 kB
Progress (3): 4.6 kB | 0/1.6 MB | 328/578 kB
Progress (3): 4.6 kB | 0/1.6 MB | 336/578 kB
Progress (3): 4.6 kB | 0/1.6 MB | 344/578 kB
Progress (3): 4.6 kB | 0/1.6 MB | 352/578 kB
Progress (3): 4.6 kB | 0/1.6 MB | 352/578 kB
Progress (3): 4.6 kB | 0/1.6 MB | 360/578 kB
Progress (3): 4.6 kB | 0.1/1.6 MB | 360/578 kB
Progress (3): 4.6 kB | 0.1/1.6 MB | 369/578 kB
Progress (3): 4.6 kB | 0.1/1.6 MB | 377/578 kB
Progress (3): 4.6 kB | 0.1/1.6 MB | 377/578 kB
Progress (3): 4.6 kB | 0.1/1.6 MB | 393/578 kB
Progress (3): 4.6 kB | 0.1/1.6 MB | 393/578 kB
Progress (3): 4.6 kB | 0.1/1.6 MB | 401/578 kB
Progress (3): 4.6 kB | 0.1/1.6 MB | 401/578 kB
Progress (3): 4.6 kB | 0.1/1.6 MB | 410/578 kB
Progress (3): 4.6 kB | 0.1/1.6 MB | 426/578 kB
Progress (3): 4.6 kB | 0.1/1.6 MB | 426/578 kB
Progress (3): 4.6 kB | 0.1/1.6 MB | 442/578 kB
Progress (3): 4.6 kB | 0.1/1.6 MB | 442/578 kB
Progress (3): 4.6 kB | 0.1/1.6 MB | 459/578 kB
Progress (3): 4.6 kB | 0.2/1.6 MB | 459/578 kB
Progress (3): 4.6 kB | 0.2/1.6 MB | 459/578 kB
Progress (3): 4.6 kB | 0.2/1.6 MB | 475/578 kB
Progress (3): 4.6 kB | 0.2/1.6 MB | 475/578 kB
Progress (3): 4.6 kB | 0.2/1.6 MB | 492/578 kB
Progress (3): 4.6 kB | 0.2/1.6 MB | 492/578 kB
Progress (3): 4.6 kB | 0.2/1.6 MB | 508/578 kB
Progress (3): 4.6 kB | 0.2/1.6 MB | 508/578 kB
Progress (3): 4.6 kB | 0.2/1.6 MB | 524/578 kB
Progress (3): 4.6 kB | 0.2/1.6 MB | 524/578 kB
Progress (3): 4.6 kB | 0.3/1.6 MB | 524/578 kB
Progress (3): 4.6 kB | 0.3/1.6 MB | 541/578 kB
Progress (3): 4.6 kB | 0.3/1.6 MB | 557/578 kB
Progress (3): 4.6 kB | 0.3/1.6 MB | 557/578 kB
Progress (3): 4.6 kB | 0.3/1.6 MB | 557/578 kB
Progress (3): 4.6 kB | 0.3/1.6 MB | 573/578 kB
Progress (3): 4.6 kB | 0.3/1.6 MB | 578 kB    
Progress (3): 4.6 kB | 0.3/1.6 MB | 578 kB
Progress (3): 4.6 kB | 0.3/1.6 MB | 578 kB
Progress (3): 4.6 kB | 0.3/1.6 MB | 578 kB
Progress (3): 4.6 kB | 0.3/1.6 MB | 578 kB
Progress (3): 4.6 kB | 0.4/1.6 MB | 578 kB
Progress (3): 4.6 kB | 0.4/1.6 MB | 578 kB
Progress (3): 4.6 kB | 0.4/1.6 MB | 578 kB
Progress (3): 4.6 kB | 0.4/1.6 MB | 578 kB
Progress (3): 4.6 kB | 0.4/1.6 MB | 578 kB
Progress (3): 4.6 kB | 0.4/1.6 MB | 578 kB
Progress (3): 4.6 kB | 0.5/1.6 MB | 578 kB
Progress (3): 4.6 kB | 0.5/1.6 MB | 578 kB
Progress (3): 4.6 kB | 0.5/1.6 MB | 578 kB
Progress (3): 4.6 kB | 0.5/1.6 MB | 578 kB
Progress (3): 4.6 kB | 0.5/1.6 MB | 578 kB
Progress (3): 4.6 kB | 0.5/1.6 MB | 578 kB
Progress (3): 4.6 kB | 0.6/1.6 MB | 578 kB
Progress (3): 4.6 kB | 0.6/1.6 MB | 578 kB
Progress (3): 4.6 kB | 0.6/1.6 MB | 578 kB
Progress (3): 4.6 kB | 0.6/1.6 MB | 578 kB
Progress (3): 4.6 kB | 0.6/1.6 MB | 578 kB
Progress (3): 4.6 kB | 0.6/1.6 MB | 578 kB
Progress (3): 4.6 kB | 0.7/1.6 MB | 578 kB
Progress (3): 4.6 kB | 0.7/1.6 MB | 578 kB
Progress (3): 4.6 kB | 0.7/1.6 MB | 578 kB
Progress (3): 4.6 kB | 0.7/1.6 MB | 578 kB
Progress (3): 4.6 kB | 0.7/1.6 MB | 578 kB
Progress (3): 4.6 kB | 0.7/1.6 MB | 578 kB
Progress (3): 4.6 kB | 0.8/1.6 MB | 578 kB
Progress (3): 4.6 kB | 0.8/1.6 MB | 578 kB
Progress (3): 4.6 kB | 0.8/1.6 MB | 578 kB
Progress (3): 4.6 kB | 0.8/1.6 MB | 578 kB
Progress (3): 4.6 kB | 0.8/1.6 MB | 578 kB
Progress (3): 4.6 kB | 0.8/1.6 MB | 578 kB
Progress (3): 4.6 kB | 0.9/1.6 MB | 578 kB
Progress (3): 4.6 kB | 0.9/1.6 MB | 578 kB
Progress (3): 4.6 kB | 0.9/1.6 MB | 578 kB
Progress (3): 4.6 kB | 0.9/1.6 MB | 578 kB
Progress (3): 4.6 kB | 0.9/1.6 MB | 578 kB
Progress (3): 4.6 kB | 0.9/1.6 MB | 578 kB
Progress (3): 4.6 kB | 1.0/1.6 MB | 578 kB
Progress (3): 4.6 kB | 1.0/1.6 MB | 578 kB
Progress (3): 4.6 kB | 1.0/1.6 MB | 578 kB
Progress (3): 4.6 kB | 1.0/1.6 MB | 578 kB
Progress (3): 4.6 kB | 1.0/1.6 MB | 578 kB
Progress (3): 4.6 kB | 1.0/1.6 MB | 578 kB
Progress (3): 4.6 kB | 1.0/1.6 MB | 578 kB
Progress (3): 4.6 kB | 1.1/1.6 MB | 578 kB
Progress (3): 4.6 kB | 1.1/1.6 MB | 578 kB
Progress (3): 4.6 kB | 1.1/1.6 MB | 578 kB
Progress (3): 4.6 kB | 1.1/1.6 MB | 578 kB
Progress (3): 4.6 kB | 1.1/1.6 MB | 578 kB
Progress (3): 4.6 kB | 1.1/1.6 MB | 578 kB
Progress (3): 4.6 kB | 1.2/1.6 MB | 578 kB
Progress (3): 4.6 kB | 1.2/1.6 MB | 578 kB
Progress (3): 4.6 kB | 1.2/1.6 MB | 578 kB
Progress (4): 4.6 kB | 1.2/1.6 MB | 578 kB | 7.7/110 kB
Progress (4): 4.6 kB | 1.2/1.6 MB | 578 kB | 7.7/110 kB
Progress (4): 4.6 kB | 1.2/1.6 MB | 578 kB | 7.7/110 kB
Progress (4): 4.6 kB | 1.2/1.6 MB | 578 kB | 7.7/110 kB
Progress (4): 4.6 kB | 1.3/1.6 MB | 578 kB | 7.7/110 kB
                                                       
Downloaded from central: https://repo1.maven.org/maven2/org/slf4j/jul-to-slf4j/1.7.30/jul-to-slf4j-1.7.30.jar (4.6 kB at 4.3 kB/s)
Progress (3): 1.3/1.6 MB | 578 kB | 7.7/110 kB
                                              
Downloading from central: https://repo1.maven.org/maven2/org/apache/httpcomponents/httpcore/4.4.13/httpcore-4.4.13.jar
Progress (3): 1.3/1.6 MB | 578 kB | 7.7/110 kB
Progress (3): 1.3/1.6 MB | 578 kB | 7.7/110 kB
Progress (3): 1.3/1.6 MB | 578 kB | 7.7/110 kB
Progress (3): 1.3/1.6 MB | 578 kB | 7.7/110 kB
Progress (3): 1.4/1.6 MB | 578 kB | 7.7/110 kB
Progress (3): 1.4/1.6 MB | 578 kB | 12/110 kB 
Progress (3): 1.4/1.6 MB | 578 kB | 12/110 kB
Progress (3): 1.4/1.6 MB | 578 kB | 29/110 kB
Progress (3): 1.4/1.6 MB | 578 kB | 29/110 kB
Progress (3): 1.4/1.6 MB | 578 kB | 45/110 kB
Progress (3): 1.4/1.6 MB | 578 kB | 61/110 kB
Progress (3): 1.4/1.6 MB | 578 kB | 78/110 kB
Progress (3): 1.4/1.6 MB | 578 kB | 94/110 kB
Progress (3): 1.4/1.6 MB | 578 kB | 94/110 kB
Progress (3): 1.4/1.6 MB | 578 kB | 110 kB   
Progress (3): 1.4/1.6 MB | 578 kB | 110 kB
Progress (3): 1.4/1.6 MB | 578 kB | 110 kB
Progress (3): 1.4/1.6 MB | 578 kB | 110 kB
Progress (3): 1.5/1.6 MB | 578 kB | 110 kB
Progress (3): 1.5/1.6 MB | 578 kB | 110 kB
Progress (3): 1.5/1.6 MB | 578 kB | 110 kB
Progress (3): 1.5/1.6 MB | 578 kB | 110 kB
Progress (3): 1.5/1.6 MB | 578 kB | 110 kB
Progress (3): 1.5/1.6 MB | 578 kB | 110 kB
Progress (3): 1.6/1.6 MB | 578 kB | 110 kB
Progress (3): 1.6/1.6 MB | 578 kB | 110 kB
Progress (3): 1.6/1.6 MB | 578 kB | 110 kB
Progress (3): 1.6/1.6 MB | 578 kB | 110 kB
Progress (3): 1.6/1.6 MB | 578 kB | 110 kB
Progress (3): 1.6 MB | 578 kB | 110 kB    
                                      
Downloaded from central: https://repo1.maven.org/maven2/com/fasterxml/jackson/core/jackson-core/2.16.1/jackson-core-2.16.1.jar (578 kB at 534 kB/s)
Downloading from central: https://repo1.maven.org/maven2/io/dropwizard/metrics/metrics-core/3.2.4/metrics-core-3.2.4.jar
Downloaded from central: https://repo1.maven.org/maven2/org/apache/hadoop/hadoop-auth/3.4.2/hadoop-auth-3.4.2.jar (110 kB at 101 kB/s)
Downloading from central: https://repo1.maven.org/maven2/org/apache/kerby/kerb-core/2.0.3/kerb-core-2.0.3.jar
Downloaded from central: https://repo1.maven.org/maven2/com/fasterxml/jackson/core/jackson-databind/2.16.1/jackson-databind-2.16.1.jar (1.6 MB at 1.5 MB/s)
Downloading from central: https://repo1.maven.org/maven2/org/apache/kerby/kerby-pkix/2.0.3/kerby-pkix-2.0.3.jar
Progress (1): 7.7/329 kB
Progress (1): 16/329 kB 
Progress (1): 32/329 kB
Progress (1): 49/329 kB
Progress (1): 65/329 kB
Progress (1): 81/329 kB
Progress (1): 98/329 kB
Progress (1): 114/329 kB
Progress (1): 131/329 kB
Progress (1): 147/329 kB
Progress (1): 163/329 kB
Progress (1): 180/329 kB
Progress (1): 196/329 kB
Progress (1): 213/329 kB
Progress (1): 229/329 kB
Progress (1): 245/329 kB
Progress (1): 262/329 kB
Progress (1): 278/329 kB
Progress (1): 294/329 kB
Progress (1): 311/329 kB
Progress (1): 327/329 kB
Progress (1): 329 kB    
Progress (2): 329 kB | 7.7/136 kB
Progress (2): 329 kB | 16/136 kB 
Progress (2): 329 kB | 25/136 kB
Progress (2): 329 kB | 41/136 kB
Progress (2): 329 kB | 57/136 kB
Progress (2): 329 kB | 74/136 kB
Progress (2): 329 kB | 90/136 kB
Progress (2): 329 kB | 106/136 kB
Progress (2): 329 kB | 123/136 kB
Progress (2): 329 kB | 136 kB    
Progress (3): 329 kB | 136 kB | 7.8/223 kB
Progress (3): 329 kB | 136 kB | 16/223 kB 
Progress (3): 329 kB | 136 kB | 32/223 kB
Progress (3): 329 kB | 136 kB | 49/223 kB
Progress (3): 329 kB | 136 kB | 65/223 kB
Progress (3): 329 kB | 136 kB | 81/223 kB
Progress (3): 329 kB | 136 kB | 98/223 kB
Progress (3): 329 kB | 136 kB | 114/223 kB
Progress (3): 329 kB | 136 kB | 131/223 kB
Progress (3): 329 kB | 136 kB | 147/223 kB
Progress (3): 329 kB | 136 kB | 163/223 kB
Progress (3): 329 kB | 136 kB | 180/223 kB
                                          
Downloaded from central: https://repo1.maven.org/maven2/org/apache/httpcomponents/httpcore/4.4.13/httpcore-4.4.13.jar (329 kB at 288 kB/s)
Downloading from central: https://repo1.maven.org/maven2/org/apache/kerby/kerby-asn1/2.0.3/kerby-asn1-2.0.3.jar
Progress (2): 136 kB | 196/223 kB
                                 
Downloaded from central: https://repo1.maven.org/maven2/io/dropwizard/metrics/metrics-core/3.2.4/metrics-core-3.2.4.jar (136 kB at 119 kB/s)
Downloading from central: https://repo1.maven.org/maven2/org/apache/kerby/kerby-util/2.0.3/kerby-util-2.0.3.jar
Progress (1): 213/223 kB
Progress (1): 223 kB    
Progress (2): 223 kB | 16/201 kB
Progress (2): 223 kB | 33/201 kB
Progress (2): 223 kB | 49/201 kB
Progress (2): 223 kB | 57/201 kB
Progress (2): 223 kB | 66/201 kB
Progress (2): 223 kB | 82/201 kB
Progress (2): 223 kB | 98/201 kB
Progress (2): 223 kB | 115/201 kB
Progress (2): 223 kB | 131/201 kB
Progress (2): 223 kB | 147/201 kB
Progress (2): 223 kB | 164/201 kB
Progress (2): 223 kB | 180/201 kB
Progress (2): 223 kB | 197/201 kB
Progress (2): 223 kB | 201 kB    
                             
Downloaded from central: https://repo1.maven.org/maven2/org/apache/kerby/kerb-core/2.0.3/kerb-core-2.0.3.jar (223 kB at 193 kB/s)
Downloading from central: https://repo1.maven.org/maven2/org/apache/kerby/kerb-util/2.0.3/kerb-util-2.0.3.jar
Downloaded from central: https://repo1.maven.org/maven2/org/apache/kerby/kerby-pkix/2.0.3/kerby-pkix-2.0.3.jar (201 kB at 172 kB/s)
Downloading from central: https://repo1.maven.org/maven2/org/apache/kerby/kerby-config/2.0.3/kerby-config-2.0.3.jar
Progress (1): 7.7/100 kB
Progress (1): 16/100 kB 
Progress (1): 32/100 kB
Progress (1): 49/100 kB
Progress (2): 49/100 kB | 7.7/41 kB
Progress (2): 65/100 kB | 7.7/41 kB
Progress (2): 81/100 kB | 7.7/41 kB
Progress (2): 98/100 kB | 7.7/41 kB
Progress (2): 100 kB | 7.7/41 kB   
Progress (2): 100 kB | 16/41 kB 
Progress (2): 100 kB | 32/41 kB
Progress (2): 100 kB | 41 kB   
Progress (3): 100 kB | 41 kB | 7.7/36 kB
Progress (4): 100 kB | 41 kB | 7.7/36 kB | 7.7/30 kB
Progress (4): 100 kB | 41 kB | 16/36 kB | 7.7/30 kB 
Progress (4): 100 kB | 41 kB | 32/36 kB | 7.7/30 kB
Progress (4): 100 kB | 41 kB | 36 kB | 7.7/30 kB   
Progress (4): 100 kB | 41 kB | 36 kB | 16/30 kB 
Progress (4): 100 kB | 41 kB | 36 kB | 30 kB   
                                            
Downloaded from central: https://repo1.maven.org/maven2/org/apache/kerby/kerby-asn1/2.0.3/kerby-asn1-2.0.3.jar (100 kB at 83 kB/s)
Downloading from central: https://repo1.maven.org/maven2/org/apache/kerby/kerb-crypto/2.0.3/kerb-crypto-2.0.3.jar
Downloaded from central: https://repo1.maven.org/maven2/org/apache/kerby/kerby-util/2.0.3/kerby-util-2.0.3.jar (41 kB at 34 kB/s)
Downloading from central: https://repo1.maven.org/maven2/org/apache/hadoop/thirdparty/hadoop-shaded-guava/1.4.0/hadoop-shaded-guava-1.4.0.jar
Downloaded from central: https://repo1.maven.org/maven2/org/apache/kerby/kerb-util/2.0.3/kerb-util-2.0.3.jar (36 kB at 30 kB/s)
Downloading from central: https://repo1.maven.org/maven2/org/apache/hadoop/hadoop-common/3.4.2/hadoop-common-3.4.2.jar
Downloaded from central: https://repo1.maven.org/maven2/org/apache/kerby/kerby-config/2.0.3/kerby-config-2.0.3.jar (30 kB at 25 kB/s)
Downloading from central: https://repo1.maven.org/maven2/org/apache/hadoop/thirdparty/hadoop-shaded-protobuf_3_25/1.4.0/hadoop-shaded-protobuf_3_25-1.4.0.jar
Progress (1): 7.7/115 kB
Progress (1): 12/115 kB 
Progress (1): 29/115 kB
Progress (1): 45/115 kB
Progress (1): 61/115 kB
Progress (1): 78/115 kB
Progress (1): 94/115 kB
Progress (2): 94/115 kB | 0/2.0 MB
Progress (2): 111/115 kB | 0/2.0 MB
Progress (2): 115 kB | 0/2.0 MB    
Progress (2): 115 kB | 0/2.0 MB
Progress (2): 115 kB | 0/2.0 MB
Progress (2): 115 kB | 0/2.0 MB
Progress (2): 115 kB | 0.1/2.0 MB
Progress (3): 115 kB | 0.1/2.0 MB | 0/3.5 MB
Progress (3): 115 kB | 0.1/2.0 MB | 0/3.5 MB
Progress (3): 115 kB | 0.1/2.0 MB | 0/3.5 MB
Progress (3): 115 kB | 0.1/2.0 MB | 0/3.5 MB
Progress (3): 115 kB | 0.1/2.0 MB | 0/3.5 MB
Progress (3): 115 kB | 0.1/2.0 MB | 0/3.5 MB
Progress (3): 115 kB | 0.1/2.0 MB | 0/3.5 MB
Progress (3): 115 kB | 0.1/2.0 MB | 0/3.5 MB
Progress (3): 115 kB | 0.1/2.0 MB | 0/3.5 MB
Progress (3): 115 kB | 0.1/2.0 MB | 0/3.5 MB
Progress (3): 115 kB | 0.2/2.0 MB | 0/3.5 MB
Progress (3): 115 kB | 0.2/2.0 MB | 0.1/3.5 MB
Progress (3): 115 kB | 0.2/2.0 MB | 0.1/3.5 MB
Progress (3): 115 kB | 0.2/2.0 MB | 0.1/3.5 MB
Progress (3): 115 kB | 0.2/2.0 MB | 0.1/3.5 MB
Progress (3): 115 kB | 0.2/2.0 MB | 0.1/3.5 MB
Progress (3): 115 kB | 0.2/2.0 MB | 0.1/3.5 MB
Progress (3): 115 kB | 0.2/2.0 MB | 0.1/3.5 MB
Progress (3): 115 kB | 0.2/2.0 MB | 0.1/3.5 MB
Progress (3): 115 kB | 0.2/2.0 MB | 0.1/3.5 MB
Progress (3): 115 kB | 0.2/2.0 MB | 0.1/3.5 MB
Progress (3): 115 kB | 0.2/2.0 MB | 0.1/3.5 MB
Progress (3): 115 kB | 0.3/2.0 MB | 0.1/3.5 MB
Progress (3): 115 kB | 0.3/2.0 MB | 0.2/3.5 MB
Progress (3): 115 kB | 0.3/2.0 MB | 0.2/3.5 MB
Progress (3): 115 kB | 0.3/2.0 MB | 0.2/3.5 MB
Progress (3): 115 kB | 0.3/2.0 MB | 0.2/3.5 MB
Progress (3): 115 kB | 0.3/2.0 MB | 0.2/3.5 MB
Progress (3): 115 kB | 0.3/2.0 MB | 0.2/3.5 MB
Progress (3): 115 kB | 0.3/2.0 MB | 0.2/3.5 MB
Progress (3): 115 kB | 0.3/2.0 MB | 0.2/3.5 MB
Progress (3): 115 kB | 0.3/2.0 MB | 0.2/3.5 MB
Progress (3): 115 kB | 0.3/2.0 MB | 0.2/3.5 MB
Progress (3): 115 kB | 0.3/2.0 MB | 0.2/3.5 MB
Progress (3): 115 kB | 0.4/2.0 MB | 0.2/3.5 MB
Progress (3): 115 kB | 0.4/2.0 MB | 0.3/3.5 MB
Progress (3): 115 kB | 0.4/2.0 MB | 0.3/3.5 MB
Progress (3): 115 kB | 0.4/2.0 MB | 0.3/3.5 MB
Progress (3): 115 kB | 0.4/2.0 MB | 0.3/3.5 MB
Progress (3): 115 kB | 0.4/2.0 MB | 0.3/3.5 MB
Progress (3): 115 kB | 0.4/2.0 MB | 0.3/3.5 MB
Progress (3): 115 kB | 0.4/2.0 MB | 0.3/3.5 MB
Progress (3): 115 kB | 0.4/2.0 MB | 0.3/3.5 MB
Progress (3): 115 kB | 0.4/2.0 MB | 0.3/3.5 MB
Progress (3): 115 kB | 0.4/2.0 MB | 0.3/3.5 MB
Progress (3): 115 kB | 0.4/2.0 MB | 0.4/3.5 MB
Progress (3): 115 kB | 0.4/2.0 MB | 0.4/3.5 MB
Progress (3): 115 kB | 0.4/2.0 MB | 0.4/3.5 MB
Progress (3): 115 kB | 0.4/2.0 MB | 0.4/3.5 MB
Progress (3): 115 kB | 0.5/2.0 MB | 0.4/3.5 MB
Progress (3): 115 kB | 0.5/2.0 MB | 0.4/3.5 MB
Progress (3): 115 kB | 0.5/2.0 MB | 0.4/3.5 MB
Progress (3): 115 kB | 0.5/2.0 MB | 0.4/3.5 MB
Progress (3): 115 kB | 0.5/2.0 MB | 0.4/3.5 MB
Progress (3): 115 kB | 0.5/2.0 MB | 0.4/3.5 MB
                                              
Downloaded from central: https://repo1.maven.org/maven2/org/apache/kerby/kerb-crypto/2.0.3/kerb-crypto-2.0.3.jar (115 kB at 91 kB/s)
Progress (2): 0.5/2.0 MB | 0.4/3.5 MB
                                     
Downloading from central: https://repo1.maven.org/maven2/org/apache/hadoop/hadoop-annotations/3.4.2/hadoop-annotations-3.4.2.jar
Progress (2): 0.5/2.0 MB | 0.5/3.5 MB
Progress (2): 0.5/2.0 MB | 0.5/3.5 MB
Progress (2): 0.5/2.0 MB | 0.5/3.5 MB
Progress (2): 0.5/2.0 MB | 0.5/3.5 MB
Progress (2): 0.6/2.0 MB | 0.5/3.5 MB
Progress (2): 0.6/2.0 MB | 0.5/3.5 MB
Progress (2): 0.6/2.0 MB | 0.5/3.5 MB
Progress (2): 0.6/2.0 MB | 0.5/3.5 MB
Progress (2): 0.6/2.0 MB | 0.5/3.5 MB
Progress (2): 0.6/2.0 MB | 0.5/3.5 MB
Progress (2): 0.6/2.0 MB | 0.5/3.5 MB
Progress (2): 0.6/2.0 MB | 0.5/3.5 MB
Progress (2): 0.6/2.0 MB | 0.5/3.5 MB
Progress (2): 0.6/2.0 MB | 0.5/3.5 MB
Progress (2): 0.7/2.0 MB | 0.5/3.5 MB
Progress (2): 0.7/2.0 MB | 0.6/3.5 MB
Progress (2): 0.7/2.0 MB | 0.6/3.5 MB
Progress (2): 0.7/2.0 MB | 0.6/3.5 MB
Progress (2): 0.7/2.0 MB | 0.6/3.5 MB
Progress (2): 0.7/2.0 MB | 0.6/3.5 MB
Progress (2): 0.7/2.0 MB | 0.6/3.5 MB
Progress (2): 0.7/2.0 MB | 0.6/3.5 MB
Progress (2): 0.7/2.0 MB | 0.6/3.5 MB
Progress (2): 0.7/2.0 MB | 0.6/3.5 MB
Progress (2): 0.7/2.0 MB | 0.6/3.5 MB
Progress (2): 0.7/2.0 MB | 0.6/3.5 MB
Progress (2): 0.7/2.0 MB | 0.7/3.5 MB
Progress (2): 0.8/2.0 MB | 0.7/3.5 MB
Progress (2): 0.8/2.0 MB | 0.7/3.5 MB
Progress (2): 0.8/2.0 MB | 0.7/3.5 MB
Progress (2): 0.8/2.0 MB | 0.7/3.5 MB
Progress (2): 0.8/2.0 MB | 0.7/3.5 MB
Progress (2): 0.8/2.0 MB | 0.7/3.5 MB
Progress (2): 0.8/2.0 MB | 0.7/3.5 MB
Progress (2): 0.8/2.0 MB | 0.7/3.5 MB
Progress (2): 0.8/2.0 MB | 0.7/3.5 MB
Progress (2): 0.8/2.0 MB | 0.7/3.5 MB
Progress (2): 0.8/2.0 MB | 0.7/3.5 MB
Progress (2): 0.8/2.0 MB | 0.8/3.5 MB
Progress (2): 0.9/2.0 MB | 0.8/3.5 MB
Progress (2): 0.9/2.0 MB | 0.8/3.5 MB
Progress (2): 0.9/2.0 MB | 0.8/3.5 MB
Progress (2): 0.9/2.0 MB | 0.8/3.5 MB
Progress (2): 0.9/2.0 MB | 0.8/3.5 MB
Progress (2): 0.9/2.0 MB | 0.8/3.5 MB
Progress (2): 0.9/2.0 MB | 0.8/3.5 MB
Progress (2): 0.9/2.0 MB | 0.8/3.5 MB
Progress (2): 0.9/2.0 MB | 0.9/3.5 MB
Progress (2): 0.9/2.0 MB | 0.9/3.5 MB
Progress (2): 0.9/2.0 MB | 0.9/3.5 MB
Progress (2): 0.9/2.0 MB | 0.9/3.5 MB
Progress (2): 0.9/2.0 MB | 0.9/3.5 MB
Progress (2): 0.9/2.0 MB | 0.9/3.5 MB
Progress (2): 0.9/2.0 MB | 0.9/3.5 MB
Progress (2): 0.9/2.0 MB | 0.9/3.5 MB
Progress (2): 0.9/2.0 MB | 1.0/3.5 MB
Progress (2): 0.9/2.0 MB | 1.0/3.5 MB
Progress (2): 0.9/2.0 MB | 1.0/3.5 MB
Progress (2): 0.9/2.0 MB | 1.0/3.5 MB
Progress (2): 0.9/2.0 MB | 1.0/3.5 MB
Progress (2): 0.9/2.0 MB | 1.0/3.5 MB
Progress (2): 0.9/2.0 MB | 1.1/3.5 MB
Progress (2): 0.9/2.0 MB | 1.1/3.5 MB
Progress (2): 0.9/2.0 MB | 1.1/3.5 MB
Progress (2): 0.9/2.0 MB | 1.1/3.5 MB
Progress (2): 0.9/2.0 MB | 1.1/3.5 MB
Progress (2): 0.9/2.0 MB | 1.1/3.5 MB
Progress (2): 0.9/2.0 MB | 1.1/3.5 MB
Progress (2): 1.0/2.0 MB | 1.1/3.5 MB
Progress (2): 1.0/2.0 MB | 1.1/3.5 MB
Progress (2): 1.0/2.0 MB | 1.1/3.5 MB
Progress (2): 1.0/2.0 MB | 1.2/3.5 MB
Progress (2): 1.0/2.0 MB | 1.2/3.5 MB
Progress (2): 1.0/2.0 MB | 1.2/3.5 MB
Progress (2): 1.0/2.0 MB | 1.2/3.5 MB
Progress (2): 1.0/2.0 MB | 1.2/3.5 MB
Progress (2): 1.0/2.0 MB | 1.2/3.5 MB
Progress (2): 1.0/2.0 MB | 1.2/3.5 MB
Progress (2): 1.0/2.0 MB | 1.2/3.5 MB
Progress (2): 1.0/2.0 MB | 1.2/3.5 MB
Progress (2): 1.0/2.0 MB | 1.2/3.5 MB
Progress (2): 1.0/2.0 MB | 1.2/3.5 MB
Progress (2): 1.1/2.0 MB | 1.2/3.5 MB
Progress (2): 1.1/2.0 MB | 1.3/3.5 MB
Progress (2): 1.1/2.0 MB | 1.3/3.5 MB
Progress (2): 1.1/2.0 MB | 1.3/3.5 MB
Progress (2): 1.1/2.0 MB | 1.3/3.5 MB
Progress (2): 1.1/2.0 MB | 1.3/3.5 MB
Progress (2): 1.1/2.0 MB | 1.3/3.5 MB
Progress (2): 1.1/2.0 MB | 1.3/3.5 MB
Progress (2): 1.1/2.0 MB | 1.3/3.5 MB
Progress (2): 1.1/2.0 MB | 1.3/3.5 MB
Progress (2): 1.1/2.0 MB | 1.3/3.5 MB
Progress (2): 1.2/2.0 MB | 1.3/3.5 MB
Progress (2): 1.2/2.0 MB | 1.3/3.5 MB
Progress (2): 1.2/2.0 MB | 1.3/3.5 MB
Progress (2): 1.2/2.0 MB | 1.4/3.5 MB
Progress (2): 1.2/2.0 MB | 1.4/3.5 MB
Progress (2): 1.2/2.0 MB | 1.4/3.5 MB
Progress (2): 1.2/2.0 MB | 1.4/3.5 MB
Progress (2): 1.2/2.0 MB | 1.4/3.5 MB
Progress (2): 1.2/2.0 MB | 1.4/3.5 MB
Progress (2): 1.2/2.0 MB | 1.4/3.5 MB
Progress (2): 1.2/2.0 MB | 1.4/3.5 MB
Progress (2): 1.3/2.0 MB | 1.4/3.5 MB
Progress (2): 1.3/2.0 MB | 1.4/3.5 MB
Progress (2): 1.3/2.0 MB | 1.4/3.5 MB
Progress (2): 1.3/2.0 MB | 1.5/3.5 MB
Progress (2): 1.3/2.0 MB | 1.5/3.5 MB
Progress (2): 1.3/2.0 MB | 1.5/3.5 MB
Progress (2): 1.3/2.0 MB | 1.5/3.5 MB
Progress (2): 1.3/2.0 MB | 1.5/3.5 MB
Progress (2): 1.3/2.0 MB | 1.5/3.5 MB
Progress (2): 1.3/2.0 MB | 1.6/3.5 MB
Progress (2): 1.3/2.0 MB | 1.6/3.5 MB
Progress (2): 1.3/2.0 MB | 1.6/3.5 MB
Progress (2): 1.3/2.0 MB | 1.6/3.5 MB
Progress (2): 1.3/2.0 MB | 1.6/3.5 MB
Progress (2): 1.3/2.0 MB | 1.6/3.5 MB
Progress (2): 1.3/2.0 MB | 1.6/3.5 MB
Progress (2): 1.3/2.0 MB | 1.6/3.5 MB
Progress (2): 1.3/2.0 MB | 1.7/3.5 MB
Progress (2): 1.3/2.0 MB | 1.7/3.5 MB
Progress (2): 1.3/2.0 MB | 1.7/3.5 MB
Progress (2): 1.3/2.0 MB | 1.7/3.5 MB
Progress (2): 1.3/2.0 MB | 1.7/3.5 MB
Progress (2): 1.3/2.0 MB | 1.7/3.5 MB
Progress (2): 1.3/2.0 MB | 1.7/3.5 MB
Progress (2): 1.4/2.0 MB | 1.7/3.5 MB
Progress (2): 1.4/2.0 MB | 1.7/3.5 MB
Progress (2): 1.4/2.0 MB | 1.7/3.5 MB
Progress (2): 1.4/2.0 MB | 1.7/3.5 MB
Progress (2): 1.4/2.0 MB | 1.7/3.5 MB
Progress (2): 1.4/2.0 MB | 1.7/3.5 MB
Progress (2): 1.4/2.0 MB | 1.7/3.5 MB
Progress (2): 1.4/2.0 MB | 1.8/3.5 MB
Progress (2): 1.4/2.0 MB | 1.8/3.5 MB
Progress (2): 1.4/2.0 MB | 1.8/3.5 MB
Progress (2): 1.4/2.0 MB | 1.8/3.5 MB
Progress (2): 1.4/2.0 MB | 1.8/3.5 MB
Progress (2): 1.4/2.0 MB | 1.8/3.5 MB
Progress (2): 1.4/2.0 MB | 1.9/3.5 MB
Progress (2): 1.4/2.0 MB | 1.9/3.5 MB
Progress (2): 1.4/2.0 MB | 1.9/3.5 MB
Progress (2): 1.4/2.0 MB | 1.9/3.5 MB
Progress (2): 1.4/2.0 MB | 1.9/3.5 MB
Progress (2): 1.4/2.0 MB | 1.9/3.5 MB
Progress (2): 1.4/2.0 MB | 1.9/3.5 MB
Progress (2): 1.4/2.0 MB | 2.0/3.5 MB
Progress (2): 1.4/2.0 MB | 2.0/3.5 MB
Progress (2): 1.4/2.0 MB | 2.0/3.5 MB
Progress (2): 1.4/2.0 MB | 2.0/3.5 MB
Progress (2): 1.4/2.0 MB | 2.0/3.5 MB
Progress (2): 1.4/2.0 MB | 2.0/3.5 MB
Progress (2): 1.5/2.0 MB | 2.0/3.5 MB
Progress (2): 1.5/2.0 MB | 2.0/3.5 MB
Progress (2): 1.5/2.0 MB | 2.0/3.5 MB
Progress (2): 1.5/2.0 MB | 2.0/3.5 MB
Progress (2): 1.5/2.0 MB | 2.0/3.5 MB
Progress (2): 1.5/2.0 MB | 2.1/3.5 MB
Progress (2): 1.5/2.0 MB | 2.1/3.5 MB
Progress (2): 1.5/2.0 MB | 2.1/3.5 MB
Progress (2): 1.5/2.0 MB | 2.1/3.5 MB
Progress (2): 1.5/2.0 MB | 2.1/3.5 MB
Progress (2): 1.6/2.0 MB | 2.1/3.5 MB
Progress (2): 1.6/2.0 MB | 2.1/3.5 MB
Progress (2): 1.6/2.0 MB | 2.1/3.5 MB
Progress (2): 1.6/2.0 MB | 2.1/3.5 MB
Progress (2): 1.6/2.0 MB | 2.1/3.5 MB
Progress (2): 1.6/2.0 MB | 2.1/3.5 MB
Progress (2): 1.6/2.0 MB | 2.1/3.5 MB
Progress (2): 1.6/2.0 MB | 2.1/3.5 MB
Progress (2): 1.6/2.0 MB | 2.1/3.5 MB
Progress (2): 1.7/2.0 MB | 2.1/3.5 MB
Progress (2): 1.7/2.0 MB | 2.1/3.5 MB
Progress (2): 1.7/2.0 MB | 2.1/3.5 MB
Progress (2): 1.7/2.0 MB | 2.2/3.5 MB
Progress (2): 1.7/2.0 MB | 2.2/3.5 MB
Progress (2): 1.7/2.0 MB | 2.2/3.5 MB
Progress (2): 1.7/2.0 MB | 2.2/3.5 MB
Progress (2): 1.7/2.0 MB | 2.2/3.5 MB
Progress (2): 1.7/2.0 MB | 2.2/3.5 MB
Progress (2): 1.7/2.0 MB | 2.2/3.5 MB
Progress (2): 1.7/2.0 MB | 2.3/3.5 MB
Progress (2): 1.7/2.0 MB | 2.3/3.5 MB
Progress (2): 1.7/2.0 MB | 2.3/3.5 MB
Progress (2): 1.7/2.0 MB | 2.3/3.5 MB
Progress (2): 1.7/2.0 MB | 2.3/3.5 MB
Progress (2): 1.7/2.0 MB | 2.3/3.5 MB
Progress (2): 1.7/2.0 MB | 2.3/3.5 MB
Progress (2): 1.7/2.0 MB | 2.3/3.5 MB
Progress (2): 1.7/2.0 MB | 2.3/3.5 MB
Progress (2): 1.7/2.0 MB | 2.4/3.5 MB
Progress (2): 1.7/2.0 MB | 2.4/3.5 MB
Progress (2): 1.8/2.0 MB | 2.4/3.5 MB
Progress (2): 1.8/2.0 MB | 2.4/3.5 MB
Progress (2): 1.8/2.0 MB | 2.4/3.5 MB
Progress (2): 1.8/2.0 MB | 2.4/3.5 MB
Progress (2): 1.8/2.0 MB | 2.4/3.5 MB
Progress (2): 1.8/2.0 MB | 2.4/3.5 MB
                                     
Downloading from central: https://repo1.maven.org/maven2/com/google/guava/guava/22.0/guava-22.0.jar
Progress (2): 1.8/2.0 MB | 2.4/3.5 MB
Progress (2): 1.8/2.0 MB | 2.4/3.5 MB
Progress (2): 1.8/2.0 MB | 2.4/3.5 MB
Progress (2): 1.8/2.0 MB | 2.5/3.5 MB
Progress (2): 1.8/2.0 MB | 2.5/3.5 MB
Progress (2): 1.8/2.0 MB | 2.5/3.5 MB
Progress (2): 1.8/2.0 MB | 2.5/3.5 MB
Progress (2): 1.8/2.0 MB | 2.5/3.5 MB
Progress (2): 1.8/2.0 MB | 2.5/3.5 MB
Progress (2): 1.8/2.0 MB | 2.6/3.5 MB
Progress (2): 1.8/2.0 MB | 2.6/3.5 MB
Progress (2): 1.8/2.0 MB | 2.6/3.5 MB
Progress (2): 1.8/2.0 MB | 2.6/3.5 MB
Progress (2): 1.8/2.0 MB | 2.6/3.5 MB
Progress (3): 1.8/2.0 MB | 2.6/3.5 MB | 0/4.7 MB
Progress (3): 1.8/2.0 MB | 2.6/3.5 MB | 0/4.7 MB
Progress (3): 1.8/2.0 MB | 2.7/3.5 MB | 0/4.7 MB
Progress (3): 1.8/2.0 MB | 2.7/3.5 MB | 0/4.7 MB
Progress (3): 1.8/2.0 MB | 2.7/3.5 MB | 0/4.7 MB
Progress (3): 1.8/2.0 MB | 2.7/3.5 MB | 0/4.7 MB
Progress (3): 1.8/2.0 MB | 2.7/3.5 MB | 0/4.7 MB
Progress (3): 1.8/2.0 MB | 2.7/3.5 MB | 0/4.7 MB
Progress (3): 1.8/2.0 MB | 2.7/3.5 MB | 0/4.7 MB
Progress (3): 1.8/2.0 MB | 2.7/3.5 MB | 0/4.7 MB
Progress (3): 1.8/2.0 MB | 2.7/3.5 MB | 0/4.7 MB
Progress (3): 1.8/2.0 MB | 2.7/3.5 MB | 0.1/4.7 MB
Progress (3): 1.8/2.0 MB | 2.8/3.5 MB | 0.1/4.7 MB
Progress (3): 1.8/2.0 MB | 2.8/3.5 MB | 0.1/4.7 MB
Progress (3): 1.8/2.0 MB | 2.8/3.5 MB | 0.1/4.7 MB
Progress (3): 1.8/2.0 MB | 2.8/3.5 MB | 0.1/4.7 MB
Progress (3): 1.8/2.0 MB | 2.8/3.5 MB | 0.1/4.7 MB
Progress (3): 1.8/2.0 MB | 2.8/3.5 MB | 0.1/4.7 MB
Progress (3): 1.8/2.0 MB | 2.8/3.5 MB | 0.1/4.7 MB
Progress (3): 1.8/2.0 MB | 2.8/3.5 MB | 0.1/4.7 MB
Progress (3): 1.8/2.0 MB | 2.8/3.5 MB | 0.2/4.7 MB
Progress (3): 1.8/2.0 MB | 2.8/3.5 MB | 0.2/4.7 MB
Progress (3): 1.8/2.0 MB | 2.8/3.5 MB | 0.2/4.7 MB
Progress (3): 1.8/2.0 MB | 2.8/3.5 MB | 0.2/4.7 MB
Progress (3): 1.8/2.0 MB | 2.8/3.5 MB | 0.2/4.7 MB
Progress (3): 1.8/2.0 MB | 2.8/3.5 MB | 0.2/4.7 MB
Progress (3): 1.8/2.0 MB | 2.8/3.5 MB | 0.2/4.7 MB
Progress (3): 1.8/2.0 MB | 2.8/3.5 MB | 0.2/4.7 MB
Progress (3): 1.9/2.0 MB | 2.8/3.5 MB | 0.2/4.7 MB
Progress (3): 1.9/2.0 MB | 2.8/3.5 MB | 0.3/4.7 MB
Progress (3): 1.9/2.0 MB | 2.8/3.5 MB | 0.3/4.7 MB
Progress (3): 1.9/2.0 MB | 2.8/3.5 MB | 0.3/4.7 MB
Progress (3): 1.9/2.0 MB | 2.8/3.5 MB | 0.3/4.7 MB
Progress (3): 1.9/2.0 MB | 2.8/3.5 MB | 0.3/4.7 MB
Progress (3): 1.9/2.0 MB | 2.8/3.5 MB | 0.3/4.7 MB
Progress (3): 1.9/2.0 MB | 2.8/3.5 MB | 0.3/4.7 MB
Progress (3): 1.9/2.0 MB | 2.8/3.5 MB | 0.3/4.7 MB
Progress (3): 1.9/2.0 MB | 2.8/3.5 MB | 0.3/4.7 MB
Progress (3): 1.9/2.0 MB | 2.8/3.5 MB | 0.3/4.7 MB
Progress (3): 1.9/2.0 MB | 2.8/3.5 MB | 0.3/4.7 MB
Progress (3): 2.0 MB | 2.8/3.5 MB | 0.3/4.7 MB    
Progress (3): 2.0 MB | 2.8/3.5 MB | 0.4/4.7 MB
Progress (3): 2.0 MB | 2.8/3.5 MB | 0.4/4.7 MB
Progress (3): 2.0 MB | 2.8/3.5 MB | 0.4/4.7 MB
Progress (3): 2.0 MB | 2.8/3.5 MB | 0.4/4.7 MB
Progress (3): 2.0 MB | 2.8/3.5 MB | 0.4/4.7 MB
Progress (3): 2.0 MB | 2.8/3.5 MB | 0.4/4.7 MB
Progress (3): 2.0 MB | 2.8/3.5 MB | 0.4/4.7 MB
Progress (3): 2.0 MB | 2.9/3.5 MB | 0.4/4.7 MB
Progress (3): 2.0 MB | 2.9/3.5 MB | 0.4/4.7 MB
Progress (3): 2.0 MB | 2.9/3.5 MB | 0.4/4.7 MB
Progress (3): 2.0 MB | 2.9/3.5 MB | 0.4/4.7 MB
Progress (3): 2.0 MB | 2.9/3.5 MB | 0.4/4.7 MB
Progress (3): 2.0 MB | 2.9/3.5 MB | 0.5/4.7 MB
Progress (3): 2.0 MB | 2.9/3.5 MB | 0.5/4.7 MB
Progress (3): 2.0 MB | 2.9/3.5 MB | 0.5/4.7 MB
Progress (3): 2.0 MB | 2.9/3.5 MB | 0.5/4.7 MB
Progress (3): 2.0 MB | 2.9/3.5 MB | 0.5/4.7 MB
Progress (3): 2.0 MB | 2.9/3.5 MB | 0.5/4.7 MB
Progress (3): 2.0 MB | 2.9/3.5 MB | 0.5/4.7 MB
Progress (3): 2.0 MB | 2.9/3.5 MB | 0.5/4.7 MB
Progress (3): 2.0 MB | 2.9/3.5 MB | 0.6/4.7 MB
Progress (3): 2.0 MB | 2.9/3.5 MB | 0.6/4.7 MB
Progress (3): 2.0 MB | 2.9/3.5 MB | 0.6/4.7 MB
Progress (3): 2.0 MB | 2.9/3.5 MB | 0.6/4.7 MB
Progress (3): 2.0 MB | 2.9/3.5 MB | 0.6/4.7 MB
Progress (3): 2.0 MB | 2.9/3.5 MB | 0.6/4.7 MB
Progress (3): 2.0 MB | 2.9/3.5 MB | 0.7/4.7 MB
Progress (3): 2.0 MB | 2.9/3.5 MB | 0.7/4.7 MB
Progress (3): 2.0 MB | 2.9/3.5 MB | 0.7/4.7 MB
Progress (3): 2.0 MB | 2.9/3.5 MB | 0.7/4.7 MB
Progress (3): 2.0 MB | 2.9/3.5 MB | 0.7/4.7 MB
Progress (4): 2.0 MB | 2.9/3.5 MB | 0.7/4.7 MB | 7.7/26 kB
Progress (4): 2.0 MB | 2.9/3.5 MB | 0.7/4.7 MB | 7.7/26 kB
Progress (4): 2.0 MB | 3.0/3.5 MB | 0.7/4.7 MB | 7.7/26 kB
Progress (4): 2.0 MB | 3.0/3.5 MB | 0.7/4.7 MB | 7.7/26 kB
Progress (4): 2.0 MB | 3.0/3.5 MB | 0.7/4.7 MB | 7.7/26 kB
Progress (4): 2.0 MB | 3.0/3.5 MB | 0.7/4.7 MB | 7.7/26 kB
Progress (4): 2.0 MB | 3.0/3.5 MB | 0.8/4.7 MB | 7.7/26 kB
Progress (4): 2.0 MB | 3.0/3.5 MB | 0.8/4.7 MB | 7.7/26 kB
Progress (4): 2.0 MB | 3.0/3.5 MB | 0.8/4.7 MB | 7.7/26 kB
Progress (4): 2.0 MB | 3.0/3.5 MB | 0.8/4.7 MB | 16/26 kB 
Progress (4): 2.0 MB | 3.0/3.5 MB | 0.8/4.7 MB | 26 kB   
Progress (4): 2.0 MB | 3.0/3.5 MB | 0.8/4.7 MB | 26 kB
Progress (4): 2.0 MB | 3.0/3.5 MB | 0.8/4.7 MB | 26 kB
Progress (4): 2.0 MB | 3.0/3.5 MB | 0.8/4.7 MB | 26 kB
Progress (4): 2.0 MB | 3.0/3.5 MB | 0.8/4.7 MB | 26 kB
Progress (4): 2.0 MB | 3.1/3.5 MB | 0.8/4.7 MB | 26 kB
Progress (4): 2.0 MB | 3.1/3.5 MB | 0.8/4.7 MB | 26 kB
Progress (4): 2.0 MB | 3.1/3.5 MB | 0.8/4.7 MB | 26 kB
Progress (4): 2.0 MB | 3.1/3.5 MB | 0.8/4.7 MB | 26 kB
Progress (4): 2.0 MB | 3.1/3.5 MB | 0.8/4.7 MB | 26 kB
Progress (4): 2.0 MB | 3.1/3.5 MB | 0.8/4.7 MB | 26 kB
Progress (4): 2.0 MB | 3.1/3.5 MB | 0.8/4.7 MB | 26 kB
Progress (4): 2.0 MB | 3.1/3.5 MB | 0.8/4.7 MB | 26 kB
Progress (4): 2.0 MB | 3.1/3.5 MB | 0.8/4.7 MB | 26 kB
Progress (4): 2.0 MB | 3.1/3.5 MB | 0.9/4.7 MB | 26 kB
Progress (4): 2.0 MB | 3.1/3.5 MB | 0.9/4.7 MB | 26 kB
Progress (4): 2.0 MB | 3.1/3.5 MB | 0.9/4.7 MB | 26 kB
Progress (4): 2.0 MB | 3.1/3.5 MB | 0.9/4.7 MB | 26 kB
Progress (4): 2.0 MB | 3.1/3.5 MB | 0.9/4.7 MB | 26 kB
Progress (4): 2.0 MB | 3.1/3.5 MB | 0.9/4.7 MB | 26 kB
Progress (4): 2.0 MB | 3.1/3.5 MB | 0.9/4.7 MB | 26 kB
Progress (4): 2.0 MB | 3.1/3.5 MB | 1.0/4.7 MB | 26 kB
Progress (4): 2.0 MB | 3.1/3.5 MB | 1.0/4.7 MB | 26 kB
Progress (4): 2.0 MB | 3.1/3.5 MB | 1.0/4.7 MB | 26 kB
Progress (4): 2.0 MB | 3.1/3.5 MB | 1.0/4.7 MB | 26 kB
Progress (4): 2.0 MB | 3.1/3.5 MB | 1.0/4.7 MB | 26 kB
Progress (4): 2.0 MB | 3.1/3.5 MB | 1.0/4.7 MB | 26 kB
Progress (4): 2.0 MB | 3.1/3.5 MB | 1.1/4.7 MB | 26 kB
Progress (4): 2.0 MB | 3.1/3.5 MB | 1.1/4.7 MB | 26 kB
Progress (4): 2.0 MB | 3.1/3.5 MB | 1.1/4.7 MB | 26 kB
Progress (4): 2.0 MB | 3.1/3.5 MB | 1.1/4.7 MB | 26 kB
Progress (4): 2.0 MB | 3.2/3.5 MB | 1.1/4.7 MB | 26 kB
Progress (4): 2.0 MB | 3.2/3.5 MB | 1.1/4.7 MB | 26 kB
Progress (4): 2.0 MB | 3.2/3.5 MB | 1.1/4.7 MB | 26 kB
Progress (4): 2.0 MB | 3.2/3.5 MB | 1.1/4.7 MB | 26 kB
Progress (4): 2.0 MB | 3.2/3.5 MB | 1.2/4.7 MB | 26 kB
Progress (4): 2.0 MB | 3.2/3.5 MB | 1.2/4.7 MB | 26 kB
Progress (4): 2.0 MB | 3.2/3.5 MB | 1.2/4.7 MB | 26 kB
Progress (4): 2.0 MB | 3.2/3.5 MB | 1.2/4.7 MB | 26 kB
Progress (4): 2.0 MB | 3.2/3.5 MB | 1.2/4.7 MB | 26 kB
Progress (4): 2.0 MB | 3.2/3.5 MB | 1.2/4.7 MB | 26 kB
Progress (4): 2.0 MB | 3.3/3.5 MB | 1.2/4.7 MB | 26 kB
Progress (4): 2.0 MB | 3.3/3.5 MB | 1.2/4.7 MB | 26 kB
                                                      
Downloaded from central: https://repo1.maven.org/maven2/org/apache/hadoop/hadoop-annotations/3.4.2/hadoop-annotations-3.4.2.jar (26 kB at 19 kB/s)
Downloading from central: https://repo1.maven.org/maven2/org/apache/commons/commons-math3/3.6.1/commons-math3-3.6.1.jar
Progress (3): 2.0 MB | 3.3/3.5 MB | 1.2/4.7 MB
Progress (3): 2.0 MB | 3.3/3.5 MB | 1.2/4.7 MB
Progress (3): 2.0 MB | 3.3/3.5 MB | 1.2/4.7 MB
Progress (3): 2.0 MB | 3.3/3.5 MB | 1.2/4.7 MB
Progress (3): 2.0 MB | 3.4/3.5 MB | 1.2/4.7 MB
Progress (3): 2.0 MB | 3.4/3.5 MB | 1.2/4.7 MB
Progress (3): 2.0 MB | 3.4/3.5 MB | 1.2/4.7 MB
Progress (3): 2.0 MB | 3.4/3.5 MB | 1.2/4.7 MB
Progress (3): 2.0 MB | 3.4/3.5 MB | 1.2/4.7 MB
Progress (3): 2.0 MB | 3.4/3.5 MB | 1.2/4.7 MB
Progress (3): 2.0 MB | 3.4/3.5 MB | 1.2/4.7 MB
Progress (3): 2.0 MB | 3.4/3.5 MB | 1.2/4.7 MB
Progress (3): 2.0 MB | 3.4/3.5 MB | 1.2/4.7 MB
Progress (3): 2.0 MB | 3.5/3.5 MB | 1.2/4.7 MB
Progress (3): 2.0 MB | 3.5/3.5 MB | 1.2/4.7 MB
Progress (3): 2.0 MB | 3.5/3.5 MB | 1.2/4.7 MB
Progress (3): 2.0 MB | 3.5/3.5 MB | 1.3/4.7 MB
Progress (3): 2.0 MB | 3.5/3.5 MB | 1.3/4.7 MB
Progress (3): 2.0 MB | 3.5/3.5 MB | 1.3/4.7 MB
Progress (3): 2.0 MB | 3.5/3.5 MB | 1.3/4.7 MB
Progress (3): 2.0 MB | 3.5/3.5 MB | 1.3/4.7 MB
Progress (3): 2.0 MB | 3.5 MB | 1.3/4.7 MB    
Progress (3): 2.0 MB | 3.5 MB | 1.3/4.7 MB
                                          
Downloaded from central: https://repo1.maven.org/maven2/org/apache/hadoop/thirdparty/hadoop-shaded-protobuf_3_25/1.4.0/hadoop-shaded-protobuf_3_25-1.4.0.jar (2.0 MB at 1.5 MB/s)
Downloading from central: https://repo1.maven.org/maven2/commons-net/commons-net/3.9.0/commons-net-3.9.0.jar
Progress (2): 3.5 MB | 1.3/4.7 MB
Progress (2): 3.5 MB | 1.3/4.7 MB
Progress (2): 3.5 MB | 1.4/4.7 MB
Progress (2): 3.5 MB | 1.4/4.7 MB
Progress (2): 3.5 MB | 1.4/4.7 MB
Progress (2): 3.5 MB | 1.4/4.7 MB
Progress (2): 3.5 MB | 1.4/4.7 MB
Progress (2): 3.5 MB | 1.4/4.7 MB
Progress (2): 3.5 MB | 1.5/4.7 MB
Progress (2): 3.5 MB | 1.5/4.7 MB
Progress (2): 3.5 MB | 1.5/4.7 MB
Progress (2): 3.5 MB | 1.5/4.7 MB
Progress (2): 3.5 MB | 1.5/4.7 MB
Progress (2): 3.5 MB | 1.5/4.7 MB
Progress (2): 3.5 MB | 1.6/4.7 MB
Progress (2): 3.5 MB | 1.6/4.7 MB
Progress (2): 3.5 MB | 1.6/4.7 MB
Progress (2): 3.5 MB | 1.6/4.7 MB
Progress (2): 3.5 MB | 1.6/4.7 MB
Progress (2): 3.5 MB | 1.6/4.7 MB
Progress (2): 3.5 MB | 1.7/4.7 MB
Progress (2): 3.5 MB | 1.7/4.7 MB
Progress (2): 3.5 MB | 1.7/4.7 MB
Progress (2): 3.5 MB | 1.7/4.7 MB
Progress (2): 3.5 MB | 1.7/4.7 MB
Progress (2): 3.5 MB | 1.7/4.7 MB
Progress (2): 3.5 MB | 1.8/4.7 MB
Progress (2): 3.5 MB | 1.8/4.7 MB
Progress (2): 3.5 MB | 1.8/4.7 MB
Progress (2): 3.5 MB | 1.8/4.7 MB
Progress (2): 3.5 MB | 1.8/4.7 MB
Progress (2): 3.5 MB | 1.8/4.7 MB
Progress (2): 3.5 MB | 1.9/4.7 MB
Progress (2): 3.5 MB | 1.9/4.7 MB
Progress (2): 3.5 MB | 1.9/4.7 MB
Progress (2): 3.5 MB | 1.9/4.7 MB
Progress (2): 3.5 MB | 1.9/4.7 MB
Progress (2): 3.5 MB | 1.9/4.7 MB
Progress (2): 3.5 MB | 1.9/4.7 MB
Progress (2): 3.5 MB | 2.0/4.7 MB
Progress (2): 3.5 MB | 2.0/4.7 MB
Progress (2): 3.5 MB | 2.0/4.7 MB
Progress (2): 3.5 MB | 2.0/4.7 MB
Progress (2): 3.5 MB | 2.0/4.7 MB
Progress (2): 3.5 MB | 2.0/4.7 MB
Progress (2): 3.5 MB | 2.1/4.7 MB
Progress (2): 3.5 MB | 2.1/4.7 MB
Progress (2): 3.5 MB | 2.1/4.7 MB
Progress (2): 3.5 MB | 2.1/4.7 MB
Progress (2): 3.5 MB | 2.1/4.7 MB
Progress (2): 3.5 MB | 2.1/4.7 MB
Progress (2): 3.5 MB | 2.2/4.7 MB
Progress (2): 3.5 MB | 2.2/4.7 MB
Progress (2): 3.5 MB | 2.2/4.7 MB
Progress (2): 3.5 MB | 2.2/4.7 MB
Progress (2): 3.5 MB | 2.2/4.7 MB
Progress (2): 3.5 MB | 2.2/4.7 MB
Progress (2): 3.5 MB | 2.3/4.7 MB
Progress (2): 3.5 MB | 2.3/4.7 MB
Progress (2): 3.5 MB | 2.3/4.7 MB
Progress (2): 3.5 MB | 2.3/4.7 MB
Progress (2): 3.5 MB | 2.3/4.7 MB
Progress (2): 3.5 MB | 2.3/4.7 MB
Progress (2): 3.5 MB | 2.4/4.7 MB
Progress (2): 3.5 MB | 2.4/4.7 MB
Progress (2): 3.5 MB | 2.4/4.7 MB
Progress (2): 3.5 MB | 2.4/4.7 MB
Progress (2): 3.5 MB | 2.4/4.7 MB
Progress (2): 3.5 MB | 2.4/4.7 MB
Progress (2): 3.5 MB | 2.5/4.7 MB
Progress (2): 3.5 MB | 2.5/4.7 MB
Progress (2): 3.5 MB | 2.5/4.7 MB
Progress (2): 3.5 MB | 2.5/4.7 MB
Progress (2): 3.5 MB | 2.5/4.7 MB
Progress (2): 3.5 MB | 2.5/4.7 MB
Progress (2): 3.5 MB | 2.6/4.7 MB
Progress (2): 3.5 MB | 2.6/4.7 MB
Progress (2): 3.5 MB | 2.6/4.7 MB
Progress (2): 3.5 MB | 2.6/4.7 MB
Progress (2): 3.5 MB | 2.6/4.7 MB
Progress (2): 3.5 MB | 2.6/4.7 MB
Progress (2): 3.5 MB | 2.7/4.7 MB
Progress (2): 3.5 MB | 2.7/4.7 MB
Progress (2): 3.5 MB | 2.7/4.7 MB
Progress (2): 3.5 MB | 2.7/4.7 MB
Progress (2): 3.5 MB | 2.7/4.7 MB
Progress (2): 3.5 MB | 2.7/4.7 MB
Progress (2): 3.5 MB | 2.8/4.7 MB
Progress (2): 3.5 MB | 2.8/4.7 MB
Progress (2): 3.5 MB | 2.8/4.7 MB
Progress (2): 3.5 MB | 2.8/4.7 MB
Progress (2): 3.5 MB | 2.8/4.7 MB
Progress (2): 3.5 MB | 2.8/4.7 MB
Progress (2): 3.5 MB | 2.9/4.7 MB
Progress (2): 3.5 MB | 2.9/4.7 MB
Progress (2): 3.5 MB | 2.9/4.7 MB
Progress (2): 3.5 MB | 2.9/4.7 MB
Progress (2): 3.5 MB | 2.9/4.7 MB
Progress (2): 3.5 MB | 2.9/4.7 MB
Progress (2): 3.5 MB | 2.9/4.7 MB
Progress (2): 3.5 MB | 3.0/4.7 MB
Progress (2): 3.5 MB | 3.0/4.7 MB
Progress (2): 3.5 MB | 3.0/4.7 MB
Progress (2): 3.5 MB | 3.0/4.7 MB
Progress (2): 3.5 MB | 3.0/4.7 MB
Progress (2): 3.5 MB | 3.0/4.7 MB
Progress (2): 3.5 MB | 3.1/4.7 MB
Progress (2): 3.5 MB | 3.1/4.7 MB
Progress (2): 3.5 MB | 3.1/4.7 MB
Progress (2): 3.5 MB | 3.1/4.7 MB
Progress (2): 3.5 MB | 3.1/4.7 MB
Progress (2): 3.5 MB | 3.1/4.7 MB
Progress (2): 3.5 MB | 3.2/4.7 MB
Progress (2): 3.5 MB | 3.2/4.7 MB
Progress (2): 3.5 MB | 3.2/4.7 MB
Progress (2): 3.5 MB | 3.2/4.7 MB
Progress (2): 3.5 MB | 3.2/4.7 MB
                                 
Downloaded from central: https://repo1.maven.org/maven2/org/apache/hadoop/thirdparty/hadoop-shaded-guava/1.4.0/hadoop-shaded-guava-1.4.0.jar (3.5 MB at 2.6 MB/s)
Downloading from central: https://repo1.maven.org/maven2/jakarta/activation/jakarta.activation-api/1.2.1/jakarta.activation-api-1.2.1.jar
Progress (1): 3.2/4.7 MB
Progress (1): 3.3/4.7 MB
Progress (1): 3.3/4.7 MB
Progress (1): 3.3/4.7 MB
Progress (1): 3.3/4.7 MB
Progress (1): 3.3/4.7 MB
Progress (1): 3.3/4.7 MB
Progress (1): 3.4/4.7 MB
Progress (2): 3.4/4.7 MB | 0/2.2 MB
Progress (2): 3.4/4.7 MB | 0/2.2 MB
Progress (2): 3.4/4.7 MB | 0/2.2 MB
Progress (2): 3.4/4.7 MB | 0/2.2 MB
Progress (2): 3.4/4.7 MB | 0/2.2 MB
Progress (2): 3.4/4.7 MB | 0/2.2 MB
Progress (2): 3.5/4.7 MB | 0/2.2 MB
Progress (2): 3.5/4.7 MB | 0/2.2 MB
Progress (2): 3.5/4.7 MB | 0/2.2 MB
Progress (2): 3.5/4.7 MB | 0/2.2 MB
Progress (2): 3.5/4.7 MB | 0/2.2 MB
Progress (2): 3.5/4.7 MB | 0/2.2 MB
Progress (2): 3.5/4.7 MB | 0/2.2 MB
Progress (2): 3.5/4.7 MB | 0.1/2.2 MB
Progress (2): 3.5/4.7 MB | 0.1/2.2 MB
Progress (2): 3.5/4.7 MB | 0.1/2.2 MB
Progress (2): 3.5/4.7 MB | 0.1/2.2 MB
Progress (2): 3.5/4.7 MB | 0.1/2.2 MB
Progress (2): 3.6/4.7 MB | 0.1/2.2 MB
Progress (2): 3.6/4.7 MB | 0.1/2.2 MB
Progress (2): 3.6/4.7 MB | 0.1/2.2 MB
Progress (2): 3.6/4.7 MB | 0.1/2.2 MB
Progress (2): 3.6/4.7 MB | 0.1/2.2 MB
Progress (2): 3.6/4.7 MB | 0.1/2.2 MB
Progress (2): 3.6/4.7 MB | 0.2/2.2 MB
Progress (2): 3.6/4.7 MB | 0.2/2.2 MB
Progress (2): 3.6/4.7 MB | 0.2/2.2 MB
Progress (2): 3.6/4.7 MB | 0.2/2.2 MB
Progress (2): 3.6/4.7 MB | 0.2/2.2 MB
Progress (2): 3.6/4.7 MB | 0.2/2.2 MB
Progress (2): 3.6/4.7 MB | 0.2/2.2 MB
Progress (2): 3.6/4.7 MB | 0.2/2.2 MB
Progress (2): 3.6/4.7 MB | 0.3/2.2 MB
Progress (2): 3.6/4.7 MB | 0.3/2.2 MB
Progress (2): 3.6/4.7 MB | 0.3/2.2 MB
Progress (2): 3.6/4.7 MB | 0.3/2.2 MB
Progress (2): 3.6/4.7 MB | 0.3/2.2 MB
Progress (2): 3.6/4.7 MB | 0.3/2.2 MB
Progress (2): 3.6/4.7 MB | 0.4/2.2 MB
Progress (2): 3.6/4.7 MB | 0.4/2.2 MB
Progress (2): 3.6/4.7 MB | 0.4/2.2 MB
Progress (2): 3.6/4.7 MB | 0.4/2.2 MB
Progress (2): 3.6/4.7 MB | 0.4/2.2 MB
Progress (2): 3.6/4.7 MB | 0.4/2.2 MB
Progress (2): 3.6/4.7 MB | 0.4/2.2 MB
Progress (2): 3.7/4.7 MB | 0.4/2.2 MB
Progress (2): 3.7/4.7 MB | 0.5/2.2 MB
Progress (2): 3.7/4.7 MB | 0.5/2.2 MB
Progress (2): 3.7/4.7 MB | 0.5/2.2 MB
Progress (2): 3.7/4.7 MB | 0.5/2.2 MB
Progress (2): 3.7/4.7 MB | 0.5/2.2 MB
Progress (2): 3.7/4.7 MB | 0.5/2.2 MB
Progress (2): 3.7/4.7 MB | 0.5/2.2 MB
Progress (2): 3.7/4.7 MB | 0.5/2.2 MB
Progress (2): 3.7/4.7 MB | 0.5/2.2 MB
Progress (2): 3.7/4.7 MB | 0.5/2.2 MB
Progress (2): 3.8/4.7 MB | 0.5/2.2 MB
Progress (2): 3.8/4.7 MB | 0.5/2.2 MB
Progress (2): 3.8/4.7 MB | 0.6/2.2 MB
Progress (2): 3.8/4.7 MB | 0.6/2.2 MB
Progress (2): 3.8/4.7 MB | 0.6/2.2 MB
Progress (2): 3.8/4.7 MB | 0.6/2.2 MB
Progress (2): 3.8/4.7 MB | 0.6/2.2 MB
Progress (2): 3.8/4.7 MB | 0.6/2.2 MB
Progress (2): 3.8/4.7 MB | 0.6/2.2 MB
Progress (2): 3.8/4.7 MB | 0.6/2.2 MB
Progress (2): 3.8/4.7 MB | 0.6/2.2 MB
Progress (2): 3.8/4.7 MB | 0.7/2.2 MB
Progress (2): 3.8/4.7 MB | 0.7/2.2 MB
Progress (2): 3.8/4.7 MB | 0.7/2.2 MB
Progress (2): 3.8/4.7 MB | 0.7/2.2 MB
Progress (2): 3.8/4.7 MB | 0.7/2.2 MB
Progress (2): 3.8/4.7 MB | 0.7/2.2 MB
Progress (2): 3.8/4.7 MB | 0.7/2.2 MB
Progress (2): 3.9/4.7 MB | 0.7/2.2 MB
Progress (2): 3.9/4.7 MB | 0.7/2.2 MB
Progress (2): 3.9/4.7 MB | 0.7/2.2 MB
Progress (2): 3.9/4.7 MB | 0.7/2.2 MB
Progress (2): 3.9/4.7 MB | 0.8/2.2 MB
Progress (2): 3.9/4.7 MB | 0.8/2.2 MB
Progress (2): 3.9/4.7 MB | 0.8/2.2 MB
Progress (2): 3.9/4.7 MB | 0.8/2.2 MB
Progress (2): 3.9/4.7 MB | 0.8/2.2 MB
Progress (2): 3.9/4.7 MB | 0.8/2.2 MB
Progress (2): 3.9/4.7 MB | 0.8/2.2 MB
Progress (2): 3.9/4.7 MB | 0.8/2.2 MB
Progress (2): 3.9/4.7 MB | 0.8/2.2 MB
Progress (2): 3.9/4.7 MB | 0.8/2.2 MB
Progress (2): 4.0/4.7 MB | 0.8/2.2 MB
Progress (2): 4.0/4.7 MB | 0.9/2.2 MB
Progress (2): 4.0/4.7 MB | 0.9/2.2 MB
Progress (2): 4.0/4.7 MB | 0.9/2.2 MB
Progress (2): 4.0/4.7 MB | 0.9/2.2 MB
Progress (2): 4.0/4.7 MB | 0.9/2.2 MB
Progress (2): 4.0/4.7 MB | 0.9/2.2 MB
Progress (2): 4.0/4.7 MB | 0.9/2.2 MB
Progress (2): 4.0/4.7 MB | 0.9/2.2 MB
Progress (2): 4.0/4.7 MB | 0.9/2.2 MB
Progress (2): 4.0/4.7 MB | 0.9/2.2 MB
Progress (2): 4.0/4.7 MB | 1.0/2.2 MB
Progress (2): 4.0/4.7 MB | 1.0/2.2 MB
Progress (2): 4.0/4.7 MB | 1.0/2.2 MB
Progress (2): 4.0/4.7 MB | 1.0/2.2 MB
Progress (2): 4.0/4.7 MB | 1.0/2.2 MB
Progress (2): 4.0/4.7 MB | 1.0/2.2 MB
Progress (3): 4.0/4.7 MB | 1.0/2.2 MB | 16/316 kB
Progress (3): 4.0/4.7 MB | 1.0/2.2 MB | 33/316 kB
Progress (3): 4.0/4.7 MB | 1.1/2.2 MB | 33/316 kB
Progress (3): 4.0/4.7 MB | 1.1/2.2 MB | 49/316 kB
Progress (3): 4.0/4.7 MB | 1.1/2.2 MB | 49/316 kB
Progress (3): 4.0/4.7 MB | 1.1/2.2 MB | 49/316 kB
Progress (3): 4.0/4.7 MB | 1.1/2.2 MB | 57/316 kB
Progress (3): 4.0/4.7 MB | 1.1/2.2 MB | 57/316 kB
Progress (3): 4.0/4.7 MB | 1.1/2.2 MB | 74/316 kB
Progress (3): 4.0/4.7 MB | 1.1/2.2 MB | 74/316 kB
Progress (3): 4.0/4.7 MB | 1.1/2.2 MB | 90/316 kB
Progress (3): 4.0/4.7 MB | 1.1/2.2 MB | 90/316 kB
Progress (3): 4.0/4.7 MB | 1.1/2.2 MB | 106/316 kB
Progress (3): 4.0/4.7 MB | 1.1/2.2 MB | 123/316 kB
Progress (3): 4.0/4.7 MB | 1.1/2.2 MB | 131/316 kB
Progress (3): 4.1/4.7 MB | 1.1/2.2 MB | 131/316 kB
Progress (3): 4.1/4.7 MB | 1.1/2.2 MB | 147/316 kB
Progress (3): 4.1/4.7 MB | 1.1/2.2 MB | 147/316 kB
Progress (3): 4.1/4.7 MB | 1.1/2.2 MB | 164/316 kB
Progress (3): 4.1/4.7 MB | 1.1/2.2 MB | 164/316 kB
Progress (3): 4.1/4.7 MB | 1.1/2.2 MB | 180/316 kB
Progress (3): 4.1/4.7 MB | 1.1/2.2 MB | 197/316 kB
Progress (3): 4.1/4.7 MB | 1.1/2.2 MB | 197/316 kB
Progress (3): 4.1/4.7 MB | 1.1/2.2 MB | 213/316 kB
Progress (3): 4.1/4.7 MB | 1.1/2.2 MB | 213/316 kB
Progress (3): 4.1/4.7 MB | 1.1/2.2 MB | 229/316 kB
Progress (3): 4.1/4.7 MB | 1.1/2.2 MB | 229/316 kB
Progress (3): 4.1/4.7 MB | 1.1/2.2 MB | 246/316 kB
Progress (3): 4.2/4.7 MB | 1.1/2.2 MB | 246/316 kB
Progress (3): 4.2/4.7 MB | 1.1/2.2 MB | 262/316 kB
Progress (3): 4.2/4.7 MB | 1.1/2.2 MB | 262/316 kB
Progress (3): 4.2/4.7 MB | 1.1/2.2 MB | 279/316 kB
Progress (3): 4.2/4.7 MB | 1.1/2.2 MB | 279/316 kB
Progress (3): 4.2/4.7 MB | 1.1/2.2 MB | 295/316 kB
Progress (3): 4.2/4.7 MB | 1.1/2.2 MB | 295/316 kB
Progress (3): 4.2/4.7 MB | 1.1/2.2 MB | 295/316 kB
Progress (3): 4.2/4.7 MB | 1.1/2.2 MB | 295/316 kB
Progress (3): 4.3/4.7 MB | 1.1/2.2 MB | 295/316 kB
Progress (3): 4.3/4.7 MB | 1.1/2.2 MB | 311/316 kB
Progress (3): 4.3/4.7 MB | 1.1/2.2 MB | 311/316 kB
Progress (3): 4.3/4.7 MB | 1.1/2.2 MB | 316 kB    
Progress (3): 4.3/4.7 MB | 1.1/2.2 MB | 316 kB
Progress (3): 4.3/4.7 MB | 1.1/2.2 MB | 316 kB
Progress (3): 4.3/4.7 MB | 1.1/2.2 MB | 316 kB
Progress (3): 4.3/4.7 MB | 1.1/2.2 MB | 316 kB
Progress (3): 4.4/4.7 MB | 1.1/2.2 MB | 316 kB
Progress (3): 4.4/4.7 MB | 1.1/2.2 MB | 316 kB
Progress (3): 4.4/4.7 MB | 1.1/2.2 MB | 316 kB
Progress (3): 4.4/4.7 MB | 1.1/2.2 MB | 316 kB
Progress (3): 4.4/4.7 MB | 1.1/2.2 MB | 316 kB
Progress (3): 4.4/4.7 MB | 1.1/2.2 MB | 316 kB
Progress (3): 4.5/4.7 MB | 1.1/2.2 MB | 316 kB
Progress (3): 4.5/4.7 MB | 1.1/2.2 MB | 316 kB
Progress (3): 4.5/4.7 MB | 1.1/2.2 MB | 316 kB
Progress (3): 4.5/4.7 MB | 1.1/2.2 MB | 316 kB
Progress (3): 4.5/4.7 MB | 1.1/2.2 MB | 316 kB
Progress (3): 4.5/4.7 MB | 1.1/2.2 MB | 316 kB
Progress (3): 4.6/4.7 MB | 1.1/2.2 MB | 316 kB
Progress (3): 4.6/4.7 MB | 1.1/2.2 MB | 316 kB
Progress (3): 4.6/4.7 MB | 1.1/2.2 MB | 316 kB
Progress (3): 4.6/4.7 MB | 1.1/2.2 MB | 316 kB
Progress (3): 4.6/4.7 MB | 1.1/2.2 MB | 316 kB
Progress (3): 4.6/4.7 MB | 1.1/2.2 MB | 316 kB
Progress (3): 4.7/4.7 MB | 1.1/2.2 MB | 316 kB
Progress (3): 4.7/4.7 MB | 1.1/2.2 MB | 316 kB
Progress (3): 4.7/4.7 MB | 1.1/2.2 MB | 316 kB
Progress (3): 4.7/4.7 MB | 1.1/2.2 MB | 316 kB
Progress (3): 4.7/4.7 MB | 1.1/2.2 MB | 316 kB
Progress (3): 4.7/4.7 MB | 1.2/2.2 MB | 316 kB
Progress (3): 4.7/4.7 MB | 1.2/2.2 MB | 316 kB
Progress (3): 4.7/4.7 MB | 1.2/2.2 MB | 316 kB
Progress (3): 4.7 MB | 1.2/2.2 MB | 316 kB    
Progress (3): 4.7 MB | 1.2/2.2 MB | 316 kB
Progress (3): 4.7 MB | 1.2/2.2 MB | 316 kB
Progress (3): 4.7 MB | 1.2/2.2 MB | 316 kB
Progress (3): 4.7 MB | 1.2/2.2 MB | 316 kB
Progress (3): 4.7 MB | 1.3/2.2 MB | 316 kB
Progress (3): 4.7 MB | 1.3/2.2 MB | 316 kB
Progress (3): 4.7 MB | 1.3/2.2 MB | 316 kB
Progress (3): 4.7 MB | 1.3/2.2 MB | 316 kB
Progress (3): 4.7 MB | 1.3/2.2 MB | 316 kB
Progress (3): 4.7 MB | 1.3/2.2 MB | 316 kB
Progress (3): 4.7 MB | 1.4/2.2 MB | 316 kB
Progress (3): 4.7 MB | 1.4/2.2 MB | 316 kB
Progress (3): 4.7 MB | 1.4/2.2 MB | 316 kB
Progress (3): 4.7 MB | 1.4/2.2 MB | 316 kB
Progress (3): 4.7 MB | 1.4/2.2 MB | 316 kB
Progress (3): 4.7 MB | 1.4/2.2 MB | 316 kB
Progress (3): 4.7 MB | 1.5/2.2 MB | 316 kB
Progress (3): 4.7 MB | 1.5/2.2 MB | 316 kB
Progress (3): 4.7 MB | 1.5/2.2 MB | 316 kB
Progress (3): 4.7 MB | 1.5/2.2 MB | 316 kB
Progress (3): 4.7 MB | 1.5/2.2 MB | 316 kB
Progress (3): 4.7 MB | 1.5/2.2 MB | 316 kB
                                          
Downloaded from central: https://repo1.maven.org/maven2/commons-net/commons-net/3.9.0/commons-net-3.9.0.jar (316 kB at 224 kB/s)
Downloading from central: https://repo1.maven.org/maven2/org/eclipse/jetty/jetty-webapp/9.4.57.v20241219/jetty-webapp-9.4.57.v20241219.jar
Progress (2): 4.7 MB | 1.6/2.2 MB
Progress (2): 4.7 MB | 1.6/2.2 MB
Progress (2): 4.7 MB | 1.6/2.2 MB
Progress (2): 4.7 MB | 1.6/2.2 MB
Progress (2): 4.7 MB | 1.6/2.2 MB
Progress (2): 4.7 MB | 1.6/2.2 MB
Progress (2): 4.7 MB | 1.7/2.2 MB
Progress (2): 4.7 MB | 1.7/2.2 MB
Progress (2): 4.7 MB | 1.7/2.2 MB
Progress (2): 4.7 MB | 1.7/2.2 MB
Progress (2): 4.7 MB | 1.7/2.2 MB
Progress (2): 4.7 MB | 1.7/2.2 MB
Progress (2): 4.7 MB | 1.8/2.2 MB
Progress (2): 4.7 MB | 1.8/2.2 MB
Progress (2): 4.7 MB | 1.8/2.2 MB
Progress (2): 4.7 MB | 1.8/2.2 MB
Progress (2): 4.7 MB | 1.8/2.2 MB
Progress (2): 4.7 MB | 1.8/2.2 MB
Progress (2): 4.7 MB | 1.9/2.2 MB
Progress (2): 4.7 MB | 1.9/2.2 MB
Progress (2): 4.7 MB | 1.9/2.2 MB
Progress (2): 4.7 MB | 1.9/2.2 MB
Progress (2): 4.7 MB | 1.9/2.2 MB
Progress (2): 4.7 MB | 1.9/2.2 MB
Progress (2): 4.7 MB | 1.9/2.2 MB
Progress (2): 4.7 MB | 2.0/2.2 MB
Progress (2): 4.7 MB | 2.0/2.2 MB
Progress (2): 4.7 MB | 2.0/2.2 MB
Progress (2): 4.7 MB | 2.0/2.2 MB
Progress (2): 4.7 MB | 2.0/2.2 MB
Progress (2): 4.7 MB | 2.0/2.2 MB
Progress (2): 4.7 MB | 2.1/2.2 MB
Progress (2): 4.7 MB | 2.1/2.2 MB
Progress (2): 4.7 MB | 2.1/2.2 MB
Progress (2): 4.7 MB | 2.1/2.2 MB
Progress (2): 4.7 MB | 2.1/2.2 MB
Progress (2): 4.7 MB | 2.1/2.2 MB
Progress (2): 4.7 MB | 2.2/2.2 MB
Progress (2): 4.7 MB | 2.2/2.2 MB
Progress (2): 4.7 MB | 2.2/2.2 MB
Progress (2): 4.7 MB | 2.2/2.2 MB
Progress (2): 4.7 MB | 2.2 MB    
Progress (3): 4.7 MB | 2.2 MB | 7.7/44 kB
Progress (3): 4.7 MB | 2.2 MB | 12/44 kB 
Progress (3): 4.7 MB | 2.2 MB | 29/44 kB
Progress (3): 4.7 MB | 2.2 MB | 44 kB   
                                     
Downloaded from central: https://repo1.maven.org/maven2/jakarta/activation/jakarta.activation-api/1.2.1/jakarta.activation-api-1.2.1.jar (44 kB at 31 kB/s)
Downloading from central: https://repo1.maven.org/maven2/org/eclipse/jetty/jetty-xml/9.4.57.v20241219/jetty-xml-9.4.57.v20241219.jar
Downloaded from central: https://repo1.maven.org/maven2/org/apache/hadoop/hadoop-common/3.4.2/hadoop-common-3.4.2.jar (4.7 MB at 3.3 MB/s)
Downloading from central: https://repo1.maven.org/maven2/com/github/pjfanning/jersey-json/1.22.0/jersey-json-1.22.0.jar
Downloaded from central: https://repo1.maven.org/maven2/org/apache/commons/commons-math3/3.6.1/commons-math3-3.6.1.jar (2.2 MB at 1.5 MB/s)
Downloading from central: https://repo1.maven.org/maven2/com/sun/jersey/jersey-server/1.19.4/jersey-server-1.19.4.jar
Progress (1): 8.2/140 kB
Progress (1): 16/140 kB 
Progress (1): 33/140 kB
Progress (1): 49/140 kB
Progress (1): 57/140 kB
Progress (1): 66/140 kB
Progress (1): 82/140 kB
Progress (1): 90/140 kB
Progress (1): 106/140 kB
Progress (1): 123/140 kB
Progress (1): 139/140 kB
Progress (1): 140 kB    
Progress (2): 140 kB | 7.7/69 kB
Progress (2): 140 kB | 16/69 kB 
Progress (2): 140 kB | 32/69 kB
Progress (2): 140 kB | 49/69 kB
Progress (2): 140 kB | 65/69 kB
Progress (2): 140 kB | 69 kB   
Progress (3): 140 kB | 69 kB | 7.7/159 kB
Progress (3): 140 kB | 69 kB | 16/159 kB 
Progress (3): 140 kB | 69 kB | 24/159 kB
Progress (3): 140 kB | 69 kB | 41/159 kB
Progress (3): 140 kB | 69 kB | 57/159 kB
Progress (3): 140 kB | 69 kB | 73/159 kB
Progress (3): 140 kB | 69 kB | 90/159 kB
Progress (3): 140 kB | 69 kB | 106/159 kB
Progress (3): 140 kB | 69 kB | 122/159 kB
Progress (3): 140 kB | 69 kB | 139/159 kB
Progress (3): 140 kB | 69 kB | 155/159 kB
Progress (3): 140 kB | 69 kB | 159 kB    
Progress (4): 140 kB | 69 kB | 159 kB | 7.7/705 kB
Progress (4): 140 kB | 69 kB | 159 kB | 16/705 kB 
Progress (4): 140 kB | 69 kB | 159 kB | 29/705 kB
Progress (4): 140 kB | 69 kB | 159 kB | 45/705 kB
Progress (4): 140 kB | 69 kB | 159 kB | 61/705 kB
Progress (4): 140 kB | 69 kB | 159 kB | 78/705 kB
Progress (4): 140 kB | 69 kB | 159 kB | 94/705 kB
                                                 
Downloaded from central: https://repo1.maven.org/maven2/org/eclipse/jetty/jetty-webapp/9.4.57.v20241219/jetty-webapp-9.4.57.v20241219.jar (140 kB at 94 kB/s)
Downloading from central: https://repo1.maven.org/maven2/org/apache/commons/commons-configuration2/2.10.1/commons-configuration2-2.10.1.jar
Progress (3): 69 kB | 159 kB | 111/705 kB
Progress (3): 69 kB | 159 kB | 127/705 kB
                                         
Downloaded from central: https://repo1.maven.org/maven2/org/eclipse/jetty/jetty-xml/9.4.57.v20241219/jetty-xml-9.4.57.v20241219.jar (69 kB at 46 kB/s)
Downloading from central: https://repo1.maven.org/maven2/org/apache/avro/avro/1.12.0/avro-1.12.0.jar
Progress (2): 159 kB | 143/705 kB
Progress (2): 159 kB | 160/705 kB
Progress (2): 159 kB | 176/705 kB
Progress (2): 159 kB | 193/705 kB
Progress (2): 159 kB | 209/705 kB
Progress (2): 159 kB | 225/705 kB
Progress (2): 159 kB | 242/705 kB
Progress (2): 159 kB | 258/705 kB
Progress (2): 159 kB | 274/705 kB
Progress (2): 159 kB | 291/705 kB
Progress (2): 159 kB | 307/705 kB
Progress (2): 159 kB | 324/705 kB
Progress (2): 159 kB | 339/705 kB
Progress (2): 159 kB | 355/705 kB
Progress (2): 159 kB | 372/705 kB
Progress (2): 159 kB | 388/705 kB
Progress (2): 159 kB | 405/705 kB
Progress (2): 159 kB | 421/705 kB
Progress (2): 159 kB | 437/705 kB
Progress (2): 159 kB | 454/705 kB
Progress (2): 159 kB | 470/705 kB
Progress (2): 159 kB | 486/705 kB
Progress (2): 159 kB | 503/705 kB
Progress (2): 159 kB | 519/705 kB
Progress (2): 159 kB | 536/705 kB
                                 
Downloaded from central: https://repo1.maven.org/maven2/com/github/pjfanning/jersey-json/1.22.0/jersey-json-1.22.0.jar (159 kB at 106 kB/s)
Downloading from central: https://repo1.maven.org/maven2/com/google/re2j/re2j/1.2/re2j-1.2.jar
Progress (1): 552/705 kB
Progress (1): 568/705 kB
Progress (1): 585/705 kB
Progress (1): 601/705 kB
Progress (1): 618/705 kB
Progress (1): 634/705 kB
Progress (1): 650/705 kB
Progress (1): 667/705 kB
Progress (1): 679/705 kB
Progress (1): 696/705 kB
Progress (1): 705 kB    
                    
Downloaded from central: https://repo1.maven.org/maven2/com/sun/jersey/jersey-server/1.19.4/jersey-server-1.19.4.jar (705 kB at 466 kB/s)
Downloading from central: https://repo1.maven.org/maven2/com/google/code/gson/gson/2.9.0/gson-2.9.0.jar
Progress (1): 7.7/658 kB
Progress (1): 16/658 kB 
Progress (1): 32/658 kB
Progress (1): 49/658 kB
Progress (1): 65/658 kB
Progress (1): 81/658 kB
Progress (1): 98/658 kB
Progress (1): 114/658 kB
Progress (1): 131/658 kB
Progress (1): 147/658 kB
Progress (1): 163/658 kB
Progress (1): 180/658 kB
Progress (1): 196/658 kB
Progress (1): 213/658 kB
Progress (1): 229/658 kB
Progress (1): 245/658 kB
Progress (1): 262/658 kB
Progress (1): 278/658 kB
Progress (1): 294/658 kB
Progress (1): 311/658 kB
Progress (1): 327/658 kB
Progress (1): 344/658 kB
Progress (1): 360/658 kB
Progress (1): 376/658 kB
Progress (1): 393/658 kB
Progress (1): 409/658 kB
Progress (1): 426/658 kB
Progress (1): 442/658 kB
Progress (1): 458/658 kB
Progress (1): 475/658 kB
Progress (1): 491/658 kB
Progress (1): 507/658 kB
Progress (2): 507/658 kB | 7.7/713 kB
Progress (2): 507/658 kB | 8.2/713 kB
Progress (2): 524/658 kB | 8.2/713 kB
Progress (2): 540/658 kB | 8.2/713 kB
Progress (2): 540/658 kB | 25/713 kB 
Progress (2): 557/658 kB | 25/713 kB
Progress (2): 557/658 kB | 41/713 kB
Progress (2): 573/658 kB | 41/713 kB
Progress (2): 589/658 kB | 41/713 kB
Progress (2): 589/658 kB | 57/713 kB
Progress (2): 606/658 kB | 57/713 kB
Progress (2): 606/658 kB | 74/713 kB
Progress (2): 622/658 kB | 74/713 kB
Progress (2): 622/658 kB | 90/713 kB
Progress (2): 639/658 kB | 90/713 kB
Progress (2): 639/658 kB | 106/713 kB
Progress (2): 655/658 kB | 106/713 kB
Progress (2): 658 kB | 106/713 kB    
Progress (2): 658 kB | 123/713 kB
Progress (2): 658 kB | 139/713 kB
Progress (2): 658 kB | 147/713 kB
Progress (2): 658 kB | 164/713 kB
Progress (2): 658 kB | 180/713 kB
Progress (2): 658 kB | 197/713 kB
Progress (2): 658 kB | 213/713 kB
Progress (2): 658 kB | 229/713 kB
Progress (2): 658 kB | 246/713 kB
Progress (2): 658 kB | 262/713 kB
Progress (2): 658 kB | 279/713 kB
Progress (2): 658 kB | 295/713 kB
Progress (2): 658 kB | 311/713 kB
Progress (2): 658 kB | 328/713 kB
Progress (2): 658 kB | 344/713 kB
Progress (2): 658 kB | 360/713 kB
Progress (2): 658 kB | 377/713 kB
Progress (2): 658 kB | 393/713 kB
Progress (2): 658 kB | 410/713 kB
Progress (2): 658 kB | 426/713 kB
Progress (2): 658 kB | 442/713 kB
Progress (2): 658 kB | 446/713 kB
Progress (3): 658 kB | 446/713 kB | 7.7/127 kB
Progress (3): 658 kB | 463/713 kB | 7.7/127 kB
Progress (3): 658 kB | 475/713 kB | 7.7/127 kB
Progress (3): 658 kB | 479/713 kB | 7.7/127 kB
Progress (3): 658 kB | 495/713 kB | 7.7/127 kB
Progress (3): 658 kB | 512/713 kB | 7.7/127 kB
Progress (3): 658 kB | 528/713 kB | 7.7/127 kB
Progress (3): 658 kB | 544/713 kB | 7.7/127 kB
Progress (3): 658 kB | 544/713 kB | 8.2/127 kB
Progress (3): 658 kB | 561/713 kB | 8.2/127 kB
Progress (3): 658 kB | 577/713 kB | 8.2/127 kB
Progress (3): 658 kB | 594/713 kB | 8.2/127 kB
Progress (3): 658 kB | 606/713 kB | 8.2/127 kB
Progress (3): 658 kB | 606/713 kB | 25/127 kB 
Progress (3): 658 kB | 606/713 kB | 41/127 kB
Progress (3): 658 kB | 623/713 kB | 41/127 kB
Progress (3): 658 kB | 639/713 kB | 41/127 kB
Progress (3): 658 kB | 639/713 kB | 57/127 kB
Progress (3): 658 kB | 655/713 kB | 57/127 kB
Progress (3): 658 kB | 655/713 kB | 74/127 kB
Progress (3): 658 kB | 672/713 kB | 74/127 kB
Progress (3): 658 kB | 672/713 kB | 90/127 kB
Progress (3): 658 kB | 688/713 kB | 90/127 kB
Progress (3): 658 kB | 688/713 kB | 106/127 kB
Progress (3): 658 kB | 705/713 kB | 106/127 kB
Progress (3): 658 kB | 713 kB | 106/127 kB    
Progress (3): 658 kB | 713 kB | 123/127 kB
Progress (3): 658 kB | 713 kB | 127 kB    
                                      
Downloaded from central: https://repo1.maven.org/maven2/org/apache/commons/commons-configuration2/2.10.1/commons-configuration2-2.10.1.jar (658 kB at 425 kB/s)
Downloading from central: https://repo1.maven.org/maven2/com/jcraft/jsch/0.1.55/jsch-0.1.55.jar
Downloaded from central: https://repo1.maven.org/maven2/com/google/re2j/re2j/1.2/re2j-1.2.jar (127 kB at 81 kB/s)
Downloading from central: https://repo1.maven.org/maven2/org/apache/commons/commons-compress/1.26.0/commons-compress-1.26.0.jar
Progress (2): 713 kB | 7.7/249 kB
                                 
Downloaded from central: https://repo1.maven.org/maven2/org/apache/avro/avro/1.12.0/avro-1.12.0.jar (713 kB at 458 kB/s)
Downloading from central: https://repo1.maven.org/maven2/org/bouncycastle/bcprov-jdk18on/1.82/bcprov-jdk18on-1.82.jar
Progress (1): 16/249 kB
Progress (1): 32/249 kB
Progress (1): 49/249 kB
Progress (1): 65/249 kB
Progress (1): 81/249 kB
Progress (1): 98/249 kB
Progress (1): 114/249 kB
Progress (1): 130/249 kB
Progress (1): 147/249 kB
Progress (1): 163/249 kB
Progress (1): 180/249 kB
Progress (1): 196/249 kB
Progress (1): 212/249 kB
Progress (1): 229/249 kB
Progress (1): 245/249 kB
Progress (1): 249 kB    
                    
Downloaded from central: https://repo1.maven.org/maven2/com/google/code/gson/gson/2.9.0/gson-2.9.0.jar (249 kB at 158 kB/s)
Downloading from central: https://repo1.maven.org/maven2/org/codehaus/woodstox/stax2-api/4.2.1/stax2-api-4.2.1.jar
Progress (1): 0/2.6 MB
Progress (1): 0/2.6 MB
Progress (1): 0/2.6 MB
Progress (1): 0/2.6 MB
Progress (1): 0.1/2.6 MB
Progress (1): 0.1/2.6 MB
Progress (1): 0.1/2.6 MB
Progress (1): 0.1/2.6 MB
Progress (1): 0.1/2.6 MB
Progress (1): 0.1/2.6 MB
Progress (1): 0.1/2.6 MB
Progress (1): 0.2/2.6 MB
Progress (1): 0.2/2.6 MB
Progress (1): 0.2/2.6 MB
Progress (2): 0.2/2.6 MB | 7.7/283 kB
Progress (2): 0.2/2.6 MB | 7.7/283 kB
Progress (2): 0.2/2.6 MB | 7.7/283 kB
Progress (2): 0.2/2.6 MB | 7.7/283 kB
Progress (2): 0.3/2.6 MB | 7.7/283 kB
Progress (2): 0.3/2.6 MB | 7.7/283 kB
Progress (2): 0.3/2.6 MB | 16/283 kB 
Progress (2): 0.3/2.6 MB | 16/283 kB
Progress (2): 0.3/2.6 MB | 25/283 kB
Progress (2): 0.3/2.6 MB | 25/283 kB
Progress (2): 0.3/2.6 MB | 41/283 kB
Progress (2): 0.3/2.6 MB | 41/283 kB
Progress (2): 0.3/2.6 MB | 41/283 kB
Progress (2): 0.3/2.6 MB | 57/283 kB
Progress (2): 0.3/2.6 MB | 74/283 kB
Progress (2): 0.3/2.6 MB | 74/283 kB
Progress (2): 0.3/2.6 MB | 90/283 kB
Progress (2): 0.4/2.6 MB | 90/283 kB
Progress (2): 0.4/2.6 MB | 98/283 kB
Progress (2): 0.4/2.6 MB | 98/283 kB
Progress (2): 0.4/2.6 MB | 115/283 kB
Progress (2): 0.4/2.6 MB | 115/283 kB
Progress (2): 0.4/2.6 MB | 123/283 kB
Progress (2): 0.4/2.6 MB | 123/283 kB
Progress (2): 0.4/2.6 MB | 139/283 kB
Progress (2): 0.4/2.6 MB | 139/283 kB
Progress (2): 0.4/2.6 MB | 156/283 kB
Progress (2): 0.4/2.6 MB | 164/283 kB
Progress (2): 0.4/2.6 MB | 164/283 kB
Progress (2): 0.4/2.6 MB | 172/283 kB
Progress (2): 0.4/2.6 MB | 180/283 kB
Progress (2): 0.5/2.6 MB | 180/283 kB
Progress (2): 0.5/2.6 MB | 197/283 kB
Progress (2): 0.5/2.6 MB | 205/283 kB
Progress (2): 0.5/2.6 MB | 205/283 kB
Progress (2): 0.5/2.6 MB | 213/283 kB
Progress (2): 0.5/2.6 MB | 221/283 kB
Progress (2): 0.5/2.6 MB | 238/283 kB
Progress (2): 0.5/2.6 MB | 238/283 kB
Progress (2): 0.5/2.6 MB | 254/283 kB
Progress (2): 0.5/2.6 MB | 254/283 kB
Progress (2): 0.5/2.6 MB | 270/283 kB
Progress (2): 0.5/2.6 MB | 270/283 kB
Progress (2): 0.5/2.6 MB | 283 kB    
Progress (2): 0.5/2.6 MB | 283 kB
Progress (2): 0.6/2.6 MB | 283 kB
Progress (2): 0.6/2.6 MB | 283 kB
Progress (2): 0.6/2.6 MB | 283 kB
Progress (2): 0.6/2.6 MB | 283 kB
Progress (2): 0.6/2.6 MB | 283 kB
Progress (2): 0.6/2.6 MB | 283 kB
Progress (2): 0.7/2.6 MB | 283 kB
Progress (2): 0.7/2.6 MB | 283 kB
Progress (2): 0.7/2.6 MB | 283 kB
Progress (2): 0.7/2.6 MB | 283 kB
Progress (2): 0.7/2.6 MB | 283 kB
Progress (2): 0.7/2.6 MB | 283 kB
Progress (2): 0.8/2.6 MB | 283 kB
Progress (2): 0.8/2.6 MB | 283 kB
Progress (2): 0.8/2.6 MB | 283 kB
Progress (2): 0.8/2.6 MB | 283 kB
Progress (2): 0.8/2.6 MB | 283 kB
Progress (2): 0.8/2.6 MB | 283 kB
Progress (2): 0.9/2.6 MB | 283 kB
Progress (2): 0.9/2.6 MB | 283 kB
Progress (2): 0.9/2.6 MB | 283 kB
Progress (2): 0.9/2.6 MB | 283 kB
Progress (3): 0.9/2.6 MB | 283 kB | 0/8.5 MB
Progress (3): 0.9/2.6 MB | 283 kB | 0/8.5 MB
Progress (3): 0.9/2.6 MB | 283 kB | 0/8.5 MB
Progress (3): 1.0/2.6 MB | 283 kB | 0/8.5 MB
Progress (3): 1.0/2.6 MB | 283 kB | 0/8.5 MB
Progress (3): 1.0/2.6 MB | 283 kB | 0/8.5 MB
Progress (3): 1.0/2.6 MB | 283 kB | 0/8.5 MB
Progress (3): 1.0/2.6 MB | 283 kB | 0/8.5 MB
Progress (3): 1.0/2.6 MB | 283 kB | 0/8.5 MB
Progress (3): 1.0/2.6 MB | 283 kB | 0.1/8.5 MB
Progress (3): 1.0/2.6 MB | 283 kB | 0.1/8.5 MB
Progress (3): 1.0/2.6 MB | 283 kB | 0.1/8.5 MB
Progress (3): 1.0/2.6 MB | 283 kB | 0.1/8.5 MB
Progress (3): 1.0/2.6 MB | 283 kB | 0.1/8.5 MB
Progress (3): 1.0/2.6 MB | 283 kB | 0.1/8.5 MB
Progress (3): 1.0/2.6 MB | 283 kB | 0.1/8.5 MB
Progress (3): 1.0/2.6 MB | 283 kB | 0.1/8.5 MB
Progress (3): 1.0/2.6 MB | 283 kB | 0.2/8.5 MB
Progress (3): 1.0/2.6 MB | 283 kB | 0.2/8.5 MB
Progress (3): 1.0/2.6 MB | 283 kB | 0.2/8.5 MB
Progress (3): 1.0/2.6 MB | 283 kB | 0.2/8.5 MB
Progress (3): 1.0/2.6 MB | 283 kB | 0.2/8.5 MB
Progress (3): 1.0/2.6 MB | 283 kB | 0.2/8.5 MB
Progress (3): 1.0/2.6 MB | 283 kB | 0.2/8.5 MB
Progress (3): 1.0/2.6 MB | 283 kB | 0.3/8.5 MB
Progress (3): 1.0/2.6 MB | 283 kB | 0.3/8.5 MB
Progress (3): 1.0/2.6 MB | 283 kB | 0.3/8.5 MB
Progress (3): 1.0/2.6 MB | 283 kB | 0.3/8.5 MB
Progress (3): 1.1/2.6 MB | 283 kB | 0.3/8.5 MB
Progress (3): 1.1/2.6 MB | 283 kB | 0.3/8.5 MB
Progress (3): 1.1/2.6 MB | 283 kB | 0.3/8.5 MB
Progress (3): 1.1/2.6 MB | 283 kB | 0.3/8.5 MB
                                              
Downloaded from central: https://repo1.maven.org/maven2/com/jcraft/jsch/0.1.55/jsch-0.1.55.jar (283 kB at 175 kB/s)
Progress (2): 1.1/2.6 MB | 0.4/8.5 MB
                                     
Downloading from central: https://repo1.maven.org/maven2/com/fasterxml/woodstox/woodstox-core/5.4.0/woodstox-core-5.4.0.jar
Progress (2): 1.1/2.6 MB | 0.4/8.5 MB
Progress (2): 1.1/2.6 MB | 0.4/8.5 MB
Progress (2): 1.1/2.6 MB | 0.4/8.5 MB
Progress (2): 1.1/2.6 MB | 0.4/8.5 MB
Progress (2): 1.1/2.6 MB | 0.4/8.5 MB
Progress (2): 1.1/2.6 MB | 0.4/8.5 MB
Progress (2): 1.1/2.6 MB | 0.4/8.5 MB
Progress (2): 1.1/2.6 MB | 0.4/8.5 MB
Progress (2): 1.1/2.6 MB | 0.4/8.5 MB
Progress (2): 1.1/2.6 MB | 0.5/8.5 MB
Progress (2): 1.1/2.6 MB | 0.5/8.5 MB
Progress (2): 1.1/2.6 MB | 0.5/8.5 MB
Progress (2): 1.2/2.6 MB | 0.5/8.5 MB
Progress (2): 1.2/2.6 MB | 0.5/8.5 MB
Progress (2): 1.2/2.6 MB | 0.5/8.5 MB
Progress (2): 1.2/2.6 MB | 0.5/8.5 MB
Progress (2): 1.2/2.6 MB | 0.5/8.5 MB
Progress (2): 1.2/2.6 MB | 0.6/8.5 MB
Progress (2): 1.2/2.6 MB | 0.6/8.5 MB
Progress (2): 1.2/2.6 MB | 0.6/8.5 MB
Progress (2): 1.2/2.6 MB | 0.6/8.5 MB
Progress (2): 1.2/2.6 MB | 0.6/8.5 MB
Progress (2): 1.2/2.6 MB | 0.6/8.5 MB
Progress (2): 1.2/2.6 MB | 0.7/8.5 MB
Progress (2): 1.2/2.6 MB | 0.7/8.5 MB
Progress (2): 1.2/2.6 MB | 0.7/8.5 MB
Progress (2): 1.2/2.6 MB | 0.7/8.5 MB
Progress (2): 1.2/2.6 MB | 0.7/8.5 MB
Progress (2): 1.2/2.6 MB | 0.7/8.5 MB
Progress (2): 1.2/2.6 MB | 0.8/8.5 MB
Progress (2): 1.2/2.6 MB | 0.8/8.5 MB
Progress (2): 1.2/2.6 MB | 0.8/8.5 MB
Progress (2): 1.2/2.6 MB | 0.8/8.5 MB
Progress (2): 1.2/2.6 MB | 0.8/8.5 MB
Progress (2): 1.2/2.6 MB | 0.8/8.5 MB
Progress (2): 1.2/2.6 MB | 0.9/8.5 MB
Progress (2): 1.2/2.6 MB | 0.9/8.5 MB
Progress (2): 1.2/2.6 MB | 0.9/8.5 MB
Progress (2): 1.2/2.6 MB | 0.9/8.5 MB
Progress (2): 1.2/2.6 MB | 0.9/8.5 MB
Progress (2): 1.2/2.6 MB | 0.9/8.5 MB
Progress (2): 1.2/2.6 MB | 0.9/8.5 MB
Progress (2): 1.2/2.6 MB | 1.0/8.5 MB
Progress (2): 1.2/2.6 MB | 1.0/8.5 MB
Progress (2): 1.2/2.6 MB | 1.0/8.5 MB
Progress (2): 1.2/2.6 MB | 1.0/8.5 MB
Progress (2): 1.2/2.6 MB | 1.0/8.5 MB
Progress (2): 1.2/2.6 MB | 1.0/8.5 MB
Progress (2): 1.2/2.6 MB | 1.0/8.5 MB
Progress (2): 1.2/2.6 MB | 1.0/8.5 MB
Progress (2): 1.2/2.6 MB | 1.0/8.5 MB
Progress (2): 1.2/2.6 MB | 1.0/8.5 MB
Progress (2): 1.2/2.6 MB | 1.0/8.5 MB
Progress (2): 1.3/2.6 MB | 1.0/8.5 MB
Progress (2): 1.3/2.6 MB | 1.0/8.5 MB
Progress (2): 1.3/2.6 MB | 1.0/8.5 MB
Progress (2): 1.3/2.6 MB | 1.0/8.5 MB
Progress (2): 1.3/2.6 MB | 1.0/8.5 MB
Progress (2): 1.3/2.6 MB | 1.0/8.5 MB
Progress (2): 1.4/2.6 MB | 1.0/8.5 MB
Progress (2): 1.4/2.6 MB | 1.0/8.5 MB
Progress (2): 1.4/2.6 MB | 1.0/8.5 MB
Progress (2): 1.4/2.6 MB | 1.0/8.5 MB
Progress (2): 1.4/2.6 MB | 1.0/8.5 MB
Progress (2): 1.4/2.6 MB | 1.0/8.5 MB
Progress (2): 1.4/2.6 MB | 1.1/8.5 MB
Progress (2): 1.5/2.6 MB | 1.1/8.5 MB
Progress (2): 1.5/2.6 MB | 1.1/8.5 MB
Progress (2): 1.5/2.6 MB | 1.1/8.5 MB
Progress (2): 1.5/2.6 MB | 1.1/8.5 MB
Progress (2): 1.5/2.6 MB | 1.1/8.5 MB
Progress (2): 1.5/2.6 MB | 1.1/8.5 MB
Progress (2): 1.5/2.6 MB | 1.1/8.5 MB
Progress (2): 1.5/2.6 MB | 1.1/8.5 MB
Progress (2): 1.5/2.6 MB | 1.1/8.5 MB
Progress (2): 1.5/2.6 MB | 1.2/8.5 MB
Progress (2): 1.5/2.6 MB | 1.2/8.5 MB
Progress (2): 1.5/2.6 MB | 1.2/8.5 MB
Progress (2): 1.5/2.6 MB | 1.2/8.5 MB
Progress (2): 1.5/2.6 MB | 1.2/8.5 MB
Progress (2): 1.5/2.6 MB | 1.2/8.5 MB
Progress (2): 1.5/2.6 MB | 1.2/8.5 MB
Progress (2): 1.6/2.6 MB | 1.2/8.5 MB
Progress (2): 1.6/2.6 MB | 1.2/8.5 MB
Progress (2): 1.6/2.6 MB | 1.2/8.5 MB
Progress (2): 1.6/2.6 MB | 1.2/8.5 MB
Progress (2): 1.6/2.6 MB | 1.2/8.5 MB
Progress (2): 1.6/2.6 MB | 1.2/8.5 MB
Progress (2): 1.6/2.6 MB | 1.2/8.5 MB
Progress (2): 1.7/2.6 MB | 1.2/8.5 MB
Progress (2): 1.7/2.6 MB | 1.2/8.5 MB
Progress (2): 1.7/2.6 MB | 1.2/8.5 MB
Progress (2): 1.7/2.6 MB | 1.2/8.5 MB
Progress (2): 1.7/2.6 MB | 1.2/8.5 MB
Progress (2): 1.7/2.6 MB | 1.2/8.5 MB
Progress (2): 1.8/2.6 MB | 1.2/8.5 MB
Progress (2): 1.8/2.6 MB | 1.2/8.5 MB
Progress (2): 1.8/2.6 MB | 1.2/8.5 MB
Progress (2): 1.8/2.6 MB | 1.2/8.5 MB
Progress (2): 1.8/2.6 MB | 1.2/8.5 MB
Progress (2): 1.8/2.6 MB | 1.2/8.5 MB
Progress (2): 1.9/2.6 MB | 1.2/8.5 MB
Progress (2): 1.9/2.6 MB | 1.2/8.5 MB
Progress (2): 1.9/2.6 MB | 1.2/8.5 MB
Progress (2): 1.9/2.6 MB | 1.2/8.5 MB
Progress (2): 1.9/2.6 MB | 1.2/8.5 MB
Progress (2): 1.9/2.6 MB | 1.2/8.5 MB
Progress (2): 1.9/2.6 MB | 1.2/8.5 MB
Progress (2): 2.0/2.6 MB | 1.2/8.5 MB
Progress (2): 2.0/2.6 MB | 1.2/8.5 MB
Progress (2): 2.0/2.6 MB | 1.2/8.5 MB
Progress (2): 2.0/2.6 MB | 1.2/8.5 MB
Progress (2): 2.0/2.6 MB | 1.2/8.5 MB
Progress (2): 2.0/2.6 MB | 1.2/8.5 MB
Progress (2): 2.1/2.6 MB | 1.2/8.5 MB
Progress (2): 2.1/2.6 MB | 1.2/8.5 MB
Progress (2): 2.1/2.6 MB | 1.2/8.5 MB
Progress (2): 2.1/2.6 MB | 1.2/8.5 MB
Progress (2): 2.1/2.6 MB | 1.3/8.5 MB
Progress (2): 2.1/2.6 MB | 1.3/8.5 MB
Progress (2): 2.1/2.6 MB | 1.3/8.5 MB
Progress (2): 2.1/2.6 MB | 1.3/8.5 MB
Progress (2): 2.1/2.6 MB | 1.3/8.5 MB
Progress (2): 2.1/2.6 MB | 1.3/8.5 MB
Progress (2): 2.1/2.6 MB | 1.3/8.5 MB
Progress (2): 2.1/2.6 MB | 1.3/8.5 MB
Progress (2): 2.1/2.6 MB | 1.4/8.5 MB
Progress (3): 2.1/2.6 MB | 1.4/8.5 MB | 7.7/196 kB
Progress (3): 2.1/2.6 MB | 1.4/8.5 MB | 7.7/196 kB
Progress (3): 2.2/2.6 MB | 1.4/8.5 MB | 7.7/196 kB
Progress (3): 2.2/2.6 MB | 1.4/8.5 MB | 7.7/196 kB
Progress (3): 2.2/2.6 MB | 1.4/8.5 MB | 7.7/196 kB
Progress (4): 2.2/2.6 MB | 1.4/8.5 MB | 7.7/196 kB | 0/1.1 MB
Progress (4): 2.2/2.6 MB | 1.4/8.5 MB | 7.7/196 kB | 0/1.1 MB
Progress (4): 2.2/2.6 MB | 1.4/8.5 MB | 7.7/196 kB | 0/1.1 MB
Progress (4): 2.2/2.6 MB | 1.4/8.5 MB | 7.7/196 kB | 0/1.1 MB
Progress (4): 2.2/2.6 MB | 1.4/8.5 MB | 7.7/196 kB | 0/1.1 MB
Progress (4): 2.2/2.6 MB | 1.5/8.5 MB | 7.7/196 kB | 0/1.1 MB
Progress (4): 2.2/2.6 MB | 1.5/8.5 MB | 16/196 kB | 0/1.1 MB 
Progress (4): 2.2/2.6 MB | 1.5/8.5 MB | 16/196 kB | 0/1.1 MB
Progress (4): 2.2/2.6 MB | 1.5/8.5 MB | 32/196 kB | 0/1.1 MB
Progress (4): 2.2/2.6 MB | 1.5/8.5 MB | 32/196 kB | 0/1.1 MB
Progress (4): 2.2/2.6 MB | 1.5/8.5 MB | 49/196 kB | 0/1.1 MB
Progress (4): 2.2/2.6 MB | 1.5/8.5 MB | 49/196 kB | 0/1.1 MB
Progress (4): 2.2/2.6 MB | 1.5/8.5 MB | 65/196 kB | 0/1.1 MB
Progress (4): 2.2/2.6 MB | 1.5/8.5 MB | 65/196 kB | 0/1.1 MB
Progress (4): 2.2/2.6 MB | 1.5/8.5 MB | 65/196 kB | 0/1.1 MB
Progress (4): 2.2/2.6 MB | 1.5/8.5 MB | 65/196 kB | 0/1.1 MB
Progress (4): 2.2/2.6 MB | 1.5/8.5 MB | 81/196 kB | 0/1.1 MB
Progress (4): 2.2/2.6 MB | 1.5/8.5 MB | 81/196 kB | 0/1.1 MB
Progress (4): 2.2/2.6 MB | 1.6/8.5 MB | 81/196 kB | 0/1.1 MB
Progress (4): 2.2/2.6 MB | 1.6/8.5 MB | 98/196 kB | 0/1.1 MB
Progress (4): 2.2/2.6 MB | 1.6/8.5 MB | 98/196 kB | 0/1.1 MB
Progress (4): 2.2/2.6 MB | 1.6/8.5 MB | 98/196 kB | 0/1.1 MB
Progress (4): 2.2/2.6 MB | 1.6/8.5 MB | 114/196 kB | 0/1.1 MB
Progress (4): 2.2/2.6 MB | 1.6/8.5 MB | 114/196 kB | 0.1/1.1 MB
Progress (4): 2.2/2.6 MB | 1.6/8.5 MB | 114/196 kB | 0.1/1.1 MB
Progress (4): 2.2/2.6 MB | 1.6/8.5 MB | 131/196 kB | 0.1/1.1 MB
Progress (4): 2.2/2.6 MB | 1.6/8.5 MB | 131/196 kB | 0.1/1.1 MB
Progress (4): 2.2/2.6 MB | 1.6/8.5 MB | 131/196 kB | 0.1/1.1 MB
Progress (4): 2.2/2.6 MB | 1.6/8.5 MB | 147/196 kB | 0.1/1.1 MB
Progress (4): 2.2/2.6 MB | 1.6/8.5 MB | 147/196 kB | 0.1/1.1 MB
Progress (4): 2.2/2.6 MB | 1.6/8.5 MB | 147/196 kB | 0.1/1.1 MB
Progress (4): 2.2/2.6 MB | 1.6/8.5 MB | 163/196 kB | 0.1/1.1 MB
Progress (4): 2.2/2.6 MB | 1.6/8.5 MB | 163/196 kB | 0.1/1.1 MB
Progress (4): 2.2/2.6 MB | 1.6/8.5 MB | 180/196 kB | 0.1/1.1 MB
Progress (4): 2.2/2.6 MB | 1.6/8.5 MB | 180/196 kB | 0.1/1.1 MB
Progress (4): 2.2/2.6 MB | 1.6/8.5 MB | 180/196 kB | 0.1/1.1 MB
Progress (4): 2.2/2.6 MB | 1.6/8.5 MB | 196 kB | 0.1/1.1 MB    
Progress (4): 2.2/2.6 MB | 1.7/8.5 MB | 196 kB | 0.1/1.1 MB
Progress (4): 2.2/2.6 MB | 1.7/8.5 MB | 196 kB | 0.1/1.1 MB
Progress (4): 2.2/2.6 MB | 1.7/8.5 MB | 196 kB | 0.1/1.1 MB
Progress (4): 2.2/2.6 MB | 1.7/8.5 MB | 196 kB | 0.2/1.1 MB
Progress (4): 2.2/2.6 MB | 1.7/8.5 MB | 196 kB | 0.2/1.1 MB
Progress (4): 2.2/2.6 MB | 1.7/8.5 MB | 196 kB | 0.2/1.1 MB
Progress (4): 2.2/2.6 MB | 1.7/8.5 MB | 196 kB | 0.2/1.1 MB
Progress (4): 2.2/2.6 MB | 1.7/8.5 MB | 196 kB | 0.2/1.1 MB
Progress (4): 2.2/2.6 MB | 1.7/8.5 MB | 196 kB | 0.2/1.1 MB
Progress (4): 2.2/2.6 MB | 1.7/8.5 MB | 196 kB | 0.2/1.1 MB
Progress (4): 2.2/2.6 MB | 1.7/8.5 MB | 196 kB | 0.2/1.1 MB
Progress (4): 2.2/2.6 MB | 1.7/8.5 MB | 196 kB | 0.2/1.1 MB
Progress (4): 2.2/2.6 MB | 1.7/8.5 MB | 196 kB | 0.2/1.1 MB
Progress (4): 2.2/2.6 MB | 1.8/8.5 MB | 196 kB | 0.2/1.1 MB
Progress (4): 2.2/2.6 MB | 1.8/8.5 MB | 196 kB | 0.2/1.1 MB
Progress (4): 2.2/2.6 MB | 1.8/8.5 MB | 196 kB | 0.2/1.1 MB
Progress (4): 2.2/2.6 MB | 1.8/8.5 MB | 196 kB | 0.2/1.1 MB
Progress (4): 2.2/2.6 MB | 1.8/8.5 MB | 196 kB | 0.2/1.1 MB
Progress (4): 2.2/2.6 MB | 1.8/8.5 MB | 196 kB | 0.2/1.1 MB
Progress (4): 2.2/2.6 MB | 1.9/8.5 MB | 196 kB | 0.2/1.1 MB
Progress (4): 2.2/2.6 MB | 1.9/8.5 MB | 196 kB | 0.2/1.1 MB
Progress (4): 2.2/2.6 MB | 1.9/8.5 MB | 196 kB | 0.2/1.1 MB
Progress (4): 2.2/2.6 MB | 1.9/8.5 MB | 196 kB | 0.2/1.1 MB
Progress (4): 2.2/2.6 MB | 1.9/8.5 MB | 196 kB | 0.2/1.1 MB
Progress (4): 2.2/2.6 MB | 1.9/8.5 MB | 196 kB | 0.2/1.1 MB
Progress (4): 2.2/2.6 MB | 1.9/8.5 MB | 196 kB | 0.2/1.1 MB
Progress (4): 2.2/2.6 MB | 1.9/8.5 MB | 196 kB | 0.3/1.1 MB
Progress (4): 2.2/2.6 MB | 2.0/8.5 MB | 196 kB | 0.3/1.1 MB
Progress (4): 2.2/2.6 MB | 2.0/8.5 MB | 196 kB | 0.3/1.1 MB
Progress (4): 2.2/2.6 MB | 2.0/8.5 MB | 196 kB | 0.3/1.1 MB
Progress (4): 2.2/2.6 MB | 2.0/8.5 MB | 196 kB | 0.3/1.1 MB
Progress (4): 2.2/2.6 MB | 2.0/8.5 MB | 196 kB | 0.3/1.1 MB
Progress (4): 2.2/2.6 MB | 2.0/8.5 MB | 196 kB | 0.3/1.1 MB
Progress (4): 2.2/2.6 MB | 2.0/8.5 MB | 196 kB | 0.3/1.1 MB
Progress (4): 2.2/2.6 MB | 2.0/8.5 MB | 196 kB | 0.3/1.1 MB
Progress (4): 2.2/2.6 MB | 2.0/8.5 MB | 196 kB | 0.3/1.1 MB
Progress (4): 2.2/2.6 MB | 2.0/8.5 MB | 196 kB | 0.3/1.1 MB
Progress (4): 2.2/2.6 MB | 2.1/8.5 MB | 196 kB | 0.3/1.1 MB
Progress (4): 2.2/2.6 MB | 2.1/8.5 MB | 196 kB | 0.3/1.1 MB
Progress (4): 2.2/2.6 MB | 2.1/8.5 MB | 196 kB | 0.3/1.1 MB
Progress (4): 2.2/2.6 MB | 2.1/8.5 MB | 196 kB | 0.4/1.1 MB
Progress (4): 2.2/2.6 MB | 2.1/8.5 MB | 196 kB | 0.4/1.1 MB
Progress (4): 2.2/2.6 MB | 2.1/8.5 MB | 196 kB | 0.4/1.1 MB
Progress (4): 2.2/2.6 MB | 2.1/8.5 MB | 196 kB | 0.4/1.1 MB
Progress (4): 2.2/2.6 MB | 2.1/8.5 MB | 196 kB | 0.4/1.1 MB
Progress (4): 2.2/2.6 MB | 2.1/8.5 MB | 196 kB | 0.4/1.1 MB
Progress (4): 2.2/2.6 MB | 2.1/8.5 MB | 196 kB | 0.4/1.1 MB
Progress (4): 2.2/2.6 MB | 2.1/8.5 MB | 196 kB | 0.4/1.1 MB
Progress (4): 2.2/2.6 MB | 2.1/8.5 MB | 196 kB | 0.4/1.1 MB
Progress (4): 2.2/2.6 MB | 2.1/8.5 MB | 196 kB | 0.4/1.1 MB
Progress (4): 2.2/2.6 MB | 2.1/8.5 MB | 196 kB | 0.4/1.1 MB
Progress (4): 2.2/2.6 MB | 2.1/8.5 MB | 196 kB | 0.5/1.1 MB
Progress (4): 2.3/2.6 MB | 2.1/8.5 MB | 196 kB | 0.5/1.1 MB
Progress (4): 2.3/2.6 MB | 2.1/8.5 MB | 196 kB | 0.5/1.1 MB
Progress (4): 2.3/2.6 MB | 2.1/8.5 MB | 196 kB | 0.5/1.1 MB
                                                           
Downloaded from central: https://repo1.maven.org/maven2/org/codehaus/woodstox/stax2-api/4.2.1/stax2-api-4.2.1.jar (196 kB at 118 kB/s)
Downloading from central: https://repo1.maven.org/maven2/dnsjava/dnsjava/3.6.1/dnsjava-3.6.1.jar
Progress (3): 2.3/2.6 MB | 2.1/8.5 MB | 0.5/1.1 MB
Progress (3): 2.3/2.6 MB | 2.1/8.5 MB | 0.5/1.1 MB
Progress (3): 2.3/2.6 MB | 2.1/8.5 MB | 0.5/1.1 MB
Progress (3): 2.3/2.6 MB | 2.1/8.5 MB | 0.5/1.1 MB
Progress (3): 2.3/2.6 MB | 2.1/8.5 MB | 0.5/1.1 MB
Progress (3): 2.3/2.6 MB | 2.1/8.5 MB | 0.5/1.1 MB
Progress (3): 2.4/2.6 MB | 2.1/8.5 MB | 0.5/1.1 MB
Progress (3): 2.4/2.6 MB | 2.1/8.5 MB | 0.5/1.1 MB
Progress (3): 2.4/2.6 MB | 2.1/8.5 MB | 0.5/1.1 MB
Progress (3): 2.4/2.6 MB | 2.1/8.5 MB | 0.5/1.1 MB
Progress (3): 2.4/2.6 MB | 2.1/8.5 MB | 0.5/1.1 MB
Progress (3): 2.4/2.6 MB | 2.1/8.5 MB | 0.5/1.1 MB
Progress (3): 2.4/2.6 MB | 2.1/8.5 MB | 0.5/1.1 MB
Progress (3): 2.4/2.6 MB | 2.1/8.5 MB | 0.6/1.1 MB
Progress (3): 2.4/2.6 MB | 2.1/8.5 MB | 0.6/1.1 MB
Progress (3): 2.4/2.6 MB | 2.1/8.5 MB | 0.6/1.1 MB
Progress (3): 2.4/2.6 MB | 2.1/8.5 MB | 0.6/1.1 MB
Progress (3): 2.4/2.6 MB | 2.1/8.5 MB | 0.6/1.1 MB
Progress (3): 2.4/2.6 MB | 2.1/8.5 MB | 0.6/1.1 MB
Progress (3): 2.4/2.6 MB | 2.1/8.5 MB | 0.7/1.1 MB
Progress (3): 2.4/2.6 MB | 2.1/8.5 MB | 0.7/1.1 MB
Progress (3): 2.4/2.6 MB | 2.1/8.5 MB | 0.7/1.1 MB
Progress (3): 2.4/2.6 MB | 2.1/8.5 MB | 0.7/1.1 MB
Progress (3): 2.4/2.6 MB | 2.1/8.5 MB | 0.7/1.1 MB
Progress (3): 2.4/2.6 MB | 2.1/8.5 MB | 0.7/1.1 MB
Progress (3): 2.4/2.6 MB | 2.1/8.5 MB | 0.8/1.1 MB
Progress (3): 2.4/2.6 MB | 2.1/8.5 MB | 0.8/1.1 MB
Progress (3): 2.4/2.6 MB | 2.1/8.5 MB | 0.8/1.1 MB
Progress (3): 2.4/2.6 MB | 2.1/8.5 MB | 0.8/1.1 MB
Progress (3): 2.4/2.6 MB | 2.1/8.5 MB | 0.8/1.1 MB
Progress (3): 2.5/2.6 MB | 2.1/8.5 MB | 0.8/1.1 MB
Progress (3): 2.5/2.6 MB | 2.1/8.5 MB | 0.8/1.1 MB
Progress (3): 2.5/2.6 MB | 2.1/8.5 MB | 0.8/1.1 MB
Progress (3): 2.5/2.6 MB | 2.1/8.5 MB | 0.8/1.1 MB
Progress (3): 2.5/2.6 MB | 2.1/8.5 MB | 0.8/1.1 MB
Progress (3): 2.5/2.6 MB | 2.1/8.5 MB | 0.8/1.1 MB
Progress (3): 2.5/2.6 MB | 2.1/8.5 MB | 0.8/1.1 MB
Progress (3): 2.5/2.6 MB | 2.1/8.5 MB | 0.8/1.1 MB
Progress (3): 2.5/2.6 MB | 2.1/8.5 MB | 0.8/1.1 MB
Progress (3): 2.5/2.6 MB | 2.1/8.5 MB | 0.9/1.1 MB
Progress (3): 2.5/2.6 MB | 2.1/8.5 MB | 0.9/1.1 MB
Progress (3): 2.5/2.6 MB | 2.1/8.5 MB | 0.9/1.1 MB
Progress (3): 2.5/2.6 MB | 2.1/8.5 MB | 0.9/1.1 MB
Progress (3): 2.6/2.6 MB | 2.1/8.5 MB | 0.9/1.1 MB
Progress (3): 2.6/2.6 MB | 2.1/8.5 MB | 0.9/1.1 MB
Progress (3): 2.6/2.6 MB | 2.2/8.5 MB | 0.9/1.1 MB
Progress (3): 2.6/2.6 MB | 2.2/8.5 MB | 0.9/1.1 MB
Progress (3): 2.6 MB | 2.2/8.5 MB | 0.9/1.1 MB    
Progress (3): 2.6 MB | 2.2/8.5 MB | 0.9/1.1 MB
Progress (3): 2.6 MB | 2.2/8.5 MB | 0.9/1.1 MB
Progress (3): 2.6 MB | 2.2/8.5 MB | 0.9/1.1 MB
Progress (3): 2.6 MB | 2.2/8.5 MB | 0.9/1.1 MB
Progress (3): 2.6 MB | 2.2/8.5 MB | 0.9/1.1 MB
Progress (3): 2.6 MB | 2.2/8.5 MB | 0.9/1.1 MB
Progress (3): 2.6 MB | 2.2/8.5 MB | 0.9/1.1 MB
Progress (3): 2.6 MB | 2.3/8.5 MB | 0.9/1.1 MB
Progress (3): 2.6 MB | 2.3/8.5 MB | 0.9/1.1 MB
Progress (3): 2.6 MB | 2.3/8.5 MB | 0.9/1.1 MB
Progress (3): 2.6 MB | 2.3/8.5 MB | 0.9/1.1 MB
Progress (3): 2.6 MB | 2.3/8.5 MB | 0.9/1.1 MB
Progress (3): 2.6 MB | 2.3/8.5 MB | 0.9/1.1 MB
Progress (3): 2.6 MB | 2.3/8.5 MB | 0.9/1.1 MB
Progress (3): 2.6 MB | 2.3/8.5 MB | 0.9/1.1 MB
Progress (3): 2.6 MB | 2.3/8.5 MB | 1.0/1.1 MB
Progress (3): 2.6 MB | 2.3/8.5 MB | 1.0/1.1 MB
Progress (3): 2.6 MB | 2.3/8.5 MB | 1.0/1.1 MB
Progress (3): 2.6 MB | 2.3/8.5 MB | 1.0/1.1 MB
Progress (3): 2.6 MB | 2.3/8.5 MB | 1.0/1.1 MB
Progress (3): 2.6 MB | 2.4/8.5 MB | 1.0/1.1 MB
Progress (3): 2.6 MB | 2.4/8.5 MB | 1.0/1.1 MB
Progress (3): 2.6 MB | 2.4/8.5 MB | 1.0/1.1 MB
Progress (3): 2.6 MB | 2.4/8.5 MB | 1.0/1.1 MB
Progress (3): 2.6 MB | 2.4/8.5 MB | 1.1/1.1 MB
Progress (3): 2.6 MB | 2.4/8.5 MB | 1.1/1.1 MB
Progress (3): 2.6 MB | 2.4/8.5 MB | 1.1 MB    
Progress (3): 2.6 MB | 2.4/8.5 MB | 1.1 MB
Progress (3): 2.6 MB | 2.4/8.5 MB | 1.1 MB
Progress (3): 2.6 MB | 2.5/8.5 MB | 1.1 MB
Progress (3): 2.6 MB | 2.5/8.5 MB | 1.1 MB
Progress (3): 2.6 MB | 2.5/8.5 MB | 1.1 MB
Progress (3): 2.6 MB | 2.5/8.5 MB | 1.1 MB
Progress (3): 2.6 MB | 2.5/8.5 MB | 1.1 MB
Progress (3): 2.6 MB | 2.5/8.5 MB | 1.1 MB
Progress (3): 2.6 MB | 2.6/8.5 MB | 1.1 MB
Progress (4): 2.6 MB | 2.6/8.5 MB | 1.1 MB | 7.7/523 kB
Progress (4): 2.6 MB | 2.6/8.5 MB | 1.1 MB | 8.2/523 kB
Progress (4): 2.6 MB | 2.6/8.5 MB | 1.1 MB | 8.2/523 kB
Progress (4): 2.6 MB | 2.6/8.5 MB | 1.1 MB | 8.2/523 kB
Progress (4): 2.6 MB | 2.6/8.5 MB | 1.1 MB | 25/523 kB 
Progress (4): 2.6 MB | 2.6/8.5 MB | 1.1 MB | 25/523 kB
Progress (4): 2.6 MB | 2.6/8.5 MB | 1.1 MB | 41/523 kB
Progress (4): 2.6 MB | 2.6/8.5 MB | 1.1 MB | 41/523 kB
Progress (4): 2.6 MB | 2.6/8.5 MB | 1.1 MB | 41/523 kB
Progress (4): 2.6 MB | 2.6/8.5 MB | 1.1 MB | 57/523 kB
Progress (4): 2.6 MB | 2.7/8.5 MB | 1.1 MB | 57/523 kB
Progress (4): 2.6 MB | 2.7/8.5 MB | 1.1 MB | 57/523 kB
Progress (4): 2.6 MB | 2.7/8.5 MB | 1.1 MB | 74/523 kB
Progress (4): 2.6 MB | 2.7/8.5 MB | 1.1 MB | 74/523 kB
Progress (4): 2.6 MB | 2.7/8.5 MB | 1.1 MB | 90/523 kB
Progress (5): 2.6 MB | 2.7/8.5 MB | 1.1 MB | 90/523 kB | 7.7/584 kB
Progress (5): 2.6 MB | 2.7/8.5 MB | 1.1 MB | 90/523 kB | 7.7/584 kB
Progress (5): 2.6 MB | 2.7/8.5 MB | 1.1 MB | 106/523 kB | 7.7/584 kB
Progress (5): 2.6 MB | 2.7/8.5 MB | 1.1 MB | 106/523 kB | 12/584 kB 
Progress (5): 2.6 MB | 2.7/8.5 MB | 1.1 MB | 106/523 kB | 12/584 kB
Progress (5): 2.6 MB | 2.7/8.5 MB | 1.1 MB | 106/523 kB | 12/584 kB
Progress (5): 2.6 MB | 2.7/8.5 MB | 1.1 MB | 123/523 kB | 12/584 kB
Progress (5): 2.6 MB | 2.7/8.5 MB | 1.1 MB | 123/523 kB | 29/584 kB
Progress (5): 2.6 MB | 2.8/8.5 MB | 1.1 MB | 123/523 kB | 29/584 kB
Progress (5): 2.6 MB | 2.8/8.5 MB | 1.1 MB | 123/523 kB | 45/584 kB
Progress (5): 2.6 MB | 2.8/8.5 MB | 1.1 MB | 123/523 kB | 45/584 kB
Progress (5): 2.6 MB | 2.8/8.5 MB | 1.1 MB | 131/523 kB | 45/584 kB
Progress (5): 2.6 MB | 2.8/8.5 MB | 1.1 MB | 131/523 kB | 61/584 kB
Progress (5): 2.6 MB | 2.8/8.5 MB | 1.1 MB | 131/523 kB | 61/584 kB
Progress (5): 2.6 MB | 2.8/8.5 MB | 1.1 MB | 147/523 kB | 61/584 kB
Progress (5): 2.6 MB | 2.8/8.5 MB | 1.1 MB | 147/523 kB | 61/584 kB
Progress (5): 2.6 MB | 2.8/8.5 MB | 1.1 MB | 147/523 kB | 78/584 kB
Progress (5): 2.6 MB | 2.8/8.5 MB | 1.1 MB | 156/523 kB | 78/584 kB
Progress (5): 2.6 MB | 2.8/8.5 MB | 1.1 MB | 156/523 kB | 94/584 kB
Progress (5): 2.6 MB | 2.8/8.5 MB | 1.1 MB | 172/523 kB | 94/584 kB
Progress (5): 2.6 MB | 2.8/8.5 MB | 1.1 MB | 172/523 kB | 94/584 kB
Progress (5): 2.6 MB | 2.8/8.5 MB | 1.1 MB | 172/523 kB | 111/584 kB
Progress (5): 2.6 MB | 2.8/8.5 MB | 1.1 MB | 172/523 kB | 111/584 kB
Progress (5): 2.6 MB | 2.8/8.5 MB | 1.1 MB | 188/523 kB | 111/584 kB
Progress (5): 2.6 MB | 2.8/8.5 MB | 1.1 MB | 188/523 kB | 127/584 kB
Progress (5): 2.6 MB | 2.8/8.5 MB | 1.1 MB | 205/523 kB | 127/584 kB
Progress (5): 2.6 MB | 2.9/8.5 MB | 1.1 MB | 205/523 kB | 127/584 kB
Progress (5): 2.6 MB | 2.9/8.5 MB | 1.1 MB | 205/523 kB | 143/584 kB
Progress (5): 2.6 MB | 2.9/8.5 MB | 1.1 MB | 221/523 kB | 143/584 kB
Progress (5): 2.6 MB | 2.9/8.5 MB | 1.1 MB | 221/523 kB | 143/584 kB
Progress (5): 2.6 MB | 2.9/8.5 MB | 1.1 MB | 221/523 kB | 160/584 kB
Progress (5): 2.6 MB | 2.9/8.5 MB | 1.1 MB | 238/523 kB | 160/584 kB
Progress (5): 2.6 MB | 2.9/8.5 MB | 1.1 MB | 238/523 kB | 160/584 kB
Progress (5): 2.6 MB | 2.9/8.5 MB | 1.1 MB | 238/523 kB | 176/584 kB
Progress (5): 2.6 MB | 2.9/8.5 MB | 1.1 MB | 254/523 kB | 176/584 kB
Progress (5): 2.6 MB | 2.9/8.5 MB | 1.1 MB | 254/523 kB | 176/584 kB
Progress (5): 2.6 MB | 2.9/8.5 MB | 1.1 MB | 254/523 kB | 193/584 kB
Progress (5): 2.6 MB | 2.9/8.5 MB | 1.1 MB | 254/523 kB | 193/584 kB
Progress (5): 2.6 MB | 2.9/8.5 MB | 1.1 MB | 270/523 kB | 193/584 kB
Progress (5): 2.6 MB | 2.9/8.5 MB | 1.1 MB | 270/523 kB | 209/584 kB
Progress (5): 2.6 MB | 2.9/8.5 MB | 1.1 MB | 270/523 kB | 225/584 kB
Progress (5): 2.6 MB | 2.9/8.5 MB | 1.1 MB | 287/523 kB | 225/584 kB
Progress (5): 2.6 MB | 2.9/8.5 MB | 1.1 MB | 287/523 kB | 225/584 kB
Progress (5): 2.6 MB | 2.9/8.5 MB | 1.1 MB | 287/523 kB | 242/584 kB
Progress (5): 2.6 MB | 2.9/8.5 MB | 1.1 MB | 303/523 kB | 242/584 kB
Progress (5): 2.6 MB | 2.9/8.5 MB | 1.1 MB | 303/523 kB | 258/584 kB
Progress (5): 2.6 MB | 2.9/8.5 MB | 1.1 MB | 319/523 kB | 258/584 kB
Progress (5): 2.6 MB | 2.9/8.5 MB | 1.1 MB | 319/523 kB | 274/584 kB
Progress (5): 2.6 MB | 2.9/8.5 MB | 1.1 MB | 319/523 kB | 274/584 kB
Progress (5): 2.6 MB | 2.9/8.5 MB | 1.1 MB | 319/523 kB | 291/584 kB
Progress (5): 2.6 MB | 2.9/8.5 MB | 1.1 MB | 319/523 kB | 307/584 kB
Progress (5): 2.6 MB | 2.9/8.5 MB | 1.1 MB | 319/523 kB | 324/584 kB
Progress (5): 2.6 MB | 2.9/8.5 MB | 1.1 MB | 319/523 kB | 340/584 kB
Progress (5): 2.6 MB | 2.9/8.5 MB | 1.1 MB | 319/523 kB | 356/584 kB
Progress (5): 2.6 MB | 2.9/8.5 MB | 1.1 MB | 319/523 kB | 368/584 kB
Progress (5): 2.6 MB | 2.9/8.5 MB | 1.1 MB | 319/523 kB | 384/584 kB
Progress (5): 2.6 MB | 2.9/8.5 MB | 1.1 MB | 319/523 kB | 400/584 kB
Progress (5): 2.6 MB | 2.9/8.5 MB | 1.1 MB | 336/523 kB | 400/584 kB
Progress (5): 2.6 MB | 2.9/8.5 MB | 1.1 MB | 352/523 kB | 400/584 kB
Progress (5): 2.6 MB | 2.9/8.5 MB | 1.1 MB | 352/523 kB | 417/584 kB
Progress (5): 2.6 MB | 3.0/8.5 MB | 1.1 MB | 352/523 kB | 417/584 kB
Progress (5): 2.6 MB | 3.0/8.5 MB | 1.1 MB | 369/523 kB | 417/584 kB
Progress (5): 2.6 MB | 3.0/8.5 MB | 1.1 MB | 369/523 kB | 433/584 kB
Progress (5): 2.6 MB | 3.0/8.5 MB | 1.1 MB | 385/523 kB | 433/584 kB
Progress (5): 2.6 MB | 3.0/8.5 MB | 1.1 MB | 385/523 kB | 450/584 kB
Progress (5): 2.6 MB | 3.0/8.5 MB | 1.1 MB | 393/523 kB | 450/584 kB
Progress (5): 2.6 MB | 3.0/8.5 MB | 1.1 MB | 393/523 kB | 466/584 kB
Progress (5): 2.6 MB | 3.0/8.5 MB | 1.1 MB | 393/523 kB | 482/584 kB
Progress (5): 2.6 MB | 3.0/8.5 MB | 1.1 MB | 393/523 kB | 482/584 kB
Progress (5): 2.6 MB | 3.0/8.5 MB | 1.1 MB | 410/523 kB | 482/584 kB
Progress (5): 2.6 MB | 3.0/8.5 MB | 1.1 MB | 410/523 kB | 499/584 kB
Progress (5): 2.6 MB | 3.0/8.5 MB | 1.1 MB | 410/523 kB | 499/584 kB
Progress (5): 2.6 MB | 3.0/8.5 MB | 1.1 MB | 418/523 kB | 499/584 kB
Progress (5): 2.6 MB | 3.0/8.5 MB | 1.1 MB | 418/523 kB | 515/584 kB
Progress (5): 2.6 MB | 3.0/8.5 MB | 1.1 MB | 418/523 kB | 515/584 kB
Progress (5): 2.6 MB | 3.0/8.5 MB | 1.1 MB | 434/523 kB | 515/584 kB
Progress (5): 2.6 MB | 3.0/8.5 MB | 1.1 MB | 434/523 kB | 532/584 kB
Progress (5): 2.6 MB | 3.0/8.5 MB | 1.1 MB | 442/523 kB | 532/584 kB
Progress (5): 2.6 MB | 3.0/8.5 MB | 1.1 MB | 442/523 kB | 532/584 kB
Progress (5): 2.6 MB | 3.0/8.5 MB | 1.1 MB | 459/523 kB | 532/584 kB
Progress (5): 2.6 MB | 3.0/8.5 MB | 1.1 MB | 459/523 kB | 548/584 kB
Progress (5): 2.6 MB | 3.0/8.5 MB | 1.1 MB | 459/523 kB | 548/584 kB
Progress (5): 2.6 MB | 3.0/8.5 MB | 1.1 MB | 475/523 kB | 548/584 kB
Progress (5): 2.6 MB | 3.0/8.5 MB | 1.1 MB | 475/523 kB | 564/584 kB
Progress (5): 2.6 MB | 3.1/8.5 MB | 1.1 MB | 475/523 kB | 564/584 kB
Progress (5): 2.6 MB | 3.1/8.5 MB | 1.1 MB | 483/523 kB | 564/584 kB
Progress (5): 2.6 MB | 3.1/8.5 MB | 1.1 MB | 483/523 kB | 581/584 kB
Progress (5): 2.6 MB | 3.1/8.5 MB | 1.1 MB | 483/523 kB | 581/584 kB
Progress (5): 2.6 MB | 3.1/8.5 MB | 1.1 MB | 483/523 kB | 584 kB    
Progress (5): 2.6 MB | 3.1/8.5 MB | 1.1 MB | 500/523 kB | 584 kB
Progress (5): 2.6 MB | 3.1/8.5 MB | 1.1 MB | 500/523 kB | 584 kB
Progress (5): 2.6 MB | 3.1/8.5 MB | 1.1 MB | 516/523 kB | 584 kB
Progress (5): 2.6 MB | 3.1/8.5 MB | 1.1 MB | 523 kB | 584 kB    
Progress (5): 2.6 MB | 3.1/8.5 MB | 1.1 MB | 523 kB | 584 kB
Progress (5): 2.6 MB | 3.1/8.5 MB | 1.1 MB | 523 kB | 584 kB
Progress (5): 2.6 MB | 3.1/8.5 MB | 1.1 MB | 523 kB | 584 kB
Progress (5): 2.6 MB | 3.2/8.5 MB | 1.1 MB | 523 kB | 584 kB
Progress (5): 2.6 MB | 3.2/8.5 MB | 1.1 MB | 523 kB | 584 kB
Progress (5): 2.6 MB | 3.2/8.5 MB | 1.1 MB | 523 kB | 584 kB
Progress (5): 2.6 MB | 3.2/8.5 MB | 1.1 MB | 523 kB | 584 kB
Progress (5): 2.6 MB | 3.2/8.5 MB | 1.1 MB | 523 kB | 584 kB
Progress (5): 2.6 MB | 3.2/8.5 MB | 1.1 MB | 523 kB | 584 kB
Progress (5): 2.6 MB | 3.3/8.5 MB | 1.1 MB | 523 kB | 584 kB
Progress (5): 2.6 MB | 3.3/8.5 MB | 1.1 MB | 523 kB | 584 kB
Progress (5): 2.6 MB | 3.3/8.5 MB | 1.1 MB | 523 kB | 584 kB
Progress (5): 2.6 MB | 3.3/8.5 MB | 1.1 MB | 523 kB | 584 kB
Progress (5): 2.6 MB | 3.3/8.5 MB | 1.1 MB | 523 kB | 584 kB
Progress (5): 2.6 MB | 3.3/8.5 MB | 1.1 MB | 523 kB | 584 kB
Progress (5): 2.6 MB | 3.4/8.5 MB | 1.1 MB | 523 kB | 584 kB
Progress (5): 2.6 MB | 3.4/8.5 MB | 1.1 MB | 523 kB | 584 kB
Progress (5): 2.6 MB | 3.4/8.5 MB | 1.1 MB | 523 kB | 584 kB
Progress (5): 2.6 MB | 3.4/8.5 MB | 1.1 MB | 523 kB | 584 kB
Progress (5): 2.6 MB | 3.4/8.5 MB | 1.1 MB | 523 kB | 584 kB
Progress (5): 2.6 MB | 3.4/8.5 MB | 1.1 MB | 523 kB | 584 kB
Progress (5): 2.6 MB | 3.5/8.5 MB | 1.1 MB | 523 kB | 584 kB
Progress (5): 2.6 MB | 3.5/8.5 MB | 1.1 MB | 523 kB | 584 kB
Progress (5): 2.6 MB | 3.5/8.5 MB | 1.1 MB | 523 kB | 584 kB
Progress (5): 2.6 MB | 3.5/8.5 MB | 1.1 MB | 523 kB | 584 kB
Progress (5): 2.6 MB | 3.5/8.5 MB | 1.1 MB | 523 kB | 584 kB
Progress (5): 2.6 MB | 3.5/8.5 MB | 1.1 MB | 523 kB | 584 kB
Progress (5): 2.6 MB | 3.6/8.5 MB | 1.1 MB | 523 kB | 584 kB
Progress (5): 2.6 MB | 3.6/8.5 MB | 1.1 MB | 523 kB | 584 kB
Progress (5): 2.6 MB | 3.6/8.5 MB | 1.1 MB | 523 kB | 584 kB
                                                            
Downloaded from central: https://repo1.maven.org/maven2/com/google/guava/guava/22.0/guava-22.0.jar (2.6 MB at 1.5 MB/s)
Downloading from central: https://repo1.maven.org/maven2/org/xerial/snappy/snappy-java/1.1.10.4/snappy-java-1.1.10.4.jar
Progress (4): 3.6/8.5 MB | 1.1 MB | 523 kB | 584 kB
Progress (4): 3.6/8.5 MB | 1.1 MB | 523 kB | 584 kB
Progress (4): 3.6/8.5 MB | 1.1 MB | 523 kB | 584 kB
Progress (4): 3.7/8.5 MB | 1.1 MB | 523 kB | 584 kB
Progress (4): 3.7/8.5 MB | 1.1 MB | 523 kB | 584 kB
Progress (4): 3.7/8.5 MB | 1.1 MB | 523 kB | 584 kB
Progress (4): 3.7/8.5 MB | 1.1 MB | 523 kB | 584 kB
                                                   
Downloaded from central: https://repo1.maven.org/maven2/org/apache/commons/commons-compress/1.26.0/commons-compress-1.26.0.jar (1.1 MB at 621 kB/s)
Downloading from central: https://repo1.maven.org/maven2/org/apache/hadoop/hadoop-hdfs/3.4.2/hadoop-hdfs-3.4.2.jar
Progress (3): 3.7/8.5 MB | 523 kB | 584 kB
Progress (3): 3.7/8.5 MB | 523 kB | 584 kB
Progress (3): 3.8/8.5 MB | 523 kB | 584 kB
Progress (3): 3.8/8.5 MB | 523 kB | 584 kB
Progress (3): 3.8/8.5 MB | 523 kB | 584 kB
Progress (3): 3.8/8.5 MB | 523 kB | 584 kB
Progress (3): 3.8/8.5 MB | 523 kB | 584 kB
Progress (3): 3.8/8.5 MB | 523 kB | 584 kB
Progress (3): 3.8/8.5 MB | 523 kB | 584 kB
Progress (3): 3.9/8.5 MB | 523 kB | 584 kB
Progress (3): 3.9/8.5 MB | 523 kB | 584 kB
Progress (3): 3.9/8.5 MB | 523 kB | 584 kB
Progress (3): 3.9/8.5 MB | 523 kB | 584 kB
Progress (3): 3.9/8.5 MB | 523 kB | 584 kB
Progress (3): 3.9/8.5 MB | 523 kB | 584 kB
Progress (3): 4.0/8.5 MB | 523 kB | 584 kB
Progress (3): 4.0/8.5 MB | 523 kB | 584 kB
Progress (3): 4.0/8.5 MB | 523 kB | 584 kB
Progress (3): 4.0/8.5 MB | 523 kB | 584 kB
Progress (3): 4.0/8.5 MB | 523 kB | 584 kB
Progress (3): 4.0/8.5 MB | 523 kB | 584 kB
Progress (3): 4.1/8.5 MB | 523 kB | 584 kB
Progress (3): 4.1/8.5 MB | 523 kB | 584 kB
Progress (3): 4.1/8.5 MB | 523 kB | 584 kB
Progress (3): 4.1/8.5 MB | 523 kB | 584 kB
Progress (3): 4.1/8.5 MB | 523 kB | 584 kB
Progress (3): 4.1/8.5 MB | 523 kB | 584 kB
                                          
Downloaded from central: https://repo1.maven.org/maven2/dnsjava/dnsjava/3.6.1/dnsjava-3.6.1.jar (584 kB at 335 kB/s)
Downloading from central: https://repo1.maven.org/maven2/commons-daemon/commons-daemon/1.0.13/commons-daemon-1.0.13.jar
Progress (2): 4.2/8.5 MB | 523 kB
                                 
Downloaded from central: https://repo1.maven.org/maven2/com/fasterxml/woodstox/woodstox-core/5.4.0/woodstox-core-5.4.0.jar (523 kB at 300 kB/s)
Downloading from central: https://repo1.maven.org/maven2/ch/qos/reload4j/reload4j/1.2.22/reload4j-1.2.22.jar
Progress (1): 4.2/8.5 MB
Progress (1): 4.2/8.5 MB
Progress (1): 4.2/8.5 MB
Progress (1): 4.2/8.5 MB
Progress (1): 4.2/8.5 MB
Progress (1): 4.3/8.5 MB
Progress (1): 4.3/8.5 MB
Progress (1): 4.3/8.5 MB
Progress (1): 4.3/8.5 MB
Progress (1): 4.3/8.5 MB
Progress (1): 4.3/8.5 MB
Progress (1): 4.4/8.5 MB
Progress (1): 4.4/8.5 MB
Progress (1): 4.4/8.5 MB
Progress (1): 4.4/8.5 MB
Progress (1): 4.4/8.5 MB
Progress (1): 4.4/8.5 MB
Progress (1): 4.5/8.5 MB
Progress (1): 4.5/8.5 MB
Progress (1): 4.5/8.5 MB
Progress (1): 4.5/8.5 MB
Progress (1): 4.5/8.5 MB
Progress (1): 4.5/8.5 MB
Progress (1): 4.6/8.5 MB
Progress (1): 4.6/8.5 MB
Progress (1): 4.6/8.5 MB
Progress (1): 4.6/8.5 MB
Progress (1): 4.6/8.5 MB
Progress (1): 4.6/8.5 MB
Progress (1): 4.7/8.5 MB
Progress (1): 4.7/8.5 MB
Progress (1): 4.7/8.5 MB
Progress (1): 4.7/8.5 MB
Progress (1): 4.7/8.5 MB
Progress (1): 4.7/8.5 MB
Progress (1): 4.8/8.5 MB
Progress (1): 4.8/8.5 MB
Progress (1): 4.8/8.5 MB
Progress (1): 4.8/8.5 MB
Progress (1): 4.8/8.5 MB
Progress (1): 4.8/8.5 MB
Progress (1): 4.8/8.5 MB
Progress (1): 4.9/8.5 MB
Progress (1): 4.9/8.5 MB
Progress (1): 4.9/8.5 MB
Progress (1): 4.9/8.5 MB
Progress (1): 4.9/8.5 MB
Progress (1): 4.9/8.5 MB
Progress (1): 5.0/8.5 MB
Progress (1): 5.0/8.5 MB
Progress (1): 5.0/8.5 MB
Progress (1): 5.0/8.5 MB
Progress (1): 5.0/8.5 MB
Progress (1): 5.0/8.5 MB
Progress (1): 5.1/8.5 MB
Progress (1): 5.1/8.5 MB
Progress (1): 5.1/8.5 MB
Progress (1): 5.1/8.5 MB
Progress (1): 5.1/8.5 MB
Progress (1): 5.1/8.5 MB
Progress (1): 5.2/8.5 MB
Progress (1): 5.2/8.5 MB
Progress (1): 5.2/8.5 MB
Progress (1): 5.2/8.5 MB
Progress (1): 5.2/8.5 MB
Progress (1): 5.2/8.5 MB
Progress (1): 5.3/8.5 MB
Progress (1): 5.3/8.5 MB
Progress (1): 5.3/8.5 MB
Progress (1): 5.3/8.5 MB
Progress (1): 5.3/8.5 MB
Progress (1): 5.3/8.5 MB
Progress (1): 5.4/8.5 MB
Progress (1): 5.4/8.5 MB
Progress (1): 5.4/8.5 MB
Progress (1): 5.4/8.5 MB
Progress (1): 5.4/8.5 MB
Progress (1): 5.4/8.5 MB
Progress (1): 5.5/8.5 MB
Progress (1): 5.5/8.5 MB
Progress (1): 5.5/8.5 MB
Progress (1): 5.5/8.5 MB
Progress (1): 5.5/8.5 MB
Progress (1): 5.5/8.5 MB
Progress (1): 5.6/8.5 MB
Progress (1): 5.6/8.5 MB
Progress (1): 5.6/8.5 MB
Progress (1): 5.6/8.5 MB
Progress (1): 5.6/8.5 MB
Progress (1): 5.6/8.5 MB
Progress (1): 5.7/8.5 MB
Progress (1): 5.7/8.5 MB
Progress (1): 5.7/8.5 MB
Progress (1): 5.7/8.5 MB
Progress (1): 5.7/8.5 MB
Progress (1): 5.7/8.5 MB
Progress (1): 5.8/8.5 MB
Progress (1): 5.8/8.5 MB
Progress (1): 5.8/8.5 MB
Progress (1): 5.8/8.5 MB
Progress (1): 5.8/8.5 MB
Progress (1): 5.8/8.5 MB
Progress (1): 5.8/8.5 MB
Progress (1): 5.9/8.5 MB
Progress (1): 5.9/8.5 MB
Progress (1): 5.9/8.5 MB
Progress (1): 5.9/8.5 MB
Progress (1): 5.9/8.5 MB
Progress (2): 5.9/8.5 MB | 7.7/24 kB
Progress (2): 5.9/8.5 MB | 7.7/24 kB
Progress (2): 6.0/8.5 MB | 7.7/24 kB
Progress (2): 6.0/8.5 MB | 7.7/24 kB
Progress (3): 6.0/8.5 MB | 7.7/24 kB | 0/2.1 MB
Progress (3): 6.0/8.5 MB | 12/24 kB | 0/2.1 MB 
Progress (3): 6.0/8.5 MB | 24 kB | 0/2.1 MB   
Progress (3): 6.0/8.5 MB | 24 kB | 0/2.1 MB
Progress (3): 6.0/8.5 MB | 24 kB | 0/2.1 MB
Progress (3): 6.0/8.5 MB | 24 kB | 0/2.1 MB
Progress (3): 6.0/8.5 MB | 24 kB | 0/2.1 MB
Progress (4): 6.0/8.5 MB | 24 kB | 0/2.1 MB | 7.7/332 kB
Progress (4): 6.0/8.5 MB | 24 kB | 0/2.1 MB | 7.7/332 kB
Progress (4): 6.0/8.5 MB | 24 kB | 0/2.1 MB | 7.7/332 kB
Progress (4): 6.0/8.5 MB | 24 kB | 0.1/2.1 MB | 7.7/332 kB
Progress (4): 6.0/8.5 MB | 24 kB | 0.1/2.1 MB | 7.7/332 kB
Progress (4): 6.0/8.5 MB | 24 kB | 0.1/2.1 MB | 7.7/332 kB
Progress (4): 6.0/8.5 MB | 24 kB | 0.1/2.1 MB | 7.7/332 kB
Progress (4): 6.0/8.5 MB | 24 kB | 0.1/2.1 MB | 7.7/332 kB
Progress (4): 6.0/8.5 MB | 24 kB | 0.1/2.1 MB | 7.7/332 kB
Progress (4): 6.0/8.5 MB | 24 kB | 0.1/2.1 MB | 7.7/332 kB
Progress (4): 6.0/8.5 MB | 24 kB | 0.2/2.1 MB | 7.7/332 kB
Progress (4): 6.0/8.5 MB | 24 kB | 0.2/2.1 MB | 7.7/332 kB
Progress (4): 6.0/8.5 MB | 24 kB | 0.2/2.1 MB | 16/332 kB 
Progress (4): 6.0/8.5 MB | 24 kB | 0.2/2.1 MB | 16/332 kB
Progress (4): 6.0/8.5 MB | 24 kB | 0.2/2.1 MB | 32/332 kB
Progress (4): 6.0/8.5 MB | 24 kB | 0.2/2.1 MB | 32/332 kB
Progress (4): 6.0/8.5 MB | 24 kB | 0.2/2.1 MB | 49/332 kB
Progress (4): 6.0/8.5 MB | 24 kB | 0.2/2.1 MB | 65/332 kB
Progress (4): 6.0/8.5 MB | 24 kB | 0.2/2.1 MB | 65/332 kB
Progress (4): 6.0/8.5 MB | 24 kB | 0.2/2.1 MB | 65/332 kB
Progress (4): 6.0/8.5 MB | 24 kB | 0.2/2.1 MB | 81/332 kB
Progress (4): 6.0/8.5 MB | 24 kB | 0.2/2.1 MB | 81/332 kB
Progress (4): 6.0/8.5 MB | 24 kB | 0.2/2.1 MB | 98/332 kB
Progress (4): 6.0/8.5 MB | 24 kB | 0.3/2.1 MB | 98/332 kB
Progress (4): 6.0/8.5 MB | 24 kB | 0.3/2.1 MB | 114/332 kB
Progress (4): 6.0/8.5 MB | 24 kB | 0.3/2.1 MB | 114/332 kB
Progress (4): 6.0/8.5 MB | 24 kB | 0.3/2.1 MB | 131/332 kB
Progress (4): 6.0/8.5 MB | 24 kB | 0.3/2.1 MB | 131/332 kB
Progress (4): 6.0/8.5 MB | 24 kB | 0.3/2.1 MB | 147/332 kB
Progress (4): 6.0/8.5 MB | 24 kB | 0.3/2.1 MB | 147/332 kB
Progress (4): 6.1/8.5 MB | 24 kB | 0.3/2.1 MB | 147/332 kB
Progress (4): 6.1/8.5 MB | 24 kB | 0.3/2.1 MB | 163/332 kB
Progress (4): 6.1/8.5 MB | 24 kB | 0.3/2.1 MB | 163/332 kB
Progress (4): 6.1/8.5 MB | 24 kB | 0.3/2.1 MB | 180/332 kB
Progress (4): 6.1/8.5 MB | 24 kB | 0.3/2.1 MB | 180/332 kB
Progress (4): 6.1/8.5 MB | 24 kB | 0.3/2.1 MB | 196/332 kB
Progress (4): 6.1/8.5 MB | 24 kB | 0.3/2.1 MB | 196/332 kB
Progress (4): 6.1/8.5 MB | 24 kB | 0.4/2.1 MB | 196/332 kB
Progress (4): 6.1/8.5 MB | 24 kB | 0.4/2.1 MB | 213/332 kB
Progress (4): 6.1/8.5 MB | 24 kB | 0.4/2.1 MB | 213/332 kB
Progress (4): 6.1/8.5 MB | 24 kB | 0.4/2.1 MB | 229/332 kB
Progress (4): 6.1/8.5 MB | 24 kB | 0.4/2.1 MB | 229/332 kB
Progress (4): 6.1/8.5 MB | 24 kB | 0.4/2.1 MB | 245/332 kB
Progress (4): 6.1/8.5 MB | 24 kB | 0.4/2.1 MB | 245/332 kB
Progress (4): 6.1/8.5 MB | 24 kB | 0.4/2.1 MB | 262/332 kB
Progress (4): 6.1/8.5 MB | 24 kB | 0.4/2.1 MB | 262/332 kB
Progress (4): 6.1/8.5 MB | 24 kB | 0.4/2.1 MB | 262/332 kB
Progress (4): 6.1/8.5 MB | 24 kB | 0.4/2.1 MB | 278/332 kB
Progress (4): 6.1/8.5 MB | 24 kB | 0.4/2.1 MB | 278/332 kB
Progress (4): 6.1/8.5 MB | 24 kB | 0.4/2.1 MB | 294/332 kB
Progress (4): 6.1/8.5 MB | 24 kB | 0.5/2.1 MB | 294/332 kB
Progress (4): 6.1/8.5 MB | 24 kB | 0.5/2.1 MB | 311/332 kB
Progress (4): 6.1/8.5 MB | 24 kB | 0.5/2.1 MB | 327/332 kB
Progress (4): 6.1/8.5 MB | 24 kB | 0.5/2.1 MB | 327/332 kB
Progress (4): 6.1/8.5 MB | 24 kB | 0.5/2.1 MB | 332 kB    
Progress (4): 6.1/8.5 MB | 24 kB | 0.5/2.1 MB | 332 kB
Progress (4): 6.1/8.5 MB | 24 kB | 0.5/2.1 MB | 332 kB
Progress (4): 6.1/8.5 MB | 24 kB | 0.5/2.1 MB | 332 kB
Progress (4): 6.1/8.5 MB | 24 kB | 0.5/2.1 MB | 332 kB
Progress (4): 6.1/8.5 MB | 24 kB | 0.5/2.1 MB | 332 kB
Progress (4): 6.1/8.5 MB | 24 kB | 0.5/2.1 MB | 332 kB
Progress (4): 6.1/8.5 MB | 24 kB | 0.5/2.1 MB | 332 kB
Progress (4): 6.1/8.5 MB | 24 kB | 0.6/2.1 MB | 332 kB
Progress (4): 6.1/8.5 MB | 24 kB | 0.6/2.1 MB | 332 kB
Progress (4): 6.1/8.5 MB | 24 kB | 0.6/2.1 MB | 332 kB
Progress (4): 6.1/8.5 MB | 24 kB | 0.6/2.1 MB | 332 kB
Progress (4): 6.1/8.5 MB | 24 kB | 0.6/2.1 MB | 332 kB
Progress (4): 6.1/8.5 MB | 24 kB | 0.6/2.1 MB | 332 kB
Progress (4): 6.1/8.5 MB | 24 kB | 0.6/2.1 MB | 332 kB
Progress (4): 6.1/8.5 MB | 24 kB | 0.6/2.1 MB | 332 kB
                                                      
Downloaded from central: https://repo1.maven.org/maven2/commons-daemon/commons-daemon/1.0.13/commons-daemon-1.0.13.jar (24 kB at 13 kB/s)
Downloading from central: https://repo1.maven.org/maven2/org/fusesource/leveldbjni/leveldbjni-all/1.8/leveldbjni-all-1.8.jar
Progress (3): 6.1/8.5 MB | 0.6/2.1 MB | 332 kB
Progress (3): 6.1/8.5 MB | 0.6/2.1 MB | 332 kB
Progress (3): 6.1/8.5 MB | 0.7/2.1 MB | 332 kB
Progress (3): 6.1/8.5 MB | 0.7/2.1 MB | 332 kB
Progress (3): 6.1/8.5 MB | 0.7/2.1 MB | 332 kB
Progress (3): 6.1/8.5 MB | 0.7/2.1 MB | 332 kB
Progress (3): 6.1/8.5 MB | 0.7/2.1 MB | 332 kB
Progress (3): 6.1/8.5 MB | 0.7/2.1 MB | 332 kB
Progress (3): 6.1/8.5 MB | 0.7/2.1 MB | 332 kB
Progress (3): 6.2/8.5 MB | 0.7/2.1 MB | 332 kB
Progress (3): 6.2/8.5 MB | 0.7/2.1 MB | 332 kB
Progress (3): 6.2/8.5 MB | 0.7/2.1 MB | 332 kB
Progress (3): 6.2/8.5 MB | 0.7/2.1 MB | 332 kB
Progress (3): 6.2/8.5 MB | 0.7/2.1 MB | 332 kB
Progress (3): 6.2/8.5 MB | 0.8/2.1 MB | 332 kB
Progress (3): 6.2/8.5 MB | 0.8/2.1 MB | 332 kB
Progress (3): 6.2/8.5 MB | 0.8/2.1 MB | 332 kB
Progress (3): 6.2/8.5 MB | 0.8/2.1 MB | 332 kB
Progress (3): 6.2/8.5 MB | 0.8/2.1 MB | 332 kB
Progress (3): 6.2/8.5 MB | 0.8/2.1 MB | 332 kB
Progress (3): 6.2/8.5 MB | 0.8/2.1 MB | 332 kB
Progress (3): 6.2/8.5 MB | 0.8/2.1 MB | 332 kB
Progress (3): 6.2/8.5 MB | 0.8/2.1 MB | 332 kB
Progress (3): 6.2/8.5 MB | 0.9/2.1 MB | 332 kB
Progress (3): 6.2/8.5 MB | 0.9/2.1 MB | 332 kB
Progress (3): 6.2/8.5 MB | 0.9/2.1 MB | 332 kB
Progress (3): 6.2/8.5 MB | 0.9/2.1 MB | 332 kB
Progress (3): 6.2/8.5 MB | 0.9/2.1 MB | 332 kB
Progress (3): 6.2/8.5 MB | 0.9/2.1 MB | 332 kB
Progress (3): 6.2/8.5 MB | 0.9/2.1 MB | 332 kB
Progress (3): 6.2/8.5 MB | 0.9/2.1 MB | 332 kB
Progress (3): 6.2/8.5 MB | 0.9/2.1 MB | 332 kB
Progress (3): 6.2/8.5 MB | 1.0/2.1 MB | 332 kB
Progress (3): 6.3/8.5 MB | 1.0/2.1 MB | 332 kB
Progress (3): 6.3/8.5 MB | 1.0/2.1 MB | 332 kB
Progress (3): 6.3/8.5 MB | 1.0/2.1 MB | 332 kB
Progress (3): 6.3/8.5 MB | 1.0/2.1 MB | 332 kB
Progress (3): 6.3/8.5 MB | 1.0/2.1 MB | 332 kB
Progress (3): 6.3/8.5 MB | 1.0/2.1 MB | 332 kB
Progress (3): 6.3/8.5 MB | 1.0/2.1 MB | 332 kB
Progress (3): 6.3/8.5 MB | 1.0/2.1 MB | 332 kB
Progress (3): 6.3/8.5 MB | 1.0/2.1 MB | 332 kB
Progress (3): 6.3/8.5 MB | 1.1/2.1 MB | 332 kB
Progress (3): 6.3/8.5 MB | 1.1/2.1 MB | 332 kB
Progress (3): 6.3/8.5 MB | 1.1/2.1 MB | 332 kB
Progress (3): 6.3/8.5 MB | 1.1/2.1 MB | 332 kB
Progress (3): 6.3/8.5 MB | 1.1/2.1 MB | 332 kB
Progress (3): 6.3/8.5 MB | 1.1/2.1 MB | 332 kB
Progress (3): 6.3/8.5 MB | 1.1/2.1 MB | 332 kB
Progress (3): 6.4/8.5 MB | 1.1/2.1 MB | 332 kB
Progress (3): 6.4/8.5 MB | 1.1/2.1 MB | 332 kB
Progress (3): 6.4/8.5 MB | 1.1/2.1 MB | 332 kB
Progress (3): 6.4/8.5 MB | 1.1/2.1 MB | 332 kB
Progress (3): 6.4/8.5 MB | 1.2/2.1 MB | 332 kB
Progress (3): 6.4/8.5 MB | 1.2/2.1 MB | 332 kB
Progress (3): 6.4/8.5 MB | 1.2/2.1 MB | 332 kB
Progress (3): 6.4/8.5 MB | 1.2/2.1 MB | 332 kB
Progress (3): 6.4/8.5 MB | 1.2/2.1 MB | 332 kB
Progress (3): 6.4/8.5 MB | 1.2/2.1 MB | 332 kB
Progress (3): 6.4/8.5 MB | 1.2/2.1 MB | 332 kB
Progress (3): 6.4/8.5 MB | 1.2/2.1 MB | 332 kB
Progress (3): 6.4/8.5 MB | 1.3/2.1 MB | 332 kB
Progress (3): 6.4/8.5 MB | 1.3/2.1 MB | 332 kB
Progress (3): 6.4/8.5 MB | 1.3/2.1 MB | 332 kB
Progress (3): 6.4/8.5 MB | 1.3/2.1 MB | 332 kB
Progress (3): 6.4/8.5 MB | 1.3/2.1 MB | 332 kB
Progress (3): 6.4/8.5 MB | 1.3/2.1 MB | 332 kB
Progress (3): 6.4/8.5 MB | 1.4/2.1 MB | 332 kB
Progress (3): 6.4/8.5 MB | 1.4/2.1 MB | 332 kB
                                              
Downloaded from central: https://repo1.maven.org/maven2/ch/qos/reload4j/reload4j/1.2.22/reload4j-1.2.22.jar (332 kB at 183 kB/s)
Downloading from central: https://repo1.maven.org/maven2/org/apache/hadoop/hadoop-mapreduce-client-core/3.4.2/hadoop-mapreduce-client-core-3.4.2.jar
Progress (2): 6.4/8.5 MB | 1.4/2.1 MB
Progress (2): 6.5/8.5 MB | 1.4/2.1 MB
Progress (2): 6.5/8.5 MB | 1.4/2.1 MB
Progress (2): 6.5/8.5 MB | 1.4/2.1 MB
Progress (2): 6.5/8.5 MB | 1.4/2.1 MB
Progress (2): 6.5/8.5 MB | 1.4/2.1 MB
Progress (2): 6.5/8.5 MB | 1.4/2.1 MB
Progress (2): 6.5/8.5 MB | 1.4/2.1 MB
Progress (2): 6.5/8.5 MB | 1.4/2.1 MB
Progress (2): 6.5/8.5 MB | 1.4/2.1 MB
Progress (2): 6.5/8.5 MB | 1.4/2.1 MB
Progress (2): 6.5/8.5 MB | 1.5/2.1 MB
Progress (2): 6.5/8.5 MB | 1.5/2.1 MB
Progress (2): 6.5/8.5 MB | 1.5/2.1 MB
Progress (2): 6.6/8.5 MB | 1.5/2.1 MB
Progress (2): 6.6/8.5 MB | 1.5/2.1 MB
Progress (2): 6.6/8.5 MB | 1.5/2.1 MB
Progress (2): 6.6/8.5 MB | 1.5/2.1 MB
Progress (2): 6.6/8.5 MB | 1.5/2.1 MB
Progress (2): 6.6/8.5 MB | 1.5/2.1 MB
Progress (2): 6.6/8.5 MB | 1.5/2.1 MB
Progress (2): 6.6/8.5 MB | 1.5/2.1 MB
Progress (2): 6.6/8.5 MB | 1.6/2.1 MB
Progress (2): 6.6/8.5 MB | 1.6/2.1 MB
Progress (2): 6.6/8.5 MB | 1.6/2.1 MB
Progress (2): 6.6/8.5 MB | 1.6/2.1 MB
Progress (2): 6.6/8.5 MB | 1.6/2.1 MB
Progress (2): 6.6/8.5 MB | 1.6/2.1 MB
Progress (2): 6.6/8.5 MB | 1.6/2.1 MB
Progress (2): 6.7/8.5 MB | 1.6/2.1 MB
Progress (2): 6.7/8.5 MB | 1.6/2.1 MB
Progress (2): 6.7/8.5 MB | 1.7/2.1 MB
Progress (2): 6.7/8.5 MB | 1.7/2.1 MB
Progress (2): 6.7/8.5 MB | 1.7/2.1 MB
Progress (2): 6.7/8.5 MB | 1.7/2.1 MB
Progress (2): 6.7/8.5 MB | 1.7/2.1 MB
Progress (2): 6.7/8.5 MB | 1.7/2.1 MB
Progress (2): 6.7/8.5 MB | 1.7/2.1 MB
Progress (2): 6.7/8.5 MB | 1.7/2.1 MB
Progress (2): 6.7/8.5 MB | 1.7/2.1 MB
Progress (2): 6.7/8.5 MB | 1.7/2.1 MB
Progress (2): 6.7/8.5 MB | 1.7/2.1 MB
Progress (2): 6.7/8.5 MB | 1.8/2.1 MB
Progress (2): 6.7/8.5 MB | 1.8/2.1 MB
Progress (2): 6.8/8.5 MB | 1.8/2.1 MB
Progress (2): 6.8/8.5 MB | 1.8/2.1 MB
Progress (2): 6.8/8.5 MB | 1.8/2.1 MB
Progress (2): 6.8/8.5 MB | 1.8/2.1 MB
Progress (2): 6.8/8.5 MB | 1.8/2.1 MB
Progress (2): 6.8/8.5 MB | 1.8/2.1 MB
Progress (2): 6.8/8.5 MB | 1.8/2.1 MB
Progress (2): 6.8/8.5 MB | 1.8/2.1 MB
Progress (2): 6.8/8.5 MB | 1.8/2.1 MB
Progress (2): 6.8/8.5 MB | 1.8/2.1 MB
Progress (3): 6.8/8.5 MB | 1.8/2.1 MB | 0/6.4 MB
Progress (3): 6.8/8.5 MB | 1.8/2.1 MB | 0/6.4 MB
Progress (3): 6.8/8.5 MB | 1.8/2.1 MB | 0/6.4 MB
Progress (3): 6.8/8.5 MB | 1.9/2.1 MB | 0/6.4 MB
Progress (3): 6.9/8.5 MB | 1.9/2.1 MB | 0/6.4 MB
Progress (3): 6.9/8.5 MB | 1.9/2.1 MB | 0/6.4 MB
Progress (3): 6.9/8.5 MB | 1.9/2.1 MB | 0/6.4 MB
Progress (3): 6.9/8.5 MB | 1.9/2.1 MB | 0/6.4 MB
Progress (3): 6.9/8.5 MB | 1.9/2.1 MB | 0/6.4 MB
Progress (3): 6.9/8.5 MB | 1.9/2.1 MB | 0.1/6.4 MB
Progress (3): 6.9/8.5 MB | 1.9/2.1 MB | 0.1/6.4 MB
Progress (3): 6.9/8.5 MB | 1.9/2.1 MB | 0.1/6.4 MB
Progress (3): 6.9/8.5 MB | 1.9/2.1 MB | 0.1/6.4 MB
Progress (3): 6.9/8.5 MB | 1.9/2.1 MB | 0.1/6.4 MB
Progress (3): 6.9/8.5 MB | 1.9/2.1 MB | 0.1/6.4 MB
Progress (3): 6.9/8.5 MB | 1.9/2.1 MB | 0.1/6.4 MB
Progress (3): 6.9/8.5 MB | 1.9/2.1 MB | 0.1/6.4 MB
Progress (3): 6.9/8.5 MB | 1.9/2.1 MB | 0.1/6.4 MB
Progress (3): 6.9/8.5 MB | 1.9/2.1 MB | 0.1/6.4 MB
Progress (3): 6.9/8.5 MB | 1.9/2.1 MB | 0.1/6.4 MB
Progress (3): 6.9/8.5 MB | 2.0/2.1 MB | 0.1/6.4 MB
Progress (3): 6.9/8.5 MB | 2.0/2.1 MB | 0.1/6.4 MB
Progress (3): 6.9/8.5 MB | 2.0/2.1 MB | 0.1/6.4 MB
Progress (3): 6.9/8.5 MB | 2.0/2.1 MB | 0.1/6.4 MB
Progress (3): 6.9/8.5 MB | 2.0/2.1 MB | 0.1/6.4 MB
Progress (3): 6.9/8.5 MB | 2.0/2.1 MB | 0.1/6.4 MB
Progress (3): 7.0/8.5 MB | 2.0/2.1 MB | 0.1/6.4 MB
Progress (3): 7.0/8.5 MB | 2.0/2.1 MB | 0.1/6.4 MB
Progress (3): 7.0/8.5 MB | 2.0/2.1 MB | 0.1/6.4 MB
Progress (3): 7.0/8.5 MB | 2.0/2.1 MB | 0.2/6.4 MB
Progress (3): 7.0/8.5 MB | 2.0/2.1 MB | 0.2/6.4 MB
Progress (3): 7.0/8.5 MB | 2.0/2.1 MB | 0.2/6.4 MB
Progress (3): 7.0/8.5 MB | 2.0/2.1 MB | 0.2/6.4 MB
Progress (3): 7.0/8.5 MB | 2.0/2.1 MB | 0.2/6.4 MB
Progress (3): 7.0/8.5 MB | 2.1/2.1 MB | 0.2/6.4 MB
Progress (3): 7.0/8.5 MB | 2.1/2.1 MB | 0.2/6.4 MB
Progress (3): 7.0/8.5 MB | 2.1/2.1 MB | 0.2/6.4 MB
Progress (3): 7.0/8.5 MB | 2.1/2.1 MB | 0.2/6.4 MB
Progress (3): 7.0/8.5 MB | 2.1/2.1 MB | 0.2/6.4 MB
Progress (3): 7.0/8.5 MB | 2.1/2.1 MB | 0.2/6.4 MB
Progress (3): 7.0/8.5 MB | 2.1/2.1 MB | 0.2/6.4 MB
Progress (3): 7.0/8.5 MB | 2.1/2.1 MB | 0.2/6.4 MB
Progress (3): 7.0/8.5 MB | 2.1/2.1 MB | 0.2/6.4 MB
Progress (3): 7.0/8.5 MB | 2.1/2.1 MB | 0.2/6.4 MB
Progress (3): 7.1/8.5 MB | 2.1/2.1 MB | 0.2/6.4 MB
Progress (3): 7.1/8.5 MB | 2.1/2.1 MB | 0.2/6.4 MB
Progress (3): 7.1/8.5 MB | 2.1 MB | 0.2/6.4 MB    
Progress (3): 7.1/8.5 MB | 2.1 MB | 0.2/6.4 MB
Progress (3): 7.1/8.5 MB | 2.1 MB | 0.3/6.4 MB
Progress (3): 7.1/8.5 MB | 2.1 MB | 0.3/6.4 MB
Progress (3): 7.1/8.5 MB | 2.1 MB | 0.3/6.4 MB
Progress (3): 7.1/8.5 MB | 2.1 MB | 0.3/6.4 MB
Progress (3): 7.1/8.5 MB | 2.1 MB | 0.3/6.4 MB
Progress (3): 7.1/8.5 MB | 2.1 MB | 0.3/6.4 MB
Progress (3): 7.1/8.5 MB | 2.1 MB | 0.3/6.4 MB
Progress (3): 7.1/8.5 MB | 2.1 MB | 0.3/6.4 MB
Progress (3): 7.1/8.5 MB | 2.1 MB | 0.3/6.4 MB
Progress (3): 7.2/8.5 MB | 2.1 MB | 0.3/6.4 MB
Progress (3): 7.2/8.5 MB | 2.1 MB | 0.3/6.4 MB
Progress (3): 7.2/8.5 MB | 2.1 MB | 0.4/6.4 MB
Progress (3): 7.2/8.5 MB | 2.1 MB | 0.4/6.4 MB
Progress (3): 7.2/8.5 MB | 2.1 MB | 0.4/6.4 MB
Progress (3): 7.2/8.5 MB | 2.1 MB | 0.4/6.4 MB
Progress (3): 7.2/8.5 MB | 2.1 MB | 0.4/6.4 MB
Progress (3): 7.2/8.5 MB | 2.1 MB | 0.4/6.4 MB
Progress (3): 7.2/8.5 MB | 2.1 MB | 0.4/6.4 MB
Progress (3): 7.2/8.5 MB | 2.1 MB | 0.4/6.4 MB
Progress (3): 7.2/8.5 MB | 2.1 MB | 0.4/6.4 MB
Progress (3): 7.2/8.5 MB | 2.1 MB | 0.4/6.4 MB
Progress (3): 7.2/8.5 MB | 2.1 MB | 0.4/6.4 MB
Progress (3): 7.2/8.5 MB | 2.1 MB | 0.5/6.4 MB
Progress (3): 7.2/8.5 MB | 2.1 MB | 0.5/6.4 MB
Progress (3): 7.2/8.5 MB | 2.1 MB | 0.5/6.4 MB
Progress (3): 7.2/8.5 MB | 2.1 MB | 0.5/6.4 MB
Progress (3): 7.2/8.5 MB | 2.1 MB | 0.5/6.4 MB
Progress (3): 7.3/8.5 MB | 2.1 MB | 0.5/6.4 MB
Progress (3): 7.3/8.5 MB | 2.1 MB | 0.5/6.4 MB
Progress (3): 7.3/8.5 MB | 2.1 MB | 0.5/6.4 MB
Progress (3): 7.3/8.5 MB | 2.1 MB | 0.5/6.4 MB
Progress (3): 7.3/8.5 MB | 2.1 MB | 0.5/6.4 MB
Progress (3): 7.3/8.5 MB | 2.1 MB | 0.5/6.4 MB
Progress (3): 7.4/8.5 MB | 2.1 MB | 0.5/6.4 MB
Progress (3): 7.4/8.5 MB | 2.1 MB | 0.5/6.4 MB
Progress (3): 7.4/8.5 MB | 2.1 MB | 0.5/6.4 MB
Progress (3): 7.4/8.5 MB | 2.1 MB | 0.5/6.4 MB
Progress (3): 7.4/8.5 MB | 2.1 MB | 0.5/6.4 MB
Progress (3): 7.4/8.5 MB | 2.1 MB | 0.6/6.4 MB
Progress (3): 7.4/8.5 MB | 2.1 MB | 0.6/6.4 MB
Progress (3): 7.4/8.5 MB | 2.1 MB | 0.6/6.4 MB
Progress (3): 7.4/8.5 MB | 2.1 MB | 0.6/6.4 MB
Progress (3): 7.4/8.5 MB | 2.1 MB | 0.6/6.4 MB
Progress (3): 7.4/8.5 MB | 2.1 MB | 0.6/6.4 MB
Progress (3): 7.5/8.5 MB | 2.1 MB | 0.6/6.4 MB
Progress (3): 7.5/8.5 MB | 2.1 MB | 0.6/6.4 MB
Progress (3): 7.5/8.5 MB | 2.1 MB | 0.6/6.4 MB
Progress (3): 7.5/8.5 MB | 2.1 MB | 0.7/6.4 MB
Progress (3): 7.5/8.5 MB | 2.1 MB | 0.7/6.4 MB
Progress (3): 7.5/8.5 MB | 2.1 MB | 0.7/6.4 MB
Progress (3): 7.5/8.5 MB | 2.1 MB | 0.7/6.4 MB
Progress (3): 7.5/8.5 MB | 2.1 MB | 0.7/6.4 MB
Progress (3): 7.5/8.5 MB | 2.1 MB | 0.7/6.4 MB
Progress (3): 7.5/8.5 MB | 2.1 MB | 0.8/6.4 MB
Progress (3): 7.5/8.5 MB | 2.1 MB | 0.8/6.4 MB
Progress (3): 7.5/8.5 MB | 2.1 MB | 0.8/6.4 MB
Progress (3): 7.5/8.5 MB | 2.1 MB | 0.8/6.4 MB
Progress (3): 7.5/8.5 MB | 2.1 MB | 0.8/6.4 MB
Progress (3): 7.5/8.5 MB | 2.1 MB | 0.8/6.4 MB
Progress (3): 7.5/8.5 MB | 2.1 MB | 0.9/6.4 MB
Progress (3): 7.5/8.5 MB | 2.1 MB | 0.9/6.4 MB
Progress (3): 7.5/8.5 MB | 2.1 MB | 0.9/6.4 MB
Progress (3): 7.5/8.5 MB | 2.1 MB | 0.9/6.4 MB
Progress (3): 7.5/8.5 MB | 2.1 MB | 0.9/6.4 MB
Progress (3): 7.5/8.5 MB | 2.1 MB | 0.9/6.4 MB
Progress (3): 7.5/8.5 MB | 2.1 MB | 0.9/6.4 MB
Progress (3): 7.5/8.5 MB | 2.1 MB | 1.0/6.4 MB
Progress (3): 7.5/8.5 MB | 2.1 MB | 1.0/6.4 MB
Progress (3): 7.5/8.5 MB | 2.1 MB | 1.0/6.4 MB
Progress (3): 7.5/8.5 MB | 2.1 MB | 1.0/6.4 MB
Progress (3): 7.5/8.5 MB | 2.1 MB | 1.0/6.4 MB
Progress (3): 7.5/8.5 MB | 2.1 MB | 1.0/6.4 MB
Progress (3): 7.5/8.5 MB | 2.1 MB | 1.0/6.4 MB
Progress (3): 7.5/8.5 MB | 2.1 MB | 1.1/6.4 MB
Progress (3): 7.5/8.5 MB | 2.1 MB | 1.1/6.4 MB
Progress (3): 7.5/8.5 MB | 2.1 MB | 1.1/6.4 MB
Progress (3): 7.5/8.5 MB | 2.1 MB | 1.1/6.4 MB
Progress (3): 7.5/8.5 MB | 2.1 MB | 1.1/6.4 MB
Progress (3): 7.5/8.5 MB | 2.1 MB | 1.1/6.4 MB
Progress (3): 7.5/8.5 MB | 2.1 MB | 1.1/6.4 MB
Progress (3): 7.5/8.5 MB | 2.1 MB | 1.1/6.4 MB
Progress (3): 7.5/8.5 MB | 2.1 MB | 1.1/6.4 MB
Progress (3): 7.5/8.5 MB | 2.1 MB | 1.1/6.4 MB
Progress (3): 7.5/8.5 MB | 2.1 MB | 1.1/6.4 MB
Progress (3): 7.5/8.5 MB | 2.1 MB | 1.2/6.4 MB
Progress (3): 7.6/8.5 MB | 2.1 MB | 1.2/6.4 MB
Progress (3): 7.6/8.5 MB | 2.1 MB | 1.2/6.4 MB
Progress (3): 7.6/8.5 MB | 2.1 MB | 1.2/6.4 MB
Progress (3): 7.6/8.5 MB | 2.1 MB | 1.2/6.4 MB
Progress (3): 7.6/8.5 MB | 2.1 MB | 1.2/6.4 MB
Progress (3): 7.6/8.5 MB | 2.1 MB | 1.2/6.4 MB
Progress (3): 7.6/8.5 MB | 2.1 MB | 1.2/6.4 MB
Progress (3): 7.6/8.5 MB | 2.1 MB | 1.2/6.4 MB
Progress (3): 7.6/8.5 MB | 2.1 MB | 1.3/6.4 MB
Progress (3): 7.6/8.5 MB | 2.1 MB | 1.3/6.4 MB
Progress (3): 7.6/8.5 MB | 2.1 MB | 1.3/6.4 MB
Progress (3): 7.6/8.5 MB | 2.1 MB | 1.3/6.4 MB
Progress (3): 7.6/8.5 MB | 2.1 MB | 1.3/6.4 MB
Progress (3): 7.6/8.5 MB | 2.1 MB | 1.3/6.4 MB
Progress (3): 7.6/8.5 MB | 2.1 MB | 1.3/6.4 MB
Progress (3): 7.7/8.5 MB | 2.1 MB | 1.3/6.4 MB
Progress (3): 7.7/8.5 MB | 2.1 MB | 1.3/6.4 MB
Progress (3): 7.7/8.5 MB | 2.1 MB | 1.3/6.4 MB
Progress (3): 7.7/8.5 MB | 2.1 MB | 1.3/6.4 MB
Progress (3): 7.7/8.5 MB | 2.1 MB | 1.3/6.4 MB
Progress (3): 7.7/8.5 MB | 2.1 MB | 1.3/6.4 MB
Progress (3): 7.7/8.5 MB | 2.1 MB | 1.3/6.4 MB
Progress (3): 7.7/8.5 MB | 2.1 MB | 1.4/6.4 MB
Progress (3): 7.7/8.5 MB | 2.1 MB | 1.4/6.4 MB
Progress (3): 7.7/8.5 MB | 2.1 MB | 1.4/6.4 MB
Progress (3): 7.7/8.5 MB | 2.1 MB | 1.4/6.4 MB
Progress (3): 7.7/8.5 MB | 2.1 MB | 1.4/6.4 MB
Progress (3): 7.8/8.5 MB | 2.1 MB | 1.4/6.4 MB
Progress (3): 7.8/8.5 MB | 2.1 MB | 1.4/6.4 MB
Progress (3): 7.8/8.5 MB | 2.1 MB | 1.4/6.4 MB
Progress (3): 7.8/8.5 MB | 2.1 MB | 1.4/6.4 MB
Progress (3): 7.8/8.5 MB | 2.1 MB | 1.4/6.4 MB
Progress (3): 7.8/8.5 MB | 2.1 MB | 1.4/6.4 MB
Progress (3): 7.8/8.5 MB | 2.1 MB | 1.4/6.4 MB
Progress (3): 7.8/8.5 MB | 2.1 MB | 1.4/6.4 MB
Progress (3): 7.8/8.5 MB | 2.1 MB | 1.4/6.4 MB
Progress (3): 7.9/8.5 MB | 2.1 MB | 1.4/6.4 MB
Progress (3): 7.9/8.5 MB | 2.1 MB | 1.4/6.4 MB
Progress (3): 7.9/8.5 MB | 2.1 MB | 1.4/6.4 MB
Progress (3): 7.9/8.5 MB | 2.1 MB | 1.5/6.4 MB
Progress (3): 7.9/8.5 MB | 2.1 MB | 1.5/6.4 MB
Progress (3): 7.9/8.5 MB | 2.1 MB | 1.5/6.4 MB
Progress (3): 7.9/8.5 MB | 2.1 MB | 1.5/6.4 MB
Progress (3): 7.9/8.5 MB | 2.1 MB | 1.5/6.4 MB
Progress (3): 7.9/8.5 MB | 2.1 MB | 1.5/6.4 MB
Progress (3): 7.9/8.5 MB | 2.1 MB | 1.5/6.4 MB
Progress (3): 7.9/8.5 MB | 2.1 MB | 1.5/6.4 MB
Progress (3): 7.9/8.5 MB | 2.1 MB | 1.5/6.4 MB
Progress (3): 7.9/8.5 MB | 2.1 MB | 1.6/6.4 MB
Progress (3): 7.9/8.5 MB | 2.1 MB | 1.6/6.4 MB
Progress (3): 7.9/8.5 MB | 2.1 MB | 1.6/6.4 MB
Progress (3): 8.0/8.5 MB | 2.1 MB | 1.6/6.4 MB
                                              
Downloaded from central: https://repo1.maven.org/maven2/org/xerial/snappy/snappy-java/1.1.10.4/snappy-java-1.1.10.4.jar (2.1 MB at 1.1 MB/s)
Downloading from central: https://repo1.maven.org/maven2/org/apache/hadoop/hadoop-yarn-client/3.4.2/hadoop-yarn-client-3.4.2.jar
Progress (2): 8.0/8.5 MB | 1.6/6.4 MB
Progress (2): 8.0/8.5 MB | 1.6/6.4 MB
Progress (2): 8.0/8.5 MB | 1.6/6.4 MB
Progress (2): 8.0/8.5 MB | 1.6/6.4 MB
Progress (2): 8.0/8.5 MB | 1.6/6.4 MB
Progress (2): 8.0/8.5 MB | 1.6/6.4 MB
Progress (2): 8.0/8.5 MB | 1.6/6.4 MB
Progress (2): 8.0/8.5 MB | 1.6/6.4 MB
Progress (2): 8.0/8.5 MB | 1.6/6.4 MB
Progress (2): 8.1/8.5 MB | 1.6/6.4 MB
Progress (2): 8.1/8.5 MB | 1.6/6.4 MB
Progress (3): 8.1/8.5 MB | 1.6/6.4 MB | 0/1.0 MB
Progress (3): 8.1/8.5 MB | 1.7/6.4 MB | 0/1.0 MB
Progress (3): 8.1/8.5 MB | 1.7/6.4 MB | 0/1.0 MB
Progress (3): 8.1/8.5 MB | 1.7/6.4 MB | 0/1.0 MB
Progress (3): 8.1/8.5 MB | 1.7/6.4 MB | 0/1.0 MB
Progress (3): 8.1/8.5 MB | 1.7/6.4 MB | 0/1.0 MB
Progress (3): 8.1/8.5 MB | 1.7/6.4 MB | 0/1.0 MB
Progress (3): 8.1/8.5 MB | 1.7/6.4 MB | 0/1.0 MB
Progress (3): 8.1/8.5 MB | 1.7/6.4 MB | 0/1.0 MB
Progress (3): 8.1/8.5 MB | 1.7/6.4 MB | 0/1.0 MB
Progress (3): 8.1/8.5 MB | 1.7/6.4 MB | 0/1.0 MB
Progress (3): 8.1/8.5 MB | 1.7/6.4 MB | 0/1.0 MB
Progress (3): 8.2/8.5 MB | 1.7/6.4 MB | 0/1.0 MB
Progress (3): 8.2/8.5 MB | 1.7/6.4 MB | 0/1.0 MB
Progress (3): 8.2/8.5 MB | 1.7/6.4 MB | 0/1.0 MB
Progress (3): 8.2/8.5 MB | 1.8/6.4 MB | 0/1.0 MB
Progress (3): 8.2/8.5 MB | 1.8/6.4 MB | 0/1.0 MB
Progress (3): 8.2/8.5 MB | 1.8/6.4 MB | 0/1.0 MB
Progress (3): 8.2/8.5 MB | 1.8/6.4 MB | 0/1.0 MB
Progress (3): 8.2/8.5 MB | 1.8/6.4 MB | 0/1.0 MB
Progress (3): 8.2/8.5 MB | 1.8/6.4 MB | 0/1.0 MB
Progress (3): 8.2/8.5 MB | 1.8/6.4 MB | 0.1/1.0 MB
Progress (3): 8.2/8.5 MB | 1.8/6.4 MB | 0.1/1.0 MB
Progress (3): 8.2/8.5 MB | 1.8/6.4 MB | 0.1/1.0 MB
Progress (3): 8.2/8.5 MB | 1.8/6.4 MB | 0.1/1.0 MB
Progress (3): 8.2/8.5 MB | 1.8/6.4 MB | 0.1/1.0 MB
Progress (3): 8.2/8.5 MB | 1.8/6.4 MB | 0.1/1.0 MB
Progress (3): 8.2/8.5 MB | 1.8/6.4 MB | 0.1/1.0 MB
Progress (3): 8.2/8.5 MB | 1.8/6.4 MB | 0.1/1.0 MB
Progress (3): 8.2/8.5 MB | 1.8/6.4 MB | 0.2/1.0 MB
Progress (3): 8.2/8.5 MB | 1.8/6.4 MB | 0.2/1.0 MB
Progress (3): 8.2/8.5 MB | 1.8/6.4 MB | 0.2/1.0 MB
Progress (3): 8.2/8.5 MB | 1.8/6.4 MB | 0.2/1.0 MB
Progress (3): 8.2/8.5 MB | 1.8/6.4 MB | 0.2/1.0 MB
Progress (3): 8.3/8.5 MB | 1.8/6.4 MB | 0.2/1.0 MB
Progress (3): 8.3/8.5 MB | 1.8/6.4 MB | 0.2/1.0 MB
Progress (3): 8.3/8.5 MB | 1.8/6.4 MB | 0.2/1.0 MB
Progress (3): 8.3/8.5 MB | 1.8/6.4 MB | 0.3/1.0 MB
Progress (3): 8.3/8.5 MB | 1.8/6.4 MB | 0.3/1.0 MB
Progress (3): 8.3/8.5 MB | 1.8/6.4 MB | 0.3/1.0 MB
Progress (3): 8.3/8.5 MB | 1.8/6.4 MB | 0.3/1.0 MB
Progress (3): 8.3/8.5 MB | 1.8/6.4 MB | 0.3/1.0 MB
Progress (3): 8.3/8.5 MB | 1.8/6.4 MB | 0.3/1.0 MB
Progress (3): 8.3/8.5 MB | 1.8/6.4 MB | 0.3/1.0 MB
Progress (3): 8.3/8.5 MB | 1.8/6.4 MB | 0.3/1.0 MB
Progress (3): 8.3/8.5 MB | 1.8/6.4 MB | 0.4/1.0 MB
Progress (3): 8.3/8.5 MB | 1.8/6.4 MB | 0.4/1.0 MB
Progress (3): 8.3/8.5 MB | 1.8/6.4 MB | 0.4/1.0 MB
Progress (3): 8.3/8.5 MB | 1.8/6.4 MB | 0.4/1.0 MB
Progress (3): 8.3/8.5 MB | 1.8/6.4 MB | 0.4/1.0 MB
Progress (3): 8.3/8.5 MB | 1.8/6.4 MB | 0.4/1.0 MB
Progress (3): 8.3/8.5 MB | 1.8/6.4 MB | 0.4/1.0 MB
Progress (4): 8.3/8.5 MB | 1.8/6.4 MB | 0.4/1.0 MB | 0/1.8 MB
Progress (4): 8.3/8.5 MB | 1.8/6.4 MB | 0.4/1.0 MB | 0/1.8 MB
Progress (4): 8.3/8.5 MB | 1.8/6.4 MB | 0.5/1.0 MB | 0/1.8 MB
Progress (4): 8.3/8.5 MB | 1.9/6.4 MB | 0.5/1.0 MB | 0/1.8 MB
Progress (4): 8.3/8.5 MB | 1.9/6.4 MB | 0.5/1.0 MB | 0/1.8 MB
Progress (4): 8.3/8.5 MB | 1.9/6.4 MB | 0.5/1.0 MB | 0/1.8 MB
Progress (4): 8.3/8.5 MB | 1.9/6.4 MB | 0.5/1.0 MB | 0/1.8 MB
Progress (4): 8.3/8.5 MB | 1.9/6.4 MB | 0.5/1.0 MB | 0/1.8 MB
Progress (4): 8.3/8.5 MB | 1.9/6.4 MB | 0.5/1.0 MB | 0/1.8 MB
Progress (4): 8.3/8.5 MB | 1.9/6.4 MB | 0.5/1.0 MB | 0/1.8 MB
Progress (4): 8.3/8.5 MB | 1.9/6.4 MB | 0.5/1.0 MB | 0/1.8 MB
Progress (4): 8.3/8.5 MB | 1.9/6.4 MB | 0.5/1.0 MB | 0/1.8 MB
Progress (4): 8.3/8.5 MB | 1.9/6.4 MB | 0.6/1.0 MB | 0/1.8 MB
Progress (4): 8.3/8.5 MB | 1.9/6.4 MB | 0.6/1.0 MB | 0.1/1.8 MB
Progress (4): 8.3/8.5 MB | 1.9/6.4 MB | 0.6/1.0 MB | 0.1/1.8 MB
Progress (4): 8.3/8.5 MB | 1.9/6.4 MB | 0.6/1.0 MB | 0.1/1.8 MB
Progress (4): 8.3/8.5 MB | 1.9/6.4 MB | 0.6/1.0 MB | 0.1/1.8 MB
Progress (4): 8.3/8.5 MB | 1.9/6.4 MB | 0.6/1.0 MB | 0.1/1.8 MB
Progress (4): 8.3/8.5 MB | 1.9/6.4 MB | 0.6/1.0 MB | 0.1/1.8 MB
Progress (4): 8.3/8.5 MB | 1.9/6.4 MB | 0.6/1.0 MB | 0.1/1.8 MB
Progress (4): 8.3/8.5 MB | 1.9/6.4 MB | 0.6/1.0 MB | 0.1/1.8 MB
Progress (4): 8.3/8.5 MB | 1.9/6.4 MB | 0.6/1.0 MB | 0.1/1.8 MB
Progress (4): 8.3/8.5 MB | 1.9/6.4 MB | 0.6/1.0 MB | 0.1/1.8 MB
Progress (4): 8.3/8.5 MB | 1.9/6.4 MB | 0.6/1.0 MB | 0.1/1.8 MB
Progress (4): 8.3/8.5 MB | 1.9/6.4 MB | 0.7/1.0 MB | 0.1/1.8 MB
Progress (4): 8.3/8.5 MB | 1.9/6.4 MB | 0.7/1.0 MB | 0.2/1.8 MB
Progress (4): 8.3/8.5 MB | 1.9/6.4 MB | 0.7/1.0 MB | 0.2/1.8 MB
Progress (4): 8.3/8.5 MB | 1.9/6.4 MB | 0.7/1.0 MB | 0.2/1.8 MB
Progress (4): 8.3/8.5 MB | 1.9/6.4 MB | 0.7/1.0 MB | 0.2/1.8 MB
Progress (4): 8.3/8.5 MB | 1.9/6.4 MB | 0.7/1.0 MB | 0.2/1.8 MB
Progress (4): 8.3/8.5 MB | 1.9/6.4 MB | 0.7/1.0 MB | 0.2/1.8 MB
Progress (4): 8.3/8.5 MB | 1.9/6.4 MB | 0.7/1.0 MB | 0.2/1.8 MB
Progress (4): 8.3/8.5 MB | 1.9/6.4 MB | 0.7/1.0 MB | 0.2/1.8 MB
Progress (4): 8.3/8.5 MB | 1.9/6.4 MB | 0.7/1.0 MB | 0.2/1.8 MB
Progress (4): 8.3/8.5 MB | 1.9/6.4 MB | 0.7/1.0 MB | 0.2/1.8 MB
Progress (4): 8.3/8.5 MB | 1.9/6.4 MB | 0.7/1.0 MB | 0.2/1.8 MB
Progress (4): 8.3/8.5 MB | 1.9/6.4 MB | 0.8/1.0 MB | 0.2/1.8 MB
Progress (4): 8.3/8.5 MB | 1.9/6.4 MB | 0.8/1.0 MB | 0.2/1.8 MB
Progress (4): 8.3/8.5 MB | 1.9/6.4 MB | 0.8/1.0 MB | 0.3/1.8 MB
Progress (4): 8.3/8.5 MB | 1.9/6.4 MB | 0.8/1.0 MB | 0.3/1.8 MB
Progress (4): 8.3/8.5 MB | 1.9/6.4 MB | 0.8/1.0 MB | 0.3/1.8 MB
Progress (4): 8.3/8.5 MB | 1.9/6.4 MB | 0.8/1.0 MB | 0.3/1.8 MB
Progress (4): 8.3/8.5 MB | 1.9/6.4 MB | 0.8/1.0 MB | 0.3/1.8 MB
Progress (4): 8.3/8.5 MB | 1.9/6.4 MB | 0.8/1.0 MB | 0.3/1.8 MB
Progress (4): 8.3/8.5 MB | 1.9/6.4 MB | 0.8/1.0 MB | 0.3/1.8 MB
Progress (4): 8.3/8.5 MB | 1.9/6.4 MB | 0.8/1.0 MB | 0.3/1.8 MB
Progress (4): 8.3/8.5 MB | 1.9/6.4 MB | 0.8/1.0 MB | 0.3/1.8 MB
Progress (4): 8.3/8.5 MB | 1.9/6.4 MB | 0.8/1.0 MB | 0.3/1.8 MB
Progress (4): 8.3/8.5 MB | 1.9/6.4 MB | 0.8/1.0 MB | 0.3/1.8 MB
Progress (4): 8.3/8.5 MB | 1.9/6.4 MB | 0.8/1.0 MB | 0.3/1.8 MB
Progress (4): 8.3/8.5 MB | 1.9/6.4 MB | 0.8/1.0 MB | 0.3/1.8 MB
Progress (4): 8.3/8.5 MB | 1.9/6.4 MB | 0.9/1.0 MB | 0.3/1.8 MB
Progress (4): 8.3/8.5 MB | 1.9/6.4 MB | 0.9/1.0 MB | 0.4/1.8 MB
Progress (4): 8.3/8.5 MB | 1.9/6.4 MB | 0.9/1.0 MB | 0.4/1.8 MB
Progress (4): 8.3/8.5 MB | 1.9/6.4 MB | 0.9/1.0 MB | 0.4/1.8 MB
Progress (4): 8.3/8.5 MB | 1.9/6.4 MB | 0.9/1.0 MB | 0.4/1.8 MB
Progress (4): 8.3/8.5 MB | 1.9/6.4 MB | 0.9/1.0 MB | 0.4/1.8 MB
Progress (4): 8.3/8.5 MB | 1.9/6.4 MB | 0.9/1.0 MB | 0.4/1.8 MB
Progress (4): 8.3/8.5 MB | 1.9/6.4 MB | 0.9/1.0 MB | 0.4/1.8 MB
Progress (4): 8.3/8.5 MB | 1.9/6.4 MB | 0.9/1.0 MB | 0.4/1.8 MB
Progress (4): 8.3/8.5 MB | 1.9/6.4 MB | 0.9/1.0 MB | 0.4/1.8 MB
Progress (4): 8.3/8.5 MB | 1.9/6.4 MB | 0.9/1.0 MB | 0.4/1.8 MB
Progress (4): 8.4/8.5 MB | 1.9/6.4 MB | 0.9/1.0 MB | 0.4/1.8 MB
Progress (4): 8.4/8.5 MB | 1.9/6.4 MB | 0.9/1.0 MB | 0.4/1.8 MB
Progress (4): 8.4/8.5 MB | 1.9/6.4 MB | 0.9/1.0 MB | 0.4/1.8 MB
Progress (4): 8.4/8.5 MB | 1.9/6.4 MB | 0.9/1.0 MB | 0.5/1.8 MB
Progress (4): 8.4/8.5 MB | 1.9/6.4 MB | 0.9/1.0 MB | 0.5/1.8 MB
Progress (4): 8.4/8.5 MB | 1.9/6.4 MB | 0.9/1.0 MB | 0.5/1.8 MB
Progress (4): 8.4/8.5 MB | 1.9/6.4 MB | 0.9/1.0 MB | 0.5/1.8 MB
Progress (4): 8.4/8.5 MB | 1.9/6.4 MB | 0.9/1.0 MB | 0.5/1.8 MB
Progress (4): 8.4/8.5 MB | 1.9/6.4 MB | 0.9/1.0 MB | 0.5/1.8 MB
Progress (4): 8.4/8.5 MB | 1.9/6.4 MB | 0.9/1.0 MB | 0.5/1.8 MB
Progress (4): 8.4/8.5 MB | 1.9/6.4 MB | 0.9/1.0 MB | 0.5/1.8 MB
Progress (4): 8.4/8.5 MB | 1.9/6.4 MB | 0.9/1.0 MB | 0.6/1.8 MB
Progress (4): 8.4/8.5 MB | 1.9/6.4 MB | 0.9/1.0 MB | 0.6/1.8 MB
Progress (4): 8.4/8.5 MB | 1.9/6.4 MB | 0.9/1.0 MB | 0.6/1.8 MB
Progress (4): 8.4/8.5 MB | 1.9/6.4 MB | 0.9/1.0 MB | 0.6/1.8 MB
Progress (4): 8.4/8.5 MB | 1.9/6.4 MB | 0.9/1.0 MB | 0.6/1.8 MB
Progress (4): 8.4/8.5 MB | 1.9/6.4 MB | 0.9/1.0 MB | 0.6/1.8 MB
Progress (4): 8.4/8.5 MB | 1.9/6.4 MB | 0.9/1.0 MB | 0.6/1.8 MB
Progress (4): 8.4/8.5 MB | 1.9/6.4 MB | 0.9/1.0 MB | 0.6/1.8 MB
Progress (4): 8.4/8.5 MB | 1.9/6.4 MB | 0.9/1.0 MB | 0.6/1.8 MB
Progress (4): 8.4/8.5 MB | 1.9/6.4 MB | 0.9/1.0 MB | 0.7/1.8 MB
Progress (4): 8.4/8.5 MB | 1.9/6.4 MB | 0.9/1.0 MB | 0.7/1.8 MB
Progress (4): 8.4/8.5 MB | 1.9/6.4 MB | 0.9/1.0 MB | 0.7/1.8 MB
Progress (4): 8.4/8.5 MB | 1.9/6.4 MB | 0.9/1.0 MB | 0.7/1.8 MB
Progress (4): 8.4/8.5 MB | 1.9/6.4 MB | 0.9/1.0 MB | 0.7/1.8 MB
Progress (4): 8.4/8.5 MB | 1.9/6.4 MB | 0.9/1.0 MB | 0.7/1.8 MB
Progress (4): 8.4/8.5 MB | 1.9/6.4 MB | 0.9/1.0 MB | 0.7/1.8 MB
Progress (4): 8.4/8.5 MB | 1.9/6.4 MB | 0.9/1.0 MB | 0.7/1.8 MB
Progress (4): 8.4/8.5 MB | 1.9/6.4 MB | 0.9/1.0 MB | 0.8/1.8 MB
Progress (4): 8.4/8.5 MB | 1.9/6.4 MB | 0.9/1.0 MB | 0.8/1.8 MB
Progress (4): 8.4/8.5 MB | 1.9/6.4 MB | 0.9/1.0 MB | 0.8/1.8 MB
Progress (4): 8.4/8.5 MB | 1.9/6.4 MB | 0.9/1.0 MB | 0.8/1.8 MB
Progress (4): 8.4/8.5 MB | 1.9/6.4 MB | 0.9/1.0 MB | 0.8/1.8 MB
Progress (4): 8.4/8.5 MB | 1.9/6.4 MB | 0.9/1.0 MB | 0.8/1.8 MB
Progress (4): 8.4/8.5 MB | 1.9/6.4 MB | 0.9/1.0 MB | 0.8/1.8 MB
Progress (4): 8.4/8.5 MB | 1.9/6.4 MB | 0.9/1.0 MB | 0.9/1.8 MB
Progress (4): 8.4/8.5 MB | 1.9/6.4 MB | 0.9/1.0 MB | 0.9/1.8 MB
Progress (4): 8.4/8.5 MB | 1.9/6.4 MB | 0.9/1.0 MB | 0.9/1.8 MB
Progress (4): 8.4/8.5 MB | 2.0/6.4 MB | 0.9/1.0 MB | 0.9/1.8 MB
Progress (4): 8.4/8.5 MB | 2.0/6.4 MB | 0.9/1.0 MB | 0.9/1.8 MB
Progress (4): 8.4/8.5 MB | 2.0/6.4 MB | 0.9/1.0 MB | 0.9/1.8 MB
Progress (4): 8.4/8.5 MB | 2.0/6.4 MB | 0.9/1.0 MB | 0.9/1.8 MB
Progress (4): 8.4/8.5 MB | 2.0/6.4 MB | 0.9/1.0 MB | 0.9/1.8 MB
Progress (4): 8.4/8.5 MB | 2.0/6.4 MB | 0.9/1.0 MB | 0.9/1.8 MB
Progress (4): 8.4/8.5 MB | 2.0/6.4 MB | 0.9/1.0 MB | 0.9/1.8 MB
Progress (4): 8.4/8.5 MB | 2.0/6.4 MB | 0.9/1.0 MB | 0.9/1.8 MB
Progress (4): 8.4/8.5 MB | 2.0/6.4 MB | 0.9/1.0 MB | 1.0/1.8 MB
Progress (4): 8.4/8.5 MB | 2.0/6.4 MB | 0.9/1.0 MB | 1.0/1.8 MB
Progress (4): 8.4/8.5 MB | 2.0/6.4 MB | 0.9/1.0 MB | 1.0/1.8 MB
Progress (4): 8.5 MB | 2.0/6.4 MB | 0.9/1.0 MB | 1.0/1.8 MB    
Progress (4): 8.5 MB | 2.0/6.4 MB | 0.9/1.0 MB | 1.0/1.8 MB
Progress (4): 8.5 MB | 2.0/6.4 MB | 0.9/1.0 MB | 1.0/1.8 MB
Progress (4): 8.5 MB | 2.0/6.4 MB | 0.9/1.0 MB | 1.0/1.8 MB
Progress (4): 8.5 MB | 2.0/6.4 MB | 0.9/1.0 MB | 1.0/1.8 MB
Progress (4): 8.5 MB | 2.0/6.4 MB | 0.9/1.0 MB | 1.0/1.8 MB
Progress (4): 8.5 MB | 2.0/6.4 MB | 0.9/1.0 MB | 1.0/1.8 MB
Progress (4): 8.5 MB | 2.0/6.4 MB | 0.9/1.0 MB | 1.0/1.8 MB
Progress (4): 8.5 MB | 2.1/6.4 MB | 0.9/1.0 MB | 1.0/1.8 MB
Progress (4): 8.5 MB | 2.1/6.4 MB | 0.9/1.0 MB | 1.1/1.8 MB
Progress (4): 8.5 MB | 2.1/6.4 MB | 0.9/1.0 MB | 1.1/1.8 MB
Progress (4): 8.5 MB | 2.1/6.4 MB | 0.9/1.0 MB | 1.1/1.8 MB
Progress (4): 8.5 MB | 2.1/6.4 MB | 0.9/1.0 MB | 1.1/1.8 MB
Progress (4): 8.5 MB | 2.1/6.4 MB | 0.9/1.0 MB | 1.1/1.8 MB
Progress (4): 8.5 MB | 2.1/6.4 MB | 0.9/1.0 MB | 1.1/1.8 MB
Progress (4): 8.5 MB | 2.2/6.4 MB | 0.9/1.0 MB | 1.1/1.8 MB
Progress (4): 8.5 MB | 2.2/6.4 MB | 0.9/1.0 MB | 1.1/1.8 MB
Progress (4): 8.5 MB | 2.2/6.4 MB | 0.9/1.0 MB | 1.1/1.8 MB
Progress (4): 8.5 MB | 2.2/6.4 MB | 0.9/1.0 MB | 1.1/1.8 MB
Progress (4): 8.5 MB | 2.2/6.4 MB | 0.9/1.0 MB | 1.1/1.8 MB
Progress (4): 8.5 MB | 2.2/6.4 MB | 0.9/1.0 MB | 1.1/1.8 MB
Progress (4): 8.5 MB | 2.3/6.4 MB | 0.9/1.0 MB | 1.1/1.8 MB
Progress (4): 8.5 MB | 2.3/6.4 MB | 0.9/1.0 MB | 1.1/1.8 MB
Progress (4): 8.5 MB | 2.3/6.4 MB | 0.9/1.0 MB | 1.1/1.8 MB
Progress (4): 8.5 MB | 2.3/6.4 MB | 0.9/1.0 MB | 1.1/1.8 MB
Progress (4): 8.5 MB | 2.3/6.4 MB | 0.9/1.0 MB | 1.1/1.8 MB
Progress (4): 8.5 MB | 2.3/6.4 MB | 0.9/1.0 MB | 1.1/1.8 MB
Progress (4): 8.5 MB | 2.4/6.4 MB | 0.9/1.0 MB | 1.1/1.8 MB
Progress (4): 8.5 MB | 2.4/6.4 MB | 0.9/1.0 MB | 1.1/1.8 MB
Progress (4): 8.5 MB | 2.4/6.4 MB | 0.9/1.0 MB | 1.1/1.8 MB
Progress (4): 8.5 MB | 2.4/6.4 MB | 0.9/1.0 MB | 1.1/1.8 MB
Progress (4): 8.5 MB | 2.4/6.4 MB | 0.9/1.0 MB | 1.1/1.8 MB
Progress (4): 8.5 MB | 2.4/6.4 MB | 0.9/1.0 MB | 1.1/1.8 MB
Progress (4): 8.5 MB | 2.5/6.4 MB | 0.9/1.0 MB | 1.1/1.8 MB
Progress (4): 8.5 MB | 2.5/6.4 MB | 0.9/1.0 MB | 1.1/1.8 MB
Progress (4): 8.5 MB | 2.5/6.4 MB | 0.9/1.0 MB | 1.1/1.8 MB
Progress (4): 8.5 MB | 2.5/6.4 MB | 0.9/1.0 MB | 1.1/1.8 MB
Progress (4): 8.5 MB | 2.5/6.4 MB | 0.9/1.0 MB | 1.1/1.8 MB
Progress (4): 8.5 MB | 2.5/6.4 MB | 0.9/1.0 MB | 1.1/1.8 MB
Progress (4): 8.5 MB | 2.6/6.4 MB | 0.9/1.0 MB | 1.1/1.8 MB
Progress (4): 8.5 MB | 2.6/6.4 MB | 0.9/1.0 MB | 1.1/1.8 MB
Progress (4): 8.5 MB | 2.6/6.4 MB | 0.9/1.0 MB | 1.1/1.8 MB
Progress (4): 8.5 MB | 2.6/6.4 MB | 0.9/1.0 MB | 1.1/1.8 MB
Progress (4): 8.5 MB | 2.6/6.4 MB | 0.9/1.0 MB | 1.1/1.8 MB
Progress (4): 8.5 MB | 2.6/6.4 MB | 0.9/1.0 MB | 1.1/1.8 MB
Progress (4): 8.5 MB | 2.6/6.4 MB | 0.9/1.0 MB | 1.1/1.8 MB
Progress (4): 8.5 MB | 2.7/6.4 MB | 0.9/1.0 MB | 1.1/1.8 MB
Progress (4): 8.5 MB | 2.7/6.4 MB | 0.9/1.0 MB | 1.1/1.8 MB
Progress (4): 8.5 MB | 2.7/6.4 MB | 0.9/1.0 MB | 1.1/1.8 MB
Progress (4): 8.5 MB | 2.7/6.4 MB | 0.9/1.0 MB | 1.1/1.8 MB
Progress (4): 8.5 MB | 2.7/6.4 MB | 0.9/1.0 MB | 1.1/1.8 MB
Progress (4): 8.5 MB | 2.7/6.4 MB | 0.9/1.0 MB | 1.1/1.8 MB
Progress (4): 8.5 MB | 2.8/6.4 MB | 0.9/1.0 MB | 1.1/1.8 MB
Progress (4): 8.5 MB | 2.8/6.4 MB | 0.9/1.0 MB | 1.1/1.8 MB
Progress (4): 8.5 MB | 2.8/6.4 MB | 0.9/1.0 MB | 1.1/1.8 MB
Progress (4): 8.5 MB | 2.8/6.4 MB | 0.9/1.0 MB | 1.1/1.8 MB
Progress (4): 8.5 MB | 2.8/6.4 MB | 0.9/1.0 MB | 1.1/1.8 MB
Progress (4): 8.5 MB | 2.8/6.4 MB | 0.9/1.0 MB | 1.1/1.8 MB
Progress (4): 8.5 MB | 2.9/6.4 MB | 0.9/1.0 MB | 1.1/1.8 MB
Progress (4): 8.5 MB | 2.9/6.4 MB | 0.9/1.0 MB | 1.1/1.8 MB
Progress (4): 8.5 MB | 2.9/6.4 MB | 0.9/1.0 MB | 1.1/1.8 MB
Progress (4): 8.5 MB | 2.9/6.4 MB | 0.9/1.0 MB | 1.1/1.8 MB
Progress (4): 8.5 MB | 2.9/6.4 MB | 0.9/1.0 MB | 1.1/1.8 MB
Progress (4): 8.5 MB | 2.9/6.4 MB | 0.9/1.0 MB | 1.1/1.8 MB
Progress (4): 8.5 MB | 3.0/6.4 MB | 0.9/1.0 MB | 1.1/1.8 MB
Progress (4): 8.5 MB | 3.0/6.4 MB | 0.9/1.0 MB | 1.1/1.8 MB
Progress (4): 8.5 MB | 3.0/6.4 MB | 0.9/1.0 MB | 1.1/1.8 MB
Progress (4): 8.5 MB | 3.0/6.4 MB | 0.9/1.0 MB | 1.1/1.8 MB
Progress (4): 8.5 MB | 3.0/6.4 MB | 0.9/1.0 MB | 1.1/1.8 MB
Progress (4): 8.5 MB | 3.0/6.4 MB | 1.0/1.0 MB | 1.1/1.8 MB
Progress (4): 8.5 MB | 3.0/6.4 MB | 1.0/1.0 MB | 1.1/1.8 MB
Progress (4): 8.5 MB | 3.0/6.4 MB | 1.0/1.0 MB | 1.1/1.8 MB
Progress (4): 8.5 MB | 3.0/6.4 MB | 1.0/1.0 MB | 1.1/1.8 MB
Progress (4): 8.5 MB | 3.0/6.4 MB | 1.0/1.0 MB | 1.1/1.8 MB
Progress (4): 8.5 MB | 3.0/6.4 MB | 1.0/1.0 MB | 1.1/1.8 MB
Progress (4): 8.5 MB | 3.0/6.4 MB | 1.0/1.0 MB | 1.1/1.8 MB
Progress (4): 8.5 MB | 3.0/6.4 MB | 1.0/1.0 MB | 1.1/1.8 MB
Progress (4): 8.5 MB | 3.0/6.4 MB | 1.0/1.0 MB | 1.1/1.8 MB
Progress (4): 8.5 MB | 3.0/6.4 MB | 1.0/1.0 MB | 1.1/1.8 MB
Progress (4): 8.5 MB | 3.0/6.4 MB | 1.0 MB | 1.1/1.8 MB    
Progress (4): 8.5 MB | 3.1/6.4 MB | 1.0 MB | 1.1/1.8 MB
Progress (4): 8.5 MB | 3.1/6.4 MB | 1.0 MB | 1.1/1.8 MB
Progress (4): 8.5 MB | 3.1/6.4 MB | 1.0 MB | 1.1/1.8 MB
Progress (4): 8.5 MB | 3.1/6.4 MB | 1.0 MB | 1.1/1.8 MB
Progress (4): 8.5 MB | 3.1/6.4 MB | 1.0 MB | 1.1/1.8 MB
Progress (4): 8.5 MB | 3.1/6.4 MB | 1.0 MB | 1.1/1.8 MB
Progress (4): 8.5 MB | 3.2/6.4 MB | 1.0 MB | 1.1/1.8 MB
Progress (4): 8.5 MB | 3.2/6.4 MB | 1.0 MB | 1.1/1.8 MB
Progress (4): 8.5 MB | 3.2/6.4 MB | 1.0 MB | 1.1/1.8 MB
Progress (4): 8.5 MB | 3.2/6.4 MB | 1.0 MB | 1.1/1.8 MB
Progress (4): 8.5 MB | 3.2/6.4 MB | 1.0 MB | 1.1/1.8 MB
Progress (4): 8.5 MB | 3.2/6.4 MB | 1.0 MB | 1.1/1.8 MB
Progress (4): 8.5 MB | 3.2/6.4 MB | 1.0 MB | 1.1/1.8 MB
Progress (4): 8.5 MB | 3.2/6.4 MB | 1.0 MB | 1.1/1.8 MB
Progress (4): 8.5 MB | 3.2/6.4 MB | 1.0 MB | 1.1/1.8 MB
Progress (4): 8.5 MB | 3.2/6.4 MB | 1.0 MB | 1.2/1.8 MB
Progress (4): 8.5 MB | 3.2/6.4 MB | 1.0 MB | 1.2/1.8 MB
Progress (4): 8.5 MB | 3.2/6.4 MB | 1.0 MB | 1.2/1.8 MB
Progress (4): 8.5 MB | 3.2/6.4 MB | 1.0 MB | 1.2/1.8 MB
Progress (4): 8.5 MB | 3.2/6.4 MB | 1.0 MB | 1.2/1.8 MB
Progress (4): 8.5 MB | 3.2/6.4 MB | 1.0 MB | 1.2/1.8 MB
Progress (4): 8.5 MB | 3.2/6.4 MB | 1.0 MB | 1.3/1.8 MB
Progress (4): 8.5 MB | 3.2/6.4 MB | 1.0 MB | 1.3/1.8 MB
Progress (4): 8.5 MB | 3.2/6.4 MB | 1.0 MB | 1.3/1.8 MB
Progress (4): 8.5 MB | 3.2/6.4 MB | 1.0 MB | 1.3/1.8 MB
Progress (4): 8.5 MB | 3.2/6.4 MB | 1.0 MB | 1.3/1.8 MB
Progress (4): 8.5 MB | 3.2/6.4 MB | 1.0 MB | 1.3/1.8 MB
Progress (4): 8.5 MB | 3.2/6.4 MB | 1.0 MB | 1.4/1.8 MB
Progress (4): 8.5 MB | 3.2/6.4 MB | 1.0 MB | 1.4/1.8 MB
Progress (4): 8.5 MB | 3.2/6.4 MB | 1.0 MB | 1.4/1.8 MB
Progress (4): 8.5 MB | 3.2/6.4 MB | 1.0 MB | 1.4/1.8 MB
Progress (4): 8.5 MB | 3.2/6.4 MB | 1.0 MB | 1.4/1.8 MB
Progress (4): 8.5 MB | 3.2/6.4 MB | 1.0 MB | 1.4/1.8 MB
Progress (4): 8.5 MB | 3.2/6.4 MB | 1.0 MB | 1.5/1.8 MB
Progress (4): 8.5 MB | 3.2/6.4 MB | 1.0 MB | 1.5/1.8 MB
Progress (4): 8.5 MB | 3.2/6.4 MB | 1.0 MB | 1.5/1.8 MB
Progress (4): 8.5 MB | 3.2/6.4 MB | 1.0 MB | 1.5/1.8 MB
Progress (4): 8.5 MB | 3.2/6.4 MB | 1.0 MB | 1.5/1.8 MB
Progress (4): 8.5 MB | 3.2/6.4 MB | 1.0 MB | 1.5/1.8 MB
Progress (4): 8.5 MB | 3.3/6.4 MB | 1.0 MB | 1.5/1.8 MB
Progress (4): 8.5 MB | 3.3/6.4 MB | 1.0 MB | 1.5/1.8 MB
Progress (4): 8.5 MB | 3.3/6.4 MB | 1.0 MB | 1.5/1.8 MB
Progress (4): 8.5 MB | 3.3/6.4 MB | 1.0 MB | 1.5/1.8 MB
Progress (4): 8.5 MB | 3.3/6.4 MB | 1.0 MB | 1.6/1.8 MB
Progress (4): 8.5 MB | 3.3/6.4 MB | 1.0 MB | 1.6/1.8 MB
Progress (4): 8.5 MB | 3.3/6.4 MB | 1.0 MB | 1.6/1.8 MB
Progress (4): 8.5 MB | 3.3/6.4 MB | 1.0 MB | 1.6/1.8 MB
Progress (4): 8.5 MB | 3.3/6.4 MB | 1.0 MB | 1.6/1.8 MB
Progress (4): 8.5 MB | 3.3/6.4 MB | 1.0 MB | 1.6/1.8 MB
Progress (4): 8.5 MB | 3.3/6.4 MB | 1.0 MB | 1.7/1.8 MB
Progress (4): 8.5 MB | 3.3/6.4 MB | 1.0 MB | 1.7/1.8 MB
Progress (4): 8.5 MB | 3.3/6.4 MB | 1.0 MB | 1.7/1.8 MB
Progress (4): 8.5 MB | 3.3/6.4 MB | 1.0 MB | 1.7/1.8 MB
Progress (4): 8.5 MB | 3.3/6.4 MB | 1.0 MB | 1.7/1.8 MB
Progress (4): 8.5 MB | 3.3/6.4 MB | 1.0 MB | 1.7/1.8 MB
Progress (4): 8.5 MB | 3.3/6.4 MB | 1.0 MB | 1.7/1.8 MB
Progress (4): 8.5 MB | 3.3/6.4 MB | 1.0 MB | 1.7/1.8 MB
Progress (4): 8.5 MB | 3.3/6.4 MB | 1.0 MB | 1.8/1.8 MB
Progress (4): 8.5 MB | 3.3/6.4 MB | 1.0 MB | 1.8/1.8 MB
Progress (4): 8.5 MB | 3.3/6.4 MB | 1.0 MB | 1.8/1.8 MB
Progress (4): 8.5 MB | 3.3/6.4 MB | 1.0 MB | 1.8/1.8 MB
Progress (4): 8.5 MB | 3.3/6.4 MB | 1.0 MB | 1.8/1.8 MB
Progress (4): 8.5 MB | 3.3/6.4 MB | 1.0 MB | 1.8/1.8 MB
Progress (4): 8.5 MB | 3.3/6.4 MB | 1.0 MB | 1.8/1.8 MB
Progress (4): 8.5 MB | 3.3/6.4 MB | 1.0 MB | 1.8/1.8 MB
Progress (4): 8.5 MB | 3.4/6.4 MB | 1.0 MB | 1.8/1.8 MB
Progress (4): 8.5 MB | 3.4/6.4 MB | 1.0 MB | 1.8/1.8 MB
Progress (4): 8.5 MB | 3.4/6.4 MB | 1.0 MB | 1.8/1.8 MB
Progress (4): 8.5 MB | 3.4/6.4 MB | 1.0 MB | 1.8/1.8 MB
Progress (4): 8.5 MB | 3.4/6.4 MB | 1.0 MB | 1.8 MB    
Progress (4): 8.5 MB | 3.4/6.4 MB | 1.0 MB | 1.8 MB
Progress (4): 8.5 MB | 3.4/6.4 MB | 1.0 MB | 1.8 MB
Progress (4): 8.5 MB | 3.4/6.4 MB | 1.0 MB | 1.8 MB
Progress (4): 8.5 MB | 3.4/6.4 MB | 1.0 MB | 1.8 MB
Progress (4): 8.5 MB | 3.5/6.4 MB | 1.0 MB | 1.8 MB
Progress (4): 8.5 MB | 3.5/6.4 MB | 1.0 MB | 1.8 MB
Progress (4): 8.5 MB | 3.5/6.4 MB | 1.0 MB | 1.8 MB
Progress (4): 8.5 MB | 3.5/6.4 MB | 1.0 MB | 1.8 MB
Progress (4): 8.5 MB | 3.5/6.4 MB | 1.0 MB | 1.8 MB
Progress (4): 8.5 MB | 3.5/6.4 MB | 1.0 MB | 1.8 MB
Progress (4): 8.5 MB | 3.6/6.4 MB | 1.0 MB | 1.8 MB
Progress (4): 8.5 MB | 3.6/6.4 MB | 1.0 MB | 1.8 MB
Progress (4): 8.5 MB | 3.6/6.4 MB | 1.0 MB | 1.8 MB
Progress (4): 8.5 MB | 3.6/6.4 MB | 1.0 MB | 1.8 MB
Progress (4): 8.5 MB | 3.6/6.4 MB | 1.0 MB | 1.8 MB
                                                   
Downloaded from central: https://repo1.maven.org/maven2/org/fusesource/leveldbjni/leveldbjni-all/1.8/leveldbjni-all-1.8.jar (1.0 MB at 540 kB/s)
Downloading from central: https://repo1.maven.org/maven2/org/eclipse/jetty/websocket/websocket-client/9.4.57.v20241219/websocket-client-9.4.57.v20241219.jar
Progress (3): 8.5 MB | 3.6/6.4 MB | 1.8 MB
Progress (3): 8.5 MB | 3.7/6.4 MB | 1.8 MB
Progress (3): 8.5 MB | 3.7/6.4 MB | 1.8 MB
Progress (3): 8.5 MB | 3.7/6.4 MB | 1.8 MB
Progress (3): 8.5 MB | 3.7/6.4 MB | 1.8 MB
Progress (3): 8.5 MB | 3.7/6.4 MB | 1.8 MB
Progress (3): 8.5 MB | 3.7/6.4 MB | 1.8 MB
Progress (3): 8.5 MB | 3.8/6.4 MB | 1.8 MB
Progress (3): 8.5 MB | 3.8/6.4 MB | 1.8 MB
Progress (3): 8.5 MB | 3.8/6.4 MB | 1.8 MB
Progress (3): 8.5 MB | 3.8/6.4 MB | 1.8 MB
Progress (4): 8.5 MB | 3.8/6.4 MB | 1.8 MB | 7.7/317 kB
Progress (4): 8.5 MB | 3.8/6.4 MB | 1.8 MB | 7.7/317 kB
Progress (4): 8.5 MB | 3.8/6.4 MB | 1.8 MB | 7.7/317 kB
Progress (4): 8.5 MB | 3.8/6.4 MB | 1.8 MB | 7.7/317 kB
Progress (4): 8.5 MB | 3.8/6.4 MB | 1.8 MB | 7.8/317 kB
Progress (4): 8.5 MB | 3.9/6.4 MB | 1.8 MB | 7.8/317 kB
Progress (4): 8.5 MB | 3.9/6.4 MB | 1.8 MB | 7.8/317 kB
Progress (4): 8.5 MB | 3.9/6.4 MB | 1.8 MB | 7.8/317 kB
Progress (4): 8.5 MB | 3.9/6.4 MB | 1.8 MB | 7.8/317 kB
Progress (4): 8.5 MB | 3.9/6.4 MB | 1.8 MB | 7.8/317 kB
Progress (4): 8.5 MB | 3.9/6.4 MB | 1.8 MB | 24/317 kB 
Progress (4): 8.5 MB | 3.9/6.4 MB | 1.8 MB | 33/317 kB
Progress (4): 8.5 MB | 3.9/6.4 MB | 1.8 MB | 33/317 kB
Progress (4): 8.5 MB | 3.9/6.4 MB | 1.8 MB | 41/317 kB
Progress (4): 8.5 MB | 4.0/6.4 MB | 1.8 MB | 41/317 kB
Progress (4): 8.5 MB | 4.0/6.4 MB | 1.8 MB | 41/317 kB
Progress (4): 8.5 MB | 4.0/6.4 MB | 1.8 MB | 57/317 kB
Progress (4): 8.5 MB | 4.0/6.4 MB | 1.8 MB | 57/317 kB
Progress (4): 8.5 MB | 4.0/6.4 MB | 1.8 MB | 74/317 kB
Progress (4): 8.5 MB | 4.0/6.4 MB | 1.8 MB | 74/317 kB
Progress (4): 8.5 MB | 4.0/6.4 MB | 1.8 MB | 90/317 kB
Progress (4): 8.5 MB | 4.0/6.4 MB | 1.8 MB | 90/317 kB
Progress (4): 8.5 MB | 4.0/6.4 MB | 1.8 MB | 106/317 kB
Progress (4): 8.5 MB | 4.0/6.4 MB | 1.8 MB | 106/317 kB
Progress (4): 8.5 MB | 4.1/6.4 MB | 1.8 MB | 106/317 kB
Progress (4): 8.5 MB | 4.1/6.4 MB | 1.8 MB | 123/317 kB
Progress (4): 8.5 MB | 4.1/6.4 MB | 1.8 MB | 123/317 kB
Progress (4): 8.5 MB | 4.1/6.4 MB | 1.8 MB | 123/317 kB
Progress (4): 8.5 MB | 4.1/6.4 MB | 1.8 MB | 139/317 kB
Progress (4): 8.5 MB | 4.1/6.4 MB | 1.8 MB | 139/317 kB
Progress (4): 8.5 MB | 4.1/6.4 MB | 1.8 MB | 139/317 kB
Progress (4): 8.5 MB | 4.1/6.4 MB | 1.8 MB | 156/317 kB
Progress (4): 8.5 MB | 4.1/6.4 MB | 1.8 MB | 172/317 kB
Progress (4): 8.5 MB | 4.1/6.4 MB | 1.8 MB | 172/317 kB
Progress (4): 8.5 MB | 4.1/6.4 MB | 1.8 MB | 188/317 kB
Progress (4): 8.5 MB | 4.2/6.4 MB | 1.8 MB | 188/317 kB
Progress (4): 8.5 MB | 4.2/6.4 MB | 1.8 MB | 197/317 kB
Progress (4): 8.5 MB | 4.2/6.4 MB | 1.8 MB | 197/317 kB
Progress (4): 8.5 MB | 4.2/6.4 MB | 1.8 MB | 213/317 kB
Progress (4): 8.5 MB | 4.2/6.4 MB | 1.8 MB | 213/317 kB
Progress (4): 8.5 MB | 4.2/6.4 MB | 1.8 MB | 229/317 kB
Progress (4): 8.5 MB | 4.2/6.4 MB | 1.8 MB | 246/317 kB
Progress (4): 8.5 MB | 4.2/6.4 MB | 1.8 MB | 246/317 kB
Progress (4): 8.5 MB | 4.2/6.4 MB | 1.8 MB | 262/317 kB
Progress (4): 8.5 MB | 4.2/6.4 MB | 1.8 MB | 262/317 kB
Progress (4): 8.5 MB | 4.2/6.4 MB | 1.8 MB | 279/317 kB
Progress (4): 8.5 MB | 4.2/6.4 MB | 1.8 MB | 279/317 kB
Progress (4): 8.5 MB | 4.2/6.4 MB | 1.8 MB | 295/317 kB
Progress (4): 8.5 MB | 4.3/6.4 MB | 1.8 MB | 295/317 kB
Progress (4): 8.5 MB | 4.3/6.4 MB | 1.8 MB | 311/317 kB
Progress (4): 8.5 MB | 4.3/6.4 MB | 1.8 MB | 317 kB    
Progress (4): 8.5 MB | 4.3/6.4 MB | 1.8 MB | 317 kB
Progress (4): 8.5 MB | 4.3/6.4 MB | 1.8 MB | 317 kB
Progress (4): 8.5 MB | 4.3/6.4 MB | 1.8 MB | 317 kB
Progress (4): 8.5 MB | 4.3/6.4 MB | 1.8 MB | 317 kB
Progress (4): 8.5 MB | 4.3/6.4 MB | 1.8 MB | 317 kB
Progress (4): 8.5 MB | 4.4/6.4 MB | 1.8 MB | 317 kB
Progress (4): 8.5 MB | 4.4/6.4 MB | 1.8 MB | 317 kB
Progress (4): 8.5 MB | 4.4/6.4 MB | 1.8 MB | 317 kB
Progress (4): 8.5 MB | 4.4/6.4 MB | 1.8 MB | 317 kB
Progress (4): 8.5 MB | 4.4/6.4 MB | 1.8 MB | 317 kB
Progress (4): 8.5 MB | 4.4/6.4 MB | 1.8 MB | 317 kB
Progress (4): 8.5 MB | 4.5/6.4 MB | 1.8 MB | 317 kB
Progress (4): 8.5 MB | 4.5/6.4 MB | 1.8 MB | 317 kB
Progress (4): 8.5 MB | 4.5/6.4 MB | 1.8 MB | 317 kB
Progress (4): 8.5 MB | 4.5/6.4 MB | 1.8 MB | 317 kB
Progress (4): 8.5 MB | 4.5/6.4 MB | 1.8 MB | 317 kB
Progress (4): 8.5 MB | 4.5/6.4 MB | 1.8 MB | 317 kB
Progress (4): 8.5 MB | 4.6/6.4 MB | 1.8 MB | 317 kB
Progress (4): 8.5 MB | 4.6/6.4 MB | 1.8 MB | 317 kB
Progress (4): 8.5 MB | 4.6/6.4 MB | 1.8 MB | 317 kB
                                                   
Downloaded from central: https://repo1.maven.org/maven2/org/apache/hadoop/hadoop-mapreduce-client-core/3.4.2/hadoop-mapreduce-client-core-3.4.2.jar (1.8 MB at 943 kB/s)
Downloading from central: https://repo1.maven.org/maven2/org/eclipse/jetty/jetty-client/9.4.57.v20241219/jetty-client-9.4.57.v20241219.jar
Progress (3): 8.5 MB | 4.6/6.4 MB | 317 kB
Progress (3): 8.5 MB | 4.6/6.4 MB | 317 kB
Progress (3): 8.5 MB | 4.6/6.4 MB | 317 kB
Progress (3): 8.5 MB | 4.7/6.4 MB | 317 kB
Progress (3): 8.5 MB | 4.7/6.4 MB | 317 kB
Progress (3): 8.5 MB | 4.7/6.4 MB | 317 kB
Progress (3): 8.5 MB | 4.7/6.4 MB | 317 kB
Progress (3): 8.5 MB | 4.7/6.4 MB | 317 kB
Progress (3): 8.5 MB | 4.7/6.4 MB | 317 kB
Progress (3): 8.5 MB | 4.8/6.4 MB | 317 kB
Progress (3): 8.5 MB | 4.8/6.4 MB | 317 kB
Progress (3): 8.5 MB | 4.8/6.4 MB | 317 kB
Progress (3): 8.5 MB | 4.8/6.4 MB | 317 kB
Progress (3): 8.5 MB | 4.8/6.4 MB | 317 kB
Progress (3): 8.5 MB | 4.8/6.4 MB | 317 kB
Progress (3): 8.5 MB | 4.8/6.4 MB | 317 kB
Progress (3): 8.5 MB | 4.9/6.4 MB | 317 kB
Progress (3): 8.5 MB | 4.9/6.4 MB | 317 kB
Progress (3): 8.5 MB | 4.9/6.4 MB | 317 kB
Progress (3): 8.5 MB | 4.9/6.4 MB | 317 kB
Progress (3): 8.5 MB | 4.9/6.4 MB | 317 kB
Progress (3): 8.5 MB | 4.9/6.4 MB | 317 kB
Progress (3): 8.5 MB | 5.0/6.4 MB | 317 kB
Progress (3): 8.5 MB | 5.0/6.4 MB | 317 kB
                                          
Downloaded from central: https://repo1.maven.org/maven2/org/bouncycastle/bcprov-jdk18on/1.82/bcprov-jdk18on-1.82.jar (8.5 MB at 4.3 MB/s)
Downloading from central: https://repo1.maven.org/maven2/org/eclipse/jetty/websocket/websocket-common/9.4.57.v20241219/websocket-common-9.4.57.v20241219.jar
Progress (2): 5.0/6.4 MB | 317 kB
Progress (2): 5.0/6.4 MB | 317 kB
Progress (2): 5.0/6.4 MB | 317 kB
                                 
Downloaded from central: https://repo1.maven.org/maven2/org/apache/hadoop/hadoop-yarn-client/3.4.2/hadoop-yarn-client-3.4.2.jar (317 kB at 162 kB/s)
Downloading from central: https://repo1.maven.org/maven2/org/eclipse/jetty/websocket/websocket-api/9.4.57.v20241219/websocket-api-9.4.57.v20241219.jar
Progress (1): 5.0/6.4 MB
Progress (1): 5.1/6.4 MB
Progress (1): 5.1/6.4 MB
Progress (1): 5.1/6.4 MB
Progress (1): 5.1/6.4 MB
Progress (1): 5.1/6.4 MB
Progress (1): 5.1/6.4 MB
Progress (1): 5.2/6.4 MB
Progress (1): 5.2/6.4 MB
Progress (1): 5.2/6.4 MB
Progress (1): 5.2/6.4 MB
Progress (1): 5.2/6.4 MB
Progress (1): 5.2/6.4 MB
Progress (1): 5.3/6.4 MB
Progress (1): 5.3/6.4 MB
Progress (1): 5.3/6.4 MB
Progress (1): 5.3/6.4 MB
Progress (1): 5.3/6.4 MB
Progress (1): 5.3/6.4 MB
Progress (1): 5.4/6.4 MB
Progress (1): 5.4/6.4 MB
Progress (1): 5.4/6.4 MB
Progress (1): 5.4/6.4 MB
Progress (1): 5.4/6.4 MB
Progress (1): 5.4/6.4 MB
Progress (1): 5.5/6.4 MB
Progress (1): 5.5/6.4 MB
Progress (1): 5.5/6.4 MB
Progress (1): 5.5/6.4 MB
Progress (1): 5.5/6.4 MB
Progress (1): 5.5/6.4 MB
Progress (1): 5.6/6.4 MB
Progress (1): 5.6/6.4 MB
Progress (1): 5.6/6.4 MB
Progress (1): 5.6/6.4 MB
Progress (1): 5.6/6.4 MB
Progress (1): 5.6/6.4 MB
Progress (1): 5.6/6.4 MB
Progress (1): 5.7/6.4 MB
Progress (1): 5.7/6.4 MB
Progress (1): 5.7/6.4 MB
Progress (1): 5.7/6.4 MB
Progress (1): 5.7/6.4 MB
Progress (1): 5.7/6.4 MB
Progress (1): 5.8/6.4 MB
Progress (1): 5.8/6.4 MB
Progress (1): 5.8/6.4 MB
Progress (1): 5.8/6.4 MB
Progress (1): 5.8/6.4 MB
Progress (1): 5.8/6.4 MB
Progress (1): 5.9/6.4 MB
Progress (1): 5.9/6.4 MB
Progress (1): 5.9/6.4 MB
Progress (1): 5.9/6.4 MB
Progress (1): 5.9/6.4 MB
Progress (1): 5.9/6.4 MB
Progress (1): 6.0/6.4 MB
Progress (1): 6.0/6.4 MB
Progress (1): 6.0/6.4 MB
Progress (1): 6.0/6.4 MB
Progress (1): 6.0/6.4 MB
Progress (1): 6.0/6.4 MB
Progress (1): 6.1/6.4 MB
Progress (1): 6.1/6.4 MB
Progress (1): 6.1/6.4 MB
Progress (1): 6.1/6.4 MB
Progress (1): 6.1/6.4 MB
Progress (1): 6.1/6.4 MB
Progress (1): 6.1/6.4 MB
Progress (1): 6.2/6.4 MB
Progress (1): 6.2/6.4 MB
Progress (1): 6.2/6.4 MB
Progress (1): 6.2/6.4 MB
Progress (1): 6.2/6.4 MB
Progress (1): 6.2/6.4 MB
Progress (1): 6.2/6.4 MB
Progress (1): 6.3/6.4 MB
Progress (2): 6.3/6.4 MB | 7.7/46 kB
Progress (2): 6.3/6.4 MB | 7.7/46 kB
Progress (2): 6.3/6.4 MB | 7.7/46 kB
Progress (2): 6.3/6.4 MB | 7.7/46 kB
Progress (2): 6.3/6.4 MB | 7.7/46 kB
Progress (2): 6.3/6.4 MB | 7.7/46 kB
Progress (2): 6.4/6.4 MB | 7.7/46 kB
Progress (2): 6.4/6.4 MB | 16/46 kB 
Progress (2): 6.4 MB | 16/46 kB    
Progress (2): 6.4 MB | 25/46 kB
Progress (2): 6.4 MB | 41/46 kB
Progress (2): 6.4 MB | 46 kB   
Progress (3): 6.4 MB | 46 kB | 7.7/215 kB
                                         
Downloaded from central: https://repo1.maven.org/maven2/org/eclipse/jetty/websocket/websocket-client/9.4.57.v20241219/websocket-client-9.4.57.v20241219.jar (46 kB at 23 kB/s)
Downloading from central: https://repo1.maven.org/maven2/org/apache/hadoop/hadoop-yarn-api/3.4.2/hadoop-yarn-api-3.4.2.jar
Progress (2): 6.4 MB | 16/215 kB
Progress (2): 6.4 MB | 32/215 kB
Progress (2): 6.4 MB | 49/215 kB
Progress (2): 6.4 MB | 65/215 kB
Progress (2): 6.4 MB | 81/215 kB
Progress (2): 6.4 MB | 98/215 kB
Progress (2): 6.4 MB | 114/215 kB
Progress (2): 6.4 MB | 131/215 kB
Progress (2): 6.4 MB | 147/215 kB
Progress (2): 6.4 MB | 163/215 kB
Progress (2): 6.4 MB | 180/215 kB
Progress (2): 6.4 MB | 196/215 kB
Progress (2): 6.4 MB | 213/215 kB
Progress (2): 6.4 MB | 215 kB    
Progress (3): 6.4 MB | 215 kB | 7.7/52 kB
Progress (4): 6.4 MB | 215 kB | 7.7/52 kB | 7.7/328 kB
Progress (4): 6.4 MB | 215 kB | 16/52 kB | 7.7/328 kB 
Progress (4): 6.4 MB | 215 kB | 25/52 kB | 7.7/328 kB
Progress (4): 6.4 MB | 215 kB | 41/52 kB | 7.7/328 kB
Progress (4): 6.4 MB | 215 kB | 52 kB | 7.7/328 kB   
Progress (4): 6.4 MB | 215 kB | 52 kB | 16/328 kB 
Progress (4): 6.4 MB | 215 kB | 52 kB | 32/328 kB
Progress (4): 6.4 MB | 215 kB | 52 kB | 49/328 kB
Progress (4): 6.4 MB | 215 kB | 52 kB | 65/328 kB
Progress (4): 6.4 MB | 215 kB | 52 kB | 81/328 kB
Progress (4): 6.4 MB | 215 kB | 52 kB | 98/328 kB
Progress (4): 6.4 MB | 215 kB | 52 kB | 114/328 kB
Progress (4): 6.4 MB | 215 kB | 52 kB | 131/328 kB
Progress (4): 6.4 MB | 215 kB | 52 kB | 147/328 kB
Progress (4): 6.4 MB | 215 kB | 52 kB | 163/328 kB
Progress (4): 6.4 MB | 215 kB | 52 kB | 180/328 kB
Progress (4): 6.4 MB | 215 kB | 52 kB | 196/328 kB
Progress (4): 6.4 MB | 215 kB | 52 kB | 213/328 kB
Progress (4): 6.4 MB | 215 kB | 52 kB | 229/328 kB
Progress (4): 6.4 MB | 215 kB | 52 kB | 245/328 kB
Progress (4): 6.4 MB | 215 kB | 52 kB | 262/328 kB
Progress (4): 6.4 MB | 215 kB | 52 kB | 278/328 kB
Progress (4): 6.4 MB | 215 kB | 52 kB | 294/328 kB
Progress (4): 6.4 MB | 215 kB | 52 kB | 311/328 kB
Progress (4): 6.4 MB | 215 kB | 52 kB | 327/328 kB
Progress (4): 6.4 MB | 215 kB | 52 kB | 328 kB    
                                              
Downloaded from central: https://repo1.maven.org/maven2/org/eclipse/jetty/websocket/websocket-common/9.4.57.v20241219/websocket-common-9.4.57.v20241219.jar (215 kB at 107 kB/s)
Downloading from central: https://repo1.maven.org/maven2/org/apache/hadoop/hadoop-yarn-common/3.4.2/hadoop-yarn-common-3.4.2.jar
Downloaded from central: https://repo1.maven.org/maven2/org/eclipse/jetty/websocket/websocket-api/9.4.57.v20241219/websocket-api-9.4.57.v20241219.jar (52 kB at 26 kB/s)
Downloading from central: https://repo1.maven.org/maven2/com/sun/jersey/jersey-client/1.19.4/jersey-client-1.19.4.jar
Downloaded from central: https://repo1.maven.org/maven2/org/eclipse/jetty/jetty-client/9.4.57.v20241219/jetty-client-9.4.57.v20241219.jar (328 kB at 162 kB/s)
Downloading from central: https://repo1.maven.org/maven2/com/google/inject/guice/4.2.3/guice-4.2.3.jar
Downloaded from central: https://repo1.maven.org/maven2/org/apache/hadoop/hadoop-hdfs/3.4.2/hadoop-hdfs-3.4.2.jar (6.4 MB at 3.1 MB/s)
Downloading from central: https://repo1.maven.org/maven2/com/sun/jersey/contribs/jersey-guice/1.19.4/jersey-guice-1.19.4.jar
Progress (1): 7.7/134 kB
Progress (2): 7.7/134 kB | 0/3.8 MB
Progress (3): 7.7/134 kB | 0/3.8 MB | 7.7/857 kB
Progress (3): 16/134 kB | 0/3.8 MB | 7.7/857 kB 
Progress (3): 16/134 kB | 0/3.8 MB | 7.7/857 kB
Progress (3): 32/134 kB | 0/3.8 MB | 7.7/857 kB
Progress (3): 32/134 kB | 0/3.8 MB | 7.7/857 kB
Progress (3): 49/134 kB | 0/3.8 MB | 7.7/857 kB
Progress (3): 49/134 kB | 0/3.8 MB | 7.7/857 kB
Progress (3): 65/134 kB | 0/3.8 MB | 7.7/857 kB
Progress (3): 65/134 kB | 0.1/3.8 MB | 7.7/857 kB
Progress (3): 81/134 kB | 0.1/3.8 MB | 7.7/857 kB
Progress (3): 81/134 kB | 0.1/3.8 MB | 7.7/857 kB
Progress (3): 98/134 kB | 0.1/3.8 MB | 7.7/857 kB
Progress (3): 98/134 kB | 0.1/3.8 MB | 16/857 kB 
Progress (3): 98/134 kB | 0.1/3.8 MB | 16/857 kB
Progress (3): 114/134 kB | 0.1/3.8 MB | 16/857 kB
Progress (3): 114/134 kB | 0.1/3.8 MB | 16/857 kB
Progress (3): 114/134 kB | 0.1/3.8 MB | 32/857 kB
Progress (3): 131/134 kB | 0.1/3.8 MB | 32/857 kB
Progress (3): 131/134 kB | 0.1/3.8 MB | 32/857 kB
Progress (3): 134 kB | 0.1/3.8 MB | 32/857 kB    
Progress (4): 134 kB | 0.1/3.8 MB | 32/857 kB | 7.7/16 kB
Progress (4): 134 kB | 0.1/3.8 MB | 49/857 kB | 7.7/16 kB
Progress (4): 134 kB | 0.1/3.8 MB | 49/857 kB | 7.7/16 kB
Progress (4): 134 kB | 0.1/3.8 MB | 65/857 kB | 7.7/16 kB
Progress (4): 134 kB | 0.2/3.8 MB | 65/857 kB | 7.7/16 kB
Progress (4): 134 kB | 0.2/3.8 MB | 81/857 kB | 7.7/16 kB
Progress (4): 134 kB | 0.2/3.8 MB | 81/857 kB | 7.7/16 kB
Progress (4): 134 kB | 0.2/3.8 MB | 98/857 kB | 7.7/16 kB
Progress (4): 134 kB | 0.2/3.8 MB | 98/857 kB | 7.7/16 kB
Progress (4): 134 kB | 0.2/3.8 MB | 114/857 kB | 7.7/16 kB
Progress (4): 134 kB | 0.2/3.8 MB | 114/857 kB | 7.7/16 kB
Progress (4): 134 kB | 0.2/3.8 MB | 131/857 kB | 7.7/16 kB
Progress (4): 134 kB | 0.2/3.8 MB | 131/857 kB | 16/16 kB 
Progress (4): 134 kB | 0.2/3.8 MB | 131/857 kB | 16 kB   
Progress (4): 134 kB | 0.2/3.8 MB | 131/857 kB | 16 kB
Progress (4): 134 kB | 0.2/3.8 MB | 147/857 kB | 16 kB
Progress (4): 134 kB | 0.2/3.8 MB | 147/857 kB | 16 kB
Progress (4): 134 kB | 0.2/3.8 MB | 163/857 kB | 16 kB
Progress (4): 134 kB | 0.3/3.8 MB | 163/857 kB | 16 kB
Progress (4): 134 kB | 0.3/3.8 MB | 180/857 kB | 16 kB
Progress (4): 134 kB | 0.3/3.8 MB | 180/857 kB | 16 kB
Progress (4): 134 kB | 0.3/3.8 MB | 196/857 kB | 16 kB
Progress (4): 134 kB | 0.3/3.8 MB | 196/857 kB | 16 kB
Progress (4): 134 kB | 0.3/3.8 MB | 213/857 kB | 16 kB
Progress (4): 134 kB | 0.3/3.8 MB | 213/857 kB | 16 kB
Progress (4): 134 kB | 0.3/3.8 MB | 229/857 kB | 16 kB
Progress (4): 134 kB | 0.3/3.8 MB | 229/857 kB | 16 kB
Progress (4): 134 kB | 0.3/3.8 MB | 245/857 kB | 16 kB
Progress (4): 134 kB | 0.3/3.8 MB | 245/857 kB | 16 kB
Progress (4): 134 kB | 0.3/3.8 MB | 262/857 kB | 16 kB
Progress (4): 134 kB | 0.4/3.8 MB | 262/857 kB | 16 kB
Progress (4): 134 kB | 0.4/3.8 MB | 278/857 kB | 16 kB
Progress (4): 134 kB | 0.4/3.8 MB | 278/857 kB | 16 kB
Progress (4): 134 kB | 0.4/3.8 MB | 294/857 kB | 16 kB
Progress (4): 134 kB | 0.4/3.8 MB | 294/857 kB | 16 kB
Progress (4): 134 kB | 0.4/3.8 MB | 311/857 kB | 16 kB
Progress (4): 134 kB | 0.4/3.8 MB | 311/857 kB | 16 kB
Progress (4): 134 kB | 0.4/3.8 MB | 327/857 kB | 16 kB
Progress (4): 134 kB | 0.4/3.8 MB | 327/857 kB | 16 kB
Progress (4): 134 kB | 0.4/3.8 MB | 344/857 kB | 16 kB
Progress (4): 134 kB | 0.4/3.8 MB | 344/857 kB | 16 kB
Progress (4): 134 kB | 0.4/3.8 MB | 360/857 kB | 16 kB
Progress (4): 134 kB | 0.5/3.8 MB | 360/857 kB | 16 kB
Progress (4): 134 kB | 0.5/3.8 MB | 376/857 kB | 16 kB
Progress (4): 134 kB | 0.5/3.8 MB | 376/857 kB | 16 kB
Progress (4): 134 kB | 0.5/3.8 MB | 393/857 kB | 16 kB
Progress (4): 134 kB | 0.5/3.8 MB | 393/857 kB | 16 kB
Progress (4): 134 kB | 0.5/3.8 MB | 409/857 kB | 16 kB
Progress (4): 134 kB | 0.5/3.8 MB | 409/857 kB | 16 kB
Progress (4): 134 kB | 0.5/3.8 MB | 426/857 kB | 16 kB
Progress (4): 134 kB | 0.5/3.8 MB | 426/857 kB | 16 kB
Progress (4): 134 kB | 0.5/3.8 MB | 442/857 kB | 16 kB
Progress (4): 134 kB | 0.5/3.8 MB | 442/857 kB | 16 kB
Progress (4): 134 kB | 0.5/3.8 MB | 458/857 kB | 16 kB
Progress (4): 134 kB | 0.6/3.8 MB | 458/857 kB | 16 kB
Progress (4): 134 kB | 0.6/3.8 MB | 475/857 kB | 16 kB
Progress (4): 134 kB | 0.6/3.8 MB | 475/857 kB | 16 kB
Progress (4): 134 kB | 0.6/3.8 MB | 475/857 kB | 16 kB
Progress (4): 134 kB | 0.6/3.8 MB | 491/857 kB | 16 kB
Progress (4): 134 kB | 0.6/3.8 MB | 491/857 kB | 16 kB
Progress (5): 134 kB | 0.6/3.8 MB | 491/857 kB | 16 kB | 0/2.5 MB
Progress (5): 134 kB | 0.6/3.8 MB | 507/857 kB | 16 kB | 0/2.5 MB
Progress (5): 134 kB | 0.6/3.8 MB | 507/857 kB | 16 kB | 0/2.5 MB
Progress (5): 134 kB | 0.6/3.8 MB | 507/857 kB | 16 kB | 0/2.5 MB
Progress (5): 134 kB | 0.6/3.8 MB | 524/857 kB | 16 kB | 0/2.5 MB
Progress (5): 134 kB | 0.7/3.8 MB | 524/857 kB | 16 kB | 0/2.5 MB
Progress (5): 134 kB | 0.7/3.8 MB | 540/857 kB | 16 kB | 0/2.5 MB
Progress (5): 134 kB | 0.7/3.8 MB | 540/857 kB | 16 kB | 0/2.5 MB
Progress (5): 134 kB | 0.7/3.8 MB | 557/857 kB | 16 kB | 0/2.5 MB
Progress (5): 134 kB | 0.7/3.8 MB | 557/857 kB | 16 kB | 0/2.5 MB
Progress (5): 134 kB | 0.7/3.8 MB | 573/857 kB | 16 kB | 0/2.5 MB
Progress (5): 134 kB | 0.7/3.8 MB | 573/857 kB | 16 kB | 0/2.5 MB
Progress (5): 134 kB | 0.7/3.8 MB | 573/857 kB | 16 kB | 0/2.5 MB
Progress (5): 134 kB | 0.7/3.8 MB | 589/857 kB | 16 kB | 0/2.5 MB
Progress (5): 134 kB | 0.7/3.8 MB | 589/857 kB | 16 kB | 0/2.5 MB
Progress (5): 134 kB | 0.7/3.8 MB | 606/857 kB | 16 kB | 0/2.5 MB
Progress (5): 134 kB | 0.7/3.8 MB | 606/857 kB | 16 kB | 0/2.5 MB
Progress (5): 134 kB | 0.7/3.8 MB | 606/857 kB | 16 kB | 0/2.5 MB
Progress (5): 134 kB | 0.7/3.8 MB | 622/857 kB | 16 kB | 0/2.5 MB
Progress (5): 134 kB | 0.7/3.8 MB | 622/857 kB | 16 kB | 0/2.5 MB
Progress (5): 134 kB | 0.8/3.8 MB | 622/857 kB | 16 kB | 0/2.5 MB
Progress (5): 134 kB | 0.8/3.8 MB | 639/857 kB | 16 kB | 0/2.5 MB
Progress (5): 134 kB | 0.8/3.8 MB | 639/857 kB | 16 kB | 0.1/2.5 MB
Progress (5): 134 kB | 0.8/3.8 MB | 639/857 kB | 16 kB | 0.1/2.5 MB
Progress (5): 134 kB | 0.8/3.8 MB | 655/857 kB | 16 kB | 0.1/2.5 MB
Progress (5): 134 kB | 0.8/3.8 MB | 655/857 kB | 16 kB | 0.1/2.5 MB
Progress (5): 134 kB | 0.8/3.8 MB | 655/857 kB | 16 kB | 0.1/2.5 MB
Progress (5): 134 kB | 0.8/3.8 MB | 671/857 kB | 16 kB | 0.1/2.5 MB
Progress (5): 134 kB | 0.8/3.8 MB | 671/857 kB | 16 kB | 0.1/2.5 MB
Progress (5): 134 kB | 0.8/3.8 MB | 688/857 kB | 16 kB | 0.1/2.5 MB
Progress (5): 134 kB | 0.8/3.8 MB | 688/857 kB | 16 kB | 0.1/2.5 MB
Progress (5): 134 kB | 0.8/3.8 MB | 688/857 kB | 16 kB | 0.1/2.5 MB
Progress (5): 134 kB | 0.8/3.8 MB | 704/857 kB | 16 kB | 0.1/2.5 MB
Progress (5): 134 kB | 0.8/3.8 MB | 704/857 kB | 16 kB | 0.1/2.5 MB
Progress (5): 134 kB | 0.8/3.8 MB | 720/857 kB | 16 kB | 0.1/2.5 MB
Progress (5): 134 kB | 0.8/3.8 MB | 720/857 kB | 16 kB | 0.1/2.5 MB
Progress (5): 134 kB | 0.8/3.8 MB | 720/857 kB | 16 kB | 0.1/2.5 MB
Progress (5): 134 kB | 0.8/3.8 MB | 737/857 kB | 16 kB | 0.1/2.5 MB
Progress (5): 134 kB | 0.8/3.8 MB | 737/857 kB | 16 kB | 0.1/2.5 MB
Progress (5): 134 kB | 0.9/3.8 MB | 737/857 kB | 16 kB | 0.1/2.5 MB
Progress (5): 134 kB | 0.9/3.8 MB | 737/857 kB | 16 kB | 0.1/2.5 MB
Progress (5): 134 kB | 0.9/3.8 MB | 753/857 kB | 16 kB | 0.1/2.5 MB
Progress (5): 134 kB | 0.9/3.8 MB | 753/857 kB | 16 kB | 0.1/2.5 MB
Progress (5): 134 kB | 0.9/3.8 MB | 753/857 kB | 16 kB | 0.2/2.5 MB
Progress (5): 134 kB | 0.9/3.8 MB | 770/857 kB | 16 kB | 0.2/2.5 MB
Progress (5): 134 kB | 0.9/3.8 MB | 770/857 kB | 16 kB | 0.2/2.5 MB
Progress (5): 134 kB | 0.9/3.8 MB | 770/857 kB | 16 kB | 0.2/2.5 MB
Progress (5): 134 kB | 0.9/3.8 MB | 786/857 kB | 16 kB | 0.2/2.5 MB
Progress (5): 134 kB | 0.9/3.8 MB | 786/857 kB | 16 kB | 0.2/2.5 MB
                                                                   
Downloaded from central: https://repo1.maven.org/maven2/com/sun/jersey/jersey-client/1.19.4/jersey-client-1.19.4.jar (134 kB at 64 kB/s)
Downloading from central: https://repo1.maven.org/maven2/com/fasterxml/jackson/module/jackson-module-jaxb-annotations/2.16.1/jackson-module-jaxb-annotations-2.16.1.jar
Progress (4): 0.9/3.8 MB | 786/857 kB | 16 kB | 0.2/2.5 MB
Progress (4): 0.9/3.8 MB | 786/857 kB | 16 kB | 0.2/2.5 MB
Progress (4): 0.9/3.8 MB | 786/857 kB | 16 kB | 0.2/2.5 MB
Progress (4): 0.9/3.8 MB | 786/857 kB | 16 kB | 0.2/2.5 MB
Progress (4): 0.9/3.8 MB | 786/857 kB | 16 kB | 0.2/2.5 MB
Progress (4): 0.9/3.8 MB | 802/857 kB | 16 kB | 0.2/2.5 MB
Progress (4): 0.9/3.8 MB | 802/857 kB | 16 kB | 0.2/2.5 MB
Progress (4): 0.9/3.8 MB | 802/857 kB | 16 kB | 0.2/2.5 MB
Progress (4): 0.9/3.8 MB | 802/857 kB | 16 kB | 0.2/2.5 MB
Progress (4): 1.0/3.8 MB | 802/857 kB | 16 kB | 0.2/2.5 MB
Progress (4): 1.0/3.8 MB | 802/857 kB | 16 kB | 0.3/2.5 MB
Progress (4): 1.0/3.8 MB | 802/857 kB | 16 kB | 0.3/2.5 MB
Progress (4): 1.0/3.8 MB | 802/857 kB | 16 kB | 0.3/2.5 MB
Progress (4): 1.0/3.8 MB | 802/857 kB | 16 kB | 0.3/2.5 MB
Progress (4): 1.0/3.8 MB | 802/857 kB | 16 kB | 0.3/2.5 MB
Progress (4): 1.0/3.8 MB | 802/857 kB | 16 kB | 0.3/2.5 MB
Progress (4): 1.0/3.8 MB | 802/857 kB | 16 kB | 0.3/2.5 MB
Progress (4): 1.0/3.8 MB | 802/857 kB | 16 kB | 0.3/2.5 MB
Progress (4): 1.0/3.8 MB | 802/857 kB | 16 kB | 0.3/2.5 MB
Progress (4): 1.0/3.8 MB | 802/857 kB | 16 kB | 0.3/2.5 MB
Progress (4): 1.0/3.8 MB | 802/857 kB | 16 kB | 0.3/2.5 MB
Progress (4): 1.0/3.8 MB | 802/857 kB | 16 kB | 0.3/2.5 MB
Progress (4): 1.0/3.8 MB | 819/857 kB | 16 kB | 0.3/2.5 MB
Progress (4): 1.0/3.8 MB | 819/857 kB | 16 kB | 0.3/2.5 MB
Progress (4): 1.1/3.8 MB | 819/857 kB | 16 kB | 0.3/2.5 MB
Progress (4): 1.1/3.8 MB | 819/857 kB | 16 kB | 0.4/2.5 MB
Progress (4): 1.1/3.8 MB | 835/857 kB | 16 kB | 0.4/2.5 MB
Progress (4): 1.1/3.8 MB | 835/857 kB | 16 kB | 0.4/2.5 MB
Progress (4): 1.1/3.8 MB | 835/857 kB | 16 kB | 0.4/2.5 MB
Progress (4): 1.1/3.8 MB | 835/857 kB | 16 kB | 0.4/2.5 MB
Progress (4): 1.1/3.8 MB | 835/857 kB | 16 kB | 0.4/2.5 MB
                                                          
Downloaded from central: https://repo1.maven.org/maven2/com/sun/jersey/contribs/jersey-guice/1.19.4/jersey-guice-1.19.4.jar (16 kB at 7.7 kB/s)
Downloading from central: https://repo1.maven.org/maven2/com/fasterxml/jackson/jaxrs/jackson-jaxrs-json-provider/2.16.1/jackson-jaxrs-json-provider-2.16.1.jar
Progress (3): 1.1/3.8 MB | 835/857 kB | 0.4/2.5 MB
Progress (3): 1.1/3.8 MB | 835/857 kB | 0.4/2.5 MB
Progress (3): 1.1/3.8 MB | 835/857 kB | 0.4/2.5 MB
Progress (3): 1.1/3.8 MB | 835/857 kB | 0.4/2.5 MB
Progress (3): 1.1/3.8 MB | 835/857 kB | 0.4/2.5 MB
Progress (3): 1.1/3.8 MB | 835/857 kB | 0.4/2.5 MB
Progress (3): 1.2/3.8 MB | 835/857 kB | 0.4/2.5 MB
Progress (3): 1.2/3.8 MB | 835/857 kB | 0.5/2.5 MB
Progress (3): 1.2/3.8 MB | 835/857 kB | 0.5/2.5 MB
Progress (3): 1.2/3.8 MB | 835/857 kB | 0.5/2.5 MB
Progress (3): 1.2/3.8 MB | 835/857 kB | 0.5/2.5 MB
Progress (3): 1.2/3.8 MB | 835/857 kB | 0.5/2.5 MB
Progress (3): 1.2/3.8 MB | 835/857 kB | 0.5/2.5 MB
Progress (3): 1.2/3.8 MB | 835/857 kB | 0.5/2.5 MB
Progress (3): 1.2/3.8 MB | 835/857 kB | 0.5/2.5 MB
Progress (3): 1.2/3.8 MB | 835/857 kB | 0.5/2.5 MB
Progress (3): 1.2/3.8 MB | 835/857 kB | 0.5/2.5 MB
Progress (3): 1.2/3.8 MB | 835/857 kB | 0.5/2.5 MB
Progress (3): 1.2/3.8 MB | 835/857 kB | 0.5/2.5 MB
Progress (3): 1.3/3.8 MB | 835/857 kB | 0.5/2.5 MB
Progress (3): 1.3/3.8 MB | 835/857 kB | 0.5/2.5 MB
Progress (3): 1.3/3.8 MB | 835/857 kB | 0.5/2.5 MB
Progress (3): 1.3/3.8 MB | 835/857 kB | 0.5/2.5 MB
Progress (3): 1.3/3.8 MB | 835/857 kB | 0.6/2.5 MB
Progress (3): 1.3/3.8 MB | 835/857 kB | 0.6/2.5 MB
Progress (3): 1.3/3.8 MB | 852/857 kB | 0.6/2.5 MB
Progress (3): 1.3/3.8 MB | 857 kB | 0.6/2.5 MB    
Progress (3): 1.3/3.8 MB | 857 kB | 0.6/2.5 MB
Progress (3): 1.3/3.8 MB | 857 kB | 0.6/2.5 MB
Progress (3): 1.3/3.8 MB | 857 kB | 0.6/2.5 MB
Progress (3): 1.3/3.8 MB | 857 kB | 0.6/2.5 MB
Progress (3): 1.3/3.8 MB | 857 kB | 0.6/2.5 MB
Progress (3): 1.3/3.8 MB | 857 kB | 0.6/2.5 MB
Progress (3): 1.3/3.8 MB | 857 kB | 0.6/2.5 MB
Progress (3): 1.3/3.8 MB | 857 kB | 0.6/2.5 MB
Progress (3): 1.4/3.8 MB | 857 kB | 0.6/2.5 MB
Progress (3): 1.4/3.8 MB | 857 kB | 0.7/2.5 MB
Progress (3): 1.4/3.8 MB | 857 kB | 0.7/2.5 MB
Progress (3): 1.4/3.8 MB | 857 kB | 0.7/2.5 MB
Progress (3): 1.4/3.8 MB | 857 kB | 0.7/2.5 MB
Progress (3): 1.4/3.8 MB | 857 kB | 0.7/2.5 MB
Progress (3): 1.4/3.8 MB | 857 kB | 0.7/2.5 MB
Progress (3): 1.4/3.8 MB | 857 kB | 0.7/2.5 MB
Progress (3): 1.4/3.8 MB | 857 kB | 0.7/2.5 MB
Progress (3): 1.4/3.8 MB | 857 kB | 0.7/2.5 MB
Progress (3): 1.4/3.8 MB | 857 kB | 0.7/2.5 MB
Progress (3): 1.4/3.8 MB | 857 kB | 0.7/2.5 MB
Progress (3): 1.4/3.8 MB | 857 kB | 0.7/2.5 MB
Progress (3): 1.4/3.8 MB | 857 kB | 0.7/2.5 MB
Progress (3): 1.5/3.8 MB | 857 kB | 0.7/2.5 MB
Progress (3): 1.5/3.8 MB | 857 kB | 0.8/2.5 MB
Progress (3): 1.5/3.8 MB | 857 kB | 0.8/2.5 MB
Progress (3): 1.5/3.8 MB | 857 kB | 0.8/2.5 MB
Progress (3): 1.5/3.8 MB | 857 kB | 0.8/2.5 MB
Progress (3): 1.5/3.8 MB | 857 kB | 0.8/2.5 MB
Progress (3): 1.5/3.8 MB | 857 kB | 0.8/2.5 MB
Progress (3): 1.5/3.8 MB | 857 kB | 0.8/2.5 MB
Progress (3): 1.5/3.8 MB | 857 kB | 0.9/2.5 MB
Progress (3): 1.5/3.8 MB | 857 kB | 0.9/2.5 MB
Progress (3): 1.5/3.8 MB | 857 kB | 0.9/2.5 MB
Progress (3): 1.5/3.8 MB | 857 kB | 0.9/2.5 MB
Progress (3): 1.5/3.8 MB | 857 kB | 0.9/2.5 MB
Progress (3): 1.5/3.8 MB | 857 kB | 0.9/2.5 MB
Progress (3): 1.5/3.8 MB | 857 kB | 0.9/2.5 MB
Progress (3): 1.5/3.8 MB | 857 kB | 1.0/2.5 MB
Progress (3): 1.5/3.8 MB | 857 kB | 1.0/2.5 MB
Progress (3): 1.5/3.8 MB | 857 kB | 1.0/2.5 MB
Progress (3): 1.5/3.8 MB | 857 kB | 1.0/2.5 MB
Progress (3): 1.5/3.8 MB | 857 kB | 1.0/2.5 MB
Progress (3): 1.5/3.8 MB | 857 kB | 1.0/2.5 MB
Progress (3): 1.5/3.8 MB | 857 kB | 1.0/2.5 MB
Progress (3): 1.5/3.8 MB | 857 kB | 1.0/2.5 MB
Progress (3): 1.5/3.8 MB | 857 kB | 1.1/2.5 MB
Progress (3): 1.5/3.8 MB | 857 kB | 1.1/2.5 MB
Progress (3): 1.5/3.8 MB | 857 kB | 1.1/2.5 MB
Progress (3): 1.5/3.8 MB | 857 kB | 1.1/2.5 MB
Progress (3): 1.5/3.8 MB | 857 kB | 1.1/2.5 MB
Progress (3): 1.5/3.8 MB | 857 kB | 1.1/2.5 MB
Progress (3): 1.5/3.8 MB | 857 kB | 1.1/2.5 MB
Progress (3): 1.5/3.8 MB | 857 kB | 1.2/2.5 MB
Progress (3): 1.5/3.8 MB | 857 kB | 1.2/2.5 MB
Progress (3): 1.5/3.8 MB | 857 kB | 1.2/2.5 MB
Progress (3): 1.5/3.8 MB | 857 kB | 1.2/2.5 MB
Progress (3): 1.6/3.8 MB | 857 kB | 1.2/2.5 MB
Progress (3): 1.6/3.8 MB | 857 kB | 1.2/2.5 MB
Progress (3): 1.6/3.8 MB | 857 kB | 1.2/2.5 MB
Progress (3): 1.6/3.8 MB | 857 kB | 1.2/2.5 MB
Progress (3): 1.6/3.8 MB | 857 kB | 1.3/2.5 MB
Progress (3): 1.6/3.8 MB | 857 kB | 1.3/2.5 MB
Progress (3): 1.6/3.8 MB | 857 kB | 1.3/2.5 MB
Progress (3): 1.6/3.8 MB | 857 kB | 1.3/2.5 MB
Progress (3): 1.6/3.8 MB | 857 kB | 1.3/2.5 MB
Progress (3): 1.6/3.8 MB | 857 kB | 1.3/2.5 MB
Progress (3): 1.6/3.8 MB | 857 kB | 1.3/2.5 MB
Progress (3): 1.6/3.8 MB | 857 kB | 1.3/2.5 MB
Progress (3): 1.6/3.8 MB | 857 kB | 1.4/2.5 MB
Progress (3): 1.6/3.8 MB | 857 kB | 1.4/2.5 MB
Progress (3): 1.6/3.8 MB | 857 kB | 1.4/2.5 MB
Progress (3): 1.6/3.8 MB | 857 kB | 1.4/2.5 MB
Progress (3): 1.6/3.8 MB | 857 kB | 1.4/2.5 MB
Progress (3): 1.6/3.8 MB | 857 kB | 1.4/2.5 MB
Progress (3): 1.6/3.8 MB | 857 kB | 1.4/2.5 MB
Progress (3): 1.6/3.8 MB | 857 kB | 1.4/2.5 MB
Progress (3): 1.6/3.8 MB | 857 kB | 1.4/2.5 MB
Progress (3): 1.6/3.8 MB | 857 kB | 1.5/2.5 MB
                                              
Downloaded from central: https://repo1.maven.org/maven2/com/google/inject/guice/4.2.3/guice-4.2.3.jar (857 kB at 407 kB/s)
Progress (2): 1.7/3.8 MB | 1.5/2.5 MB
                                     
Downloading from central: https://repo1.maven.org/maven2/com/fasterxml/jackson/jaxrs/jackson-jaxrs-base/2.16.1/jackson-jaxrs-base-2.16.1.jar
Progress (2): 1.7/3.8 MB | 1.5/2.5 MB
Progress (2): 1.7/3.8 MB | 1.5/2.5 MB
Progress (2): 1.7/3.8 MB | 1.5/2.5 MB
Progress (2): 1.7/3.8 MB | 1.5/2.5 MB
Progress (2): 1.7/3.8 MB | 1.5/2.5 MB
Progress (2): 1.7/3.8 MB | 1.5/2.5 MB
Progress (2): 1.7/3.8 MB | 1.5/2.5 MB
Progress (2): 1.7/3.8 MB | 1.5/2.5 MB
Progress (2): 1.7/3.8 MB | 1.5/2.5 MB
Progress (2): 1.7/3.8 MB | 1.6/2.5 MB
Progress (2): 1.7/3.8 MB | 1.6/2.5 MB
Progress (2): 1.7/3.8 MB | 1.6/2.5 MB
Progress (2): 1.7/3.8 MB | 1.6/2.5 MB
Progress (2): 1.8/3.8 MB | 1.6/2.5 MB
Progress (2): 1.8/3.8 MB | 1.6/2.5 MB
Progress (2): 1.8/3.8 MB | 1.6/2.5 MB
Progress (2): 1.8/3.8 MB | 1.6/2.5 MB
Progress (2): 1.8/3.8 MB | 1.6/2.5 MB
Progress (2): 1.8/3.8 MB | 1.7/2.5 MB
Progress (2): 1.8/3.8 MB | 1.7/2.5 MB
Progress (2): 1.8/3.8 MB | 1.7/2.5 MB
Progress (2): 1.8/3.8 MB | 1.7/2.5 MB
Progress (2): 1.8/3.8 MB | 1.7/2.5 MB
Progress (2): 1.8/3.8 MB | 1.7/2.5 MB
Progress (2): 1.8/3.8 MB | 1.7/2.5 MB
Progress (2): 1.8/3.8 MB | 1.8/2.5 MB
Progress (2): 1.8/3.8 MB | 1.8/2.5 MB
Progress (2): 1.8/3.8 MB | 1.8/2.5 MB
Progress (2): 1.8/3.8 MB | 1.8/2.5 MB
Progress (2): 1.8/3.8 MB | 1.8/2.5 MB
Progress (2): 1.8/3.8 MB | 1.8/2.5 MB
Progress (2): 1.8/3.8 MB | 1.9/2.5 MB
Progress (2): 1.8/3.8 MB | 1.9/2.5 MB
Progress (2): 1.8/3.8 MB | 1.9/2.5 MB
Progress (2): 1.8/3.8 MB | 1.9/2.5 MB
Progress (2): 1.8/3.8 MB | 1.9/2.5 MB
Progress (2): 1.8/3.8 MB | 1.9/2.5 MB
Progress (2): 1.8/3.8 MB | 1.9/2.5 MB
Progress (2): 1.8/3.8 MB | 1.9/2.5 MB
Progress (2): 1.8/3.8 MB | 1.9/2.5 MB
Progress (2): 1.9/3.8 MB | 1.9/2.5 MB
Progress (2): 1.9/3.8 MB | 1.9/2.5 MB
Progress (2): 1.9/3.8 MB | 1.9/2.5 MB
Progress (2): 1.9/3.8 MB | 1.9/2.5 MB
Progress (2): 1.9/3.8 MB | 1.9/2.5 MB
Progress (2): 1.9/3.8 MB | 1.9/2.5 MB
Progress (2): 1.9/3.8 MB | 1.9/2.5 MB
Progress (2): 1.9/3.8 MB | 1.9/2.5 MB
Progress (2): 1.9/3.8 MB | 2.0/2.5 MB
Progress (2): 1.9/3.8 MB | 2.0/2.5 MB
Progress (2): 1.9/3.8 MB | 2.0/2.5 MB
Progress (2): 1.9/3.8 MB | 2.0/2.5 MB
Progress (2): 1.9/3.8 MB | 2.0/2.5 MB
Progress (2): 2.0/3.8 MB | 2.0/2.5 MB
Progress (2): 2.0/3.8 MB | 2.0/2.5 MB
Progress (2): 2.0/3.8 MB | 2.0/2.5 MB
Progress (2): 2.0/3.8 MB | 2.1/2.5 MB
Progress (2): 2.0/3.8 MB | 2.1/2.5 MB
Progress (2): 2.0/3.8 MB | 2.1/2.5 MB
Progress (2): 2.0/3.8 MB | 2.1/2.5 MB
Progress (2): 2.0/3.8 MB | 2.1/2.5 MB
Progress (2): 2.0/3.8 MB | 2.1/2.5 MB
Progress (2): 2.1/3.8 MB | 2.1/2.5 MB
Progress (2): 2.1/3.8 MB | 2.1/2.5 MB
Progress (2): 2.1/3.8 MB | 2.1/2.5 MB
Progress (2): 2.1/3.8 MB | 2.1/2.5 MB
Progress (2): 2.1/3.8 MB | 2.1/2.5 MB
Progress (2): 2.1/3.8 MB | 2.1/2.5 MB
Progress (2): 2.1/3.8 MB | 2.1/2.5 MB
Progress (2): 2.1/3.8 MB | 2.1/2.5 MB
Progress (2): 2.1/3.8 MB | 2.1/2.5 MB
Progress (2): 2.1/3.8 MB | 2.1/2.5 MB
Progress (2): 2.1/3.8 MB | 2.1/2.5 MB
Progress (2): 2.2/3.8 MB | 2.1/2.5 MB
Progress (2): 2.2/3.8 MB | 2.1/2.5 MB
Progress (2): 2.2/3.8 MB | 2.2/2.5 MB
Progress (2): 2.2/3.8 MB | 2.2/2.5 MB
Progress (2): 2.2/3.8 MB | 2.2/2.5 MB
Progress (2): 2.2/3.8 MB | 2.2/2.5 MB
Progress (2): 2.2/3.8 MB | 2.2/2.5 MB
Progress (2): 2.2/3.8 MB | 2.2/2.5 MB
Progress (2): 2.2/3.8 MB | 2.3/2.5 MB
Progress (2): 2.2/3.8 MB | 2.3/2.5 MB
Progress (2): 2.2/3.8 MB | 2.3/2.5 MB
Progress (2): 2.2/3.8 MB | 2.3/2.5 MB
Progress (2): 2.2/3.8 MB | 2.3/2.5 MB
Progress (2): 2.2/3.8 MB | 2.3/2.5 MB
Progress (2): 2.2/3.8 MB | 2.3/2.5 MB
Progress (2): 2.2/3.8 MB | 2.3/2.5 MB
Progress (2): 2.2/3.8 MB | 2.3/2.5 MB
Progress (2): 2.2/3.8 MB | 2.4/2.5 MB
Progress (2): 2.2/3.8 MB | 2.4/2.5 MB
Progress (2): 2.2/3.8 MB | 2.4/2.5 MB
Progress (2): 2.2/3.8 MB | 2.4/2.5 MB
Progress (2): 2.2/3.8 MB | 2.4/2.5 MB
Progress (2): 2.3/3.8 MB | 2.4/2.5 MB
Progress (2): 2.3/3.8 MB | 2.4/2.5 MB
Progress (2): 2.3/3.8 MB | 2.4/2.5 MB
Progress (2): 2.3/3.8 MB | 2.4/2.5 MB
Progress (2): 2.3/3.8 MB | 2.4/2.5 MB
Progress (2): 2.3/3.8 MB | 2.4/2.5 MB
Progress (2): 2.3/3.8 MB | 2.4/2.5 MB
Progress (2): 2.3/3.8 MB | 2.4/2.5 MB
Progress (2): 2.3/3.8 MB | 2.4/2.5 MB
Progress (2): 2.3/3.8 MB | 2.5/2.5 MB
Progress (2): 2.4/3.8 MB | 2.5/2.5 MB
Progress (2): 2.4/3.8 MB | 2.5/2.5 MB
Progress (2): 2.4/3.8 MB | 2.5/2.5 MB
Progress (2): 2.4/3.8 MB | 2.5/2.5 MB
Progress (2): 2.4/3.8 MB | 2.5/2.5 MB
Progress (2): 2.4/3.8 MB | 2.5/2.5 MB
Progress (2): 2.4/3.8 MB | 2.5/2.5 MB
Progress (2): 2.4/3.8 MB | 2.5/2.5 MB
Progress (2): 2.4/3.8 MB | 2.5/2.5 MB
Progress (2): 2.4/3.8 MB | 2.5 MB    
Progress (2): 2.5/3.8 MB | 2.5 MB
Progress (2): 2.5/3.8 MB | 2.5 MB
Progress (2): 2.5/3.8 MB | 2.5 MB
Progress (2): 2.5/3.8 MB | 2.5 MB
Progress (2): 2.5/3.8 MB | 2.5 MB
Progress (2): 2.5/3.8 MB | 2.5 MB
Progress (2): 2.6/3.8 MB | 2.5 MB
Progress (2): 2.6/3.8 MB | 2.5 MB
Progress (2): 2.6/3.8 MB | 2.5 MB
Progress (2): 2.6/3.8 MB | 2.5 MB
Progress (2): 2.6/3.8 MB | 2.5 MB
Progress (2): 2.6/3.8 MB | 2.5 MB
Progress (2): 2.7/3.8 MB | 2.5 MB
Progress (2): 2.7/3.8 MB | 2.5 MB
Progress (2): 2.7/3.8 MB | 2.5 MB
Progress (2): 2.7/3.8 MB | 2.5 MB
Progress (2): 2.7/3.8 MB | 2.5 MB
Progress (2): 2.7/3.8 MB | 2.5 MB
Progress (2): 2.8/3.8 MB | 2.5 MB
Progress (2): 2.8/3.8 MB | 2.5 MB
Progress (2): 2.8/3.8 MB | 2.5 MB
Progress (2): 2.8/3.8 MB | 2.5 MB
Progress (2): 2.8/3.8 MB | 2.5 MB
Progress (2): 2.8/3.8 MB | 2.5 MB
Progress (2): 2.9/3.8 MB | 2.5 MB
Progress (2): 2.9/3.8 MB | 2.5 MB
Progress (2): 2.9/3.8 MB | 2.5 MB
Progress (2): 2.9/3.8 MB | 2.5 MB
Progress (2): 2.9/3.8 MB | 2.5 MB
Progress (2): 2.9/3.8 MB | 2.5 MB
Progress (2): 2.9/3.8 MB | 2.5 MB
Progress (2): 3.0/3.8 MB | 2.5 MB
Progress (2): 3.0/3.8 MB | 2.5 MB
Progress (2): 3.0/3.8 MB | 2.5 MB
Progress (2): 3.0/3.8 MB | 2.5 MB
Progress (2): 3.0/3.8 MB | 2.5 MB
Progress (2): 3.0/3.8 MB | 2.5 MB
Progress (2): 3.1/3.8 MB | 2.5 MB
Progress (2): 3.1/3.8 MB | 2.5 MB
Progress (2): 3.1/3.8 MB | 2.5 MB
Progress (2): 3.1/3.8 MB | 2.5 MB
Progress (2): 3.1/3.8 MB | 2.5 MB
Progress (2): 3.1/3.8 MB | 2.5 MB
Progress (2): 3.2/3.8 MB | 2.5 MB
Progress (2): 3.2/3.8 MB | 2.5 MB
Progress (2): 3.2/3.8 MB | 2.5 MB
Progress (2): 3.2/3.8 MB | 2.5 MB
Progress (2): 3.2/3.8 MB | 2.5 MB
Progress (2): 3.2/3.8 MB | 2.5 MB
Progress (2): 3.3/3.8 MB | 2.5 MB
Progress (2): 3.3/3.8 MB | 2.5 MB
Progress (2): 3.3/3.8 MB | 2.5 MB
Progress (2): 3.3/3.8 MB | 2.5 MB
Progress (2): 3.3/3.8 MB | 2.5 MB
Progress (2): 3.3/3.8 MB | 2.5 MB
Progress (2): 3.4/3.8 MB | 2.5 MB
Progress (2): 3.4/3.8 MB | 2.5 MB
Progress (2): 3.4/3.8 MB | 2.5 MB
Progress (2): 3.4/3.8 MB | 2.5 MB
Progress (2): 3.4/3.8 MB | 2.5 MB
Progress (2): 3.4/3.8 MB | 2.5 MB
Progress (3): 3.4/3.8 MB | 2.5 MB | 7.7/32 kB
Progress (4): 3.4/3.8 MB | 2.5 MB | 7.7/32 kB | 7.7/37 kB
Progress (4): 3.5/3.8 MB | 2.5 MB | 7.7/32 kB | 7.7/37 kB
Progress (4): 3.5/3.8 MB | 2.5 MB | 16/32 kB | 7.7/37 kB 
Progress (4): 3.5/3.8 MB | 2.5 MB | 16/32 kB | 7.7/37 kB
Progress (4): 3.5/3.8 MB | 2.5 MB | 16/32 kB | 7.7/37 kB
Progress (4): 3.5/3.8 MB | 2.5 MB | 32 kB | 7.7/37 kB   
Progress (4): 3.5/3.8 MB | 2.5 MB | 32 kB | 7.7/37 kB
Progress (4): 3.5/3.8 MB | 2.5 MB | 32 kB | 7.7/37 kB
Progress (4): 3.5/3.8 MB | 2.5 MB | 32 kB | 7.7/37 kB
Progress (4): 3.6/3.8 MB | 2.5 MB | 32 kB | 7.7/37 kB
Progress (4): 3.6/3.8 MB | 2.5 MB | 32 kB | 7.7/37 kB
Progress (4): 3.6/3.8 MB | 2.5 MB | 32 kB | 16/37 kB 
Progress (4): 3.6/3.8 MB | 2.5 MB | 32 kB | 16/37 kB
Progress (5): 3.6/3.8 MB | 2.5 MB | 32 kB | 16/37 kB | 7.7/17 kB
Progress (5): 3.6/3.8 MB | 2.5 MB | 32 kB | 32/37 kB | 7.7/17 kB
Progress (5): 3.6/3.8 MB | 2.5 MB | 32 kB | 37 kB | 7.7/17 kB   
Progress (5): 3.6/3.8 MB | 2.5 MB | 32 kB | 37 kB | 7.7/17 kB
Progress (5): 3.6/3.8 MB | 2.5 MB | 32 kB | 37 kB | 7.7/17 kB
Progress (5): 3.6/3.8 MB | 2.5 MB | 32 kB | 37 kB | 16/17 kB 
Progress (5): 3.6/3.8 MB | 2.5 MB | 32 kB | 37 kB | 16/17 kB
Progress (5): 3.6/3.8 MB | 2.5 MB | 32 kB | 37 kB | 17 kB   
Progress (5): 3.7/3.8 MB | 2.5 MB | 32 kB | 37 kB | 17 kB
Progress (5): 3.7/3.8 MB | 2.5 MB | 32 kB | 37 kB | 17 kB
Progress (5): 3.7/3.8 MB | 2.5 MB | 32 kB | 37 kB | 17 kB
Progress (5): 3.7/3.8 MB | 2.5 MB | 32 kB | 37 kB | 17 kB
Progress (5): 3.7/3.8 MB | 2.5 MB | 32 kB | 37 kB | 17 kB
Progress (5): 3.7/3.8 MB | 2.5 MB | 32 kB | 37 kB | 17 kB
Progress (5): 3.8/3.8 MB | 2.5 MB | 32 kB | 37 kB | 17 kB
Progress (5): 3.8/3.8 MB | 2.5 MB | 32 kB | 37 kB | 17 kB
Progress (5): 3.8/3.8 MB | 2.5 MB | 32 kB | 37 kB | 17 kB
Progress (5): 3.8/3.8 MB | 2.5 MB | 32 kB | 37 kB | 17 kB
Progress (5): 3.8/3.8 MB | 2.5 MB | 32 kB | 37 kB | 17 kB
Progress (5): 3.8 MB | 2.5 MB | 32 kB | 37 kB | 17 kB    
                                                     
Downloaded from central: https://repo1.maven.org/maven2/com/fasterxml/jackson/jaxrs/jackson-jaxrs-base/2.16.1/jackson-jaxrs-base-2.16.1.jar (32 kB at 15 kB/s)
Downloading from central: https://repo1.maven.org/maven2/org/apache/hadoop/hadoop-hdfs-client/3.4.2/hadoop-hdfs-client-3.4.2.jar
Downloaded from central: https://repo1.maven.org/maven2/com/fasterxml/jackson/module/jackson-module-jaxb-annotations/2.16.1/jackson-module-jaxb-annotations-2.16.1.jar (37 kB at 17 kB/s)
Downloading from central: https://repo1.maven.org/maven2/com/google/inject/extensions/guice-servlet/4.2.3/guice-servlet-4.2.3.jar
Downloaded from central: https://repo1.maven.org/maven2/com/fasterxml/jackson/jaxrs/jackson-jaxrs-json-provider/2.16.1/jackson-jaxrs-json-provider-2.16.1.jar (17 kB at 7.7 kB/s)
Downloading from central: https://repo1.maven.org/maven2/javax/ws/rs/javax.ws.rs-api/2.0.1/javax.ws.rs-api-2.0.1.jar
Downloaded from central: https://repo1.maven.org/maven2/org/apache/hadoop/hadoop-yarn-common/3.4.2/hadoop-yarn-common-3.4.2.jar (2.5 MB at 1.2 MB/s)
Downloading from central: https://repo1.maven.org/maven2/org/apache/hive/hive-standalone-metastore-common/4.3.0-SNAPSHOT/hive-standalone-metastore-common-4.3.0-SNAPSHOT-tests.jar
Downloaded from central: https://repo1.maven.org/maven2/org/apache/hadoop/hadoop-yarn-api/3.4.2/hadoop-yarn-api-3.4.2.jar (3.8 MB at 1.8 MB/s)
Downloading from central: https://repo1.maven.org/maven2/org/apache/hive/hive-standalone-metastore-server/4.3.0-SNAPSHOT/hive-standalone-metastore-server-4.3.0-SNAPSHOT-tests.jar
Progress (1): 7.7/116 kB
Progress (2): 7.7/116 kB | 7.7/82 kB
Progress (2): 7.7/116 kB | 8.2/82 kB
Progress (2): 16/116 kB | 8.2/82 kB 
Progress (2): 32/116 kB | 8.2/82 kB
Progress (2): 49/116 kB | 8.2/82 kB
Progress (3): 49/116 kB | 8.2/82 kB | 0/5.6 MB
Progress (3): 49/116 kB | 16/82 kB | 0/5.6 MB 
Progress (3): 65/116 kB | 16/82 kB | 0/5.6 MB
Progress (3): 65/116 kB | 33/82 kB | 0/5.6 MB
Progress (3): 65/116 kB | 49/82 kB | 0/5.6 MB
Progress (3): 81/116 kB | 49/82 kB | 0/5.6 MB
Progress (3): 81/116 kB | 66/82 kB | 0/5.6 MB
Progress (3): 98/116 kB | 66/82 kB | 0/5.6 MB
Progress (3): 98/116 kB | 66/82 kB | 0/5.6 MB
Progress (3): 114/116 kB | 66/82 kB | 0/5.6 MB
Progress (3): 116 kB | 66/82 kB | 0/5.6 MB    
Progress (3): 116 kB | 66/82 kB | 0/5.6 MB
Progress (3): 116 kB | 82 kB | 0/5.6 MB   
Progress (3): 116 kB | 82 kB | 0/5.6 MB
Progress (3): 116 kB | 82 kB | 0.1/5.6 MB
Progress (3): 116 kB | 82 kB | 0.1/5.6 MB
Progress (3): 116 kB | 82 kB | 0.1/5.6 MB
Progress (3): 116 kB | 82 kB | 0.1/5.6 MB
Progress (3): 116 kB | 82 kB | 0.1/5.6 MB
Progress (3): 116 kB | 82 kB | 0.1/5.6 MB
Progress (3): 116 kB | 82 kB | 0.2/5.6 MB
Progress (3): 116 kB | 82 kB | 0.2/5.6 MB
Progress (3): 116 kB | 82 kB | 0.2/5.6 MB
Progress (3): 116 kB | 82 kB | 0.2/5.6 MB
Progress (3): 116 kB | 82 kB | 0.2/5.6 MB
Progress (3): 116 kB | 82 kB | 0.2/5.6 MB
Progress (3): 116 kB | 82 kB | 0.3/5.6 MB
Progress (3): 116 kB | 82 kB | 0.3/5.6 MB
Progress (3): 116 kB | 82 kB | 0.3/5.6 MB
Progress (3): 116 kB | 82 kB | 0.3/5.6 MB
Progress (3): 116 kB | 82 kB | 0.3/5.6 MB
Progress (3): 116 kB | 82 kB | 0.3/5.6 MB
Progress (3): 116 kB | 82 kB | 0.4/5.6 MB
Progress (3): 116 kB | 82 kB | 0.4/5.6 MB
Progress (3): 116 kB | 82 kB | 0.4/5.6 MB
Progress (3): 116 kB | 82 kB | 0.4/5.6 MB
Progress (3): 116 kB | 82 kB | 0.4/5.6 MB
Progress (3): 116 kB | 82 kB | 0.4/5.6 MB
Progress (3): 116 kB | 82 kB | 0.5/5.6 MB
Progress (3): 116 kB | 82 kB | 0.5/5.6 MB
Progress (3): 116 kB | 82 kB | 0.5/5.6 MB
Progress (3): 116 kB | 82 kB | 0.5/5.6 MB
Progress (3): 116 kB | 82 kB | 0.5/5.6 MB
Progress (3): 116 kB | 82 kB | 0.5/5.6 MB
Progress (3): 116 kB | 82 kB | 0.6/5.6 MB
Progress (3): 116 kB | 82 kB | 0.6/5.6 MB
Progress (3): 116 kB | 82 kB | 0.6/5.6 MB
Progress (3): 116 kB | 82 kB | 0.6/5.6 MB
Progress (3): 116 kB | 82 kB | 0.6/5.6 MB
Progress (3): 116 kB | 82 kB | 0.6/5.6 MB
Progress (3): 116 kB | 82 kB | 0.7/5.6 MB
Progress (3): 116 kB | 82 kB | 0.7/5.6 MB
Progress (3): 116 kB | 82 kB | 0.7/5.6 MB
Progress (3): 116 kB | 82 kB | 0.7/5.6 MB
Progress (3): 116 kB | 82 kB | 0.7/5.6 MB
                                         
Downloaded from central: https://repo1.maven.org/maven2/com/google/inject/extensions/guice-servlet/4.2.3/guice-servlet-4.2.3.jar (82 kB at 36 kB/s)
Downloading from central: https://repo1.maven.org/maven2/org/junit/jupiter/junit-jupiter-engine/5.13.3/junit-jupiter-engine-5.13.3.jar
Progress (2): 116 kB | 0.7/5.6 MB
Progress (2): 116 kB | 0.8/5.6 MB
Progress (2): 116 kB | 0.8/5.6 MB
Progress (2): 116 kB | 0.8/5.6 MB
                                 
Downloaded from central: https://repo1.maven.org/maven2/javax/ws/rs/javax.ws.rs-api/2.0.1/javax.ws.rs-api-2.0.1.jar (116 kB at 52 kB/s)
Downloading from central: https://repo1.maven.org/maven2/org/junit/platform/junit-platform-engine/1.13.3/junit-platform-engine-1.13.3.jar
Progress (1): 0.8/5.6 MB
Progress (1): 0.8/5.6 MB
Progress (1): 0.8/5.6 MB
Progress (1): 0.9/5.6 MB
Progress (1): 0.9/5.6 MB
Progress (1): 0.9/5.6 MB
Progress (1): 0.9/5.6 MB
Progress (1): 0.9/5.6 MB
Progress (1): 0.9/5.6 MB
Progress (1): 0.9/5.6 MB
Progress (1): 1.0/5.6 MB
Progress (1): 1.0/5.6 MB
Progress (1): 1.0/5.6 MB
Progress (1): 1.0/5.6 MB
Progress (1): 1.0/5.6 MB
Progress (1): 1.0/5.6 MB
Progress (1): 1.1/5.6 MB
Progress (1): 1.1/5.6 MB
Progress (1): 1.1/5.6 MB
Progress (1): 1.1/5.6 MB
Progress (1): 1.1/5.6 MB
Progress (1): 1.1/5.6 MB
Progress (1): 1.2/5.6 MB
Progress (1): 1.2/5.6 MB
Progress (1): 1.2/5.6 MB
Progress (1): 1.2/5.6 MB
Progress (1): 1.2/5.6 MB
Progress (1): 1.2/5.6 MB
Progress (1): 1.3/5.6 MB
Progress (1): 1.3/5.6 MB
Progress (1): 1.3/5.6 MB
Progress (1): 1.3/5.6 MB
Progress (1): 1.3/5.6 MB
Progress (1): 1.3/5.6 MB
Progress (1): 1.4/5.6 MB
Progress (1): 1.4/5.6 MB
Progress (1): 1.4/5.6 MB
Progress (1): 1.4/5.6 MB
Progress (1): 1.4/5.6 MB
Progress (1): 1.4/5.6 MB
Progress (1): 1.5/5.6 MB
Progress (1): 1.5/5.6 MB
Progress (1): 1.5/5.6 MB
Progress (1): 1.5/5.6 MB
Progress (1): 1.5/5.6 MB
Progress (1): 1.5/5.6 MB
Progress (1): 1.6/5.6 MB
Progress (1): 1.6/5.6 MB
Progress (1): 1.6/5.6 MB
Progress (1): 1.6/5.6 MB
Progress (1): 1.6/5.6 MB
Progress (1): 1.6/5.6 MB
Progress (1): 1.7/5.6 MB
Progress (1): 1.7/5.6 MB
Progress (1): 1.7/5.6 MB
Progress (1): 1.7/5.6 MB
Progress (1): 1.7/5.6 MB
Progress (1): 1.7/5.6 MB
Progress (1): 1.8/5.6 MB
Progress (1): 1.8/5.6 MB
Progress (1): 1.8/5.6 MB
Progress (1): 1.8/5.6 MB
Progress (1): 1.8/5.6 MB
Progress (1): 1.8/5.6 MB
Progress (1): 1.9/5.6 MB
Progress (1): 1.9/5.6 MB
Progress (1): 1.9/5.6 MB
Progress (1): 1.9/5.6 MB
Progress (1): 1.9/5.6 MB
Progress (1): 1.9/5.6 MB
Progress (1): 1.9/5.6 MB
Progress (1): 2.0/5.6 MB
Progress (1): 2.0/5.6 MB
Progress (1): 2.0/5.6 MB
Progress (1): 2.0/5.6 MB
Progress (1): 2.0/5.6 MB
Progress (1): 2.0/5.6 MB
Progress (1): 2.1/5.6 MB
Progress (1): 2.1/5.6 MB
Progress (1): 2.1/5.6 MB
Progress (1): 2.1/5.6 MB
Progress (1): 2.1/5.6 MB
Progress (1): 2.1/5.6 MB
Progress (1): 2.2/5.6 MB
Progress (1): 2.2/5.6 MB
Progress (1): 2.2/5.6 MB
Progress (1): 2.2/5.6 MB
Progress (1): 2.2/5.6 MB
Progress (1): 2.2/5.6 MB
Progress (1): 2.3/5.6 MB
Progress (1): 2.3/5.6 MB
Progress (1): 2.3/5.6 MB
Progress (1): 2.3/5.6 MB
Progress (1): 2.3/5.6 MB
Progress (1): 2.3/5.6 MB
Progress (1): 2.4/5.6 MB
Progress (1): 2.4/5.6 MB
Progress (1): 2.4/5.6 MB
Progress (1): 2.4/5.6 MB
Progress (1): 2.4/5.6 MB
Progress (1): 2.4/5.6 MB
Progress (1): 2.5/5.6 MB
Progress (1): 2.5/5.6 MB
Progress (1): 2.5/5.6 MB
Progress (1): 2.5/5.6 MB
Progress (1): 2.5/5.6 MB
Progress (1): 2.5/5.6 MB
Progress (1): 2.6/5.6 MB
Progress (1): 2.6/5.6 MB
Progress (1): 2.6/5.6 MB
Progress (1): 2.6/5.6 MB
Progress (1): 2.6/5.6 MB
Progress (1): 2.6/5.6 MB
Progress (1): 2.7/5.6 MB
Progress (1): 2.7/5.6 MB
Progress (1): 2.7/5.6 MB
Progress (1): 2.7/5.6 MB
Progress (1): 2.7/5.6 MB
Progress (1): 2.7/5.6 MB
Progress (1): 2.8/5.6 MB
Progress (1): 2.8/5.6 MB
Progress (1): 2.8/5.6 MB
Progress (1): 2.8/5.6 MB
Progress (1): 2.8/5.6 MB
Progress (1): 2.8/5.6 MB
Progress (1): 2.9/5.6 MB
Progress (1): 2.9/5.6 MB
Progress (1): 2.9/5.6 MB
Progress (1): 2.9/5.6 MB
Progress (1): 2.9/5.6 MB
Progress (1): 2.9/5.6 MB
Progress (1): 2.9/5.6 MB
Progress (1): 3.0/5.6 MB
Progress (1): 3.0/5.6 MB
Progress (1): 3.0/5.6 MB
Progress (1): 3.0/5.6 MB
Progress (1): 3.0/5.6 MB
Progress (1): 3.0/5.6 MB
Progress (1): 3.1/5.6 MB
Progress (1): 3.1/5.6 MB
Progress (1): 3.1/5.6 MB
Progress (1): 3.1/5.6 MB
Progress (1): 3.1/5.6 MB
Progress (1): 3.1/5.6 MB
Progress (1): 3.2/5.6 MB
Progress (1): 3.2/5.6 MB
Progress (1): 3.2/5.6 MB
Progress (1): 3.2/5.6 MB
Progress (1): 3.2/5.6 MB
Progress (1): 3.2/5.6 MB
Progress (1): 3.3/5.6 MB
Progress (1): 3.3/5.6 MB
Progress (1): 3.3/5.6 MB
Progress (1): 3.3/5.6 MB
Progress (1): 3.3/5.6 MB
Progress (1): 3.3/5.6 MB
Progress (1): 3.4/5.6 MB
Progress (1): 3.4/5.6 MB
Progress (1): 3.4/5.6 MB
Progress (1): 3.4/5.6 MB
Progress (1): 3.4/5.6 MB
Progress (1): 3.4/5.6 MB
Progress (1): 3.5/5.6 MB
Progress (1): 3.5/5.6 MB
Progress (1): 3.5/5.6 MB
Progress (1): 3.5/5.6 MB
Progress (1): 3.5/5.6 MB
Progress (1): 3.5/5.6 MB
Progress (1): 3.6/5.6 MB
Progress (1): 3.6/5.6 MB
Progress (1): 3.6/5.6 MB
Progress (1): 3.6/5.6 MB
Progress (1): 3.6/5.6 MB
Progress (1): 3.6/5.6 MB
Progress (1): 3.7/5.6 MB
Progress (1): 3.7/5.6 MB
Progress (1): 3.7/5.6 MB
Progress (1): 3.7/5.6 MB
Progress (1): 3.7/5.6 MB
Progress (1): 3.7/5.6 MB
Progress (1): 3.8/5.6 MB
Progress (1): 3.8/5.6 MB
Progress (1): 3.8/5.6 MB
Progress (1): 3.8/5.6 MB
Progress (1): 3.8/5.6 MB
Progress (1): 3.8/5.6 MB
Progress (1): 3.8/5.6 MB
Progress (1): 3.9/5.6 MB
Progress (1): 3.9/5.6 MB
Progress (1): 3.9/5.6 MB
Progress (1): 3.9/5.6 MB
Progress (1): 3.9/5.6 MB
Progress (1): 3.9/5.6 MB
Progress (1): 4.0/5.6 MB
Progress (1): 4.0/5.6 MB
Progress (1): 4.0/5.6 MB
Progress (1): 4.0/5.6 MB
Progress (1): 4.0/5.6 MB
Progress (1): 4.0/5.6 MB
Progress (1): 4.1/5.6 MB
Progress (1): 4.1/5.6 MB
Progress (1): 4.1/5.6 MB
Progress (2): 4.1/5.6 MB | 7.7/341 kB
Progress (2): 4.1/5.6 MB | 7.7/341 kB
Progress (2): 4.1/5.6 MB | 7.7/341 kB
Progress (3): 4.1/5.6 MB | 7.7/341 kB | 7.7/268 kB
Progress (3): 4.1/5.6 MB | 7.7/341 kB | 16/268 kB 
Progress (3): 4.1/5.6 MB | 7.7/341 kB | 16/268 kB
Progress (3): 4.2/5.6 MB | 7.7/341 kB | 16/268 kB
Progress (3): 4.2/5.6 MB | 7.7/341 kB | 32/268 kB
Progress (3): 4.2/5.6 MB | 7.7/341 kB | 48/268 kB
Progress (3): 4.2/5.6 MB | 7.7/341 kB | 49/268 kB
Progress (3): 4.2/5.6 MB | 7.7/341 kB | 49/268 kB
Progress (3): 4.2/5.6 MB | 16/341 kB | 49/268 kB 
Progress (3): 4.2/5.6 MB | 16/341 kB | 66/268 kB
Progress (3): 4.2/5.6 MB | 16/341 kB | 66/268 kB
Progress (3): 4.2/5.6 MB | 32/341 kB | 66/268 kB
Progress (3): 4.2/5.6 MB | 32/341 kB | 82/268 kB
Progress (3): 4.2/5.6 MB | 32/341 kB | 98/268 kB
Progress (3): 4.2/5.6 MB | 32/341 kB | 98/268 kB
Progress (3): 4.2/5.6 MB | 49/341 kB | 98/268 kB
Progress (3): 4.2/5.6 MB | 49/341 kB | 115/268 kB
Progress (3): 4.2/5.6 MB | 65/341 kB | 115/268 kB
Progress (3): 4.2/5.6 MB | 65/341 kB | 131/268 kB
Progress (3): 4.2/5.6 MB | 65/341 kB | 131/268 kB
Progress (3): 4.2/5.6 MB | 81/341 kB | 131/268 kB
Progress (3): 4.2/5.6 MB | 81/341 kB | 147/268 kB
Progress (3): 4.2/5.6 MB | 98/341 kB | 147/268 kB
Progress (3): 4.2/5.6 MB | 98/341 kB | 147/268 kB
Progress (3): 4.2/5.6 MB | 98/341 kB | 147/268 kB
Progress (3): 4.2/5.6 MB | 98/341 kB | 164/268 kB
Progress (3): 4.3/5.6 MB | 98/341 kB | 164/268 kB
Progress (3): 4.3/5.6 MB | 98/341 kB | 180/268 kB
Progress (3): 4.3/5.6 MB | 98/341 kB | 180/268 kB
Progress (3): 4.3/5.6 MB | 115/341 kB | 180/268 kB
Progress (3): 4.3/5.6 MB | 131/341 kB | 180/268 kB
Progress (3): 4.3/5.6 MB | 131/341 kB | 197/268 kB
Progress (3): 4.3/5.6 MB | 131/341 kB | 197/268 kB
Progress (3): 4.3/5.6 MB | 147/341 kB | 197/268 kB
Progress (3): 4.3/5.6 MB | 147/341 kB | 197/268 kB
Progress (3): 4.3/5.6 MB | 147/341 kB | 213/268 kB
Progress (3): 4.3/5.6 MB | 164/341 kB | 213/268 kB
Progress (3): 4.3/5.6 MB | 164/341 kB | 229/268 kB
Progress (3): 4.3/5.6 MB | 164/341 kB | 229/268 kB
Progress (3): 4.3/5.6 MB | 180/341 kB | 229/268 kB
Progress (3): 4.3/5.6 MB | 180/341 kB | 246/268 kB
Progress (3): 4.3/5.6 MB | 180/341 kB | 246/268 kB
Progress (3): 4.3/5.6 MB | 197/341 kB | 246/268 kB
Progress (3): 4.3/5.6 MB | 197/341 kB | 262/268 kB
Progress (3): 4.4/5.6 MB | 197/341 kB | 262/268 kB
Progress (3): 4.4/5.6 MB | 197/341 kB | 268 kB    
Progress (3): 4.4/5.6 MB | 197/341 kB | 268 kB
Progress (3): 4.4/5.6 MB | 213/341 kB | 268 kB
Progress (3): 4.4/5.6 MB | 229/341 kB | 268 kB
Progress (3): 4.4/5.6 MB | 229/341 kB | 268 kB
Progress (3): 4.4/5.6 MB | 246/341 kB | 268 kB
Progress (3): 4.4/5.6 MB | 246/341 kB | 268 kB
Progress (3): 4.4/5.6 MB | 246/341 kB | 268 kB
Progress (3): 4.4/5.6 MB | 262/341 kB | 268 kB
Progress (3): 4.4/5.6 MB | 262/341 kB | 268 kB
Progress (3): 4.4/5.6 MB | 279/341 kB | 268 kB
Progress (3): 4.4/5.6 MB | 295/341 kB | 268 kB
Progress (3): 4.5/5.6 MB | 295/341 kB | 268 kB
Progress (3): 4.5/5.6 MB | 311/341 kB | 268 kB
Progress (3): 4.5/5.6 MB | 311/341 kB | 268 kB
Progress (3): 4.5/5.6 MB | 328/341 kB | 268 kB
Progress (3): 4.5/5.6 MB | 328/341 kB | 268 kB
Progress (3): 4.5/5.6 MB | 341 kB | 268 kB    
Progress (3): 4.5/5.6 MB | 341 kB | 268 kB
Progress (3): 4.5/5.6 MB | 341 kB | 268 kB
Progress (3): 4.5/5.6 MB | 341 kB | 268 kB
Progress (3): 4.6/5.6 MB | 341 kB | 268 kB
Progress (3): 4.6/5.6 MB | 341 kB | 268 kB
Progress (3): 4.6/5.6 MB | 341 kB | 268 kB
Progress (3): 4.6/5.6 MB | 341 kB | 268 kB
Progress (3): 4.6/5.6 MB | 341 kB | 268 kB
Progress (3): 4.6/5.6 MB | 341 kB | 268 kB
Progress (3): 4.7/5.6 MB | 341 kB | 268 kB
Progress (3): 4.7/5.6 MB | 341 kB | 268 kB
Progress (3): 4.7/5.6 MB | 341 kB | 268 kB
Progress (3): 4.7/5.6 MB | 341 kB | 268 kB
Progress (3): 4.7/5.6 MB | 341 kB | 268 kB
Progress (3): 4.7/5.6 MB | 341 kB | 268 kB
Progress (3): 4.8/5.6 MB | 341 kB | 268 kB
Progress (3): 4.8/5.6 MB | 341 kB | 268 kB
Progress (3): 4.8/5.6 MB | 341 kB | 268 kB
Progress (3): 4.8/5.6 MB | 341 kB | 268 kB
Progress (3): 4.8/5.6 MB | 341 kB | 268 kB
Progress (3): 4.8/5.6 MB | 341 kB | 268 kB
Progress (3): 4.8/5.6 MB | 341 kB | 268 kB
Progress (3): 4.9/5.6 MB | 341 kB | 268 kB
Progress (3): 4.9/5.6 MB | 341 kB | 268 kB
Progress (3): 4.9/5.6 MB | 341 kB | 268 kB
Progress (3): 4.9/5.6 MB | 341 kB | 268 kB
Progress (3): 4.9/5.6 MB | 341 kB | 268 kB
Progress (3): 4.9/5.6 MB | 341 kB | 268 kB
Progress (3): 5.0/5.6 MB | 341 kB | 268 kB
Progress (3): 5.0/5.6 MB | 341 kB | 268 kB
Progress (3): 5.0/5.6 MB | 341 kB | 268 kB
Progress (3): 5.0/5.6 MB | 341 kB | 268 kB
                                          
Downloaded from central: https://repo1.maven.org/maven2/org/junit/platform/junit-platform-engine/1.13.3/junit-platform-engine-1.13.3.jar (268 kB at 115 kB/s)
Downloading from central: https://repo1.maven.org/maven2/org/junit/platform/junit-platform-commons/1.13.3/junit-platform-commons-1.13.3.jar
Progress (2): 5.0/5.6 MB | 341 kB
Progress (2): 5.0/5.6 MB | 341 kB
Progress (2): 5.1/5.6 MB | 341 kB
Progress (2): 5.1/5.6 MB | 341 kB
Progress (2): 5.1/5.6 MB | 341 kB
Progress (2): 5.1/5.6 MB | 341 kB
Progress (2): 5.1/5.6 MB | 341 kB
Progress (2): 5.1/5.6 MB | 341 kB
Progress (2): 5.2/5.6 MB | 341 kB
Progress (2): 5.2/5.6 MB | 341 kB
                                 
Downloading from central: https://repo1.maven.org/maven2/org/junit/jupiter/junit-jupiter-api/5.13.3/junit-jupiter-api-5.13.3.jar
Progress (2): 5.2/5.6 MB | 341 kB
Progress (2): 5.2/5.6 MB | 341 kB
                                 
Downloaded from central: https://repo1.maven.org/maven2/org/junit/jupiter/junit-jupiter-engine/5.13.3/junit-jupiter-engine-5.13.3.jar (341 kB at 146 kB/s)
Downloading from central: https://repo1.maven.org/maven2/org/junit/vintage/junit-vintage-engine/5.13.3/junit-vintage-engine-5.13.3.jar
Progress (1): 5.2/5.6 MB
Progress (1): 5.2/5.6 MB
Progress (1): 5.3/5.6 MB
Progress (1): 5.3/5.6 MB
Progress (1): 5.3/5.6 MB
Progress (1): 5.3/5.6 MB
Progress (1): 5.3/5.6 MB
Progress (1): 5.3/5.6 MB
Progress (1): 5.4/5.6 MB
Progress (1): 5.4/5.6 MB
Progress (1): 5.4/5.6 MB
Progress (1): 5.4/5.6 MB
Progress (1): 5.4/5.6 MB
Progress (1): 5.4/5.6 MB
Progress (1): 5.5/5.6 MB
Progress (1): 5.5/5.6 MB
Progress (1): 5.5/5.6 MB
Progress (1): 5.5/5.6 MB
Progress (1): 5.5/5.6 MB
Progress (1): 5.5/5.6 MB
Progress (1): 5.6 MB    
                    
Downloading from central: https://repo1.maven.org/maven2/org/apache/hive/hive-common/4.3.0-SNAPSHOT/hive-common-4.3.0-SNAPSHOT-tests.jar
Progress (2): 5.6 MB | 8.2/159 kB
Progress (2): 5.6 MB | 25/159 kB 
Progress (2): 5.6 MB | 33/159 kB
Progress (2): 5.6 MB | 49/159 kB
Progress (2): 5.6 MB | 66/159 kB
Progress (2): 5.6 MB | 82/159 kB
Progress (2): 5.6 MB | 98/159 kB
Progress (2): 5.6 MB | 115/159 kB
Progress (2): 5.6 MB | 131/159 kB
Progress (2): 5.6 MB | 147/159 kB
Progress (2): 5.6 MB | 159 kB    
                             
Downloaded from central: https://repo1.maven.org/maven2/org/apache/hadoop/hadoop-hdfs-client/3.4.2/hadoop-hdfs-client-3.4.2.jar (5.6 MB at 2.3 MB/s)
Downloading from central: https://repo1.maven.org/maven2/org/apache/pig/pig/0.16.0/pig-0.16.0-h2.jar
Progress (2): 159 kB | 7.7/76 kB
Progress (2): 159 kB | 8.2/76 kB
Progress (2): 159 kB | 25/76 kB 
Progress (3): 159 kB | 25/76 kB | 7.8/240 kB
Progress (3): 159 kB | 41/76 kB | 7.8/240 kB
Progress (3): 159 kB | 41/76 kB | 16/240 kB 
Progress (3): 159 kB | 57/76 kB | 16/240 kB
Progress (3): 159 kB | 57/76 kB | 32/240 kB
Progress (3): 159 kB | 66/76 kB | 32/240 kB
Progress (3): 159 kB | 76 kB | 32/240 kB   
Progress (3): 159 kB | 76 kB | 49/240 kB
Progress (3): 159 kB | 76 kB | 65/240 kB
Progress (3): 159 kB | 76 kB | 81/240 kB
Progress (3): 159 kB | 76 kB | 98/240 kB
Progress (3): 159 kB | 76 kB | 114/240 kB
Progress (3): 159 kB | 76 kB | 131/240 kB
Progress (3): 159 kB | 76 kB | 147/240 kB
Progress (3): 159 kB | 76 kB | 163/240 kB
Progress (3): 159 kB | 76 kB | 180/240 kB
Progress (3): 159 kB | 76 kB | 196/240 kB
Progress (3): 159 kB | 76 kB | 213/240 kB
Progress (3): 159 kB | 76 kB | 229/240 kB
Progress (3): 159 kB | 76 kB | 240 kB    
                                     
Downloaded from central: https://repo1.maven.org/maven2/org/junit/platform/junit-platform-commons/1.13.3/junit-platform-commons-1.13.3.jar (159 kB at 65 kB/s)
Downloading from central: https://repo1.maven.org/maven2/xmlenc/xmlenc/0.52/xmlenc-0.52.jar
Progress (3): 76 kB | 240 kB | 0/4.4 MB
Progress (3): 76 kB | 240 kB | 0/4.4 MB
Progress (3): 76 kB | 240 kB | 0/4.4 MB
Progress (3): 76 kB | 240 kB | 0.1/4.4 MB
Progress (3): 76 kB | 240 kB | 0.1/4.4 MB
Progress (3): 76 kB | 240 kB | 0.1/4.4 MB
Progress (3): 76 kB | 240 kB | 0.1/4.4 MB
Progress (3): 76 kB | 240 kB | 0.1/4.4 MB
Progress (3): 76 kB | 240 kB | 0.1/4.4 MB
Progress (3): 76 kB | 240 kB | 0.2/4.4 MB
Progress (3): 76 kB | 240 kB | 0.2/4.4 MB
Progress (3): 76 kB | 240 kB | 0.2/4.4 MB
Progress (3): 76 kB | 240 kB | 0.2/4.4 MB
Progress (3): 76 kB | 240 kB | 0.2/4.4 MB
Progress (3): 76 kB | 240 kB | 0.2/4.4 MB
Progress (3): 76 kB | 240 kB | 0.3/4.4 MB
Progress (3): 76 kB | 240 kB | 0.3/4.4 MB
Progress (3): 76 kB | 240 kB | 0.3/4.4 MB
Progress (3): 76 kB | 240 kB | 0.3/4.4 MB
Progress (3): 76 kB | 240 kB | 0.3/4.4 MB
Progress (3): 76 kB | 240 kB | 0.3/4.4 MB
Progress (3): 76 kB | 240 kB | 0.4/4.4 MB
                                         
Downloaded from central: https://repo1.maven.org/maven2/org/junit/vintage/junit-vintage-engine/5.13.3/junit-vintage-engine-5.13.3.jar (76 kB at 31 kB/s)
Downloading from central: https://repo1.maven.org/maven2/commons-logging/commons-logging/1.0.4/commons-logging-1.0.4.jar
Progress (2): 240 kB | 0.4/4.4 MB
Progress (2): 240 kB | 0.4/4.4 MB
Progress (2): 240 kB | 0.4/4.4 MB
Progress (2): 240 kB | 0.4/4.4 MB
Progress (2): 240 kB | 0.4/4.4 MB
Progress (2): 240 kB | 0.5/4.4 MB
Progress (2): 240 kB | 0.5/4.4 MB
Progress (2): 240 kB | 0.5/4.4 MB
Progress (2): 240 kB | 0.5/4.4 MB
Progress (2): 240 kB | 0.5/4.4 MB
Progress (2): 240 kB | 0.5/4.4 MB
Progress (2): 240 kB | 0.6/4.4 MB
Progress (2): 240 kB | 0.6/4.4 MB
Progress (2): 240 kB | 0.6/4.4 MB
Progress (2): 240 kB | 0.6/4.4 MB
Progress (2): 240 kB | 0.6/4.4 MB
                                 
Downloaded from central: https://repo1.maven.org/maven2/org/junit/jupiter/junit-jupiter-api/5.13.3/junit-jupiter-api-5.13.3.jar (240 kB at 98 kB/s)
Downloading from central: https://repo1.maven.org/maven2/org/mortbay/jetty/jetty/6.1.26/jetty-6.1.26.jar
Progress (1): 0.6/4.4 MB
Progress (1): 0.7/4.4 MB
Progress (1): 0.7/4.4 MB
Progress (1): 0.7/4.4 MB
Progress (2): 0.7/4.4 MB | 7.7/15 kB
Progress (2): 0.7/4.4 MB | 7.7/15 kB
Progress (2): 0.7/4.4 MB | 7.7/15 kB
Progress (2): 0.7/4.4 MB | 7.7/15 kB
Progress (2): 0.8/4.4 MB | 7.7/15 kB
Progress (2): 0.8/4.4 MB | 7.7/15 kB
Progress (2): 0.8/4.4 MB | 7.7/15 kB
Progress (2): 0.8/4.4 MB | 7.7/15 kB
Progress (2): 0.8/4.4 MB | 7.7/15 kB
Progress (2): 0.8/4.4 MB | 7.7/15 kB
Progress (2): 0.9/4.4 MB | 7.7/15 kB
Progress (2): 0.9/4.4 MB | 7.7/15 kB
Progress (2): 0.9/4.4 MB | 7.7/15 kB
Progress (2): 0.9/4.4 MB | 12/15 kB 
Progress (2): 0.9/4.4 MB | 12/15 kB
Progress (2): 0.9/4.4 MB | 15 kB   
Progress (2): 0.9/4.4 MB | 15 kB
Progress (2): 0.9/4.4 MB | 15 kB
Progress (2): 1.0/4.4 MB | 15 kB
Progress (2): 1.0/4.4 MB | 15 kB
Progress (2): 1.0/4.4 MB | 15 kB
Progress (2): 1.0/4.4 MB | 15 kB
Progress (2): 1.0/4.4 MB | 15 kB
Progress (2): 1.0/4.4 MB | 15 kB
Progress (2): 1.0/4.4 MB | 15 kB
Progress (2): 1.1/4.4 MB | 15 kB
Progress (2): 1.1/4.4 MB | 15 kB
Progress (2): 1.1/4.4 MB | 15 kB
Progress (2): 1.1/4.4 MB | 15 kB
Progress (2): 1.1/4.4 MB | 15 kB
Progress (2): 1.1/4.4 MB | 15 kB
Progress (2): 1.2/4.4 MB | 15 kB
Progress (2): 1.2/4.4 MB | 15 kB
Progress (2): 1.2/4.4 MB | 15 kB
Progress (2): 1.2/4.4 MB | 15 kB
Progress (2): 1.2/4.4 MB | 15 kB
Progress (2): 1.2/4.4 MB | 15 kB
Progress (2): 1.3/4.4 MB | 15 kB
Progress (2): 1.3/4.4 MB | 15 kB
Progress (2): 1.3/4.4 MB | 15 kB
Progress (2): 1.3/4.4 MB | 15 kB
Progress (2): 1.3/4.4 MB | 15 kB
Progress (2): 1.3/4.4 MB | 15 kB
Progress (2): 1.4/4.4 MB | 15 kB
Progress (2): 1.4/4.4 MB | 15 kB
Progress (2): 1.4/4.4 MB | 15 kB
Progress (2): 1.4/4.4 MB | 15 kB
Progress (2): 1.4/4.4 MB | 15 kB
Progress (2): 1.4/4.4 MB | 15 kB
Progress (2): 1.5/4.4 MB | 15 kB
Progress (2): 1.5/4.4 MB | 15 kB
Progress (2): 1.5/4.4 MB | 15 kB
Progress (2): 1.5/4.4 MB | 15 kB
Progress (2): 1.5/4.4 MB | 15 kB
Progress (2): 1.5/4.4 MB | 15 kB
Progress (2): 1.6/4.4 MB | 15 kB
Progress (2): 1.6/4.4 MB | 15 kB
Progress (2): 1.6/4.4 MB | 15 kB
Progress (2): 1.6/4.4 MB | 15 kB
Progress (2): 1.6/4.4 MB | 15 kB
Progress (2): 1.6/4.4 MB | 15 kB
Progress (2): 1.7/4.4 MB | 15 kB
Progress (2): 1.7/4.4 MB | 15 kB
Progress (2): 1.7/4.4 MB | 15 kB
Progress (2): 1.7/4.4 MB | 15 kB
Progress (2): 1.7/4.4 MB | 15 kB
Progress (2): 1.7/4.4 MB | 15 kB
Progress (2): 1.8/4.4 MB | 15 kB
Progress (2): 1.8/4.4 MB | 15 kB
Progress (2): 1.8/4.4 MB | 15 kB
Progress (2): 1.8/4.4 MB | 15 kB
Progress (2): 1.8/4.4 MB | 15 kB
Progress (2): 1.8/4.4 MB | 15 kB
Progress (2): 1.9/4.4 MB | 15 kB
Progress (2): 1.9/4.4 MB | 15 kB
Progress (2): 1.9/4.4 MB | 15 kB
Progress (2): 1.9/4.4 MB | 15 kB
Progress (2): 1.9/4.4 MB | 15 kB
Progress (2): 1.9/4.4 MB | 15 kB
Progress (2): 1.9/4.4 MB | 15 kB
                                
Downloaded from central: https://repo1.maven.org/maven2/xmlenc/xmlenc/0.52/xmlenc-0.52.jar (15 kB at 6.0 kB/s)
Downloading from central: https://repo1.maven.org/maven2/org/mortbay/jetty/servlet-api/2.5-20081211/servlet-api-2.5-20081211.jar
Progress (1): 2.0/4.4 MB
Progress (1): 2.0/4.4 MB
Progress (1): 2.0/4.4 MB
Progress (1): 2.0/4.4 MB
Progress (1): 2.0/4.4 MB
Progress (1): 2.0/4.4 MB
Progress (1): 2.1/4.4 MB
Progress (1): 2.1/4.4 MB
Progress (1): 2.1/4.4 MB
Progress (1): 2.1/4.4 MB
Progress (1): 2.1/4.4 MB
Progress (1): 2.1/4.4 MB
Progress (1): 2.2/4.4 MB
Progress (1): 2.2/4.4 MB
Progress (1): 2.2/4.4 MB
Progress (1): 2.2/4.4 MB
Progress (1): 2.2/4.4 MB
Progress (1): 2.2/4.4 MB
Progress (1): 2.3/4.4 MB
Progress (1): 2.3/4.4 MB
Progress (1): 2.3/4.4 MB
Progress (1): 2.3/4.4 MB
Progress (1): 2.3/4.4 MB
Progress (1): 2.3/4.4 MB
Progress (1): 2.4/4.4 MB
Progress (1): 2.4/4.4 MB
Progress (1): 2.4/4.4 MB
Progress (1): 2.4/4.4 MB
Progress (1): 2.4/4.4 MB
Progress (1): 2.4/4.4 MB
Progress (1): 2.5/4.4 MB
Progress (1): 2.5/4.4 MB
Progress (2): 2.5/4.4 MB | 7.7/38 kB
Progress (2): 2.5/4.4 MB | 7.7/38 kB
Progress (2): 2.5/4.4 MB | 7.7/38 kB
Progress (2): 2.5/4.4 MB | 7.7/38 kB
Progress (2): 2.5/4.4 MB | 7.7/38 kB
Progress (2): 2.5/4.4 MB | 16/38 kB 
Progress (2): 2.5/4.4 MB | 32/38 kB
Progress (2): 2.5/4.4 MB | 38 kB   
Progress (2): 2.6/4.4 MB | 38 kB
Progress (2): 2.6/4.4 MB | 38 kB
Progress (2): 2.6/4.4 MB | 38 kB
Progress (2): 2.6/4.4 MB | 38 kB
Progress (2): 2.6/4.4 MB | 38 kB
Progress (3): 2.6/4.4 MB | 38 kB | 7.7/540 kB
Progress (3): 2.6/4.4 MB | 38 kB | 7.7/540 kB
Progress (3): 2.7/4.4 MB | 38 kB | 7.7/540 kB
Progress (3): 2.7/4.4 MB | 38 kB | 7.7/540 kB
Progress (3): 2.7/4.4 MB | 38 kB | 7.7/540 kB
Progress (3): 2.7/4.4 MB | 38 kB | 7.7/540 kB
Progress (3): 2.7/4.4 MB | 38 kB | 16/540 kB 
Progress (3): 2.7/4.4 MB | 38 kB | 16/540 kB
Progress (3): 2.7/4.4 MB | 38 kB | 32/540 kB
Progress (3): 2.7/4.4 MB | 38 kB | 32/540 kB
Progress (3): 2.7/4.4 MB | 38 kB | 49/540 kB
Progress (3): 2.7/4.4 MB | 38 kB | 65/540 kB
Progress (3): 2.8/4.4 MB | 38 kB | 65/540 kB
Progress (3): 2.8/4.4 MB | 38 kB | 65/540 kB
Progress (3): 2.8/4.4 MB | 38 kB | 81/540 kB
Progress (3): 2.8/4.4 MB | 38 kB | 81/540 kB
Progress (3): 2.8/4.4 MB | 38 kB | 98/540 kB
Progress (3): 2.8/4.4 MB | 38 kB | 114/540 kB
Progress (3): 2.8/4.4 MB | 38 kB | 131/540 kB
Progress (3): 2.8/4.4 MB | 38 kB | 131/540 kB
Progress (3): 2.8/4.4 MB | 38 kB | 147/540 kB
Progress (3): 2.8/4.4 MB | 38 kB | 147/540 kB
Progress (3): 2.8/4.4 MB | 38 kB | 147/540 kB
Progress (3): 2.8/4.4 MB | 38 kB | 163/540 kB
Progress (3): 2.8/4.4 MB | 38 kB | 180/540 kB
Progress (3): 2.8/4.4 MB | 38 kB | 196/540 kB
Progress (3): 2.9/4.4 MB | 38 kB | 196/540 kB
Progress (3): 2.9/4.4 MB | 38 kB | 213/540 kB
Progress (3): 2.9/4.4 MB | 38 kB | 213/540 kB
Progress (3): 2.9/4.4 MB | 38 kB | 229/540 kB
Progress (3): 2.9/4.4 MB | 38 kB | 245/540 kB
Progress (3): 2.9/4.4 MB | 38 kB | 245/540 kB
Progress (3): 2.9/4.4 MB | 38 kB | 262/540 kB
Progress (3): 2.9/4.4 MB | 38 kB | 262/540 kB
Progress (3): 2.9/4.4 MB | 38 kB | 278/540 kB
Progress (3): 2.9/4.4 MB | 38 kB | 278/540 kB
Progress (3): 2.9/4.4 MB | 38 kB | 294/540 kB
Progress (3): 2.9/4.4 MB | 38 kB | 294/540 kB
Progress (3): 2.9/4.4 MB | 38 kB | 311/540 kB
Progress (3): 2.9/4.4 MB | 38 kB | 311/540 kB
Progress (3): 2.9/4.4 MB | 38 kB | 327/540 kB
Progress (3): 3.0/4.4 MB | 38 kB | 327/540 kB
Progress (3): 3.0/4.4 MB | 38 kB | 344/540 kB
Progress (3): 3.0/4.4 MB | 38 kB | 344/540 kB
Progress (3): 3.0/4.4 MB | 38 kB | 360/540 kB
Progress (3): 3.0/4.4 MB | 38 kB | 376/540 kB
Progress (3): 3.0/4.4 MB | 38 kB | 376/540 kB
Progress (3): 3.0/4.4 MB | 38 kB | 393/540 kB
Progress (3): 3.0/4.4 MB | 38 kB | 393/540 kB
Progress (3): 3.0/4.4 MB | 38 kB | 393/540 kB
Progress (3): 3.0/4.4 MB | 38 kB | 409/540 kB
Progress (3): 3.0/4.4 MB | 38 kB | 409/540 kB
Progress (3): 3.0/4.4 MB | 38 kB | 426/540 kB
Progress (3): 3.1/4.4 MB | 38 kB | 426/540 kB
Progress (3): 3.1/4.4 MB | 38 kB | 442/540 kB
Progress (3): 3.1/4.4 MB | 38 kB | 442/540 kB
Progress (3): 3.1/4.4 MB | 38 kB | 458/540 kB
Progress (3): 3.1/4.4 MB | 38 kB | 458/540 kB
Progress (3): 3.1/4.4 MB | 38 kB | 458/540 kB
Progress (3): 3.1/4.4 MB | 38 kB | 475/540 kB
Progress (3): 3.1/4.4 MB | 38 kB | 475/540 kB
Progress (3): 3.1/4.4 MB | 38 kB | 475/540 kB
Progress (3): 3.1/4.4 MB | 38 kB | 491/540 kB
Progress (3): 3.2/4.4 MB | 38 kB | 491/540 kB
Progress (3): 3.2/4.4 MB | 38 kB | 491/540 kB
Progress (3): 3.2/4.4 MB | 38 kB | 507/540 kB
Progress (3): 3.2/4.4 MB | 38 kB | 507/540 kB
Progress (3): 3.2/4.4 MB | 38 kB | 507/540 kB
Progress (3): 3.2/4.4 MB | 38 kB | 524/540 kB
Progress (3): 3.2/4.4 MB | 38 kB | 524/540 kB
Progress (3): 3.2/4.4 MB | 38 kB | 524/540 kB
Progress (3): 3.2/4.4 MB | 38 kB | 540 kB    
Progress (3): 3.2/4.4 MB | 38 kB | 540 kB
Progress (3): 3.3/4.4 MB | 38 kB | 540 kB
Progress (3): 3.3/4.4 MB | 38 kB | 540 kB
Progress (3): 3.3/4.4 MB | 38 kB | 540 kB
Progress (3): 3.3/4.4 MB | 38 kB | 540 kB
Progress (3): 3.3/4.4 MB | 38 kB | 540 kB
Progress (3): 3.3/4.4 MB | 38 kB | 540 kB
Progress (3): 3.4/4.4 MB | 38 kB | 540 kB
Progress (3): 3.4/4.4 MB | 38 kB | 540 kB
Progress (3): 3.4/4.4 MB | 38 kB | 540 kB
Progress (3): 3.4/4.4 MB | 38 kB | 540 kB
Progress (3): 3.4/4.4 MB | 38 kB | 540 kB
Progress (3): 3.4/4.4 MB | 38 kB | 540 kB
Progress (3): 3.5/4.4 MB | 38 kB | 540 kB
Progress (3): 3.5/4.4 MB | 38 kB | 540 kB
Progress (3): 3.5/4.4 MB | 38 kB | 540 kB
Progress (3): 3.5/4.4 MB | 38 kB | 540 kB
Progress (3): 3.5/4.4 MB | 38 kB | 540 kB
Progress (3): 3.5/4.4 MB | 38 kB | 540 kB
Progress (3): 3.6/4.4 MB | 38 kB | 540 kB
Progress (3): 3.6/4.4 MB | 38 kB | 540 kB
Progress (3): 3.6/4.4 MB | 38 kB | 540 kB
Progress (3): 3.6/4.4 MB | 38 kB | 540 kB
Progress (3): 3.6/4.4 MB | 38 kB | 540 kB
Progress (3): 3.6/4.4 MB | 38 kB | 540 kB
Progress (3): 3.7/4.4 MB | 38 kB | 540 kB
Progress (3): 3.7/4.4 MB | 38 kB | 540 kB
Progress (3): 3.7/4.4 MB | 38 kB | 540 kB
Progress (3): 3.7/4.4 MB | 38 kB | 540 kB
Progress (3): 3.7/4.4 MB | 38 kB | 540 kB
Progress (3): 3.7/4.4 MB | 38 kB | 540 kB
Progress (3): 3.8/4.4 MB | 38 kB | 540 kB
Progress (3): 3.8/4.4 MB | 38 kB | 540 kB
Progress (3): 3.8/4.4 MB | 38 kB | 540 kB
Progress (3): 3.8/4.4 MB | 38 kB | 540 kB
Progress (3): 3.8/4.4 MB | 38 kB | 540 kB
Progress (3): 3.8/4.4 MB | 38 kB | 540 kB
Progress (3): 3.9/4.4 MB | 38 kB | 540 kB
Progress (3): 3.9/4.4 MB | 38 kB | 540 kB
Progress (4): 3.9/4.4 MB | 38 kB | 540 kB | 7.7/134 kB
Progress (4): 3.9/4.4 MB | 38 kB | 540 kB | 7.7/134 kB
Progress (4): 3.9/4.4 MB | 38 kB | 540 kB | 7.7/134 kB
Progress (4): 3.9/4.4 MB | 38 kB | 540 kB | 7.7/134 kB
Progress (4): 3.9/4.4 MB | 38 kB | 540 kB | 7.7/134 kB
Progress (4): 4.0/4.4 MB | 38 kB | 540 kB | 7.7/134 kB
Progress (4): 4.0/4.4 MB | 38 kB | 540 kB | 7.7/134 kB
Progress (4): 4.0/4.4 MB | 38 kB | 540 kB | 7.7/134 kB
Progress (4): 4.0/4.4 MB | 38 kB | 540 kB | 16/134 kB 
Progress (4): 4.0/4.4 MB | 38 kB | 540 kB | 16/134 kB
Progress (4): 4.0/4.4 MB | 38 kB | 540 kB | 32/134 kB
                                                     
Downloaded from central: https://repo1.maven.org/maven2/commons-logging/commons-logging/1.0.4/commons-logging-1.0.4.jar (38 kB at 15 kB/s)
Downloading from central: https://repo1.maven.org/maven2/org/mortbay/jetty/jetty-util/6.1.26/jetty-util-6.1.26.jar
Progress (3): 4.0/4.4 MB | 540 kB | 32/134 kB
Progress (3): 4.0/4.4 MB | 540 kB | 48/134 kB
Progress (3): 4.0/4.4 MB | 540 kB | 48/134 kB
Progress (3): 4.0/4.4 MB | 540 kB | 65/134 kB
Progress (3): 4.1/4.4 MB | 540 kB | 65/134 kB
Progress (3): 4.1/4.4 MB | 540 kB | 65/134 kB
Progress (3): 4.1/4.4 MB | 540 kB | 81/134 kB
Progress (3): 4.1/4.4 MB | 540 kB | 81/134 kB
Progress (3): 4.1/4.4 MB | 540 kB | 98/134 kB
Progress (3): 4.1/4.4 MB | 540 kB | 98/134 kB
Progress (3): 4.1/4.4 MB | 540 kB | 114/134 kB
Progress (3): 4.1/4.4 MB | 540 kB | 114/134 kB
Progress (3): 4.1/4.4 MB | 540 kB | 130/134 kB
Progress (3): 4.1/4.4 MB | 540 kB | 134 kB    
Progress (3): 4.1/4.4 MB | 540 kB | 134 kB
Progress (3): 4.1/4.4 MB | 540 kB | 134 kB
Progress (3): 4.2/4.4 MB | 540 kB | 134 kB
Progress (3): 4.2/4.4 MB | 540 kB | 134 kB
Progress (3): 4.2/4.4 MB | 540 kB | 134 kB
Progress (3): 4.2/4.4 MB | 540 kB | 134 kB
Progress (3): 4.2/4.4 MB | 540 kB | 134 kB
Progress (3): 4.2/4.4 MB | 540 kB | 134 kB
Progress (3): 4.3/4.4 MB | 540 kB | 134 kB
Progress (3): 4.3/4.4 MB | 540 kB | 134 kB
Progress (3): 4.3/4.4 MB | 540 kB | 134 kB
Progress (3): 4.3/4.4 MB | 540 kB | 134 kB
Progress (3): 4.3/4.4 MB | 540 kB | 134 kB
Progress (3): 4.3/4.4 MB | 540 kB | 134 kB
Progress (3): 4.4/4.4 MB | 540 kB | 134 kB
Progress (3): 4.4/4.4 MB | 540 kB | 134 kB
Progress (3): 4.4/4.4 MB | 540 kB | 134 kB
Progress (3): 4.4 MB | 540 kB | 134 kB    
                                      
Downloaded from central: https://repo1.maven.org/maven2/org/mortbay/jetty/jetty/6.1.26/jetty-6.1.26.jar (540 kB at 210 kB/s)
Downloading from central: https://repo1.maven.org/maven2/org/mortbay/jetty/jsp-api-2.1/6.1.14/jsp-api-2.1-6.1.14.jar
Downloaded from central: https://repo1.maven.org/maven2/org/mortbay/jetty/servlet-api/2.5-20081211/servlet-api-2.5-20081211.jar (134 kB at 52 kB/s)
Downloading from central: https://repo1.maven.org/maven2/org/mortbay/jetty/jsp-2.1/6.1.14/jsp-2.1-6.1.14.jar
Progress (2): 4.4 MB | 7.7/177 kB
Progress (2): 4.4 MB | 16/177 kB 
Progress (2): 4.4 MB | 32/177 kB
Progress (2): 4.4 MB | 49/177 kB
Progress (2): 4.4 MB | 57/177 kB
Progress (2): 4.4 MB | 74/177 kB
Progress (2): 4.4 MB | 90/177 kB
Progress (2): 4.4 MB | 106/177 kB
Progress (2): 4.4 MB | 123/177 kB
Progress (2): 4.4 MB | 131/177 kB
Progress (2): 4.4 MB | 147/177 kB
Progress (2): 4.4 MB | 164/177 kB
Progress (2): 4.4 MB | 177 kB    
                             
Downloaded from central: https://repo1.maven.org/maven2/org/apache/pig/pig/0.16.0/pig-0.16.0-h2.jar (4.4 MB at 1.7 MB/s)
Downloading from central: https://repo1.maven.org/maven2/org/eclipse/jdt/core/3.1.1/core-3.1.1.jar
Downloaded from central: https://repo1.maven.org/maven2/org/mortbay/jetty/jetty-util/6.1.26/jetty-util-6.1.26.jar (177 kB at 68 kB/s)
Downloading from central: https://repo1.maven.org/maven2/ant/ant/1.6.5/ant-1.6.5.jar
Downloading from central: https://repo1.maven.org/maven2/commons-el/commons-el/1.0/commons-el-1.0.jar
Progress (1): 0/1.0 MB
Progress (2): 0/1.0 MB | 8.2/135 kB
Progress (2): 0/1.0 MB | 8.2/135 kB
Progress (2): 0/1.0 MB | 8.2/135 kB
Progress (2): 0.1/1.0 MB | 8.2/135 kB
Progress (2): 0.1/1.0 MB | 8.2/135 kB
Progress (2): 0.1/1.0 MB | 25/135 kB 
Progress (2): 0.1/1.0 MB | 25/135 kB
Progress (2): 0.1/1.0 MB | 33/135 kB
Progress (2): 0.1/1.0 MB | 49/135 kB
Progress (2): 0.1/1.0 MB | 49/135 kB
Progress (2): 0.1/1.0 MB | 66/135 kB
Progress (2): 0.1/1.0 MB | 66/135 kB
Progress (2): 0.1/1.0 MB | 82/135 kB
Progress (2): 0.1/1.0 MB | 82/135 kB
Progress (2): 0.1/1.0 MB | 98/135 kB
Progress (2): 0.2/1.0 MB | 98/135 kB
Progress (2): 0.2/1.0 MB | 115/135 kB
Progress (2): 0.2/1.0 MB | 115/135 kB
Progress (2): 0.2/1.0 MB | 131/135 kB
Progress (2): 0.2/1.0 MB | 131/135 kB
Progress (2): 0.2/1.0 MB | 135 kB    
Progress (2): 0.2/1.0 MB | 135 kB
Progress (2): 0.2/1.0 MB | 135 kB
Progress (3): 0.2/1.0 MB | 135 kB | 0/1.0 MB
Progress (3): 0.2/1.0 MB | 135 kB | 0/1.0 MB
Progress (3): 0.2/1.0 MB | 135 kB | 0/1.0 MB
Progress (3): 0.3/1.0 MB | 135 kB | 0/1.0 MB
Progress (3): 0.3/1.0 MB | 135 kB | 0/1.0 MB
Progress (3): 0.3/1.0 MB | 135 kB | 0/1.0 MB
Progress (3): 0.3/1.0 MB | 135 kB | 0/1.0 MB
Progress (3): 0.3/1.0 MB | 135 kB | 0/1.0 MB
Progress (3): 0.3/1.0 MB | 135 kB | 0/1.0 MB
Progress (3): 0.3/1.0 MB | 135 kB | 0/1.0 MB
Progress (3): 0.3/1.0 MB | 135 kB | 0/1.0 MB
Progress (3): 0.3/1.0 MB | 135 kB | 0/1.0 MB
Progress (3): 0.3/1.0 MB | 135 kB | 0.1/1.0 MB
Progress (3): 0.4/1.0 MB | 135 kB | 0.1/1.0 MB
Progress (3): 0.4/1.0 MB | 135 kB | 0.1/1.0 MB
Progress (3): 0.4/1.0 MB | 135 kB | 0.1/1.0 MB
Progress (3): 0.4/1.0 MB | 135 kB | 0.1/1.0 MB
Progress (3): 0.4/1.0 MB | 135 kB | 0.1/1.0 MB
Progress (3): 0.4/1.0 MB | 135 kB | 0.1/1.0 MB
Progress (3): 0.4/1.0 MB | 135 kB | 0.1/1.0 MB
Progress (3): 0.4/1.0 MB | 135 kB | 0.1/1.0 MB
Progress (3): 0.4/1.0 MB | 135 kB | 0.1/1.0 MB
Progress (3): 0.4/1.0 MB | 135 kB | 0.2/1.0 MB
Progress (3): 0.4/1.0 MB | 135 kB | 0.2/1.0 MB
Progress (3): 0.4/1.0 MB | 135 kB | 0.2/1.0 MB
Progress (4): 0.4/1.0 MB | 135 kB | 0.2/1.0 MB | 0/3.6 MB
Progress (4): 0.4/1.0 MB | 135 kB | 0.2/1.0 MB | 0/3.6 MB
Progress (4): 0.4/1.0 MB | 135 kB | 0.2/1.0 MB | 0/3.6 MB
Progress (4): 0.4/1.0 MB | 135 kB | 0.2/1.0 MB | 0/3.6 MB
Progress (4): 0.4/1.0 MB | 135 kB | 0.2/1.0 MB | 0/3.6 MB
Progress (4): 0.4/1.0 MB | 135 kB | 0.3/1.0 MB | 0/3.6 MB
Progress (4): 0.4/1.0 MB | 135 kB | 0.3/1.0 MB | 0/3.6 MB
Progress (4): 0.5/1.0 MB | 135 kB | 0.3/1.0 MB | 0/3.6 MB
Progress (4): 0.5/1.0 MB | 135 kB | 0.3/1.0 MB | 0/3.6 MB
Progress (4): 0.5/1.0 MB | 135 kB | 0.3/1.0 MB | 0/3.6 MB
Progress (4): 0.5/1.0 MB | 135 kB | 0.3/1.0 MB | 0/3.6 MB
Progress (5): 0.5/1.0 MB | 135 kB | 0.3/1.0 MB | 0/3.6 MB | 7.7/112 kB
Progress (5): 0.5/1.0 MB | 135 kB | 0.3/1.0 MB | 0/3.6 MB | 7.7/112 kB
Progress (5): 0.5/1.0 MB | 135 kB | 0.3/1.0 MB | 0/3.6 MB | 7.7/112 kB
Progress (5): 0.5/1.0 MB | 135 kB | 0.3/1.0 MB | 0/3.6 MB | 7.7/112 kB
Progress (5): 0.5/1.0 MB | 135 kB | 0.3/1.0 MB | 0/3.6 MB | 7.7/112 kB
Progress (5): 0.5/1.0 MB | 135 kB | 0.4/1.0 MB | 0/3.6 MB | 7.7/112 kB
Progress (5): 0.5/1.0 MB | 135 kB | 0.4/1.0 MB | 0/3.6 MB | 8.2/112 kB
Progress (5): 0.5/1.0 MB | 135 kB | 0.4/1.0 MB | 0/3.6 MB | 8.2/112 kB
Progress (5): 0.5/1.0 MB | 135 kB | 0.4/1.0 MB | 0/3.6 MB | 8.2/112 kB
Progress (5): 0.5/1.0 MB | 135 kB | 0.4/1.0 MB | 0/3.6 MB | 8.2/112 kB
Progress (5): 0.5/1.0 MB | 135 kB | 0.4/1.0 MB | 0/3.6 MB | 25/112 kB 
Progress (5): 0.5/1.0 MB | 135 kB | 0.4/1.0 MB | 0/3.6 MB | 25/112 kB
Progress (5): 0.5/1.0 MB | 135 kB | 0.4/1.0 MB | 0/3.6 MB | 25/112 kB
Progress (5): 0.5/1.0 MB | 135 kB | 0.4/1.0 MB | 0/3.6 MB | 41/112 kB
Progress (5): 0.5/1.0 MB | 135 kB | 0.4/1.0 MB | 0/3.6 MB | 41/112 kB
Progress (5): 0.5/1.0 MB | 135 kB | 0.4/1.0 MB | 0/3.6 MB | 41/112 kB
Progress (5): 0.5/1.0 MB | 135 kB | 0.5/1.0 MB | 0/3.6 MB | 41/112 kB
Progress (5): 0.5/1.0 MB | 135 kB | 0.5/1.0 MB | 0/3.6 MB | 57/112 kB
Progress (5): 0.5/1.0 MB | 135 kB | 0.5/1.0 MB | 0/3.6 MB | 66/112 kB
Progress (5): 0.5/1.0 MB | 135 kB | 0.5/1.0 MB | 0/3.6 MB | 66/112 kB
Progress (5): 0.5/1.0 MB | 135 kB | 0.5/1.0 MB | 0/3.6 MB | 82/112 kB
Progress (5): 0.5/1.0 MB | 135 kB | 0.5/1.0 MB | 0/3.6 MB | 90/112 kB
Progress (5): 0.5/1.0 MB | 135 kB | 0.5/1.0 MB | 0/3.6 MB | 98/112 kB
Progress (5): 0.5/1.0 MB | 135 kB | 0.5/1.0 MB | 0/3.6 MB | 98/112 kB
Progress (5): 0.5/1.0 MB | 135 kB | 0.5/1.0 MB | 0/3.6 MB | 112 kB   
Progress (5): 0.5/1.0 MB | 135 kB | 0.5/1.0 MB | 0/3.6 MB | 112 kB
Progress (5): 0.5/1.0 MB | 135 kB | 0.5/1.0 MB | 0/3.6 MB | 112 kB
Progress (5): 0.5/1.0 MB | 135 kB | 0.5/1.0 MB | 0/3.6 MB | 112 kB
Progress (5): 0.5/1.0 MB | 135 kB | 0.5/1.0 MB | 0/3.6 MB | 112 kB
Progress (5): 0.5/1.0 MB | 135 kB | 0.6/1.0 MB | 0/3.6 MB | 112 kB
Progress (5): 0.5/1.0 MB | 135 kB | 0.6/1.0 MB | 0/3.6 MB | 112 kB
Progress (5): 0.5/1.0 MB | 135 kB | 0.6/1.0 MB | 0/3.6 MB | 112 kB
Progress (5): 0.5/1.0 MB | 135 kB | 0.6/1.0 MB | 0/3.6 MB | 112 kB
Progress (5): 0.5/1.0 MB | 135 kB | 0.6/1.0 MB | 0/3.6 MB | 112 kB
                                                                  
Downloaded from central: https://repo1.maven.org/maven2/org/mortbay/jetty/jsp-api-2.1/6.1.14/jsp-api-2.1-6.1.14.jar (135 kB at 51 kB/s)
Downloading from central: https://repo1.maven.org/maven2/net/java/dev/jets3t/jets3t/0.7.1/jets3t-0.7.1.jar
Progress (4): 0.5/1.0 MB | 0.6/1.0 MB | 0/3.6 MB | 112 kB
Progress (4): 0.5/1.0 MB | 0.7/1.0 MB | 0/3.6 MB | 112 kB
Progress (4): 0.5/1.0 MB | 0.7/1.0 MB | 0/3.6 MB | 112 kB
Progress (4): 0.5/1.0 MB | 0.7/1.0 MB | 0/3.6 MB | 112 kB
Progress (4): 0.5/1.0 MB | 0.7/1.0 MB | 0/3.6 MB | 112 kB
Progress (4): 0.5/1.0 MB | 0.7/1.0 MB | 0/3.6 MB | 112 kB
Progress (4): 0.5/1.0 MB | 0.7/1.0 MB | 0/3.6 MB | 112 kB
Progress (4): 0.5/1.0 MB | 0.7/1.0 MB | 0/3.6 MB | 112 kB
Progress (4): 0.5/1.0 MB | 0.8/1.0 MB | 0/3.6 MB | 112 kB
Progress (4): 0.5/1.0 MB | 0.8/1.0 MB | 0/3.6 MB | 112 kB
Progress (4): 0.5/1.0 MB | 0.8/1.0 MB | 0/3.6 MB | 112 kB
Progress (4): 0.5/1.0 MB | 0.8/1.0 MB | 0/3.6 MB | 112 kB
Progress (4): 0.5/1.0 MB | 0.8/1.0 MB | 0/3.6 MB | 112 kB
Progress (4): 0.5/1.0 MB | 0.8/1.0 MB | 0/3.6 MB | 112 kB
Progress (4): 0.5/1.0 MB | 0.8/1.0 MB | 0/3.6 MB | 112 kB
Progress (4): 0.6/1.0 MB | 0.8/1.0 MB | 0/3.6 MB | 112 kB
Progress (4): 0.6/1.0 MB | 0.8/1.0 MB | 0/3.6 MB | 112 kB
Progress (4): 0.6/1.0 MB | 0.8/1.0 MB | 0/3.6 MB | 112 kB
Progress (4): 0.6/1.0 MB | 0.8/1.0 MB | 0/3.6 MB | 112 kB
Progress (4): 0.6/1.0 MB | 0.8/1.0 MB | 0.1/3.6 MB | 112 kB
Progress (4): 0.6/1.0 MB | 0.9/1.0 MB | 0.1/3.6 MB | 112 kB
Progress (4): 0.6/1.0 MB | 0.9/1.0 MB | 0.1/3.6 MB | 112 kB
Progress (4): 0.6/1.0 MB | 0.9/1.0 MB | 0.1/3.6 MB | 112 kB
Progress (4): 0.6/1.0 MB | 0.9/1.0 MB | 0.1/3.6 MB | 112 kB
Progress (4): 0.6/1.0 MB | 0.9/1.0 MB | 0.1/3.6 MB | 112 kB
Progress (4): 0.6/1.0 MB | 0.9/1.0 MB | 0.1/3.6 MB | 112 kB
Progress (4): 0.6/1.0 MB | 0.9/1.0 MB | 0.1/3.6 MB | 112 kB
Progress (4): 0.6/1.0 MB | 0.9/1.0 MB | 0.1/3.6 MB | 112 kB
Progress (4): 0.6/1.0 MB | 0.9/1.0 MB | 0.1/3.6 MB | 112 kB
Progress (4): 0.6/1.0 MB | 1.0/1.0 MB | 0.1/3.6 MB | 112 kB
Progress (4): 0.6/1.0 MB | 1.0/1.0 MB | 0.1/3.6 MB | 112 kB
Progress (4): 0.6/1.0 MB | 1.0/1.0 MB | 0.1/3.6 MB | 112 kB
Progress (4): 0.6/1.0 MB | 1.0/1.0 MB | 0.1/3.6 MB | 112 kB
Progress (4): 0.6/1.0 MB | 1.0/1.0 MB | 0.1/3.6 MB | 112 kB
Progress (4): 0.6/1.0 MB | 1.0/1.0 MB | 0.1/3.6 MB | 112 kB
Progress (4): 0.6/1.0 MB | 1.0/1.0 MB | 0.1/3.6 MB | 112 kB
Progress (4): 0.6/1.0 MB | 1.0 MB | 0.1/3.6 MB | 112 kB    
Progress (4): 0.6/1.0 MB | 1.0 MB | 0.1/3.6 MB | 112 kB
Progress (4): 0.6/1.0 MB | 1.0 MB | 0.1/3.6 MB | 112 kB
Progress (4): 0.6/1.0 MB | 1.0 MB | 0.1/3.6 MB | 112 kB
Progress (4): 0.6/1.0 MB | 1.0 MB | 0.1/3.6 MB | 112 kB
Progress (4): 0.6/1.0 MB | 1.0 MB | 0.2/3.6 MB | 112 kB
Progress (4): 0.7/1.0 MB | 1.0 MB | 0.2/3.6 MB | 112 kB
Progress (4): 0.7/1.0 MB | 1.0 MB | 0.2/3.6 MB | 112 kB
                                                       
Downloaded from central: https://repo1.maven.org/maven2/commons-el/commons-el/1.0/commons-el-1.0.jar (112 kB at 42 kB/s)
Downloading from central: https://repo1.maven.org/maven2/org/mortbay/jetty/servlet-api-2.5/6.1.14/servlet-api-2.5-6.1.14.jar
Progress (3): 0.7/1.0 MB | 1.0 MB | 0.2/3.6 MB
Progress (3): 0.7/1.0 MB | 1.0 MB | 0.2/3.6 MB
Progress (3): 0.7/1.0 MB | 1.0 MB | 0.2/3.6 MB
Progress (3): 0.7/1.0 MB | 1.0 MB | 0.2/3.6 MB
Progress (3): 0.7/1.0 MB | 1.0 MB | 0.2/3.6 MB
Progress (3): 0.7/1.0 MB | 1.0 MB | 0.2/3.6 MB
Progress (3): 0.7/1.0 MB | 1.0 MB | 0.3/3.6 MB
Progress (3): 0.7/1.0 MB | 1.0 MB | 0.3/3.6 MB
Progress (3): 0.7/1.0 MB | 1.0 MB | 0.3/3.6 MB
Progress (3): 0.7/1.0 MB | 1.0 MB | 0.3/3.6 MB
Progress (3): 0.7/1.0 MB | 1.0 MB | 0.3/3.6 MB
Progress (3): 0.7/1.0 MB | 1.0 MB | 0.3/3.6 MB
Progress (3): 0.7/1.0 MB | 1.0 MB | 0.3/3.6 MB
Progress (3): 0.7/1.0 MB | 1.0 MB | 0.3/3.6 MB
Progress (3): 0.7/1.0 MB | 1.0 MB | 0.3/3.6 MB
Progress (3): 0.8/1.0 MB | 1.0 MB | 0.3/3.6 MB
Progress (3): 0.8/1.0 MB | 1.0 MB | 0.3/3.6 MB
Progress (3): 0.8/1.0 MB | 1.0 MB | 0.4/3.6 MB
Progress (3): 0.8/1.0 MB | 1.0 MB | 0.4/3.6 MB
Progress (3): 0.8/1.0 MB | 1.0 MB | 0.4/3.6 MB
Progress (3): 0.8/1.0 MB | 1.0 MB | 0.4/3.6 MB
Progress (3): 0.8/1.0 MB | 1.0 MB | 0.4/3.6 MB
Progress (3): 0.8/1.0 MB | 1.0 MB | 0.4/3.6 MB
Progress (3): 0.8/1.0 MB | 1.0 MB | 0.4/3.6 MB
Progress (3): 0.8/1.0 MB | 1.0 MB | 0.4/3.6 MB
Progress (3): 0.8/1.0 MB | 1.0 MB | 0.5/3.6 MB
Progress (3): 0.8/1.0 MB | 1.0 MB | 0.5/3.6 MB
Progress (3): 0.8/1.0 MB | 1.0 MB | 0.5/3.6 MB
Progress (3): 0.8/1.0 MB | 1.0 MB | 0.5/3.6 MB
Progress (3): 0.8/1.0 MB | 1.0 MB | 0.5/3.6 MB
Progress (3): 0.9/1.0 MB | 1.0 MB | 0.5/3.6 MB
Progress (3): 0.9/1.0 MB | 1.0 MB | 0.5/3.6 MB
Progress (3): 0.9/1.0 MB | 1.0 MB | 0.5/3.6 MB
Progress (3): 0.9/1.0 MB | 1.0 MB | 0.5/3.6 MB
Progress (3): 0.9/1.0 MB | 1.0 MB | 0.6/3.6 MB
Progress (3): 0.9/1.0 MB | 1.0 MB | 0.6/3.6 MB
Progress (3): 0.9/1.0 MB | 1.0 MB | 0.6/3.6 MB
Progress (3): 0.9/1.0 MB | 1.0 MB | 0.6/3.6 MB
Progress (3): 0.9/1.0 MB | 1.0 MB | 0.6/3.6 MB
Progress (3): 0.9/1.0 MB | 1.0 MB | 0.6/3.6 MB
Progress (3): 0.9/1.0 MB | 1.0 MB | 0.6/3.6 MB
Progress (3): 0.9/1.0 MB | 1.0 MB | 0.6/3.6 MB
Progress (3): 0.9/1.0 MB | 1.0 MB | 0.6/3.6 MB
Progress (3): 0.9/1.0 MB | 1.0 MB | 0.7/3.6 MB
Progress (3): 0.9/1.0 MB | 1.0 MB | 0.7/3.6 MB
Progress (3): 0.9/1.0 MB | 1.0 MB | 0.7/3.6 MB
Progress (3): 0.9/1.0 MB | 1.0 MB | 0.7/3.6 MB
Progress (3): 0.9/1.0 MB | 1.0 MB | 0.7/3.6 MB
Progress (3): 0.9/1.0 MB | 1.0 MB | 0.7/3.6 MB
Progress (3): 0.9/1.0 MB | 1.0 MB | 0.7/3.6 MB
Progress (3): 0.9/1.0 MB | 1.0 MB | 0.7/3.6 MB
Progress (3): 1.0/1.0 MB | 1.0 MB | 0.7/3.6 MB
Progress (3): 1.0/1.0 MB | 1.0 MB | 0.8/3.6 MB
Progress (3): 1.0/1.0 MB | 1.0 MB | 0.8/3.6 MB
Progress (3): 1.0/1.0 MB | 1.0 MB | 0.8/3.6 MB
Progress (3): 1.0/1.0 MB | 1.0 MB | 0.8/3.6 MB
Progress (3): 1.0/1.0 MB | 1.0 MB | 0.8/3.6 MB
                                              
Downloaded from central: https://repo1.maven.org/maven2/ant/ant/1.6.5/ant-1.6.5.jar (1.0 MB at 386 kB/s)
Downloading from central: https://repo1.maven.org/maven2/net/sf/kosmosfs/kfs/0.3/kfs-0.3.jar
Progress (2): 1.0/1.0 MB | 0.8/3.6 MB
Progress (2): 1.0/1.0 MB | 0.8/3.6 MB
Progress (2): 1.0/1.0 MB | 0.8/3.6 MB
Progress (2): 1.0/1.0 MB | 0.8/3.6 MB
Progress (2): 1.0/1.0 MB | 0.9/3.6 MB
Progress (2): 1.0/1.0 MB | 0.9/3.6 MB
Progress (2): 1.0/1.0 MB | 0.9/3.6 MB
Progress (2): 1.0/1.0 MB | 0.9/3.6 MB
Progress (2): 1.0/1.0 MB | 0.9/3.6 MB
Progress (2): 1.0 MB | 0.9/3.6 MB    
Progress (2): 1.0 MB | 0.9/3.6 MB
Progress (2): 1.0 MB | 0.9/3.6 MB
Progress (2): 1.0 MB | 1.0/3.6 MB
Progress (2): 1.0 MB | 1.0/3.6 MB
Progress (2): 1.0 MB | 1.0/3.6 MB
Progress (2): 1.0 MB | 1.0/3.6 MB
Progress (2): 1.0 MB | 1.0/3.6 MB
Progress (2): 1.0 MB | 1.0/3.6 MB
Progress (2): 1.0 MB | 1.0/3.6 MB
Progress (2): 1.0 MB | 1.1/3.6 MB
Progress (2): 1.0 MB | 1.1/3.6 MB
Progress (2): 1.0 MB | 1.1/3.6 MB
Progress (2): 1.0 MB | 1.1/3.6 MB
Progress (2): 1.0 MB | 1.1/3.6 MB
Progress (2): 1.0 MB | 1.1/3.6 MB
Progress (2): 1.0 MB | 1.2/3.6 MB
Progress (2): 1.0 MB | 1.2/3.6 MB
Progress (2): 1.0 MB | 1.2/3.6 MB
Progress (2): 1.0 MB | 1.2/3.6 MB
Progress (2): 1.0 MB | 1.2/3.6 MB
Progress (2): 1.0 MB | 1.2/3.6 MB
Progress (2): 1.0 MB | 1.3/3.6 MB
Progress (2): 1.0 MB | 1.3/3.6 MB
Progress (2): 1.0 MB | 1.3/3.6 MB
Progress (2): 1.0 MB | 1.3/3.6 MB
Progress (2): 1.0 MB | 1.3/3.6 MB
Progress (2): 1.0 MB | 1.3/3.6 MB
Progress (2): 1.0 MB | 1.4/3.6 MB
Progress (2): 1.0 MB | 1.4/3.6 MB
Progress (2): 1.0 MB | 1.4/3.6 MB
Progress (2): 1.0 MB | 1.4/3.6 MB
Progress (2): 1.0 MB | 1.4/3.6 MB
Progress (2): 1.0 MB | 1.4/3.6 MB
Progress (2): 1.0 MB | 1.5/3.6 MB
Progress (2): 1.0 MB | 1.5/3.6 MB
Progress (2): 1.0 MB | 1.5/3.6 MB
Progress (2): 1.0 MB | 1.5/3.6 MB
Progress (2): 1.0 MB | 1.5/3.6 MB
Progress (2): 1.0 MB | 1.5/3.6 MB
Progress (2): 1.0 MB | 1.6/3.6 MB
Progress (2): 1.0 MB | 1.6/3.6 MB
Progress (2): 1.0 MB | 1.6/3.6 MB
Progress (2): 1.0 MB | 1.6/3.6 MB
Progress (2): 1.0 MB | 1.6/3.6 MB
Progress (2): 1.0 MB | 1.6/3.6 MB
Progress (2): 1.0 MB | 1.7/3.6 MB
Progress (2): 1.0 MB | 1.7/3.6 MB
Progress (2): 1.0 MB | 1.7/3.6 MB
Progress (2): 1.0 MB | 1.7/3.6 MB
Progress (2): 1.0 MB | 1.7/3.6 MB
Progress (2): 1.0 MB | 1.7/3.6 MB
Progress (2): 1.0 MB | 1.8/3.6 MB
Progress (2): 1.0 MB | 1.8/3.6 MB
Progress (2): 1.0 MB | 1.8/3.6 MB
Progress (2): 1.0 MB | 1.8/3.6 MB
Progress (2): 1.0 MB | 1.8/3.6 MB
Progress (2): 1.0 MB | 1.8/3.6 MB
                                 
Downloaded from central: https://repo1.maven.org/maven2/org/mortbay/jetty/jsp-2.1/6.1.14/jsp-2.1-6.1.14.jar (1.0 MB at 380 kB/s)
Downloading from central: https://repo1.maven.org/maven2/org/antlr/ST4/4.0.4/ST4-4.0.4.jar
Progress (1): 1.9/3.6 MB
Progress (1): 1.9/3.6 MB
Progress (1): 1.9/3.6 MB
Progress (1): 1.9/3.6 MB
Progress (1): 1.9/3.6 MB
Progress (1): 1.9/3.6 MB
Progress (1): 1.9/3.6 MB
Progress (1): 2.0/3.6 MB
Progress (1): 2.0/3.6 MB
Progress (1): 2.0/3.6 MB
Progress (1): 2.0/3.6 MB
Progress (1): 2.0/3.6 MB
Progress (1): 2.0/3.6 MB
Progress (1): 2.1/3.6 MB
Progress (1): 2.1/3.6 MB
Progress (1): 2.1/3.6 MB
Progress (1): 2.1/3.6 MB
Progress (1): 2.1/3.6 MB
Progress (1): 2.1/3.6 MB
Progress (1): 2.2/3.6 MB
Progress (1): 2.2/3.6 MB
Progress (1): 2.2/3.6 MB
Progress (1): 2.2/3.6 MB
Progress (1): 2.2/3.6 MB
Progress (1): 2.2/3.6 MB
Progress (1): 2.2/3.6 MB
Progress (1): 2.3/3.6 MB
Progress (1): 2.3/3.6 MB
Progress (1): 2.3/3.6 MB
Progress (1): 2.3/3.6 MB
Progress (1): 2.3/3.6 MB
Progress (1): 2.3/3.6 MB
Progress (1): 2.4/3.6 MB
Progress (1): 2.4/3.6 MB
Progress (1): 2.4/3.6 MB
Progress (1): 2.4/3.6 MB
Progress (1): 2.4/3.6 MB
Progress (1): 2.4/3.6 MB
Progress (1): 2.5/3.6 MB
Progress (1): 2.5/3.6 MB
Progress (1): 2.5/3.6 MB
Progress (1): 2.5/3.6 MB
Progress (1): 2.5/3.6 MB
Progress (1): 2.5/3.6 MB
Progress (1): 2.6/3.6 MB
Progress (1): 2.6/3.6 MB
Progress (1): 2.6/3.6 MB
Progress (1): 2.6/3.6 MB
Progress (1): 2.6/3.6 MB
Progress (1): 2.6/3.6 MB
Progress (1): 2.7/3.6 MB
Progress (1): 2.7/3.6 MB
Progress (1): 2.7/3.6 MB
Progress (1): 2.7/3.6 MB
Progress (1): 2.7/3.6 MB
Progress (1): 2.7/3.6 MB
Progress (1): 2.8/3.6 MB
Progress (1): 2.8/3.6 MB
Progress (1): 2.8/3.6 MB
Progress (1): 2.8/3.6 MB
Progress (1): 2.8/3.6 MB
Progress (1): 2.8/3.6 MB
Progress (1): 2.9/3.6 MB
Progress (1): 2.9/3.6 MB
Progress (1): 2.9/3.6 MB
Progress (1): 2.9/3.6 MB
Progress (1): 2.9/3.6 MB
Progress (1): 2.9/3.6 MB
Progress (1): 3.0/3.6 MB
Progress (1): 3.0/3.6 MB
Progress (1): 3.0/3.6 MB
Progress (1): 3.0/3.6 MB
Progress (1): 3.0/3.6 MB
Progress (1): 3.0/3.6 MB
Progress (1): 3.1/3.6 MB
Progress (1): 3.1/3.6 MB
Progress (1): 3.1/3.6 MB
Progress (1): 3.1/3.6 MB
Progress (1): 3.1/3.6 MB
Progress (1): 3.1/3.6 MB
Progress (1): 3.1/3.6 MB
Progress (1): 3.2/3.6 MB
Progress (1): 3.2/3.6 MB
Progress (1): 3.2/3.6 MB
Progress (1): 3.2/3.6 MB
Progress (1): 3.2/3.6 MB
Progress (1): 3.2/3.6 MB
Progress (1): 3.3/3.6 MB
Progress (1): 3.3/3.6 MB
Progress (1): 3.3/3.6 MB
Progress (1): 3.3/3.6 MB
Progress (1): 3.3/3.6 MB
Progress (1): 3.3/3.6 MB
Progress (1): 3.4/3.6 MB
Progress (1): 3.4/3.6 MB
Progress (1): 3.4/3.6 MB
Progress (1): 3.4/3.6 MB
Progress (1): 3.4/3.6 MB
Progress (1): 3.4/3.6 MB
Progress (1): 3.5/3.6 MB
Progress (1): 3.5/3.6 MB
Progress (1): 3.5/3.6 MB
Progress (1): 3.5/3.6 MB
Progress (1): 3.5/3.6 MB
Progress (1): 3.5/3.6 MB
Progress (1): 3.6/3.6 MB
Progress (1): 3.6 MB    
Progress (2): 3.6 MB | 7.7/237 kB
Progress (3): 3.6 MB | 7.7/237 kB | 7.8/378 kB
Progress (3): 3.6 MB | 16/237 kB | 7.8/378 kB 
Progress (3): 3.6 MB | 32/237 kB | 7.8/378 kB
Progress (3): 3.6 MB | 49/237 kB | 7.8/378 kB
Progress (3): 3.6 MB | 65/237 kB | 7.8/378 kB
Progress (3): 3.6 MB | 81/237 kB | 7.8/378 kB
Progress (3): 3.6 MB | 98/237 kB | 7.8/378 kB
Progress (3): 3.6 MB | 98/237 kB | 16/378 kB 
Progress (3): 3.6 MB | 114/237 kB | 16/378 kB
Progress (3): 3.6 MB | 114/237 kB | 32/378 kB
Progress (3): 3.6 MB | 131/237 kB | 32/378 kB
Progress (3): 3.6 MB | 131/237 kB | 49/378 kB
Progress (3): 3.6 MB | 147/237 kB | 49/378 kB
Progress (3): 3.6 MB | 147/237 kB | 65/378 kB
Progress (3): 3.6 MB | 163/237 kB | 65/378 kB
Progress (3): 3.6 MB | 180/237 kB | 65/378 kB
Progress (3): 3.6 MB | 180/237 kB | 81/378 kB
Progress (3): 3.6 MB | 196/237 kB | 81/378 kB
Progress (3): 3.6 MB | 196/237 kB | 98/378 kB
Progress (3): 3.6 MB | 213/237 kB | 98/378 kB
Progress (3): 3.6 MB | 213/237 kB | 114/378 kB
Progress (3): 3.6 MB | 213/237 kB | 131/378 kB
Progress (3): 3.6 MB | 229/237 kB | 131/378 kB
Progress (3): 3.6 MB | 237 kB | 131/378 kB    
Progress (3): 3.6 MB | 237 kB | 147/378 kB
Progress (4): 3.6 MB | 237 kB | 147/378 kB | 7.8/12 kB
Progress (4): 3.6 MB | 237 kB | 163/378 kB | 7.8/12 kB
Progress (4): 3.6 MB | 237 kB | 180/378 kB | 7.8/12 kB
Progress (4): 3.6 MB | 237 kB | 196/378 kB | 7.8/12 kB
Progress (4): 3.6 MB | 237 kB | 213/378 kB | 7.8/12 kB
Progress (4): 3.6 MB | 237 kB | 229/378 kB | 7.8/12 kB
Progress (4): 3.6 MB | 237 kB | 229/378 kB | 12 kB    
Progress (4): 3.6 MB | 237 kB | 245/378 kB | 12 kB
Progress (4): 3.6 MB | 237 kB | 262/378 kB | 12 kB
Progress (4): 3.6 MB | 237 kB | 278/378 kB | 12 kB
Progress (4): 3.6 MB | 237 kB | 294/378 kB | 12 kB
Progress (4): 3.6 MB | 237 kB | 311/378 kB | 12 kB
Progress (4): 3.6 MB | 237 kB | 327/378 kB | 12 kB
Progress (4): 3.6 MB | 237 kB | 344/378 kB | 12 kB
Progress (4): 3.6 MB | 237 kB | 360/378 kB | 12 kB
Progress (4): 3.6 MB | 237 kB | 376/378 kB | 12 kB
Progress (4): 3.6 MB | 237 kB | 378 kB | 12 kB    
                                              
Downloaded from central: https://repo1.maven.org/maven2/org/antlr/ST4/4.0.4/ST4-4.0.4.jar (237 kB at 86 kB/s)
Downloading from central: https://repo1.maven.org/maven2/org/antlr/antlr-runtime/3.5.2/antlr-runtime-3.5.2.jar
Progress (4): 3.6 MB | 378 kB | 12 kB | 7.8/132 kB
                                                  
Downloaded from central: https://repo1.maven.org/maven2/net/sf/kosmosfs/kfs/0.3/kfs-0.3.jar (12 kB at 4.3 kB/s)
Downloading from central: https://repo1.maven.org/maven2/dk/brics/automaton/automaton/1.11-8/automaton-1.11-8.jar
Progress (3): 3.6 MB | 378 kB | 16/132 kB
Progress (3): 3.6 MB | 378 kB | 32/132 kB
Progress (3): 3.6 MB | 378 kB | 49/132 kB
                                         
Downloaded from central: https://repo1.maven.org/maven2/net/java/dev/jets3t/jets3t/0.7.1/jets3t-0.7.1.jar (378 kB at 137 kB/s)
Downloading from central: https://repo1.maven.org/maven2/joda-time/joda-time/2.13.0/joda-time-2.13.0.jar
Progress (2): 3.6 MB | 65/132 kB
Progress (2): 3.6 MB | 81/132 kB
Progress (2): 3.6 MB | 98/132 kB
Progress (2): 3.6 MB | 114/132 kB
Progress (2): 3.6 MB | 131/132 kB
Progress (2): 3.6 MB | 132 kB    
                             
Downloaded from central: https://repo1.maven.org/maven2/org/eclipse/jdt/core/3.1.1/core-3.1.1.jar (3.6 MB at 1.3 MB/s)
Downloading from central: https://repo1.maven.org/maven2/org/mockito/mockito-core/5.17.0/mockito-core-5.17.0.jar
Downloaded from central: https://repo1.maven.org/maven2/org/mortbay/jetty/servlet-api-2.5/6.1.14/servlet-api-2.5-6.1.14.jar (132 kB at 48 kB/s)
Downloading from central: https://repo1.maven.org/maven2/net/bytebuddy/byte-buddy/1.15.11/byte-buddy-1.15.11.jar
Progress (1): 7.7/168 kB
Progress (1): 16/168 kB 
Progress (1): 32/168 kB
Progress (1): 49/168 kB
Progress (1): 65/168 kB
Progress (1): 81/168 kB
Progress (2): 81/168 kB | 7.7/176 kB
Progress (2): 98/168 kB | 7.7/176 kB
Progress (2): 114/168 kB | 7.7/176 kB
Progress (2): 131/168 kB | 7.7/176 kB
Progress (2): 147/168 kB | 7.7/176 kB
Progress (2): 163/168 kB | 7.7/176 kB
Progress (2): 168 kB | 7.7/176 kB    
Progress (2): 168 kB | 16/176 kB 
Progress (2): 168 kB | 32/176 kB
Progress (2): 168 kB | 49/176 kB
Progress (2): 168 kB | 65/176 kB
Progress (2): 168 kB | 81/176 kB
Progress (2): 168 kB | 98/176 kB
Progress (2): 168 kB | 114/176 kB
Progress (2): 168 kB | 131/176 kB
Progress (3): 168 kB | 131/176 kB | 7.7/639 kB
Progress (3): 168 kB | 147/176 kB | 7.7/639 kB
Progress (3): 168 kB | 163/176 kB | 7.7/639 kB
Progress (3): 168 kB | 176 kB | 7.7/639 kB    
Progress (3): 168 kB | 176 kB | 16/639 kB 
Progress (3): 168 kB | 176 kB | 32/639 kB
Progress (3): 168 kB | 176 kB | 49/639 kB
Progress (3): 168 kB | 176 kB | 65/639 kB
Progress (3): 168 kB | 176 kB | 81/639 kB
Progress (3): 168 kB | 176 kB | 98/639 kB
Progress (3): 168 kB | 176 kB | 114/639 kB
Progress (3): 168 kB | 176 kB | 131/639 kB
Progress (3): 168 kB | 176 kB | 147/639 kB
Progress (3): 168 kB | 176 kB | 163/639 kB
Progress (3): 168 kB | 176 kB | 180/639 kB
Progress (3): 168 kB | 176 kB | 196/639 kB
Progress (3): 168 kB | 176 kB | 213/639 kB
Progress (3): 168 kB | 176 kB | 229/639 kB
Progress (4): 168 kB | 176 kB | 229/639 kB | 7.7/709 kB
Progress (4): 168 kB | 176 kB | 245/639 kB | 7.7/709 kB
Progress (4): 168 kB | 176 kB | 262/639 kB | 7.7/709 kB
Progress (4): 168 kB | 176 kB | 278/639 kB | 7.7/709 kB
Progress (4): 168 kB | 176 kB | 294/639 kB | 7.7/709 kB
Progress (4): 168 kB | 176 kB | 311/639 kB | 7.7/709 kB
Progress (4): 168 kB | 176 kB | 327/639 kB | 7.7/709 kB
Progress (4): 168 kB | 176 kB | 344/639 kB | 7.7/709 kB
Progress (4): 168 kB | 176 kB | 360/639 kB | 7.7/709 kB
Progress (4): 168 kB | 176 kB | 376/639 kB | 7.7/709 kB
Progress (4): 168 kB | 176 kB | 393/639 kB | 7.7/709 kB
Progress (4): 168 kB | 176 kB | 393/639 kB | 16/709 kB 
Progress (4): 168 kB | 176 kB | 409/639 kB | 16/709 kB
Progress (4): 168 kB | 176 kB | 409/639 kB | 25/709 kB
Progress (4): 168 kB | 176 kB | 426/639 kB | 25/709 kB
Progress (4): 168 kB | 176 kB | 426/639 kB | 41/709 kB
Progress (4): 168 kB | 176 kB | 442/639 kB | 41/709 kB
Progress (4): 168 kB | 176 kB | 458/639 kB | 41/709 kB
Progress (4): 168 kB | 176 kB | 458/639 kB | 57/709 kB
Progress (4): 168 kB | 176 kB | 458/639 kB | 74/709 kB
Progress (4): 168 kB | 176 kB | 458/639 kB | 90/709 kB
Progress (4): 168 kB | 176 kB | 475/639 kB | 90/709 kB
Progress (4): 168 kB | 176 kB | 475/639 kB | 106/709 kB
Progress (4): 168 kB | 176 kB | 491/639 kB | 106/709 kB
Progress (4): 168 kB | 176 kB | 507/639 kB | 106/709 kB
Progress (4): 168 kB | 176 kB | 507/639 kB | 123/709 kB
                                                       
Downloaded from central: https://repo1.maven.org/maven2/org/antlr/antlr-runtime/3.5.2/antlr-runtime-3.5.2.jar (168 kB at 60 kB/s)
Downloading from central: https://repo1.maven.org/maven2/net/bytebuddy/byte-buddy-agent/1.15.11/byte-buddy-agent-1.15.11.jar
Progress (3): 176 kB | 524/639 kB | 123/709 kB
Progress (3): 176 kB | 524/639 kB | 139/709 kB
Progress (3): 176 kB | 524/639 kB | 156/709 kB
Progress (3): 176 kB | 524/639 kB | 172/709 kB
Progress (3): 176 kB | 524/639 kB | 188/709 kB
Progress (3): 176 kB | 524/639 kB | 205/709 kB
Progress (3): 176 kB | 540/639 kB | 205/709 kB
Progress (3): 176 kB | 540/639 kB | 221/709 kB
Progress (3): 176 kB | 557/639 kB | 221/709 kB
Progress (3): 176 kB | 557/639 kB | 233/709 kB
Progress (3): 176 kB | 557/639 kB | 250/709 kB
Progress (3): 176 kB | 557/639 kB | 266/709 kB
Progress (3): 176 kB | 557/639 kB | 282/709 kB
Progress (3): 176 kB | 557/639 kB | 299/709 kB
Progress (3): 176 kB | 557/639 kB | 315/709 kB
Progress (3): 176 kB | 557/639 kB | 331/709 kB
Progress (3): 176 kB | 573/639 kB | 331/709 kB
Progress (3): 176 kB | 573/639 kB | 348/709 kB
Progress (3): 176 kB | 573/639 kB | 364/709 kB
Progress (3): 176 kB | 589/639 kB | 364/709 kB
Progress (3): 176 kB | 589/639 kB | 381/709 kB
Progress (3): 176 kB | 589/639 kB | 397/709 kB
                                              
Downloaded from central: https://repo1.maven.org/maven2/dk/brics/automaton/automaton/1.11-8/automaton-1.11-8.jar (176 kB at 62 kB/s)
Downloading from central: https://repo1.maven.org/maven2/org/slf4j/slf4j-api/1.7.30/slf4j-api-1.7.30.jar
Progress (2): 589/639 kB | 413/709 kB
Progress (2): 589/639 kB | 430/709 kB
Progress (3): 589/639 kB | 430/709 kB | 0/8.5 MB
Progress (3): 589/639 kB | 446/709 kB | 0/8.5 MB
Progress (3): 606/639 kB | 446/709 kB | 0/8.5 MB
Progress (3): 606/639 kB | 463/709 kB | 0/8.5 MB
Progress (3): 606/639 kB | 479/709 kB | 0/8.5 MB
Progress (3): 606/639 kB | 495/709 kB | 0/8.5 MB
Progress (3): 622/639 kB | 495/709 kB | 0/8.5 MB
Progress (3): 622/639 kB | 512/709 kB | 0/8.5 MB
Progress (3): 639/639 kB | 512/709 kB | 0/8.5 MB
Progress (3): 639 kB | 512/709 kB | 0/8.5 MB    
Progress (3): 639 kB | 528/709 kB | 0/8.5 MB
Progress (3): 639 kB | 528/709 kB | 0/8.5 MB
Progress (3): 639 kB | 544/709 kB | 0/8.5 MB
Progress (3): 639 kB | 561/709 kB | 0/8.5 MB
Progress (3): 639 kB | 561/709 kB | 0/8.5 MB
Progress (3): 639 kB | 561/709 kB | 0/8.5 MB
Progress (3): 639 kB | 577/709 kB | 0/8.5 MB
Progress (3): 639 kB | 577/709 kB | 0.1/8.5 MB
Progress (3): 639 kB | 594/709 kB | 0.1/8.5 MB
Progress (3): 639 kB | 610/709 kB | 0.1/8.5 MB
Progress (3): 639 kB | 610/709 kB | 0.1/8.5 MB
Progress (3): 639 kB | 626/709 kB | 0.1/8.5 MB
Progress (3): 639 kB | 626/709 kB | 0.1/8.5 MB
Progress (3): 639 kB | 643/709 kB | 0.1/8.5 MB
Progress (3): 639 kB | 643/709 kB | 0.1/8.5 MB
Progress (3): 639 kB | 659/709 kB | 0.1/8.5 MB
Progress (3): 639 kB | 659/709 kB | 0.1/8.5 MB
Progress (3): 639 kB | 659/709 kB | 0.1/8.5 MB
Progress (3): 639 kB | 676/709 kB | 0.1/8.5 MB
Progress (3): 639 kB | 676/709 kB | 0.2/8.5 MB
Progress (3): 639 kB | 692/709 kB | 0.2/8.5 MB
Progress (3): 639 kB | 692/709 kB | 0.2/8.5 MB
Progress (3): 639 kB | 708/709 kB | 0.2/8.5 MB
Progress (3): 639 kB | 708/709 kB | 0.2/8.5 MB
Progress (3): 639 kB | 709 kB | 0.2/8.5 MB    
Progress (3): 639 kB | 709 kB | 0.2/8.5 MB
Progress (3): 639 kB | 709 kB | 0.2/8.5 MB
Progress (3): 639 kB | 709 kB | 0.2/8.5 MB
Progress (3): 639 kB | 709 kB | 0.3/8.5 MB
Progress (3): 639 kB | 709 kB | 0.3/8.5 MB
Progress (3): 639 kB | 709 kB | 0.3/8.5 MB
Progress (3): 639 kB | 709 kB | 0.3/8.5 MB
Progress (3): 639 kB | 709 kB | 0.3/8.5 MB
Progress (3): 639 kB | 709 kB | 0.3/8.5 MB
Progress (3): 639 kB | 709 kB | 0.4/8.5 MB
Progress (3): 639 kB | 709 kB | 0.4/8.5 MB
Progress (3): 639 kB | 709 kB | 0.4/8.5 MB
Progress (3): 639 kB | 709 kB | 0.4/8.5 MB
Progress (3): 639 kB | 709 kB | 0.4/8.5 MB
Progress (3): 639 kB | 709 kB | 0.4/8.5 MB
Progress (3): 639 kB | 709 kB | 0.5/8.5 MB
Progress (3): 639 kB | 709 kB | 0.5/8.5 MB
Progress (3): 639 kB | 709 kB | 0.5/8.5 MB
Progress (3): 639 kB | 709 kB | 0.5/8.5 MB
Progress (3): 639 kB | 709 kB | 0.5/8.5 MB
Progress (3): 639 kB | 709 kB | 0.5/8.5 MB
Progress (3): 639 kB | 709 kB | 0.6/8.5 MB
Progress (3): 639 kB | 709 kB | 0.6/8.5 MB
Progress (3): 639 kB | 709 kB | 0.6/8.5 MB
Progress (3): 639 kB | 709 kB | 0.6/8.5 MB
Progress (3): 639 kB | 709 kB | 0.6/8.5 MB
Progress (3): 639 kB | 709 kB | 0.6/8.5 MB
Progress (3): 639 kB | 709 kB | 0.7/8.5 MB
Progress (3): 639 kB | 709 kB | 0.7/8.5 MB
Progress (3): 639 kB | 709 kB | 0.7/8.5 MB
Progress (3): 639 kB | 709 kB | 0.7/8.5 MB
Progress (3): 639 kB | 709 kB | 0.7/8.5 MB
Progress (3): 639 kB | 709 kB | 0.7/8.5 MB
Progress (3): 639 kB | 709 kB | 0.8/8.5 MB
Progress (3): 639 kB | 709 kB | 0.8/8.5 MB
Progress (3): 639 kB | 709 kB | 0.8/8.5 MB
Progress (3): 639 kB | 709 kB | 0.8/8.5 MB
Progress (3): 639 kB | 709 kB | 0.8/8.5 MB
Progress (3): 639 kB | 709 kB | 0.8/8.5 MB
Progress (3): 639 kB | 709 kB | 0.9/8.5 MB
Progress (3): 639 kB | 709 kB | 0.9/8.5 MB
Progress (3): 639 kB | 709 kB | 0.9/8.5 MB
Progress (3): 639 kB | 709 kB | 0.9/8.5 MB
Progress (3): 639 kB | 709 kB | 0.9/8.5 MB
Progress (3): 639 kB | 709 kB | 0.9/8.5 MB
Progress (3): 639 kB | 709 kB | 0.9/8.5 MB
Progress (3): 639 kB | 709 kB | 1.0/8.5 MB
                                          
Downloaded from central: https://repo1.maven.org/maven2/joda-time/joda-time/2.13.0/joda-time-2.13.0.jar (639 kB at 225 kB/s)
Progress (2): 709 kB | 1.0/8.5 MB
Progress (2): 709 kB | 1.0/8.5 MB
Progress (2): 709 kB | 1.0/8.5 MB
Progress (2): 709 kB | 1.0/8.5 MB
Progress (2): 709 kB | 1.0/8.5 MB
Progress (2): 709 kB | 1.1/8.5 MB
Progress (2): 709 kB | 1.1/8.5 MB
Progress (2): 709 kB | 1.1/8.5 MB
Progress (2): 709 kB | 1.1/8.5 MB
Progress (2): 709 kB | 1.1/8.5 MB
Progress (2): 709 kB | 1.1/8.5 MB
Progress (2): 709 kB | 1.2/8.5 MB
                                 
Downloaded from central: https://repo1.maven.org/maven2/org/mockito/mockito-core/5.17.0/mockito-core-5.17.0.jar (709 kB at 249 kB/s)
Progress (1): 1.2/8.5 MB
Progress (1): 1.2/8.5 MB
Progress (1): 1.2/8.5 MB
Progress (1): 1.2/8.5 MB
Progress (1): 1.2/8.5 MB
Progress (1): 1.3/8.5 MB
Progress (1): 1.3/8.5 MB
Progress (1): 1.3/8.5 MB
Progress (1): 1.3/8.5 MB
Progress (1): 1.3/8.5 MB
Progress (1): 1.3/8.5 MB
Progress (1): 1.4/8.5 MB
Progress (1): 1.4/8.5 MB
Progress (1): 1.4/8.5 MB
Progress (1): 1.4/8.5 MB
Progress (1): 1.4/8.5 MB
Progress (1): 1.4/8.5 MB
Progress (1): 1.5/8.5 MB
Progress (1): 1.5/8.5 MB
Progress (1): 1.5/8.5 MB
Progress (1): 1.5/8.5 MB
Progress (1): 1.5/8.5 MB
Progress (1): 1.5/8.5 MB
Progress (1): 1.6/8.5 MB
Progress (1): 1.6/8.5 MB
Progress (1): 1.6/8.5 MB
Progress (1): 1.6/8.5 MB
Progress (1): 1.6/8.5 MB
Progress (1): 1.6/8.5 MB
Progress (1): 1.7/8.5 MB
Progress (1): 1.7/8.5 MB
Progress (2): 1.7/8.5 MB | 7.7/365 kB
Progress (2): 1.7/8.5 MB | 7.7/365 kB
Progress (2): 1.7/8.5 MB | 7.7/365 kB
Progress (2): 1.7/8.5 MB | 7.7/365 kB
Progress (2): 1.7/8.5 MB | 7.7/365 kB
Progress (2): 1.8/8.5 MB | 7.7/365 kB
Progress (2): 1.8/8.5 MB | 7.7/365 kB
Progress (2): 1.8/8.5 MB | 7.7/365 kB
Progress (2): 1.8/8.5 MB | 16/365 kB 
Progress (2): 1.8/8.5 MB | 16/365 kB
Progress (2): 1.8/8.5 MB | 32/365 kB
Progress (2): 1.8/8.5 MB | 49/365 kB
Progress (2): 1.8/8.5 MB | 57/365 kB
Progress (2): 1.8/8.5 MB | 74/365 kB
Progress (2): 1.8/8.5 MB | 74/365 kB
Progress (2): 1.8/8.5 MB | 90/365 kB
Progress (2): 1.8/8.5 MB | 106/365 kB
Progress (2): 1.8/8.5 MB | 106/365 kB
Progress (2): 1.8/8.5 MB | 123/365 kB
Progress (2): 1.9/8.5 MB | 123/365 kB
Progress (2): 1.9/8.5 MB | 139/365 kB
Progress (2): 1.9/8.5 MB | 139/365 kB
Progress (2): 1.9/8.5 MB | 156/365 kB
Progress (2): 1.9/8.5 MB | 156/365 kB
Progress (2): 1.9/8.5 MB | 164/365 kB
Progress (2): 1.9/8.5 MB | 164/365 kB
Progress (2): 1.9/8.5 MB | 180/365 kB
Progress (2): 1.9/8.5 MB | 197/365 kB
Progress (2): 1.9/8.5 MB | 213/365 kB
Progress (2): 1.9/8.5 MB | 213/365 kB
Progress (2): 1.9/8.5 MB | 229/365 kB
Progress (2): 1.9/8.5 MB | 229/365 kB
Progress (2): 1.9/8.5 MB | 246/365 kB
Progress (2): 1.9/8.5 MB | 246/365 kB
Progress (2): 1.9/8.5 MB | 262/365 kB
Progress (2): 2.0/8.5 MB | 262/365 kB
Progress (2): 2.0/8.5 MB | 279/365 kB
Progress (2): 2.0/8.5 MB | 279/365 kB
Progress (2): 2.0/8.5 MB | 295/365 kB
Progress (2): 2.0/8.5 MB | 295/365 kB
Progress (2): 2.0/8.5 MB | 311/365 kB
Progress (2): 2.0/8.5 MB | 311/365 kB
Progress (2): 2.0/8.5 MB | 328/365 kB
Progress (2): 2.0/8.5 MB | 344/365 kB
Progress (2): 2.0/8.5 MB | 344/365 kB
Progress (2): 2.0/8.5 MB | 360/365 kB
Progress (2): 2.0/8.5 MB | 365 kB    
Progress (2): 2.0/8.5 MB | 365 kB
Progress (2): 2.1/8.5 MB | 365 kB
Progress (2): 2.1/8.5 MB | 365 kB
Progress (2): 2.1/8.5 MB | 365 kB
Progress (2): 2.1/8.5 MB | 365 kB
Progress (2): 2.1/8.5 MB | 365 kB
Progress (2): 2.1/8.5 MB | 365 kB
Progress (2): 2.2/8.5 MB | 365 kB
Progress (2): 2.2/8.5 MB | 365 kB
Progress (2): 2.2/8.5 MB | 365 kB
Progress (2): 2.2/8.5 MB | 365 kB
Progress (2): 2.2/8.5 MB | 365 kB
Progress (2): 2.2/8.5 MB | 365 kB
Progress (2): 2.3/8.5 MB | 365 kB
Progress (2): 2.3/8.5 MB | 365 kB
Progress (3): 2.3/8.5 MB | 365 kB | 3.4/41 kB
Progress (3): 2.3/8.5 MB | 365 kB | 3.4/41 kB
Progress (3): 2.3/8.5 MB | 365 kB | 20/41 kB 
Progress (3): 2.3/8.5 MB | 365 kB | 20/41 kB
Progress (3): 2.3/8.5 MB | 365 kB | 36/41 kB
Progress (3): 2.3/8.5 MB | 365 kB | 36/41 kB
Progress (3): 2.3/8.5 MB | 365 kB | 41 kB   
Progress (3): 2.3/8.5 MB | 365 kB | 41 kB
Progress (3): 2.4/8.5 MB | 365 kB | 41 kB
Progress (3): 2.4/8.5 MB | 365 kB | 41 kB
Progress (3): 2.4/8.5 MB | 365 kB | 41 kB
Progress (3): 2.4/8.5 MB | 365 kB | 41 kB
Progress (3): 2.4/8.5 MB | 365 kB | 41 kB
Progress (3): 2.4/8.5 MB | 365 kB | 41 kB
Progress (3): 2.5/8.5 MB | 365 kB | 41 kB
Progress (3): 2.5/8.5 MB | 365 kB | 41 kB
Progress (3): 2.5/8.5 MB | 365 kB | 41 kB
Progress (3): 2.5/8.5 MB | 365 kB | 41 kB
Progress (3): 2.5/8.5 MB | 365 kB | 41 kB
Progress (3): 2.5/8.5 MB | 365 kB | 41 kB
Progress (3): 2.6/8.5 MB | 365 kB | 41 kB
Progress (3): 2.6/8.5 MB | 365 kB | 41 kB
Progress (3): 2.6/8.5 MB | 365 kB | 41 kB
Progress (3): 2.6/8.5 MB | 365 kB | 41 kB
Progress (3): 2.6/8.5 MB | 365 kB | 41 kB
Progress (3): 2.6/8.5 MB | 365 kB | 41 kB
Progress (3): 2.7/8.5 MB | 365 kB | 41 kB
Progress (3): 2.7/8.5 MB | 365 kB | 41 kB
Progress (3): 2.7/8.5 MB | 365 kB | 41 kB
Progress (3): 2.7/8.5 MB | 365 kB | 41 kB
Progress (3): 2.7/8.5 MB | 365 kB | 41 kB
Progress (3): 2.7/8.5 MB | 365 kB | 41 kB
Progress (3): 2.8/8.5 MB | 365 kB | 41 kB
Progress (3): 2.8/8.5 MB | 365 kB | 41 kB
Progress (3): 2.8/8.5 MB | 365 kB | 41 kB
                                         
Downloaded from central: https://repo1.maven.org/maven2/net/bytebuddy/byte-buddy-agent/1.15.11/byte-buddy-agent-1.15.11.jar (365 kB at 127 kB/s)
Downloaded from central: https://repo1.maven.org/maven2/org/slf4j/slf4j-api/1.7.30/slf4j-api-1.7.30.jar (41 kB at 14 kB/s)
Progress (1): 2.8/8.5 MB
Progress (1): 2.8/8.5 MB
Progress (1): 2.8/8.5 MB
Progress (1): 2.9/8.5 MB
Progress (1): 2.9/8.5 MB
Progress (1): 2.9/8.5 MB
Progress (1): 2.9/8.5 MB
Progress (1): 2.9/8.5 MB
Progress (1): 2.9/8.5 MB
Progress (1): 2.9/8.5 MB
Progress (1): 3.0/8.5 MB
Progress (1): 3.0/8.5 MB
Progress (1): 3.0/8.5 MB
Progress (1): 3.0/8.5 MB
Progress (1): 3.0/8.5 MB
Progress (1): 3.0/8.5 MB
Progress (1): 3.1/8.5 MB
Progress (1): 3.1/8.5 MB
Progress (1): 3.1/8.5 MB
Progress (1): 3.1/8.5 MB
Progress (1): 3.1/8.5 MB
Progress (1): 3.1/8.5 MB
Progress (1): 3.2/8.5 MB
Progress (1): 3.2/8.5 MB
Progress (1): 3.2/8.5 MB
Progress (1): 3.2/8.5 MB
Progress (1): 3.2/8.5 MB
Progress (1): 3.2/8.5 MB
Progress (1): 3.3/8.5 MB
Progress (1): 3.3/8.5 MB
Progress (1): 3.3/8.5 MB
Progress (1): 3.3/8.5 MB
Progress (1): 3.3/8.5 MB
Progress (1): 3.3/8.5 MB
Progress (1): 3.4/8.5 MB
Progress (1): 3.4/8.5 MB
Progress (1): 3.4/8.5 MB
Progress (1): 3.4/8.5 MB
Progress (1): 3.4/8.5 MB
Progress (1): 3.4/8.5 MB
Progress (1): 3.5/8.5 MB
Progress (1): 3.5/8.5 MB
Progress (1): 3.5/8.5 MB
Progress (1): 3.5/8.5 MB
Progress (1): 3.5/8.5 MB
Progress (1): 3.5/8.5 MB
Progress (1): 3.6/8.5 MB
Progress (1): 3.6/8.5 MB
Progress (1): 3.6/8.5 MB
Progress (1): 3.6/8.5 MB
Progress (1): 3.6/8.5 MB
Progress (1): 3.6/8.5 MB
Progress (1): 3.7/8.5 MB
Progress (1): 3.7/8.5 MB
Progress (1): 3.7/8.5 MB
Progress (1): 3.7/8.5 MB
Progress (1): 3.7/8.5 MB
Progress (1): 3.7/8.5 MB
Progress (1): 3.8/8.5 MB
Progress (1): 3.8/8.5 MB
Progress (1): 3.8/8.5 MB
Progress (1): 3.8/8.5 MB
Progress (1): 3.8/8.5 MB
Progress (1): 3.8/8.5 MB
Progress (1): 3.8/8.5 MB
Progress (1): 3.9/8.5 MB
Progress (1): 3.9/8.5 MB
Progress (1): 3.9/8.5 MB
Progress (1): 3.9/8.5 MB
Progress (1): 3.9/8.5 MB
Progress (1): 3.9/8.5 MB
Progress (1): 4.0/8.5 MB
Progress (1): 4.0/8.5 MB
Progress (1): 4.0/8.5 MB
Progress (1): 4.0/8.5 MB
Progress (1): 4.0/8.5 MB
Progress (1): 4.0/8.5 MB
Progress (1): 4.1/8.5 MB
Progress (1): 4.1/8.5 MB
Progress (1): 4.1/8.5 MB
Progress (1): 4.1/8.5 MB
Progress (1): 4.1/8.5 MB
Progress (1): 4.1/8.5 MB
Progress (1): 4.2/8.5 MB
Progress (1): 4.2/8.5 MB
Progress (1): 4.2/8.5 MB
Progress (1): 4.2/8.5 MB
Progress (1): 4.2/8.5 MB
Progress (1): 4.2/8.5 MB
Progress (1): 4.3/8.5 MB
Progress (1): 4.3/8.5 MB
Progress (1): 4.3/8.5 MB
Progress (1): 4.3/8.5 MB
Progress (1): 4.3/8.5 MB
Progress (1): 4.3/8.5 MB
Progress (1): 4.4/8.5 MB
Progress (1): 4.4/8.5 MB
Progress (1): 4.4/8.5 MB
Progress (1): 4.4/8.5 MB
Progress (1): 4.4/8.5 MB
Progress (1): 4.4/8.5 MB
Progress (1): 4.5/8.5 MB
Progress (1): 4.5/8.5 MB
Progress (1): 4.5/8.5 MB
Progress (1): 4.5/8.5 MB
Progress (1): 4.5/8.5 MB
Progress (1): 4.5/8.5 MB
Progress (1): 4.6/8.5 MB
Progress (1): 4.6/8.5 MB
Progress (1): 4.6/8.5 MB
Progress (1): 4.6/8.5 MB
Progress (1): 4.6/8.5 MB
Progress (1): 4.6/8.5 MB
Progress (1): 4.7/8.5 MB
Progress (1): 4.7/8.5 MB
Progress (1): 4.7/8.5 MB
Progress (1): 4.7/8.5 MB
Progress (1): 4.7/8.5 MB
Progress (1): 4.7/8.5 MB
Progress (1): 4.8/8.5 MB
Progress (1): 4.8/8.5 MB
Progress (1): 4.8/8.5 MB
Progress (1): 4.8/8.5 MB
Progress (1): 4.8/8.5 MB
Progress (1): 4.8/8.5 MB
Progress (1): 4.8/8.5 MB
Progress (1): 4.9/8.5 MB
Progress (1): 4.9/8.5 MB
Progress (1): 4.9/8.5 MB
Progress (1): 4.9/8.5 MB
Progress (1): 4.9/8.5 MB
Progress (1): 4.9/8.5 MB
Progress (1): 5.0/8.5 MB
Progress (1): 5.0/8.5 MB
Progress (1): 5.0/8.5 MB
Progress (1): 5.0/8.5 MB
Progress (1): 5.0/8.5 MB
Progress (1): 5.0/8.5 MB
Progress (1): 5.1/8.5 MB
Progress (1): 5.1/8.5 MB
Progress (1): 5.1/8.5 MB
Progress (1): 5.1/8.5 MB
Progress (1): 5.1/8.5 MB
Progress (1): 5.1/8.5 MB
Progress (1): 5.2/8.5 MB
Progress (1): 5.2/8.5 MB
Progress (1): 5.2/8.5 MB
Progress (1): 5.2/8.5 MB
Progress (1): 5.2/8.5 MB
Progress (1): 5.2/8.5 MB
Progress (1): 5.3/8.5 MB
Progress (1): 5.3/8.5 MB
Progress (1): 5.3/8.5 MB
Progress (1): 5.3/8.5 MB
Progress (1): 5.3/8.5 MB
Progress (1): 5.3/8.5 MB
Progress (1): 5.4/8.5 MB
Progress (1): 5.4/8.5 MB
Progress (1): 5.4/8.5 MB
Progress (1): 5.4/8.5 MB
Progress (1): 5.4/8.5 MB
Progress (1): 5.4/8.5 MB
Progress (1): 5.5/8.5 MB
Progress (1): 5.5/8.5 MB
Progress (1): 5.5/8.5 MB
Progress (1): 5.5/8.5 MB
Progress (1): 5.5/8.5 MB
Progress (1): 5.5/8.5 MB
Progress (1): 5.6/8.5 MB
Progress (1): 5.6/8.5 MB
Progress (1): 5.6/8.5 MB
Progress (1): 5.6/8.5 MB
Progress (1): 5.6/8.5 MB
Progress (1): 5.6/8.5 MB
Progress (1): 5.7/8.5 MB
Progress (1): 5.7/8.5 MB
Progress (1): 5.7/8.5 MB
Progress (1): 5.7/8.5 MB
Progress (1): 5.7/8.5 MB
Progress (1): 5.7/8.5 MB
Progress (1): 5.8/8.5 MB
Progress (1): 5.8/8.5 MB
Progress (1): 5.8/8.5 MB
Progress (1): 5.8/8.5 MB
Progress (1): 5.8/8.5 MB
Progress (1): 5.8/8.5 MB
Progress (1): 5.8/8.5 MB
Progress (1): 5.9/8.5 MB
Progress (1): 5.9/8.5 MB
Progress (1): 5.9/8.5 MB
Progress (1): 5.9/8.5 MB
Progress (1): 5.9/8.5 MB
Progress (1): 5.9/8.5 MB
Progress (1): 6.0/8.5 MB
Progress (1): 6.0/8.5 MB
Progress (1): 6.0/8.5 MB
Progress (1): 6.0/8.5 MB
Progress (1): 6.0/8.5 MB
Progress (1): 6.0/8.5 MB
Progress (1): 6.1/8.5 MB
Progress (1): 6.1/8.5 MB
Progress (1): 6.1/8.5 MB
Progress (1): 6.1/8.5 MB
Progress (1): 6.1/8.5 MB
Progress (1): 6.1/8.5 MB
Progress (1): 6.2/8.5 MB
Progress (1): 6.2/8.5 MB
Progress (1): 6.2/8.5 MB
Progress (1): 6.2/8.5 MB
Progress (1): 6.2/8.5 MB
Progress (1): 6.2/8.5 MB
Progress (1): 6.3/8.5 MB
Progress (1): 6.3/8.5 MB
Progress (1): 6.3/8.5 MB
Progress (1): 6.3/8.5 MB
Progress (1): 6.3/8.5 MB
Progress (1): 6.3/8.5 MB
Progress (1): 6.4/8.5 MB
Progress (1): 6.4/8.5 MB
Progress (1): 6.4/8.5 MB
Progress (1): 6.4/8.5 MB
Progress (1): 6.4/8.5 MB
Progress (1): 6.4/8.5 MB
Progress (1): 6.5/8.5 MB
Progress (1): 6.5/8.5 MB
Progress (1): 6.5/8.5 MB
Progress (1): 6.5/8.5 MB
Progress (1): 6.5/8.5 MB
Progress (1): 6.5/8.5 MB
Progress (1): 6.6/8.5 MB
Progress (1): 6.6/8.5 MB
Progress (1): 6.6/8.5 MB
Progress (1): 6.6/8.5 MB
Progress (1): 6.6/8.5 MB
Progress (1): 6.6/8.5 MB
Progress (1): 6.7/8.5 MB
Progress (1): 6.7/8.5 MB
Progress (1): 6.7/8.5 MB
Progress (1): 6.7/8.5 MB
Progress (1): 6.7/8.5 MB
Progress (1): 6.7/8.5 MB
Progress (1): 6.7/8.5 MB
Progress (1): 6.8/8.5 MB
Progress (1): 6.8/8.5 MB
Progress (1): 6.8/8.5 MB
Progress (1): 6.8/8.5 MB
Progress (1): 6.8/8.5 MB
Progress (1): 6.8/8.5 MB
Progress (1): 6.9/8.5 MB
Progress (1): 6.9/8.5 MB
Progress (1): 6.9/8.5 MB
Progress (1): 6.9/8.5 MB
Progress (1): 6.9/8.5 MB
Progress (1): 6.9/8.5 MB
Progress (1): 7.0/8.5 MB
Progress (1): 7.0/8.5 MB
Progress (1): 7.0/8.5 MB
Progress (1): 7.0/8.5 MB
Progress (1): 7.0/8.5 MB
Progress (1): 7.0/8.5 MB
Progress (1): 7.1/8.5 MB
Progress (1): 7.1/8.5 MB
Progress (1): 7.1/8.5 MB
Progress (1): 7.1/8.5 MB
Progress (1): 7.1/8.5 MB
Progress (1): 7.1/8.5 MB
Progress (1): 7.2/8.5 MB
Progress (1): 7.2/8.5 MB
Progress (1): 7.2/8.5 MB
Progress (1): 7.2/8.5 MB
Progress (1): 7.2/8.5 MB
Progress (1): 7.2/8.5 MB
Progress (1): 7.3/8.5 MB
Progress (1): 7.3/8.5 MB
Progress (1): 7.3/8.5 MB
Progress (1): 7.3/8.5 MB
Progress (1): 7.3/8.5 MB
Progress (1): 7.3/8.5 MB
Progress (1): 7.4/8.5 MB
Progress (1): 7.4/8.5 MB
Progress (1): 7.4/8.5 MB
Progress (1): 7.4/8.5 MB
Progress (1): 7.4/8.5 MB
Progress (1): 7.4/8.5 MB
Progress (1): 7.5/8.5 MB
Progress (1): 7.5/8.5 MB
Progress (1): 7.5/8.5 MB
Progress (1): 7.5/8.5 MB
Progress (1): 7.5/8.5 MB
Progress (1): 7.5/8.5 MB
Progress (1): 7.6/8.5 MB
Progress (1): 7.6/8.5 MB
Progress (1): 7.6/8.5 MB
Progress (1): 7.6/8.5 MB
Progress (1): 7.6/8.5 MB
Progress (1): 7.6/8.5 MB
Progress (1): 7.7/8.5 MB
Progress (1): 7.7/8.5 MB
Progress (1): 7.7/8.5 MB
Progress (1): 7.7/8.5 MB
Progress (1): 7.7/8.5 MB
Progress (1): 7.7/8.5 MB
Progress (1): 7.7/8.5 MB
Progress (1): 7.8/8.5 MB
Progress (1): 7.8/8.5 MB
Progress (1): 7.8/8.5 MB
Progress (1): 7.8/8.5 MB
Progress (1): 7.8/8.5 MB
Progress (1): 7.8/8.5 MB
Progress (1): 7.9/8.5 MB
Progress (1): 7.9/8.5 MB
Progress (1): 7.9/8.5 MB
Progress (1): 7.9/8.5 MB
Progress (1): 7.9/8.5 MB
Progress (1): 7.9/8.5 MB
Progress (1): 8.0/8.5 MB
Progress (1): 8.0/8.5 MB
Progress (1): 8.0/8.5 MB
Progress (1): 8.0/8.5 MB
Progress (1): 8.0/8.5 MB
Progress (1): 8.0/8.5 MB
Progress (1): 8.1/8.5 MB
Progress (1): 8.1/8.5 MB
Progress (1): 8.1/8.5 MB
Progress (1): 8.1/8.5 MB
Progress (1): 8.1/8.5 MB
Progress (1): 8.1/8.5 MB
Progress (1): 8.2/8.5 MB
Progress (1): 8.2/8.5 MB
Progress (1): 8.2/8.5 MB
Progress (1): 8.2/8.5 MB
Progress (1): 8.2/8.5 MB
Progress (1): 8.2/8.5 MB
Progress (1): 8.3/8.5 MB
Progress (1): 8.3/8.5 MB
Progress (1): 8.3/8.5 MB
Progress (1): 8.3/8.5 MB
Progress (1): 8.3/8.5 MB
Progress (1): 8.3/8.5 MB
Progress (1): 8.4/8.5 MB
Progress (1): 8.4/8.5 MB
Progress (1): 8.4/8.5 MB
Progress (1): 8.4/8.5 MB
Progress (1): 8.4/8.5 MB
Progress (1): 8.4/8.5 MB
Progress (1): 8.5/8.5 MB
Progress (1): 8.5 MB    
                    
Downloaded from central: https://repo1.maven.org/maven2/net/bytebuddy/byte-buddy/1.15.11/byte-buddy-1.15.11.jar (8.5 MB at 2.8 MB/s)
[INFO] ------------------------------------------------------------------------
[INFO] BUILD FAILURE
[INFO] ------------------------------------------------------------------------
[INFO] Total time:  25.027 s
[INFO] Finished at: 2026-02-24T21:30:21-05:00
[INFO] ------------------------------------------------------------------------
[INFO] 0 goals, 0 executed
Downloading from central: https://repo1.maven.org/maven2/org/apache/maven/plugins/maven-surefire-plugin/3.5.3/maven-surefire-plugin-3.5.3.pom
Progress (1): 827 B
Progress (1): 3.3 kB
Progress (1): 5.5 kB
                    
Downloaded from central: https://repo1.maven.org/maven2/org/apache/maven/plugins/maven-surefire-plugin/3.5.3/maven-surefire-plugin-3.5.3.pom (5.5 kB at 91 kB/s)
Downloading from central: https://repo1.maven.org/maven2/org/apache/maven/surefire/surefire/3.5.3/surefire-3.5.3.pom
Progress (1): 789 B
Progress (1): 2.4 kB
Progress (1): 4.0 kB
Progress (1): 7.7 kB
Progress (1): 11 kB 
Progress (1): 13 kB
Progress (1): 16 kB
Progress (1): 18 kB
Progress (1): 20 kB
                   
Downloaded from central: https://repo1.maven.org/maven2/org/apache/maven/surefire/surefire/3.5.3/surefire-3.5.3.pom (20 kB at 390 kB/s)
Downloading from central: https://repo1.maven.org/maven2/org/apache/maven/maven-parent/44/maven-parent-44.pom
Progress (1): 708 B
Progress (1): 1.9 kB
Progress (1): 5.5 kB
Progress (1): 9.7 kB
Progress (1): 14 kB 
Progress (1): 19 kB
Progress (1): 23 kB
Progress (1): 26 kB
Progress (1): 28 kB
Progress (1): 32 kB
Progress (1): 36 kB
Progress (1): 39 kB
Progress (1): 42 kB
Progress (1): 45 kB
Progress (1): 49 kB
Progress (1): 50 kB
Progress (1): 52 kB
                   
Downloaded from central: https://repo1.maven.org/maven2/org/apache/maven/maven-parent/44/maven-parent-44.pom (52 kB at 1.1 MB/s)
Downloading from central: https://repo1.maven.org/maven2/org/junit/junit-bom/5.12.1/junit-bom-5.12.1.pom
Progress (1): 908 B
Progress (1): 4.1 kB
Progress (1): 5.6 kB
                    
Downloaded from central: https://repo1.maven.org/maven2/org/junit/junit-bom/5.12.1/junit-bom-5.12.1.pom (5.6 kB at 111 kB/s)
Downloading from central: https://repo1.maven.org/maven2/org/apache/maven/plugins/maven-surefire-plugin/3.5.3/maven-surefire-plugin-3.5.3.jar
Progress (1): 4.1/46 kB
Progress (1): 20/46 kB 
Progress (1): 37/46 kB
Progress (1): 46 kB   
                   
Downloaded from central: https://repo1.maven.org/maven2/org/apache/maven/plugins/maven-surefire-plugin/3.5.3/maven-surefire-plugin-3.5.3.jar (46 kB at 1.1 MB/s)
Downloading from central: https://repo1.maven.org/maven2/org/apache/maven/plugins/maven-site-plugin/3.21.0/maven-site-plugin-3.21.0.pom
Progress (1): 740 B
Progress (1): 2.4 kB
Progress (1): 5.4 kB
Progress (1): 7.1 kB
Progress (1): 13 kB 
Progress (1): 18 kB
Progress (1): 20 kB
Progress (1): 22 kB
                   
Downloaded from central: https://repo1.maven.org/maven2/org/apache/maven/plugins/maven-site-plugin/3.21.0/maven-site-plugin-3.21.0.pom (22 kB at 394 kB/s)
Downloading from central: https://repo1.maven.org/maven2/org/apache/maven/plugins/maven-site-plugin/3.21.0/maven-site-plugin-3.21.0.jar
Progress (1): 7.7/117 kB
Progress (1): 16/117 kB 
Progress (1): 32/117 kB
Progress (1): 48/117 kB
Progress (1): 65/117 kB
Progress (1): 81/117 kB
Progress (1): 98/117 kB
Progress (1): 114/117 kB
Progress (1): 117 kB    
                    
Downloaded from central: https://repo1.maven.org/maven2/org/apache/maven/plugins/maven-site-plugin/3.21.0/maven-site-plugin-3.21.0.jar (117 kB at 756 kB/s)
Downloading from central: https://repo1.maven.org/maven2/org/apache/maven/plugins/maven-dependency-plugin/2.8/maven-dependency-plugin-2.8.pom
Progress (1): 763 B
Progress (1): 2.2 kB
Progress (1): 6.1 kB
Progress (1): 9.4 kB
Progress (1): 11 kB 
                   
Downloaded from central: https://repo1.maven.org/maven2/org/apache/maven/plugins/maven-dependency-plugin/2.8/maven-dependency-plugin-2.8.pom (11 kB at 212 kB/s)
Downloading from central: https://repo1.maven.org/maven2/org/apache/maven/plugins/maven-dependency-plugin/2.8/maven-dependency-plugin-2.8.jar
Progress (1): 16/153 kB
Progress (1): 25/153 kB
Progress (1): 41/153 kB
Progress (1): 57/153 kB
Progress (1): 74/153 kB
Progress (1): 90/153 kB
Progress (1): 106/153 kB
Progress (1): 123/153 kB
Progress (1): 139/153 kB
Progress (1): 153 kB    
                    
Downloaded from central: https://repo1.maven.org/maven2/org/apache/maven/plugins/maven-dependency-plugin/2.8/maven-dependency-plugin-2.8.jar (153 kB at 2.3 MB/s)
Downloading from central: https://repo1.maven.org/maven2/org/apache/maven/plugins/maven-checkstyle-plugin/3.5.0/maven-checkstyle-plugin-3.5.0.pom
Progress (1): 744 B
Progress (1): 2.2 kB
Progress (1): 4.7 kB
Progress (1): 9.7 kB
Progress (1): 12 kB 
Progress (1): 15 kB
                   
Downloaded from central: https://repo1.maven.org/maven2/org/apache/maven/plugins/maven-checkstyle-plugin/3.5.0/maven-checkstyle-plugin-3.5.0.pom (15 kB at 222 kB/s)
Downloading from central: https://repo1.maven.org/maven2/org/apache/maven/plugins/maven-checkstyle-plugin/3.5.0/maven-checkstyle-plugin-3.5.0.jar
Progress (1): 7.7/101 kB
Progress (1): 16/101 kB 
Progress (1): 28/101 kB
Progress (1): 44/101 kB
Progress (1): 61/101 kB
Progress (1): 77/101 kB
Progress (1): 94/101 kB
Progress (1): 101 kB   
                    
Downloaded from central: https://repo1.maven.org/maven2/org/apache/maven/plugins/maven-checkstyle-plugin/3.5.0/maven-checkstyle-plugin-3.5.0.jar (101 kB at 1.2 MB/s)
Downloading from central: https://repo1.maven.org/maven2/org/apache/maven/plugins/maven-clean-plugin/3.5.0/maven-clean-plugin-3.5.0.pom
Progress (1): 797 B
Progress (1): 2.2 kB
Progress (1): 5.0 kB
Progress (1): 5.7 kB
                    
Downloaded from central: https://repo1.maven.org/maven2/org/apache/maven/plugins/maven-clean-plugin/3.5.0/maven-clean-plugin-3.5.0.pom (5.7 kB at 85 kB/s)
Downloading from central: https://repo1.maven.org/maven2/org/apache/maven/plugins/maven-plugins/44/maven-plugins-44.pom
Progress (1): 771 B
Progress (1): 2.3 kB
Progress (1): 4.9 kB
Progress (1): 7.8 kB
Progress (1): 8.4 kB
                    
Downloaded from central: https://repo1.maven.org/maven2/org/apache/maven/plugins/maven-plugins/44/maven-plugins-44.pom (8.4 kB at 149 kB/s)
Downloading from central: https://repo1.maven.org/maven2/org/apache/maven/plugins/maven-clean-plugin/3.5.0/maven-clean-plugin-3.5.0.jar
Progress (1): 7.7/37 kB
Progress (1): 16/37 kB 
Progress (1): 32/37 kB
Progress (1): 37 kB   
                   
Downloaded from central: https://repo1.maven.org/maven2/org/apache/maven/plugins/maven-clean-plugin/3.5.0/maven-clean-plugin-3.5.0.jar (37 kB at 810 kB/s)
Downloading from central: https://repo1.maven.org/maven2/org/apache/maven/plugins/maven-install-plugin/3.1.4/maven-install-plugin-3.1.4.pom
Progress (1): 786 B
Progress (1): 2.3 kB
Progress (1): 5.0 kB
Progress (1): 8.1 kB
Progress (1): 8.1 kB
                    
Downloaded from central: https://repo1.maven.org/maven2/org/apache/maven/plugins/maven-install-plugin/3.1.4/maven-install-plugin-3.1.4.pom (8.1 kB at 117 kB/s)
Downloading from central: https://repo1.maven.org/maven2/org/apache/maven/plugins/maven-install-plugin/3.1.4/maven-install-plugin-3.1.4.jar
Progress (1): 7.7/33 kB
Progress (1): 16/33 kB 
Progress (1): 32/33 kB
Progress (1): 33 kB   
                   
Downloaded from central: https://repo1.maven.org/maven2/org/apache/maven/plugins/maven-install-plugin/3.1.4/maven-install-plugin-3.1.4.jar (33 kB at 639 kB/s)
Downloading from central: https://repo1.maven.org/maven2/org/jamon/jamon-maven-plugin/2.3.4/jamon-maven-plugin-2.3.4.pom
Progress (1): 1.5 kB
Progress (1): 4.1 kB
Progress (1): 4.8 kB
                    
Downloaded from central: https://repo1.maven.org/maven2/org/jamon/jamon-maven-plugin/2.3.4/jamon-maven-plugin-2.3.4.pom (4.8 kB at 61 kB/s)
Downloading from central: https://repo1.maven.org/maven2/org/jamon/jamon-java-parent/2.3/jamon-java-parent-2.3.pom
Progress (1): 1.7 kB
Progress (1): 4.4 kB
                    
Downloaded from central: https://repo1.maven.org/maven2/org/jamon/jamon-java-parent/2.3/jamon-java-parent-2.3.pom (4.4 kB at 18 kB/s)
Downloading from central: https://repo1.maven.org/maven2/org/jamon/jamon-parent/2.3.1/jamon-parent-2.3.1.pom
Progress (1): 1.1 kB
Progress (1): 4.3 kB
Progress (1): 7.2 kB
Progress (1): 7.9 kB
                    
Downloaded from central: https://repo1.maven.org/maven2/org/jamon/jamon-parent/2.3.1/jamon-parent-2.3.1.pom (7.9 kB at 59 kB/s)
Downloading from central: https://repo1.maven.org/maven2/org/jamon/jamon-maven-plugin/2.3.4/jamon-maven-plugin-2.3.4.jar
Progress (1): 7.5/8.4 kB
Progress (1): 8.4 kB    
                    
Downloaded from central: https://repo1.maven.org/maven2/org/jamon/jamon-maven-plugin/2.3.4/jamon-maven-plugin-2.3.4.jar (8.4 kB at 20 kB/s)
Downloading from central: https://repo1.maven.org/maven2/org/apache/maven/plugins/maven-deploy-plugin/3.1.4/maven-deploy-plugin-3.1.4.pom
Progress (1): 771 B
Progress (1): 2.2 kB
Progress (1): 4.9 kB
Progress (1): 8.6 kB
Progress (1): 9.2 kB
                    
Downloaded from central: https://repo1.maven.org/maven2/org/apache/maven/plugins/maven-deploy-plugin/3.1.4/maven-deploy-plugin-3.1.4.pom (9.2 kB at 3.8 kB/s)
Downloading from central: https://repo1.maven.org/maven2/org/apache/maven/plugins/maven-deploy-plugin/3.1.4/maven-deploy-plugin-3.1.4.jar
Progress (1): 7.7/40 kB
Progress (1): 16/40 kB 
Progress (1): 32/40 kB
Progress (1): 40 kB   
                   
Downloaded from central: https://repo1.maven.org/maven2/org/apache/maven/plugins/maven-deploy-plugin/3.1.4/maven-deploy-plugin-3.1.4.jar (40 kB at 474 kB/s)
[ERROR] Failed to execute goal on project hive-webhcat: Could not resolve dependencies for project org.apache.hive.hcatalog:hive-webhcat:jar:4.3.0-SNAPSHOT
[ERROR] dependency: org.apache.hive.hcatalog:hive-hcatalog-core:jar:4.3.0-SNAPSHOT (provided)
[ERROR] 	Could not find artifact org.apache.hive.hcatalog:hive-hcatalog-core:jar:4.3.0-SNAPSHOT in central (https://repo1.maven.org/maven2)
[ERROR] dependency: org.apache.hive:hive-jdbc:jar:4.3.0-SNAPSHOT (compile)
[ERROR] 	Could not find artifact org.apache.hive:hive-jdbc:jar:4.3.0-SNAPSHOT in central (https://repo1.maven.org/maven2)
[ERROR] dependency: org.apache.hive:hive-standalone-metastore-common:jar:tests:4.3.0-SNAPSHOT (test)
[ERROR] 	Could not find artifact org.apache.hive:hive-standalone-metastore-common:jar:tests:4.3.0-SNAPSHOT in central (https://repo1.maven.org/maven2)
[ERROR] dependency: org.apache.hive:hive-standalone-metastore-server:jar:tests:4.3.0-SNAPSHOT (test)
[ERROR] 	Could not find artifact org.apache.hive:hive-standalone-metastore-server:jar:tests:4.3.0-SNAPSHOT in central (https://repo1.maven.org/maven2)
[ERROR] dependency: org.apache.hive:hive-common:jar:tests:4.3.0-SNAPSHOT (test)
[ERROR] 	Could not find artifact org.apache.hive:hive-common:jar:tests:4.3.0-SNAPSHOT in central (https://repo1.maven.org/maven2)
[ERROR] 
[ERROR] -> [Help 1]
[ERROR] 
[ERROR] To see the full stack trace of the errors, re-run Maven with the -e switch.
[ERROR] Re-run Maven using the -X switch to enable full debug logging.
[ERROR] 
[ERROR] For more information about the errors and possible solutions, please read the following articles:
[ERROR] [Help 1] http://cwiki.apache.org/confluence/display/MAVEN/DependencyResolutionException

STDERR:
