COMMAND: mvn.cmd -s D:\Khedma\Mr wiem\mutation-test-pipeline\.mvn\settings.xml -DskipTests compile

STDOUT:
[INFO] Scanning for projects...
Downloading from central: https://repo1.maven.org/maven2/org/apache/directory/project/project/50/project-50.pom
Progress (1): 767 B
Progress (1): 1.8 kB
Progress (1): 3.8 kB
Progress (1): 9.9 kB
Progress (1): 15 kB 
Progress (1): 21 kB
Progress (1): 25 kB
Progress (1): 27 kB
Progress (1): 33 kB
Progress (1): 36 kB
Progress (1): 38 kB
Progress (1): 40 kB
                   
Downloaded from central: https://repo1.maven.org/maven2/org/apache/directory/project/project/50/project-50.pom (40 kB at 145 kB/s)
[INFO] 
[INFO] --------< org.apache.directory.server:apacheds-xdbm-partition >---------
[INFO] Building ApacheDS Generalized (X) DBM Partition 2.0.0.AM28-SNAPSHOT
[INFO]   from pom.xml
[INFO] -------------------------------[ bundle ]-------------------------------
Downloading from central: https://repo1.maven.org/maven2/org/apache/maven/plugins/maven-site-plugin/4.0.0-M16/maven-site-plugin-4.0.0-M16.pom
Progress (1): 741 B
Progress (1): 1.8 kB
Progress (1): 5.0 kB
Progress (1): 6.7 kB
Progress (1): 9.7 kB
Progress (1): 16 kB 
Progress (1): 18 kB
Progress (1): 20 kB
Progress (1): 22 kB
                   
Downloaded from central: https://repo1.maven.org/maven2/org/apache/maven/plugins/maven-site-plugin/4.0.0-M16/maven-site-plugin-4.0.0-M16.pom (22 kB at 224 kB/s)
Downloading from central: https://repo1.maven.org/maven2/org/apache/maven/plugins/maven-site-plugin/4.0.0-M16/maven-site-plugin-4.0.0-M16.jar
Progress (1): 0.9/117 kB
Progress (1): 2.3/117 kB
Progress (1): 3.7/117 kB
Progress (1): 5.0/117 kB
Progress (1): 6.4/117 kB
Progress (1): 7.8/117 kB
Progress (1): 9.1/117 kB
Progress (1): 11/117 kB 
Progress (1): 12/117 kB
Progress (1): 13/117 kB
Progress (1): 15/117 kB
Progress (1): 16/117 kB
Progress (1): 17/117 kB
Progress (1): 18/117 kB
Progress (1): 20/117 kB
Progress (1): 21/117 kB
Progress (1): 23/117 kB
Progress (1): 24/117 kB
Progress (1): 25/117 kB
Progress (1): 27/117 kB
Progress (1): 28/117 kB
Progress (1): 29/117 kB
Progress (1): 31/117 kB
Progress (1): 32/117 kB
Progress (1): 33/117 kB
Progress (1): 35/117 kB
Progress (1): 36/117 kB
Progress (1): 38/117 kB
Progress (1): 39/117 kB
Progress (1): 40/117 kB
Progress (1): 42/117 kB
Progress (1): 43/117 kB
Progress (1): 47/117 kB
Progress (1): 52/117 kB
Progress (1): 56/117 kB
Progress (1): 60/117 kB
Progress (1): 64/117 kB
Progress (1): 68/117 kB
Progress (1): 73/117 kB
Progress (1): 77/117 kB
Progress (1): 81/117 kB
Progress (1): 85/117 kB
Progress (1): 90/117 kB
Progress (1): 94/117 kB
Progress (1): 98/117 kB
Progress (1): 102/117 kB
Progress (1): 107/117 kB
Progress (1): 111/117 kB
Progress (1): 115/117 kB
Progress (1): 117 kB    
                    
Downloaded from central: https://repo1.maven.org/maven2/org/apache/maven/plugins/maven-site-plugin/4.0.0-M16/maven-site-plugin-4.0.0-M16.jar (117 kB at 1.1 MB/s)
Downloading from central: https://repo1.maven.org/maven2/de/thetaphi/forbiddenapis/3.8/forbiddenapis-3.8.pom
Progress (1): 790 B
Progress (1): 2.4 kB
Progress (1): 2.9 kB
                    
Downloaded from central: https://repo1.maven.org/maven2/de/thetaphi/forbiddenapis/3.8/forbiddenapis-3.8.pom (2.9 kB at 43 kB/s)
Downloading from central: https://repo1.maven.org/maven2/de/thetaphi/forbiddenapis/3.8/forbiddenapis-3.8.jar
Progress (1): 4.2/454 kB
Progress (1): 8.2/454 kB
Progress (1): 12/454 kB 
Progress (1): 16/454 kB
Progress (1): 21/454 kB
Progress (1): 25/454 kB
Progress (1): 29/454 kB
Progress (1): 33/454 kB
Progress (1): 37/454 kB
Progress (1): 41/454 kB
Progress (1): 45/454 kB
Progress (1): 50/454 kB
Progress (1): 54/454 kB
Progress (1): 58/454 kB
Progress (1): 62/454 kB
Progress (1): 66/454 kB
Progress (1): 70/454 kB
Progress (1): 74/454 kB
Progress (1): 78/454 kB
Progress (1): 82/454 kB
Progress (1): 98/454 kB
Progress (1): 115/454 kB
Progress (1): 131/454 kB
Progress (1): 147/454 kB
Progress (1): 164/454 kB
Progress (1): 180/454 kB
Progress (1): 197/454 kB
Progress (1): 213/454 kB
Progress (1): 229/454 kB
Progress (1): 246/454 kB
Progress (1): 262/454 kB
Progress (1): 279/454 kB
Progress (1): 295/454 kB
Progress (1): 311/454 kB
Progress (1): 328/454 kB
Progress (1): 344/454 kB
Progress (1): 360/454 kB
Progress (1): 377/454 kB
Progress (1): 393/454 kB
Progress (1): 410/454 kB
Progress (1): 426/454 kB
Progress (1): 442/454 kB
Progress (1): 454 kB    
                    
Downloaded from central: https://repo1.maven.org/maven2/de/thetaphi/forbiddenapis/3.8/forbiddenapis-3.8.jar (454 kB at 4.5 MB/s)
[WARNING] Parameter 'maven.compiler.release' is unknown for plugin 'maven-compiler-plugin:3.13.0:compile (default-compile)'
Downloading from apache.snapshots: https://repository.apache.org/content/repositories/snapshots/org/apache/directory/server/apacheds-core-avl/2.0.0.AM28-SNAPSHOT/maven-metadata.xml
Progress (1): 1.3 kB
                    
Downloaded from apache.snapshots: https://repository.apache.org/content/repositories/snapshots/org/apache/directory/server/apacheds-core-avl/2.0.0.AM28-SNAPSHOT/maven-metadata.xml (1.3 kB at 2.5 kB/s)
Downloading from apache.snapshots: https://repository.apache.org/content/repositories/snapshots/org/apache/directory/server/apacheds-core-avl/2.0.0.AM28-SNAPSHOT/apacheds-core-avl-2.0.0.AM28-20260220.070755-93.pom
Progress (1): 3.6 kB
                    
Downloaded from apache.snapshots: https://repository.apache.org/content/repositories/snapshots/org/apache/directory/server/apacheds-core-avl/2.0.0.AM28-SNAPSHOT/apacheds-core-avl-2.0.0.AM28-20260220.070755-93.pom (3.6 kB at 22 kB/s)
Downloading from apache.snapshots: https://repository.apache.org/content/repositories/snapshots/org/apache/directory/server/apacheds-parent/2.0.0.AM28-SNAPSHOT/maven-metadata.xml
Progress (1): 1.3 kB
                    
Downloaded from apache.snapshots: https://repository.apache.org/content/repositories/snapshots/org/apache/directory/server/apacheds-parent/2.0.0.AM28-SNAPSHOT/maven-metadata.xml (1.3 kB at 7.6 kB/s)
Downloading from apache.snapshots: https://repository.apache.org/content/repositories/snapshots/org/apache/directory/server/apacheds-parent/2.0.0.AM28-SNAPSHOT/apacheds-parent-2.0.0.AM28-20260220.070755-94.pom
Progress (1): 7.5/47 kB
Progress (1): 8.2/47 kB
Progress (1): 16/47 kB 
Progress (1): 23/47 kB
Progress (1): 25/47 kB
Progress (1): 33/47 kB
Progress (1): 41/47 kB
Progress (1): 41/47 kB
Progress (1): 47 kB   
                   
Downloaded from apache.snapshots: https://repository.apache.org/content/repositories/snapshots/org/apache/directory/server/apacheds-parent/2.0.0.AM28-SNAPSHOT/apacheds-parent-2.0.0.AM28-20260220.070755-94.pom (47 kB at 108 kB/s)
Downloading from apache.snapshots: https://repository.apache.org/content/repositories/snapshots/org/apache/directory/server/apacheds-i18n/2.0.0.AM28-SNAPSHOT/maven-metadata.xml
Progress (1): 1.3 kB
                    
Downloaded from apache.snapshots: https://repository.apache.org/content/repositories/snapshots/org/apache/directory/server/apacheds-i18n/2.0.0.AM28-SNAPSHOT/maven-metadata.xml (1.3 kB at 7.8 kB/s)
Downloading from apache.snapshots: https://repository.apache.org/content/repositories/snapshots/org/apache/directory/server/apacheds-i18n/2.0.0.AM28-SNAPSHOT/apacheds-i18n-2.0.0.AM28-20260220.070755-94.pom
Progress (1): 2.4 kB
                    
Downloaded from apache.snapshots: https://repository.apache.org/content/repositories/snapshots/org/apache/directory/server/apacheds-i18n/2.0.0.AM28-SNAPSHOT/apacheds-i18n-2.0.0.AM28-20260220.070755-94.pom (2.4 kB at 13 kB/s)
Downloading from apache.snapshots: https://repository.apache.org/content/repositories/snapshots/org/apache/directory/api/api-ldap-model/2.1.8-SNAPSHOT/maven-metadata.xml
Progress (1): 1.2 kB
                    
Downloaded from apache.snapshots: https://repository.apache.org/content/repositories/snapshots/org/apache/directory/api/api-ldap-model/2.1.8-SNAPSHOT/maven-metadata.xml (1.2 kB at 7.5 kB/s)
Downloading from apache.snapshots: https://repository.apache.org/content/repositories/snapshots/org/apache/directory/api/api-ldap-model/2.1.8-SNAPSHOT/api-ldap-model-2.1.8-20250806.194405-64.pom
Progress (1): 7.5/9.6 kB
Progress (1): 8.2/9.6 kB
Progress (1): 9.6 kB    
                    
Downloaded from apache.snapshots: https://repository.apache.org/content/repositories/snapshots/org/apache/directory/api/api-ldap-model/2.1.8-SNAPSHOT/api-ldap-model-2.1.8-20250806.194405-64.pom (9.6 kB at 59 kB/s)
Downloading from apache.snapshots: https://repository.apache.org/content/repositories/snapshots/org/apache/directory/api/api-ldap-parent/2.1.8-SNAPSHOT/maven-metadata.xml
Progress (1): 1.1 kB
                    
Downloaded from apache.snapshots: https://repository.apache.org/content/repositories/snapshots/org/apache/directory/api/api-ldap-parent/2.1.8-SNAPSHOT/maven-metadata.xml (1.1 kB at 6.4 kB/s)
Downloading from apache.snapshots: https://repository.apache.org/content/repositories/snapshots/org/apache/directory/api/api-ldap-parent/2.1.8-SNAPSHOT/api-ldap-parent-2.1.8-20250806.194405-64.pom
Progress (1): 1.6 kB
                    
Downloaded from apache.snapshots: https://repository.apache.org/content/repositories/snapshots/org/apache/directory/api/api-ldap-parent/2.1.8-SNAPSHOT/api-ldap-parent-2.1.8-20250806.194405-64.pom (1.6 kB at 10 kB/s)
Downloading from apache.snapshots: https://repository.apache.org/content/repositories/snapshots/org/apache/directory/api/api-parent/2.1.8-SNAPSHOT/maven-metadata.xml
Progress (1): 1.0 kB
                    
Downloaded from apache.snapshots: https://repository.apache.org/content/repositories/snapshots/org/apache/directory/api/api-parent/2.1.8-SNAPSHOT/maven-metadata.xml (1.0 kB at 6.4 kB/s)
Downloading from apache.snapshots: https://repository.apache.org/content/repositories/snapshots/org/apache/directory/api/api-parent/2.1.8-SNAPSHOT/api-parent-2.1.8-20250806.194405-64.pom
Progress (1): 7.5/29 kB
Progress (1): 8.2/29 kB
Progress (1): 16/29 kB 
Progress (1): 23/29 kB
Progress (1): 25/29 kB
Progress (1): 29 kB   
                   
Downloaded from apache.snapshots: https://repository.apache.org/content/repositories/snapshots/org/apache/directory/api/api-parent/2.1.8-SNAPSHOT/api-parent-2.1.8-20250806.194405-64.pom (29 kB at 176 kB/s)
Downloading from apache.snapshots: https://repository.apache.org/content/repositories/snapshots/org/apache/directory/api/api-util/2.1.8-SNAPSHOT/maven-metadata.xml
Progress (1): 1.2 kB
                    
Downloaded from apache.snapshots: https://repository.apache.org/content/repositories/snapshots/org/apache/directory/api/api-util/2.1.8-SNAPSHOT/maven-metadata.xml (1.2 kB at 7.4 kB/s)
Downloading from apache.snapshots: https://repository.apache.org/content/repositories/snapshots/org/apache/directory/api/api-util/2.1.8-SNAPSHOT/api-util-2.1.8-20250806.194405-64.pom
Progress (1): 4.2 kB
                    
Downloaded from apache.snapshots: https://repository.apache.org/content/repositories/snapshots/org/apache/directory/api/api-util/2.1.8-SNAPSHOT/api-util-2.1.8-20250806.194405-64.pom (4.2 kB at 25 kB/s)
Downloading from central: https://repo1.maven.org/maven2/org/apache/commons/commons-text/1.13.1/commons-text-1.13.1.pom
Progress (1): 744 B
Progress (1): 2.0 kB
Progress (1): 3.8 kB
Progress (1): 6.4 kB
Progress (1): 8.7 kB
Progress (1): 12 kB 
Progress (1): 15 kB
Progress (1): 19 kB
Progress (1): 22 kB
Progress (1): 23 kB
                   
Downloaded from central: https://repo1.maven.org/maven2/org/apache/commons/commons-text/1.13.1/commons-text-1.13.1.pom (23 kB at 305 kB/s)
Downloading from apache.snapshots: https://repository.apache.org/content/repositories/snapshots/org/apache/directory/api/api-i18n/2.1.8-SNAPSHOT/maven-metadata.xml
Progress (1): 1.2 kB
                    
Downloaded from apache.snapshots: https://repository.apache.org/content/repositories/snapshots/org/apache/directory/api/api-i18n/2.1.8-SNAPSHOT/maven-metadata.xml (1.2 kB at 7.2 kB/s)
Downloading from apache.snapshots: https://repository.apache.org/content/repositories/snapshots/org/apache/directory/api/api-i18n/2.1.8-SNAPSHOT/api-i18n-2.1.8-20250806.194405-64.pom
Progress (1): 3.0 kB
                    
Downloaded from apache.snapshots: https://repository.apache.org/content/repositories/snapshots/org/apache/directory/api/api-i18n/2.1.8-SNAPSHOT/api-i18n-2.1.8-20250806.194405-64.pom (3.0 kB at 19 kB/s)
Downloading from apache.snapshots: https://repository.apache.org/content/repositories/snapshots/org/apache/directory/api/api-asn1-api/2.1.8-SNAPSHOT/maven-metadata.xml
Progress (1): 1.2 kB
                    
Downloaded from apache.snapshots: https://repository.apache.org/content/repositories/snapshots/org/apache/directory/api/api-asn1-api/2.1.8-SNAPSHOT/maven-metadata.xml (1.2 kB at 7.3 kB/s)
Downloading from apache.snapshots: https://repository.apache.org/content/repositories/snapshots/org/apache/directory/api/api-asn1-api/2.1.8-SNAPSHOT/api-asn1-api-2.1.8-20250806.194405-64.pom
Progress (1): 3.0 kB
                    
Downloaded from apache.snapshots: https://repository.apache.org/content/repositories/snapshots/org/apache/directory/api/api-asn1-api/2.1.8-SNAPSHOT/api-asn1-api-2.1.8-20250806.194405-64.pom (3.0 kB at 18 kB/s)
Downloading from apache.snapshots: https://repository.apache.org/content/repositories/snapshots/org/apache/directory/api/api-asn1-parent/2.1.8-SNAPSHOT/maven-metadata.xml
Progress (1): 1.1 kB
                    
Downloaded from apache.snapshots: https://repository.apache.org/content/repositories/snapshots/org/apache/directory/api/api-asn1-parent/2.1.8-SNAPSHOT/maven-metadata.xml (1.1 kB at 6.4 kB/s)
Downloading from apache.snapshots: https://repository.apache.org/content/repositories/snapshots/org/apache/directory/api/api-asn1-parent/2.1.8-SNAPSHOT/api-asn1-parent-2.1.8-20250806.194405-64.pom
Progress (1): 1.5 kB
                    
Downloaded from apache.snapshots: https://repository.apache.org/content/repositories/snapshots/org/apache/directory/api/api-asn1-parent/2.1.8-SNAPSHOT/api-asn1-parent-2.1.8-20250806.194405-64.pom (1.5 kB at 9.4 kB/s)
Downloading from apache.snapshots: https://repository.apache.org/content/repositories/snapshots/org/apache/directory/api/api-asn1-ber/2.1.8-SNAPSHOT/maven-metadata.xml
Progress (1): 1.2 kB
                    
Downloaded from apache.snapshots: https://repository.apache.org/content/repositories/snapshots/org/apache/directory/api/api-asn1-ber/2.1.8-SNAPSHOT/maven-metadata.xml (1.2 kB at 7.3 kB/s)
Downloading from apache.snapshots: https://repository.apache.org/content/repositories/snapshots/org/apache/directory/api/api-asn1-ber/2.1.8-SNAPSHOT/api-asn1-ber-2.1.8-20250806.194405-64.pom
Progress (1): 3.9 kB
                    
Downloaded from apache.snapshots: https://repository.apache.org/content/repositories/snapshots/org/apache/directory/api/api-asn1-ber/2.1.8-SNAPSHOT/api-asn1-ber-2.1.8-20250806.194405-64.pom (3.9 kB at 23 kB/s)
Downloading from central: https://repo1.maven.org/maven2/org/apache/mina/mina-core/2.2.5/mina-core-2.2.5.pom
Progress (1): 805 B
Progress (1): 2.8 kB
Progress (1): 4.6 kB
                    
Downloaded from central: https://repo1.maven.org/maven2/org/apache/mina/mina-core/2.2.5/mina-core-2.2.5.pom (4.6 kB at 72 kB/s)
Downloading from central: https://repo1.maven.org/maven2/org/apache/mina/mina-parent/2.2.5/mina-parent-2.2.5.pom
Progress (1): 722 B
Progress (1): 2.1 kB
Progress (1): 3.4 kB
Progress (1): 5.8 kB
Progress (1): 7.9 kB
Progress (1): 14 kB 
Progress (1): 16 kB
Progress (1): 23 kB
Progress (1): 26 kB
Progress (1): 29 kB
Progress (1): 32 kB
                   
Downloaded from central: https://repo1.maven.org/maven2/org/apache/mina/mina-parent/2.2.5/mina-parent-2.2.5.pom (32 kB at 539 kB/s)
Downloading from central: https://repo1.maven.org/maven2/commons-codec/commons-codec/1.21.0/commons-codec-1.21.0.pom
Progress (1): 738 B
Progress (1): 1.9 kB
Progress (1): 4.0 kB
Progress (1): 5.8 kB
Progress (1): 8.2 kB
Progress (1): 12 kB 
Progress (1): 15 kB
Progress (1): 18 kB
Progress (1): 19 kB
                   
Downloaded from central: https://repo1.maven.org/maven2/commons-codec/commons-codec/1.21.0/commons-codec-1.21.0.pom (19 kB at 310 kB/s)
Downloading from central: https://repo1.maven.org/maven2/org/apache/commons/commons-parent/96/commons-parent-96.pom
Progress (1): 701 B
Progress (1): 1.9 kB
Progress (1): 3.2 kB
Progress (1): 4.7 kB
Progress (1): 6.8 kB
Progress (1): 9.4 kB
Progress (1): 11 kB 
Progress (1): 14 kB
Progress (1): 16 kB
Progress (1): 19 kB
Progress (1): 21 kB
Progress (1): 23 kB
Progress (1): 25 kB
Progress (1): 29 kB
Progress (1): 32 kB
Progress (1): 32 kB
Progress (1): 37 kB
Progress (1): 41 kB
Progress (1): 45 kB
Progress (1): 47 kB
Progress (1): 50 kB
Progress (1): 52 kB
Progress (1): 56 kB
Progress (1): 58 kB
Progress (1): 60 kB
Progress (1): 64 kB
Progress (1): 67 kB
Progress (1): 70 kB
Progress (1): 73 kB
Progress (1): 76 kB
Progress (1): 78 kB
Progress (1): 80 kB
                   
Downloaded from central: https://repo1.maven.org/maven2/org/apache/commons/commons-parent/96/commons-parent-96.pom (80 kB at 1.3 MB/s)
Downloading from apache.snapshots: https://repository.apache.org/content/repositories/snapshots/org/apache/directory/server/apacheds-core-api/2.0.0.AM28-SNAPSHOT/maven-metadata.xml
Progress (1): 1.7 kB
                    
Downloaded from apache.snapshots: https://repository.apache.org/content/repositories/snapshots/org/apache/directory/server/apacheds-core-api/2.0.0.AM28-SNAPSHOT/maven-metadata.xml (1.7 kB at 10 kB/s)
Downloading from apache.snapshots: https://repository.apache.org/content/repositories/snapshots/org/apache/directory/server/apacheds-core-api/2.0.0.AM28-SNAPSHOT/apacheds-core-api-2.0.0.AM28-20260220.070755-94.pom
Progress (1): 7.5/9.5 kB
Progress (1): 8.2/9.5 kB
Progress (1): 9.5 kB    
                    
Downloaded from apache.snapshots: https://repository.apache.org/content/repositories/snapshots/org/apache/directory/server/apacheds-core-api/2.0.0.AM28-SNAPSHOT/apacheds-core-api-2.0.0.AM28-20260220.070755-94.pom (9.5 kB at 54 kB/s)
Downloading from apache.snapshots: https://repository.apache.org/content/repositories/snapshots/org/apache/directory/server/apacheds-core-constants/2.0.0.AM28-SNAPSHOT/maven-metadata.xml
Progress (1): 1.3 kB
                    
Downloaded from apache.snapshots: https://repository.apache.org/content/repositories/snapshots/org/apache/directory/server/apacheds-core-constants/2.0.0.AM28-SNAPSHOT/maven-metadata.xml (1.3 kB at 7.4 kB/s)
Downloading from apache.snapshots: https://repository.apache.org/content/repositories/snapshots/org/apache/directory/server/apacheds-core-constants/2.0.0.AM28-SNAPSHOT/apacheds-core-constants-2.0.0.AM28-20260220.070755-94.pom
Progress (1): 2.5 kB
                    
Downloaded from apache.snapshots: https://repository.apache.org/content/repositories/snapshots/org/apache/directory/server/apacheds-core-constants/2.0.0.AM28-SNAPSHOT/apacheds-core-constants-2.0.0.AM28-20260220.070755-94.pom (2.5 kB at 14 kB/s)
Downloading from apache.snapshots: https://repository.apache.org/content/repositories/snapshots/org/apache/directory/api/api-ldap-client-api/2.1.8-SNAPSHOT/maven-metadata.xml
Progress (1): 1.2 kB
                    
Downloaded from apache.snapshots: https://repository.apache.org/content/repositories/snapshots/org/apache/directory/api/api-ldap-client-api/2.1.8-SNAPSHOT/maven-metadata.xml (1.2 kB at 7.1 kB/s)
Downloading from apache.snapshots: https://repository.apache.org/content/repositories/snapshots/org/apache/directory/api/api-ldap-client-api/2.1.8-SNAPSHOT/api-ldap-client-api-2.1.8-20250806.194405-63.pom
Progress (1): 7.5/8.8 kB
Progress (1): 8.2/8.8 kB
Progress (1): 8.8 kB    
                    
Downloaded from apache.snapshots: https://repository.apache.org/content/repositories/snapshots/org/apache/directory/api/api-ldap-client-api/2.1.8-SNAPSHOT/api-ldap-client-api-2.1.8-20250806.194405-63.pom (8.8 kB at 51 kB/s)
Downloading from apache.snapshots: https://repository.apache.org/content/repositories/snapshots/org/apache/directory/api/api-ldap-client-parent/2.1.8-SNAPSHOT/maven-metadata.xml
Progress (1): 1.1 kB
                    
Downloaded from apache.snapshots: https://repository.apache.org/content/repositories/snapshots/org/apache/directory/api/api-ldap-client-parent/2.1.8-SNAPSHOT/maven-metadata.xml (1.1 kB at 6.4 kB/s)
Downloading from apache.snapshots: https://repository.apache.org/content/repositories/snapshots/org/apache/directory/api/api-ldap-client-parent/2.1.8-SNAPSHOT/api-ldap-client-parent-2.1.8-20250806.194405-64.pom
Progress (1): 1.5 kB
                    
Downloaded from apache.snapshots: https://repository.apache.org/content/repositories/snapshots/org/apache/directory/api/api-ldap-client-parent/2.1.8-SNAPSHOT/api-ldap-client-parent-2.1.8-20250806.194405-64.pom (1.5 kB at 8.9 kB/s)
Downloading from apache.snapshots: https://repository.apache.org/content/repositories/snapshots/org/apache/directory/api/api-ldap-schema-data/2.1.8-SNAPSHOT/maven-metadata.xml
Progress (1): 1.4 kB
                    
Downloaded from apache.snapshots: https://repository.apache.org/content/repositories/snapshots/org/apache/directory/api/api-ldap-schema-data/2.1.8-SNAPSHOT/maven-metadata.xml (1.4 kB at 8.7 kB/s)
Downloading from apache.snapshots: https://repository.apache.org/content/repositories/snapshots/org/apache/directory/api/api-ldap-schema-data/2.1.8-SNAPSHOT/api-ldap-schema-data-2.1.8-20250806.194405-64.pom
Progress (1): 7.5/8.2 kB
Progress (1): 8.2 kB    
                    
Downloaded from apache.snapshots: https://repository.apache.org/content/repositories/snapshots/org/apache/directory/api/api-ldap-schema-data/2.1.8-SNAPSHOT/api-ldap-schema-data-2.1.8-20250806.194405-64.pom (8.2 kB at 48 kB/s)
Downloading from apache.snapshots: https://repository.apache.org/content/repositories/snapshots/org/apache/directory/api/api-ldap-schema-parent/2.1.8-SNAPSHOT/maven-metadata.xml
Progress (1): 1.1 kB
                    
Downloaded from apache.snapshots: https://repository.apache.org/content/repositories/snapshots/org/apache/directory/api/api-ldap-schema-parent/2.1.8-SNAPSHOT/maven-metadata.xml (1.1 kB at 6.6 kB/s)
Downloading from apache.snapshots: https://repository.apache.org/content/repositories/snapshots/org/apache/directory/api/api-ldap-schema-parent/2.1.8-SNAPSHOT/api-ldap-schema-parent-2.1.8-20250806.194405-64.pom
Progress (1): 1.5 kB
                    
Downloaded from apache.snapshots: https://repository.apache.org/content/repositories/snapshots/org/apache/directory/api/api-ldap-schema-parent/2.1.8-SNAPSHOT/api-ldap-schema-parent-2.1.8-20250806.194405-64.pom (1.5 kB at 8.4 kB/s)
Downloading from apache.snapshots: https://repository.apache.org/content/repositories/snapshots/org/apache/directory/api/api-ldap-codec-core/2.1.8-SNAPSHOT/maven-metadata.xml
Progress (1): 1.2 kB
                    
Downloaded from apache.snapshots: https://repository.apache.org/content/repositories/snapshots/org/apache/directory/api/api-ldap-codec-core/2.1.8-SNAPSHOT/maven-metadata.xml (1.2 kB at 7.5 kB/s)
Downloading from apache.snapshots: https://repository.apache.org/content/repositories/snapshots/org/apache/directory/api/api-ldap-codec-core/2.1.8-SNAPSHOT/api-ldap-codec-core-2.1.8-20250806.194405-64.pom
Progress (1): 7.3 kB
                    
Downloaded from apache.snapshots: https://repository.apache.org/content/repositories/snapshots/org/apache/directory/api/api-ldap-codec-core/2.1.8-SNAPSHOT/api-ldap-codec-core-2.1.8-20250806.194405-64.pom (7.3 kB at 44 kB/s)
Downloading from apache.snapshots: https://repository.apache.org/content/repositories/snapshots/org/apache/directory/api/api-ldap-codec-parent/2.1.8-SNAPSHOT/maven-metadata.xml
Progress (1): 1.1 kB
                    
Downloaded from apache.snapshots: https://repository.apache.org/content/repositories/snapshots/org/apache/directory/api/api-ldap-codec-parent/2.1.8-SNAPSHOT/maven-metadata.xml (1.1 kB at 6.6 kB/s)
Downloading from apache.snapshots: https://repository.apache.org/content/repositories/snapshots/org/apache/directory/api/api-ldap-codec-parent/2.1.8-SNAPSHOT/api-ldap-codec-parent-2.1.8-20250806.194405-64.pom
Progress (1): 1.5 kB
                    
Downloaded from apache.snapshots: https://repository.apache.org/content/repositories/snapshots/org/apache/directory/api/api-ldap-codec-parent/2.1.8-SNAPSHOT/api-ldap-codec-parent-2.1.8-20250806.194405-64.pom (1.5 kB at 9.1 kB/s)
Downloading from apache.snapshots: https://repository.apache.org/content/repositories/snapshots/org/apache/directory/api/api-ldap-extras-aci/2.1.8-SNAPSHOT/maven-metadata.xml
Progress (1): 1.2 kB
                    
Downloaded from apache.snapshots: https://repository.apache.org/content/repositories/snapshots/org/apache/directory/api/api-ldap-extras-aci/2.1.8-SNAPSHOT/maven-metadata.xml (1.2 kB at 7.2 kB/s)
Downloading from apache.snapshots: https://repository.apache.org/content/repositories/snapshots/org/apache/directory/api/api-ldap-extras-aci/2.1.8-SNAPSHOT/api-ldap-extras-aci-2.1.8-20250806.194405-64.pom
Progress (1): 5.2 kB
                    
Downloaded from apache.snapshots: https://repository.apache.org/content/repositories/snapshots/org/apache/directory/api/api-ldap-extras-aci/2.1.8-SNAPSHOT/api-ldap-extras-aci-2.1.8-20250806.194405-64.pom (5.2 kB at 31 kB/s)
Downloading from apache.snapshots: https://repository.apache.org/content/repositories/snapshots/org/apache/directory/api/api-ldap-extras-parent/2.1.8-SNAPSHOT/maven-metadata.xml
Progress (1): 1.1 kB
                    
Downloaded from apache.snapshots: https://repository.apache.org/content/repositories/snapshots/org/apache/directory/api/api-ldap-extras-parent/2.1.8-SNAPSHOT/maven-metadata.xml (1.1 kB at 6.5 kB/s)
Downloading from apache.snapshots: https://repository.apache.org/content/repositories/snapshots/org/apache/directory/api/api-ldap-extras-parent/2.1.8-SNAPSHOT/api-ldap-extras-parent-2.1.8-20250806.194405-64.pom
Progress (1): 1.6 kB
                    
Downloaded from apache.snapshots: https://repository.apache.org/content/repositories/snapshots/org/apache/directory/api/api-ldap-extras-parent/2.1.8-SNAPSHOT/api-ldap-extras-parent-2.1.8-20250806.194405-64.pom (1.6 kB at 9.9 kB/s)
Downloading from apache.snapshots: https://repository.apache.org/content/repositories/snapshots/org/apache/directory/api/api-ldap-extras-codec/2.1.8-SNAPSHOT/maven-metadata.xml
Progress (1): 1.2 kB
                    
Downloaded from apache.snapshots: https://repository.apache.org/content/repositories/snapshots/org/apache/directory/api/api-ldap-extras-codec/2.1.8-SNAPSHOT/maven-metadata.xml (1.2 kB at 7.1 kB/s)
Downloading from apache.snapshots: https://repository.apache.org/content/repositories/snapshots/org/apache/directory/api/api-ldap-extras-codec/2.1.8-SNAPSHOT/api-ldap-extras-codec-2.1.8-20250806.194405-64.pom
Progress (1): 7.5/11 kB
Progress (1): 8.2/11 kB
Progress (1): 11 kB    
                   
Downloaded from apache.snapshots: https://repository.apache.org/content/repositories/snapshots/org/apache/directory/api/api-ldap-extras-codec/2.1.8-SNAPSHOT/api-ldap-extras-codec-2.1.8-20250806.194405-64.pom (11 kB at 65 kB/s)
Downloading from apache.snapshots: https://repository.apache.org/content/repositories/snapshots/org/apache/directory/api/api-ldap-extras-codec-api/2.1.8-SNAPSHOT/maven-metadata.xml
Progress (1): 1.2 kB
                    
Downloaded from apache.snapshots: https://repository.apache.org/content/repositories/snapshots/org/apache/directory/api/api-ldap-extras-codec-api/2.1.8-SNAPSHOT/maven-metadata.xml (1.2 kB at 7.5 kB/s)
Downloading from apache.snapshots: https://repository.apache.org/content/repositories/snapshots/org/apache/directory/api/api-ldap-extras-codec-api/2.1.8-SNAPSHOT/api-ldap-extras-codec-api-2.1.8-20250806.194405-64.pom
Progress (1): 5.9 kB
                    
Downloaded from apache.snapshots: https://repository.apache.org/content/repositories/snapshots/org/apache/directory/api/api-ldap-extras-codec-api/2.1.8-SNAPSHOT/api-ldap-extras-codec-api-2.1.8-20250806.194405-64.pom (5.9 kB at 35 kB/s)
Downloading from central: https://repo1.maven.org/maven2/org/apache/commons/commons-pool2/2.13.1/commons-pool2-2.13.1.pom
Progress (1): 770 B
Progress (1): 2.3 kB
Progress (1): 4.1 kB
Progress (1): 5.9 kB
Progress (1): 8.7 kB
Progress (1): 13 kB 
Progress (1): 16 kB
Progress (1): 16 kB
                   
Downloaded from central: https://repo1.maven.org/maven2/org/apache/commons/commons-pool2/2.13.1/commons-pool2-2.13.1.pom (16 kB at 261 kB/s)
Downloading from central: https://repo1.maven.org/maven2/org/apache/commons/commons-parent/93/commons-parent-93.pom
Progress (1): 700 B
Progress (1): 1.9 kB
Progress (1): 3.2 kB
Progress (1): 4.7 kB
Progress (1): 6.8 kB
Progress (1): 9.4 kB
Progress (1): 11 kB 
Progress (1): 14 kB
Progress (1): 16 kB
Progress (1): 19 kB
Progress (1): 21 kB
Progress (1): 23 kB
Progress (1): 25 kB
Progress (1): 29 kB
Progress (1): 32 kB
Progress (1): 32 kB
Progress (1): 37 kB
Progress (1): 41 kB
Progress (1): 45 kB
Progress (1): 47 kB
Progress (1): 50 kB
Progress (1): 52 kB
Progress (1): 56 kB
Progress (1): 58 kB
Progress (1): 60 kB
Progress (1): 63 kB
Progress (1): 67 kB
Progress (1): 70 kB
Progress (1): 73 kB
Progress (1): 76 kB
Progress (1): 78 kB
Progress (1): 79 kB
                   
Downloaded from central: https://repo1.maven.org/maven2/org/apache/commons/commons-parent/93/commons-parent-93.pom (79 kB at 1.4 MB/s)
Downloading from apache.snapshots: https://repository.apache.org/content/repositories/snapshots/org/apache/directory/api/api-ldap-extras-util/2.1.8-SNAPSHOT/maven-metadata.xml
Progress (1): 1.2 kB
                    
Downloaded from apache.snapshots: https://repository.apache.org/content/repositories/snapshots/org/apache/directory/api/api-ldap-extras-util/2.1.8-SNAPSHOT/maven-metadata.xml (1.2 kB at 7.5 kB/s)
Downloading from apache.snapshots: https://repository.apache.org/content/repositories/snapshots/org/apache/directory/api/api-ldap-extras-util/2.1.8-SNAPSHOT/api-ldap-extras-util-2.1.8-20250806.194405-63.pom
Progress (1): 3.6 kB
                    
Downloaded from apache.snapshots: https://repository.apache.org/content/repositories/snapshots/org/apache/directory/api/api-ldap-extras-util/2.1.8-SNAPSHOT/api-ldap-extras-util-2.1.8-20250806.194405-63.pom (3.6 kB at 22 kB/s)
Downloading from apache.snapshots: https://repository.apache.org/content/repositories/snapshots/org/apache/directory/server/apacheds-core-shared/2.0.0.AM28-SNAPSHOT/maven-metadata.xml
Progress (1): 1.7 kB
                    
Downloaded from apache.snapshots: https://repository.apache.org/content/repositories/snapshots/org/apache/directory/server/apacheds-core-shared/2.0.0.AM28-SNAPSHOT/maven-metadata.xml (1.7 kB at 10 kB/s)
Downloading from apache.snapshots: https://repository.apache.org/content/repositories/snapshots/org/apache/directory/server/apacheds-core-shared/2.0.0.AM28-SNAPSHOT/apacheds-core-shared-2.0.0.AM28-20260220.070755-94.pom
Progress (1): 7.5 kB
                    
Downloaded from apache.snapshots: https://repository.apache.org/content/repositories/snapshots/org/apache/directory/server/apacheds-core-shared/2.0.0.AM28-SNAPSHOT/apacheds-core-shared-2.0.0.AM28-20260220.070755-94.pom (7.5 kB at 44 kB/s)
Downloading from central: https://repo1.maven.org/maven2/findbugs/annotations/1.0.0/annotations-1.0.0.pom
Progress (1): 376 B
                   
Downloaded from central: https://repo1.maven.org/maven2/findbugs/annotations/1.0.0/annotations-1.0.0.pom (376 B at 5.5 kB/s)
Downloading from central: https://repo1.maven.org/maven2/org/slf4j/slf4j-reload4j/1.7.36/slf4j-reload4j-1.7.36.pom
Progress (1): 1.2 kB
                    
Downloaded from central: https://repo1.maven.org/maven2/org/slf4j/slf4j-reload4j/1.7.36/slf4j-reload4j-1.7.36.pom (1.2 kB at 25 kB/s)
Downloading from central: https://repo1.maven.org/maven2/ch/qos/reload4j/reload4j/1.2.19/reload4j-1.2.19.pom
Progress (1): 767 B
Progress (1): 2.0 kB
Progress (1): 4.8 kB
Progress (1): 7.6 kB
Progress (1): 9.9 kB
Progress (1): 13 kB 
Progress (1): 16 kB
Progress (1): 16 kB
                   
Downloaded from central: https://repo1.maven.org/maven2/ch/qos/reload4j/reload4j/1.2.19/reload4j-1.2.19.pom (16 kB at 213 kB/s)
Downloading from central: https://repo1.maven.org/maven2/org/hamcrest/hamcrest-library/3.0/hamcrest-library-3.0.pom
Progress (1): 995 B
Progress (1): 1.9 kB
                    
Downloaded from central: https://repo1.maven.org/maven2/org/hamcrest/hamcrest-library/3.0/hamcrest-library-3.0.pom (1.9 kB at 39 kB/s)
Downloading from central: https://repo1.maven.org/maven2/org/hamcrest/hamcrest-core/3.0/hamcrest-core-3.0.pom
Progress (1): 993 B
Progress (1): 1.8 kB
                    
Downloaded from central: https://repo1.maven.org/maven2/org/hamcrest/hamcrest-core/3.0/hamcrest-core-3.0.pom (1.8 kB at 37 kB/s)
Downloading from central: https://repo1.maven.org/maven2/org/hamcrest/hamcrest/3.0/hamcrest-3.0.pom
Progress (1): 983 B
Progress (1): 1.6 kB
                    
Downloaded from central: https://repo1.maven.org/maven2/org/hamcrest/hamcrest/3.0/hamcrest-3.0.pom (1.6 kB at 35 kB/s)
Downloading from apache.snapshots: https://repository.apache.org/content/repositories/snapshots/org/apache/directory/server/apacheds-core-avl/2.0.0.AM28-SNAPSHOT/apacheds-core-avl-2.0.0.AM28-20260220.070755-93.jar
Downloading from apache.snapshots: https://repository.apache.org/content/repositories/snapshots/org/apache/directory/server/apacheds-core-api/2.0.0.AM28-SNAPSHOT/apacheds-core-api-2.0.0.AM28-20260220.070755-94.jar
Downloading from apache.snapshots: https://repository.apache.org/content/repositories/snapshots/org/apache/directory/server/apacheds-core-constants/2.0.0.AM28-SNAPSHOT/apacheds-core-constants-2.0.0.AM28-20260220.070755-94.jar
Downloading from apache.snapshots: https://repository.apache.org/content/repositories/snapshots/org/apache/directory/api/api-i18n/2.1.8-SNAPSHOT/api-i18n-2.1.8-20250806.194405-64.jar
Downloading from apache.snapshots: https://repository.apache.org/content/repositories/snapshots/org/apache/directory/api/api-asn1-api/2.1.8-SNAPSHOT/api-asn1-api-2.1.8-20250806.194405-64.jar
Progress (1): 7.5/256 kB
Progress (1): 8.2/256 kB
Progress (1): 16/256 kB 
Progress (1): 23/256 kB
Progress (1): 25/256 kB
Progress (1): 33/256 kB
Progress (1): 39/256 kB
Progress (1): 41/256 kB
Progress (1): 49/256 kB
Progress (1): 55/256 kB
Progress (1): 57/256 kB
Progress (1): 66/256 kB
Progress (1): 71/256 kB
Progress (1): 74/256 kB
Progress (1): 82/256 kB
Progress (1): 87/256 kB
Progress (1): 90/256 kB
Progress (1): 98/256 kB
Progress (1): 103/256 kB
Progress (2): 103/256 kB | 7.5/88 kB
Progress (2): 103/256 kB | 8.2/88 kB
Progress (3): 103/256 kB | 8.2/88 kB | 7.5/62 kB
Progress (3): 103/256 kB | 8.2/88 kB | 8.2/62 kB
Progress (4): 103/256 kB | 8.2/88 kB | 8.2/62 kB | 7.5/24 kB
Progress (4): 103/256 kB | 8.2/88 kB | 8.2/62 kB | 8.2/24 kB
Progress (5): 103/256 kB | 8.2/88 kB | 8.2/62 kB | 8.2/24 kB | 7.5/11 kB
Progress (5): 106/256 kB | 8.2/88 kB | 8.2/62 kB | 8.2/24 kB | 7.5/11 kB
Progress (5): 106/256 kB | 8.2/88 kB | 8.2/62 kB | 8.2/24 kB | 8.2/11 kB
Progress (5): 106/256 kB | 8.2/88 kB | 8.2/62 kB | 8.2/24 kB | 11 kB    
                                                                    
Downloaded from apache.snapshots: https://repository.apache.org/content/repositories/snapshots/org/apache/directory/server/apacheds-core-constants/2.0.0.AM28-SNAPSHOT/apacheds-core-constants-2.0.0.AM28-20260220.070755-94.jar (11 kB at 23 kB/s)
Downloading from apache.snapshots: https://repository.apache.org/content/repositories/snapshots/org/apache/directory/api/api-ldap-client-api/2.1.8-SNAPSHOT/api-ldap-client-api-2.1.8-20250806.194405-63.jar
Progress (4): 115/256 kB | 8.2/88 kB | 8.2/62 kB | 8.2/24 kB
Progress (4): 119/256 kB | 8.2/88 kB | 8.2/62 kB | 8.2/24 kB
Progress (4): 123/256 kB | 8.2/88 kB | 8.2/62 kB | 8.2/24 kB
Progress (4): 131/256 kB | 8.2/88 kB | 8.2/62 kB | 8.2/24 kB
Progress (4): 135/256 kB | 8.2/88 kB | 8.2/62 kB | 8.2/24 kB
Progress (4): 139/256 kB | 8.2/88 kB | 8.2/62 kB | 8.2/24 kB
Progress (4): 147/256 kB | 8.2/88 kB | 8.2/62 kB | 8.2/24 kB
Progress (4): 151/256 kB | 8.2/88 kB | 8.2/62 kB | 8.2/24 kB
Progress (4): 156/256 kB | 8.2/88 kB | 8.2/62 kB | 8.2/24 kB
Progress (4): 164/256 kB | 8.2/88 kB | 8.2/62 kB | 8.2/24 kB
Progress (4): 165/256 kB | 8.2/88 kB | 8.2/62 kB | 8.2/24 kB
Progress (4): 172/256 kB | 8.2/88 kB | 8.2/62 kB | 8.2/24 kB
Progress (4): 180/256 kB | 8.2/88 kB | 8.2/62 kB | 8.2/24 kB
Progress (4): 181/256 kB | 8.2/88 kB | 8.2/62 kB | 8.2/24 kB
Progress (4): 188/256 kB | 8.2/88 kB | 8.2/62 kB | 8.2/24 kB
Progress (4): 197/256 kB | 8.2/88 kB | 8.2/62 kB | 8.2/24 kB
Progress (4): 197/256 kB | 8.2/88 kB | 8.2/62 kB | 8.2/24 kB
Progress (4): 205/256 kB | 8.2/88 kB | 8.2/62 kB | 8.2/24 kB
Progress (4): 205/256 kB | 8.2/88 kB | 8.2/62 kB | 8.2/24 kB
Progress (4): 213/256 kB | 8.2/88 kB | 8.2/62 kB | 8.2/24 kB
Progress (4): 221/256 kB | 8.2/88 kB | 8.2/62 kB | 8.2/24 kB
Progress (4): 221/256 kB | 8.2/88 kB | 8.2/62 kB | 8.2/24 kB
Progress (4): 221/256 kB | 8.2/88 kB | 8.2/62 kB | 16/24 kB 
Progress (4): 221/256 kB | 8.2/88 kB | 16/62 kB | 16/24 kB 
Progress (4): 221/256 kB | 8.2/88 kB | 23/62 kB | 16/24 kB
Progress (4): 221/256 kB | 8.2/88 kB | 23/62 kB | 23/24 kB
Progress (4): 221/256 kB | 16/88 kB | 23/62 kB | 23/24 kB 
Progress (4): 221/256 kB | 16/88 kB | 23/62 kB | 24 kB   
Progress (4): 221/256 kB | 16/88 kB | 25/62 kB | 24 kB
Progress (4): 221/256 kB | 23/88 kB | 25/62 kB | 24 kB
Progress (4): 221/256 kB | 25/88 kB | 25/62 kB | 24 kB
Progress (4): 221/256 kB | 25/88 kB | 33/62 kB | 24 kB
Progress (4): 221/256 kB | 33/88 kB | 33/62 kB | 24 kB
Progress (4): 221/256 kB | 39/88 kB | 33/62 kB | 24 kB
                                                      
Downloaded from apache.snapshots: https://repository.apache.org/content/repositories/snapshots/org/apache/directory/api/api-asn1-api/2.1.8-SNAPSHOT/api-asn1-api-2.1.8-20250806.194405-64.jar (24 kB at 40 kB/s)
Downloading from apache.snapshots: https://repository.apache.org/content/repositories/snapshots/org/apache/directory/api/api-ldap-extras-codec/2.1.8-SNAPSHOT/api-ldap-extras-codec-2.1.8-20250806.194405-64.jar
Progress (3): 229/256 kB | 39/88 kB | 33/62 kB
Progress (3): 237/256 kB | 39/88 kB | 33/62 kB
Progress (3): 238/256 kB | 39/88 kB | 33/62 kB
Progress (4): 238/256 kB | 39/88 kB | 33/62 kB | 7.5/159 kB
Progress (4): 238/256 kB | 39/88 kB | 33/62 kB | 8.2/159 kB
Progress (4): 238/256 kB | 39/88 kB | 33/62 kB | 16/159 kB 
Progress (4): 238/256 kB | 39/88 kB | 33/62 kB | 23/159 kB
Progress (4): 238/256 kB | 39/88 kB | 33/62 kB | 25/159 kB
Progress (4): 246/256 kB | 39/88 kB | 33/62 kB | 25/159 kB
Progress (4): 253/256 kB | 39/88 kB | 33/62 kB | 25/159 kB
Progress (4): 254/256 kB | 39/88 kB | 33/62 kB | 25/159 kB
Progress (4): 256 kB | 39/88 kB | 33/62 kB | 25/159 kB    
Progress (4): 256 kB | 39/88 kB | 41/62 kB | 25/159 kB
Progress (4): 256 kB | 41/88 kB | 41/62 kB | 25/159 kB
Progress (4): 256 kB | 49/88 kB | 41/62 kB | 25/159 kB
Progress (4): 256 kB | 55/88 kB | 41/62 kB | 25/159 kB
Progress (4): 256 kB | 57/88 kB | 41/62 kB | 25/159 kB
Progress (4): 256 kB | 66/88 kB | 41/62 kB | 25/159 kB
Progress (4): 256 kB | 71/88 kB | 41/62 kB | 25/159 kB
Progress (4): 256 kB | 74/88 kB | 41/62 kB | 25/159 kB
Progress (4): 256 kB | 82/88 kB | 41/62 kB | 25/159 kB
Progress (4): 256 kB | 87/88 kB | 41/62 kB | 25/159 kB
Progress (4): 256 kB | 88 kB | 41/62 kB | 25/159 kB   
                                                   
Downloaded from apache.snapshots: https://repository.apache.org/content/repositories/snapshots/org/apache/directory/server/apacheds-core-api/2.0.0.AM28-SNAPSHOT/apacheds-core-api-2.0.0.AM28-20260220.070755-94.jar (256 kB at 346 kB/s)
Downloading from apache.snapshots: https://repository.apache.org/content/repositories/snapshots/org/apache/directory/api/api-ldap-codec-core/2.1.8-SNAPSHOT/api-ldap-codec-core-2.1.8-20250806.194405-64.jar
Progress (3): 88 kB | 49/62 kB | 25/159 kB
Progress (3): 88 kB | 49/62 kB | 25/159 kB
Progress (3): 88 kB | 57/62 kB | 25/159 kB
Progress (3): 88 kB | 62 kB | 25/159 kB   
                                       
Downloaded from apache.snapshots: https://repository.apache.org/content/repositories/snapshots/org/apache/directory/api/api-i18n/2.1.8-SNAPSHOT/api-i18n-2.1.8-20250806.194405-64.jar (88 kB at 116 kB/s)
Downloading from apache.snapshots: https://repository.apache.org/content/repositories/snapshots/org/apache/directory/api/api-ldap-extras-aci/2.1.8-SNAPSHOT/api-ldap-extras-aci-2.1.8-20250806.194405-64.jar
Progress (3): 62 kB | 25/159 kB | 7.5/266 kB
                                            
Downloaded from apache.snapshots: https://repository.apache.org/content/repositories/snapshots/org/apache/directory/server/apacheds-core-avl/2.0.0.AM28-SNAPSHOT/apacheds-core-avl-2.0.0.AM28-20260220.070755-93.jar (62 kB at 82 kB/s)
Downloading from apache.snapshots: https://repository.apache.org/content/repositories/snapshots/org/apache/directory/api/api-ldap-extras-util/2.1.8-SNAPSHOT/api-ldap-extras-util-2.1.8-20250806.194405-63.jar
Progress (2): 25/159 kB | 8.2/266 kB
Progress (2): 25/159 kB | 16/266 kB 
Progress (2): 25/159 kB | 23/266 kB
Progress (2): 25/159 kB | 25/266 kB
Progress (2): 25/159 kB | 33/266 kB
Progress (2): 25/159 kB | 39/266 kB
Progress (2): 33/159 kB | 39/266 kB
Progress (2): 39/159 kB | 39/266 kB
Progress (2): 41/159 kB | 39/266 kB
Progress (2): 49/159 kB | 39/266 kB
Progress (2): 55/159 kB | 39/266 kB
Progress (2): 57/159 kB | 39/266 kB
Progress (2): 66/159 kB | 39/266 kB
Progress (2): 74/159 kB | 39/266 kB
Progress (2): 82/159 kB | 39/266 kB
Progress (2): 82/159 kB | 39/266 kB
Progress (3): 82/159 kB | 39/266 kB | 7.5/322 kB
Progress (3): 82/159 kB | 39/266 kB | 8.2/322 kB
Progress (3): 82/159 kB | 39/266 kB | 16/322 kB 
Progress (3): 82/159 kB | 39/266 kB | 23/322 kB
Progress (3): 82/159 kB | 39/266 kB | 25/322 kB
Progress (3): 82/159 kB | 39/266 kB | 33/322 kB
Progress (3): 82/159 kB | 39/266 kB | 39/322 kB
Progress (3): 82/159 kB | 39/266 kB | 41/322 kB
Progress (3): 82/159 kB | 39/266 kB | 49/322 kB
Progress (3): 82/159 kB | 39/266 kB | 55/322 kB
Progress (3): 82/159 kB | 39/266 kB | 57/322 kB
Progress (3): 82/159 kB | 39/266 kB | 66/322 kB
Progress (3): 82/159 kB | 39/266 kB | 71/322 kB
Progress (3): 82/159 kB | 39/266 kB | 74/322 kB
Progress (3): 82/159 kB | 39/266 kB | 82/322 kB
Progress (3): 82/159 kB | 39/266 kB | 87/322 kB
Progress (3): 82/159 kB | 39/266 kB | 90/322 kB
Progress (3): 82/159 kB | 39/266 kB | 98/322 kB
Progress (3): 82/159 kB | 41/266 kB | 98/322 kB
Progress (3): 82/159 kB | 49/266 kB | 98/322 kB
Progress (3): 82/159 kB | 55/266 kB | 98/322 kB
Progress (3): 82/159 kB | 57/266 kB | 98/322 kB
Progress (3): 82/159 kB | 66/266 kB | 98/322 kB
Progress (3): 82/159 kB | 71/266 kB | 98/322 kB
Progress (3): 82/159 kB | 74/266 kB | 98/322 kB
Progress (3): 82/159 kB | 82/266 kB | 98/322 kB
Progress (3): 82/159 kB | 87/266 kB | 98/322 kB
Progress (3): 82/159 kB | 90/266 kB | 98/322 kB
Progress (3): 82/159 kB | 98/266 kB | 98/322 kB
Progress (3): 82/159 kB | 106/266 kB | 98/322 kB
Progress (3): 82/159 kB | 106/266 kB | 98/322 kB
Progress (3): 82/159 kB | 115/266 kB | 98/322 kB
Progress (3): 82/159 kB | 122/266 kB | 98/322 kB
Progress (3): 82/159 kB | 123/266 kB | 98/322 kB
Progress (4): 82/159 kB | 123/266 kB | 98/322 kB | 7.5/105 kB
Progress (4): 82/159 kB | 123/266 kB | 98/322 kB | 8.2/105 kB
Progress (4): 82/159 kB | 123/266 kB | 98/322 kB | 16/105 kB 
Progress (4): 82/159 kB | 123/266 kB | 98/322 kB | 23/105 kB
Progress (4): 82/159 kB | 123/266 kB | 98/322 kB | 25/105 kB
Progress (5): 82/159 kB | 123/266 kB | 98/322 kB | 25/105 kB | 7.5/21 kB
Progress (5): 82/159 kB | 123/266 kB | 98/322 kB | 25/105 kB | 8.2/21 kB
Progress (5): 82/159 kB | 123/266 kB | 98/322 kB | 33/105 kB | 8.2/21 kB
Progress (5): 82/159 kB | 123/266 kB | 98/322 kB | 41/105 kB | 8.2/21 kB
Progress (5): 82/159 kB | 123/266 kB | 98/322 kB | 41/105 kB | 16/21 kB 
Progress (5): 82/159 kB | 123/266 kB | 98/322 kB | 49/105 kB | 16/21 kB
Progress (5): 82/159 kB | 123/266 kB | 98/322 kB | 49/105 kB | 21 kB   
Progress (5): 82/159 kB | 123/266 kB | 98/322 kB | 49/105 kB | 21 kB
Progress (5): 82/159 kB | 123/266 kB | 98/322 kB | 57/105 kB | 21 kB
Progress (5): 90/159 kB | 123/266 kB | 98/322 kB | 57/105 kB | 21 kB
Progress (5): 98/159 kB | 123/266 kB | 98/322 kB | 57/105 kB | 21 kB
Progress (5): 98/159 kB | 123/266 kB | 98/322 kB | 57/105 kB | 21 kB
Progress (5): 106/159 kB | 123/266 kB | 98/322 kB | 57/105 kB | 21 kB
Progress (5): 114/159 kB | 123/266 kB | 98/322 kB | 57/105 kB | 21 kB
Progress (5): 115/159 kB | 123/266 kB | 98/322 kB | 57/105 kB | 21 kB
Progress (5): 123/159 kB | 123/266 kB | 98/322 kB | 57/105 kB | 21 kB
Progress (5): 130/159 kB | 123/266 kB | 98/322 kB | 57/105 kB | 21 kB
Progress (5): 131/159 kB | 123/266 kB | 98/322 kB | 57/105 kB | 21 kB
Progress (5): 139/159 kB | 123/266 kB | 98/322 kB | 57/105 kB | 21 kB
Progress (5): 146/159 kB | 123/266 kB | 98/322 kB | 57/105 kB | 21 kB
Progress (5): 147/159 kB | 123/266 kB | 98/322 kB | 57/105 kB | 21 kB
Progress (5): 156/159 kB | 123/266 kB | 98/322 kB | 57/105 kB | 21 kB
Progress (5): 159 kB | 123/266 kB | 98/322 kB | 57/105 kB | 21 kB    
                                                                 
Downloaded from apache.snapshots: https://repository.apache.org/content/repositories/snapshots/org/apache/directory/api/api-ldap-extras-util/2.1.8-SNAPSHOT/api-ldap-extras-util-2.1.8-20250806.194405-63.jar (21 kB at 22 kB/s)
Downloading from apache.snapshots: https://repository.apache.org/content/repositories/snapshots/org/apache/directory/server/apacheds-core-api/2.0.0.AM28-SNAPSHOT/apacheds-core-api-2.0.0.AM28-20260220.070755-94-tests.jar
Downloaded from apache.snapshots: https://repository.apache.org/content/repositories/snapshots/org/apache/directory/api/api-ldap-client-api/2.1.8-SNAPSHOT/api-ldap-client-api-2.1.8-20250806.194405-63.jar (159 kB at 170 kB/s)
Downloading from apache.snapshots: https://repository.apache.org/content/repositories/snapshots/org/apache/directory/server/apacheds-core-shared/2.0.0.AM28-SNAPSHOT/apacheds-core-shared-2.0.0.AM28-20260220.070755-94.jar
Progress (3): 123/266 kB | 103/322 kB | 57/105 kB
Progress (3): 123/266 kB | 106/322 kB | 57/105 kB
Progress (3): 123/266 kB | 115/322 kB | 57/105 kB
Progress (3): 123/266 kB | 119/322 kB | 57/105 kB
Progress (3): 123/266 kB | 123/322 kB | 57/105 kB
Progress (3): 123/266 kB | 131/322 kB | 57/105 kB
Progress (3): 123/266 kB | 135/322 kB | 57/105 kB
Progress (3): 123/266 kB | 139/322 kB | 57/105 kB
Progress (3): 123/266 kB | 147/322 kB | 57/105 kB
Progress (3): 123/266 kB | 151/322 kB | 57/105 kB
Progress (3): 123/266 kB | 156/322 kB | 57/105 kB
Progress (3): 123/266 kB | 164/322 kB | 57/105 kB
Progress (3): 123/266 kB | 167/322 kB | 57/105 kB
Progress (3): 123/266 kB | 172/322 kB | 57/105 kB
Progress (3): 123/266 kB | 180/322 kB | 57/105 kB
Progress (3): 123/266 kB | 183/322 kB | 57/105 kB
Progress (3): 123/266 kB | 188/322 kB | 57/105 kB
Progress (3): 123/266 kB | 197/322 kB | 57/105 kB
Progress (3): 123/266 kB | 199/322 kB | 57/105 kB
Progress (3): 123/266 kB | 205/322 kB | 57/105 kB
Progress (3): 123/266 kB | 213/322 kB | 57/105 kB
Progress (3): 123/266 kB | 215/322 kB | 57/105 kB
Progress (3): 123/266 kB | 221/322 kB | 57/105 kB
Progress (3): 123/266 kB | 229/322 kB | 57/105 kB
Progress (3): 131/266 kB | 229/322 kB | 57/105 kB
Progress (3): 138/266 kB | 229/322 kB | 57/105 kB
Progress (3): 139/266 kB | 229/322 kB | 57/105 kB
Progress (3): 147/266 kB | 229/322 kB | 57/105 kB
Progress (3): 154/266 kB | 229/322 kB | 57/105 kB
Progress (3): 156/266 kB | 229/322 kB | 57/105 kB
Progress (3): 164/266 kB | 229/322 kB | 57/105 kB
Progress (3): 170/266 kB | 229/322 kB | 57/105 kB
Progress (3): 172/266 kB | 229/322 kB | 57/105 kB
Progress (3): 180/266 kB | 229/322 kB | 57/105 kB
Progress (3): 186/266 kB | 229/322 kB | 57/105 kB
Progress (3): 188/266 kB | 229/322 kB | 57/105 kB
Progress (3): 197/266 kB | 229/322 kB | 57/105 kB
Progress (3): 202/266 kB | 229/322 kB | 57/105 kB
Progress (3): 205/266 kB | 229/322 kB | 57/105 kB
Progress (3): 213/266 kB | 229/322 kB | 57/105 kB
Progress (3): 218/266 kB | 229/322 kB | 57/105 kB
Progress (3): 218/266 kB | 229/322 kB | 65/105 kB
Progress (3): 221/266 kB | 229/322 kB | 65/105 kB
Progress (3): 221/266 kB | 229/322 kB | 66/105 kB
Progress (3): 229/266 kB | 229/322 kB | 66/105 kB
Progress (3): 234/266 kB | 229/322 kB | 66/105 kB
Progress (3): 234/266 kB | 229/322 kB | 74/105 kB
Progress (3): 238/266 kB | 229/322 kB | 74/105 kB
Progress (3): 238/266 kB | 229/322 kB | 82/105 kB
Progress (3): 246/266 kB | 229/322 kB | 82/105 kB
Progress (3): 246/266 kB | 229/322 kB | 82/105 kB
Progress (3): 250/266 kB | 229/322 kB | 82/105 kB
Progress (3): 250/266 kB | 229/322 kB | 90/105 kB
Progress (3): 254/266 kB | 229/322 kB | 90/105 kB
Progress (3): 254/266 kB | 229/322 kB | 98/105 kB
Progress (3): 262/266 kB | 229/322 kB | 98/105 kB
Progress (3): 262/266 kB | 229/322 kB | 98/105 kB
Progress (3): 266 kB | 229/322 kB | 98/105 kB    
Progress (3): 266 kB | 229/322 kB | 105 kB   
                                          
Downloaded from apache.snapshots: https://repository.apache.org/content/repositories/snapshots/org/apache/directory/api/api-ldap-extras-aci/2.1.8-SNAPSHOT/api-ldap-extras-aci-2.1.8-20250806.194405-64.jar (105 kB at 99 kB/s)
Downloading from apache.snapshots: https://repository.apache.org/content/repositories/snapshots/org/apache/directory/api/api-ldap-extras-codec-api/2.1.8-SNAPSHOT/api-ldap-extras-codec-api-2.1.8-20250806.194405-64.jar
Downloaded from apache.snapshots: https://repository.apache.org/content/repositories/snapshots/org/apache/directory/api/api-ldap-extras-codec/2.1.8-SNAPSHOT/api-ldap-extras-codec-2.1.8-20250806.194405-64.jar (266 kB at 252 kB/s)
Downloading from apache.snapshots: https://repository.apache.org/content/repositories/snapshots/org/apache/directory/server/apacheds-i18n/2.0.0.AM28-SNAPSHOT/apacheds-i18n-2.0.0.AM28-20260220.070755-94.jar
Progress (2): 229/322 kB | 7.5/60 kB
Progress (2): 229/322 kB | 8.2/60 kB
Progress (2): 229/322 kB | 16/60 kB 
Progress (2): 229/322 kB | 23/60 kB
Progress (2): 229/322 kB | 25/60 kB
Progress (3): 229/322 kB | 25/60 kB | 7.5/53 kB
Progress (3): 229/322 kB | 33/60 kB | 7.5/53 kB
Progress (3): 229/322 kB | 33/60 kB | 8.2/53 kB
Progress (3): 229/322 kB | 39/60 kB | 8.2/53 kB
Progress (3): 229/322 kB | 41/60 kB | 8.2/53 kB
Progress (3): 229/322 kB | 41/60 kB | 16/53 kB 
Progress (3): 229/322 kB | 41/60 kB | 23/53 kB
Progress (3): 229/322 kB | 49/60 kB | 23/53 kB
Progress (3): 229/322 kB | 49/60 kB | 25/53 kB
Progress (3): 229/322 kB | 55/60 kB | 25/53 kB
Progress (3): 229/322 kB | 57/60 kB | 25/53 kB
Progress (3): 229/322 kB | 57/60 kB | 33/53 kB
Progress (3): 229/322 kB | 60 kB | 33/53 kB   
Progress (3): 229/322 kB | 60 kB | 39/53 kB
Progress (3): 229/322 kB | 60 kB | 41/53 kB
Progress (3): 229/322 kB | 60 kB | 49/53 kB
Progress (3): 229/322 kB | 60 kB | 53 kB   
                                        
Downloaded from apache.snapshots: https://repository.apache.org/content/repositories/snapshots/org/apache/directory/server/apacheds-core-api/2.0.0.AM28-SNAPSHOT/apacheds-core-api-2.0.0.AM28-20260220.070755-94-tests.jar (60 kB at 55 kB/s)
Downloading from apache.snapshots: https://repository.apache.org/content/repositories/snapshots/org/apache/directory/api/api-ldap-model/2.1.8-SNAPSHOT/api-ldap-model-2.1.8-20250806.194405-64.jar
Downloaded from apache.snapshots: https://repository.apache.org/content/repositories/snapshots/org/apache/directory/server/apacheds-core-shared/2.0.0.AM28-SNAPSHOT/apacheds-core-shared-2.0.0.AM28-20260220.070755-94.jar (53 kB at 49 kB/s)
Downloading from apache.snapshots: https://repository.apache.org/content/repositories/snapshots/org/apache/directory/api/api-asn1-ber/2.1.8-SNAPSHOT/api-asn1-ber-2.1.8-20250806.194405-64.jar
Progress (1): 231/322 kB
Progress (1): 238/322 kB
Progress (1): 246/322 kB
Progress (1): 247/322 kB
Progress (1): 254/322 kB
Progress (1): 262/322 kB
Progress (1): 263/322 kB
Progress (1): 270/322 kB
Progress (1): 279/322 kB
Progress (1): 279/322 kB
Progress (1): 287/322 kB
Progress (1): 295/322 kB
Progress (1): 295/322 kB
Progress (1): 303/322 kB
Progress (1): 311/322 kB
Progress (1): 311/322 kB
Progress (1): 319/322 kB
Progress (1): 319/322 kB
Progress (1): 322 kB    
                    
Downloaded from apache.snapshots: https://repository.apache.org/content/repositories/snapshots/org/apache/directory/api/api-ldap-codec-core/2.1.8-SNAPSHOT/api-ldap-codec-core-2.1.8-20250806.194405-64.jar (322 kB at 274 kB/s)
Downloading from apache.snapshots: https://repository.apache.org/content/repositories/snapshots/org/apache/directory/api/api-ldap-schema-data/2.1.8-SNAPSHOT/api-ldap-schema-data-2.1.8-20250806.194405-64.jar
Progress (1): 7.5/105 kB
Progress (1): 8.2/105 kB
Progress (1): 16/105 kB 
Progress (1): 23/105 kB
Progress (1): 25/105 kB
Progress (1): 33/105 kB
Progress (1): 39/105 kB
Progress (1): 41/105 kB
Progress (1): 49/105 kB
Progress (1): 55/105 kB
Progress (1): 57/105 kB
Progress (1): 66/105 kB
Progress (1): 71/105 kB
Progress (1): 74/105 kB
Progress (1): 82/105 kB
Progress (1): 87/105 kB
Progress (1): 90/105 kB
Progress (1): 98/105 kB
Progress (1): 103/105 kB
Progress (1): 105 kB    
Progress (2): 105 kB | 7.5/44 kB
Progress (2): 105 kB | 8.2/44 kB
Progress (2): 105 kB | 16/44 kB 
Progress (2): 105 kB | 23/44 kB
Progress (2): 105 kB | 25/44 kB
Progress (2): 105 kB | 33/44 kB
Progress (2): 105 kB | 41/44 kB
Progress (2): 105 kB | 44 kB   
                            
Downloaded from apache.snapshots: https://repository.apache.org/content/repositories/snapshots/org/apache/directory/api/api-ldap-extras-codec-api/2.1.8-SNAPSHOT/api-ldap-extras-codec-api-2.1.8-20250806.194405-64.jar (105 kB at 86 kB/s)
Downloading from apache.snapshots: https://repository.apache.org/content/repositories/snapshots/org/apache/directory/api/api-util/2.1.8-SNAPSHOT/api-util-2.1.8-20250806.194405-64.jar
Downloaded from apache.snapshots: https://repository.apache.org/content/repositories/snapshots/org/apache/directory/server/apacheds-i18n/2.0.0.AM28-SNAPSHOT/apacheds-i18n-2.0.0.AM28-20260220.070755-94.jar (44 kB at 36 kB/s)
Progress (1): 0/1.1 MB
Progress (1): 0/1.1 MB
Progress (1): 0/1.1 MB
Progress (1): 0/1.1 MB
Progress (1): 0/1.1 MB
Progress (1): 0/1.1 MB
Progress (1): 0/1.1 MB
Progress (2): 0/1.1 MB | 7.5/45 kB
Progress (2): 0/1.1 MB | 7.5/45 kB
Progress (2): 0/1.1 MB | 7.5/45 kB
Progress (2): 0.1/1.1 MB | 7.5/45 kB
Progress (2): 0.1/1.1 MB | 7.5/45 kB
Progress (2): 0.1/1.1 MB | 7.5/45 kB
Progress (2): 0.1/1.1 MB | 8.2/45 kB
Progress (2): 0.1/1.1 MB | 8.2/45 kB
Progress (2): 0.1/1.1 MB | 16/45 kB 
Progress (2): 0.1/1.1 MB | 16/45 kB
Progress (2): 0.1/1.1 MB | 16/45 kB
Progress (2): 0.1/1.1 MB | 23/45 kB
Progress (2): 0.1/1.1 MB | 25/45 kB
Progress (2): 0.1/1.1 MB | 25/45 kB
Progress (2): 0.1/1.1 MB | 25/45 kB
Progress (2): 0.1/1.1 MB | 25/45 kB
Progress (2): 0.1/1.1 MB | 33/45 kB
Progress (2): 0.1/1.1 MB | 33/45 kB
Progress (2): 0.1/1.1 MB | 41/45 kB
Progress (2): 0.1/1.1 MB | 45 kB   
Progress (2): 0.1/1.1 MB | 45 kB
Progress (2): 0.1/1.1 MB | 45 kB
Progress (2): 0.1/1.1 MB | 45 kB
Progress (2): 0.1/1.1 MB | 45 kB
Progress (2): 0.1/1.1 MB | 45 kB
Progress (2): 0.1/1.1 MB | 45 kB
Progress (2): 0.1/1.1 MB | 45 kB
Progress (2): 0.1/1.1 MB | 45 kB
Progress (2): 0.2/1.1 MB | 45 kB
Progress (2): 0.2/1.1 MB | 45 kB
Progress (2): 0.2/1.1 MB | 45 kB
Progress (2): 0.2/1.1 MB | 45 kB
Progress (2): 0.2/1.1 MB | 45 kB
Progress (2): 0.2/1.1 MB | 45 kB
Progress (2): 0.2/1.1 MB | 45 kB
Progress (2): 0.2/1.1 MB | 45 kB
Progress (2): 0.2/1.1 MB | 45 kB
Progress (2): 0.2/1.1 MB | 45 kB
Progress (2): 0.2/1.1 MB | 45 kB
Progress (2): 0.2/1.1 MB | 45 kB
Progress (2): 0.2/1.1 MB | 45 kB
Progress (2): 0.2/1.1 MB | 45 kB
Progress (2): 0.2/1.1 MB | 45 kB
Progress (2): 0.2/1.1 MB | 45 kB
Progress (2): 0.2/1.1 MB | 45 kB
Progress (2): 0.2/1.1 MB | 45 kB
Progress (2): 0.3/1.1 MB | 45 kB
Progress (2): 0.3/1.1 MB | 45 kB
Progress (2): 0.3/1.1 MB | 45 kB
                                
Downloaded from apache.snapshots: https://repository.apache.org/content/repositories/snapshots/org/apache/directory/api/api-asn1-ber/2.1.8-SNAPSHOT/api-asn1-ber-2.1.8-20250806.194405-64.jar (45 kB at 35 kB/s)
Progress (2): 0.3/1.1 MB | 7.5/668 kB
Progress (2): 0.3/1.1 MB | 8.2/668 kB
Progress (2): 0.3/1.1 MB | 16/668 kB 
Progress (2): 0.3/1.1 MB | 23/668 kB
Progress (2): 0.3/1.1 MB | 25/668 kB
Progress (2): 0.3/1.1 MB | 33/668 kB
Progress (2): 0.3/1.1 MB | 39/668 kB
Progress (2): 0.3/1.1 MB | 41/668 kB
Progress (2): 0.3/1.1 MB | 49/668 kB
Progress (2): 0.3/1.1 MB | 55/668 kB
Progress (2): 0.3/1.1 MB | 57/668 kB
Progress (2): 0.3/1.1 MB | 66/668 kB
Progress (2): 0.3/1.1 MB | 74/668 kB
Progress (2): 0.3/1.1 MB | 82/668 kB
Progress (2): 0.3/1.1 MB | 82/668 kB
Progress (2): 0.3/1.1 MB | 90/668 kB
Progress (2): 0.3/1.1 MB | 98/668 kB
Progress (2): 0.3/1.1 MB | 98/668 kB
Progress (2): 0.3/1.1 MB | 106/668 kB
Progress (2): 0.3/1.1 MB | 114/668 kB
Progress (2): 0.3/1.1 MB | 115/668 kB
Progress (2): 0.3/1.1 MB | 123/668 kB
Progress (2): 0.3/1.1 MB | 130/668 kB
Progress (2): 0.3/1.1 MB | 131/668 kB
Progress (2): 0.3/1.1 MB | 139/668 kB
Progress (2): 0.3/1.1 MB | 147/668 kB
Progress (2): 0.3/1.1 MB | 147/668 kB
Progress (2): 0.3/1.1 MB | 156/668 kB
Progress (2): 0.3/1.1 MB | 163/668 kB
Progress (2): 0.3/1.1 MB | 164/668 kB
Progress (2): 0.3/1.1 MB | 172/668 kB
Progress (2): 0.3/1.1 MB | 180/668 kB
Progress (2): 0.3/1.1 MB | 180/668 kB
Progress (2): 0.3/1.1 MB | 188/668 kB
Progress (2): 0.3/1.1 MB | 196/668 kB
Progress (2): 0.3/1.1 MB | 197/668 kB
Progress (2): 0.3/1.1 MB | 205/668 kB
Progress (2): 0.3/1.1 MB | 213/668 kB
Progress (2): 0.3/1.1 MB | 213/668 kB
Progress (2): 0.3/1.1 MB | 221/668 kB
Progress (2): 0.3/1.1 MB | 229/668 kB
Progress (2): 0.3/1.1 MB | 229/668 kB
Progress (2): 0.3/1.1 MB | 238/668 kB
Progress (2): 0.3/1.1 MB | 245/668 kB
Progress (2): 0.3/1.1 MB | 246/668 kB
Progress (2): 0.3/1.1 MB | 254/668 kB
Progress (2): 0.3/1.1 MB | 261/668 kB
Progress (2): 0.3/1.1 MB | 262/668 kB
Progress (2): 0.3/1.1 MB | 270/668 kB
Progress (2): 0.3/1.1 MB | 278/668 kB
Progress (2): 0.3/1.1 MB | 279/668 kB
Progress (2): 0.3/1.1 MB | 287/668 kB
Progress (2): 0.3/1.1 MB | 294/668 kB
Progress (2): 0.3/1.1 MB | 295/668 kB
Progress (2): 0.3/1.1 MB | 303/668 kB
Progress (2): 0.3/1.1 MB | 311/668 kB
Progress (2): 0.3/1.1 MB | 311/668 kB
Progress (2): 0.3/1.1 MB | 319/668 kB
Progress (2): 0.3/1.1 MB | 327/668 kB
Progress (2): 0.3/1.1 MB | 328/668 kB
Progress (2): 0.3/1.1 MB | 336/668 kB
Progress (2): 0.3/1.1 MB | 344/668 kB
Progress (2): 0.3/1.1 MB | 344/668 kB
Progress (3): 0.3/1.1 MB | 344/668 kB | 7.5/88 kB
Progress (3): 0.3/1.1 MB | 344/668 kB | 8.2/88 kB
Progress (3): 0.3/1.1 MB | 344/668 kB | 16/88 kB 
Progress (3): 0.3/1.1 MB | 344/668 kB | 23/88 kB
Progress (3): 0.3/1.1 MB | 344/668 kB | 25/88 kB
Progress (3): 0.3/1.1 MB | 344/668 kB | 33/88 kB
Progress (3): 0.3/1.1 MB | 344/668 kB | 33/88 kB
Progress (3): 0.3/1.1 MB | 344/668 kB | 39/88 kB
Progress (3): 0.3/1.1 MB | 344/668 kB | 39/88 kB
Progress (3): 0.3/1.1 MB | 344/668 kB | 41/88 kB
Progress (3): 0.3/1.1 MB | 344/668 kB | 41/88 kB
Progress (3): 0.3/1.1 MB | 344/668 kB | 49/88 kB
Progress (3): 0.3/1.1 MB | 344/668 kB | 49/88 kB
Progress (3): 0.3/1.1 MB | 344/668 kB | 49/88 kB
Progress (3): 0.3/1.1 MB | 344/668 kB | 55/88 kB
Progress (3): 0.3/1.1 MB | 344/668 kB | 55/88 kB
Progress (3): 0.3/1.1 MB | 344/668 kB | 57/88 kB
Progress (3): 0.3/1.1 MB | 344/668 kB | 57/88 kB
Progress (3): 0.3/1.1 MB | 344/668 kB | 66/88 kB
Progress (3): 0.3/1.1 MB | 344/668 kB | 66/88 kB
Progress (3): 0.3/1.1 MB | 344/668 kB | 71/88 kB
Progress (3): 0.3/1.1 MB | 344/668 kB | 71/88 kB
Progress (3): 0.3/1.1 MB | 344/668 kB | 74/88 kB
Progress (3): 0.3/1.1 MB | 344/668 kB | 74/88 kB
Progress (3): 0.3/1.1 MB | 344/668 kB | 82/88 kB
Progress (3): 0.3/1.1 MB | 344/668 kB | 82/88 kB
Progress (3): 0.3/1.1 MB | 344/668 kB | 87/88 kB
Progress (3): 0.3/1.1 MB | 344/668 kB | 87/88 kB
Progress (3): 0.3/1.1 MB | 344/668 kB | 88 kB   
Progress (3): 0.3/1.1 MB | 344/668 kB | 88 kB
Progress (3): 0.3/1.1 MB | 344/668 kB | 88 kB
Progress (3): 0.3/1.1 MB | 344/668 kB | 88 kB
Progress (3): 0.4/1.1 MB | 344/668 kB | 88 kB
Progress (3): 0.4/1.1 MB | 344/668 kB | 88 kB
Progress (3): 0.4/1.1 MB | 344/668 kB | 88 kB
Progress (3): 0.4/1.1 MB | 344/668 kB | 88 kB
Progress (3): 0.4/1.1 MB | 344/668 kB | 88 kB
Progress (3): 0.4/1.1 MB | 344/668 kB | 88 kB
Progress (3): 0.4/1.1 MB | 344/668 kB | 88 kB
Progress (3): 0.4/1.1 MB | 344/668 kB | 88 kB
Progress (3): 0.4/1.1 MB | 344/668 kB | 88 kB
Progress (3): 0.4/1.1 MB | 344/668 kB | 88 kB
Progress (3): 0.4/1.1 MB | 344/668 kB | 88 kB
Progress (3): 0.4/1.1 MB | 344/668 kB | 88 kB
Progress (3): 0.4/1.1 MB | 344/668 kB | 88 kB
Progress (3): 0.4/1.1 MB | 344/668 kB | 88 kB
Progress (3): 0.4/1.1 MB | 344/668 kB | 88 kB
Progress (3): 0.4/1.1 MB | 344/668 kB | 88 kB
Progress (3): 0.4/1.1 MB | 344/668 kB | 88 kB
Progress (3): 0.4/1.1 MB | 344/668 kB | 88 kB
Progress (3): 0.5/1.1 MB | 344/668 kB | 88 kB
Progress (3): 0.5/1.1 MB | 344/668 kB | 88 kB
Progress (3): 0.5/1.1 MB | 344/668 kB | 88 kB
Progress (3): 0.5/1.1 MB | 344/668 kB | 88 kB
Progress (3): 0.5/1.1 MB | 344/668 kB | 88 kB
Progress (3): 0.5/1.1 MB | 344/668 kB | 88 kB
Progress (3): 0.5/1.1 MB | 344/668 kB | 88 kB
Progress (3): 0.5/1.1 MB | 344/668 kB | 88 kB
Progress (3): 0.5/1.1 MB | 344/668 kB | 88 kB
Progress (3): 0.5/1.1 MB | 344/668 kB | 88 kB
Progress (3): 0.5/1.1 MB | 344/668 kB | 88 kB
Progress (3): 0.5/1.1 MB | 344/668 kB | 88 kB
Progress (3): 0.5/1.1 MB | 344/668 kB | 88 kB
Progress (3): 0.5/1.1 MB | 344/668 kB | 88 kB
Progress (3): 0.5/1.1 MB | 344/668 kB | 88 kB
Progress (3): 0.5/1.1 MB | 344/668 kB | 88 kB
Progress (3): 0.5/1.1 MB | 344/668 kB | 88 kB
Progress (3): 0.5/1.1 MB | 344/668 kB | 88 kB
Progress (3): 0.5/1.1 MB | 344/668 kB | 88 kB
Progress (3): 0.6/1.1 MB | 344/668 kB | 88 kB
Progress (3): 0.6/1.1 MB | 344/668 kB | 88 kB
Progress (3): 0.6/1.1 MB | 344/668 kB | 88 kB
Progress (3): 0.6/1.1 MB | 344/668 kB | 88 kB
Progress (3): 0.6/1.1 MB | 344/668 kB | 88 kB
Progress (3): 0.6/1.1 MB | 344/668 kB | 88 kB
Progress (3): 0.6/1.1 MB | 344/668 kB | 88 kB
Progress (3): 0.6/1.1 MB | 344/668 kB | 88 kB
                                             
Downloaded from apache.snapshots: https://repository.apache.org/content/repositories/snapshots/org/apache/directory/api/api-util/2.1.8-SNAPSHOT/api-util-2.1.8-20250806.194405-64.jar (88 kB at 64 kB/s)
Progress (2): 0.6/1.1 MB | 344/668 kB
Progress (2): 0.6/1.1 MB | 344/668 kB
Progress (2): 0.6/1.1 MB | 344/668 kB
Progress (2): 0.6/1.1 MB | 344/668 kB
Progress (2): 0.6/1.1 MB | 344/668 kB
Progress (2): 0.6/1.1 MB | 344/668 kB
Progress (2): 0.6/1.1 MB | 344/668 kB
Progress (2): 0.6/1.1 MB | 344/668 kB
Progress (2): 0.6/1.1 MB | 344/668 kB
Progress (2): 0.6/1.1 MB | 344/668 kB
Progress (2): 0.6/1.1 MB | 344/668 kB
Progress (2): 0.7/1.1 MB | 344/668 kB
Progress (2): 0.7/1.1 MB | 344/668 kB
Progress (2): 0.7/1.1 MB | 344/668 kB
Progress (2): 0.7/1.1 MB | 344/668 kB
Progress (2): 0.7/1.1 MB | 344/668 kB
Progress (2): 0.7/1.1 MB | 344/668 kB
Progress (2): 0.7/1.1 MB | 344/668 kB
Progress (2): 0.7/1.1 MB | 344/668 kB
Progress (2): 0.7/1.1 MB | 344/668 kB
Progress (2): 0.7/1.1 MB | 344/668 kB
Progress (2): 0.7/1.1 MB | 344/668 kB
Progress (2): 0.7/1.1 MB | 344/668 kB
Progress (2): 0.7/1.1 MB | 344/668 kB
Progress (2): 0.7/1.1 MB | 344/668 kB
Progress (2): 0.7/1.1 MB | 344/668 kB
Progress (2): 0.7/1.1 MB | 344/668 kB
Progress (2): 0.7/1.1 MB | 344/668 kB
Progress (2): 0.7/1.1 MB | 344/668 kB
Progress (2): 0.8/1.1 MB | 344/668 kB
Progress (2): 0.8/1.1 MB | 344/668 kB
Progress (2): 0.8/1.1 MB | 344/668 kB
Progress (2): 0.8/1.1 MB | 344/668 kB
Progress (2): 0.8/1.1 MB | 344/668 kB
Progress (2): 0.8/1.1 MB | 344/668 kB
Progress (2): 0.8/1.1 MB | 344/668 kB
Progress (2): 0.8/1.1 MB | 352/668 kB
Progress (2): 0.8/1.1 MB | 360/668 kB
Progress (2): 0.8/1.1 MB | 360/668 kB
Progress (2): 0.8/1.1 MB | 369/668 kB
Progress (2): 0.8/1.1 MB | 376/668 kB
Progress (2): 0.8/1.1 MB | 377/668 kB
Progress (2): 0.8/1.1 MB | 385/668 kB
Progress (2): 0.8/1.1 MB | 392/668 kB
Progress (2): 0.8/1.1 MB | 393/668 kB
Progress (2): 0.8/1.1 MB | 401/668 kB
Progress (2): 0.8/1.1 MB | 409/668 kB
Progress (2): 0.8/1.1 MB | 410/668 kB
Progress (2): 0.8/1.1 MB | 418/668 kB
Progress (2): 0.8/1.1 MB | 425/668 kB
Progress (2): 0.8/1.1 MB | 426/668 kB
Progress (2): 0.8/1.1 MB | 434/668 kB
Progress (2): 0.8/1.1 MB | 442/668 kB
Progress (2): 0.8/1.1 MB | 442/668 kB
Progress (2): 0.8/1.1 MB | 451/668 kB
Progress (2): 0.8/1.1 MB | 458/668 kB
Progress (2): 0.8/1.1 MB | 459/668 kB
Progress (2): 0.8/1.1 MB | 467/668 kB
Progress (2): 0.8/1.1 MB | 475/668 kB
Progress (2): 0.8/1.1 MB | 475/668 kB
Progress (2): 0.8/1.1 MB | 483/668 kB
Progress (2): 0.8/1.1 MB | 491/668 kB
Progress (2): 0.8/1.1 MB | 492/668 kB
Progress (2): 0.8/1.1 MB | 500/668 kB
Progress (2): 0.8/1.1 MB | 508/668 kB
Progress (2): 0.8/1.1 MB | 508/668 kB
Progress (2): 0.8/1.1 MB | 516/668 kB
Progress (2): 0.8/1.1 MB | 524/668 kB
Progress (2): 0.8/1.1 MB | 524/668 kB
Progress (2): 0.8/1.1 MB | 532/668 kB
Progress (2): 0.8/1.1 MB | 540/668 kB
Progress (2): 0.8/1.1 MB | 541/668 kB
Progress (2): 0.8/1.1 MB | 549/668 kB
Progress (2): 0.8/1.1 MB | 556/668 kB
Progress (2): 0.8/1.1 MB | 557/668 kB
Progress (2): 0.8/1.1 MB | 565/668 kB
Progress (2): 0.8/1.1 MB | 573/668 kB
Progress (2): 0.8/1.1 MB | 573/668 kB
Progress (2): 0.8/1.1 MB | 582/668 kB
Progress (2): 0.8/1.1 MB | 589/668 kB
Progress (2): 0.8/1.1 MB | 590/668 kB
Progress (2): 0.8/1.1 MB | 598/668 kB
Progress (2): 0.8/1.1 MB | 606/668 kB
Progress (2): 0.8/1.1 MB | 606/668 kB
Progress (2): 0.8/1.1 MB | 614/668 kB
Progress (2): 0.8/1.1 MB | 622/668 kB
Progress (2): 0.8/1.1 MB | 623/668 kB
Progress (2): 0.8/1.1 MB | 631/668 kB
Progress (2): 0.8/1.1 MB | 639/668 kB
Progress (2): 0.8/1.1 MB | 639/668 kB
Progress (2): 0.8/1.1 MB | 647/668 kB
Progress (2): 0.8/1.1 MB | 655/668 kB
Progress (2): 0.8/1.1 MB | 655/668 kB
Progress (2): 0.8/1.1 MB | 664/668 kB
Progress (2): 0.8/1.1 MB | 668 kB    
                                 
Downloaded from apache.snapshots: https://repository.apache.org/content/repositories/snapshots/org/apache/directory/api/api-ldap-schema-data/2.1.8-SNAPSHOT/api-ldap-schema-data-2.1.8-20250806.194405-64.jar (668 kB at 449 kB/s)
Progress (1): 0.8/1.1 MB
Progress (1): 0.8/1.1 MB
Progress (1): 0.8/1.1 MB
Progress (1): 0.8/1.1 MB
Progress (1): 0.8/1.1 MB
Progress (1): 0.8/1.1 MB
Progress (1): 0.8/1.1 MB
Progress (1): 0.8/1.1 MB
Progress (1): 0.8/1.1 MB
Progress (1): 0.8/1.1 MB
Progress (1): 0.8/1.1 MB
Progress (1): 0.8/1.1 MB
Progress (1): 0.9/1.1 MB
Progress (1): 0.9/1.1 MB
Progress (1): 0.9/1.1 MB
Progress (1): 0.9/1.1 MB
Progress (1): 0.9/1.1 MB
Progress (1): 0.9/1.1 MB
Progress (1): 0.9/1.1 MB
Progress (1): 0.9/1.1 MB
Progress (1): 0.9/1.1 MB
Progress (1): 0.9/1.1 MB
Progress (1): 0.9/1.1 MB
Progress (1): 0.9/1.1 MB
Progress (1): 0.9/1.1 MB
Progress (1): 0.9/1.1 MB
Progress (1): 0.9/1.1 MB
Progress (1): 0.9/1.1 MB
Progress (1): 0.9/1.1 MB
Progress (1): 0.9/1.1 MB
Progress (1): 1.0/1.1 MB
Progress (1): 1.0/1.1 MB
Progress (1): 1.0/1.1 MB
Progress (1): 1.0/1.1 MB
Progress (1): 1.0/1.1 MB
Progress (1): 1.0/1.1 MB
Progress (1): 1.0/1.1 MB
Progress (1): 1.0/1.1 MB
Progress (1): 1.0/1.1 MB
Progress (1): 1.0/1.1 MB
Progress (1): 1.0/1.1 MB
Progress (1): 1.0/1.1 MB
Progress (1): 1.0/1.1 MB
Progress (1): 1.0/1.1 MB
Progress (1): 1.0/1.1 MB
Progress (1): 1.0/1.1 MB
Progress (1): 1.0/1.1 MB
Progress (1): 1.0/1.1 MB
Progress (1): 1.0/1.1 MB
Progress (1): 1.0/1.1 MB
Progress (1): 1.1/1.1 MB
Progress (1): 1.1/1.1 MB
Progress (1): 1.1/1.1 MB
Progress (1): 1.1 MB    
                    
Downloaded from apache.snapshots: https://repository.apache.org/content/repositories/snapshots/org/apache/directory/api/api-ldap-model/2.1.8-SNAPSHOT/api-ldap-model-2.1.8-20250806.194405-64.jar (1.1 MB at 687 kB/s)
Downloading from central: https://repo1.maven.org/maven2/org/apache/commons/commons-pool2/2.13.1/commons-pool2-2.13.1.jar
Downloading from central: https://repo1.maven.org/maven2/org/apache/mina/mina-core/2.2.5/mina-core-2.2.5.jar
Downloading from central: https://repo1.maven.org/maven2/org/apache/directory/jdbm/apacheds-jdbm1/2.0.0-M3/apacheds-jdbm1-2.0.0-M3.jar
Downloading from central: https://repo1.maven.org/maven2/org/apache/servicemix/bundles/org.apache.servicemix.bundles.antlr/2.7.7_5/org.apache.servicemix.bundles.antlr-2.7.7_5.jar
Downloading from central: https://repo1.maven.org/maven2/commons-codec/commons-codec/1.21.0/commons-codec-1.21.0.jar
Progress (1): 7.7/156 kB
Progress (1): 16/156 kB 
Progress (1): 25/156 kB
Progress (1): 41/156 kB
Progress (1): 57/156 kB
Progress (2): 57/156 kB | 0.9/402 kB
Progress (2): 74/156 kB | 0.9/402 kB
Progress (2): 90/156 kB | 0.9/402 kB
Progress (2): 90/156 kB | 2.3/402 kB
Progress (2): 106/156 kB | 2.3/402 kB
Progress (2): 123/156 kB | 2.3/402 kB
Progress (2): 123/156 kB | 3.7/402 kB
Progress (2): 139/156 kB | 3.7/402 kB
Progress (2): 156/156 kB | 3.7/402 kB
Progress (2): 156 kB | 3.7/402 kB    
Progress (2): 156 kB | 5.0/402 kB
Progress (2): 156 kB | 6.4/402 kB
Progress (2): 156 kB | 7.8/402 kB
Progress (2): 156 kB | 9.1/402 kB
Progress (2): 156 kB | 11/402 kB 
Progress (2): 156 kB | 12/402 kB
Progress (2): 156 kB | 13/402 kB
Progress (2): 156 kB | 15/402 kB
Progress (2): 156 kB | 16/402 kB
Progress (2): 156 kB | 17/402 kB
Progress (2): 156 kB | 19/402 kB
Progress (2): 156 kB | 20/402 kB
Progress (2): 156 kB | 21/402 kB
Progress (2): 156 kB | 23/402 kB
Progress (2): 156 kB | 24/402 kB
Progress (2): 156 kB | 26/402 kB
Progress (2): 156 kB | 27/402 kB
Progress (2): 156 kB | 28/402 kB
Progress (2): 156 kB | 30/402 kB
Progress (2): 156 kB | 31/402 kB
Progress (2): 156 kB | 32/402 kB
Progress (2): 156 kB | 34/402 kB
Progress (2): 156 kB | 35/402 kB
Progress (2): 156 kB | 37/402 kB
Progress (2): 156 kB | 38/402 kB
Progress (3): 156 kB | 38/402 kB | 0.9/105 kB
Progress (3): 156 kB | 39/402 kB | 0.9/105 kB
Progress (3): 156 kB | 41/402 kB | 0.9/105 kB
Progress (3): 156 kB | 42/402 kB | 0.9/105 kB
Progress (3): 156 kB | 43/402 kB | 0.9/105 kB
Progress (3): 156 kB | 45/402 kB | 0.9/105 kB
Progress (3): 156 kB | 46/402 kB | 0.9/105 kB
Progress (3): 156 kB | 47/402 kB | 0.9/105 kB
Progress (3): 156 kB | 49/402 kB | 0.9/105 kB
Progress (3): 156 kB | 50/402 kB | 0.9/105 kB
Progress (3): 156 kB | 52/402 kB | 0.9/105 kB
Progress (3): 156 kB | 52/402 kB | 2.3/105 kB
Progress (3): 156 kB | 52/402 kB | 3.7/105 kB
Progress (3): 156 kB | 53/402 kB | 3.7/105 kB
Progress (3): 156 kB | 54/402 kB | 3.7/105 kB
Progress (3): 156 kB | 54/402 kB | 5.0/105 kB
Progress (3): 156 kB | 56/402 kB | 5.0/105 kB
Progress (3): 156 kB | 56/402 kB | 6.4/105 kB
Progress (3): 156 kB | 56/402 kB | 7.8/105 kB
Progress (3): 156 kB | 56/402 kB | 9.1/105 kB
Progress (3): 156 kB | 56/402 kB | 11/105 kB 
Progress (3): 156 kB | 56/402 kB | 12/105 kB
Progress (3): 156 kB | 56/402 kB | 12/105 kB
Progress (3): 156 kB | 56/402 kB | 14/105 kB
Progress (3): 156 kB | 56/402 kB | 15/105 kB
Progress (3): 156 kB | 56/402 kB | 16/105 kB
Progress (3): 156 kB | 56/402 kB | 18/105 kB
Progress (3): 156 kB | 56/402 kB | 19/105 kB
Progress (3): 156 kB | 56/402 kB | 21/105 kB
Progress (3): 156 kB | 56/402 kB | 22/105 kB
Progress (3): 156 kB | 56/402 kB | 23/105 kB
Progress (3): 156 kB | 56/402 kB | 25/105 kB
Progress (3): 156 kB | 56/402 kB | 26/105 kB
Progress (3): 156 kB | 56/402 kB | 27/105 kB
Progress (3): 156 kB | 56/402 kB | 29/105 kB
Progress (3): 156 kB | 56/402 kB | 30/105 kB
Progress (3): 156 kB | 56/402 kB | 31/105 kB
Progress (3): 156 kB | 56/402 kB | 33/105 kB
                                            
Downloaded from central: https://repo1.maven.org/maven2/org/apache/commons/commons-pool2/2.13.1/commons-pool2-2.13.1.jar (156 kB at 1.6 MB/s)
Downloading from central: https://repo1.maven.org/maven2/org/apache/commons/commons-text/1.13.1/commons-text-1.13.1.jar
Progress (2): 60/402 kB | 33/105 kB
Progress (2): 60/402 kB | 34/105 kB
Progress (2): 60/402 kB | 36/105 kB
Progress (2): 60/402 kB | 37/105 kB
Progress (2): 60/402 kB | 38/105 kB
Progress (2): 60/402 kB | 40/105 kB
Progress (2): 60/402 kB | 41/105 kB
Progress (2): 60/402 kB | 42/105 kB
Progress (2): 60/402 kB | 44/105 kB
Progress (2): 60/402 kB | 45/105 kB
Progress (2): 60/402 kB | 46/105 kB
Progress (2): 60/402 kB | 48/105 kB
Progress (2): 60/402 kB | 49/105 kB
Progress (2): 60/402 kB | 51/105 kB
Progress (2): 60/402 kB | 52/105 kB
Progress (2): 60/402 kB | 53/105 kB
Progress (2): 60/402 kB | 55/105 kB
Progress (2): 60/402 kB | 59/105 kB
Progress (2): 60/402 kB | 63/105 kB
Progress (2): 64/402 kB | 63/105 kB
Progress (2): 68/402 kB | 63/105 kB
Progress (2): 73/402 kB | 63/105 kB
Progress (3): 73/402 kB | 63/105 kB | 0.9/454 kB
Progress (3): 73/402 kB | 63/105 kB | 2.3/454 kB
Progress (3): 73/402 kB | 63/105 kB | 3.7/454 kB
Progress (3): 73/402 kB | 63/105 kB | 5.0/454 kB
Progress (3): 73/402 kB | 63/105 kB | 6.4/454 kB
Progress (3): 73/402 kB | 63/105 kB | 7.8/454 kB
Progress (3): 73/402 kB | 63/105 kB | 9.1/454 kB
Progress (3): 73/402 kB | 63/105 kB | 11/454 kB 
Progress (3): 73/402 kB | 63/105 kB | 12/454 kB
Progress (3): 73/402 kB | 63/105 kB | 13/454 kB
Progress (3): 73/402 kB | 63/105 kB | 15/454 kB
Progress (3): 73/402 kB | 63/105 kB | 16/454 kB
Progress (3): 73/402 kB | 63/105 kB | 17/454 kB
Progress (3): 73/402 kB | 63/105 kB | 19/454 kB
Progress (3): 73/402 kB | 63/105 kB | 20/454 kB
Progress (3): 73/402 kB | 63/105 kB | 21/454 kB
Progress (3): 73/402 kB | 63/105 kB | 23/454 kB
Progress (3): 73/402 kB | 63/105 kB | 24/454 kB
Progress (3): 73/402 kB | 63/105 kB | 26/454 kB
Progress (3): 73/402 kB | 63/105 kB | 27/454 kB
Progress (3): 73/402 kB | 63/105 kB | 28/454 kB
Progress (3): 73/402 kB | 63/105 kB | 30/454 kB
Progress (3): 73/402 kB | 63/105 kB | 31/454 kB
Progress (3): 73/402 kB | 63/105 kB | 32/454 kB
Progress (3): 73/402 kB | 63/105 kB | 34/454 kB
Progress (3): 73/402 kB | 63/105 kB | 35/454 kB
Progress (3): 73/402 kB | 63/105 kB | 36/454 kB
Progress (3): 73/402 kB | 63/105 kB | 38/454 kB
Progress (3): 73/402 kB | 63/105 kB | 39/454 kB
Progress (3): 73/402 kB | 63/105 kB | 41/454 kB
Progress (3): 73/402 kB | 63/105 kB | 42/454 kB
Progress (3): 73/402 kB | 63/105 kB | 43/454 kB
Progress (3): 73/402 kB | 63/105 kB | 45/454 kB
Progress (3): 73/402 kB | 63/105 kB | 46/454 kB
Progress (3): 73/402 kB | 63/105 kB | 47/454 kB
Progress (3): 73/402 kB | 63/105 kB | 49/454 kB
Progress (3): 73/402 kB | 63/105 kB | 50/454 kB
Progress (3): 73/402 kB | 63/105 kB | 52/454 kB
Progress (3): 73/402 kB | 63/105 kB | 53/454 kB
Progress (3): 73/402 kB | 63/105 kB | 54/454 kB
Progress (3): 73/402 kB | 63/105 kB | 56/454 kB
Progress (3): 73/402 kB | 63/105 kB | 60/454 kB
Progress (4): 73/402 kB | 63/105 kB | 60/454 kB | 0.9/709 kB
Progress (4): 73/402 kB | 63/105 kB | 60/454 kB | 2.3/709 kB
Progress (4): 73/402 kB | 63/105 kB | 60/454 kB | 3.7/709 kB
Progress (4): 73/402 kB | 63/105 kB | 60/454 kB | 5.0/709 kB
Progress (4): 73/402 kB | 63/105 kB | 60/454 kB | 6.4/709 kB
Progress (4): 73/402 kB | 63/105 kB | 60/454 kB | 7.8/709 kB
Progress (4): 73/402 kB | 63/105 kB | 60/454 kB | 9.1/709 kB
Progress (4): 73/402 kB | 63/105 kB | 60/454 kB | 11/709 kB 
Progress (4): 73/402 kB | 63/105 kB | 60/454 kB | 12/709 kB
Progress (4): 73/402 kB | 63/105 kB | 60/454 kB | 13/709 kB
Progress (4): 73/402 kB | 63/105 kB | 60/454 kB | 15/709 kB
Progress (4): 73/402 kB | 63/105 kB | 60/454 kB | 16/709 kB
Progress (4): 73/402 kB | 63/105 kB | 60/454 kB | 17/709 kB
Progress (4): 73/402 kB | 63/105 kB | 60/454 kB | 19/709 kB
Progress (4): 73/402 kB | 63/105 kB | 60/454 kB | 20/709 kB
Progress (4): 73/402 kB | 63/105 kB | 60/454 kB | 21/709 kB
Progress (4): 73/402 kB | 63/105 kB | 60/454 kB | 23/709 kB
Progress (4): 73/402 kB | 63/105 kB | 60/454 kB | 24/709 kB
Progress (4): 73/402 kB | 63/105 kB | 60/454 kB | 26/709 kB
Progress (4): 73/402 kB | 63/105 kB | 60/454 kB | 27/709 kB
Progress (4): 73/402 kB | 63/105 kB | 60/454 kB | 28/709 kB
Progress (4): 73/402 kB | 63/105 kB | 60/454 kB | 30/709 kB
Progress (4): 77/402 kB | 63/105 kB | 60/454 kB | 30/709 kB
Progress (4): 77/402 kB | 63/105 kB | 60/454 kB | 31/709 kB
Progress (4): 77/402 kB | 63/105 kB | 60/454 kB | 32/709 kB
Progress (4): 77/402 kB | 63/105 kB | 60/454 kB | 33/709 kB
Progress (4): 81/402 kB | 63/105 kB | 60/454 kB | 33/709 kB
Progress (4): 81/402 kB | 63/105 kB | 60/454 kB | 34/709 kB
Progress (4): 81/402 kB | 63/105 kB | 60/454 kB | 36/709 kB
Progress (4): 81/402 kB | 63/105 kB | 60/454 kB | 37/709 kB
Progress (4): 85/402 kB | 63/105 kB | 60/454 kB | 37/709 kB
Progress (4): 85/402 kB | 63/105 kB | 60/454 kB | 38/709 kB
Progress (4): 85/402 kB | 63/105 kB | 60/454 kB | 40/709 kB
Progress (4): 90/402 kB | 63/105 kB | 60/454 kB | 40/709 kB
Progress (4): 90/402 kB | 63/105 kB | 60/454 kB | 41/709 kB
Progress (4): 94/402 kB | 63/105 kB | 60/454 kB | 41/709 kB
Progress (4): 94/402 kB | 63/105 kB | 60/454 kB | 42/709 kB
Progress (4): 94/402 kB | 63/105 kB | 60/454 kB | 44/709 kB
Progress (4): 94/402 kB | 63/105 kB | 60/454 kB | 45/709 kB
Progress (4): 94/402 kB | 63/105 kB | 60/454 kB | 46/709 kB
Progress (4): 94/402 kB | 63/105 kB | 60/454 kB | 48/709 kB
Progress (4): 98/402 kB | 63/105 kB | 60/454 kB | 48/709 kB
Progress (4): 98/402 kB | 63/105 kB | 60/454 kB | 49/709 kB
Progress (4): 102/402 kB | 63/105 kB | 60/454 kB | 49/709 kB
Progress (4): 102/402 kB | 63/105 kB | 60/454 kB | 51/709 kB
Progress (4): 102/402 kB | 63/105 kB | 60/454 kB | 52/709 kB
Progress (4): 106/402 kB | 63/105 kB | 60/454 kB | 52/709 kB
Progress (4): 106/402 kB | 63/105 kB | 60/454 kB | 53/709 kB
Progress (4): 106/402 kB | 63/105 kB | 60/454 kB | 55/709 kB
Progress (4): 106/402 kB | 63/105 kB | 60/454 kB | 59/709 kB
Progress (4): 106/402 kB | 63/105 kB | 60/454 kB | 63/709 kB
Progress (4): 106/402 kB | 66/105 kB | 60/454 kB | 63/709 kB
Progress (4): 111/402 kB | 66/105 kB | 60/454 kB | 63/709 kB
Progress (4): 111/402 kB | 70/105 kB | 60/454 kB | 63/709 kB
Progress (4): 115/402 kB | 70/105 kB | 60/454 kB | 63/709 kB
Progress (4): 115/402 kB | 74/105 kB | 60/454 kB | 63/709 kB
Progress (4): 115/402 kB | 78/105 kB | 60/454 kB | 63/709 kB
Progress (4): 115/402 kB | 82/105 kB | 60/454 kB | 63/709 kB
Progress (4): 119/402 kB | 82/105 kB | 60/454 kB | 63/709 kB
Progress (4): 119/402 kB | 87/105 kB | 60/454 kB | 63/709 kB
Progress (4): 123/402 kB | 87/105 kB | 60/454 kB | 63/709 kB
Progress (4): 123/402 kB | 91/105 kB | 60/454 kB | 63/709 kB
Progress (4): 128/402 kB | 91/105 kB | 60/454 kB | 63/709 kB
Progress (4): 128/402 kB | 95/105 kB | 60/454 kB | 63/709 kB
Progress (4): 128/402 kB | 99/105 kB | 60/454 kB | 63/709 kB
Progress (4): 128/402 kB | 104/105 kB | 60/454 kB | 63/709 kB
Progress (4): 128/402 kB | 105 kB | 60/454 kB | 63/709 kB    
Progress (4): 132/402 kB | 105 kB | 60/454 kB | 63/709 kB
Progress (4): 136/402 kB | 105 kB | 60/454 kB | 63/709 kB
Progress (4): 136/402 kB | 105 kB | 64/454 kB | 63/709 kB
Progress (4): 136/402 kB | 105 kB | 68/454 kB | 63/709 kB
Progress (4): 136/402 kB | 105 kB | 73/454 kB | 63/709 kB
Progress (4): 136/402 kB | 105 kB | 77/454 kB | 63/709 kB
Progress (5): 136/402 kB | 105 kB | 77/454 kB | 63/709 kB | 7.7/259 kB
Progress (5): 136/402 kB | 105 kB | 81/454 kB | 63/709 kB | 7.7/259 kB
Progress (5): 136/402 kB | 105 kB | 85/454 kB | 63/709 kB | 7.7/259 kB
Progress (5): 136/402 kB | 105 kB | 85/454 kB | 63/709 kB | 16/259 kB 
Progress (5): 136/402 kB | 105 kB | 89/454 kB | 63/709 kB | 16/259 kB
Progress (5): 136/402 kB | 105 kB | 89/454 kB | 63/709 kB | 25/259 kB
Progress (5): 136/402 kB | 105 kB | 94/454 kB | 63/709 kB | 25/259 kB
Progress (5): 136/402 kB | 105 kB | 98/454 kB | 63/709 kB | 25/259 kB
Progress (5): 136/402 kB | 105 kB | 98/454 kB | 63/709 kB | 41/259 kB
Progress (5): 136/402 kB | 105 kB | 102/454 kB | 63/709 kB | 41/259 kB
Progress (5): 136/402 kB | 105 kB | 106/454 kB | 63/709 kB | 41/259 kB
Progress (5): 136/402 kB | 105 kB | 106/454 kB | 63/709 kB | 57/259 kB
Progress (5): 136/402 kB | 105 kB | 106/454 kB | 63/709 kB | 74/259 kB
Progress (5): 136/402 kB | 105 kB | 106/454 kB | 66/709 kB | 74/259 kB
Progress (5): 136/402 kB | 105 kB | 106/454 kB | 66/709 kB | 90/259 kB
Progress (5): 136/402 kB | 105 kB | 111/454 kB | 66/709 kB | 90/259 kB
Progress (5): 136/402 kB | 105 kB | 111/454 kB | 70/709 kB | 90/259 kB
Progress (5): 136/402 kB | 105 kB | 111/454 kB | 74/709 kB | 90/259 kB
Progress (5): 136/402 kB | 105 kB | 111/454 kB | 74/709 kB | 106/259 kB
Progress (5): 136/402 kB | 105 kB | 115/454 kB | 74/709 kB | 106/259 kB
Progress (5): 136/402 kB | 105 kB | 115/454 kB | 78/709 kB | 106/259 kB
Progress (5): 136/402 kB | 105 kB | 119/454 kB | 78/709 kB | 106/259 kB
Progress (5): 140/402 kB | 105 kB | 119/454 kB | 78/709 kB | 106/259 kB
Progress (5): 140/402 kB | 105 kB | 119/454 kB | 82/709 kB | 106/259 kB
Progress (5): 140/402 kB | 105 kB | 119/454 kB | 82/709 kB | 123/259 kB
Progress (5): 144/402 kB | 105 kB | 119/454 kB | 82/709 kB | 123/259 kB
Progress (5): 144/402 kB | 105 kB | 119/454 kB | 82/709 kB | 131/259 kB
Progress (5): 149/402 kB | 105 kB | 119/454 kB | 82/709 kB | 131/259 kB
Progress (5): 149/402 kB | 105 kB | 123/454 kB | 82/709 kB | 131/259 kB
Progress (5): 149/402 kB | 105 kB | 128/454 kB | 82/709 kB | 131/259 kB
Progress (5): 149/402 kB | 105 kB | 128/454 kB | 82/709 kB | 147/259 kB
Progress (5): 153/402 kB | 105 kB | 128/454 kB | 82/709 kB | 147/259 kB
Progress (5): 153/402 kB | 105 kB | 128/454 kB | 87/709 kB | 147/259 kB
Progress (5): 153/402 kB | 105 kB | 128/454 kB | 87/709 kB | 164/259 kB
Progress (5): 153/402 kB | 105 kB | 132/454 kB | 87/709 kB | 164/259 kB
Progress (5): 157/402 kB | 105 kB | 132/454 kB | 87/709 kB | 164/259 kB
Progress (5): 157/402 kB | 105 kB | 132/454 kB | 91/709 kB | 164/259 kB
Progress (5): 161/402 kB | 105 kB | 132/454 kB | 91/709 kB | 164/259 kB
Progress (5): 161/402 kB | 105 kB | 132/454 kB | 91/709 kB | 180/259 kB
Progress (5): 161/402 kB | 105 kB | 132/454 kB | 95/709 kB | 180/259 kB
Progress (5): 166/402 kB | 105 kB | 132/454 kB | 95/709 kB | 180/259 kB
Progress (5): 166/402 kB | 105 kB | 136/454 kB | 95/709 kB | 180/259 kB
Progress (5): 166/402 kB | 105 kB | 136/454 kB | 99/709 kB | 180/259 kB
Progress (5): 170/402 kB | 105 kB | 136/454 kB | 99/709 kB | 180/259 kB
Progress (5): 170/402 kB | 105 kB | 136/454 kB | 104/709 kB | 180/259 kB
Progress (5): 170/402 kB | 105 kB | 140/454 kB | 104/709 kB | 180/259 kB
Progress (5): 174/402 kB | 105 kB | 140/454 kB | 104/709 kB | 180/259 kB
Progress (5): 174/402 kB | 105 kB | 140/454 kB | 108/709 kB | 180/259 kB
Progress (5): 174/402 kB | 105 kB | 140/454 kB | 108/709 kB | 197/259 kB
Progress (5): 174/402 kB | 105 kB | 140/454 kB | 108/709 kB | 213/259 kB
Progress (5): 178/402 kB | 105 kB | 140/454 kB | 108/709 kB | 213/259 kB
Progress (5): 183/402 kB | 105 kB | 140/454 kB | 108/709 kB | 213/259 kB
Progress (5): 183/402 kB | 105 kB | 144/454 kB | 108/709 kB | 213/259 kB
Progress (5): 183/402 kB | 105 kB | 144/454 kB | 112/709 kB | 213/259 kB
Progress (5): 183/402 kB | 105 kB | 144/454 kB | 112/709 kB | 229/259 kB
Progress (5): 183/402 kB | 105 kB | 144/454 kB | 116/709 kB | 229/259 kB
Progress (5): 187/402 kB | 105 kB | 144/454 kB | 116/709 kB | 229/259 kB
Progress (5): 187/402 kB | 105 kB | 144/454 kB | 121/709 kB | 229/259 kB
Progress (5): 187/402 kB | 105 kB | 149/454 kB | 121/709 kB | 229/259 kB
Progress (5): 191/402 kB | 105 kB | 149/454 kB | 121/709 kB | 229/259 kB
Progress (5): 191/402 kB | 105 kB | 149/454 kB | 121/709 kB | 246/259 kB
Progress (5): 195/402 kB | 105 kB | 149/454 kB | 121/709 kB | 246/259 kB
Progress (5): 195/402 kB | 105 kB | 153/454 kB | 121/709 kB | 246/259 kB
Progress (5): 199/402 kB | 105 kB | 153/454 kB | 121/709 kB | 246/259 kB
Progress (5): 199/402 kB | 105 kB | 153/454 kB | 121/709 kB | 259 kB    
Progress (5): 204/402 kB | 105 kB | 153/454 kB | 121/709 kB | 259 kB
Progress (5): 204/402 kB | 105 kB | 155/454 kB | 121/709 kB | 259 kB
Progress (5): 204/402 kB | 105 kB | 159/454 kB | 121/709 kB | 259 kB
Progress (5): 204/402 kB | 105 kB | 164/454 kB | 121/709 kB | 259 kB
Progress (5): 208/402 kB | 105 kB | 164/454 kB | 121/709 kB | 259 kB
Progress (5): 208/402 kB | 105 kB | 168/454 kB | 121/709 kB | 259 kB
Progress (5): 212/402 kB | 105 kB | 168/454 kB | 121/709 kB | 259 kB
Progress (5): 216/402 kB | 105 kB | 168/454 kB | 121/709 kB | 259 kB
Progress (5): 221/402 kB | 105 kB | 168/454 kB | 121/709 kB | 259 kB
Progress (5): 225/402 kB | 105 kB | 168/454 kB | 121/709 kB | 259 kB
                                                                    
Downloaded from central: https://repo1.maven.org/maven2/org/apache/directory/jdbm/apacheds-jdbm1/2.0.0-M3/apacheds-jdbm1-2.0.0-M3.jar (105 kB at 732 kB/s)
Downloading from central: https://repo1.maven.org/maven2/findbugs/annotations/1.0.0/annotations-1.0.0.jar
Progress (4): 241/402 kB | 168/454 kB | 121/709 kB | 259 kB
Progress (4): 258/402 kB | 168/454 kB | 121/709 kB | 259 kB
Progress (4): 258/402 kB | 172/454 kB | 121/709 kB | 259 kB
Progress (4): 258/402 kB | 176/454 kB | 121/709 kB | 259 kB
Progress (4): 258/402 kB | 181/454 kB | 121/709 kB | 259 kB
Progress (4): 258/402 kB | 185/454 kB | 121/709 kB | 259 kB
Progress (4): 258/402 kB | 189/454 kB | 121/709 kB | 259 kB
Progress (4): 258/402 kB | 193/454 kB | 121/709 kB | 259 kB
Progress (4): 258/402 kB | 193/454 kB | 125/709 kB | 259 kB
Progress (4): 258/402 kB | 198/454 kB | 125/709 kB | 259 kB
Progress (4): 258/402 kB | 198/454 kB | 129/709 kB | 259 kB
Progress (4): 258/402 kB | 202/454 kB | 129/709 kB | 259 kB
Progress (4): 258/402 kB | 202/454 kB | 133/709 kB | 259 kB
Progress (4): 258/402 kB | 206/454 kB | 133/709 kB | 259 kB
Progress (4): 258/402 kB | 210/454 kB | 133/709 kB | 259 kB
Progress (4): 258/402 kB | 210/454 kB | 137/709 kB | 259 kB
Progress (4): 258/402 kB | 214/454 kB | 137/709 kB | 259 kB
Progress (4): 258/402 kB | 214/454 kB | 142/709 kB | 259 kB
Progress (4): 258/402 kB | 214/454 kB | 146/709 kB | 259 kB
Progress (4): 258/402 kB | 214/454 kB | 150/709 kB | 259 kB
Progress (4): 258/402 kB | 219/454 kB | 150/709 kB | 259 kB
Progress (4): 258/402 kB | 219/454 kB | 154/709 kB | 259 kB
Progress (4): 258/402 kB | 223/454 kB | 154/709 kB | 259 kB
Progress (4): 258/402 kB | 223/454 kB | 159/709 kB | 259 kB
Progress (4): 258/402 kB | 223/454 kB | 163/709 kB | 259 kB
Progress (4): 258/402 kB | 223/454 kB | 167/709 kB | 259 kB
Progress (4): 258/402 kB | 239/454 kB | 167/709 kB | 259 kB
Progress (4): 274/402 kB | 239/454 kB | 167/709 kB | 259 kB
Progress (4): 290/402 kB | 239/454 kB | 167/709 kB | 259 kB
Progress (4): 290/402 kB | 239/454 kB | 171/709 kB | 259 kB
Progress (4): 290/402 kB | 256/454 kB | 171/709 kB | 259 kB
Progress (4): 290/402 kB | 256/454 kB | 175/709 kB | 259 kB
Progress (4): 307/402 kB | 256/454 kB | 175/709 kB | 259 kB
Progress (4): 307/402 kB | 256/454 kB | 180/709 kB | 259 kB
Progress (4): 323/402 kB | 256/454 kB | 180/709 kB | 259 kB
Progress (4): 323/402 kB | 256/454 kB | 184/709 kB | 259 kB
Progress (4): 323/402 kB | 256/454 kB | 188/709 kB | 259 kB
Progress (4): 340/402 kB | 256/454 kB | 188/709 kB | 259 kB
Progress (4): 340/402 kB | 272/454 kB | 188/709 kB | 259 kB
Progress (4): 340/402 kB | 272/454 kB | 192/709 kB | 259 kB
Progress (4): 340/402 kB | 272/454 kB | 197/709 kB | 259 kB
Progress (4): 340/402 kB | 272/454 kB | 201/709 kB | 259 kB
Progress (4): 356/402 kB | 272/454 kB | 201/709 kB | 259 kB
Progress (4): 356/402 kB | 272/454 kB | 205/709 kB | 259 kB
Progress (4): 356/402 kB | 272/454 kB | 209/709 kB | 259 kB
Progress (4): 372/402 kB | 272/454 kB | 209/709 kB | 259 kB
Progress (4): 372/402 kB | 272/454 kB | 214/709 kB | 259 kB
Progress (4): 389/402 kB | 272/454 kB | 214/709 kB | 259 kB
                                                           
Downloaded from central: https://repo1.maven.org/maven2/org/apache/commons/commons-text/1.13.1/commons-text-1.13.1.jar (259 kB at 1.7 MB/s)
Downloading from central: https://repo1.maven.org/maven2/org/slf4j/slf4j-reload4j/1.7.36/slf4j-reload4j-1.7.36.jar
Progress (3): 389/402 kB | 272/454 kB | 218/709 kB
Progress (3): 389/402 kB | 272/454 kB | 222/709 kB
Progress (3): 389/402 kB | 286/454 kB | 222/709 kB
Progress (3): 389/402 kB | 288/454 kB | 222/709 kB
Progress (3): 402 kB | 288/454 kB | 222/709 kB    
Progress (3): 402 kB | 288/454 kB | 238/709 kB
Progress (3): 402 kB | 305/454 kB | 238/709 kB
Progress (3): 402 kB | 321/454 kB | 238/709 kB
Progress (3): 402 kB | 338/454 kB | 238/709 kB
Progress (3): 402 kB | 338/454 kB | 255/709 kB
Progress (3): 402 kB | 354/454 kB | 255/709 kB
Progress (3): 402 kB | 370/454 kB | 255/709 kB
Progress (3): 402 kB | 370/454 kB | 271/709 kB
Progress (3): 402 kB | 387/454 kB | 271/709 kB
Progress (3): 402 kB | 403/454 kB | 271/709 kB
Progress (3): 402 kB | 417/454 kB | 271/709 kB
Progress (3): 402 kB | 434/454 kB | 271/709 kB
Progress (3): 402 kB | 450/454 kB | 271/709 kB
Progress (3): 402 kB | 454 kB | 271/709 kB    
Progress (3): 402 kB | 454 kB | 288/709 kB
Progress (3): 402 kB | 454 kB | 304/709 kB
Progress (3): 402 kB | 454 kB | 320/709 kB
Progress (3): 402 kB | 454 kB | 328/709 kB
Progress (3): 402 kB | 454 kB | 344/709 kB
Progress (3): 402 kB | 454 kB | 360/709 kB
Progress (3): 402 kB | 454 kB | 377/709 kB
Progress (3): 402 kB | 454 kB | 393/709 kB
                                          
Downloaded from central: https://repo1.maven.org/maven2/commons-codec/commons-codec/1.21.0/commons-codec-1.21.0.jar (402 kB at 2.3 MB/s)
Downloading from central: https://repo1.maven.org/maven2/ch/qos/reload4j/reload4j/1.2.19/reload4j-1.2.19.jar
Progress (2): 454 kB | 410/709 kB
Progress (2): 454 kB | 426/709 kB
Progress (2): 454 kB | 442/709 kB
Progress (2): 454 kB | 459/709 kB
Progress (2): 454 kB | 475/709 kB
Progress (2): 454 kB | 492/709 kB
Progress (2): 454 kB | 508/709 kB
Progress (2): 454 kB | 524/709 kB
Progress (2): 454 kB | 541/709 kB
Progress (2): 454 kB | 557/709 kB
Progress (2): 454 kB | 573/709 kB
Progress (2): 454 kB | 590/709 kB
Progress (2): 454 kB | 606/709 kB
                                 
Downloaded from central: https://repo1.maven.org/maven2/org/apache/servicemix/bundles/org.apache.servicemix.bundles.antlr/2.7.7_5/org.apache.servicemix.bundles.antlr-2.7.7_5.jar (454 kB at 2.5 MB/s)
Downloading from central: https://repo1.maven.org/maven2/org/hamcrest/hamcrest-library/3.0/hamcrest-library-3.0.jar
Progress (1): 623/709 kB
Progress (1): 639/709 kB
Progress (1): 655/709 kB
Progress (1): 672/709 kB
Progress (1): 688/709 kB
Progress (1): 705/709 kB
Progress (1): 709 kB    
Progress (2): 709 kB | 3.8/9.8 kB
Progress (2): 709 kB | 8.0/9.8 kB
Progress (2): 709 kB | 9.8 kB    
                             
Downloaded from central: https://repo1.maven.org/maven2/org/apache/mina/mina-core/2.2.5/mina-core-2.2.5.jar (709 kB at 3.4 MB/s)
Downloading from central: https://repo1.maven.org/maven2/org/hamcrest/hamcrest-core/3.0/hamcrest-core-3.0.jar
Progress (2): 9.8 kB | 7.7/334 kB
Progress (2): 9.8 kB | 12/334 kB 
Progress (2): 9.8 kB | 29/334 kB
Progress (2): 9.8 kB | 45/334 kB
Progress (2): 9.8 kB | 61/334 kB
Progress (2): 9.8 kB | 78/334 kB
Progress (2): 9.8 kB | 94/334 kB
Progress (2): 9.8 kB | 111/334 kB
Progress (2): 9.8 kB | 127/334 kB
Progress (2): 9.8 kB | 143/334 kB
Progress (2): 9.8 kB | 160/334 kB
Progress (2): 9.8 kB | 176/334 kB
Progress (2): 9.8 kB | 193/334 kB
                                 
Downloaded from central: https://repo1.maven.org/maven2/org/slf4j/slf4j-reload4j/1.7.36/slf4j-reload4j-1.7.36.jar (9.8 kB at 46 kB/s)
Downloading from central: https://repo1.maven.org/maven2/org/hamcrest/hamcrest/3.0/hamcrest-3.0.jar
Progress (1): 209/334 kB
Progress (1): 225/334 kB
Progress (1): 242/334 kB
Progress (1): 258/334 kB
Progress (1): 274/334 kB
Progress (1): 291/334 kB
Progress (1): 307/334 kB
Progress (1): 324/334 kB
Progress (1): 334 kB    
Progress (2): 334 kB | 2.4 kB
                             
Downloaded from central: https://repo1.maven.org/maven2/org/hamcrest/hamcrest-library/3.0/hamcrest-library-3.0.jar (2.4 kB at 10 kB/s)
Downloaded from central: https://repo1.maven.org/maven2/ch/qos/reload4j/reload4j/1.2.19/reload4j-1.2.19.jar (334 kB at 1.4 MB/s)
Progress (1): 2.4 kB
                    
Downloaded from central: https://repo1.maven.org/maven2/org/hamcrest/hamcrest-core/3.0/hamcrest-core-3.0.jar (2.4 kB at 9.5 kB/s)
Progress (1): 7.7/126 kB
Progress (1): 16/126 kB 
Progress (1): 28/126 kB
Progress (1): 44/126 kB
Progress (1): 61/126 kB
Progress (1): 77/126 kB
Progress (1): 94/126 kB
Progress (1): 110/126 kB
Progress (1): 126/126 kB
Progress (1): 126 kB    
                    
Downloaded from central: https://repo1.maven.org/maven2/org/hamcrest/hamcrest/3.0/hamcrest-3.0.jar (126 kB at 460 kB/s)
Progress (1): 7.8/27 kB
Progress (1): 8.2/27 kB
Progress (1): 13/27 kB 
Progress (1): 27 kB   
                   
Downloaded from central: https://repo1.maven.org/maven2/findbugs/annotations/1.0.0/annotations-1.0.0.jar (27 kB at 67 kB/s)
[INFO] 
[INFO] --- enforcer:3.5.0:enforce (enforce-maven-version) @ apacheds-xdbm-partition ---
[INFO] Rule 0: org.apache.maven.enforcer.rules.version.RequireMavenVersion passed
[INFO] 
[INFO] --- enforcer:3.5.0:enforce (enforce-java-version) @ apacheds-xdbm-partition ---
[INFO] Rule 0: org.apache.maven.enforcer.rules.version.RequireJavaVersion passed
[INFO] 
[INFO] --- remote-resources:3.3.0:process (process-resource-bundles) @ apacheds-xdbm-partition ---
Downloading from central: https://repo1.maven.org/maven2/org/apache/maven/maven-archiver/3.6.3/maven-archiver-3.6.3.pom
Progress (1): 805 B
Progress (1): 2.3 kB
Progress (1): 4.2 kB
                    
Downloaded from central: https://repo1.maven.org/maven2/org/apache/maven/maven-archiver/3.6.3/maven-archiver-3.6.3.pom (4.2 kB at 58 kB/s)
Downloading from central: https://repo1.maven.org/maven2/org/apache/maven/shared/maven-shared-components/43/maven-shared-components-43.pom
Progress (1): 811 B
Progress (1): 2.3 kB
Progress (1): 3.8 kB
                    
Downloaded from central: https://repo1.maven.org/maven2/org/apache/maven/shared/maven-shared-components/43/maven-shared-components-43.pom (3.8 kB at 80 kB/s)
Downloading from central: https://repo1.maven.org/maven2/org/codehaus/plexus/plexus-archiver/4.10.0/plexus-archiver-4.10.0.pom
Progress (1): 1.2 kB
Progress (1): 4.1 kB
Progress (1): 5.8 kB
                    
Downloaded from central: https://repo1.maven.org/maven2/org/codehaus/plexus/plexus-archiver/4.10.0/plexus-archiver-4.10.0.pom (5.8 kB at 102 kB/s)
Downloading from central: https://repo1.maven.org/maven2/org/codehaus/plexus/plexus-io/3.5.0/plexus-io-3.5.0.pom
Progress (1): 1.2 kB
Progress (1): 4.1 kB
Progress (1): 4.3 kB
                    
Downloaded from central: https://repo1.maven.org/maven2/org/codehaus/plexus/plexus-io/3.5.0/plexus-io-3.5.0.pom (4.3 kB at 84 kB/s)
Downloading from central: https://repo1.maven.org/maven2/org/apache/commons/commons-compress/1.26.2/commons-compress-1.26.2.pom
Progress (1): 758 B
Progress (1): 1.9 kB
Progress (1): 3.7 kB
Progress (1): 5.4 kB
Progress (1): 9.3 kB
Progress (1): 12 kB 
Progress (1): 15 kB
Progress (1): 18 kB
Progress (1): 21 kB
Progress (1): 23 kB
                   
Downloaded from central: https://repo1.maven.org/maven2/org/apache/commons/commons-compress/1.26.2/commons-compress-1.26.2.pom (23 kB at 396 kB/s)
Downloading from central: https://repo1.maven.org/maven2/org/apache/commons/commons-lang3/3.17.0/commons-lang3-3.17.0.pom
Progress (1): 742 B
Progress (1): 1.8 kB
Progress (1): 4.1 kB
Progress (1): 5.8 kB
Progress (1): 7.6 kB
Progress (1): 10.0 kB
Progress (1): 13 kB  
Progress (1): 17 kB
Progress (1): 20 kB
Progress (1): 22 kB
Progress (1): 26 kB
Progress (1): 29 kB
Progress (1): 31 kB
                   
Downloaded from central: https://repo1.maven.org/maven2/org/apache/commons/commons-lang3/3.17.0/commons-lang3-3.17.0.pom (31 kB at 568 kB/s)
Downloading from central: https://repo1.maven.org/maven2/org/apache/commons/commons-parent/73/commons-parent-73.pom
Progress (1): 705 B
Progress (1): 1.9 kB
Progress (1): 3.2 kB
Progress (1): 4.6 kB
Progress (1): 6.8 kB
Progress (1): 8.4 kB
Progress (1): 11 kB 
Progress (1): 13 kB
Progress (1): 15 kB
Progress (1): 17 kB
Progress (1): 20 kB
Progress (1): 22 kB
Progress (1): 25 kB
Progress (1): 28 kB
Progress (1): 32 kB
Progress (1): 32 kB
Progress (1): 36 kB
Progress (1): 40 kB
Progress (1): 44 kB
Progress (1): 46 kB
Progress (1): 49 kB
Progress (1): 51 kB
Progress (1): 55 kB
Progress (1): 57 kB
Progress (1): 60 kB
Progress (1): 63 kB
Progress (1): 68 kB
Progress (1): 70 kB
Progress (1): 73 kB
Progress (1): 75 kB
Progress (1): 78 kB
                   
Downloaded from central: https://repo1.maven.org/maven2/org/apache/commons/commons-parent/73/commons-parent-73.pom (78 kB at 1.2 MB/s)
Downloading from central: https://repo1.maven.org/maven2/io/airlift/aircompressor/0.27/aircompressor-0.27.pom
Progress (1): 1.3 kB
Progress (1): 3.9 kB
Progress (1): 5.8 kB
                    
Downloaded from central: https://repo1.maven.org/maven2/io/airlift/aircompressor/0.27/aircompressor-0.27.pom (5.8 kB at 107 kB/s)
Downloading from central: https://repo1.maven.org/maven2/io/airlift/airbase/112/airbase-112.pom
Progress (1): 1.1 kB
Progress (1): 3.3 kB
Progress (1): 5.2 kB
Progress (1): 8.1 kB
Progress (1): 10 kB 
Progress (1): 14 kB
Progress (1): 17 kB
Progress (1): 21 kB
Progress (1): 24 kB
Progress (1): 28 kB
Progress (1): 33 kB
Progress (1): 38 kB
Progress (1): 41 kB
Progress (1): 49 kB
Progress (1): 55 kB
Progress (1): 56 kB
Progress (1): 62 kB
Progress (1): 66 kB
Progress (1): 69 kB
                   
Downloaded from central: https://repo1.maven.org/maven2/io/airlift/airbase/112/airbase-112.pom (69 kB at 1.2 MB/s)
Downloading from central: https://repo1.maven.org/maven2/org/junit/junit-bom/5.8.0-M1/junit-bom-5.8.0-M1.pom
Progress (1): 909 B
Progress (1): 4.1 kB
Progress (1): 5.7 kB
                    
Downloaded from central: https://repo1.maven.org/maven2/org/junit/junit-bom/5.8.0-M1/junit-bom-5.8.0-M1.pom (5.7 kB at 109 kB/s)
Downloading from central: https://repo1.maven.org/maven2/com/github/luben/zstd-jni/1.5.6-3/zstd-jni-1.5.6-3.pom
Progress (1): 1.1 kB
Progress (1): 2.0 kB
                    
Downloaded from central: https://repo1.maven.org/maven2/com/github/luben/zstd-jni/1.5.6-3/zstd-jni-1.5.6-3.pom (2.0 kB at 38 kB/s)
Downloading from central: https://repo1.maven.org/maven2/org/codehaus/plexus/plexus-interpolation/1.27/plexus-interpolation-1.27.pom
Progress (1): 1.3 kB
Progress (1): 3.0 kB
                    
Downloaded from central: https://repo1.maven.org/maven2/org/codehaus/plexus/plexus-interpolation/1.27/plexus-interpolation-1.27.pom (3.0 kB at 64 kB/s)
Downloading from central: https://repo1.maven.org/maven2/org/apache/maven/shared/maven-filtering/3.4.0/maven-filtering-3.4.0.pom
Progress (1): 787 B
Progress (1): 2.2 kB
Progress (1): 4.7 kB
Progress (1): 6.5 kB
                    
Downloaded from central: https://repo1.maven.org/maven2/org/apache/maven/shared/maven-filtering/3.4.0/maven-filtering-3.4.0.pom (6.5 kB at 118 kB/s)
Downloading from central: https://repo1.maven.org/maven2/org/codehaus/plexus/plexus-resources/1.3.0/plexus-resources-1.3.0.pom
Progress (1): 1.2 kB
Progress (1): 3.8 kB
Progress (1): 4.0 kB
                    
Downloaded from central: https://repo1.maven.org/maven2/org/codehaus/plexus/plexus-resources/1.3.0/plexus-resources-1.3.0.pom (4.0 kB at 84 kB/s)
Downloading from central: https://repo1.maven.org/maven2/org/apache/velocity/velocity-engine-core/2.4.1/velocity-engine-core-2.4.1.pom
Progress (1): 797 B
Progress (1): 2.2 kB
Progress (1): 5.1 kB
Progress (1): 9.3 kB
Progress (1): 12 kB 
                   
Downloaded from central: https://repo1.maven.org/maven2/org/apache/velocity/velocity-engine-core/2.4.1/velocity-engine-core-2.4.1.pom (12 kB at 171 kB/s)
Downloading from central: https://repo1.maven.org/maven2/org/apache/velocity/velocity-engine-parent/2.4.1/velocity-engine-parent-2.4.1.pom
Progress (1): 806 B
Progress (1): 2.6 kB
Progress (1): 5.1 kB
Progress (1): 7.7 kB
Progress (1): 9.5 kB
                    
Downloaded from central: https://repo1.maven.org/maven2/org/apache/velocity/velocity-engine-parent/2.4.1/velocity-engine-parent-2.4.1.pom (9.5 kB at 170 kB/s)
Downloading from central: https://repo1.maven.org/maven2/org/apache/velocity/velocity-master/7/velocity-master-7.pom
Progress (1): 812 B
Progress (1): 2.2 kB
Progress (1): 5.3 kB
Progress (1): 7.9 kB
                    
Downloaded from central: https://repo1.maven.org/maven2/org/apache/velocity/velocity-master/7/velocity-master-7.pom (7.9 kB at 137 kB/s)
Downloading from central: https://repo1.maven.org/maven2/org/apache/maven/maven-archiver/3.6.3/maven-archiver-3.6.3.jar
Downloading from central: https://repo1.maven.org/maven2/org/codehaus/plexus/plexus-archiver/4.10.0/plexus-archiver-4.10.0.jar
Downloading from central: https://repo1.maven.org/maven2/org/codehaus/plexus/plexus-io/3.5.0/plexus-io-3.5.0.jar
Downloading from central: https://repo1.maven.org/maven2/org/apache/commons/commons-compress/1.26.2/commons-compress-1.26.2.jar
Downloading from central: https://repo1.maven.org/maven2/io/airlift/aircompressor/0.27/aircompressor-0.27.jar
Progress (1): 7.7/225 kB
Progress (1): 16/225 kB 
Progress (1): 32/225 kB
Progress (1): 49/225 kB
Progress (1): 65/225 kB
Progress (1): 81/225 kB
Progress (1): 98/225 kB
Progress (1): 114/225 kB
Progress (1): 131/225 kB
Progress (1): 147/225 kB
Progress (1): 163/225 kB
Progress (1): 180/225 kB
Progress (1): 196/225 kB
Progress (2): 196/225 kB | 7.7/255 kB
Progress (2): 213/225 kB | 7.7/255 kB
Progress (2): 225 kB | 7.7/255 kB    
Progress (2): 225 kB | 12/255 kB 
Progress (2): 225 kB | 29/255 kB
Progress (2): 225 kB | 45/255 kB
Progress (2): 225 kB | 61/255 kB
Progress (2): 225 kB | 78/255 kB
Progress (2): 225 kB | 94/255 kB
Progress (2): 225 kB | 111/255 kB
Progress (2): 225 kB | 127/255 kB
Progress (2): 225 kB | 131/255 kB
Progress (2): 225 kB | 147/255 kB
Progress (2): 225 kB | 164/255 kB
Progress (3): 225 kB | 164/255 kB | 0/1.1 MB
Progress (3): 225 kB | 180/255 kB | 0/1.1 MB
Progress (3): 225 kB | 197/255 kB | 0/1.1 MB
Progress (4): 225 kB | 197/255 kB | 0/1.1 MB | 7.7/79 kB
Progress (4): 225 kB | 213/255 kB | 0/1.1 MB | 7.7/79 kB
Progress (4): 225 kB | 213/255 kB | 0/1.1 MB | 12/79 kB 
Progress (4): 225 kB | 229/255 kB | 0/1.1 MB | 12/79 kB
Progress (4): 225 kB | 229/255 kB | 0/1.1 MB | 12/79 kB
Progress (4): 225 kB | 246/255 kB | 0/1.1 MB | 12/79 kB
Progress (4): 225 kB | 246/255 kB | 0/1.1 MB | 28/79 kB
Progress (4): 225 kB | 255 kB | 0/1.1 MB | 28/79 kB    
Progress (4): 225 kB | 255 kB | 0/1.1 MB | 28/79 kB
Progress (4): 225 kB | 255 kB | 0/1.1 MB | 44/79 kB
Progress (4): 225 kB | 255 kB | 0/1.1 MB | 44/79 kB
Progress (4): 225 kB | 255 kB | 0/1.1 MB | 61/79 kB
Progress (4): 225 kB | 255 kB | 0.1/1.1 MB | 61/79 kB
Progress (4): 225 kB | 255 kB | 0.1/1.1 MB | 77/79 kB
Progress (4): 225 kB | 255 kB | 0.1/1.1 MB | 77/79 kB
Progress (4): 225 kB | 255 kB | 0.1/1.1 MB | 79 kB   
Progress (4): 225 kB | 255 kB | 0.1/1.1 MB | 79 kB
Progress (4): 225 kB | 255 kB | 0.1/1.1 MB | 79 kB
Progress (4): 225 kB | 255 kB | 0.1/1.1 MB | 79 kB
Progress (4): 225 kB | 255 kB | 0.1/1.1 MB | 79 kB
Progress (4): 225 kB | 255 kB | 0.2/1.1 MB | 79 kB
Progress (4): 225 kB | 255 kB | 0.2/1.1 MB | 79 kB
Progress (4): 225 kB | 255 kB | 0.2/1.1 MB | 79 kB
Progress (4): 225 kB | 255 kB | 0.2/1.1 MB | 79 kB
Progress (4): 225 kB | 255 kB | 0.2/1.1 MB | 79 kB
Progress (4): 225 kB | 255 kB | 0.2/1.1 MB | 79 kB
Progress (4): 225 kB | 255 kB | 0.3/1.1 MB | 79 kB
Progress (4): 225 kB | 255 kB | 0.3/1.1 MB | 79 kB
Progress (4): 225 kB | 255 kB | 0.3/1.1 MB | 79 kB
Progress (5): 225 kB | 255 kB | 0.3/1.1 MB | 79 kB | 3.8/27 kB
Progress (5): 225 kB | 255 kB | 0.3/1.1 MB | 79 kB | 8.0/27 kB
Progress (5): 225 kB | 255 kB | 0.3/1.1 MB | 79 kB | 12/27 kB 
Progress (5): 225 kB | 255 kB | 0.3/1.1 MB | 79 kB | 12/27 kB
Progress (5): 225 kB | 255 kB | 0.3/1.1 MB | 79 kB | 12/27 kB
Progress (5): 225 kB | 255 kB | 0.3/1.1 MB | 79 kB | 17/27 kB
Progress (5): 225 kB | 255 kB | 0.3/1.1 MB | 79 kB | 21/27 kB
Progress (5): 225 kB | 255 kB | 0.3/1.1 MB | 79 kB | 25/27 kB
Progress (5): 225 kB | 255 kB | 0.3/1.1 MB | 79 kB | 25/27 kB
Progress (5): 225 kB | 255 kB | 0.3/1.1 MB | 79 kB | 27 kB   
Progress (5): 225 kB | 255 kB | 0.3/1.1 MB | 79 kB | 27 kB
Progress (5): 225 kB | 255 kB | 0.4/1.1 MB | 79 kB | 27 kB
Progress (5): 225 kB | 255 kB | 0.4/1.1 MB | 79 kB | 27 kB
Progress (5): 225 kB | 255 kB | 0.4/1.1 MB | 79 kB | 27 kB
Progress (5): 225 kB | 255 kB | 0.4/1.1 MB | 79 kB | 27 kB
Progress (5): 225 kB | 255 kB | 0.4/1.1 MB | 79 kB | 27 kB
Progress (5): 225 kB | 255 kB | 0.4/1.1 MB | 79 kB | 27 kB
Progress (5): 225 kB | 255 kB | 0.5/1.1 MB | 79 kB | 27 kB
Progress (5): 225 kB | 255 kB | 0.5/1.1 MB | 79 kB | 27 kB
Progress (5): 225 kB | 255 kB | 0.5/1.1 MB | 79 kB | 27 kB
Progress (5): 225 kB | 255 kB | 0.5/1.1 MB | 79 kB | 27 kB
Progress (5): 225 kB | 255 kB | 0.5/1.1 MB | 79 kB | 27 kB
Progress (5): 225 kB | 255 kB | 0.5/1.1 MB | 79 kB | 27 kB
Progress (5): 225 kB | 255 kB | 0.6/1.1 MB | 79 kB | 27 kB
Progress (5): 225 kB | 255 kB | 0.6/1.1 MB | 79 kB | 27 kB
Progress (5): 225 kB | 255 kB | 0.6/1.1 MB | 79 kB | 27 kB
                                                          
Downloaded from central: https://repo1.maven.org/maven2/org/codehaus/plexus/plexus-archiver/4.10.0/plexus-archiver-4.10.0.jar (225 kB at 3.6 MB/s)
Downloading from central: https://repo1.maven.org/maven2/com/github/luben/zstd-jni/1.5.6-3/zstd-jni-1.5.6-3.jar
Progress (4): 255 kB | 0.6/1.1 MB | 79 kB | 27 kB
Progress (4): 255 kB | 0.6/1.1 MB | 79 kB | 27 kB
Progress (4): 255 kB | 0.6/1.1 MB | 79 kB | 27 kB
Progress (4): 255 kB | 0.7/1.1 MB | 79 kB | 27 kB
Progress (4): 255 kB | 0.7/1.1 MB | 79 kB | 27 kB
Progress (4): 255 kB | 0.7/1.1 MB | 79 kB | 27 kB
Progress (4): 255 kB | 0.7/1.1 MB | 79 kB | 27 kB
                                                 
Downloaded from central: https://repo1.maven.org/maven2/org/codehaus/plexus/plexus-io/3.5.0/plexus-io-3.5.0.jar (79 kB at 1.2 MB/s)
Downloading from central: https://repo1.maven.org/maven2/org/codehaus/plexus/plexus-interpolation/1.27/plexus-interpolation-1.27.jar
Progress (3): 255 kB | 0.7/1.1 MB | 27 kB
Progress (3): 255 kB | 0.7/1.1 MB | 27 kB
                                         
Downloaded from central: https://repo1.maven.org/maven2/io/airlift/aircompressor/0.27/aircompressor-0.27.jar (255 kB at 3.9 MB/s)
Downloading from central: https://repo1.maven.org/maven2/org/apache/maven/shared/maven-filtering/3.4.0/maven-filtering-3.4.0.jar
Progress (2): 0.8/1.1 MB | 27 kB
Progress (2): 0.8/1.1 MB | 27 kB
Progress (2): 0.8/1.1 MB | 27 kB
Progress (2): 0.8/1.1 MB | 27 kB
Progress (2): 0.8/1.1 MB | 27 kB
Progress (2): 0.8/1.1 MB | 27 kB
Progress (2): 0.9/1.1 MB | 27 kB
                                
Downloaded from central: https://repo1.maven.org/maven2/org/apache/maven/maven-archiver/3.6.3/maven-archiver-3.6.3.jar (27 kB at 371 kB/s)
Downloading from central: https://repo1.maven.org/maven2/org/apache/commons/commons-lang3/3.17.0/commons-lang3-3.17.0.jar
Progress (1): 0.9/1.1 MB
Progress (1): 0.9/1.1 MB
Progress (1): 0.9/1.1 MB
Progress (1): 0.9/1.1 MB
Progress (1): 0.9/1.1 MB
Progress (1): 0.9/1.1 MB
Progress (1): 1.0/1.1 MB
Progress (1): 1.0/1.1 MB
Progress (1): 1.0/1.1 MB
Progress (1): 1.0/1.1 MB
Progress (1): 1.0/1.1 MB
Progress (1): 1.0/1.1 MB
Progress (1): 1.1/1.1 MB
Progress (1): 1.1/1.1 MB
Progress (1): 1.1 MB    
Progress (2): 1.1 MB | 0/6.7 MB
Progress (2): 1.1 MB | 0/6.7 MB
Progress (2): 1.1 MB | 0/6.7 MB
Progress (2): 1.1 MB | 0/6.7 MB
Progress (2): 1.1 MB | 0/6.7 MB
Progress (2): 1.1 MB | 0/6.7 MB
Progress (2): 1.1 MB | 0/6.7 MB
Progress (2): 1.1 MB | 0/6.7 MB
Progress (2): 1.1 MB | 0/6.7 MB
Progress (2): 1.1 MB | 0/6.7 MB
Progress (2): 1.1 MB | 0/6.7 MB
Progress (2): 1.1 MB | 0/6.7 MB
Progress (2): 1.1 MB | 0.1/6.7 MB
Progress (2): 1.1 MB | 0.1/6.7 MB
Progress (2): 1.1 MB | 0.1/6.7 MB
Progress (2): 1.1 MB | 0.1/6.7 MB
Progress (2): 1.1 MB | 0.1/6.7 MB
Progress (2): 1.1 MB | 0.1/6.7 MB
Progress (2): 1.1 MB | 0.1/6.7 MB
Progress (3): 1.1 MB | 0.1/6.7 MB | 7.7/674 kB
                                              
Downloaded from central: https://repo1.maven.org/maven2/org/apache/commons/commons-compress/1.26.2/commons-compress-1.26.2.jar (1.1 MB at 11 MB/s)
Downloading from central: https://repo1.maven.org/maven2/org/codehaus/plexus/plexus-resources/1.3.0/plexus-resources-1.3.0.jar
Progress (2): 0.1/6.7 MB | 7.7/674 kB
Progress (2): 0.1/6.7 MB | 7.7/674 kB
Progress (2): 0.2/6.7 MB | 7.7/674 kB
Progress (2): 0.2/6.7 MB | 8.2/674 kB
Progress (2): 0.2/6.7 MB | 8.2/674 kB
Progress (2): 0.2/6.7 MB | 8.2/674 kB
Progress (2): 0.2/6.7 MB | 25/674 kB 
Progress (2): 0.2/6.7 MB | 41/674 kB
Progress (2): 0.2/6.7 MB | 57/674 kB
Progress (3): 0.2/6.7 MB | 57/674 kB | 7.7/56 kB
Progress (3): 0.2/6.7 MB | 74/674 kB | 7.7/56 kB
Progress (3): 0.2/6.7 MB | 90/674 kB | 7.7/56 kB
Progress (3): 0.2/6.7 MB | 106/674 kB | 7.7/56 kB
Progress (3): 0.2/6.7 MB | 123/674 kB | 7.7/56 kB
Progress (3): 0.2/6.7 MB | 123/674 kB | 16/56 kB 
Progress (3): 0.2/6.7 MB | 123/674 kB | 25/56 kB
Progress (3): 0.2/6.7 MB | 131/674 kB | 25/56 kB
Progress (3): 0.2/6.7 MB | 131/674 kB | 25/56 kB
Progress (3): 0.2/6.7 MB | 131/674 kB | 41/56 kB
Progress (3): 0.2/6.7 MB | 147/674 kB | 41/56 kB
Progress (3): 0.2/6.7 MB | 147/674 kB | 41/56 kB
Progress (3): 0.2/6.7 MB | 147/674 kB | 56 kB   
Progress (3): 0.2/6.7 MB | 164/674 kB | 56 kB
Progress (3): 0.2/6.7 MB | 164/674 kB | 56 kB
Progress (3): 0.2/6.7 MB | 180/674 kB | 56 kB
Progress (3): 0.3/6.7 MB | 180/674 kB | 56 kB
Progress (3): 0.3/6.7 MB | 197/674 kB | 56 kB
Progress (3): 0.3/6.7 MB | 213/674 kB | 56 kB
Progress (3): 0.3/6.7 MB | 213/674 kB | 56 kB
Progress (3): 0.3/6.7 MB | 229/674 kB | 56 kB
Progress (3): 0.3/6.7 MB | 246/674 kB | 56 kB
Progress (3): 0.3/6.7 MB | 262/674 kB | 56 kB
Progress (3): 0.3/6.7 MB | 279/674 kB | 56 kB
Progress (3): 0.3/6.7 MB | 279/674 kB | 56 kB
Progress (3): 0.3/6.7 MB | 295/674 kB | 56 kB
Progress (3): 0.3/6.7 MB | 295/674 kB | 56 kB
Progress (3): 0.3/6.7 MB | 311/674 kB | 56 kB
Progress (3): 0.3/6.7 MB | 328/674 kB | 56 kB
Progress (3): 0.3/6.7 MB | 328/674 kB | 56 kB
Progress (3): 0.3/6.7 MB | 344/674 kB | 56 kB
Progress (3): 0.3/6.7 MB | 344/674 kB | 56 kB
Progress (3): 0.3/6.7 MB | 360/674 kB | 56 kB
Progress (3): 0.3/6.7 MB | 377/674 kB | 56 kB
Progress (3): 0.4/6.7 MB | 377/674 kB | 56 kB
Progress (3): 0.4/6.7 MB | 393/674 kB | 56 kB
Progress (3): 0.4/6.7 MB | 393/674 kB | 56 kB
Progress (3): 0.4/6.7 MB | 410/674 kB | 56 kB
Progress (3): 0.4/6.7 MB | 426/674 kB | 56 kB
Progress (4): 0.4/6.7 MB | 426/674 kB | 56 kB | 7.7/86 kB
Progress (4): 0.4/6.7 MB | 426/674 kB | 56 kB | 7.7/86 kB
Progress (4): 0.4/6.7 MB | 442/674 kB | 56 kB | 7.7/86 kB
Progress (4): 0.4/6.7 MB | 442/674 kB | 56 kB | 7.7/86 kB
Progress (4): 0.4/6.7 MB | 459/674 kB | 56 kB | 7.7/86 kB
Progress (4): 0.4/6.7 MB | 459/674 kB | 56 kB | 7.7/86 kB
Progress (4): 0.4/6.7 MB | 475/674 kB | 56 kB | 7.7/86 kB
Progress (4): 0.4/6.7 MB | 475/674 kB | 56 kB | 7.7/86 kB
Progress (4): 0.4/6.7 MB | 492/674 kB | 56 kB | 7.7/86 kB
Progress (4): 0.4/6.7 MB | 492/674 kB | 56 kB | 16/86 kB 
Progress (4): 0.4/6.7 MB | 508/674 kB | 56 kB | 16/86 kB
Progress (4): 0.4/6.7 MB | 508/674 kB | 56 kB | 32/86 kB
Progress (4): 0.4/6.7 MB | 524/674 kB | 56 kB | 32/86 kB
Progress (4): 0.5/6.7 MB | 524/674 kB | 56 kB | 32/86 kB
Progress (4): 0.5/6.7 MB | 524/674 kB | 56 kB | 49/86 kB
Progress (4): 0.5/6.7 MB | 524/674 kB | 56 kB | 65/86 kB
Progress (4): 0.5/6.7 MB | 541/674 kB | 56 kB | 65/86 kB
Progress (4): 0.5/6.7 MB | 557/674 kB | 56 kB | 65/86 kB
Progress (4): 0.5/6.7 MB | 557/674 kB | 56 kB | 81/86 kB
Progress (4): 0.5/6.7 MB | 573/674 kB | 56 kB | 81/86 kB
Progress (4): 0.5/6.7 MB | 573/674 kB | 56 kB | 86 kB   
Progress (4): 0.5/6.7 MB | 590/674 kB | 56 kB | 86 kB
Progress (4): 0.5/6.7 MB | 606/674 kB | 56 kB | 86 kB
Progress (4): 0.5/6.7 MB | 623/674 kB | 56 kB | 86 kB
Progress (4): 0.5/6.7 MB | 639/674 kB | 56 kB | 86 kB
Progress (4): 0.5/6.7 MB | 655/674 kB | 56 kB | 86 kB
Progress (4): 0.5/6.7 MB | 672/674 kB | 56 kB | 86 kB
                                                     
Downloaded from central: https://repo1.maven.org/maven2/org/apache/maven/shared/maven-filtering/3.4.0/maven-filtering-3.4.0.jar (56 kB at 463 kB/s)
Downloading from central: https://repo1.maven.org/maven2/org/apache/velocity/velocity-engine-core/2.4.1/velocity-engine-core-2.4.1.jar
Progress (3): 0.5/6.7 MB | 674 kB | 86 kB
Progress (3): 0.5/6.7 MB | 674 kB | 86 kB
Progress (3): 0.5/6.7 MB | 674 kB | 86 kB
Progress (3): 0.5/6.7 MB | 674 kB | 86 kB
Progress (3): 0.5/6.7 MB | 674 kB | 86 kB
Progress (3): 0.5/6.7 MB | 674 kB | 86 kB
Progress (3): 0.6/6.7 MB | 674 kB | 86 kB
Progress (3): 0.6/6.7 MB | 674 kB | 86 kB
Progress (3): 0.6/6.7 MB | 674 kB | 86 kB
Progress (3): 0.6/6.7 MB | 674 kB | 86 kB
Progress (3): 0.6/6.7 MB | 674 kB | 86 kB
Progress (3): 0.6/6.7 MB | 674 kB | 86 kB
Progress (3): 0.7/6.7 MB | 674 kB | 86 kB
Progress (3): 0.7/6.7 MB | 674 kB | 86 kB
Progress (3): 0.7/6.7 MB | 674 kB | 86 kB
Progress (3): 0.7/6.7 MB | 674 kB | 86 kB
Progress (3): 0.7/6.7 MB | 674 kB | 86 kB
Progress (3): 0.7/6.7 MB | 674 kB | 86 kB
                                         
Downloaded from central: https://repo1.maven.org/maven2/org/codehaus/plexus/plexus-interpolation/1.27/plexus-interpolation-1.27.jar (86 kB at 666 kB/s)
Progress (2): 0.8/6.7 MB | 674 kB
Progress (2): 0.8/6.7 MB | 674 kB
Progress (2): 0.8/6.7 MB | 674 kB
Progress (2): 0.8/6.7 MB | 674 kB
Progress (2): 0.8/6.7 MB | 674 kB
Progress (2): 0.8/6.7 MB | 674 kB
Progress (2): 0.8/6.7 MB | 674 kB
Progress (2): 0.9/6.7 MB | 674 kB
Progress (2): 0.9/6.7 MB | 674 kB
Progress (2): 0.9/6.7 MB | 674 kB
Progress (2): 0.9/6.7 MB | 674 kB
Progress (2): 0.9/6.7 MB | 674 kB
Progress (2): 0.9/6.7 MB | 674 kB
Progress (2): 1.0/6.7 MB | 674 kB
Progress (2): 1.0/6.7 MB | 674 kB
Progress (2): 1.0/6.7 MB | 674 kB
Progress (2): 1.0/6.7 MB | 674 kB
Progress (2): 1.0/6.7 MB | 674 kB
Progress (2): 1.0/6.7 MB | 674 kB
Progress (2): 1.1/6.7 MB | 674 kB
Progress (2): 1.1/6.7 MB | 674 kB
Progress (2): 1.1/6.7 MB | 674 kB
Progress (2): 1.1/6.7 MB | 674 kB
Progress (2): 1.1/6.7 MB | 674 kB
Progress (2): 1.1/6.7 MB | 674 kB
                                 
Downloaded from central: https://repo1.maven.org/maven2/org/apache/commons/commons-lang3/3.17.0/commons-lang3-3.17.0.jar (674 kB at 5.0 MB/s)
Progress (1): 1.2/6.7 MB
Progress (1): 1.2/6.7 MB
Progress (1): 1.2/6.7 MB
Progress (1): 1.2/6.7 MB
Progress (1): 1.2/6.7 MB
Progress (1): 1.2/6.7 MB
Progress (2): 1.2/6.7 MB | 7.7/23 kB
Progress (2): 1.3/6.7 MB | 7.7/23 kB
Progress (2): 1.3/6.7 MB | 7.7/23 kB
Progress (2): 1.3/6.7 MB | 7.7/23 kB
Progress (2): 1.3/6.7 MB | 16/23 kB 
Progress (2): 1.3/6.7 MB | 23 kB   
Progress (2): 1.3/6.7 MB | 23 kB
Progress (2): 1.3/6.7 MB | 23 kB
Progress (2): 1.3/6.7 MB | 23 kB
Progress (2): 1.4/6.7 MB | 23 kB
Progress (2): 1.4/6.7 MB | 23 kB
Progress (2): 1.4/6.7 MB | 23 kB
Progress (2): 1.4/6.7 MB | 23 kB
Progress (2): 1.4/6.7 MB | 23 kB
Progress (2): 1.4/6.7 MB | 23 kB
Progress (2): 1.4/6.7 MB | 23 kB
Progress (2): 1.5/6.7 MB | 23 kB
Progress (2): 1.5/6.7 MB | 23 kB
Progress (2): 1.5/6.7 MB | 23 kB
Progress (2): 1.5/6.7 MB | 23 kB
Progress (2): 1.5/6.7 MB | 23 kB
Progress (2): 1.5/6.7 MB | 23 kB
Progress (2): 1.6/6.7 MB | 23 kB
Progress (2): 1.6/6.7 MB | 23 kB
Progress (2): 1.6/6.7 MB | 23 kB
Progress (2): 1.6/6.7 MB | 23 kB
Progress (2): 1.6/6.7 MB | 23 kB
Progress (2): 1.6/6.7 MB | 23 kB
Progress (2): 1.7/6.7 MB | 23 kB
Progress (2): 1.7/6.7 MB | 23 kB
Progress (2): 1.7/6.7 MB | 23 kB
Progress (2): 1.7/6.7 MB | 23 kB
Progress (2): 1.7/6.7 MB | 23 kB
Progress (2): 1.7/6.7 MB | 23 kB
Progress (2): 1.8/6.7 MB | 23 kB
                                
Downloaded from central: https://repo1.maven.org/maven2/org/codehaus/plexus/plexus-resources/1.3.0/plexus-resources-1.3.0.jar (23 kB at 148 kB/s)
Progress (1): 1.8/6.7 MB
Progress (1): 1.8/6.7 MB
Progress (1): 1.8/6.7 MB
Progress (1): 1.8/6.7 MB
Progress (1): 1.8/6.7 MB
Progress (1): 1.9/6.7 MB
Progress (1): 1.9/6.7 MB
Progress (1): 1.9/6.7 MB
Progress (1): 1.9/6.7 MB
Progress (1): 1.9/6.7 MB
Progress (1): 1.9/6.7 MB
Progress (1): 1.9/6.7 MB
Progress (1): 2.0/6.7 MB
Progress (1): 2.0/6.7 MB
Progress (1): 2.0/6.7 MB
Progress (1): 2.0/6.7 MB
Progress (2): 2.0/6.7 MB | 7.7/516 kB
Progress (2): 2.0/6.7 MB | 7.7/516 kB
Progress (2): 2.0/6.7 MB | 7.7/516 kB
Progress (2): 2.1/6.7 MB | 7.7/516 kB
Progress (2): 2.1/6.7 MB | 7.7/516 kB
Progress (2): 2.1/6.7 MB | 16/516 kB 
Progress (2): 2.1/6.7 MB | 32/516 kB
Progress (2): 2.1/6.7 MB | 32/516 kB
Progress (2): 2.1/6.7 MB | 49/516 kB
Progress (2): 2.1/6.7 MB | 57/516 kB
Progress (2): 2.1/6.7 MB | 57/516 kB
Progress (2): 2.1/6.7 MB | 74/516 kB
Progress (2): 2.1/6.7 MB | 74/516 kB
Progress (2): 2.1/6.7 MB | 90/516 kB
Progress (2): 2.1/6.7 MB | 90/516 kB
Progress (2): 2.1/6.7 MB | 106/516 kB
Progress (2): 2.2/6.7 MB | 106/516 kB
Progress (2): 2.2/6.7 MB | 123/516 kB
Progress (2): 2.2/6.7 MB | 131/516 kB
Progress (2): 2.2/6.7 MB | 131/516 kB
Progress (2): 2.2/6.7 MB | 147/516 kB
Progress (2): 2.2/6.7 MB | 147/516 kB
Progress (2): 2.2/6.7 MB | 164/516 kB
Progress (2): 2.2/6.7 MB | 164/516 kB
Progress (2): 2.2/6.7 MB | 180/516 kB
Progress (2): 2.2/6.7 MB | 180/516 kB
Progress (2): 2.2/6.7 MB | 197/516 kB
Progress (2): 2.2/6.7 MB | 197/516 kB
Progress (2): 2.2/6.7 MB | 213/516 kB
Progress (2): 2.3/6.7 MB | 213/516 kB
Progress (2): 2.3/6.7 MB | 229/516 kB
Progress (2): 2.3/6.7 MB | 246/516 kB
Progress (2): 2.3/6.7 MB | 246/516 kB
Progress (2): 2.3/6.7 MB | 262/516 kB
Progress (2): 2.3/6.7 MB | 262/516 kB
Progress (2): 2.3/6.7 MB | 279/516 kB
Progress (2): 2.3/6.7 MB | 295/516 kB
Progress (2): 2.3/6.7 MB | 295/516 kB
Progress (2): 2.3/6.7 MB | 311/516 kB
Progress (2): 2.3/6.7 MB | 311/516 kB
Progress (2): 2.3/6.7 MB | 328/516 kB
Progress (2): 2.3/6.7 MB | 344/516 kB
Progress (2): 2.3/6.7 MB | 344/516 kB
Progress (2): 2.3/6.7 MB | 360/516 kB
Progress (2): 2.4/6.7 MB | 360/516 kB
Progress (2): 2.4/6.7 MB | 377/516 kB
Progress (2): 2.4/6.7 MB | 393/516 kB
Progress (2): 2.4/6.7 MB | 393/516 kB
Progress (2): 2.4/6.7 MB | 410/516 kB
Progress (2): 2.4/6.7 MB | 426/516 kB
Progress (2): 2.4/6.7 MB | 426/516 kB
Progress (2): 2.4/6.7 MB | 442/516 kB
Progress (2): 2.4/6.7 MB | 442/516 kB
Progress (2): 2.4/6.7 MB | 459/516 kB
Progress (2): 2.4/6.7 MB | 459/516 kB
Progress (2): 2.4/6.7 MB | 459/516 kB
Progress (2): 2.4/6.7 MB | 459/516 kB
Progress (2): 2.4/6.7 MB | 475/516 kB
Progress (2): 2.5/6.7 MB | 475/516 kB
Progress (2): 2.5/6.7 MB | 492/516 kB
Progress (2): 2.5/6.7 MB | 508/516 kB
Progress (2): 2.5/6.7 MB | 508/516 kB
Progress (2): 2.5/6.7 MB | 516 kB    
Progress (2): 2.5/6.7 MB | 516 kB
Progress (2): 2.5/6.7 MB | 516 kB
Progress (2): 2.5/6.7 MB | 516 kB
Progress (2): 2.5/6.7 MB | 516 kB
Progress (2): 2.6/6.7 MB | 516 kB
Progress (2): 2.6/6.7 MB | 516 kB
Progress (2): 2.6/6.7 MB | 516 kB
Progress (2): 2.6/6.7 MB | 516 kB
Progress (2): 2.6/6.7 MB | 516 kB
Progress (2): 2.6/6.7 MB | 516 kB
Progress (2): 2.6/6.7 MB | 516 kB
Progress (2): 2.7/6.7 MB | 516 kB
Progress (2): 2.7/6.7 MB | 516 kB
Progress (2): 2.7/6.7 MB | 516 kB
Progress (2): 2.7/6.7 MB | 516 kB
Progress (2): 2.7/6.7 MB | 516 kB
Progress (2): 2.7/6.7 MB | 516 kB
Progress (2): 2.8/6.7 MB | 516 kB
Progress (2): 2.8/6.7 MB | 516 kB
Progress (2): 2.8/6.7 MB | 516 kB
Progress (2): 2.8/6.7 MB | 516 kB
Progress (2): 2.8/6.7 MB | 516 kB
Progress (2): 2.8/6.7 MB | 516 kB
Progress (2): 2.9/6.7 MB | 516 kB
Progress (2): 2.9/6.7 MB | 516 kB
Progress (2): 2.9/6.7 MB | 516 kB
Progress (2): 2.9/6.7 MB | 516 kB
Progress (2): 2.9/6.7 MB | 516 kB
Progress (2): 2.9/6.7 MB | 516 kB
Progress (2): 2.9/6.7 MB | 516 kB
Progress (2): 3.0/6.7 MB | 516 kB
Progress (2): 3.0/6.7 MB | 516 kB
Progress (2): 3.0/6.7 MB | 516 kB
Progress (2): 3.0/6.7 MB | 516 kB
Progress (2): 3.0/6.7 MB | 516 kB
Progress (2): 3.0/6.7 MB | 516 kB
Progress (2): 3.1/6.7 MB | 516 kB
Progress (2): 3.1/6.7 MB | 516 kB
Progress (2): 3.1/6.7 MB | 516 kB
Progress (2): 3.1/6.7 MB | 516 kB
Progress (2): 3.1/6.7 MB | 516 kB
Progress (2): 3.1/6.7 MB | 516 kB
                                 
Downloaded from central: https://repo1.maven.org/maven2/org/apache/velocity/velocity-engine-core/2.4.1/velocity-engine-core-2.4.1.jar (516 kB at 2.8 MB/s)
Progress (1): 3.1/6.7 MB
Progress (1): 3.2/6.7 MB
Progress (1): 3.2/6.7 MB
Progress (1): 3.2/6.7 MB
Progress (1): 3.2/6.7 MB
Progress (1): 3.2/6.7 MB
Progress (1): 3.2/6.7 MB
Progress (1): 3.3/6.7 MB
Progress (1): 3.3/6.7 MB
Progress (1): 3.3/6.7 MB
Progress (1): 3.3/6.7 MB
Progress (1): 3.3/6.7 MB
Progress (1): 3.3/6.7 MB
Progress (1): 3.4/6.7 MB
Progress (1): 3.4/6.7 MB
Progress (1): 3.4/6.7 MB
Progress (1): 3.4/6.7 MB
Progress (1): 3.4/6.7 MB
Progress (1): 3.4/6.7 MB
Progress (1): 3.5/6.7 MB
Progress (1): 3.5/6.7 MB
Progress (1): 3.5/6.7 MB
Progress (1): 3.5/6.7 MB
Progress (1): 3.5/6.7 MB
Progress (1): 3.5/6.7 MB
Progress (1): 3.6/6.7 MB
Progress (1): 3.6/6.7 MB
Progress (1): 3.6/6.7 MB
Progress (1): 3.6/6.7 MB
Progress (1): 3.6/6.7 MB
Progress (1): 3.6/6.7 MB
Progress (1): 3.7/6.7 MB
Progress (1): 3.7/6.7 MB
Progress (1): 3.7/6.7 MB
Progress (1): 3.7/6.7 MB
Progress (1): 3.7/6.7 MB
Progress (1): 3.7/6.7 MB
Progress (1): 3.8/6.7 MB
Progress (1): 3.8/6.7 MB
Progress (1): 3.8/6.7 MB
Progress (1): 3.8/6.7 MB
Progress (1): 3.8/6.7 MB
Progress (1): 3.8/6.7 MB
Progress (1): 3.9/6.7 MB
Progress (1): 3.9/6.7 MB
Progress (1): 3.9/6.7 MB
Progress (1): 3.9/6.7 MB
Progress (1): 3.9/6.7 MB
Progress (1): 3.9/6.7 MB
Progress (1): 3.9/6.7 MB
Progress (1): 4.0/6.7 MB
Progress (1): 4.0/6.7 MB
Progress (1): 4.0/6.7 MB
Progress (1): 4.0/6.7 MB
Progress (1): 4.0/6.7 MB
Progress (1): 4.0/6.7 MB
Progress (1): 4.1/6.7 MB
Progress (1): 4.1/6.7 MB
Progress (1): 4.1/6.7 MB
Progress (1): 4.1/6.7 MB
Progress (1): 4.1/6.7 MB
Progress (1): 4.1/6.7 MB
Progress (1): 4.2/6.7 MB
Progress (1): 4.2/6.7 MB
Progress (1): 4.2/6.7 MB
Progress (1): 4.2/6.7 MB
Progress (1): 4.2/6.7 MB
Progress (1): 4.2/6.7 MB
Progress (1): 4.2/6.7 MB
Progress (1): 4.3/6.7 MB
Progress (1): 4.3/6.7 MB
Progress (1): 4.3/6.7 MB
Progress (1): 4.3/6.7 MB
Progress (1): 4.3/6.7 MB
Progress (1): 4.3/6.7 MB
Progress (1): 4.4/6.7 MB
Progress (1): 4.4/6.7 MB
Progress (1): 4.4/6.7 MB
Progress (1): 4.4/6.7 MB
Progress (1): 4.4/6.7 MB
Progress (1): 4.4/6.7 MB
Progress (1): 4.5/6.7 MB
Progress (1): 4.5/6.7 MB
Progress (1): 4.5/6.7 MB
Progress (1): 4.5/6.7 MB
Progress (1): 4.5/6.7 MB
Progress (1): 4.5/6.7 MB
Progress (1): 4.6/6.7 MB
Progress (1): 4.6/6.7 MB
Progress (1): 4.6/6.7 MB
Progress (1): 4.6/6.7 MB
Progress (1): 4.6/6.7 MB
Progress (1): 4.6/6.7 MB
Progress (1): 4.7/6.7 MB
Progress (1): 4.7/6.7 MB
Progress (1): 4.7/6.7 MB
Progress (1): 4.7/6.7 MB
Progress (1): 4.7/6.7 MB
Progress (1): 4.7/6.7 MB
Progress (1): 4.8/6.7 MB
Progress (1): 4.8/6.7 MB
Progress (1): 4.8/6.7 MB
Progress (1): 4.8/6.7 MB
Progress (1): 4.8/6.7 MB
Progress (1): 4.8/6.7 MB
Progress (1): 4.9/6.7 MB
Progress (1): 4.9/6.7 MB
Progress (1): 4.9/6.7 MB
Progress (1): 4.9/6.7 MB
Progress (1): 4.9/6.7 MB
Progress (1): 4.9/6.7 MB
Progress (1): 4.9/6.7 MB
Progress (1): 5.0/6.7 MB
Progress (1): 5.0/6.7 MB
Progress (1): 5.0/6.7 MB
Progress (1): 5.0/6.7 MB
Progress (1): 5.0/6.7 MB
Progress (1): 5.0/6.7 MB
Progress (1): 5.1/6.7 MB
Progress (1): 5.1/6.7 MB
Progress (1): 5.1/6.7 MB
Progress (1): 5.1/6.7 MB
Progress (1): 5.1/6.7 MB
Progress (1): 5.1/6.7 MB
Progress (1): 5.2/6.7 MB
Progress (1): 5.2/6.7 MB
Progress (1): 5.2/6.7 MB
Progress (1): 5.2/6.7 MB
Progress (1): 5.2/6.7 MB
Progress (1): 5.2/6.7 MB
Progress (1): 5.2/6.7 MB
Progress (1): 5.3/6.7 MB
Progress (1): 5.3/6.7 MB
Progress (1): 5.3/6.7 MB
Progress (1): 5.3/6.7 MB
Progress (1): 5.3/6.7 MB
Progress (1): 5.3/6.7 MB
Progress (1): 5.4/6.7 MB
Progress (1): 5.4/6.7 MB
Progress (1): 5.4/6.7 MB
Progress (1): 5.4/6.7 MB
Progress (1): 5.4/6.7 MB
Progress (1): 5.4/6.7 MB
Progress (1): 5.5/6.7 MB
Progress (1): 5.5/6.7 MB
Progress (1): 5.5/6.7 MB
Progress (1): 5.5/6.7 MB
Progress (1): 5.5/6.7 MB
Progress (1): 5.5/6.7 MB
Progress (1): 5.6/6.7 MB
Progress (1): 5.6/6.7 MB
Progress (1): 5.6/6.7 MB
Progress (1): 5.6/6.7 MB
Progress (1): 5.6/6.7 MB
Progress (1): 5.6/6.7 MB
Progress (1): 5.7/6.7 MB
Progress (1): 5.7/6.7 MB
Progress (1): 5.7/6.7 MB
Progress (1): 5.7/6.7 MB
Progress (1): 5.7/6.7 MB
Progress (1): 5.7/6.7 MB
Progress (1): 5.8/6.7 MB
Progress (1): 5.8/6.7 MB
Progress (1): 5.8/6.7 MB
Progress (1): 5.8/6.7 MB
Progress (1): 5.8/6.7 MB
Progress (1): 5.8/6.7 MB
Progress (1): 5.9/6.7 MB
Progress (1): 5.9/6.7 MB
Progress (1): 5.9/6.7 MB
Progress (1): 5.9/6.7 MB
Progress (1): 5.9/6.7 MB
Progress (1): 5.9/6.7 MB
Progress (1): 6.0/6.7 MB
Progress (1): 6.0/6.7 MB
Progress (1): 6.0/6.7 MB
Progress (1): 6.0/6.7 MB
Progress (1): 6.0/6.7 MB
Progress (1): 6.0/6.7 MB
Progress (1): 6.0/6.7 MB
Progress (1): 6.1/6.7 MB
Progress (1): 6.1/6.7 MB
Progress (1): 6.1/6.7 MB
Progress (1): 6.1/6.7 MB
Progress (1): 6.1/6.7 MB
Progress (1): 6.1/6.7 MB
Progress (1): 6.2/6.7 MB
Progress (1): 6.2/6.7 MB
Progress (1): 6.2/6.7 MB
Progress (1): 6.2/6.7 MB
Progress (1): 6.2/6.7 MB
Progress (1): 6.2/6.7 MB
Progress (1): 6.3/6.7 MB
Progress (1): 6.3/6.7 MB
Progress (1): 6.3/6.7 MB
Progress (1): 6.3/6.7 MB
Progress (1): 6.3/6.7 MB
Progress (1): 6.3/6.7 MB
Progress (1): 6.4/6.7 MB
Progress (1): 6.4/6.7 MB
Progress (1): 6.4/6.7 MB
Progress (1): 6.4/6.7 MB
Progress (1): 6.4/6.7 MB
Progress (1): 6.4/6.7 MB
Progress (1): 6.5/6.7 MB
Progress (1): 6.5/6.7 MB
Progress (1): 6.5/6.7 MB
Progress (1): 6.5/6.7 MB
Progress (1): 6.5/6.7 MB
Progress (1): 6.5/6.7 MB
Progress (1): 6.6/6.7 MB
Progress (1): 6.6/6.7 MB
Progress (1): 6.6/6.7 MB
Progress (1): 6.6/6.7 MB
Progress (1): 6.6/6.7 MB
Progress (1): 6.6/6.7 MB
Progress (1): 6.7 MB    
                    
Downloaded from central: https://repo1.maven.org/maven2/com/github/luben/zstd-jni/1.5.6-3/zstd-jni-1.5.6-3.jar (6.7 MB at 22 MB/s)
[INFO] Preparing remote bundle org.apache.apache.resources:apache-jar-resource-bundle:1.5
Downloading from central: https://repo1.maven.org/maven2/org/apache/apache/resources/apache-jar-resource-bundle/1.5/apache-jar-resource-bundle-1.5.jar
Progress (1): 7.8/13 kB
Progress (1): 13 kB    
                   
Downloaded from central: https://repo1.maven.org/maven2/org/apache/apache/resources/apache-jar-resource-bundle/1.5/apache-jar-resource-bundle-1.5.jar (13 kB at 166 kB/s)
[INFO] Copying 3 resources from 1 bundle.
[INFO] 
[INFO] --- resources:3.3.1:resources (default-resources) @ apacheds-xdbm-partition ---
[INFO] skip non existing resourceDirectory D:\Khedma\Mr wiem\mutation-test-pipeline\target-repos\206437\xdbm-partition\src\main\resources
[INFO] Copying 3 resources from target\maven-shared-archive-resources to target\classes
[INFO] 
[INFO] --- compiler:3.13.0:compile (default-compile) @ apacheds-xdbm-partition ---
[INFO] Recompiling the module because of changed dependency.
[INFO] Compiling 69 source files with javac [debug deprecation release 8] to target\classes
[INFO] /D:/Khedma/Mr wiem/mutation-test-pipeline/target-repos/206437/xdbm-partition/src/main/java/org/apache/directory/server/core/partition/impl/btree/AbstractBTreePartition.java: Some input files use unchecked or unsafe operations.
[INFO] /D:/Khedma/Mr wiem/mutation-test-pipeline/target-repos/206437/xdbm-partition/src/main/java/org/apache/directory/server/core/partition/impl/btree/AbstractBTreePartition.java: Recompile with -Xlint:unchecked for details.
[INFO] ------------------------------------------------------------------------
[INFO] BUILD SUCCESS
[INFO] ------------------------------------------------------------------------
[INFO] Total time:  17.983 s
[INFO] Finished at: 2026-02-24T21:29:44-05:00
[INFO] ------------------------------------------------------------------------

STDERR:
