COMMAND: mvn.cmd -s D:\Khedma\Mr wiem\mutation-test-pipeline\.mvn\settings.xml -DskipTests compile

STDOUT:
[INFO] Scanning for projects...
Downloading from central: https://repo1.maven.org/maven2/io/netty/netty-bom/4.1.130.Final/netty-bom-4.1.130.Final.pom
Progress (1): 781 B
Progress (1): 2.0 kB
Progress (1): 4.9 kB
Progress (1): 15 kB 
                   
Downloaded from central: https://repo1.maven.org/maven2/io/netty/netty-bom/4.1.130.Final/netty-bom-4.1.130.Final.pom (15 kB at 50 kB/s)
[INFO] 
[INFO] -------------------< org.apache.zookeeper:zookeeper >-------------------
[INFO] Building Apache ZooKeeper - Server 3.10.0-SNAPSHOT
[INFO]   from pom.xml
[INFO] --------------------------------[ jar ]---------------------------------
Downloading from central: https://repo1.maven.org/maven2/org/codehaus/mojo/build-helper-maven-plugin/3.0.0/build-helper-maven-plugin-3.0.0.pom
Progress (1): 1.0 kB
Progress (1): 3.6 kB
Progress (1): 5.1 kB
Progress (1): 5.8 kB
                    
Downloaded from central: https://repo1.maven.org/maven2/org/codehaus/mojo/build-helper-maven-plugin/3.0.0/build-helper-maven-plugin-3.0.0.pom (5.8 kB at 44 kB/s)
Downloading from central: https://repo1.maven.org/maven2/org/codehaus/mojo/mojo-parent/40/mojo-parent-40.pom
Progress (1): 722 B
Progress (1): 1.8 kB
Progress (1): 5.0 kB
Progress (1): 7.0 kB
Progress (1): 8.2 kB
Progress (1): 12 kB 
Progress (1): 17 kB
Progress (1): 19 kB
Progress (1): 21 kB
Progress (1): 24 kB
Progress (1): 27 kB
Progress (1): 32 kB
Progress (1): 34 kB
                   
Downloaded from central: https://repo1.maven.org/maven2/org/codehaus/mojo/mojo-parent/40/mojo-parent-40.pom (34 kB at 62 kB/s)
Downloading from central: https://repo1.maven.org/maven2/org/codehaus/mojo/build-helper-maven-plugin/3.0.0/build-helper-maven-plugin-3.0.0.jar
Progress (1): 0.9/64 kB
Progress (1): 2.3/64 kB
Progress (1): 3.7/64 kB
Progress (1): 5.0/64 kB
Progress (1): 6.4/64 kB
Progress (1): 7.8/64 kB
Progress (1): 9.1/64 kB
Progress (1): 11/64 kB 
Progress (1): 12/64 kB
Progress (1): 13/64 kB
Progress (1): 15/64 kB
Progress (1): 16/64 kB
Progress (1): 17/64 kB
Progress (1): 19/64 kB
Progress (1): 20/64 kB
Progress (1): 21/64 kB
Progress (1): 23/64 kB
Progress (1): 24/64 kB
Progress (1): 25/64 kB
Progress (1): 26/64 kB
Progress (1): 27/64 kB
Progress (1): 29/64 kB
Progress (1): 30/64 kB
Progress (1): 31/64 kB
Progress (1): 33/64 kB
Progress (1): 34/64 kB
Progress (1): 36/64 kB
Progress (1): 37/64 kB
Progress (1): 41/64 kB
Progress (1): 45/64 kB
Progress (1): 50/64 kB
Progress (1): 54/64 kB
Progress (1): 58/64 kB
Progress (1): 62/64 kB
Progress (1): 64 kB   
                   
Downloaded from central: https://repo1.maven.org/maven2/org/codehaus/mojo/build-helper-maven-plugin/3.0.0/build-helper-maven-plugin-3.0.0.jar (64 kB at 708 kB/s)
Downloading from central: https://repo1.maven.org/maven2/org/apache/maven/plugins/maven-jar-plugin/3.2.0/maven-jar-plugin-3.2.0.pom
Progress (1): 779 B
Progress (1): 2.2 kB
Progress (1): 4.4 kB
Progress (1): 6.9 kB
Progress (1): 7.3 kB
                    
Downloaded from central: https://repo1.maven.org/maven2/org/apache/maven/plugins/maven-jar-plugin/3.2.0/maven-jar-plugin-3.2.0.pom (7.3 kB at 73 kB/s)
Downloading from central: https://repo1.maven.org/maven2/org/apache/maven/plugins/maven-plugins/33/maven-plugins-33.pom
Progress (1): 758 B
Progress (1): 2.3 kB
Progress (1): 4.7 kB
Progress (1): 7.6 kB
Progress (1): 10.0 kB
Progress (1): 11 kB  
                   
Downloaded from central: https://repo1.maven.org/maven2/org/apache/maven/plugins/maven-plugins/33/maven-plugins-33.pom (11 kB at 57 kB/s)
Downloading from central: https://repo1.maven.org/maven2/org/apache/maven/plugins/maven-jar-plugin/3.2.0/maven-jar-plugin-3.2.0.jar
Progress (1): 3.8/29 kB
Progress (1): 8.0/29 kB
Progress (1): 12/29 kB 
Progress (1): 16/29 kB
Progress (1): 21/29 kB
Progress (1): 25/29 kB
Progress (1): 29 kB   
                   
Downloaded from central: https://repo1.maven.org/maven2/org/apache/maven/plugins/maven-jar-plugin/3.2.0/maven-jar-plugin-3.2.0.jar (29 kB at 167 kB/s)
Downloading from central: https://repo1.maven.org/maven2/org/apache/maven/plugins/maven-source-plugin/3.2.1/maven-source-plugin-3.2.1.pom
Progress (1): 759 B
Progress (1): 2.3 kB
Progress (1): 5.0 kB
Progress (1): 6.9 kB
                    
Downloaded from central: https://repo1.maven.org/maven2/org/apache/maven/plugins/maven-source-plugin/3.2.1/maven-source-plugin-3.2.1.pom (6.9 kB at 50 kB/s)
Downloading from central: https://repo1.maven.org/maven2/org/apache/maven/plugins/maven-source-plugin/3.2.1/maven-source-plugin-3.2.1.jar
Progress (1): 3.8/32 kB
Progress (1): 4.1/32 kB
Progress (1): 8.3/32 kB
Progress (1): 13/32 kB 
Progress (1): 17/32 kB
Progress (1): 21/32 kB
Progress (1): 25/32 kB
Progress (1): 29/32 kB
Progress (1): 32 kB   
                   
Downloaded from central: https://repo1.maven.org/maven2/org/apache/maven/plugins/maven-source-plugin/3.2.1/maven-source-plugin-3.2.1.jar (32 kB at 374 kB/s)
Downloading from central: https://repo1.maven.org/maven2/org/apache/maven/plugins/maven-javadoc-plugin/3.1.1/maven-javadoc-plugin-3.1.1.pom
Progress (1): 773 B
Progress (1): 2.2 kB
Progress (1): 5.1 kB
Progress (1): 7.8 kB
Progress (1): 11 kB 
Progress (1): 13 kB
Progress (1): 16 kB
Progress (1): 18 kB
                   
Downloaded from central: https://repo1.maven.org/maven2/org/apache/maven/plugins/maven-javadoc-plugin/3.1.1/maven-javadoc-plugin-3.1.1.pom (18 kB at 143 kB/s)
Downloading from central: https://repo1.maven.org/maven2/org/apache/maven/plugins/maven-javadoc-plugin/3.1.1/maven-javadoc-plugin-3.1.1.jar
Progress (1): 3.8/481 kB
Progress (1): 8.0/481 kB
Progress (1): 12/481 kB 
Progress (1): 16/481 kB
Progress (1): 21/481 kB
Progress (1): 25/481 kB
Progress (1): 29/481 kB
Progress (1): 33/481 kB
Progress (1): 38/481 kB
Progress (1): 42/481 kB
Progress (1): 58/481 kB
Progress (1): 75/481 kB
Progress (1): 91/481 kB
Progress (1): 107/481 kB
Progress (1): 124/481 kB
Progress (1): 140/481 kB
Progress (1): 157/481 kB
Progress (1): 173/481 kB
Progress (1): 189/481 kB
Progress (1): 206/481 kB
Progress (1): 222/481 kB
Progress (1): 238/481 kB
Progress (1): 255/481 kB
Progress (1): 271/481 kB
Progress (1): 288/481 kB
Progress (1): 304/481 kB
Progress (1): 320/481 kB
Progress (1): 337/481 kB
Progress (1): 353/481 kB
Progress (1): 370/481 kB
Progress (1): 386/481 kB
Progress (1): 402/481 kB
Progress (1): 419/481 kB
Progress (1): 435/481 kB
Progress (1): 451/481 kB
Progress (1): 468/481 kB
Progress (1): 481 kB    
                    
Downloaded from central: https://repo1.maven.org/maven2/org/apache/maven/plugins/maven-javadoc-plugin/3.1.1/maven-javadoc-plugin-3.1.1.jar (481 kB at 3.4 MB/s)
Downloading from central: https://repo1.maven.org/maven2/net/nicoulaj/maven/plugins/checksum-maven-plugin/1.8/checksum-maven-plugin-1.8.pom
Progress (1): 767 B
Progress (1): 2.5 kB
Progress (1): 5.5 kB
Progress (1): 8.1 kB
Progress (1): 11 kB 
Progress (1): 13 kB
                   
Downloaded from central: https://repo1.maven.org/maven2/net/nicoulaj/maven/plugins/checksum-maven-plugin/1.8/checksum-maven-plugin-1.8.pom (13 kB at 58 kB/s)
Downloading from central: https://repo1.maven.org/maven2/net/nicoulaj/parent/54/parent-54.pom
Progress (1): 687 B
Progress (1): 2.2 kB
Progress (1): 4.4 kB
Progress (1): 7.2 kB
Progress (1): 12 kB 
Progress (1): 18 kB
Progress (1): 23 kB
Progress (1): 26 kB
Progress (1): 29 kB
                   
Downloaded from central: https://repo1.maven.org/maven2/net/nicoulaj/parent/54/parent-54.pom (29 kB at 255 kB/s)
Downloading from central: https://repo1.maven.org/maven2/net/nicoulaj/maven/plugins/checksum-maven-plugin/1.8/checksum-maven-plugin-1.8.jar
Progress (1): 7.7/69 kB
Progress (1): 12/69 kB 
Progress (1): 29/69 kB
Progress (1): 45/69 kB
Progress (1): 61/69 kB
Progress (1): 69 kB   
                   
Downloaded from central: https://repo1.maven.org/maven2/net/nicoulaj/maven/plugins/checksum-maven-plugin/1.8/checksum-maven-plugin-1.8.jar (69 kB at 938 kB/s)
Downloading from central: https://repo1.maven.org/maven2/org/apache/maven/plugins/maven-enforcer-plugin/3.0.0-M3/maven-enforcer-plugin-3.0.0-M3.pom
Progress (1): 814 B
Progress (1): 3.3 kB
Progress (1): 5.1 kB
Progress (1): 7.3 kB
                    
Downloaded from central: https://repo1.maven.org/maven2/org/apache/maven/plugins/maven-enforcer-plugin/3.0.0-M3/maven-enforcer-plugin-3.0.0-M3.pom (7.3 kB at 138 kB/s)
Downloading from central: https://repo1.maven.org/maven2/org/apache/maven/enforcer/enforcer/3.0.0-M3/enforcer-3.0.0-M3.pom
Progress (1): 807 B
Progress (1): 2.3 kB
Progress (1): 6.0 kB
Progress (1): 7.8 kB
                    
Downloaded from central: https://repo1.maven.org/maven2/org/apache/maven/enforcer/enforcer/3.0.0-M3/enforcer-3.0.0-M3.pom (7.8 kB at 124 kB/s)
Downloading from central: https://repo1.maven.org/maven2/org/apache/maven/plugins/maven-enforcer-plugin/3.0.0-M3/maven-enforcer-plugin-3.0.0-M3.jar
Progress (1): 7.7/27 kB
Progress (1): 16/27 kB 
Progress (1): 27 kB   
                   
Downloaded from central: https://repo1.maven.org/maven2/org/apache/maven/plugins/maven-enforcer-plugin/3.0.0-M3/maven-enforcer-plugin-3.0.0-M3.jar (27 kB at 429 kB/s)
Downloading from central: https://repo1.maven.org/maven2/org/apache/maven/plugins/maven-site-plugin/3.7.1/maven-site-plugin-3.7.1.pom
Progress (1): 1.0 kB
Progress (1): 3.8 kB
Progress (1): 6.4 kB
Progress (1): 9.4 kB
Progress (1): 16 kB 
Progress (1): 19 kB
                   
Downloaded from central: https://repo1.maven.org/maven2/org/apache/maven/plugins/maven-site-plugin/3.7.1/maven-site-plugin-3.7.1.pom (19 kB at 299 kB/s)
Downloading from central: https://repo1.maven.org/maven2/org/apache/maven/plugins/maven-plugins/31/maven-plugins-31.pom
Progress (1): 758 B
Progress (1): 2.3 kB
Progress (1): 4.7 kB
Progress (1): 7.5 kB
Progress (1): 10 kB 
                   
Downloaded from central: https://repo1.maven.org/maven2/org/apache/maven/plugins/maven-plugins/31/maven-plugins-31.pom (10 kB at 170 kB/s)
Downloading from central: https://repo1.maven.org/maven2/org/apache/maven/maven-parent/31/maven-parent-31.pom
Progress (1): 721 B
Progress (1): 1.9 kB
Progress (1): 5.4 kB
Progress (1): 9.9 kB
Progress (1): 14 kB 
Progress (1): 19 kB
Progress (1): 24 kB
Progress (1): 25 kB
Progress (1): 27 kB
Progress (1): 30 kB
Progress (1): 34 kB
Progress (1): 37 kB
Progress (1): 40 kB
Progress (1): 43 kB
                   
Downloaded from central: https://repo1.maven.org/maven2/org/apache/maven/maven-parent/31/maven-parent-31.pom (43 kB at 648 kB/s)
Downloading from central: https://repo1.maven.org/maven2/org/apache/maven/plugins/maven-site-plugin/3.7.1/maven-site-plugin-3.7.1.jar
Progress (1): 7.7/135 kB
Progress (1): 8.2/135 kB
Progress (1): 25/135 kB 
Progress (1): 41/135 kB
Progress (1): 57/135 kB
Progress (1): 74/135 kB
Progress (1): 90/135 kB
Progress (1): 106/135 kB
Progress (1): 123/135 kB
Progress (1): 135 kB    
                    
Downloaded from central: https://repo1.maven.org/maven2/org/apache/maven/plugins/maven-site-plugin/3.7.1/maven-site-plugin-3.7.1.jar (135 kB at 1.5 MB/s)
Downloading from central: https://repo1.maven.org/maven2/com/github/koraktor/mavanagaiata/0.9.4/mavanagaiata-0.9.4.pom
Progress (1): 858 B
Progress (1): 2.9 kB
Progress (1): 5.8 kB
Progress (1): 10 kB 
Progress (1): 15 kB
Progress (1): 19 kB
                   
Downloaded from central: https://repo1.maven.org/maven2/com/github/koraktor/mavanagaiata/0.9.4/mavanagaiata-0.9.4.pom (19 kB at 263 kB/s)
Downloading from central: https://repo1.maven.org/maven2/com/github/koraktor/mavanagaiata/0.9.4/mavanagaiata-0.9.4.jar
Progress (1): 7.8/75 kB
Progress (1): 16/75 kB 
Progress (1): 32/75 kB
Progress (1): 49/75 kB
Progress (1): 65/75 kB
Progress (1): 75 kB   
                   
Downloaded from central: https://repo1.maven.org/maven2/com/github/koraktor/mavanagaiata/0.9.4/mavanagaiata-0.9.4.jar (75 kB at 214 kB/s)
Downloading from central: https://repo1.maven.org/maven2/org/apache/maven/plugins/maven-antrun-plugin/1.8/maven-antrun-plugin-1.8.pom
Progress (1): 807 B
Progress (1): 2.3 kB
Progress (1): 3.3 kB
                    
Downloaded from central: https://repo1.maven.org/maven2/org/apache/maven/plugins/maven-antrun-plugin/1.8/maven-antrun-plugin-1.8.pom (3.3 kB at 74 kB/s)
Downloading from central: https://repo1.maven.org/maven2/org/apache/maven/plugins/maven-antrun-plugin/1.8/maven-antrun-plugin-1.8.jar
Progress (1): 7.7/36 kB
Progress (1): 12/36 kB 
Progress (1): 29/36 kB
Progress (1): 36 kB   
                   
Downloaded from central: https://repo1.maven.org/maven2/org/apache/maven/plugins/maven-antrun-plugin/1.8/maven-antrun-plugin-1.8.jar (36 kB at 878 kB/s)
Downloading from central: https://repo1.maven.org/maven2/org/apache/maven/plugins/maven-resources-plugin/3.1.0/maven-resources-plugin-3.1.0.pom
Progress (1): 768 B
Progress (1): 2.1 kB
Progress (1): 4.4 kB
Progress (1): 7.2 kB
                    
Downloaded from central: https://repo1.maven.org/maven2/org/apache/maven/plugins/maven-resources-plugin/3.1.0/maven-resources-plugin-3.1.0.pom (7.2 kB at 121 kB/s)
Downloading from central: https://repo1.maven.org/maven2/org/apache/maven/plugins/maven-resources-plugin/3.1.0/maven-resources-plugin-3.1.0.jar
Progress (1): 7.7/32 kB
Progress (1): 16/32 kB 
Progress (1): 32 kB   
                   
Downloaded from central: https://repo1.maven.org/maven2/org/apache/maven/plugins/maven-resources-plugin/3.1.0/maven-resources-plugin-3.1.0.jar (32 kB at 770 kB/s)
Downloading from central: https://repo1.maven.org/maven2/org/apache/maven/plugins/maven-compiler-plugin/3.8.1/maven-compiler-plugin-3.8.1.pom
Progress (1): 755 B
Progress (1): 2.2 kB
Progress (1): 4.3 kB
Progress (1): 8.0 kB
Progress (1): 10 kB 
Progress (1): 12 kB
                   
Downloaded from central: https://repo1.maven.org/maven2/org/apache/maven/plugins/maven-compiler-plugin/3.8.1/maven-compiler-plugin-3.8.1.pom (12 kB at 231 kB/s)
Downloading from central: https://repo1.maven.org/maven2/org/apache/maven/plugins/maven-compiler-plugin/3.8.1/maven-compiler-plugin-3.8.1.jar
Progress (1): 7.7/62 kB
Progress (1): 16/62 kB 
Progress (1): 32/62 kB
Progress (1): 49/62 kB
Progress (1): 62 kB   
                   
Downloaded from central: https://repo1.maven.org/maven2/org/apache/maven/plugins/maven-compiler-plugin/3.8.1/maven-compiler-plugin-3.8.1.jar (62 kB at 1.6 MB/s)
Downloading from central: https://repo1.maven.org/maven2/com/github/spotbugs/spotbugs-annotations/4.0.2/spotbugs-annotations-4.0.2.pom
Progress (1): 959 B
Progress (1): 2.8 kB
                    
Downloaded from central: https://repo1.maven.org/maven2/com/github/spotbugs/spotbugs-annotations/4.0.2/spotbugs-annotations-4.0.2.pom (2.8 kB at 39 kB/s)
Downloading from central: https://repo1.maven.org/maven2/org/hamcrest/hamcrest-library/2.2/hamcrest-library-2.2.pom
Progress (1): 1.3 kB
Progress (1): 1.4 kB
                    
Downloaded from central: https://repo1.maven.org/maven2/org/hamcrest/hamcrest-library/2.2/hamcrest-library-2.2.pom (1.4 kB at 30 kB/s)
Downloading from central: https://repo1.maven.org/maven2/org/hamcrest/hamcrest-core/2.2/hamcrest-core-2.2.pom
Progress (1): 1.3 kB
Progress (1): 1.4 kB
                    
Downloaded from central: https://repo1.maven.org/maven2/org/hamcrest/hamcrest-core/2.2/hamcrest-core-2.2.pom (1.4 kB at 29 kB/s)
Downloading from central: https://repo1.maven.org/maven2/org/hamcrest/hamcrest/2.2/hamcrest-2.2.pom
Progress (1): 1.1 kB
                    
Downloaded from central: https://repo1.maven.org/maven2/org/hamcrest/hamcrest/2.2/hamcrest-2.2.pom (1.1 kB at 24 kB/s)
Downloading from apache.snapshots: https://repository.apache.org/snapshots/org/apache/zookeeper/zookeeper-jute/3.10.0-SNAPSHOT/maven-metadata.xml
Downloading from apache.snapshots: https://repository.apache.org/snapshots/org/apache/zookeeper/zookeeper-jute/3.10.0-SNAPSHOT/zookeeper-jute-3.10.0-SNAPSHOT.pom
[WARNING] The POM for org.apache.zookeeper:zookeeper-jute:jar:3.10.0-SNAPSHOT is missing, no dependency information available
Downloading from central: https://repo1.maven.org/maven2/commons-cli/commons-cli/1.5.0/commons-cli-1.5.0.pom
Progress (1): 768 B
Progress (1): 2.1 kB
Progress (1): 4.3 kB
Progress (1): 6.7 kB
Progress (1): 8.6 kB
Progress (1): 11 kB 
Progress (1): 15 kB
Progress (1): 15 kB
                   
Downloaded from central: https://repo1.maven.org/maven2/commons-cli/commons-cli/1.5.0/commons-cli-1.5.0.pom (15 kB at 308 kB/s)
Downloading from central: https://repo1.maven.org/maven2/org/apache/yetus/audience-annotations/0.12.0/audience-annotations-0.12.0.pom
Progress (1): 826 B
Progress (1): 2.2 kB
Progress (1): 2.8 kB
                    
Downloaded from central: https://repo1.maven.org/maven2/org/apache/yetus/audience-annotations/0.12.0/audience-annotations-0.12.0.pom (2.8 kB at 59 kB/s)
Downloading from central: https://repo1.maven.org/maven2/org/apache/yetus/yetus-project/0.12.0/yetus-project-0.12.0.pom
Progress (1): 767 B
Progress (1): 2.3 kB
Progress (1): 4.5 kB
Progress (1): 6.7 kB
Progress (1): 9.8 kB
Progress (1): 12 kB 
                   
Downloaded from central: https://repo1.maven.org/maven2/org/apache/yetus/yetus-project/0.12.0/yetus-project-0.12.0.pom (12 kB at 200 kB/s)
Downloading from central: https://repo1.maven.org/maven2/io/netty/netty-handler/4.1.130.Final/netty-handler-4.1.130.Final.pom
Progress (1): 801 B
Progress (1): 3.9 kB
Progress (1): 5.4 kB
                    
Downloaded from central: https://repo1.maven.org/maven2/io/netty/netty-handler/4.1.130.Final/netty-handler-4.1.130.Final.pom (5.4 kB at 110 kB/s)
Downloading from central: https://repo1.maven.org/maven2/io/netty/netty-parent/4.1.130.Final/netty-parent-4.1.130.Final.pom
Progress (1): 737 B
Progress (1): 2.1 kB
Progress (1): 4.3 kB
Progress (1): 6.8 kB
Progress (1): 10 kB 
Progress (1): 24 kB
Progress (1): 28 kB
Progress (1): 31 kB
Progress (1): 32 kB
Progress (1): 34 kB
Progress (1): 37 kB
Progress (1): 40 kB
Progress (1): 44 kB
Progress (1): 49 kB
Progress (1): 52 kB
Progress (1): 53 kB
Progress (1): 55 kB
Progress (1): 59 kB
Progress (1): 69 kB
Progress (1): 71 kB
Progress (1): 74 kB
Progress (1): 76 kB
Progress (1): 80 kB
Progress (1): 81 kB
Progress (1): 84 kB
Progress (1): 86 kB
Progress (1): 89 kB
Progress (1): 92 kB
Progress (1): 95 kB
Progress (1): 98 kB
Progress (1): 100 kB
                    
Downloaded from central: https://repo1.maven.org/maven2/io/netty/netty-parent/4.1.130.Final/netty-parent-4.1.130.Final.pom (100 kB at 1.7 MB/s)
Downloading from central: https://repo1.maven.org/maven2/io/netty/netty-common/4.1.130.Final/netty-common-4.1.130.Final.pom
Progress (1): 1.3 kB
Progress (1): 4.6 kB
Progress (1): 9.8 kB
Progress (1): 10 kB 
                   
Downloaded from central: https://repo1.maven.org/maven2/io/netty/netty-common/4.1.130.Final/netty-common-4.1.130.Final.pom (10 kB at 182 kB/s)
Downloading from central: https://repo1.maven.org/maven2/io/netty/netty-resolver/4.1.130.Final/netty-resolver-4.1.130.Final.pom
Progress (1): 876 B
Progress (1): 2.2 kB
                    
Downloaded from central: https://repo1.maven.org/maven2/io/netty/netty-resolver/4.1.130.Final/netty-resolver-4.1.130.Final.pom (2.2 kB at 36 kB/s)
Downloading from central: https://repo1.maven.org/maven2/io/netty/netty-buffer/4.1.130.Final/netty-buffer-4.1.130.Final.pom
Progress (1): 881 B
Progress (1): 2.2 kB
                    
Downloaded from central: https://repo1.maven.org/maven2/io/netty/netty-buffer/4.1.130.Final/netty-buffer-4.1.130.Final.pom (2.2 kB at 51 kB/s)
Downloading from central: https://repo1.maven.org/maven2/io/netty/netty-transport/4.1.130.Final/netty-transport-4.1.130.Final.pom
Progress (1): 850 B
Progress (1): 2.9 kB
                    
Downloaded from central: https://repo1.maven.org/maven2/io/netty/netty-transport/4.1.130.Final/netty-transport-4.1.130.Final.pom (2.9 kB at 65 kB/s)
Downloading from central: https://repo1.maven.org/maven2/io/netty/netty-transport-native-unix-common/4.1.130.Final/netty-transport-native-unix-common-4.1.130.Final.pom
Progress (1): 767 B
Progress (1): 2.2 kB
Progress (1): 4.3 kB
Progress (1): 6.8 kB
Progress (1): 15 kB 
Progress (1): 34 kB
                   
Downloaded from central: https://repo1.maven.org/maven2/io/netty/netty-transport-native-unix-common/4.1.130.Final/netty-transport-native-unix-common-4.1.130.Final.pom (34 kB at 717 kB/s)
Downloading from central: https://repo1.maven.org/maven2/io/netty/netty-codec/4.1.130.Final/netty-codec-4.1.130.Final.pom
Progress (1): 807 B
Progress (1): 4.5 kB
Progress (1): 6.1 kB
                    
Downloaded from central: https://repo1.maven.org/maven2/io/netty/netty-codec/4.1.130.Final/netty-codec-4.1.130.Final.pom (6.1 kB at 109 kB/s)
Downloading from central: https://repo1.maven.org/maven2/io/netty/netty-transport-native-epoll/4.1.130.Final/netty-transport-native-epoll-4.1.130.Final.pom
Progress (1): 749 B
Progress (1): 2.0 kB
Progress (1): 3.3 kB
Progress (1): 5.8 kB
Progress (1): 8.6 kB
Progress (1): 15 kB 
Progress (1): 28 kB
Progress (1): 30 kB
                   
Downloaded from central: https://repo1.maven.org/maven2/io/netty/netty-transport-native-epoll/4.1.130.Final/netty-transport-native-epoll-4.1.130.Final.pom (30 kB at 531 kB/s)
Downloading from central: https://repo1.maven.org/maven2/io/netty/netty-transport-classes-epoll/4.1.130.Final/netty-transport-classes-epoll-4.1.130.Final.pom
Progress (1): 850 B
Progress (1): 2.6 kB
                    
Downloaded from central: https://repo1.maven.org/maven2/io/netty/netty-transport-classes-epoll/4.1.130.Final/netty-transport-classes-epoll-4.1.130.Final.pom (2.6 kB at 53 kB/s)
Downloading from central: https://repo1.maven.org/maven2/io/netty/netty-tcnative-boringssl-static/2.0.74.Final/netty-tcnative-boringssl-static-2.0.74.Final.pom
Progress (1): 855 B
Progress (1): 2.6 kB
Progress (1): 5.8 kB
                    
Downloaded from central: https://repo1.maven.org/maven2/io/netty/netty-tcnative-boringssl-static/2.0.74.Final/netty-tcnative-boringssl-static-2.0.74.Final.pom (5.8 kB at 109 kB/s)
Downloading from central: https://repo1.maven.org/maven2/io/netty/netty-tcnative-classes/2.0.74.Final/netty-tcnative-classes-2.0.74.Final.pom
Progress (1): 881 B
Progress (1): 2.0 kB
                    
Downloaded from central: https://repo1.maven.org/maven2/io/netty/netty-tcnative-classes/2.0.74.Final/netty-tcnative-classes-2.0.74.Final.pom (2.0 kB at 41 kB/s)
Downloading from central: https://repo1.maven.org/maven2/io/netty/netty-tcnative-parent/2.0.74.Final/netty-tcnative-parent-2.0.74.Final.pom
Progress (1): 738 B
Progress (1): 2.3 kB
Progress (1): 3.8 kB
Progress (1): 5.1 kB
Progress (1): 7.0 kB
Progress (1): 10 kB 
Progress (1): 13 kB
Progress (1): 16 kB
Progress (1): 18 kB
Progress (1): 21 kB
Progress (1): 24 kB
Progress (1): 28 kB
Progress (1): 31 kB
Progress (1): 35 kB
Progress (1): 38 kB
Progress (1): 39 kB
Progress (1): 44 kB
                   
Downloaded from central: https://repo1.maven.org/maven2/io/netty/netty-tcnative-parent/2.0.74.Final/netty-tcnative-parent-2.0.74.Final.pom (44 kB at 874 kB/s)
Downloading from central: https://repo1.maven.org/maven2/org/slf4j/slf4j-api/2.0.13/slf4j-api-2.0.13.pom
Progress (1): 1.1 kB
Progress (1): 2.8 kB
                    
Downloaded from central: https://repo1.maven.org/maven2/org/slf4j/slf4j-api/2.0.13/slf4j-api-2.0.13.pom (2.8 kB at 59 kB/s)
Downloading from central: https://repo1.maven.org/maven2/org/slf4j/slf4j-parent/2.0.13/slf4j-parent-2.0.13.pom
Progress (1): 953 B
Progress (1): 3.2 kB
Progress (1): 6.0 kB
Progress (1): 8.2 kB
Progress (1): 11 kB 
Progress (1): 13 kB
                   
Downloaded from central: https://repo1.maven.org/maven2/org/slf4j/slf4j-parent/2.0.13/slf4j-parent-2.0.13.pom (13 kB at 248 kB/s)
Downloading from central: https://repo1.maven.org/maven2/org/slf4j/slf4j-bom/2.0.13/slf4j-bom-2.0.13.pom
Progress (1): 1.0 kB
Progress (1): 4.6 kB
Progress (1): 7.3 kB
Progress (1): 7.3 kB
                    
Downloaded from central: https://repo1.maven.org/maven2/org/slf4j/slf4j-bom/2.0.13/slf4j-bom-2.0.13.pom (7.3 kB at 153 kB/s)
Downloading from central: https://repo1.maven.org/maven2/ch/qos/logback/logback-classic/1.3.15/logback-classic-1.3.15.pom
Progress (1): 1.7 kB
Progress (1): 4.6 kB
Progress (1): 8.1 kB
Progress (1): 11 kB 
Progress (1): 13 kB
Progress (1): 13 kB
                   
Downloaded from central: https://repo1.maven.org/maven2/ch/qos/logback/logback-classic/1.3.15/logback-classic-1.3.15.pom (13 kB at 281 kB/s)
Downloading from central: https://repo1.maven.org/maven2/ch/qos/logback/logback-parent/1.3.15/logback-parent-1.3.15.pom
Progress (1): 1.1 kB
Progress (1): 2.6 kB
Progress (1): 4.9 kB
Progress (1): 9.9 kB
Progress (1): 14 kB 
Progress (1): 17 kB
Progress (1): 20 kB
Progress (1): 21 kB
                   
Downloaded from central: https://repo1.maven.org/maven2/ch/qos/logback/logback-parent/1.3.15/logback-parent-1.3.15.pom (21 kB at 311 kB/s)
Downloading from central: https://repo1.maven.org/maven2/ch/qos/logback/logback-core/1.3.15/logback-core-1.3.15.pom
Progress (1): 1.8 kB
Progress (1): 3.8 kB
Progress (1): 5.2 kB
                    
Downloaded from central: https://repo1.maven.org/maven2/ch/qos/logback/logback-core/1.3.15/logback-core-1.3.15.pom (5.2 kB at 121 kB/s)
Downloading from central: https://repo1.maven.org/maven2/org/eclipse/jetty/jetty-server/9.4.58.v20250814/jetty-server-9.4.58.v20250814.pom
Progress (1): 1.5 kB
Progress (1): 3.6 kB
                    
Downloaded from central: https://repo1.maven.org/maven2/org/eclipse/jetty/jetty-server/9.4.58.v20250814/jetty-server-9.4.58.v20250814.pom (3.6 kB at 47 kB/s)
Downloading from central: https://repo1.maven.org/maven2/org/eclipse/jetty/jetty-project/9.4.58.v20250814/jetty-project-9.4.58.v20250814.pom
Progress (1): 940 B
Progress (1): 2.7 kB
Progress (1): 4.7 kB
Progress (1): 7.1 kB
Progress (1): 8.9 kB
Progress (1): 12 kB 
Progress (1): 14 kB
Progress (1): 17 kB
Progress (1): 20 kB
Progress (1): 24 kB
Progress (1): 28 kB
Progress (1): 32 kB
Progress (1): 35 kB
Progress (1): 39 kB
Progress (1): 44 kB
Progress (1): 45 kB
Progress (1): 51 kB
Progress (1): 55 kB
Progress (1): 60 kB
Progress (1): 63 kB
Progress (1): 67 kB
Progress (1): 70 kB
Progress (1): 72 kB
                   
Downloaded from central: https://repo1.maven.org/maven2/org/eclipse/jetty/jetty-project/9.4.58.v20250814/jetty-project-9.4.58.v20250814.pom (72 kB at 1.3 MB/s)
Downloading from central: https://repo1.maven.org/maven2/org/junit/junit-bom/5.10.5/junit-bom-5.10.5.pom
Progress (1): 908 B
Progress (1): 4.1 kB
Progress (1): 5.6 kB
                    
Downloaded from central: https://repo1.maven.org/maven2/org/junit/junit-bom/5.10.5/junit-bom-5.10.5.pom (5.6 kB at 120 kB/s)
Downloading from central: https://repo1.maven.org/maven2/org/testcontainers/testcontainers-bom/1.20.4/testcontainers-bom-1.20.4.pom
Progress (1): 1.2 kB
Progress (1): 11 kB 
                   
Downloaded from central: https://repo1.maven.org/maven2/org/testcontainers/testcontainers-bom/1.20.4/testcontainers-bom-1.20.4.pom (11 kB at 252 kB/s)
Downloading from central: https://repo1.maven.org/maven2/org/infinispan/infinispan-bom/11.0.19.Final/infinispan-bom-11.0.19.Final.pom
Progress (1): 1.1 kB
Progress (1): 6.5 kB
Progress (1): 17 kB 
Progress (1): 18 kB
                   
Downloaded from central: https://repo1.maven.org/maven2/org/infinispan/infinispan-bom/11.0.19.Final/infinispan-bom-11.0.19.Final.pom (18 kB at 399 kB/s)
Downloading from central: https://repo1.maven.org/maven2/org/infinispan/infinispan-build-configuration-parent/11.0.19.Final/infinispan-build-configuration-parent-11.0.19.Final.pom
Progress (1): 1.1 kB
Progress (1): 3.3 kB
Progress (1): 5.4 kB
Progress (1): 7.8 kB
Progress (1): 10 kB 
Progress (1): 12 kB
Progress (1): 16 kB
                   
Downloaded from central: https://repo1.maven.org/maven2/org/infinispan/infinispan-build-configuration-parent/11.0.19.Final/infinispan-build-configuration-parent-11.0.19.Final.pom (16 kB at 338 kB/s)
Downloading from central: https://repo1.maven.org/maven2/org/eclipse/jetty/jetty-http/9.4.58.v20250814/jetty-http-9.4.58.v20250814.pom
Progress (1): 1.5 kB
Progress (1): 4.0 kB
Progress (1): 4.0 kB
                    
Downloaded from central: https://repo1.maven.org/maven2/org/eclipse/jetty/jetty-http/9.4.58.v20250814/jetty-http-9.4.58.v20250814.pom (4.0 kB at 90 kB/s)
Downloading from central: https://repo1.maven.org/maven2/org/eclipse/jetty/jetty-util/9.4.58.v20250814/jetty-util-9.4.58.v20250814.pom
Progress (1): 1.2 kB
Progress (1): 3.1 kB
Progress (1): 4.0 kB
                    
Downloaded from central: https://repo1.maven.org/maven2/org/eclipse/jetty/jetty-util/9.4.58.v20250814/jetty-util-9.4.58.v20250814.pom (4.0 kB at 92 kB/s)
Downloading from central: https://repo1.maven.org/maven2/org/eclipse/jetty/jetty-io/9.4.58.v20250814/jetty-io-9.4.58.v20250814.pom
Progress (1): 1.2 kB
                    
Downloaded from central: https://repo1.maven.org/maven2/org/eclipse/jetty/jetty-io/9.4.58.v20250814/jetty-io-9.4.58.v20250814.pom (1.2 kB at 20 kB/s)
Downloading from central: https://repo1.maven.org/maven2/org/eclipse/jetty/jetty-servlet/9.4.58.v20250814/jetty-servlet-9.4.58.v20250814.pom
Progress (1): 1.3 kB
Progress (1): 2.3 kB
                    
Downloaded from central: https://repo1.maven.org/maven2/org/eclipse/jetty/jetty-servlet/9.4.58.v20250814/jetty-servlet-9.4.58.v20250814.pom (2.3 kB at 39 kB/s)
Downloading from central: https://repo1.maven.org/maven2/org/eclipse/jetty/jetty-security/9.4.58.v20250814/jetty-security-9.4.58.v20250814.pom
Progress (1): 1.2 kB
Progress (1): 2.1 kB
                    
Downloaded from central: https://repo1.maven.org/maven2/org/eclipse/jetty/jetty-security/9.4.58.v20250814/jetty-security-9.4.58.v20250814.pom (2.1 kB at 49 kB/s)
Downloading from central: https://repo1.maven.org/maven2/org/eclipse/jetty/jetty-util-ajax/9.4.58.v20250814/jetty-util-ajax-9.4.58.v20250814.pom
Progress (1): 1.3 kB
                    
Downloaded from central: https://repo1.maven.org/maven2/org/eclipse/jetty/jetty-util-ajax/9.4.58.v20250814/jetty-util-ajax-9.4.58.v20250814.pom (1.3 kB at 19 kB/s)
Downloading from central: https://repo1.maven.org/maven2/org/eclipse/jetty/jetty-client/9.4.58.v20250814/jetty-client-9.4.58.v20250814.pom
Progress (1): 1.2 kB
Progress (1): 4.7 kB
Progress (1): 5.3 kB
                    
Downloaded from central: https://repo1.maven.org/maven2/org/eclipse/jetty/jetty-client/9.4.58.v20250814/jetty-client-9.4.58.v20250814.pom (5.3 kB at 112 kB/s)
Downloading from central: https://repo1.maven.org/maven2/com/fasterxml/jackson/core/jackson-databind/2.18.1/jackson-databind-2.18.1.pom
Progress (1): 973 B
Progress (1): 2.4 kB
Progress (1): 4.0 kB
Progress (1): 6.4 kB
Progress (1): 8.1 kB
Progress (1): 10 kB 
Progress (1): 12 kB
Progress (1): 17 kB
Progress (1): 19 kB
Progress (1): 21 kB
Progress (1): 21 kB
                   
Downloaded from central: https://repo1.maven.org/maven2/com/fasterxml/jackson/core/jackson-databind/2.18.1/jackson-databind-2.18.1.pom (21 kB at 434 kB/s)
Downloading from central: https://repo1.maven.org/maven2/com/fasterxml/jackson/jackson-base/2.18.1/jackson-base-2.18.1.pom
Progress (1): 919 B
Progress (1): 2.7 kB
Progress (1): 4.5 kB
Progress (1): 6.6 kB
Progress (1): 8.7 kB
Progress (1): 11 kB 
Progress (1): 12 kB
                   
Downloaded from central: https://repo1.maven.org/maven2/com/fasterxml/jackson/jackson-base/2.18.1/jackson-base-2.18.1.pom (12 kB at 267 kB/s)
Downloading from central: https://repo1.maven.org/maven2/com/fasterxml/jackson/jackson-bom/2.18.1/jackson-bom-2.18.1.pom
Progress (1): 933 B
Progress (1): 2.7 kB
Progress (1): 8.1 kB
Progress (1): 17 kB 
Progress (1): 19 kB
                   
Downloaded from central: https://repo1.maven.org/maven2/com/fasterxml/jackson/jackson-bom/2.18.1/jackson-bom-2.18.1.pom (19 kB at 367 kB/s)
Downloading from central: https://repo1.maven.org/maven2/com/fasterxml/jackson/jackson-parent/2.18.1/jackson-parent-2.18.1.pom
Progress (1): 1.1 kB
Progress (1): 2.5 kB
Progress (1): 4.1 kB
Progress (1): 6.3 kB
Progress (1): 6.7 kB
                    
Downloaded from central: https://repo1.maven.org/maven2/com/fasterxml/jackson/jackson-parent/2.18.1/jackson-parent-2.18.1.pom (6.7 kB at 145 kB/s)
Downloading from central: https://repo1.maven.org/maven2/com/fasterxml/oss-parent/61/oss-parent-61.pom
Progress (1): 952 B
Progress (1): 2.6 kB
Progress (1): 4.1 kB
Progress (1): 7.2 kB
Progress (1): 9.7 kB
Progress (1): 12 kB 
Progress (1): 15 kB
Progress (1): 18 kB
Progress (1): 23 kB
                   
Downloaded from central: https://repo1.maven.org/maven2/com/fasterxml/oss-parent/61/oss-parent-61.pom (23 kB at 443 kB/s)
Downloading from central: https://repo1.maven.org/maven2/com/fasterxml/jackson/core/jackson-annotations/2.18.1/jackson-annotations-2.18.1.pom
Progress (1): 945 B
Progress (1): 2.4 kB
Progress (1): 3.9 kB
Progress (1): 6.3 kB
Progress (1): 7.1 kB
                    
Downloaded from central: https://repo1.maven.org/maven2/com/fasterxml/jackson/core/jackson-annotations/2.18.1/jackson-annotations-2.18.1.pom (7.1 kB at 169 kB/s)
Downloading from central: https://repo1.maven.org/maven2/com/fasterxml/jackson/core/jackson-core/2.18.1/jackson-core-2.18.1.pom
Progress (1): 980 B
Progress (1): 2.9 kB
Progress (1): 7.1 kB
Progress (1): 9.6 kB
Progress (1): 10 kB 
                   
Downloaded from central: https://repo1.maven.org/maven2/com/fasterxml/jackson/core/jackson-core/2.18.1/jackson-core-2.18.1.pom (10 kB at 200 kB/s)
Downloading from central: https://repo1.maven.org/maven2/org/bouncycastle/bcprov-jdk18on/1.78/bcprov-jdk18on-1.78.pom
Progress (1): 1.1 kB
                    
Downloaded from central: https://repo1.maven.org/maven2/org/bouncycastle/bcprov-jdk18on/1.78/bcprov-jdk18on-1.78.pom (1.1 kB at 26 kB/s)
Downloading from central: https://repo1.maven.org/maven2/org/bouncycastle/bcpkix-jdk18on/1.78/bcpkix-jdk18on-1.78.pom
Progress (1): 1.0 kB
Progress (1): 1.6 kB
                    
Downloaded from central: https://repo1.maven.org/maven2/org/bouncycastle/bcpkix-jdk18on/1.78/bcpkix-jdk18on-1.78.pom (1.6 kB at 39 kB/s)
Downloading from central: https://repo1.maven.org/maven2/org/bouncycastle/bcutil-jdk18on/1.78/bcutil-jdk18on-1.78.pom
Progress (1): 1.2 kB
Progress (1): 1.3 kB
                    
Downloaded from central: https://repo1.maven.org/maven2/org/bouncycastle/bcutil-jdk18on/1.78/bcutil-jdk18on-1.78.pom (1.3 kB at 29 kB/s)
Downloading from central: https://repo1.maven.org/maven2/org/jline/jline/3.25.1/jline-3.25.1.pom
Progress (1): 979 B
Progress (1): 9.6 kB
Progress (1): 22 kB 
Progress (1): 23 kB
                   
Downloaded from central: https://repo1.maven.org/maven2/org/jline/jline/3.25.1/jline-3.25.1.pom (23 kB at 451 kB/s)
Downloading from central: https://repo1.maven.org/maven2/org/jline/jline-parent/3.25.1/jline-parent-3.25.1.pom
Progress (1): 853 B
Progress (1): 3.1 kB
Progress (1): 8.2 kB
Progress (1): 15 kB 
Progress (1): 19 kB
Progress (1): 22 kB
Progress (1): 26 kB
Progress (1): 30 kB
Progress (1): 32 kB
                   
Downloaded from central: https://repo1.maven.org/maven2/org/jline/jline-parent/3.25.1/jline-parent-3.25.1.pom (32 kB at 646 kB/s)
Downloading from central: https://repo1.maven.org/maven2/io/dropwizard/metrics/metrics-core/4.1.12.1/metrics-core-4.1.12.1.pom
Progress (1): 947 B
                   
Downloaded from central: https://repo1.maven.org/maven2/io/dropwizard/metrics/metrics-core/4.1.12.1/metrics-core-4.1.12.1.pom (947 B at 21 kB/s)
Downloading from central: https://repo1.maven.org/maven2/io/dropwizard/metrics/metrics-parent/4.1.12.1/metrics-parent-4.1.12.1.pom
Progress (1): 1.7 kB
Progress (1): 3.6 kB
Progress (1): 6.3 kB
Progress (1): 9.5 kB
Progress (1): 13 kB 
Progress (1): 15 kB
                   
Downloaded from central: https://repo1.maven.org/maven2/io/dropwizard/metrics/metrics-parent/4.1.12.1/metrics-parent-4.1.12.1.pom (15 kB at 305 kB/s)
Downloading from central: https://repo1.maven.org/maven2/org/apache/kerby/kerb-core/2.0.0/kerb-core-2.0.0.pom
Progress (1): 869 B
Progress (1): 1.5 kB
                    
Downloaded from central: https://repo1.maven.org/maven2/org/apache/kerby/kerb-core/2.0.0/kerb-core-2.0.0.pom (1.5 kB at 21 kB/s)
Downloading from central: https://repo1.maven.org/maven2/org/apache/kerby/kerby-kerb/2.0.0/kerby-kerb-2.0.0.pom
Progress (1): 874 B
Progress (1): 1.7 kB
                    
Downloaded from central: https://repo1.maven.org/maven2/org/apache/kerby/kerby-kerb/2.0.0/kerby-kerb-2.0.0.pom (1.7 kB at 24 kB/s)
Downloading from central: https://repo1.maven.org/maven2/org/apache/kerby/kerby-all/2.0.0/kerby-all-2.0.0.pom
Progress (1): 735 B
Progress (1): 2.3 kB
Progress (1): 4.4 kB
Progress (1): 7.0 kB
Progress (1): 10 kB 
Progress (1): 14 kB
Progress (1): 17 kB
                   
Downloaded from central: https://repo1.maven.org/maven2/org/apache/kerby/kerby-all/2.0.0/kerby-all-2.0.0.pom (17 kB at 115 kB/s)
Downloading from central: https://repo1.maven.org/maven2/org/apache/kerby/kerby-pkix/2.0.0/kerby-pkix-2.0.0.pom
Progress (1): 863 B
Progress (1): 2.2 kB
                    
Downloaded from central: https://repo1.maven.org/maven2/org/apache/kerby/kerby-pkix/2.0.0/kerby-pkix-2.0.0.pom (2.2 kB at 25 kB/s)
Downloading from central: https://repo1.maven.org/maven2/org/apache/kerby/kerby-asn1/2.0.0/kerby-asn1-2.0.0.pom
Progress (1): 881 B
Progress (1): 1.4 kB
                    
Downloaded from central: https://repo1.maven.org/maven2/org/apache/kerby/kerby-asn1/2.0.0/kerby-asn1-2.0.0.pom (1.4 kB at 12 kB/s)
Downloading from central: https://repo1.maven.org/maven2/org/apache/kerby/kerby-common/2.0.0/kerby-common-2.0.0.pom
Progress (1): 876 B
Progress (1): 1.3 kB
                    
Downloaded from central: https://repo1.maven.org/maven2/org/apache/kerby/kerby-common/2.0.0/kerby-common-2.0.0.pom (1.3 kB at 8.8 kB/s)
Downloading from central: https://repo1.maven.org/maven2/org/apache/kerby/kerby-util/2.0.0/kerby-util-2.0.0.pom
Progress (1): 876 B
Progress (1): 1.4 kB
                    
Downloaded from central: https://repo1.maven.org/maven2/org/apache/kerby/kerby-util/2.0.0/kerby-util-2.0.0.pom (1.4 kB at 21 kB/s)
Downloading from central: https://repo1.maven.org/maven2/org/apache/kerby/kerb-simplekdc/2.0.0/kerb-simplekdc-2.0.0.pom
Progress (1): 868 B
Progress (1): 1.6 kB
                    
Downloaded from central: https://repo1.maven.org/maven2/org/apache/kerby/kerb-simplekdc/2.0.0/kerb-simplekdc-2.0.0.pom (1.6 kB at 21 kB/s)
Downloading from central: https://repo1.maven.org/maven2/org/apache/kerby/kerb-client/2.0.0/kerb-client-2.0.0.pom
Progress (1): 861 B
Progress (1): 2.4 kB
                    
Downloaded from central: https://repo1.maven.org/maven2/org/apache/kerby/kerb-client/2.0.0/kerb-client-2.0.0.pom (2.4 kB at 17 kB/s)
Downloading from central: https://repo1.maven.org/maven2/org/apache/kerby/kerby-config/2.0.0/kerby-config-2.0.0.pom
Progress (1): 864 B
Progress (1): 1.7 kB
                    
Downloaded from central: https://repo1.maven.org/maven2/org/apache/kerby/kerby-config/2.0.0/kerby-config-2.0.0.pom (1.7 kB at 20 kB/s)
Downloading from central: https://repo1.maven.org/maven2/org/apache/kerby/kerb-common/2.0.0/kerb-common-2.0.0.pom
Progress (1): 863 B
Progress (1): 1.9 kB
                    
Downloaded from central: https://repo1.maven.org/maven2/org/apache/kerby/kerb-common/2.0.0/kerb-common-2.0.0.pom (1.9 kB at 7.7 kB/s)
Downloading from central: https://repo1.maven.org/maven2/org/apache/kerby/kerb-crypto/2.0.0/kerb-crypto-2.0.0.pom
Progress (1): 868 B
Progress (1): 1.7 kB
                    
Downloaded from central: https://repo1.maven.org/maven2/org/apache/kerby/kerb-crypto/2.0.0/kerb-crypto-2.0.0.pom (1.7 kB at 5.9 kB/s)
Downloading from central: https://repo1.maven.org/maven2/commons-io/commons-io/2.17.0/commons-io-2.17.0.pom
Progress (1): 761 B
Progress (1): 2.0 kB
Progress (1): 4.8 kB
Progress (1): 6.9 kB
Progress (1): 9.0 kB
Progress (1): 12 kB 
Progress (1): 15 kB
Progress (1): 18 kB
Progress (1): 20 kB
                   
Downloaded from central: https://repo1.maven.org/maven2/commons-io/commons-io/2.17.0/commons-io-2.17.0.pom (20 kB at 233 kB/s)
Downloading from central: https://repo1.maven.org/maven2/org/apache/commons/commons-parent/74/commons-parent-74.pom
Progress (1): 705 B
Progress (1): 1.9 kB
Progress (1): 3.2 kB
Progress (1): 4.6 kB
Progress (1): 6.8 kB
Progress (1): 8.5 kB
Progress (1): 10 kB 
Progress (1): 13 kB
Progress (1): 15 kB
Progress (1): 17 kB
Progress (1): 20 kB
Progress (1): 22 kB
Progress (1): 25 kB
Progress (1): 28 kB
Progress (1): 32 kB
Progress (1): 35 kB
Progress (1): 40 kB
Progress (1): 43 kB
Progress (1): 45 kB
Progress (1): 48 kB
Progress (1): 51 kB
Progress (1): 55 kB
Progress (1): 57 kB
Progress (1): 59 kB
Progress (1): 63 kB
Progress (1): 67 kB
Progress (1): 70 kB
Progress (1): 73 kB
Progress (1): 75 kB
Progress (1): 78 kB
                   
Downloaded from central: https://repo1.maven.org/maven2/org/apache/commons/commons-parent/74/commons-parent-74.pom (78 kB at 916 kB/s)
Downloading from central: https://repo1.maven.org/maven2/org/junit/junit-bom/5.11.0/junit-bom-5.11.0.pom
Progress (1): 912 B
Progress (1): 4.1 kB
Progress (1): 5.6 kB
                    
Downloaded from central: https://repo1.maven.org/maven2/org/junit/junit-bom/5.11.0/junit-bom-5.11.0.pom (5.6 kB at 40 kB/s)
Downloading from central: https://repo1.maven.org/maven2/org/apache/kerby/kerb-util/2.0.0/kerb-util-2.0.0.pom
Progress (1): 861 B
Progress (1): 2.1 kB
                    
Downloaded from central: https://repo1.maven.org/maven2/org/apache/kerby/kerb-util/2.0.0/kerb-util-2.0.0.pom (2.1 kB at 14 kB/s)
Downloading from central: https://repo1.maven.org/maven2/org/apache/kerby/token-provider/2.0.0/token-provider-2.0.0.pom
Progress (1): 857 B
Progress (1): 1.7 kB
                    
Downloaded from central: https://repo1.maven.org/maven2/org/apache/kerby/token-provider/2.0.0/token-provider-2.0.0.pom (1.7 kB at 33 kB/s)
Downloading from central: https://repo1.maven.org/maven2/org/apache/kerby/kerby-provider/2.0.0/kerby-provider-2.0.0.pom
Progress (1): 880 B
Progress (1): 1.2 kB
                    
Downloaded from central: https://repo1.maven.org/maven2/org/apache/kerby/kerby-provider/2.0.0/kerby-provider-2.0.0.pom (1.2 kB at 20 kB/s)
Downloading from central: https://repo1.maven.org/maven2/com/nimbusds/nimbus-jose-jwt/4.41.2/nimbus-jose-jwt-4.41.2.pom
Progress (1): 1.0 kB
Progress (1): 3.8 kB
Progress (1): 7.0 kB
Progress (1): 10 kB 
Progress (1): 13 kB
                   
Downloaded from central: https://repo1.maven.org/maven2/com/nimbusds/nimbus-jose-jwt/4.41.2/nimbus-jose-jwt-4.41.2.pom (13 kB at 187 kB/s)
Downloading from central: https://repo1.maven.org/maven2/com/github/stephenc/jcip/jcip-annotations/1.0-1/jcip-annotations-1.0-1.pom
Progress (1): 795 B
Progress (1): 2.5 kB
Progress (1): 5.4 kB
                    
Downloaded from central: https://repo1.maven.org/maven2/com/github/stephenc/jcip/jcip-annotations/1.0-1/jcip-annotations-1.0-1.pom (5.4 kB at 111 kB/s)
Downloading from apache.snapshots: https://repository.apache.org/snapshots/net/minidev/json-smart/maven-metadata.xml
Downloading from central: https://repo1.maven.org/maven2/net/minidev/json-smart/maven-metadata.xml
Progress (1): 1.4 kB
                    
Downloaded from central: https://repo1.maven.org/maven2/net/minidev/json-smart/maven-metadata.xml (1.4 kB at 18 kB/s)
Downloading from central: https://repo1.maven.org/maven2/net/minidev/json-smart/1.3.1/json-smart-1.3.1.pom
Progress (1): 908 B
Progress (1): 2.0 kB
                    
Downloaded from central: https://repo1.maven.org/maven2/net/minidev/json-smart/1.3.1/json-smart-1.3.1.pom (2.0 kB at 39 kB/s)
Downloading from central: https://repo1.maven.org/maven2/net/minidev/parent/1.3.1/parent-1.3.1.pom
Progress (1): 1.0 kB
Progress (1): 3.4 kB
Progress (1): 5.4 kB
Progress (1): 6.8 kB
Progress (1): 8.5 kB
                    
Downloaded from central: https://repo1.maven.org/maven2/net/minidev/parent/1.3.1/parent-1.3.1.pom (8.5 kB at 146 kB/s)
Downloading from central: https://repo1.maven.org/maven2/net/minidev/json-smart/1.3.2/json-smart-1.3.2.pom
Progress (1): 908 B
Progress (1): 2.0 kB
                    
Downloaded from central: https://repo1.maven.org/maven2/net/minidev/json-smart/1.3.2/json-smart-1.3.2.pom (2.0 kB at 46 kB/s)
Downloading from central: https://repo1.maven.org/maven2/net/minidev/parent/1.3.2/parent-1.3.2.pom
Progress (1): 978 B
Progress (1): 3.5 kB
Progress (1): 5.0 kB
Progress (1): 6.6 kB
Progress (1): 7.9 kB
                    
Downloaded from central: https://repo1.maven.org/maven2/net/minidev/parent/1.3.2/parent-1.3.2.pom (7.9 kB at 149 kB/s)
Downloading from central: https://repo1.maven.org/maven2/net/minidev/json-smart/1.3.3/json-smart-1.3.3.pom
Progress (1): 920 B
Progress (1): 2.0 kB
                    
Downloaded from central: https://repo1.maven.org/maven2/net/minidev/json-smart/1.3.3/json-smart-1.3.3.pom (2.0 kB at 34 kB/s)
Downloading from central: https://repo1.maven.org/maven2/net/minidev/json-smart/2.0-RC1/json-smart-2.0-RC1.pom
Progress (1): 924 B
Progress (1): 1.4 kB
                    
Downloaded from central: https://repo1.maven.org/maven2/net/minidev/json-smart/2.0-RC1/json-smart-2.0-RC1.pom (1.4 kB at 37 kB/s)
Downloading from central: https://repo1.maven.org/maven2/net/minidev/parent/2.0-RC1/parent-2.0-RC1.pom
Progress (1): 1.0 kB
Progress (1): 3.8 kB
Progress (1): 5.3 kB
Progress (1): 7.0 kB
Progress (1): 11 kB 
                   
Downloaded from central: https://repo1.maven.org/maven2/net/minidev/parent/2.0-RC1/parent-2.0-RC1.pom (11 kB at 222 kB/s)
Downloading from central: https://repo1.maven.org/maven2/net/minidev/asm/1.0-RC1/asm-1.0-RC1.pom
Progress (1): 1.6 kB
                    
Downloaded from central: https://repo1.maven.org/maven2/net/minidev/asm/1.0-RC1/asm-1.0-RC1.pom (1.6 kB at 36 kB/s)
Downloading from central: https://repo1.maven.org/maven2/net/minidev/json-smart/2.0-RC2/json-smart-2.0-RC2.pom
Progress (1): 923 B
Progress (1): 1.4 kB
                    
Downloaded from central: https://repo1.maven.org/maven2/net/minidev/json-smart/2.0-RC2/json-smart-2.0-RC2.pom (1.4 kB at 29 kB/s)
Downloading from central: https://repo1.maven.org/maven2/net/minidev/parent/2.0-RC2/parent-2.0-RC2.pom
Progress (1): 1.0 kB
Progress (1): 3.7 kB
Progress (1): 5.4 kB
Progress (1): 7.0 kB
Progress (1): 11 kB 
Progress (1): 11 kB
                   
Downloaded from central: https://repo1.maven.org/maven2/net/minidev/parent/2.0-RC2/parent-2.0-RC2.pom (11 kB at 209 kB/s)
Downloading from central: https://repo1.maven.org/maven2/net/minidev/json-smart/2.0-RC3/json-smart-2.0-RC3.pom
Progress (1): 923 B
Progress (1): 1.4 kB
                    
Downloaded from central: https://repo1.maven.org/maven2/net/minidev/json-smart/2.0-RC3/json-smart-2.0-RC3.pom (1.4 kB at 16 kB/s)
Downloading from central: https://repo1.maven.org/maven2/net/minidev/parent/2.0-RC3/parent-2.0-RC3.pom
Progress (1): 1.0 kB
Progress (1): 3.7 kB
Progress (1): 5.4 kB
Progress (1): 7.0 kB
Progress (1): 8.4 kB
                    
Downloaded from central: https://repo1.maven.org/maven2/net/minidev/parent/2.0-RC3/parent-2.0-RC3.pom (8.4 kB at 155 kB/s)
Downloading from central: https://repo1.maven.org/maven2/net/minidev/asm/1.0-RC3/asm-1.0-RC3.pom
Progress (1): 1.6 kB
                    
Downloaded from central: https://repo1.maven.org/maven2/net/minidev/asm/1.0-RC3/asm-1.0-RC3.pom (1.6 kB at 39 kB/s)
Downloading from central: https://repo1.maven.org/maven2/net/minidev/json-smart/2.0/json-smart-2.0.pom
Progress (1): 926 B
Progress (1): 1.4 kB
                    
Downloaded from central: https://repo1.maven.org/maven2/net/minidev/json-smart/2.0/json-smart-2.0.pom (1.4 kB at 30 kB/s)
Downloading from central: https://repo1.maven.org/maven2/net/minidev/parent/2.0/parent-2.0.pom
Progress (1): 1.1 kB
Progress (1): 3.4 kB
Progress (1): 5.4 kB
Progress (1): 6.9 kB
Progress (1): 8.6 kB
                    
Downloaded from central: https://repo1.maven.org/maven2/net/minidev/parent/2.0/parent-2.0.pom (8.6 kB at 106 kB/s)
Downloading from central: https://repo1.maven.org/maven2/net/minidev/asm/1.0/asm-1.0.pom
Progress (1): 1.6 kB
                    
Downloaded from central: https://repo1.maven.org/maven2/net/minidev/asm/1.0/asm-1.0.pom (1.6 kB at 36 kB/s)
Downloading from central: https://repo1.maven.org/maven2/net/minidev/json-smart/2.1.0/json-smart-2.1.0.pom
Progress (1): 908 B
Progress (1): 2.2 kB
                    
Downloaded from central: https://repo1.maven.org/maven2/net/minidev/json-smart/2.1.0/json-smart-2.1.0.pom (2.2 kB at 45 kB/s)
Downloading from central: https://repo1.maven.org/maven2/net/minidev/parent/2.1.0/parent-2.1.0.pom
Progress (1): 1.1 kB
Progress (1): 3.4 kB
Progress (1): 5.4 kB
Progress (1): 6.8 kB
Progress (1): 8.6 kB
                    
Downloaded from central: https://repo1.maven.org/maven2/net/minidev/parent/2.1.0/parent-2.1.0.pom (8.6 kB at 173 kB/s)
Downloading from central: https://repo1.maven.org/maven2/net/minidev/asm/1.0.2/asm-1.0.2.pom
Progress (1): 1.3 kB
Progress (1): 1.8 kB
                    
Downloaded from central: https://repo1.maven.org/maven2/net/minidev/asm/1.0.2/asm-1.0.2.pom (1.8 kB at 36 kB/s)
Downloading from central: https://repo1.maven.org/maven2/net/minidev/json-smart/2.1.1/json-smart-2.1.1.pom
Progress (1): 922 B
Progress (1): 2.2 kB
                    
Downloaded from central: https://repo1.maven.org/maven2/net/minidev/json-smart/2.1.1/json-smart-2.1.1.pom (2.2 kB at 53 kB/s)
Downloading from central: https://repo1.maven.org/maven2/net/minidev/json-smart/2.2/json-smart-2.2.pom
Progress (1): 902 B
Progress (1): 2.3 kB
                    
Downloaded from central: https://repo1.maven.org/maven2/net/minidev/json-smart/2.2/json-smart-2.2.pom (2.3 kB at 48 kB/s)
Downloading from central: https://repo1.maven.org/maven2/net/minidev/minidev-parent/2.2/minidev-parent-2.2.pom
Progress (1): 996 B
Progress (1): 3.2 kB
Progress (1): 5.4 kB
Progress (1): 6.8 kB
Progress (1): 9.1 kB
                    
Downloaded from central: https://repo1.maven.org/maven2/net/minidev/minidev-parent/2.2/minidev-parent-2.2.pom (9.1 kB at 207 kB/s)
Downloading from central: https://repo1.maven.org/maven2/net/minidev/accessors-smart/1.1/accessors-smart-1.1.pom
Progress (1): 1.2 kB
Progress (1): 2.1 kB
                    
Downloaded from central: https://repo1.maven.org/maven2/net/minidev/accessors-smart/1.1/accessors-smart-1.1.pom (2.1 kB at 44 kB/s)
Downloading from central: https://repo1.maven.org/maven2/org/ow2/asm/asm/5.0.3/asm-5.0.3.pom
Progress (1): 939 B
Progress (1): 1.9 kB
                    
Downloaded from central: https://repo1.maven.org/maven2/org/ow2/asm/asm/5.0.3/asm-5.0.3.pom (1.9 kB at 37 kB/s)
Downloading from central: https://repo1.maven.org/maven2/org/ow2/asm/asm-parent/5.0.3/asm-parent-5.0.3.pom
Progress (1): 930 B
Progress (1): 1.9 kB
Progress (1): 3.7 kB
Progress (1): 5.5 kB
                    
Downloaded from central: https://repo1.maven.org/maven2/org/ow2/asm/asm-parent/5.0.3/asm-parent-5.0.3.pom (5.5 kB at 95 kB/s)
Downloading from central: https://repo1.maven.org/maven2/org/ow2/ow2/1.3/ow2-1.3.pom
Progress (1): 851 B
Progress (1): 2.1 kB
Progress (1): 3.5 kB
Progress (1): 5.9 kB
Progress (1): 8.1 kB
Progress (1): 9.5 kB
                    
Downloaded from central: https://repo1.maven.org/maven2/org/ow2/ow2/1.3/ow2-1.3.pom (9.5 kB at 164 kB/s)
Downloading from central: https://repo1.maven.org/maven2/net/minidev/json-smart/2.2.1/json-smart-2.2.1.pom
Progress (1): 836 B
Progress (1): 2.5 kB
Progress (1): 4.5 kB
Progress (1): 6.1 kB
Progress (1): 9.3 kB
Progress (1): 12 kB 
                   
Downloaded from central: https://repo1.maven.org/maven2/net/minidev/json-smart/2.2.1/json-smart-2.2.1.pom (12 kB at 212 kB/s)
Downloading from central: https://repo1.maven.org/maven2/net/minidev/json-smart/2.3/json-smart-2.3.pom
Progress (1): 852 B
Progress (1): 2.3 kB
Progress (1): 3.8 kB
Progress (1): 5.3 kB
Progress (1): 8.0 kB
Progress (1): 9.0 kB
                    
Downloaded from central: https://repo1.maven.org/maven2/net/minidev/json-smart/2.3/json-smart-2.3.pom (9.0 kB at 161 kB/s)
Downloading from central: https://repo1.maven.org/maven2/net/minidev/minidev-parent/2.3/minidev-parent-2.3.pom
Progress (1): 1.0 kB
Progress (1): 3.4 kB
Progress (1): 5.1 kB
Progress (1): 6.8 kB
Progress (1): 8.5 kB
                    
Downloaded from central: https://repo1.maven.org/maven2/net/minidev/minidev-parent/2.3/minidev-parent-2.3.pom (8.5 kB at 82 kB/s)
Downloading from central: https://repo1.maven.org/maven2/net/minidev/accessors-smart/1.2/accessors-smart-1.2.pom
Progress (1): 1.0 kB
Progress (1): 2.9 kB
Progress (1): 4.5 kB
Progress (1): 6.8 kB
Progress (1): 11 kB 
Progress (1): 12 kB
                   
Downloaded from central: https://repo1.maven.org/maven2/net/minidev/accessors-smart/1.2/accessors-smart-1.2.pom (12 kB at 227 kB/s)
Downloading from central: https://repo1.maven.org/maven2/org/ow2/asm/asm/5.0.4/asm-5.0.4.pom
Progress (1): 939 B
Progress (1): 1.9 kB
                    
Downloaded from central: https://repo1.maven.org/maven2/org/ow2/asm/asm/5.0.4/asm-5.0.4.pom (1.9 kB at 22 kB/s)
Downloading from central: https://repo1.maven.org/maven2/org/ow2/asm/asm-parent/5.0.4/asm-parent-5.0.4.pom
Progress (1): 924 B
Progress (1): 1.9 kB
Progress (1): 3.7 kB
Progress (1): 5.5 kB
                    
Downloaded from central: https://repo1.maven.org/maven2/org/ow2/asm/asm-parent/5.0.4/asm-parent-5.0.4.pom (5.5 kB at 119 kB/s)
Downloading from central: https://repo1.maven.org/maven2/org/apache/kerby/kerb-admin/2.0.0/kerb-admin-2.0.0.pom
Progress (1): 867 B
Progress (1): 1.7 kB
                    
Downloaded from central: https://repo1.maven.org/maven2/org/apache/kerby/kerb-admin/2.0.0/kerb-admin-2.0.0.pom (1.7 kB at 16 kB/s)
Downloading from central: https://repo1.maven.org/maven2/org/apache/kerby/kerb-server/2.0.0/kerb-server-2.0.0.pom
Progress (1): 866 B
Progress (1): 1.9 kB
                    
Downloaded from central: https://repo1.maven.org/maven2/org/apache/kerby/kerb-server/2.0.0/kerb-server-2.0.0.pom (1.9 kB at 30 kB/s)
Downloading from central: https://repo1.maven.org/maven2/org/apache/kerby/kerb-identity/2.0.0/kerb-identity-2.0.0.pom
Progress (1): 867 B
Progress (1): 1.7 kB
                    
Downloaded from central: https://repo1.maven.org/maven2/org/apache/kerby/kerb-identity/2.0.0/kerb-identity-2.0.0.pom (1.7 kB at 19 kB/s)
Downloading from central: https://repo1.maven.org/maven2/org/apache/kerby/kerby-xdr/2.0.0/kerby-xdr-2.0.0.pom
Progress (1): 882 B
Progress (1): 1.4 kB
                    
Downloaded from central: https://repo1.maven.org/maven2/org/apache/kerby/kerby-xdr/2.0.0/kerby-xdr-2.0.0.pom (1.4 kB at 22 kB/s)
Downloading from central: https://repo1.maven.org/maven2/org/mockito/mockito-core/4.9.0/mockito-core-4.9.0.pom
Progress (1): 1.5 kB
Progress (1): 2.5 kB
                    
Downloaded from central: https://repo1.maven.org/maven2/org/mockito/mockito-core/4.9.0/mockito-core-4.9.0.pom (2.5 kB at 39 kB/s)
Downloading from central: https://repo1.maven.org/maven2/net/bytebuddy/byte-buddy/1.12.16/byte-buddy-1.12.16.pom
Progress (1): 973 B
Progress (1): 3.7 kB
Progress (1): 7.0 kB
Progress (1): 14 kB 
Progress (1): 16 kB
                   
Downloaded from central: https://repo1.maven.org/maven2/net/bytebuddy/byte-buddy/1.12.16/byte-buddy-1.12.16.pom (16 kB at 310 kB/s)
Downloading from central: https://repo1.maven.org/maven2/net/bytebuddy/byte-buddy-parent/1.12.16/byte-buddy-parent-1.12.16.pom
Progress (1): 829 B
Progress (1): 2.1 kB
Progress (1): 3.7 kB
Progress (1): 6.2 kB
Progress (1): 8.1 kB
Progress (1): 11 kB 
Progress (1): 13 kB
Progress (1): 17 kB
Progress (1): 22 kB
Progress (1): 25 kB
Progress (1): 36 kB
Progress (1): 44 kB
Progress (1): 50 kB
Progress (1): 54 kB
Progress (1): 57 kB
                   
Downloaded from central: https://repo1.maven.org/maven2/net/bytebuddy/byte-buddy-parent/1.12.16/byte-buddy-parent-1.12.16.pom (57 kB at 943 kB/s)
Downloading from central: https://repo1.maven.org/maven2/net/bytebuddy/byte-buddy-agent/1.12.16/byte-buddy-agent-1.12.16.pom
Progress (1): 1.1 kB
Progress (1): 3.6 kB
Progress (1): 6.5 kB
Progress (1): 9.9 kB
                    
Downloaded from central: https://repo1.maven.org/maven2/net/bytebuddy/byte-buddy-agent/1.12.16/byte-buddy-agent-1.12.16.pom (9.9 kB at 160 kB/s)
Downloading from central: https://repo1.maven.org/maven2/org/objenesis/objenesis/3.3/objenesis-3.3.pom
Progress (1): 795 B
Progress (1): 2.5 kB
Progress (1): 3.0 kB
                    
Downloaded from central: https://repo1.maven.org/maven2/org/objenesis/objenesis/3.3/objenesis-3.3.pom (3.0 kB at 33 kB/s)
Downloading from central: https://repo1.maven.org/maven2/org/objenesis/objenesis-parent/3.3/objenesis-parent-3.3.pom
Progress (1): 741 B
Progress (1): 2.3 kB
Progress (1): 4.5 kB
Progress (1): 6.6 kB
Progress (1): 10 kB 
Progress (1): 13 kB
Progress (1): 18 kB
Progress (1): 19 kB
                   
Downloaded from central: https://repo1.maven.org/maven2/org/objenesis/objenesis-parent/3.3/objenesis-parent-3.3.pom (19 kB at 342 kB/s)
Downloading from central: https://repo1.maven.org/maven2/org/mockito/mockito-inline/4.9.0/mockito-inline-4.9.0.pom
Progress (1): 1.3 kB
Progress (1): 2.2 kB
                    
Downloaded from central: https://repo1.maven.org/maven2/org/mockito/mockito-inline/4.9.0/mockito-inline-4.9.0.pom (2.2 kB at 25 kB/s)
Downloading from central: https://repo1.maven.org/maven2/org/jmockit/jmockit/1.48/jmockit-1.48.pom
Progress (1): 835 B
Progress (1): 3.0 kB
Progress (1): 5.6 kB
Progress (1): 8.4 kB
Progress (1): 10 kB 
                   
Downloaded from central: https://repo1.maven.org/maven2/org/jmockit/jmockit/1.48/jmockit-1.48.pom (10 kB at 67 kB/s)
Downloading from central: https://repo1.maven.org/maven2/org/junit/jupiter/junit-jupiter-api/5.6.2/junit-jupiter-api-5.6.2.pom
Progress (1): 951 B
Progress (1): 3.2 kB
                    
Downloaded from central: https://repo1.maven.org/maven2/org/junit/jupiter/junit-jupiter-api/5.6.2/junit-jupiter-api-5.6.2.pom (3.2 kB at 71 kB/s)
Downloading from central: https://repo1.maven.org/maven2/org/junit/junit-bom/5.6.2/junit-bom-5.6.2.pom
Progress (1): 916 B
Progress (1): 4.1 kB
Progress (1): 4.9 kB
                    
Downloaded from central: https://repo1.maven.org/maven2/org/junit/junit-bom/5.6.2/junit-bom-5.6.2.pom (4.9 kB at 99 kB/s)
Downloading from central: https://repo1.maven.org/maven2/org/apiguardian/apiguardian-api/1.1.0/apiguardian-api-1.1.0.pom
Progress (1): 1.2 kB
                    
Downloaded from central: https://repo1.maven.org/maven2/org/apiguardian/apiguardian-api/1.1.0/apiguardian-api-1.1.0.pom (1.2 kB at 1.8 kB/s)
Downloading from central: https://repo1.maven.org/maven2/org/opentest4j/opentest4j/1.2.0/opentest4j-1.2.0.pom
Progress (1): 1.2 kB
Progress (1): 1.7 kB
                    
Downloaded from central: https://repo1.maven.org/maven2/org/opentest4j/opentest4j/1.2.0/opentest4j-1.2.0.pom (1.7 kB at 28 kB/s)
Downloading from central: https://repo1.maven.org/maven2/org/junit/platform/junit-platform-commons/1.6.2/junit-platform-commons-1.6.2.pom
Progress (1): 963 B
Progress (1): 2.8 kB
                    
Downloaded from central: https://repo1.maven.org/maven2/org/junit/platform/junit-platform-commons/1.6.2/junit-platform-commons-1.6.2.pom (2.8 kB at 40 kB/s)
Downloading from central: https://repo1.maven.org/maven2/org/junit/jupiter/junit-jupiter-engine/5.6.2/junit-jupiter-engine-5.6.2.pom
Progress (1): 960 B
Progress (1): 3.2 kB
                    
Downloaded from central: https://repo1.maven.org/maven2/org/junit/jupiter/junit-jupiter-engine/5.6.2/junit-jupiter-engine-5.6.2.pom (3.2 kB at 38 kB/s)
Downloading from central: https://repo1.maven.org/maven2/org/junit/platform/junit-platform-engine/1.6.2/junit-platform-engine-1.6.2.pom
Progress (1): 957 B
Progress (1): 3.2 kB
                    
Downloaded from central: https://repo1.maven.org/maven2/org/junit/platform/junit-platform-engine/1.6.2/junit-platform-engine-1.6.2.pom (3.2 kB at 48 kB/s)
Downloading from central: https://repo1.maven.org/maven2/org/junit/jupiter/junit-jupiter-params/5.6.2/junit-jupiter-params-5.6.2.pom
Progress (1): 962 B
Progress (1): 3.0 kB
                    
Downloaded from central: https://repo1.maven.org/maven2/org/junit/jupiter/junit-jupiter-params/5.6.2/junit-jupiter-params-5.6.2.pom (3.0 kB at 53 kB/s)
Downloading from central: https://repo1.maven.org/maven2/org/junit/platform/junit-platform-runner/1.6.2/junit-platform-runner-1.6.2.pom
Progress (1): 954 B
Progress (1): 3.4 kB
Progress (1): 3.5 kB
                    
Downloaded from central: https://repo1.maven.org/maven2/org/junit/platform/junit-platform-runner/1.6.2/junit-platform-runner-1.6.2.pom (3.5 kB at 51 kB/s)
Downloading from central: https://repo1.maven.org/maven2/junit/junit/4.13/junit-4.13.pom
Progress (1): 1.0 kB
Progress (1): 3.2 kB
Progress (1): 5.0 kB
Progress (1): 7.0 kB
Progress (1): 9.8 kB
Progress (1): 13 kB 
Progress (1): 16 kB
Progress (1): 21 kB
Progress (1): 25 kB
                   
Downloaded from central: https://repo1.maven.org/maven2/junit/junit/4.13/junit-4.13.pom (25 kB at 313 kB/s)
Downloading from central: https://repo1.maven.org/maven2/org/junit/platform/junit-platform-launcher/1.6.2/junit-platform-launcher-1.6.2.pom
Progress (1): 967 B
Progress (1): 3.0 kB
                    
Downloaded from central: https://repo1.maven.org/maven2/org/junit/platform/junit-platform-launcher/1.6.2/junit-platform-launcher-1.6.2.pom (3.0 kB at 46 kB/s)
Downloading from central: https://repo1.maven.org/maven2/org/junit/platform/junit-platform-suite-api/1.6.2/junit-platform-suite-api-1.6.2.pom
Progress (1): 962 B
Progress (1): 2.8 kB
                    
Downloaded from central: https://repo1.maven.org/maven2/org/junit/platform/junit-platform-suite-api/1.6.2/junit-platform-suite-api-1.6.2.pom (2.8 kB at 35 kB/s)
Downloading from central: https://repo1.maven.org/maven2/org/burningwave/tools/0.25.4/tools-0.25.4.pom
Progress (1): 2.1 kB
Progress (1): 3.2 kB
Progress (1): 4.7 kB
Progress (1): 6.7 kB
Progress (1): 9.6 kB
Progress (1): 12 kB 
Progress (1): 14 kB
                   
Downloaded from central: https://repo1.maven.org/maven2/org/burningwave/tools/0.25.4/tools-0.25.4.pom (14 kB at 60 kB/s)
Downloading from central: https://repo1.maven.org/maven2/org/burningwave/core/12.62.5/core-12.62.5.pom
Progress (1): 2.1 kB
Progress (1): 3.2 kB
Progress (1): 4.7 kB
Progress (1): 6.7 kB
Progress (1): 10.0 kB
Progress (1): 12 kB  
Progress (1): 15 kB
Progress (1): 19 kB
Progress (1): 20 kB
                   
Downloaded from central: https://repo1.maven.org/maven2/org/burningwave/core/12.62.5/core-12.62.5.pom (20 kB at 113 kB/s)
Downloading from central: https://repo1.maven.org/maven2/org/burningwave/jvm-driver/8.14.0/jvm-driver-8.14.0.pom
Progress (1): 1.8 kB
Progress (1): 3.1 kB
Progress (1): 4.8 kB
Progress (1): 7.0 kB
Progress (1): 9.6 kB
Progress (1): 12 kB 
Progress (1): 15 kB
Progress (1): 18 kB
                   
Downloaded from central: https://repo1.maven.org/maven2/org/burningwave/jvm-driver/8.14.0/jvm-driver-8.14.0.pom (18 kB at 46 kB/s)
Downloading from central: https://repo1.maven.org/maven2/io/github/toolfactory/jvm-driver/9.4.2/jvm-driver-9.4.2.pom
Progress (1): 1.9 kB
Progress (1): 3.0 kB
Progress (1): 4.9 kB
Progress (1): 7.3 kB
Progress (1): 10.0 kB
Progress (1): 13 kB  
Progress (1): 15 kB
Progress (1): 18 kB
Progress (1): 19 kB
                   
Downloaded from central: https://repo1.maven.org/maven2/io/github/toolfactory/jvm-driver/9.4.2/jvm-driver-9.4.2.pom (19 kB at 259 kB/s)
Downloading from central: https://repo1.maven.org/maven2/org/xerial/snappy/snappy-java/1.1.10.5/snappy-java-1.1.10.5.pom
Progress (1): 1.3 kB
Progress (1): 3.1 kB
                    
Downloaded from central: https://repo1.maven.org/maven2/org/xerial/snappy/snappy-java/1.1.10.5/snappy-java-1.1.10.5.pom (3.1 kB at 48 kB/s)
Downloading from central: https://repo1.maven.org/maven2/dnsjava/dnsjava/3.5.1/dnsjava-3.5.1.pom
Progress (1): 904 B
Progress (1): 2.8 kB
Progress (1): 5.7 kB
Progress (1): 8.9 kB
Progress (1): 13 kB 
Progress (1): 16 kB
Progress (1): 21 kB
Progress (1): 21 kB
                   
Downloaded from central: https://repo1.maven.org/maven2/dnsjava/dnsjava/3.5.1/dnsjava-3.5.1.pom (21 kB at 254 kB/s)
Downloading from central: https://repo1.maven.org/maven2/com/github/spotbugs/spotbugs-annotations/4.0.2/spotbugs-annotations-4.0.2.jar
Downloading from central: https://repo1.maven.org/maven2/com/google/code/findbugs/jsr305/3.0.2/jsr305-3.0.2.jar
Downloading from central: https://repo1.maven.org/maven2/org/hamcrest/hamcrest-library/2.2/hamcrest-library-2.2.jar
Downloading from central: https://repo1.maven.org/maven2/org/hamcrest/hamcrest-core/2.2/hamcrest-core-2.2.jar
Downloading from central: https://repo1.maven.org/maven2/org/hamcrest/hamcrest/2.2/hamcrest-2.2.jar
Progress (1): 7.7/20 kB
Progress (1): 8.2/20 kB
Progress (1): 20 kB    
                   
Downloaded from central: https://repo1.maven.org/maven2/com/google/code/findbugs/jsr305/3.0.2/jsr305-3.0.2.jar (20 kB at 350 kB/s)
Downloading from central: https://repo1.maven.org/maven2/commons-cli/commons-cli/1.5.0/commons-cli-1.5.0.jar
Progress (1): 0.9/1.5 kB
Progress (1): 1.5 kB    
Progress (2): 1.5 kB | 0.9/123 kB
Progress (3): 1.5 kB | 0.9/123 kB | 7.7/58 kB
Progress (4): 1.5 kB | 0.9/123 kB | 7.7/58 kB | 0.9/1.5 kB
Progress (4): 1.5 kB | 0.9/123 kB | 7.7/58 kB | 1.5 kB    
Progress (4): 1.5 kB | 0.9/123 kB | 16/58 kB | 1.5 kB 
Progress (4): 1.5 kB | 0.9/123 kB | 25/58 kB | 1.5 kB
Progress (4): 1.5 kB | 0.9/123 kB | 41/58 kB | 1.5 kB
Progress (4): 1.5 kB | 0.9/123 kB | 57/58 kB | 1.5 kB
Progress (4): 1.5 kB | 0.9/123 kB | 58 kB | 1.5 kB   
Progress (4): 1.5 kB | 2.3/123 kB | 58 kB | 1.5 kB
Progress (4): 1.5 kB | 3.7/123 kB | 58 kB | 1.5 kB
Progress (5): 1.5 kB | 3.7/123 kB | 58 kB | 1.5 kB | 0.9/15 kB
Progress (5): 1.5 kB | 3.7/123 kB | 58 kB | 1.5 kB | 2.3/15 kB
Progress (5): 1.5 kB | 3.7/123 kB | 58 kB | 1.5 kB | 3.7/15 kB
Progress (5): 1.5 kB | 3.7/123 kB | 58 kB | 1.5 kB | 5.0/15 kB
Progress (5): 1.5 kB | 3.7/123 kB | 58 kB | 1.5 kB | 6.4/15 kB
Progress (5): 1.5 kB | 3.7/123 kB | 58 kB | 1.5 kB | 7.8/15 kB
Progress (5): 1.5 kB | 3.7/123 kB | 58 kB | 1.5 kB | 9.1/15 kB
Progress (5): 1.5 kB | 3.7/123 kB | 58 kB | 1.5 kB | 11/15 kB 
Progress (5): 1.5 kB | 3.7/123 kB | 58 kB | 1.5 kB | 12/15 kB
Progress (5): 1.5 kB | 3.7/123 kB | 58 kB | 1.5 kB | 13/15 kB
Progress (5): 1.5 kB | 3.7/123 kB | 58 kB | 1.5 kB | 14/15 kB
Progress (5): 1.5 kB | 3.7/123 kB | 58 kB | 1.5 kB | 15 kB   
Progress (5): 1.5 kB | 5.0/123 kB | 58 kB | 1.5 kB | 15 kB
Progress (5): 1.5 kB | 6.4/123 kB | 58 kB | 1.5 kB | 15 kB
Progress (5): 1.5 kB | 7.8/123 kB | 58 kB | 1.5 kB | 15 kB
Progress (5): 1.5 kB | 9.1/123 kB | 58 kB | 1.5 kB | 15 kB
Progress (5): 1.5 kB | 11/123 kB | 58 kB | 1.5 kB | 15 kB 
Progress (5): 1.5 kB | 12/123 kB | 58 kB | 1.5 kB | 15 kB
Progress (5): 1.5 kB | 13/123 kB | 58 kB | 1.5 kB | 15 kB
Progress (5): 1.5 kB | 15/123 kB | 58 kB | 1.5 kB | 15 kB
Progress (5): 1.5 kB | 16/123 kB | 58 kB | 1.5 kB | 15 kB
Progress (5): 1.5 kB | 17/123 kB | 58 kB | 1.5 kB | 15 kB
Progress (5): 1.5 kB | 19/123 kB | 58 kB | 1.5 kB | 15 kB
Progress (5): 1.5 kB | 20/123 kB | 58 kB | 1.5 kB | 15 kB
Progress (5): 1.5 kB | 21/123 kB | 58 kB | 1.5 kB | 15 kB
Progress (5): 1.5 kB | 23/123 kB | 58 kB | 1.5 kB | 15 kB
Progress (5): 1.5 kB | 24/123 kB | 58 kB | 1.5 kB | 15 kB
Progress (5): 1.5 kB | 26/123 kB | 58 kB | 1.5 kB | 15 kB
Progress (5): 1.5 kB | 27/123 kB | 58 kB | 1.5 kB | 15 kB
Progress (5): 1.5 kB | 28/123 kB | 58 kB | 1.5 kB | 15 kB
Progress (5): 1.5 kB | 30/123 kB | 58 kB | 1.5 kB | 15 kB
Progress (5): 1.5 kB | 31/123 kB | 58 kB | 1.5 kB | 15 kB
Progress (5): 1.5 kB | 32/123 kB | 58 kB | 1.5 kB | 15 kB
                                                         
Downloaded from central: https://repo1.maven.org/maven2/org/hamcrest/hamcrest-core/2.2/hamcrest-core-2.2.jar (1.5 kB at 13 kB/s)
Downloading from central: https://repo1.maven.org/maven2/org/apache/yetus/audience-annotations/0.12.0/audience-annotations-0.12.0.jar
Progress (4): 1.5 kB | 34/123 kB | 58 kB | 15 kB
Progress (4): 1.5 kB | 35/123 kB | 58 kB | 15 kB
Progress (4): 1.5 kB | 37/123 kB | 58 kB | 15 kB
Progress (4): 1.5 kB | 38/123 kB | 58 kB | 15 kB
Progress (4): 1.5 kB | 39/123 kB | 58 kB | 15 kB
                                                
Downloaded from central: https://repo1.maven.org/maven2/org/hamcrest/hamcrest-library/2.2/hamcrest-library-2.2.jar (1.5 kB at 13 kB/s)
Progress (3): 41/123 kB | 58 kB | 15 kB
                                       
Downloading from central: https://repo1.maven.org/maven2/io/netty/netty-handler/4.1.130.Final/netty-handler-4.1.130.Final.jar
Progress (3): 42/123 kB | 58 kB | 15 kB
Progress (3): 43/123 kB | 58 kB | 15 kB
                                       
Downloaded from central: https://repo1.maven.org/maven2/commons-cli/commons-cli/1.5.0/commons-cli-1.5.0.jar (58 kB at 482 kB/s)
Progress (2): 45/123 kB | 15 kB
                               
Downloading from central: https://repo1.maven.org/maven2/io/netty/netty-common/4.1.130.Final/netty-common-4.1.130.Final.jar
Progress (2): 46/123 kB | 15 kB
Progress (2): 47/123 kB | 15 kB
Progress (2): 49/123 kB | 15 kB
Progress (2): 50/123 kB | 15 kB
Progress (2): 52/123 kB | 15 kB
Progress (2): 53/123 kB | 15 kB
Progress (2): 54/123 kB | 15 kB
Progress (2): 56/123 kB | 15 kB
Progress (2): 60/123 kB | 15 kB
Progress (2): 64/123 kB | 15 kB
Progress (2): 68/123 kB | 15 kB
Progress (2): 73/123 kB | 15 kB
Progress (2): 77/123 kB | 15 kB
                               
Downloaded from central: https://repo1.maven.org/maven2/com/github/spotbugs/spotbugs-annotations/4.0.2/spotbugs-annotations-4.0.2.jar (15 kB at 121 kB/s)
Downloading from central: https://repo1.maven.org/maven2/io/netty/netty-resolver/4.1.130.Final/netty-resolver-4.1.130.Final.jar
Progress (1): 81/123 kB
Progress (1): 85/123 kB
Progress (1): 90/123 kB
Progress (1): 94/123 kB
Progress (1): 98/123 kB
Progress (1): 102/123 kB
Progress (1): 106/123 kB
Progress (1): 111/123 kB
Progress (1): 115/123 kB
Progress (1): 119/123 kB
Progress (1): 123/123 kB
Progress (1): 123 kB    
                    
Downloaded from central: https://repo1.maven.org/maven2/org/hamcrest/hamcrest/2.2/hamcrest-2.2.jar (123 kB at 894 kB/s)
Downloading from central: https://repo1.maven.org/maven2/io/netty/netty-buffer/4.1.130.Final/netty-buffer-4.1.130.Final.jar
Progress (1): 7.7/581 kB
Progress (1): 16/581 kB 
Progress (2): 16/581 kB | 0.9/21 kB
Progress (2): 32/581 kB | 0.9/21 kB
Progress (2): 49/581 kB | 0.9/21 kB
Progress (2): 49/581 kB | 2.3/21 kB
Progress (2): 49/581 kB | 3.7/21 kB
Progress (2): 49/581 kB | 5.0/21 kB
Progress (2): 65/581 kB | 5.0/21 kB
Progress (2): 65/581 kB | 6.4/21 kB
Progress (2): 65/581 kB | 7.8/21 kB
Progress (2): 65/581 kB | 9.1/21 kB
Progress (2): 81/581 kB | 9.1/21 kB
Progress (2): 81/581 kB | 11/21 kB 
Progress (2): 81/581 kB | 12/21 kB
Progress (2): 81/581 kB | 13/21 kB
Progress (2): 81/581 kB | 15/21 kB
Progress (2): 98/581 kB | 15/21 kB
Progress (2): 98/581 kB | 16/21 kB
Progress (2): 98/581 kB | 17/21 kB
Progress (2): 114/581 kB | 17/21 kB
Progress (2): 114/581 kB | 19/21 kB
Progress (2): 114/581 kB | 20/21 kB
Progress (2): 114/581 kB | 21 kB   
Progress (2): 131/581 kB | 21 kB
Progress (2): 147/581 kB | 21 kB
Progress (2): 163/581 kB | 21 kB
Progress (2): 180/581 kB | 21 kB
Progress (3): 180/581 kB | 21 kB | 0.9/725 kB
Progress (3): 180/581 kB | 21 kB | 2.3/725 kB
Progress (3): 180/581 kB | 21 kB | 3.7/725 kB
Progress (3): 196/581 kB | 21 kB | 3.7/725 kB
Progress (3): 213/581 kB | 21 kB | 3.7/725 kB
Progress (3): 229/581 kB | 21 kB | 3.7/725 kB
Progress (3): 229/581 kB | 21 kB | 5.0/725 kB
Progress (3): 229/581 kB | 21 kB | 6.4/725 kB
Progress (3): 245/581 kB | 21 kB | 6.4/725 kB
Progress (3): 245/581 kB | 21 kB | 7.8/725 kB
Progress (3): 245/581 kB | 21 kB | 9.1/725 kB
Progress (3): 245/581 kB | 21 kB | 11/725 kB 
Progress (3): 245/581 kB | 21 kB | 12/725 kB
Progress (3): 262/581 kB | 21 kB | 12/725 kB
Progress (3): 262/581 kB | 21 kB | 13/725 kB
Progress (3): 262/581 kB | 21 kB | 15/725 kB
Progress (3): 262/581 kB | 21 kB | 16/725 kB
Progress (3): 278/581 kB | 21 kB | 16/725 kB
Progress (3): 278/581 kB | 21 kB | 17/725 kB
Progress (3): 278/581 kB | 21 kB | 19/725 kB
Progress (3): 278/581 kB | 21 kB | 20/725 kB
Progress (3): 278/581 kB | 21 kB | 21/725 kB
Progress (3): 278/581 kB | 21 kB | 23/725 kB
Progress (3): 294/581 kB | 21 kB | 23/725 kB
Progress (3): 294/581 kB | 21 kB | 24/725 kB
Progress (3): 294/581 kB | 21 kB | 25/725 kB
Progress (3): 294/581 kB | 21 kB | 26/725 kB
Progress (3): 294/581 kB | 21 kB | 27/725 kB
Progress (3): 311/581 kB | 21 kB | 27/725 kB
Progress (3): 311/581 kB | 21 kB | 29/725 kB
Progress (3): 311/581 kB | 21 kB | 30/725 kB
Progress (3): 311/581 kB | 21 kB | 31/725 kB
Progress (3): 311/581 kB | 21 kB | 33/725 kB
Progress (3): 327/581 kB | 21 kB | 33/725 kB
Progress (3): 327/581 kB | 21 kB | 34/725 kB
Progress (3): 327/581 kB | 21 kB | 36/725 kB
Progress (3): 327/581 kB | 21 kB | 37/725 kB
Progress (3): 327/581 kB | 21 kB | 38/725 kB
Progress (3): 327/581 kB | 21 kB | 40/725 kB
Progress (4): 327/581 kB | 21 kB | 40/725 kB | 0.9/38 kB
Progress (4): 327/581 kB | 21 kB | 41/725 kB | 0.9/38 kB
Progress (4): 344/581 kB | 21 kB | 41/725 kB | 0.9/38 kB
Progress (4): 344/581 kB | 21 kB | 42/725 kB | 0.9/38 kB
Progress (4): 344/581 kB | 21 kB | 44/725 kB | 0.9/38 kB
Progress (4): 344/581 kB | 21 kB | 45/725 kB | 0.9/38 kB
Progress (4): 344/581 kB | 21 kB | 46/725 kB | 0.9/38 kB
Progress (4): 360/581 kB | 21 kB | 46/725 kB | 0.9/38 kB
Progress (4): 360/581 kB | 21 kB | 48/725 kB | 0.9/38 kB
Progress (4): 360/581 kB | 21 kB | 49/725 kB | 0.9/38 kB
Progress (4): 360/581 kB | 21 kB | 51/725 kB | 0.9/38 kB
Progress (4): 360/581 kB | 21 kB | 52/725 kB | 0.9/38 kB
Progress (4): 376/581 kB | 21 kB | 52/725 kB | 0.9/38 kB
Progress (4): 376/581 kB | 21 kB | 56/725 kB | 0.9/38 kB
Progress (4): 376/581 kB | 21 kB | 60/725 kB | 0.9/38 kB
Progress (4): 393/581 kB | 21 kB | 60/725 kB | 0.9/38 kB
Progress (4): 393/581 kB | 21 kB | 60/725 kB | 2.3/38 kB
Progress (4): 409/581 kB | 21 kB | 60/725 kB | 2.3/38 kB
Progress (4): 426/581 kB | 21 kB | 60/725 kB | 2.3/38 kB
Progress (4): 442/581 kB | 21 kB | 60/725 kB | 2.3/38 kB
Progress (4): 442/581 kB | 21 kB | 60/725 kB | 3.7/38 kB
Progress (4): 442/581 kB | 21 kB | 60/725 kB | 5.0/38 kB
Progress (4): 458/581 kB | 21 kB | 60/725 kB | 5.0/38 kB
Progress (4): 458/581 kB | 21 kB | 60/725 kB | 6.4/38 kB
Progress (4): 458/581 kB | 21 kB | 60/725 kB | 7.8/38 kB
Progress (4): 458/581 kB | 21 kB | 60/725 kB | 8.2/38 kB
Progress (4): 458/581 kB | 21 kB | 60/725 kB | 9.6/38 kB
Progress (4): 475/581 kB | 21 kB | 60/725 kB | 9.6/38 kB
Progress (4): 475/581 kB | 21 kB | 60/725 kB | 11/38 kB 
Progress (4): 475/581 kB | 21 kB | 60/725 kB | 12/38 kB
Progress (4): 491/581 kB | 21 kB | 60/725 kB | 12/38 kB
Progress (4): 491/581 kB | 21 kB | 60/725 kB | 14/38 kB
Progress (4): 491/581 kB | 21 kB | 60/725 kB | 15/38 kB
Progress (4): 507/581 kB | 21 kB | 60/725 kB | 15/38 kB
Progress (4): 507/581 kB | 21 kB | 60/725 kB | 16/38 kB
Progress (4): 507/581 kB | 21 kB | 60/725 kB | 18/38 kB
Progress (4): 507/581 kB | 21 kB | 60/725 kB | 19/38 kB
Progress (4): 507/581 kB | 21 kB | 60/725 kB | 21/38 kB
Progress (4): 524/581 kB | 21 kB | 60/725 kB | 21/38 kB
Progress (4): 524/581 kB | 21 kB | 60/725 kB | 22/38 kB
Progress (4): 524/581 kB | 21 kB | 60/725 kB | 23/38 kB
Progress (4): 524/581 kB | 21 kB | 60/725 kB | 25/38 kB
Progress (4): 524/581 kB | 21 kB | 65/725 kB | 25/38 kB
Progress (4): 540/581 kB | 21 kB | 65/725 kB | 25/38 kB
Progress (4): 540/581 kB | 21 kB | 65/725 kB | 26/38 kB
Progress (4): 540/581 kB | 21 kB | 65/725 kB | 27/38 kB
Progress (4): 540/581 kB | 21 kB | 65/725 kB | 29/38 kB
Progress (4): 540/581 kB | 21 kB | 69/725 kB | 29/38 kB
Progress (4): 540/581 kB | 21 kB | 69/725 kB | 30/38 kB
Progress (4): 557/581 kB | 21 kB | 69/725 kB | 30/38 kB
Progress (4): 557/581 kB | 21 kB | 73/725 kB | 30/38 kB
Progress (4): 557/581 kB | 21 kB | 73/725 kB | 31/38 kB
Progress (4): 557/581 kB | 21 kB | 77/725 kB | 31/38 kB
Progress (4): 557/581 kB | 21 kB | 77/725 kB | 33/38 kB
Progress (4): 557/581 kB | 21 kB | 77/725 kB | 34/38 kB
Progress (4): 557/581 kB | 21 kB | 82/725 kB | 34/38 kB
Progress (4): 573/581 kB | 21 kB | 82/725 kB | 34/38 kB
Progress (4): 573/581 kB | 21 kB | 82/725 kB | 36/38 kB
Progress (4): 573/581 kB | 21 kB | 86/725 kB | 36/38 kB
Progress (4): 573/581 kB | 21 kB | 86/725 kB | 37/38 kB
Progress (4): 573/581 kB | 21 kB | 90/725 kB | 37/38 kB
Progress (4): 573/581 kB | 21 kB | 90/725 kB | 38 kB   
Progress (4): 581 kB | 21 kB | 90/725 kB | 38 kB    
Progress (4): 581 kB | 21 kB | 94/725 kB | 38 kB
Progress (4): 581 kB | 21 kB | 98/725 kB | 38 kB
Progress (4): 581 kB | 21 kB | 103/725 kB | 38 kB
Progress (4): 581 kB | 21 kB | 107/725 kB | 38 kB
Progress (4): 581 kB | 21 kB | 111/725 kB | 38 kB
Progress (4): 581 kB | 21 kB | 115/725 kB | 38 kB
Progress (4): 581 kB | 21 kB | 120/725 kB | 38 kB
Progress (4): 581 kB | 21 kB | 123/725 kB | 38 kB
Progress (4): 581 kB | 21 kB | 127/725 kB | 38 kB
                                                 
Downloaded from central: https://repo1.maven.org/maven2/org/apache/yetus/audience-annotations/0.12.0/audience-annotations-0.12.0.jar (21 kB at 120 kB/s)
Downloading from central: https://repo1.maven.org/maven2/io/netty/netty-transport/4.1.130.Final/netty-transport-4.1.130.Final.jar
Downloaded from central: https://repo1.maven.org/maven2/io/netty/netty-resolver/4.1.130.Final/netty-resolver-4.1.130.Final.jar (38 kB at 207 kB/s)
Downloading from central: https://repo1.maven.org/maven2/io/netty/netty-transport-native-unix-common/4.1.130.Final/netty-transport-native-unix-common-4.1.130.Final.jar
Progress (2): 581 kB | 131/725 kB
Progress (2): 581 kB | 136/725 kB
Progress (2): 581 kB | 140/725 kB
Progress (2): 581 kB | 144/725 kB
Progress (2): 581 kB | 148/725 kB
Progress (2): 581 kB | 152/725 kB
Progress (2): 581 kB | 157/725 kB
Progress (2): 581 kB | 161/725 kB
Progress (2): 581 kB | 165/725 kB
Progress (2): 581 kB | 169/725 kB
                                 
Downloaded from central: https://repo1.maven.org/maven2/io/netty/netty-handler/4.1.130.Final/netty-handler-4.1.130.Final.jar (581 kB at 3.1 MB/s)
Downloading from central: https://repo1.maven.org/maven2/io/netty/netty-codec/4.1.130.Final/netty-codec-4.1.130.Final.jar
Progress (1): 174/725 kB
Progress (1): 178/725 kB
Progress (1): 182/725 kB
Progress (1): 186/725 kB
Progress (1): 188/725 kB
Progress (1): 193/725 kB
Progress (1): 197/725 kB
Progress (1): 201/725 kB
Progress (2): 201/725 kB | 3.8/355 kB
Progress (2): 205/725 kB | 3.8/355 kB
Progress (2): 205/725 kB | 8.0/355 kB
Progress (2): 210/725 kB | 8.0/355 kB
Progress (2): 210/725 kB | 12/355 kB 
Progress (2): 214/725 kB | 12/355 kB
Progress (2): 214/725 kB | 16/355 kB
Progress (2): 218/725 kB | 16/355 kB
Progress (2): 218/725 kB | 21/355 kB
Progress (2): 218/725 kB | 25/355 kB
Progress (2): 218/725 kB | 28/355 kB
Progress (2): 218/725 kB | 32/355 kB
Progress (2): 234/725 kB | 32/355 kB
Progress (2): 234/725 kB | 36/355 kB
Progress (2): 234/725 kB | 41/355 kB
Progress (2): 234/725 kB | 45/355 kB
Progress (2): 234/725 kB | 49/355 kB
Progress (2): 234/725 kB | 53/355 kB
Progress (2): 251/725 kB | 53/355 kB
Progress (2): 251/725 kB | 58/355 kB
Progress (2): 251/725 kB | 62/355 kB
Progress (2): 251/725 kB | 66/355 kB
Progress (2): 251/725 kB | 70/355 kB
Progress (2): 251/725 kB | 74/355 kB
Progress (2): 251/725 kB | 79/355 kB
Progress (2): 251/725 kB | 83/355 kB
Progress (2): 251/725 kB | 87/355 kB
Progress (2): 251/725 kB | 91/355 kB
Progress (2): 251/725 kB | 96/355 kB
Progress (2): 251/725 kB | 112/355 kB
Progress (2): 251/725 kB | 128/355 kB
Progress (2): 267/725 kB | 128/355 kB
Progress (2): 284/725 kB | 128/355 kB
Progress (2): 284/725 kB | 145/355 kB
Progress (2): 300/725 kB | 145/355 kB
Progress (2): 300/725 kB | 159/355 kB
Progress (2): 316/725 kB | 159/355 kB
Progress (2): 319/725 kB | 159/355 kB
Progress (2): 319/725 kB | 175/355 kB
Progress (2): 336/725 kB | 175/355 kB
Progress (2): 352/725 kB | 175/355 kB
Progress (2): 352/725 kB | 192/355 kB
Progress (2): 352/725 kB | 208/355 kB
Progress (2): 369/725 kB | 208/355 kB
Progress (2): 385/725 kB | 208/355 kB
Progress (2): 385/725 kB | 225/355 kB
Progress (2): 385/725 kB | 229/355 kB
Progress (2): 401/725 kB | 229/355 kB
Progress (2): 401/725 kB | 246/355 kB
Progress (2): 418/725 kB | 246/355 kB
Progress (2): 418/725 kB | 262/355 kB
Progress (2): 434/725 kB | 262/355 kB
Progress (2): 434/725 kB | 279/355 kB
Progress (3): 434/725 kB | 279/355 kB | 7.7/522 kB
Progress (3): 434/725 kB | 279/355 kB | 16/522 kB 
Progress (3): 434/725 kB | 295/355 kB | 16/522 kB
Progress (3): 434/725 kB | 295/355 kB | 32/522 kB
Progress (3): 451/725 kB | 295/355 kB | 32/522 kB
Progress (3): 451/725 kB | 295/355 kB | 49/522 kB
Progress (3): 467/725 kB | 295/355 kB | 49/522 kB
Progress (3): 467/725 kB | 295/355 kB | 65/522 kB
Progress (3): 467/725 kB | 295/355 kB | 81/522 kB
Progress (3): 467/725 kB | 311/355 kB | 81/522 kB
Progress (3): 467/725 kB | 311/355 kB | 98/522 kB
Progress (3): 483/725 kB | 311/355 kB | 98/522 kB
Progress (3): 483/725 kB | 328/355 kB | 98/522 kB
Progress (3): 483/725 kB | 328/355 kB | 114/522 kB
Progress (3): 483/725 kB | 344/355 kB | 114/522 kB
Progress (3): 483/725 kB | 344/355 kB | 131/522 kB
Progress (3): 500/725 kB | 344/355 kB | 131/522 kB
Progress (3): 500/725 kB | 355 kB | 131/522 kB    
Progress (3): 516/725 kB | 355 kB | 131/522 kB
Progress (3): 516/725 kB | 355 kB | 147/522 kB
Progress (3): 516/725 kB | 355 kB | 163/522 kB
Progress (3): 532/725 kB | 355 kB | 163/522 kB
Progress (3): 532/725 kB | 355 kB | 180/522 kB
Progress (3): 549/725 kB | 355 kB | 180/522 kB
Progress (3): 565/725 kB | 355 kB | 180/522 kB
Progress (3): 565/725 kB | 355 kB | 196/522 kB
Progress (3): 582/725 kB | 355 kB | 196/522 kB
Progress (3): 582/725 kB | 355 kB | 213/522 kB
Progress (3): 598/725 kB | 355 kB | 213/522 kB
Progress (3): 598/725 kB | 355 kB | 229/522 kB
Progress (3): 614/725 kB | 355 kB | 229/522 kB
Progress (3): 614/725 kB | 355 kB | 245/522 kB
Progress (3): 631/725 kB | 355 kB | 245/522 kB
Progress (3): 631/725 kB | 355 kB | 262/522 kB
Progress (3): 631/725 kB | 355 kB | 278/522 kB
Progress (4): 631/725 kB | 355 kB | 278/522 kB | 0.9/44 kB
Progress (4): 631/725 kB | 355 kB | 278/522 kB | 2.3/44 kB
Progress (4): 631/725 kB | 355 kB | 294/522 kB | 2.3/44 kB
Progress (4): 631/725 kB | 355 kB | 294/522 kB | 3.7/44 kB
Progress (4): 647/725 kB | 355 kB | 294/522 kB | 3.7/44 kB
Progress (4): 647/725 kB | 355 kB | 294/522 kB | 5.0/44 kB
Progress (4): 647/725 kB | 355 kB | 294/522 kB | 6.4/44 kB
Progress (4): 647/725 kB | 355 kB | 311/522 kB | 6.4/44 kB
Progress (4): 647/725 kB | 355 kB | 311/522 kB | 7.8/44 kB
Progress (4): 664/725 kB | 355 kB | 311/522 kB | 7.8/44 kB
Progress (4): 664/725 kB | 355 kB | 327/522 kB | 7.8/44 kB
Progress (4): 664/725 kB | 355 kB | 327/522 kB | 9.1/44 kB
Progress (4): 664/725 kB | 355 kB | 327/522 kB | 11/44 kB 
Progress (4): 664/725 kB | 355 kB | 327/522 kB | 12/44 kB
Progress (4): 664/725 kB | 355 kB | 327/522 kB | 13/44 kB
Progress (4): 680/725 kB | 355 kB | 327/522 kB | 13/44 kB
Progress (4): 680/725 kB | 355 kB | 344/522 kB | 13/44 kB
Progress (4): 680/725 kB | 355 kB | 344/522 kB | 17/44 kB
Progress (4): 680/725 kB | 355 kB | 344/522 kB | 22/44 kB
Progress (4): 680/725 kB | 355 kB | 360/522 kB | 22/44 kB
Progress (4): 696/725 kB | 355 kB | 360/522 kB | 22/44 kB
Progress (4): 696/725 kB | 355 kB | 360/522 kB | 26/44 kB
Progress (4): 696/725 kB | 355 kB | 360/522 kB | 30/44 kB
Progress (4): 713/725 kB | 355 kB | 360/522 kB | 30/44 kB
Progress (4): 725 kB | 355 kB | 360/522 kB | 30/44 kB    
Progress (4): 725 kB | 355 kB | 376/522 kB | 30/44 kB
Progress (4): 725 kB | 355 kB | 376/522 kB | 34/44 kB
Progress (5): 725 kB | 355 kB | 376/522 kB | 34/44 kB | 0.9/358 kB
Progress (5): 725 kB | 355 kB | 376/522 kB | 39/44 kB | 0.9/358 kB
Progress (5): 725 kB | 355 kB | 393/522 kB | 39/44 kB | 0.9/358 kB
Progress (5): 725 kB | 355 kB | 393/522 kB | 43/44 kB | 0.9/358 kB
Progress (5): 725 kB | 355 kB | 393/522 kB | 44 kB | 0.9/358 kB   
Progress (5): 725 kB | 355 kB | 409/522 kB | 44 kB | 0.9/358 kB
Progress (5): 725 kB | 355 kB | 409/522 kB | 44 kB | 2.3/358 kB
Progress (5): 725 kB | 355 kB | 409/522 kB | 44 kB | 3.7/358 kB
Progress (5): 725 kB | 355 kB | 426/522 kB | 44 kB | 3.7/358 kB
Progress (5): 725 kB | 355 kB | 426/522 kB | 44 kB | 5.0/358 kB
Progress (5): 725 kB | 355 kB | 426/522 kB | 44 kB | 6.4/358 kB
Progress (5): 725 kB | 355 kB | 442/522 kB | 44 kB | 6.4/358 kB
Progress (5): 725 kB | 355 kB | 442/522 kB | 44 kB | 7.8/358 kB
Progress (5): 725 kB | 355 kB | 442/522 kB | 44 kB | 9.1/358 kB
Progress (5): 725 kB | 355 kB | 458/522 kB | 44 kB | 9.1/358 kB
Progress (5): 725 kB | 355 kB | 458/522 kB | 44 kB | 11/358 kB 
Progress (5): 725 kB | 355 kB | 458/522 kB | 44 kB | 12/358 kB
Progress (5): 725 kB | 355 kB | 458/522 kB | 44 kB | 13/358 kB
Progress (5): 725 kB | 355 kB | 458/522 kB | 44 kB | 15/358 kB
Progress (5): 725 kB | 355 kB | 475/522 kB | 44 kB | 15/358 kB
Progress (5): 725 kB | 355 kB | 475/522 kB | 44 kB | 16/358 kB
Progress (5): 725 kB | 355 kB | 491/522 kB | 44 kB | 16/358 kB
Progress (5): 725 kB | 355 kB | 491/522 kB | 44 kB | 17/358 kB
Progress (5): 725 kB | 355 kB | 507/522 kB | 44 kB | 17/358 kB
Progress (5): 725 kB | 355 kB | 507/522 kB | 44 kB | 22/358 kB
Progress (5): 725 kB | 355 kB | 507/522 kB | 44 kB | 26/358 kB
Progress (5): 725 kB | 355 kB | 522 kB | 44 kB | 26/358 kB    
Progress (5): 725 kB | 355 kB | 522 kB | 44 kB | 30/358 kB
Progress (5): 725 kB | 355 kB | 522 kB | 44 kB | 34/358 kB
Progress (5): 725 kB | 355 kB | 522 kB | 44 kB | 38/358 kB
Progress (5): 725 kB | 355 kB | 522 kB | 44 kB | 43/358 kB
Progress (5): 725 kB | 355 kB | 522 kB | 44 kB | 47/358 kB
Progress (5): 725 kB | 355 kB | 522 kB | 44 kB | 51/358 kB
Progress (5): 725 kB | 355 kB | 522 kB | 44 kB | 55/358 kB
Progress (5): 725 kB | 355 kB | 522 kB | 44 kB | 60/358 kB
Progress (5): 725 kB | 355 kB | 522 kB | 44 kB | 64/358 kB
Progress (5): 725 kB | 355 kB | 522 kB | 44 kB | 68/358 kB
Progress (5): 725 kB | 355 kB | 522 kB | 44 kB | 72/358 kB
Progress (5): 725 kB | 355 kB | 522 kB | 44 kB | 77/358 kB
Progress (5): 725 kB | 355 kB | 522 kB | 44 kB | 81/358 kB
Progress (5): 725 kB | 355 kB | 522 kB | 44 kB | 85/358 kB
Progress (5): 725 kB | 355 kB | 522 kB | 44 kB | 89/358 kB
Progress (5): 725 kB | 355 kB | 522 kB | 44 kB | 93/358 kB
Progress (5): 725 kB | 355 kB | 522 kB | 44 kB | 98/358 kB
Progress (5): 725 kB | 355 kB | 522 kB | 44 kB | 102/358 kB
                                                           
Downloaded from central: https://repo1.maven.org/maven2/io/netty/netty-transport-native-unix-common/4.1.130.Final/netty-transport-native-unix-common-4.1.130.Final.jar (44 kB at 189 kB/s)
Downloading from central: https://repo1.maven.org/maven2/io/netty/netty-transport-native-epoll/4.1.130.Final/netty-transport-native-epoll-4.1.130.Final-linux-x86_64.jar
Progress (4): 725 kB | 355 kB | 522 kB | 106/358 kB
Progress (4): 725 kB | 355 kB | 522 kB | 110/358 kB
                                                   
Downloaded from central: https://repo1.maven.org/maven2/io/netty/netty-buffer/4.1.130.Final/netty-buffer-4.1.130.Final.jar (355 kB at 1.5 MB/s)
Downloading from central: https://repo1.maven.org/maven2/io/netty/netty-transport-classes-epoll/4.1.130.Final/netty-transport-classes-epoll-4.1.130.Final.jar
Progress (3): 725 kB | 522 kB | 115/358 kB
Progress (3): 725 kB | 522 kB | 119/358 kB
Progress (3): 725 kB | 522 kB | 123/358 kB
Progress (3): 725 kB | 522 kB | 127/358 kB
Progress (3): 725 kB | 522 kB | 132/358 kB
Progress (3): 725 kB | 522 kB | 136/358 kB
Progress (3): 725 kB | 522 kB | 140/358 kB
Progress (3): 725 kB | 522 kB | 144/358 kB
Progress (3): 725 kB | 522 kB | 148/358 kB
Progress (3): 725 kB | 522 kB | 153/358 kB
Progress (3): 725 kB | 522 kB | 157/358 kB
Progress (3): 725 kB | 522 kB | 161/358 kB
Progress (3): 725 kB | 522 kB | 165/358 kB
Progress (3): 725 kB | 522 kB | 170/358 kB
Progress (3): 725 kB | 522 kB | 174/358 kB
Progress (3): 725 kB | 522 kB | 178/358 kB
Progress (3): 725 kB | 522 kB | 182/358 kB
Progress (3): 725 kB | 522 kB | 187/358 kB
                                          
Downloaded from central: https://repo1.maven.org/maven2/io/netty/netty-common/4.1.130.Final/netty-common-4.1.130.Final.jar (725 kB at 2.9 MB/s)
Downloading from central: https://repo1.maven.org/maven2/io/netty/netty-tcnative-boringssl-static/2.0.74.Final/netty-tcnative-boringssl-static-2.0.74.Final.jar
Progress (2): 522 kB | 203/358 kB
Progress (2): 522 kB | 219/358 kB
Progress (2): 522 kB | 236/358 kB
                                 
Downloaded from central: https://repo1.maven.org/maven2/io/netty/netty-transport/4.1.130.Final/netty-transport-4.1.130.Final.jar (522 kB at 2.1 MB/s)
Progress (1): 252/358 kB
                        
Downloading from central: https://repo1.maven.org/maven2/io/netty/netty-tcnative-classes/2.0.74.Final/netty-tcnative-classes-2.0.74.Final.jar
Progress (1): 268/358 kB
Progress (1): 285/358 kB
Progress (1): 301/358 kB
Progress (1): 318/358 kB
Progress (1): 334/358 kB
Progress (1): 350/358 kB
Progress (1): 358 kB    
Progress (2): 358 kB | 7.7/41 kB
Progress (2): 358 kB | 16/41 kB 
Progress (2): 358 kB | 32/41 kB
Progress (2): 358 kB | 41 kB   
Progress (3): 358 kB | 41 kB | 3.8/148 kB
Progress (3): 358 kB | 41 kB | 8.0/148 kB
Progress (3): 358 kB | 41 kB | 12/148 kB 
Progress (3): 358 kB | 41 kB | 16/148 kB
Progress (3): 358 kB | 41 kB | 21/148 kB
Progress (3): 358 kB | 41 kB | 25/148 kB
Progress (3): 358 kB | 41 kB | 29/148 kB
Progress (3): 358 kB | 41 kB | 33/148 kB
Progress (3): 358 kB | 41 kB | 38/148 kB
Progress (3): 358 kB | 41 kB | 42/148 kB
Progress (3): 358 kB | 41 kB | 46/148 kB
Progress (3): 358 kB | 41 kB | 50/148 kB
Progress (3): 358 kB | 41 kB | 55/148 kB
Progress (3): 358 kB | 41 kB | 59/148 kB
Progress (3): 358 kB | 41 kB | 63/148 kB
                                        
Downloaded from central: https://repo1.maven.org/maven2/io/netty/netty-codec/4.1.130.Final/netty-codec-4.1.130.Final.jar (358 kB at 1.3 MB/s)
Downloading from central: https://repo1.maven.org/maven2/io/netty/netty-tcnative-boringssl-static/2.0.74.Final/netty-tcnative-boringssl-static-2.0.74.Final-linux-x86_64.jar
Downloaded from central: https://repo1.maven.org/maven2/io/netty/netty-transport-native-epoll/4.1.130.Final/netty-transport-native-epoll-4.1.130.Final-linux-x86_64.jar (41 kB at 147 kB/s)
Downloading from central: https://repo1.maven.org/maven2/io/netty/netty-tcnative-boringssl-static/2.0.74.Final/netty-tcnative-boringssl-static-2.0.74.Final-linux-aarch_64.jar
Progress (1): 67/148 kB
Progress (1): 71/148 kB
Progress (1): 76/148 kB
Progress (1): 80/148 kB
Progress (1): 84/148 kB
Progress (1): 88/148 kB
Progress (1): 93/148 kB
Progress (1): 97/148 kB
Progress (1): 101/148 kB
Progress (1): 105/148 kB
Progress (1): 110/148 kB
Progress (1): 114/148 kB
Progress (1): 118/148 kB
Progress (1): 122/148 kB
Progress (1): 126/148 kB
Progress (1): 131/148 kB
Progress (1): 135/148 kB
Progress (1): 148 kB    
Progress (2): 148 kB | 3.8 kB
Progress (3): 148 kB | 3.8 kB | 7.7/37 kB
Progress (3): 148 kB | 3.8 kB | 12/37 kB 
Progress (3): 148 kB | 3.8 kB | 29/37 kB
Progress (3): 148 kB | 3.8 kB | 37 kB   
Progress (4): 148 kB | 3.8 kB | 37 kB | 0/1.4 MB
Progress (4): 148 kB | 3.8 kB | 37 kB | 0/1.4 MB
Progress (4): 148 kB | 3.8 kB | 37 kB | 0/1.4 MB
Progress (4): 148 kB | 3.8 kB | 37 kB | 0/1.4 MB
                                                
Downloaded from central: https://repo1.maven.org/maven2/io/netty/netty-transport-classes-epoll/4.1.130.Final/netty-transport-classes-epoll-4.1.130.Final.jar (148 kB at 489 kB/s)
Downloading from central: https://repo1.maven.org/maven2/io/netty/netty-tcnative-boringssl-static/2.0.74.Final/netty-tcnative-boringssl-static-2.0.74.Final-osx-x86_64.jar
Progress (3): 3.8 kB | 37 kB | 0.1/1.4 MB
Progress (3): 3.8 kB | 37 kB | 0.1/1.4 MB
Progress (3): 3.8 kB | 37 kB | 0.1/1.4 MB
Progress (3): 3.8 kB | 37 kB | 0.1/1.4 MB
                                         
Downloaded from central: https://repo1.maven.org/maven2/io/netty/netty-tcnative-boringssl-static/2.0.74.Final/netty-tcnative-boringssl-static-2.0.74.Final.jar (3.8 kB at 12 kB/s)
Downloading from central: https://repo1.maven.org/maven2/io/netty/netty-tcnative-boringssl-static/2.0.74.Final/netty-tcnative-boringssl-static-2.0.74.Final-osx-aarch_64.jar
Progress (2): 37 kB | 0.1/1.4 MB
Progress (2): 37 kB | 0.1/1.4 MB
Progress (2): 37 kB | 0.2/1.4 MB
Progress (2): 37 kB | 0.2/1.4 MB
Progress (2): 37 kB | 0.2/1.4 MB
Progress (2): 37 kB | 0.2/1.4 MB
Progress (2): 37 kB | 0.2/1.4 MB
Progress (2): 37 kB | 0.2/1.4 MB
Progress (2): 37 kB | 0.3/1.4 MB
Progress (2): 37 kB | 0.3/1.4 MB
Progress (2): 37 kB | 0.3/1.4 MB
Progress (2): 37 kB | 0.3/1.4 MB
Progress (2): 37 kB | 0.3/1.4 MB
Progress (2): 37 kB | 0.3/1.4 MB
Progress (2): 37 kB | 0.3/1.4 MB
Progress (2): 37 kB | 0.4/1.4 MB
                                
Downloaded from central: https://repo1.maven.org/maven2/io/netty/netty-tcnative-classes/2.0.74.Final/netty-tcnative-classes-2.0.74.Final.jar (37 kB at 119 kB/s)
Downloading from central: https://repo1.maven.org/maven2/io/netty/netty-tcnative-boringssl-static/2.0.74.Final/netty-tcnative-boringssl-static-2.0.74.Final-windows-x86_64.jar
Progress (1): 0.4/1.4 MB
Progress (1): 0.4/1.4 MB
Progress (1): 0.4/1.4 MB
Progress (1): 0.4/1.4 MB
Progress (1): 0.4/1.4 MB
Progress (2): 0.4/1.4 MB | 0/1.3 MB
Progress (2): 0.5/1.4 MB | 0/1.3 MB
Progress (2): 0.5/1.4 MB | 0/1.3 MB
Progress (2): 0.5/1.4 MB | 0/1.3 MB
Progress (2): 0.5/1.4 MB | 0/1.3 MB
Progress (2): 0.5/1.4 MB | 0/1.3 MB
Progress (2): 0.5/1.4 MB | 0/1.3 MB
Progress (2): 0.5/1.4 MB | 0/1.3 MB
Progress (2): 0.6/1.4 MB | 0/1.3 MB
Progress (2): 0.6/1.4 MB | 0/1.3 MB
Progress (2): 0.6/1.4 MB | 0/1.3 MB
Progress (2): 0.6/1.4 MB | 0.1/1.3 MB
Progress (2): 0.6/1.4 MB | 0.1/1.3 MB
Progress (2): 0.6/1.4 MB | 0.1/1.3 MB
Progress (2): 0.6/1.4 MB | 0.1/1.3 MB
Progress (2): 0.6/1.4 MB | 0.1/1.3 MB
Progress (2): 0.6/1.4 MB | 0.1/1.3 MB
Progress (2): 0.6/1.4 MB | 0.1/1.3 MB
Progress (2): 0.6/1.4 MB | 0.2/1.3 MB
Progress (2): 0.6/1.4 MB | 0.2/1.3 MB
Progress (2): 0.6/1.4 MB | 0.2/1.3 MB
Progress (2): 0.6/1.4 MB | 0.2/1.3 MB
Progress (2): 0.6/1.4 MB | 0.2/1.3 MB
Progress (2): 0.6/1.4 MB | 0.2/1.3 MB
Progress (2): 0.6/1.4 MB | 0.2/1.3 MB
Progress (2): 0.6/1.4 MB | 0.2/1.3 MB
Progress (2): 0.6/1.4 MB | 0.2/1.3 MB
Progress (2): 0.6/1.4 MB | 0.2/1.3 MB
Progress (2): 0.7/1.4 MB | 0.2/1.3 MB
Progress (2): 0.7/1.4 MB | 0.3/1.3 MB
Progress (2): 0.7/1.4 MB | 0.3/1.3 MB
Progress (2): 0.7/1.4 MB | 0.3/1.3 MB
Progress (2): 0.7/1.4 MB | 0.3/1.3 MB
Progress (2): 0.7/1.4 MB | 0.3/1.3 MB
Progress (2): 0.7/1.4 MB | 0.3/1.3 MB
Progress (2): 0.7/1.4 MB | 0.3/1.3 MB
Progress (2): 0.7/1.4 MB | 0.3/1.3 MB
Progress (2): 0.7/1.4 MB | 0.3/1.3 MB
Progress (2): 0.7/1.4 MB | 0.3/1.3 MB
Progress (2): 0.7/1.4 MB | 0.3/1.3 MB
Progress (2): 0.7/1.4 MB | 0.4/1.3 MB
Progress (2): 0.8/1.4 MB | 0.4/1.3 MB
Progress (2): 0.8/1.4 MB | 0.4/1.3 MB
Progress (2): 0.8/1.4 MB | 0.4/1.3 MB
Progress (2): 0.8/1.4 MB | 0.4/1.3 MB
Progress (2): 0.8/1.4 MB | 0.4/1.3 MB
Progress (2): 0.8/1.4 MB | 0.4/1.3 MB
Progress (2): 0.8/1.4 MB | 0.4/1.3 MB
Progress (2): 0.8/1.4 MB | 0.4/1.3 MB
Progress (2): 0.8/1.4 MB | 0.4/1.3 MB
Progress (2): 0.8/1.4 MB | 0.5/1.3 MB
Progress (2): 0.8/1.4 MB | 0.5/1.3 MB
Progress (2): 0.8/1.4 MB | 0.5/1.3 MB
Progress (2): 0.8/1.4 MB | 0.5/1.3 MB
Progress (2): 0.8/1.4 MB | 0.5/1.3 MB
Progress (2): 0.9/1.4 MB | 0.5/1.3 MB
Progress (2): 0.9/1.4 MB | 0.5/1.3 MB
Progress (2): 0.9/1.4 MB | 0.5/1.3 MB
Progress (2): 0.9/1.4 MB | 0.5/1.3 MB
Progress (2): 0.9/1.4 MB | 0.5/1.3 MB
Progress (2): 0.9/1.4 MB | 0.5/1.3 MB
Progress (2): 0.9/1.4 MB | 0.5/1.3 MB
Progress (2): 0.9/1.4 MB | 0.5/1.3 MB
Progress (2): 0.9/1.4 MB | 0.6/1.3 MB
Progress (2): 0.9/1.4 MB | 0.6/1.3 MB
Progress (2): 0.9/1.4 MB | 0.6/1.3 MB
Progress (2): 1.0/1.4 MB | 0.6/1.3 MB
Progress (2): 1.0/1.4 MB | 0.6/1.3 MB
Progress (2): 1.0/1.4 MB | 0.6/1.3 MB
Progress (2): 1.0/1.4 MB | 0.6/1.3 MB
Progress (2): 1.0/1.4 MB | 0.6/1.3 MB
Progress (2): 1.0/1.4 MB | 0.6/1.3 MB
Progress (2): 1.0/1.4 MB | 0.6/1.3 MB
Progress (2): 1.0/1.4 MB | 0.6/1.3 MB
Progress (2): 1.0/1.4 MB | 0.6/1.3 MB
Progress (2): 1.0/1.4 MB | 0.6/1.3 MB
Progress (2): 1.1/1.4 MB | 0.6/1.3 MB
Progress (2): 1.1/1.4 MB | 0.6/1.3 MB
Progress (2): 1.1/1.4 MB | 0.7/1.3 MB
Progress (2): 1.1/1.4 MB | 0.7/1.3 MB
Progress (2): 1.1/1.4 MB | 0.7/1.3 MB
Progress (2): 1.1/1.4 MB | 0.7/1.3 MB
Progress (2): 1.1/1.4 MB | 0.7/1.3 MB
Progress (2): 1.1/1.4 MB | 0.7/1.3 MB
Progress (2): 1.1/1.4 MB | 0.7/1.3 MB
Progress (2): 1.1/1.4 MB | 0.7/1.3 MB
Progress (2): 1.1/1.4 MB | 0.7/1.3 MB
Progress (2): 1.1/1.4 MB | 0.7/1.3 MB
Progress (2): 1.2/1.4 MB | 0.7/1.3 MB
Progress (2): 1.2/1.4 MB | 0.7/1.3 MB
Progress (2): 1.2/1.4 MB | 0.7/1.3 MB
Progress (2): 1.2/1.4 MB | 0.8/1.3 MB
Progress (2): 1.2/1.4 MB | 0.8/1.3 MB
Progress (2): 1.2/1.4 MB | 0.8/1.3 MB
Progress (2): 1.2/1.4 MB | 0.8/1.3 MB
Progress (2): 1.2/1.4 MB | 0.8/1.3 MB
Progress (2): 1.2/1.4 MB | 0.8/1.3 MB
Progress (2): 1.2/1.4 MB | 0.8/1.3 MB
Progress (2): 1.2/1.4 MB | 0.8/1.3 MB
Progress (2): 1.2/1.4 MB | 0.8/1.3 MB
Progress (2): 1.3/1.4 MB | 0.8/1.3 MB
Progress (2): 1.3/1.4 MB | 0.8/1.3 MB
Progress (2): 1.3/1.4 MB | 0.8/1.3 MB
Progress (2): 1.3/1.4 MB | 0.8/1.3 MB
Progress (2): 1.3/1.4 MB | 0.8/1.3 MB
Progress (2): 1.3/1.4 MB | 0.9/1.3 MB
Progress (2): 1.3/1.4 MB | 0.9/1.3 MB
Progress (2): 1.3/1.4 MB | 0.9/1.3 MB
Progress (2): 1.3/1.4 MB | 0.9/1.3 MB
Progress (2): 1.3/1.4 MB | 0.9/1.3 MB
Progress (2): 1.3/1.4 MB | 0.9/1.3 MB
Progress (2): 1.3/1.4 MB | 0.9/1.3 MB
Progress (2): 1.3/1.4 MB | 0.9/1.3 MB
Progress (2): 1.3/1.4 MB | 1.0/1.3 MB
Progress (2): 1.3/1.4 MB | 1.0/1.3 MB
Progress (2): 1.3/1.4 MB | 1.0/1.3 MB
Progress (2): 1.3/1.4 MB | 1.0/1.3 MB
Progress (2): 1.3/1.4 MB | 1.0/1.3 MB
Progress (2): 1.4/1.4 MB | 1.0/1.3 MB
Progress (2): 1.4/1.4 MB | 1.0/1.3 MB
Progress (2): 1.4/1.4 MB | 1.0/1.3 MB
Progress (2): 1.4/1.4 MB | 1.0/1.3 MB
Progress (2): 1.4 MB | 1.0/1.3 MB    
Progress (2): 1.4 MB | 1.1/1.3 MB
Progress (2): 1.4 MB | 1.1/1.3 MB
Progress (2): 1.4 MB | 1.1/1.3 MB
Progress (2): 1.4 MB | 1.1/1.3 MB
Progress (2): 1.4 MB | 1.1/1.3 MB
Progress (2): 1.4 MB | 1.1/1.3 MB
Progress (2): 1.4 MB | 1.2/1.3 MB
Progress (2): 1.4 MB | 1.2/1.3 MB
Progress (2): 1.4 MB | 1.2/1.3 MB
Progress (2): 1.4 MB | 1.2/1.3 MB
Progress (2): 1.4 MB | 1.2/1.3 MB
Progress (2): 1.4 MB | 1.2/1.3 MB
Progress (2): 1.4 MB | 1.3/1.3 MB
Progress (2): 1.4 MB | 1.3/1.3 MB
Progress (2): 1.4 MB | 1.3 MB    
Progress (3): 1.4 MB | 1.3 MB | 0/1.1 MB
Progress (3): 1.4 MB | 1.3 MB | 0/1.1 MB
Progress (4): 1.4 MB | 1.3 MB | 0/1.1 MB | 0/1.3 MB
Progress (4): 1.4 MB | 1.3 MB | 0/1.1 MB | 0/1.3 MB
Progress (4): 1.4 MB | 1.3 MB | 0/1.1 MB | 0/1.3 MB
Progress (4): 1.4 MB | 1.3 MB | 0.1/1.1 MB | 0/1.3 MB
Progress (4): 1.4 MB | 1.3 MB | 0.1/1.1 MB | 0/1.3 MB
Progress (4): 1.4 MB | 1.3 MB | 0.1/1.1 MB | 0/1.3 MB
Progress (4): 1.4 MB | 1.3 MB | 0.1/1.1 MB | 0/1.3 MB
Progress (4): 1.4 MB | 1.3 MB | 0.1/1.1 MB | 0/1.3 MB
Progress (4): 1.4 MB | 1.3 MB | 0.1/1.1 MB | 0/1.3 MB
Progress (4): 1.4 MB | 1.3 MB | 0.1/1.1 MB | 0/1.3 MB
Progress (4): 1.4 MB | 1.3 MB | 0.1/1.1 MB | 0.1/1.3 MB
Progress (4): 1.4 MB | 1.3 MB | 0.1/1.1 MB | 0.1/1.3 MB
Progress (4): 1.4 MB | 1.3 MB | 0.1/1.1 MB | 0.1/1.3 MB
Progress (4): 1.4 MB | 1.3 MB | 0.2/1.1 MB | 0.1/1.3 MB
Progress (4): 1.4 MB | 1.3 MB | 0.2/1.1 MB | 0.1/1.3 MB
Progress (4): 1.4 MB | 1.3 MB | 0.2/1.1 MB | 0.1/1.3 MB
Progress (4): 1.4 MB | 1.3 MB | 0.2/1.1 MB | 0.1/1.3 MB
Progress (4): 1.4 MB | 1.3 MB | 0.2/1.1 MB | 0.1/1.3 MB
Progress (4): 1.4 MB | 1.3 MB | 0.2/1.1 MB | 0.1/1.3 MB
Progress (4): 1.4 MB | 1.3 MB | 0.2/1.1 MB | 0.1/1.3 MB
Progress (4): 1.4 MB | 1.3 MB | 0.2/1.1 MB | 0.1/1.3 MB
Progress (4): 1.4 MB | 1.3 MB | 0.2/1.1 MB | 0.1/1.3 MB
Progress (4): 1.4 MB | 1.3 MB | 0.3/1.1 MB | 0.1/1.3 MB
Progress (4): 1.4 MB | 1.3 MB | 0.3/1.1 MB | 0.1/1.3 MB
Progress (4): 1.4 MB | 1.3 MB | 0.3/1.1 MB | 0.1/1.3 MB
Progress (4): 1.4 MB | 1.3 MB | 0.3/1.1 MB | 0.1/1.3 MB
Progress (4): 1.4 MB | 1.3 MB | 0.3/1.1 MB | 0.1/1.3 MB
Progress (4): 1.4 MB | 1.3 MB | 0.3/1.1 MB | 0.2/1.3 MB
Progress (4): 1.4 MB | 1.3 MB | 0.3/1.1 MB | 0.2/1.3 MB
Progress (4): 1.4 MB | 1.3 MB | 0.3/1.1 MB | 0.2/1.3 MB
Progress (4): 1.4 MB | 1.3 MB | 0.3/1.1 MB | 0.2/1.3 MB
Progress (4): 1.4 MB | 1.3 MB | 0.3/1.1 MB | 0.2/1.3 MB
Progress (4): 1.4 MB | 1.3 MB | 0.3/1.1 MB | 0.2/1.3 MB
Progress (4): 1.4 MB | 1.3 MB | 0.3/1.1 MB | 0.2/1.3 MB
Progress (4): 1.4 MB | 1.3 MB | 0.4/1.1 MB | 0.2/1.3 MB
Progress (4): 1.4 MB | 1.3 MB | 0.4/1.1 MB | 0.2/1.3 MB
Progress (4): 1.4 MB | 1.3 MB | 0.4/1.1 MB | 0.2/1.3 MB
Progress (4): 1.4 MB | 1.3 MB | 0.4/1.1 MB | 0.2/1.3 MB
Progress (4): 1.4 MB | 1.3 MB | 0.4/1.1 MB | 0.2/1.3 MB
Progress (4): 1.4 MB | 1.3 MB | 0.4/1.1 MB | 0.3/1.3 MB
Progress (4): 1.4 MB | 1.3 MB | 0.4/1.1 MB | 0.3/1.3 MB
Progress (4): 1.4 MB | 1.3 MB | 0.4/1.1 MB | 0.3/1.3 MB
Progress (4): 1.4 MB | 1.3 MB | 0.4/1.1 MB | 0.3/1.3 MB
Progress (4): 1.4 MB | 1.3 MB | 0.4/1.1 MB | 0.3/1.3 MB
Progress (4): 1.4 MB | 1.3 MB | 0.4/1.1 MB | 0.3/1.3 MB
Progress (4): 1.4 MB | 1.3 MB | 0.4/1.1 MB | 0.3/1.3 MB
Progress (4): 1.4 MB | 1.3 MB | 0.5/1.1 MB | 0.3/1.3 MB
Progress (4): 1.4 MB | 1.3 MB | 0.5/1.1 MB | 0.3/1.3 MB
Progress (4): 1.4 MB | 1.3 MB | 0.5/1.1 MB | 0.3/1.3 MB
Progress (4): 1.4 MB | 1.3 MB | 0.5/1.1 MB | 0.3/1.3 MB
Progress (4): 1.4 MB | 1.3 MB | 0.5/1.1 MB | 0.3/1.3 MB
Progress (4): 1.4 MB | 1.3 MB | 0.5/1.1 MB | 0.4/1.3 MB
Progress (4): 1.4 MB | 1.3 MB | 0.5/1.1 MB | 0.4/1.3 MB
Progress (4): 1.4 MB | 1.3 MB | 0.5/1.1 MB | 0.4/1.3 MB
Progress (4): 1.4 MB | 1.3 MB | 0.5/1.1 MB | 0.4/1.3 MB
Progress (4): 1.4 MB | 1.3 MB | 0.5/1.1 MB | 0.4/1.3 MB
Progress (4): 1.4 MB | 1.3 MB | 0.5/1.1 MB | 0.4/1.3 MB
Progress (4): 1.4 MB | 1.3 MB | 0.6/1.1 MB | 0.4/1.3 MB
Progress (4): 1.4 MB | 1.3 MB | 0.6/1.1 MB | 0.4/1.3 MB
Progress (4): 1.4 MB | 1.3 MB | 0.6/1.1 MB | 0.4/1.3 MB
Progress (4): 1.4 MB | 1.3 MB | 0.6/1.1 MB | 0.4/1.3 MB
Progress (4): 1.4 MB | 1.3 MB | 0.6/1.1 MB | 0.4/1.3 MB
Progress (4): 1.4 MB | 1.3 MB | 0.6/1.1 MB | 0.5/1.3 MB
Progress (4): 1.4 MB | 1.3 MB | 0.6/1.1 MB | 0.5/1.3 MB
Progress (4): 1.4 MB | 1.3 MB | 0.6/1.1 MB | 0.5/1.3 MB
Progress (4): 1.4 MB | 1.3 MB | 0.6/1.1 MB | 0.5/1.3 MB
Progress (4): 1.4 MB | 1.3 MB | 0.6/1.1 MB | 0.5/1.3 MB
Progress (4): 1.4 MB | 1.3 MB | 0.6/1.1 MB | 0.5/1.3 MB
Progress (4): 1.4 MB | 1.3 MB | 0.6/1.1 MB | 0.5/1.3 MB
Progress (4): 1.4 MB | 1.3 MB | 0.6/1.1 MB | 0.5/1.3 MB
Progress (4): 1.4 MB | 1.3 MB | 0.7/1.1 MB | 0.5/1.3 MB
Progress (4): 1.4 MB | 1.3 MB | 0.7/1.1 MB | 0.5/1.3 MB
Progress (4): 1.4 MB | 1.3 MB | 0.7/1.1 MB | 0.5/1.3 MB
Progress (4): 1.4 MB | 1.3 MB | 0.7/1.1 MB | 0.5/1.3 MB
Progress (4): 1.4 MB | 1.3 MB | 0.7/1.1 MB | 0.6/1.3 MB
Progress (4): 1.4 MB | 1.3 MB | 0.7/1.1 MB | 0.6/1.3 MB
Progress (4): 1.4 MB | 1.3 MB | 0.7/1.1 MB | 0.6/1.3 MB
Progress (4): 1.4 MB | 1.3 MB | 0.7/1.1 MB | 0.6/1.3 MB
Progress (4): 1.4 MB | 1.3 MB | 0.7/1.1 MB | 0.6/1.3 MB
Progress (4): 1.4 MB | 1.3 MB | 0.7/1.1 MB | 0.6/1.3 MB
Progress (4): 1.4 MB | 1.3 MB | 0.7/1.1 MB | 0.6/1.3 MB
Progress (4): 1.4 MB | 1.3 MB | 0.7/1.1 MB | 0.6/1.3 MB
Progress (4): 1.4 MB | 1.3 MB | 0.7/1.1 MB | 0.6/1.3 MB
Progress (4): 1.4 MB | 1.3 MB | 0.8/1.1 MB | 0.6/1.3 MB
Progress (4): 1.4 MB | 1.3 MB | 0.8/1.1 MB | 0.6/1.3 MB
Progress (4): 1.4 MB | 1.3 MB | 0.8/1.1 MB | 0.6/1.3 MB
Progress (4): 1.4 MB | 1.3 MB | 0.8/1.1 MB | 0.6/1.3 MB
Progress (4): 1.4 MB | 1.3 MB | 0.8/1.1 MB | 0.6/1.3 MB
Progress (4): 1.4 MB | 1.3 MB | 0.8/1.1 MB | 0.7/1.3 MB
Progress (4): 1.4 MB | 1.3 MB | 0.8/1.1 MB | 0.7/1.3 MB
Progress (4): 1.4 MB | 1.3 MB | 0.8/1.1 MB | 0.7/1.3 MB
Progress (4): 1.4 MB | 1.3 MB | 0.8/1.1 MB | 0.7/1.3 MB
Progress (4): 1.4 MB | 1.3 MB | 0.8/1.1 MB | 0.7/1.3 MB
Progress (4): 1.4 MB | 1.3 MB | 0.8/1.1 MB | 0.7/1.3 MB
Progress (4): 1.4 MB | 1.3 MB | 0.8/1.1 MB | 0.7/1.3 MB
Progress (4): 1.4 MB | 1.3 MB | 0.9/1.1 MB | 0.7/1.3 MB
Progress (4): 1.4 MB | 1.3 MB | 0.9/1.1 MB | 0.7/1.3 MB
Progress (4): 1.4 MB | 1.3 MB | 0.9/1.1 MB | 0.7/1.3 MB
Progress (4): 1.4 MB | 1.3 MB | 0.9/1.1 MB | 0.7/1.3 MB
Progress (4): 1.4 MB | 1.3 MB | 0.9/1.1 MB | 0.7/1.3 MB
Progress (4): 1.4 MB | 1.3 MB | 0.9/1.1 MB | 0.8/1.3 MB
Progress (4): 1.4 MB | 1.3 MB | 0.9/1.1 MB | 0.8/1.3 MB
Progress (4): 1.4 MB | 1.3 MB | 0.9/1.1 MB | 0.8/1.3 MB
Progress (4): 1.4 MB | 1.3 MB | 0.9/1.1 MB | 0.8/1.3 MB
Progress (4): 1.4 MB | 1.3 MB | 0.9/1.1 MB | 0.8/1.3 MB
Progress (4): 1.4 MB | 1.3 MB | 0.9/1.1 MB | 0.8/1.3 MB
                                                       
Downloaded from central: https://repo1.maven.org/maven2/io/netty/netty-tcnative-boringssl-static/2.0.74.Final/netty-tcnative-boringssl-static-2.0.74.Final-linux-aarch_64.jar (1.3 MB at 3.4 MB/s)
Downloading from central: https://repo1.maven.org/maven2/org/slf4j/slf4j-api/2.0.13/slf4j-api-2.0.13.jar
Progress (3): 1.4 MB | 0.9/1.1 MB | 0.8/1.3 MB
Progress (4): 1.4 MB | 0.9/1.1 MB | 0.8/1.3 MB | 0/1.2 MB
Progress (4): 1.4 MB | 1.0/1.1 MB | 0.8/1.3 MB | 0/1.2 MB
Progress (4): 1.4 MB | 1.0/1.1 MB | 0.8/1.3 MB | 0/1.2 MB
Progress (4): 1.4 MB | 1.0/1.1 MB | 0.8/1.3 MB | 0/1.2 MB
Progress (4): 1.4 MB | 1.0/1.1 MB | 0.8/1.3 MB | 0/1.2 MB
Progress (4): 1.4 MB | 1.0/1.1 MB | 0.8/1.3 MB | 0/1.2 MB
Progress (4): 1.4 MB | 1.0/1.1 MB | 0.8/1.3 MB | 0/1.2 MB
Progress (4): 1.4 MB | 1.0/1.1 MB | 0.8/1.3 MB | 0/1.2 MB
Progress (4): 1.4 MB | 1.0/1.1 MB | 0.8/1.3 MB | 0/1.2 MB
Progress (4): 1.4 MB | 1.0/1.1 MB | 0.8/1.3 MB | 0.1/1.2 MB
Progress (4): 1.4 MB | 1.0/1.1 MB | 0.9/1.3 MB | 0.1/1.2 MB
Progress (4): 1.4 MB | 1.0/1.1 MB | 0.9/1.3 MB | 0.1/1.2 MB
Progress (4): 1.4 MB | 1.0/1.1 MB | 0.9/1.3 MB | 0.1/1.2 MB
Progress (4): 1.4 MB | 1.0/1.1 MB | 0.9/1.3 MB | 0.1/1.2 MB
Progress (4): 1.4 MB | 1.0/1.1 MB | 0.9/1.3 MB | 0.1/1.2 MB
Progress (4): 1.4 MB | 1.0/1.1 MB | 0.9/1.3 MB | 0.1/1.2 MB
Progress (4): 1.4 MB | 1.0/1.1 MB | 0.9/1.3 MB | 0.1/1.2 MB
Progress (4): 1.4 MB | 1.0/1.1 MB | 0.9/1.3 MB | 0.1/1.2 MB
Progress (4): 1.4 MB | 1.0/1.1 MB | 0.9/1.3 MB | 0.1/1.2 MB
Progress (4): 1.4 MB | 1.1/1.1 MB | 0.9/1.3 MB | 0.1/1.2 MB
Progress (4): 1.4 MB | 1.1/1.1 MB | 0.9/1.3 MB | 0.1/1.2 MB
Progress (4): 1.4 MB | 1.1/1.1 MB | 0.9/1.3 MB | 0.1/1.2 MB
Progress (4): 1.4 MB | 1.1/1.1 MB | 0.9/1.3 MB | 0.1/1.2 MB
Progress (4): 1.4 MB | 1.1/1.1 MB | 0.9/1.3 MB | 0.1/1.2 MB
Progress (4): 1.4 MB | 1.1/1.1 MB | 0.9/1.3 MB | 0.1/1.2 MB
Progress (4): 1.4 MB | 1.1/1.1 MB | 0.9/1.3 MB | 0.1/1.2 MB
Progress (4): 1.4 MB | 1.1/1.1 MB | 0.9/1.3 MB | 0.1/1.2 MB
Progress (4): 1.4 MB | 1.1/1.1 MB | 0.9/1.3 MB | 0.1/1.2 MB
Progress (4): 1.4 MB | 1.1/1.1 MB | 0.9/1.3 MB | 0.1/1.2 MB
Progress (4): 1.4 MB | 1.1/1.1 MB | 0.9/1.3 MB | 0.1/1.2 MB
Progress (4): 1.4 MB | 1.1/1.1 MB | 1.0/1.3 MB | 0.1/1.2 MB
Progress (4): 1.4 MB | 1.1/1.1 MB | 1.0/1.3 MB | 0.1/1.2 MB
Progress (4): 1.4 MB | 1.1/1.1 MB | 1.0/1.3 MB | 0.1/1.2 MB
Progress (4): 1.4 MB | 1.1/1.1 MB | 1.0/1.3 MB | 0.1/1.2 MB
Progress (4): 1.4 MB | 1.1/1.1 MB | 1.0/1.3 MB | 0.2/1.2 MB
Progress (4): 1.4 MB | 1.1 MB | 1.0/1.3 MB | 0.2/1.2 MB    
Progress (4): 1.4 MB | 1.1 MB | 1.0/1.3 MB | 0.2/1.2 MB
Progress (4): 1.4 MB | 1.1 MB | 1.0/1.3 MB | 0.2/1.2 MB
Progress (4): 1.4 MB | 1.1 MB | 1.0/1.3 MB | 0.2/1.2 MB
Progress (4): 1.4 MB | 1.1 MB | 1.0/1.3 MB | 0.2/1.2 MB
Progress (4): 1.4 MB | 1.1 MB | 1.0/1.3 MB | 0.2/1.2 MB
Progress (4): 1.4 MB | 1.1 MB | 1.0/1.3 MB | 0.2/1.2 MB
Progress (4): 1.4 MB | 1.1 MB | 1.0/1.3 MB | 0.2/1.2 MB
Progress (4): 1.4 MB | 1.1 MB | 1.1/1.3 MB | 0.2/1.2 MB
Progress (4): 1.4 MB | 1.1 MB | 1.1/1.3 MB | 0.2/1.2 MB
Progress (4): 1.4 MB | 1.1 MB | 1.1/1.3 MB | 0.2/1.2 MB
Progress (4): 1.4 MB | 1.1 MB | 1.1/1.3 MB | 0.2/1.2 MB
Progress (4): 1.4 MB | 1.1 MB | 1.1/1.3 MB | 0.2/1.2 MB
Progress (4): 1.4 MB | 1.1 MB | 1.1/1.3 MB | 0.3/1.2 MB
Progress (4): 1.4 MB | 1.1 MB | 1.1/1.3 MB | 0.3/1.2 MB
Progress (4): 1.4 MB | 1.1 MB | 1.1/1.3 MB | 0.3/1.2 MB
Progress (4): 1.4 MB | 1.1 MB | 1.1/1.3 MB | 0.3/1.2 MB
Progress (4): 1.4 MB | 1.1 MB | 1.2/1.3 MB | 0.3/1.2 MB
Progress (4): 1.4 MB | 1.1 MB | 1.2/1.3 MB | 0.3/1.2 MB
                                                       
Downloaded from central: https://repo1.maven.org/maven2/io/netty/netty-tcnative-boringssl-static/2.0.74.Final/netty-tcnative-boringssl-static-2.0.74.Final-linux-x86_64.jar (1.4 MB at 3.5 MB/s)
Downloading from central: https://repo1.maven.org/maven2/ch/qos/logback/logback-classic/1.3.15/logback-classic-1.3.15.jar
Progress (3): 1.1 MB | 1.2/1.3 MB | 0.3/1.2 MB
Progress (3): 1.1 MB | 1.2/1.3 MB | 0.3/1.2 MB
Progress (3): 1.1 MB | 1.2/1.3 MB | 0.3/1.2 MB
Progress (3): 1.1 MB | 1.2/1.3 MB | 0.3/1.2 MB
Progress (3): 1.1 MB | 1.2/1.3 MB | 0.3/1.2 MB
Progress (3): 1.1 MB | 1.2/1.3 MB | 0.3/1.2 MB
Progress (3): 1.1 MB | 1.2/1.3 MB | 0.3/1.2 MB
Progress (3): 1.1 MB | 1.3/1.3 MB | 0.3/1.2 MB
Progress (3): 1.1 MB | 1.3/1.3 MB | 0.3/1.2 MB
Progress (3): 1.1 MB | 1.3/1.3 MB | 0.3/1.2 MB
Progress (3): 1.1 MB | 1.3/1.3 MB | 0.3/1.2 MB
Progress (3): 1.1 MB | 1.3 MB | 0.3/1.2 MB    
Progress (3): 1.1 MB | 1.3 MB | 0.4/1.2 MB
Progress (3): 1.1 MB | 1.3 MB | 0.4/1.2 MB
Progress (3): 1.1 MB | 1.3 MB | 0.4/1.2 MB
Progress (3): 1.1 MB | 1.3 MB | 0.4/1.2 MB
Progress (3): 1.1 MB | 1.3 MB | 0.4/1.2 MB
Progress (3): 1.1 MB | 1.3 MB | 0.4/1.2 MB
Progress (3): 1.1 MB | 1.3 MB | 0.5/1.2 MB
Progress (3): 1.1 MB | 1.3 MB | 0.5/1.2 MB
Progress (3): 1.1 MB | 1.3 MB | 0.5/1.2 MB
Progress (3): 1.1 MB | 1.3 MB | 0.5/1.2 MB
Progress (3): 1.1 MB | 1.3 MB | 0.5/1.2 MB
Progress (3): 1.1 MB | 1.3 MB | 0.5/1.2 MB
Progress (3): 1.1 MB | 1.3 MB | 0.6/1.2 MB
Progress (3): 1.1 MB | 1.3 MB | 0.6/1.2 MB
Progress (3): 1.1 MB | 1.3 MB | 0.6/1.2 MB
Progress (3): 1.1 MB | 1.3 MB | 0.6/1.2 MB
Progress (3): 1.1 MB | 1.3 MB | 0.6/1.2 MB
Progress (3): 1.1 MB | 1.3 MB | 0.6/1.2 MB
Progress (3): 1.1 MB | 1.3 MB | 0.7/1.2 MB
Progress (3): 1.1 MB | 1.3 MB | 0.7/1.2 MB
Progress (3): 1.1 MB | 1.3 MB | 0.7/1.2 MB
Progress (3): 1.1 MB | 1.3 MB | 0.7/1.2 MB
Progress (3): 1.1 MB | 1.3 MB | 0.7/1.2 MB
Progress (3): 1.1 MB | 1.3 MB | 0.7/1.2 MB
Progress (3): 1.1 MB | 1.3 MB | 0.7/1.2 MB
Progress (3): 1.1 MB | 1.3 MB | 0.8/1.2 MB
Progress (3): 1.1 MB | 1.3 MB | 0.8/1.2 MB
Progress (3): 1.1 MB | 1.3 MB | 0.8/1.2 MB
Progress (3): 1.1 MB | 1.3 MB | 0.8/1.2 MB
Progress (3): 1.1 MB | 1.3 MB | 0.8/1.2 MB
                                          
Downloaded from central: https://repo1.maven.org/maven2/io/netty/netty-tcnative-boringssl-static/2.0.74.Final/netty-tcnative-boringssl-static-2.0.74.Final-osx-aarch_64.jar (1.1 MB at 2.6 MB/s)
Downloading from central: https://repo1.maven.org/maven2/ch/qos/logback/logback-core/1.3.15/logback-core-1.3.15.jar
Progress (2): 1.3 MB | 0.8/1.2 MB
Progress (2): 1.3 MB | 0.9/1.2 MB
Progress (2): 1.3 MB | 0.9/1.2 MB
Progress (2): 1.3 MB | 0.9/1.2 MB
Progress (2): 1.3 MB | 0.9/1.2 MB
Progress (2): 1.3 MB | 0.9/1.2 MB
Progress (2): 1.3 MB | 0.9/1.2 MB
Progress (2): 1.3 MB | 1.0/1.2 MB
Progress (2): 1.3 MB | 1.0/1.2 MB
Progress (2): 1.3 MB | 1.0/1.2 MB
Progress (2): 1.3 MB | 1.0/1.2 MB
Progress (2): 1.3 MB | 1.0/1.2 MB
Progress (2): 1.3 MB | 1.0/1.2 MB
Progress (2): 1.3 MB | 1.1/1.2 MB
Progress (2): 1.3 MB | 1.1/1.2 MB
Progress (3): 1.3 MB | 1.1/1.2 MB | 7.7/572 kB
Progress (3): 1.3 MB | 1.1/1.2 MB | 7.7/572 kB
Progress (3): 1.3 MB | 1.1/1.2 MB | 16/572 kB 
Progress (3): 1.3 MB | 1.1/1.2 MB | 16/572 kB
Progress (3): 1.3 MB | 1.1/1.2 MB | 32/572 kB
Progress (3): 1.3 MB | 1.1/1.2 MB | 49/572 kB
Progress (3): 1.3 MB | 1.1/1.2 MB | 65/572 kB
Progress (3): 1.3 MB | 1.1/1.2 MB | 81/572 kB
Progress (3): 1.3 MB | 1.1/1.2 MB | 98/572 kB
Progress (4): 1.3 MB | 1.1/1.2 MB | 98/572 kB | 7.7/274 kB
Progress (4): 1.3 MB | 1.1/1.2 MB | 98/572 kB | 16/274 kB 
Progress (4): 1.3 MB | 1.1/1.2 MB | 98/572 kB | 25/274 kB
Progress (4): 1.3 MB | 1.1/1.2 MB | 98/572 kB | 41/274 kB
Progress (4): 1.3 MB | 1.1/1.2 MB | 98/572 kB | 57/274 kB
Progress (4): 1.3 MB | 1.1/1.2 MB | 98/572 kB | 66/274 kB
Progress (4): 1.3 MB | 1.1/1.2 MB | 98/572 kB | 82/274 kB
Progress (4): 1.3 MB | 1.1/1.2 MB | 98/572 kB | 98/274 kB
Progress (4): 1.3 MB | 1.1/1.2 MB | 98/572 kB | 115/274 kB
Progress (4): 1.3 MB | 1.1/1.2 MB | 98/572 kB | 131/274 kB
Progress (4): 1.3 MB | 1.1/1.2 MB | 98/572 kB | 147/274 kB
                                                          
Downloaded from central: https://repo1.maven.org/maven2/io/netty/netty-tcnative-boringssl-static/2.0.74.Final/netty-tcnative-boringssl-static-2.0.74.Final-osx-x86_64.jar (1.3 MB at 2.6 MB/s)
Downloading from central: https://repo1.maven.org/maven2/org/eclipse/jetty/jetty-server/9.4.58.v20250814/jetty-server-9.4.58.v20250814.jar
Progress (3): 1.1/1.2 MB | 98/572 kB | 156/274 kB
Progress (4): 1.1/1.2 MB | 98/572 kB | 156/274 kB | 7.7/69 kB
Progress (4): 1.1/1.2 MB | 98/572 kB | 172/274 kB | 7.7/69 kB
Progress (4): 1.1/1.2 MB | 114/572 kB | 172/274 kB | 7.7/69 kB
Progress (4): 1.1/1.2 MB | 131/572 kB | 172/274 kB | 7.7/69 kB
Progress (4): 1.1/1.2 MB | 147/572 kB | 172/274 kB | 7.7/69 kB
Progress (4): 1.1/1.2 MB | 163/572 kB | 172/274 kB | 7.7/69 kB
Progress (4): 1.1/1.2 MB | 163/572 kB | 172/274 kB | 12/69 kB 
Progress (4): 1.1/1.2 MB | 180/572 kB | 172/274 kB | 12/69 kB
Progress (4): 1.1/1.2 MB | 180/572 kB | 172/274 kB | 29/69 kB
Progress (4): 1.1/1.2 MB | 196/572 kB | 172/274 kB | 29/69 kB
Progress (4): 1.1/1.2 MB | 196/572 kB | 172/274 kB | 45/69 kB
Progress (4): 1.1/1.2 MB | 213/572 kB | 172/274 kB | 45/69 kB
Progress (4): 1.1/1.2 MB | 213/572 kB | 172/274 kB | 61/69 kB
Progress (4): 1.1/1.2 MB | 229/572 kB | 172/274 kB | 61/69 kB
Progress (4): 1.1/1.2 MB | 229/572 kB | 172/274 kB | 69 kB   
Progress (4): 1.1/1.2 MB | 245/572 kB | 172/274 kB | 69 kB
Progress (4): 1.1/1.2 MB | 262/572 kB | 172/274 kB | 69 kB
Progress (4): 1.1/1.2 MB | 278/572 kB | 172/274 kB | 69 kB
Progress (4): 1.1/1.2 MB | 278/572 kB | 180/274 kB | 69 kB
Progress (4): 1.1/1.2 MB | 294/572 kB | 180/274 kB | 69 kB
Progress (4): 1.1/1.2 MB | 311/572 kB | 180/274 kB | 69 kB
Progress (4): 1.1/1.2 MB | 327/572 kB | 180/274 kB | 69 kB
Progress (4): 1.1/1.2 MB | 327/572 kB | 197/274 kB | 69 kB
Progress (4): 1.1/1.2 MB | 327/572 kB | 197/274 kB | 69 kB
Progress (4): 1.1/1.2 MB | 344/572 kB | 197/274 kB | 69 kB
Progress (4): 1.1/1.2 MB | 344/572 kB | 213/274 kB | 69 kB
Progress (4): 1.1/1.2 MB | 360/572 kB | 213/274 kB | 69 kB
Progress (4): 1.1/1.2 MB | 360/572 kB | 213/274 kB | 69 kB
Progress (4): 1.1/1.2 MB | 360/572 kB | 229/274 kB | 69 kB
Progress (4): 1.1/1.2 MB | 376/572 kB | 229/274 kB | 69 kB
Progress (4): 1.2/1.2 MB | 376/572 kB | 229/274 kB | 69 kB
Progress (4): 1.2 MB | 376/572 kB | 229/274 kB | 69 kB    
Progress (4): 1.2 MB | 393/572 kB | 229/274 kB | 69 kB
Progress (4): 1.2 MB | 393/572 kB | 246/274 kB | 69 kB
Progress (4): 1.2 MB | 409/572 kB | 246/274 kB | 69 kB
Progress (4): 1.2 MB | 426/572 kB | 246/274 kB | 69 kB
Progress (4): 1.2 MB | 426/572 kB | 262/274 kB | 69 kB
Progress (4): 1.2 MB | 426/572 kB | 274 kB | 69 kB    
Progress (4): 1.2 MB | 442/572 kB | 274 kB | 69 kB
Progress (4): 1.2 MB | 458/572 kB | 274 kB | 69 kB
Progress (4): 1.2 MB | 475/572 kB | 274 kB | 69 kB
Progress (4): 1.2 MB | 491/572 kB | 274 kB | 69 kB
Progress (4): 1.2 MB | 507/572 kB | 274 kB | 69 kB
Progress (4): 1.2 MB | 524/572 kB | 274 kB | 69 kB
Progress (4): 1.2 MB | 540/572 kB | 274 kB | 69 kB
Progress (4): 1.2 MB | 557/572 kB | 274 kB | 69 kB
Progress (4): 1.2 MB | 572 kB | 274 kB | 69 kB    
                                              
Downloaded from central: https://repo1.maven.org/maven2/org/slf4j/slf4j-api/2.0.13/slf4j-api-2.0.13.jar (69 kB at 134 kB/s)
Downloading from central: https://repo1.maven.org/maven2/javax/servlet/javax.servlet-api/3.1.0/javax.servlet-api-3.1.0.jar
Downloaded from central: https://repo1.maven.org/maven2/ch/qos/logback/logback-core/1.3.15/logback-core-1.3.15.jar (572 kB at 1.1 MB/s)
Downloading from central: https://repo1.maven.org/maven2/org/eclipse/jetty/jetty-http/9.4.58.v20250814/jetty-http-9.4.58.v20250814.jar
Downloaded from central: https://repo1.maven.org/maven2/ch/qos/logback/logback-classic/1.3.15/logback-classic-1.3.15.jar (274 kB at 482 kB/s)
Downloading from central: https://repo1.maven.org/maven2/org/eclipse/jetty/jetty-util/9.4.58.v20250814/jetty-util-9.4.58.v20250814.jar
Progress (2): 1.2 MB | 7.7/96 kB
Progress (3): 1.2 MB | 7.7/96 kB | 7.8/749 kB
                                             
Downloaded from central: https://repo1.maven.org/maven2/io/netty/netty-tcnative-boringssl-static/2.0.74.Final/netty-tcnative-boringssl-static-2.0.74.Final-windows-x86_64.jar (1.2 MB at 2.0 MB/s)
Downloading from central: https://repo1.maven.org/maven2/org/eclipse/jetty/jetty-io/9.4.58.v20250814/jetty-io-9.4.58.v20250814.jar
Progress (2): 16/96 kB | 7.8/749 kB
Progress (2): 32/96 kB | 7.8/749 kB
Progress (2): 49/96 kB | 7.8/749 kB
Progress (2): 65/96 kB | 7.8/749 kB
Progress (2): 65/96 kB | 16/749 kB 
Progress (2): 81/96 kB | 16/749 kB
Progress (2): 96 kB | 16/749 kB   
Progress (2): 96 kB | 32/749 kB
Progress (2): 96 kB | 49/749 kB
Progress (2): 96 kB | 65/749 kB
Progress (3): 96 kB | 65/749 kB | 7.7/253 kB
Progress (3): 96 kB | 81/749 kB | 7.7/253 kB
Progress (3): 96 kB | 98/749 kB | 7.7/253 kB
Progress (3): 96 kB | 114/749 kB | 7.7/253 kB
Progress (3): 96 kB | 131/749 kB | 7.7/253 kB
Progress (3): 96 kB | 147/749 kB | 7.7/253 kB
Progress (3): 96 kB | 147/749 kB | 16/253 kB 
Progress (3): 96 kB | 147/749 kB | 32/253 kB
Progress (3): 96 kB | 147/749 kB | 49/253 kB
Progress (3): 96 kB | 163/749 kB | 49/253 kB
Progress (3): 96 kB | 163/749 kB | 65/253 kB
Progress (3): 96 kB | 180/749 kB | 65/253 kB
Progress (3): 96 kB | 180/749 kB | 81/253 kB
Progress (3): 96 kB | 196/749 kB | 81/253 kB
Progress (3): 96 kB | 196/749 kB | 98/253 kB
Progress (3): 96 kB | 196/749 kB | 114/253 kB
Progress (3): 96 kB | 213/749 kB | 114/253 kB
Progress (3): 96 kB | 213/749 kB | 131/253 kB
Progress (3): 96 kB | 229/749 kB | 131/253 kB
Progress (3): 96 kB | 229/749 kB | 147/253 kB
Progress (3): 96 kB | 245/749 kB | 147/253 kB
Progress (3): 96 kB | 245/749 kB | 163/253 kB
Progress (3): 96 kB | 245/749 kB | 180/253 kB
Progress (3): 96 kB | 245/749 kB | 196/253 kB
Progress (3): 96 kB | 262/749 kB | 196/253 kB
Progress (3): 96 kB | 262/749 kB | 213/253 kB
Progress (3): 96 kB | 278/749 kB | 213/253 kB
Progress (3): 96 kB | 278/749 kB | 229/253 kB
Progress (3): 96 kB | 294/749 kB | 229/253 kB
Progress (3): 96 kB | 294/749 kB | 245/253 kB
Progress (3): 96 kB | 294/749 kB | 253 kB    
Progress (3): 96 kB | 311/749 kB | 253 kB
Progress (3): 96 kB | 327/749 kB | 253 kB
Progress (3): 96 kB | 344/749 kB | 253 kB
Progress (3): 96 kB | 360/749 kB | 253 kB
Progress (3): 96 kB | 376/749 kB | 253 kB
Progress (3): 96 kB | 393/749 kB | 253 kB
Progress (3): 96 kB | 409/749 kB | 253 kB
Progress (3): 96 kB | 426/749 kB | 253 kB
Progress (3): 96 kB | 442/749 kB | 253 kB
Progress (3): 96 kB | 458/749 kB | 253 kB
Progress (3): 96 kB | 475/749 kB | 253 kB
Progress (3): 96 kB | 491/749 kB | 253 kB
Progress (3): 96 kB | 507/749 kB | 253 kB
Progress (3): 96 kB | 524/749 kB | 253 kB
Progress (3): 96 kB | 540/749 kB | 253 kB
Progress (3): 96 kB | 557/749 kB | 253 kB
Progress (3): 96 kB | 573/749 kB | 253 kB
Progress (3): 96 kB | 589/749 kB | 253 kB
Progress (3): 96 kB | 606/749 kB | 253 kB
Progress (3): 96 kB | 622/749 kB | 253 kB
Progress (3): 96 kB | 639/749 kB | 253 kB
Progress (3): 96 kB | 655/749 kB | 253 kB
Progress (3): 96 kB | 671/749 kB | 253 kB
Progress (3): 96 kB | 688/749 kB | 253 kB
Progress (3): 96 kB | 704/749 kB | 253 kB
Progress (3): 96 kB | 720/749 kB | 253 kB
Progress (3): 96 kB | 737/749 kB | 253 kB
Progress (3): 96 kB | 749 kB | 253 kB    
Progress (4): 96 kB | 749 kB | 253 kB | 7.7/595 kB
Progress (4): 96 kB | 749 kB | 253 kB | 16/595 kB 
Progress (4): 96 kB | 749 kB | 253 kB | 25/595 kB
Progress (5): 96 kB | 749 kB | 253 kB | 25/595 kB | 7.7/185 kB
Progress (5): 96 kB | 749 kB | 253 kB | 41/595 kB | 7.7/185 kB
Progress (5): 96 kB | 749 kB | 253 kB | 57/595 kB | 7.7/185 kB
                                                              
Downloaded from central: https://repo1.maven.org/maven2/javax/servlet/javax.servlet-api/3.1.0/javax.servlet-api-3.1.0.jar (96 kB at 143 kB/s)
Downloading from central: https://repo1.maven.org/maven2/org/eclipse/jetty/jetty-servlet/9.4.58.v20250814/jetty-servlet-9.4.58.v20250814.jar
Progress (4): 749 kB | 253 kB | 66/595 kB | 7.7/185 kB
Progress (4): 749 kB | 253 kB | 82/595 kB | 7.7/185 kB
Progress (4): 749 kB | 253 kB | 98/595 kB | 7.7/185 kB
Progress (4): 749 kB | 253 kB | 115/595 kB | 7.7/185 kB
Progress (4): 749 kB | 253 kB | 131/595 kB | 7.7/185 kB
Progress (4): 749 kB | 253 kB | 147/595 kB | 7.7/185 kB
Progress (4): 749 kB | 253 kB | 147/595 kB | 7.8/185 kB
Progress (4): 749 kB | 253 kB | 164/595 kB | 7.8/185 kB
Progress (4): 749 kB | 253 kB | 180/595 kB | 7.8/185 kB
Progress (4): 749 kB | 253 kB | 197/595 kB | 7.8/185 kB
Progress (4): 749 kB | 253 kB | 213/595 kB | 7.8/185 kB
Progress (4): 749 kB | 253 kB | 229/595 kB | 7.8/185 kB
Progress (4): 749 kB | 253 kB | 246/595 kB | 7.8/185 kB
Progress (4): 749 kB | 253 kB | 262/595 kB | 7.8/185 kB
Progress (4): 749 kB | 253 kB | 279/595 kB | 7.8/185 kB
Progress (4): 749 kB | 253 kB | 295/595 kB | 7.8/185 kB
Progress (4): 749 kB | 253 kB | 311/595 kB | 7.8/185 kB
Progress (4): 749 kB | 253 kB | 328/595 kB | 7.8/185 kB
Progress (4): 749 kB | 253 kB | 344/595 kB | 7.8/185 kB
Progress (4): 749 kB | 253 kB | 360/595 kB | 7.8/185 kB
Progress (4): 749 kB | 253 kB | 377/595 kB | 7.8/185 kB
Progress (4): 749 kB | 253 kB | 393/595 kB | 7.8/185 kB
Progress (4): 749 kB | 253 kB | 410/595 kB | 7.8/185 kB
Progress (4): 749 kB | 253 kB | 426/595 kB | 7.8/185 kB
Progress (4): 749 kB | 253 kB | 442/595 kB | 7.8/185 kB
Progress (4): 749 kB | 253 kB | 459/595 kB | 7.8/185 kB
Progress (4): 749 kB | 253 kB | 475/595 kB | 7.8/185 kB
Progress (4): 749 kB | 253 kB | 492/595 kB | 7.8/185 kB
Progress (4): 749 kB | 253 kB | 503/595 kB | 7.8/185 kB
Progress (4): 749 kB | 253 kB | 508/595 kB | 7.8/185 kB
Progress (4): 749 kB | 253 kB | 508/595 kB | 24/185 kB 
Progress (4): 749 kB | 253 kB | 524/595 kB | 24/185 kB
Progress (4): 749 kB | 253 kB | 524/595 kB | 41/185 kB
Progress (4): 749 kB | 253 kB | 541/595 kB | 41/185 kB
Progress (4): 749 kB | 253 kB | 541/595 kB | 57/185 kB
Progress (4): 749 kB | 253 kB | 541/595 kB | 73/185 kB
Progress (4): 749 kB | 253 kB | 541/595 kB | 90/185 kB
Progress (4): 749 kB | 253 kB | 557/595 kB | 90/185 kB
Progress (4): 749 kB | 253 kB | 557/595 kB | 106/185 kB
Progress (4): 749 kB | 253 kB | 557/595 kB | 122/185 kB
Progress (4): 749 kB | 253 kB | 573/595 kB | 122/185 kB
Progress (4): 749 kB | 253 kB | 573/595 kB | 139/185 kB
Progress (4): 749 kB | 253 kB | 590/595 kB | 139/185 kB
Progress (4): 749 kB | 253 kB | 590/595 kB | 155/185 kB
Progress (4): 749 kB | 253 kB | 595 kB | 155/185 kB    
Progress (4): 749 kB | 253 kB | 595 kB | 172/185 kB
                                                   
Downloaded from central: https://repo1.maven.org/maven2/org/eclipse/jetty/jetty-http/9.4.58.v20250814/jetty-http-9.4.58.v20250814.jar (253 kB at 366 kB/s)
Downloading from central: https://repo1.maven.org/maven2/org/eclipse/jetty/jetty-security/9.4.58.v20250814/jetty-security-9.4.58.v20250814.jar
Progress (3): 749 kB | 595 kB | 185 kB
                                      
Downloaded from central: https://repo1.maven.org/maven2/org/eclipse/jetty/jetty-server/9.4.58.v20250814/jetty-server-9.4.58.v20250814.jar (749 kB at 1.1 MB/s)
Downloading from central: https://repo1.maven.org/maven2/org/eclipse/jetty/jetty-util-ajax/9.4.58.v20250814/jetty-util-ajax-9.4.58.v20250814.jar
Downloaded from central: https://repo1.maven.org/maven2/org/eclipse/jetty/jetty-io/9.4.58.v20250814/jetty-io-9.4.58.v20250814.jar (185 kB at 259 kB/s)
Downloading from central: https://repo1.maven.org/maven2/org/eclipse/jetty/jetty-client/9.4.58.v20250814/jetty-client-9.4.58.v20250814.jar
Downloaded from central: https://repo1.maven.org/maven2/org/eclipse/jetty/jetty-util/9.4.58.v20250814/jetty-util-9.4.58.v20250814.jar (595 kB at 824 kB/s)
Downloading from central: https://repo1.maven.org/maven2/com/fasterxml/jackson/core/jackson-databind/2.18.1/jackson-databind-2.18.1.jar
Progress (1): 7.7/148 kB
Progress (1): 12/148 kB 
Progress (1): 29/148 kB
Progress (1): 33/148 kB
Progress (1): 49/148 kB
Progress (1): 66/148 kB
Progress (1): 82/148 kB
Progress (1): 98/148 kB
Progress (1): 115/148 kB
Progress (1): 131/148 kB
Progress (1): 147/148 kB
Progress (1): 148 kB    
                    
Downloaded from central: https://repo1.maven.org/maven2/org/eclipse/jetty/jetty-servlet/9.4.58.v20250814/jetty-servlet-9.4.58.v20250814.jar (148 kB at 197 kB/s)
Downloading from central: https://repo1.maven.org/maven2/com/fasterxml/jackson/core/jackson-annotations/2.18.1/jackson-annotations-2.18.1.jar
Progress (1): 7.8/67 kB
Progress (1): 16/67 kB 
Progress (1): 32/67 kB
Progress (1): 49/67 kB
Progress (1): 65/67 kB
Progress (1): 67 kB   
Progress (2): 67 kB | 7.7/332 kB
Progress (2): 67 kB | 8.2/332 kB
Progress (2): 67 kB | 16/332 kB 
Progress (2): 67 kB | 33/332 kB
Progress (2): 67 kB | 49/332 kB
Progress (2): 67 kB | 66/332 kB
Progress (2): 67 kB | 82/332 kB
Progress (2): 67 kB | 98/332 kB
Progress (2): 67 kB | 115/332 kB
Progress (2): 67 kB | 131/332 kB
Progress (2): 67 kB | 147/332 kB
Progress (2): 67 kB | 156/332 kB
Progress (2): 67 kB | 164/332 kB
Progress (2): 67 kB | 180/332 kB
Progress (2): 67 kB | 188/332 kB
Progress (2): 67 kB | 205/332 kB
Progress (2): 67 kB | 213/332 kB
Progress (2): 67 kB | 229/332 kB
Progress (2): 67 kB | 238/332 kB
Progress (2): 67 kB | 254/332 kB
Progress (2): 67 kB | 270/332 kB
Progress (3): 67 kB | 270/332 kB | 0/1.7 MB
Progress (3): 67 kB | 287/332 kB | 0/1.7 MB
Progress (4): 67 kB | 287/332 kB | 0/1.7 MB | 7.8/120 kB
Progress (4): 67 kB | 295/332 kB | 0/1.7 MB | 7.8/120 kB
Progress (4): 67 kB | 311/332 kB | 0/1.7 MB | 7.8/120 kB
Progress (4): 67 kB | 311/332 kB | 0/1.7 MB | 7.8/120 kB
Progress (4): 67 kB | 311/332 kB | 0/1.7 MB | 7.8/120 kB
Progress (4): 67 kB | 311/332 kB | 0/1.7 MB | 16/120 kB 
                                                       
Downloaded from central: https://repo1.maven.org/maven2/org/eclipse/jetty/jetty-util-ajax/9.4.58.v20250814/jetty-util-ajax-9.4.58.v20250814.jar (67 kB at 87 kB/s)
Progress (3): 311/332 kB | 0/1.7 MB | 32/120 kB
                                               
Downloading from central: https://repo1.maven.org/maven2/com/fasterxml/jackson/core/jackson-core/2.18.1/jackson-core-2.18.1.jar
Progress (3): 311/332 kB | 0/1.7 MB | 32/120 kB
Progress (3): 319/332 kB | 0/1.7 MB | 32/120 kB
Progress (3): 319/332 kB | 0/1.7 MB | 49/120 kB
Progress (3): 332 kB | 0/1.7 MB | 49/120 kB    
Progress (3): 332 kB | 0/1.7 MB | 65/120 kB
Progress (3): 332 kB | 0.1/1.7 MB | 65/120 kB
Progress (3): 332 kB | 0.1/1.7 MB | 81/120 kB
Progress (3): 332 kB | 0.1/1.7 MB | 98/120 kB
Progress (3): 332 kB | 0.1/1.7 MB | 98/120 kB
Progress (3): 332 kB | 0.1/1.7 MB | 114/120 kB
Progress (3): 332 kB | 0.1/1.7 MB | 114/120 kB
Progress (3): 332 kB | 0.1/1.7 MB | 120 kB    
Progress (3): 332 kB | 0.1/1.7 MB | 120 kB
Progress (3): 332 kB | 0.1/1.7 MB | 120 kB
Progress (3): 332 kB | 0.1/1.7 MB | 120 kB
Progress (3): 332 kB | 0.2/1.7 MB | 120 kB
Progress (3): 332 kB | 0.2/1.7 MB | 120 kB
Progress (3): 332 kB | 0.2/1.7 MB | 120 kB
Progress (3): 332 kB | 0.2/1.7 MB | 120 kB
Progress (3): 332 kB | 0.2/1.7 MB | 120 kB
Progress (3): 332 kB | 0.2/1.7 MB | 120 kB
Progress (3): 332 kB | 0.3/1.7 MB | 120 kB
Progress (3): 332 kB | 0.3/1.7 MB | 120 kB
Progress (3): 332 kB | 0.3/1.7 MB | 120 kB
Progress (3): 332 kB | 0.3/1.7 MB | 120 kB
Progress (3): 332 kB | 0.3/1.7 MB | 120 kB
Progress (3): 332 kB | 0.3/1.7 MB | 120 kB
Progress (3): 332 kB | 0.3/1.7 MB | 120 kB
Progress (3): 332 kB | 0.4/1.7 MB | 120 kB
Progress (3): 332 kB | 0.4/1.7 MB | 120 kB
Progress (3): 332 kB | 0.4/1.7 MB | 120 kB
Progress (3): 332 kB | 0.4/1.7 MB | 120 kB
Progress (3): 332 kB | 0.4/1.7 MB | 120 kB
Progress (3): 332 kB | 0.4/1.7 MB | 120 kB
Progress (3): 332 kB | 0.5/1.7 MB | 120 kB
Progress (3): 332 kB | 0.5/1.7 MB | 120 kB
Progress (3): 332 kB | 0.5/1.7 MB | 120 kB
Progress (3): 332 kB | 0.5/1.7 MB | 120 kB
Progress (4): 332 kB | 0.5/1.7 MB | 120 kB | 7.7/78 kB
Progress (4): 332 kB | 0.5/1.7 MB | 120 kB | 7.7/78 kB
Progress (4): 332 kB | 0.5/1.7 MB | 120 kB | 7.7/78 kB
Progress (4): 332 kB | 0.5/1.7 MB | 120 kB | 7.7/78 kB
Progress (4): 332 kB | 0.6/1.7 MB | 120 kB | 7.7/78 kB
Progress (4): 332 kB | 0.6/1.7 MB | 120 kB | 16/78 kB 
Progress (4): 332 kB | 0.6/1.7 MB | 120 kB | 24/78 kB
                                                     
Downloaded from central: https://repo1.maven.org/maven2/org/eclipse/jetty/jetty-security/9.4.58.v20250814/jetty-security-9.4.58.v20250814.jar (120 kB at 150 kB/s)
Downloading from central: https://repo1.maven.org/maven2/org/bouncycastle/bcprov-jdk18on/1.78/bcprov-jdk18on-1.78.jar
Progress (3): 332 kB | 0.6/1.7 MB | 41/78 kB
Progress (3): 332 kB | 0.6/1.7 MB | 41/78 kB
Progress (3): 332 kB | 0.6/1.7 MB | 57/78 kB
Progress (3): 332 kB | 0.6/1.7 MB | 73/78 kB
Progress (3): 332 kB | 0.6/1.7 MB | 73/78 kB
Progress (3): 332 kB | 0.6/1.7 MB | 78 kB   
Progress (3): 332 kB | 0.6/1.7 MB | 78 kB
Progress (3): 332 kB | 0.6/1.7 MB | 78 kB
Progress (3): 332 kB | 0.6/1.7 MB | 78 kB
Progress (3): 332 kB | 0.7/1.7 MB | 78 kB
                                         
Downloaded from central: https://repo1.maven.org/maven2/org/eclipse/jetty/jetty-client/9.4.58.v20250814/jetty-client-9.4.58.v20250814.jar (332 kB at 414 kB/s)
Downloading from central: https://repo1.maven.org/maven2/org/bouncycastle/bcpkix-jdk18on/1.78/bcpkix-jdk18on-1.78.jar
Progress (2): 0.7/1.7 MB | 78 kB
Progress (2): 0.7/1.7 MB | 78 kB
Progress (2): 0.7/1.7 MB | 78 kB
Progress (2): 0.7/1.7 MB | 78 kB
Progress (2): 0.7/1.7 MB | 78 kB
Progress (2): 0.8/1.7 MB | 78 kB
Progress (2): 0.8/1.7 MB | 78 kB
Progress (2): 0.8/1.7 MB | 78 kB
Progress (2): 0.8/1.7 MB | 78 kB
Progress (2): 0.8/1.7 MB | 78 kB
Progress (2): 0.8/1.7 MB | 78 kB
Progress (2): 0.9/1.7 MB | 78 kB
Progress (2): 0.9/1.7 MB | 78 kB
Progress (2): 0.9/1.7 MB | 78 kB
Progress (2): 0.9/1.7 MB | 78 kB
Progress (2): 0.9/1.7 MB | 78 kB
Progress (3): 0.9/1.7 MB | 78 kB | 7.7/598 kB
Progress (3): 0.9/1.7 MB | 78 kB | 7.7/598 kB
Progress (3): 0.9/1.7 MB | 78 kB | 16/598 kB 
Progress (3): 0.9/1.7 MB | 78 kB | 25/598 kB
Progress (3): 1.0/1.7 MB | 78 kB | 25/598 kB
Progress (3): 1.0/1.7 MB | 78 kB | 25/598 kB
Progress (3): 1.0/1.7 MB | 78 kB | 41/598 kB
Progress (3): 1.0/1.7 MB | 78 kB | 41/598 kB
                                            
Downloaded from central: https://repo1.maven.org/maven2/com/fasterxml/jackson/core/jackson-annotations/2.18.1/jackson-annotations-2.18.1.jar (78 kB at 97 kB/s)
Downloading from central: https://repo1.maven.org/maven2/org/bouncycastle/bcutil-jdk18on/1.78/bcutil-jdk18on-1.78.jar
Progress (2): 1.0/1.7 MB | 57/598 kB
Progress (2): 1.0/1.7 MB | 57/598 kB
Progress (2): 1.0/1.7 MB | 74/598 kB
Progress (2): 1.0/1.7 MB | 74/598 kB
Progress (2): 1.0/1.7 MB | 90/598 kB
Progress (2): 1.0/1.7 MB | 90/598 kB
Progress (2): 1.0/1.7 MB | 106/598 kB
Progress (2): 1.1/1.7 MB | 106/598 kB
Progress (2): 1.1/1.7 MB | 106/598 kB
Progress (2): 1.1/1.7 MB | 123/598 kB
Progress (2): 1.1/1.7 MB | 123/598 kB
Progress (2): 1.1/1.7 MB | 131/598 kB
Progress (2): 1.1/1.7 MB | 131/598 kB
Progress (2): 1.1/1.7 MB | 147/598 kB
Progress (2): 1.1/1.7 MB | 147/598 kB
Progress (2): 1.1/1.7 MB | 164/598 kB
Progress (2): 1.1/1.7 MB | 164/598 kB
Progress (2): 1.1/1.7 MB | 180/598 kB
Progress (2): 1.2/1.7 MB | 180/598 kB
Progress (2): 1.2/1.7 MB | 197/598 kB
Progress (2): 1.2/1.7 MB | 213/598 kB
Progress (2): 1.2/1.7 MB | 213/598 kB
Progress (2): 1.2/1.7 MB | 229/598 kB
Progress (2): 1.2/1.7 MB | 229/598 kB
Progress (2): 1.2/1.7 MB | 246/598 kB
Progress (2): 1.2/1.7 MB | 246/598 kB
Progress (2): 1.2/1.7 MB | 262/598 kB
Progress (2): 1.2/1.7 MB | 262/598 kB
Progress (2): 1.2/1.7 MB | 279/598 kB
Progress (2): 1.2/1.7 MB | 295/598 kB
Progress (2): 1.2/1.7 MB | 295/598 kB
Progress (2): 1.2/1.7 MB | 299/598 kB
Progress (2): 1.2/1.7 MB | 315/598 kB
Progress (2): 1.3/1.7 MB | 315/598 kB
Progress (2): 1.3/1.7 MB | 328/598 kB
Progress (2): 1.3/1.7 MB | 328/598 kB
Progress (2): 1.3/1.7 MB | 344/598 kB
Progress (2): 1.3/1.7 MB | 344/598 kB
Progress (2): 1.3/1.7 MB | 360/598 kB
Progress (2): 1.3/1.7 MB | 360/598 kB
Progress (2): 1.3/1.7 MB | 377/598 kB
Progress (2): 1.3/1.7 MB | 377/598 kB
Progress (2): 1.3/1.7 MB | 393/598 kB
Progress (2): 1.3/1.7 MB | 393/598 kB
Progress (2): 1.3/1.7 MB | 410/598 kB
Progress (2): 1.3/1.7 MB | 410/598 kB
Progress (2): 1.3/1.7 MB | 426/598 kB
Progress (2): 1.4/1.7 MB | 426/598 kB
Progress (2): 1.4/1.7 MB | 442/598 kB
Progress (2): 1.4/1.7 MB | 442/598 kB
Progress (2): 1.4/1.7 MB | 442/598 kB
Progress (2): 1.4/1.7 MB | 459/598 kB
Progress (2): 1.4/1.7 MB | 459/598 kB
Progress (2): 1.4/1.7 MB | 475/598 kB
Progress (2): 1.4/1.7 MB | 475/598 kB
Progress (2): 1.4/1.7 MB | 492/598 kB
Progress (2): 1.4/1.7 MB | 495/598 kB
Progress (2): 1.4/1.7 MB | 495/598 kB
Progress (2): 1.4/1.7 MB | 512/598 kB
Progress (2): 1.4/1.7 MB | 524/598 kB
Progress (2): 1.5/1.7 MB | 524/598 kB
Progress (2): 1.5/1.7 MB | 541/598 kB
Progress (2): 1.5/1.7 MB | 541/598 kB
Progress (2): 1.5/1.7 MB | 557/598 kB
Progress (2): 1.5/1.7 MB | 557/598 kB
Progress (2): 1.5/1.7 MB | 573/598 kB
Progress (2): 1.5/1.7 MB | 573/598 kB
Progress (2): 1.5/1.7 MB | 590/598 kB
Progress (2): 1.5/1.7 MB | 598 kB    
Progress (2): 1.5/1.7 MB | 598 kB
Progress (2): 1.5/1.7 MB | 598 kB
Progress (2): 1.6/1.7 MB | 598 kB
Progress (2): 1.6/1.7 MB | 598 kB
Progress (2): 1.6/1.7 MB | 598 kB
Progress (2): 1.6/1.7 MB | 598 kB
Progress (2): 1.6/1.7 MB | 598 kB
Progress (2): 1.6/1.7 MB | 598 kB
Progress (2): 1.6/1.7 MB | 598 kB
Progress (2): 1.7 MB | 598 kB    
Progress (3): 1.7 MB | 598 kB | 0/8.3 MB
Progress (3): 1.7 MB | 598 kB | 0/8.3 MB
Progress (3): 1.7 MB | 598 kB | 0/8.3 MB
Progress (3): 1.7 MB | 598 kB | 0.1/8.3 MB
Progress (3): 1.7 MB | 598 kB | 0.1/8.3 MB
Progress (3): 1.7 MB | 598 kB | 0.1/8.3 MB
Progress (3): 1.7 MB | 598 kB | 0.1/8.3 MB
Progress (3): 1.7 MB | 598 kB | 0.1/8.3 MB
Progress (3): 1.7 MB | 598 kB | 0.1/8.3 MB
Progress (3): 1.7 MB | 598 kB | 0.1/8.3 MB
Progress (3): 1.7 MB | 598 kB | 0.2/8.3 MB
Progress (3): 1.7 MB | 598 kB | 0.2/8.3 MB
Progress (3): 1.7 MB | 598 kB | 0.2/8.3 MB
Progress (3): 1.7 MB | 598 kB | 0.2/8.3 MB
Progress (3): 1.7 MB | 598 kB | 0.2/8.3 MB
Progress (3): 1.7 MB | 598 kB | 0.2/8.3 MB
Progress (3): 1.7 MB | 598 kB | 0.3/8.3 MB
Progress (3): 1.7 MB | 598 kB | 0.3/8.3 MB
Progress (3): 1.7 MB | 598 kB | 0.3/8.3 MB
                                          
Downloaded from central: https://repo1.maven.org/maven2/com/fasterxml/jackson/core/jackson-core/2.18.1/jackson-core-2.18.1.jar (598 kB at 706 kB/s)
Downloading from central: https://repo1.maven.org/maven2/org/jline/jline/3.25.1/jline-3.25.1.jar
Progress (2): 1.7 MB | 0.3/8.3 MB
Progress (2): 1.7 MB | 0.3/8.3 MB
Progress (2): 1.7 MB | 0.3/8.3 MB
Progress (2): 1.7 MB | 0.3/8.3 MB
Progress (2): 1.7 MB | 0.4/8.3 MB
Progress (2): 1.7 MB | 0.4/8.3 MB
Progress (2): 1.7 MB | 0.4/8.3 MB
Progress (2): 1.7 MB | 0.4/8.3 MB
Progress (2): 1.7 MB | 0.4/8.3 MB
Progress (2): 1.7 MB | 0.4/8.3 MB
Progress (2): 1.7 MB | 0.5/8.3 MB
Progress (2): 1.7 MB | 0.5/8.3 MB
Progress (2): 1.7 MB | 0.5/8.3 MB
Progress (2): 1.7 MB | 0.5/8.3 MB
Progress (2): 1.7 MB | 0.5/8.3 MB
Progress (2): 1.7 MB | 0.5/8.3 MB
Progress (2): 1.7 MB | 0.6/8.3 MB
Progress (2): 1.7 MB | 0.6/8.3 MB
Progress (2): 1.7 MB | 0.6/8.3 MB
Progress (2): 1.7 MB | 0.6/8.3 MB
Progress (2): 1.7 MB | 0.6/8.3 MB
Progress (2): 1.7 MB | 0.6/8.3 MB
Progress (2): 1.7 MB | 0.7/8.3 MB
Progress (3): 1.7 MB | 0.7/8.3 MB | 7.7/705 kB
Progress (3): 1.7 MB | 0.7/8.3 MB | 7.7/705 kB
Progress (3): 1.7 MB | 0.7/8.3 MB | 7.7/705 kB
Progress (3): 1.7 MB | 0.7/8.3 MB | 7.7/705 kB
Progress (3): 1.7 MB | 0.7/8.3 MB | 8.2/705 kB
Progress (3): 1.7 MB | 0.7/8.3 MB | 8.2/705 kB
Progress (3): 1.7 MB | 0.7/8.3 MB | 8.2/705 kB
Progress (3): 1.7 MB | 0.7/8.3 MB | 16/705 kB 
Progress (3): 1.7 MB | 0.8/8.3 MB | 16/705 kB
Progress (3): 1.7 MB | 0.8/8.3 MB | 33/705 kB
Progress (3): 1.7 MB | 0.8/8.3 MB | 33/705 kB
Progress (3): 1.7 MB | 0.8/8.3 MB | 49/705 kB
Progress (3): 1.7 MB | 0.8/8.3 MB | 49/705 kB
Progress (3): 1.7 MB | 0.8/8.3 MB | 66/705 kB
Progress (3): 1.7 MB | 0.8/8.3 MB | 66/705 kB
Progress (3): 1.7 MB | 0.8/8.3 MB | 74/705 kB
Progress (3): 1.7 MB | 0.8/8.3 MB | 74/705 kB
Progress (3): 1.7 MB | 0.8/8.3 MB | 90/705 kB
Progress (3): 1.7 MB | 0.8/8.3 MB | 98/705 kB
Progress (3): 1.7 MB | 0.8/8.3 MB | 98/705 kB
Progress (3): 1.7 MB | 0.8/8.3 MB | 115/705 kB
Progress (3): 1.7 MB | 0.9/8.3 MB | 115/705 kB
Progress (3): 1.7 MB | 0.9/8.3 MB | 131/705 kB
Progress (3): 1.7 MB | 0.9/8.3 MB | 131/705 kB
Progress (3): 1.7 MB | 0.9/8.3 MB | 131/705 kB
Progress (3): 1.7 MB | 0.9/8.3 MB | 147/705 kB
Progress (3): 1.7 MB | 0.9/8.3 MB | 156/705 kB
Progress (3): 1.7 MB | 0.9/8.3 MB | 156/705 kB
Progress (3): 1.7 MB | 0.9/8.3 MB | 172/705 kB
Progress (3): 1.7 MB | 0.9/8.3 MB | 180/705 kB
Progress (3): 1.7 MB | 0.9/8.3 MB | 180/705 kB
Progress (3): 1.7 MB | 0.9/8.3 MB | 197/705 kB
Progress (3): 1.7 MB | 0.9/8.3 MB | 197/705 kB
Progress (3): 1.7 MB | 0.9/8.3 MB | 205/705 kB
Progress (3): 1.7 MB | 1.0/8.3 MB | 205/705 kB
Progress (3): 1.7 MB | 1.0/8.3 MB | 213/705 kB
Progress (3): 1.7 MB | 1.0/8.3 MB | 213/705 kB
Progress (3): 1.7 MB | 1.0/8.3 MB | 229/705 kB
Progress (3): 1.7 MB | 1.0/8.3 MB | 229/705 kB
Progress (3): 1.7 MB | 1.0/8.3 MB | 246/705 kB
Progress (3): 1.7 MB | 1.0/8.3 MB | 262/705 kB
Progress (3): 1.7 MB | 1.0/8.3 MB | 262/705 kB
Progress (3): 1.7 MB | 1.0/8.3 MB | 279/705 kB
Progress (3): 1.7 MB | 1.0/8.3 MB | 279/705 kB
Progress (3): 1.7 MB | 1.0/8.3 MB | 295/705 kB
Progress (3): 1.7 MB | 1.0/8.3 MB | 303/705 kB
Progress (3): 1.7 MB | 1.0/8.3 MB | 319/705 kB
Progress (3): 1.7 MB | 1.0/8.3 MB | 319/705 kB
Progress (3): 1.7 MB | 1.0/8.3 MB | 336/705 kB
Progress (3): 1.7 MB | 1.0/8.3 MB | 336/705 kB
Progress (3): 1.7 MB | 1.0/8.3 MB | 352/705 kB
Progress (3): 1.7 MB | 1.0/8.3 MB | 369/705 kB
Progress (3): 1.7 MB | 1.0/8.3 MB | 385/705 kB
Progress (3): 1.7 MB | 1.0/8.3 MB | 393/705 kB
Progress (3): 1.7 MB | 1.1/8.3 MB | 393/705 kB
Progress (3): 1.7 MB | 1.1/8.3 MB | 393/705 kB
Progress (3): 1.7 MB | 1.1/8.3 MB | 393/705 kB
Progress (3): 1.7 MB | 1.1/8.3 MB | 410/705 kB
Progress (3): 1.7 MB | 1.1/8.3 MB | 410/705 kB
Progress (3): 1.7 MB | 1.1/8.3 MB | 410/705 kB
Progress (3): 1.7 MB | 1.1/8.3 MB | 426/705 kB
                                              
Downloaded from central: https://repo1.maven.org/maven2/com/fasterxml/jackson/core/jackson-databind/2.18.1/jackson-databind-2.18.1.jar (1.7 MB at 1.9 MB/s)
Downloading from central: https://repo1.maven.org/maven2/io/dropwizard/metrics/metrics-core/4.1.12.1/metrics-core-4.1.12.1.jar
Progress (2): 1.1/8.3 MB | 426/705 kB
Progress (2): 1.2/8.3 MB | 426/705 kB
Progress (2): 1.2/8.3 MB | 426/705 kB
Progress (2): 1.2/8.3 MB | 434/705 kB
Progress (2): 1.2/8.3 MB | 434/705 kB
Progress (2): 1.2/8.3 MB | 451/705 kB
Progress (2): 1.2/8.3 MB | 451/705 kB
Progress (2): 1.2/8.3 MB | 467/705 kB
Progress (2): 1.2/8.3 MB | 467/705 kB
Progress (2): 1.2/8.3 MB | 467/705 kB
Progress (2): 1.2/8.3 MB | 483/705 kB
Progress (2): 1.3/8.3 MB | 483/705 kB
Progress (2): 1.3/8.3 MB | 500/705 kB
Progress (2): 1.3/8.3 MB | 500/705 kB
Progress (2): 1.3/8.3 MB | 516/705 kB
Progress (2): 1.3/8.3 MB | 524/705 kB
Progress (2): 1.3/8.3 MB | 524/705 kB
Progress (2): 1.3/8.3 MB | 541/705 kB
Progress (2): 1.3/8.3 MB | 541/705 kB
Progress (2): 1.3/8.3 MB | 557/705 kB
Progress (2): 1.3/8.3 MB | 557/705 kB
Progress (2): 1.3/8.3 MB | 573/705 kB
Progress (2): 1.3/8.3 MB | 582/705 kB
Progress (2): 1.3/8.3 MB | 582/705 kB
Progress (2): 1.3/8.3 MB | 598/705 kB
Progress (2): 1.4/8.3 MB | 598/705 kB
Progress (2): 1.4/8.3 MB | 614/705 kB
Progress (2): 1.4/8.3 MB | 614/705 kB
Progress (2): 1.4/8.3 MB | 631/705 kB
Progress (2): 1.4/8.3 MB | 647/705 kB
Progress (3): 1.4/8.3 MB | 647/705 kB | 0/1.1 MB
Progress (3): 1.4/8.3 MB | 647/705 kB | 0/1.1 MB
Progress (3): 1.4/8.3 MB | 647/705 kB | 0/1.1 MB
Progress (3): 1.4/8.3 MB | 664/705 kB | 0/1.1 MB
Progress (3): 1.4/8.3 MB | 664/705 kB | 0/1.1 MB
Progress (3): 1.4/8.3 MB | 680/705 kB | 0/1.1 MB
Progress (3): 1.4/8.3 MB | 680/705 kB | 0/1.1 MB
Progress (3): 1.4/8.3 MB | 680/705 kB | 0/1.1 MB
Progress (3): 1.4/8.3 MB | 688/705 kB | 0/1.1 MB
Progress (3): 1.4/8.3 MB | 688/705 kB | 0/1.1 MB
Progress (3): 1.4/8.3 MB | 688/705 kB | 0/1.1 MB
Progress (3): 1.4/8.3 MB | 705/705 kB | 0/1.1 MB
Progress (3): 1.4/8.3 MB | 705 kB | 0/1.1 MB    
Progress (3): 1.4/8.3 MB | 705 kB | 0/1.1 MB
Progress (3): 1.4/8.3 MB | 705 kB | 0/1.1 MB
Progress (3): 1.5/8.3 MB | 705 kB | 0/1.1 MB
Progress (3): 1.5/8.3 MB | 705 kB | 0/1.1 MB
Progress (3): 1.5/8.3 MB | 705 kB | 0/1.1 MB
Progress (3): 1.5/8.3 MB | 705 kB | 0/1.1 MB
Progress (3): 1.5/8.3 MB | 705 kB | 0/1.1 MB
Progress (3): 1.5/8.3 MB | 705 kB | 0/1.1 MB
Progress (3): 1.6/8.3 MB | 705 kB | 0/1.1 MB
Progress (3): 1.6/8.3 MB | 705 kB | 0/1.1 MB
Progress (3): 1.6/8.3 MB | 705 kB | 0/1.1 MB
Progress (3): 1.6/8.3 MB | 705 kB | 0/1.1 MB
Progress (3): 1.6/8.3 MB | 705 kB | 0/1.1 MB
Progress (3): 1.6/8.3 MB | 705 kB | 0/1.1 MB
Progress (3): 1.6/8.3 MB | 705 kB | 0/1.1 MB
Progress (3): 1.6/8.3 MB | 705 kB | 0.1/1.1 MB
Progress (3): 1.7/8.3 MB | 705 kB | 0.1/1.1 MB
Progress (3): 1.7/8.3 MB | 705 kB | 0.1/1.1 MB
Progress (3): 1.7/8.3 MB | 705 kB | 0.1/1.1 MB
Progress (3): 1.7/8.3 MB | 705 kB | 0.1/1.1 MB
Progress (3): 1.7/8.3 MB | 705 kB | 0.1/1.1 MB
Progress (3): 1.7/8.3 MB | 705 kB | 0.1/1.1 MB
Progress (3): 1.7/8.3 MB | 705 kB | 0.1/1.1 MB
Progress (3): 1.7/8.3 MB | 705 kB | 0.1/1.1 MB
Progress (3): 1.7/8.3 MB | 705 kB | 0.1/1.1 MB
Progress (3): 1.8/8.3 MB | 705 kB | 0.1/1.1 MB
Progress (3): 1.8/8.3 MB | 705 kB | 0.1/1.1 MB
Progress (3): 1.8/8.3 MB | 705 kB | 0.1/1.1 MB
Progress (3): 1.8/8.3 MB | 705 kB | 0.1/1.1 MB
Progress (3): 1.8/8.3 MB | 705 kB | 0.1/1.1 MB
Progress (3): 1.8/8.3 MB | 705 kB | 0.1/1.1 MB
Progress (3): 1.8/8.3 MB | 705 kB | 0.1/1.1 MB
Progress (3): 1.8/8.3 MB | 705 kB | 0.2/1.1 MB
Progress (3): 1.8/8.3 MB | 705 kB | 0.2/1.1 MB
Progress (3): 1.8/8.3 MB | 705 kB | 0.2/1.1 MB
Progress (3): 1.8/8.3 MB | 705 kB | 0.2/1.1 MB
Progress (3): 1.9/8.3 MB | 705 kB | 0.2/1.1 MB
Progress (3): 1.9/8.3 MB | 705 kB | 0.2/1.1 MB
Progress (3): 1.9/8.3 MB | 705 kB | 0.2/1.1 MB
Progress (3): 1.9/8.3 MB | 705 kB | 0.2/1.1 MB
Progress (3): 1.9/8.3 MB | 705 kB | 0.2/1.1 MB
Progress (3): 1.9/8.3 MB | 705 kB | 0.2/1.1 MB
Progress (3): 1.9/8.3 MB | 705 kB | 0.2/1.1 MB
Progress (3): 1.9/8.3 MB | 705 kB | 0.2/1.1 MB
Progress (3): 1.9/8.3 MB | 705 kB | 0.2/1.1 MB
Progress (3): 2.0/8.3 MB | 705 kB | 0.2/1.1 MB
Progress (3): 2.0/8.3 MB | 705 kB | 0.3/1.1 MB
Progress (3): 2.0/8.3 MB | 705 kB | 0.3/1.1 MB
Progress (3): 2.0/8.3 MB | 705 kB | 0.3/1.1 MB
Progress (3): 2.0/8.3 MB | 705 kB | 0.3/1.1 MB
Progress (3): 2.0/8.3 MB | 705 kB | 0.3/1.1 MB
Progress (3): 2.0/8.3 MB | 705 kB | 0.3/1.1 MB
Progress (3): 2.0/8.3 MB | 705 kB | 0.3/1.1 MB
Progress (3): 2.0/8.3 MB | 705 kB | 0.3/1.1 MB
Progress (3): 2.0/8.3 MB | 705 kB | 0.3/1.1 MB
Progress (3): 2.0/8.3 MB | 705 kB | 0.3/1.1 MB
Progress (3): 2.0/8.3 MB | 705 kB | 0.3/1.1 MB
Progress (3): 2.1/8.3 MB | 705 kB | 0.3/1.1 MB
Progress (3): 2.1/8.3 MB | 705 kB | 0.4/1.1 MB
Progress (3): 2.1/8.3 MB | 705 kB | 0.4/1.1 MB
Progress (3): 2.1/8.3 MB | 705 kB | 0.4/1.1 MB
Progress (3): 2.1/8.3 MB | 705 kB | 0.4/1.1 MB
Progress (3): 2.1/8.3 MB | 705 kB | 0.4/1.1 MB
Progress (3): 2.1/8.3 MB | 705 kB | 0.4/1.1 MB
Progress (3): 2.1/8.3 MB | 705 kB | 0.4/1.1 MB
Progress (3): 2.1/8.3 MB | 705 kB | 0.4/1.1 MB
Progress (3): 2.1/8.3 MB | 705 kB | 0.4/1.1 MB
Progress (3): 2.1/8.3 MB | 705 kB | 0.4/1.1 MB
Progress (3): 2.1/8.3 MB | 705 kB | 0.5/1.1 MB
Progress (3): 2.1/8.3 MB | 705 kB | 0.5/1.1 MB
Progress (3): 2.1/8.3 MB | 705 kB | 0.5/1.1 MB
Progress (3): 2.1/8.3 MB | 705 kB | 0.5/1.1 MB
Progress (3): 2.1/8.3 MB | 705 kB | 0.5/1.1 MB
Progress (3): 2.1/8.3 MB | 705 kB | 0.5/1.1 MB
Progress (3): 2.1/8.3 MB | 705 kB | 0.6/1.1 MB
Progress (3): 2.1/8.3 MB | 705 kB | 0.6/1.1 MB
Progress (3): 2.1/8.3 MB | 705 kB | 0.6/1.1 MB
Progress (3): 2.1/8.3 MB | 705 kB | 0.6/1.1 MB
Progress (3): 2.1/8.3 MB | 705 kB | 0.6/1.1 MB
Progress (3): 2.1/8.3 MB | 705 kB | 0.6/1.1 MB
Progress (3): 2.1/8.3 MB | 705 kB | 0.7/1.1 MB
Progress (3): 2.1/8.3 MB | 705 kB | 0.7/1.1 MB
                                              
Downloaded from central: https://repo1.maven.org/maven2/org/bouncycastle/bcutil-jdk18on/1.78/bcutil-jdk18on-1.78.jar (705 kB at 790 kB/s)
Progress (2): 2.1/8.3 MB | 0.7/1.1 MB
                                     
Downloading from central: https://repo1.maven.org/maven2/org/apache/kerby/kerb-core/2.0.0/kerb-core-2.0.0.jar
Progress (2): 2.1/8.3 MB | 0.7/1.1 MB
Progress (2): 2.1/8.3 MB | 0.7/1.1 MB
Progress (2): 2.1/8.3 MB | 0.7/1.1 MB
Progress (2): 2.1/8.3 MB | 0.8/1.1 MB
Progress (2): 2.1/8.3 MB | 0.8/1.1 MB
Progress (2): 2.1/8.3 MB | 0.8/1.1 MB
Progress (2): 2.1/8.3 MB | 0.8/1.1 MB
Progress (2): 2.1/8.3 MB | 0.8/1.1 MB
Progress (2): 2.1/8.3 MB | 0.8/1.1 MB
Progress (2): 2.1/8.3 MB | 0.9/1.1 MB
Progress (2): 2.1/8.3 MB | 0.9/1.1 MB
Progress (2): 2.1/8.3 MB | 0.9/1.1 MB
Progress (2): 2.1/8.3 MB | 0.9/1.1 MB
Progress (2): 2.1/8.3 MB | 0.9/1.1 MB
Progress (2): 2.1/8.3 MB | 0.9/1.1 MB
Progress (2): 2.2/8.3 MB | 0.9/1.1 MB
Progress (2): 2.2/8.3 MB | 0.9/1.1 MB
Progress (2): 2.2/8.3 MB | 0.9/1.1 MB
Progress (2): 2.2/8.3 MB | 1.0/1.1 MB
Progress (2): 2.2/8.3 MB | 1.0/1.1 MB
Progress (2): 2.2/8.3 MB | 1.0/1.1 MB
Progress (2): 2.2/8.3 MB | 1.0/1.1 MB
Progress (2): 2.2/8.3 MB | 1.0/1.1 MB
Progress (2): 2.2/8.3 MB | 1.0/1.1 MB
Progress (2): 2.2/8.3 MB | 1.0/1.1 MB
Progress (2): 2.2/8.3 MB | 1.0/1.1 MB
Progress (2): 2.2/8.3 MB | 1.0/1.1 MB
Progress (2): 2.2/8.3 MB | 1.0/1.1 MB
Progress (2): 2.3/8.3 MB | 1.0/1.1 MB
Progress (2): 2.3/8.3 MB | 1.0/1.1 MB
Progress (2): 2.3/8.3 MB | 1.0/1.1 MB
Progress (2): 2.3/8.3 MB | 1.0/1.1 MB
Progress (2): 2.3/8.3 MB | 1.0/1.1 MB
Progress (2): 2.3/8.3 MB | 1.1/1.1 MB
Progress (2): 2.3/8.3 MB | 1.1/1.1 MB
Progress (2): 2.3/8.3 MB | 1.1/1.1 MB
Progress (2): 2.3/8.3 MB | 1.1/1.1 MB
Progress (2): 2.3/8.3 MB | 1.1/1.1 MB
Progress (2): 2.4/8.3 MB | 1.1/1.1 MB
Progress (2): 2.4/8.3 MB | 1.1/1.1 MB
Progress (2): 2.4/8.3 MB | 1.1/1.1 MB
Progress (2): 2.4/8.3 MB | 1.1/1.1 MB
Progress (2): 2.4/8.3 MB | 1.1 MB    
Progress (2): 2.4/8.3 MB | 1.1 MB
Progress (2): 2.4/8.3 MB | 1.1 MB
Progress (2): 2.4/8.3 MB | 1.1 MB
Progress (2): 2.4/8.3 MB | 1.1 MB
Progress (2): 2.5/8.3 MB | 1.1 MB
Progress (2): 2.5/8.3 MB | 1.1 MB
Progress (2): 2.5/8.3 MB | 1.1 MB
Progress (2): 2.5/8.3 MB | 1.1 MB
Progress (2): 2.5/8.3 MB | 1.1 MB
Progress (2): 2.5/8.3 MB | 1.1 MB
Progress (2): 2.6/8.3 MB | 1.1 MB
Progress (2): 2.6/8.3 MB | 1.1 MB
Progress (2): 2.6/8.3 MB | 1.1 MB
Progress (2): 2.6/8.3 MB | 1.1 MB
Progress (2): 2.6/8.3 MB | 1.1 MB
Progress (2): 2.6/8.3 MB | 1.1 MB
Progress (2): 2.7/8.3 MB | 1.1 MB
Progress (2): 2.7/8.3 MB | 1.1 MB
Progress (2): 2.7/8.3 MB | 1.1 MB
Progress (2): 2.7/8.3 MB | 1.1 MB
Progress (2): 2.7/8.3 MB | 1.1 MB
Progress (2): 2.7/8.3 MB | 1.1 MB
Progress (2): 2.7/8.3 MB | 1.1 MB
Progress (2): 2.8/8.3 MB | 1.1 MB
Progress (2): 2.8/8.3 MB | 1.1 MB
Progress (2): 2.8/8.3 MB | 1.1 MB
Progress (2): 2.8/8.3 MB | 1.1 MB
Progress (2): 2.8/8.3 MB | 1.1 MB
Progress (2): 2.8/8.3 MB | 1.1 MB
Progress (2): 2.9/8.3 MB | 1.1 MB
Progress (2): 2.9/8.3 MB | 1.1 MB
Progress (2): 2.9/8.3 MB | 1.1 MB
Progress (2): 2.9/8.3 MB | 1.1 MB
Progress (2): 2.9/8.3 MB | 1.1 MB
Progress (2): 2.9/8.3 MB | 1.1 MB
Progress (2): 3.0/8.3 MB | 1.1 MB
Progress (2): 3.0/8.3 MB | 1.1 MB
Progress (2): 3.0/8.3 MB | 1.1 MB
Progress (2): 3.0/8.3 MB | 1.1 MB
Progress (2): 3.0/8.3 MB | 1.1 MB
Progress (2): 3.0/8.3 MB | 1.1 MB
Progress (2): 3.1/8.3 MB | 1.1 MB
Progress (2): 3.1/8.3 MB | 1.1 MB
Progress (2): 3.1/8.3 MB | 1.1 MB
Progress (2): 3.1/8.3 MB | 1.1 MB
Progress (2): 3.1/8.3 MB | 1.1 MB
Progress (2): 3.1/8.3 MB | 1.1 MB
Progress (2): 3.1/8.3 MB | 1.1 MB
Progress (2): 3.2/8.3 MB | 1.1 MB
Progress (3): 3.2/8.3 MB | 1.1 MB | 0/1.4 MB
Progress (3): 3.2/8.3 MB | 1.1 MB | 0/1.4 MB
Progress (3): 3.2/8.3 MB | 1.1 MB | 0/1.4 MB
Progress (3): 3.2/8.3 MB | 1.1 MB | 0/1.4 MB
Progress (3): 3.2/8.3 MB | 1.1 MB | 0/1.4 MB
                                            
Downloaded from central: https://repo1.maven.org/maven2/org/bouncycastle/bcpkix-jdk18on/1.78/bcpkix-jdk18on-1.78.jar (1.1 MB at 1.2 MB/s)
Downloading from central: https://repo1.maven.org/maven2/org/apache/kerby/kerby-pkix/2.0.0/kerby-pkix-2.0.0.jar
Progress (2): 3.2/8.3 MB | 0/1.4 MB
Progress (2): 3.2/8.3 MB | 0.1/1.4 MB
Progress (2): 3.2/8.3 MB | 0.1/1.4 MB
Progress (2): 3.2/8.3 MB | 0.1/1.4 MB
Progress (2): 3.2/8.3 MB | 0.1/1.4 MB
Progress (2): 3.2/8.3 MB | 0.1/1.4 MB
Progress (2): 3.3/8.3 MB | 0.1/1.4 MB
Progress (2): 3.3/8.3 MB | 0.1/1.4 MB
Progress (2): 3.3/8.3 MB | 0.1/1.4 MB
Progress (2): 3.3/8.3 MB | 0.1/1.4 MB
Progress (2): 3.3/8.3 MB | 0.1/1.4 MB
Progress (2): 3.3/8.3 MB | 0.1/1.4 MB
Progress (2): 3.3/8.3 MB | 0.1/1.4 MB
Progress (2): 3.3/8.3 MB | 0.1/1.4 MB
Progress (2): 3.3/8.3 MB | 0.1/1.4 MB
Progress (2): 3.3/8.3 MB | 0.2/1.4 MB
Progress (3): 3.3/8.3 MB | 0.2/1.4 MB | 7.7/105 kB
Progress (3): 3.3/8.3 MB | 0.2/1.4 MB | 7.7/105 kB
Progress (3): 3.3/8.3 MB | 0.2/1.4 MB | 7.7/105 kB
Progress (3): 3.4/8.3 MB | 0.2/1.4 MB | 7.7/105 kB
Progress (3): 3.4/8.3 MB | 0.2/1.4 MB | 7.7/105 kB
Progress (3): 3.4/8.3 MB | 0.2/1.4 MB | 7.7/105 kB
Progress (3): 3.4/8.3 MB | 0.2/1.4 MB | 7.7/105 kB
Progress (3): 3.4/8.3 MB | 0.2/1.4 MB | 7.7/105 kB
Progress (3): 3.4/8.3 MB | 0.2/1.4 MB | 7.7/105 kB
Progress (3): 3.4/8.3 MB | 0.2/1.4 MB | 7.7/105 kB
Progress (3): 3.4/8.3 MB | 0.2/1.4 MB | 12/105 kB 
Progress (3): 3.4/8.3 MB | 0.2/1.4 MB | 12/105 kB
Progress (3): 3.4/8.3 MB | 0.2/1.4 MB | 12/105 kB
Progress (3): 3.4/8.3 MB | 0.2/1.4 MB | 29/105 kB
Progress (3): 3.5/8.3 MB | 0.2/1.4 MB | 29/105 kB
Progress (3): 3.5/8.3 MB | 0.2/1.4 MB | 29/105 kB
Progress (3): 3.5/8.3 MB | 0.3/1.4 MB | 29/105 kB
Progress (3): 3.5/8.3 MB | 0.3/1.4 MB | 45/105 kB
Progress (3): 3.5/8.3 MB | 0.3/1.4 MB | 45/105 kB
Progress (3): 3.5/8.3 MB | 0.3/1.4 MB | 61/105 kB
Progress (3): 3.5/8.3 MB | 0.3/1.4 MB | 61/105 kB
Progress (3): 3.5/8.3 MB | 0.3/1.4 MB | 61/105 kB
Progress (3): 3.5/8.3 MB | 0.3/1.4 MB | 78/105 kB
Progress (3): 3.5/8.3 MB | 0.3/1.4 MB | 78/105 kB
Progress (3): 3.5/8.3 MB | 0.3/1.4 MB | 78/105 kB
Progress (3): 3.5/8.3 MB | 0.3/1.4 MB | 78/105 kB
Progress (3): 3.5/8.3 MB | 0.3/1.4 MB | 78/105 kB
Progress (3): 3.5/8.3 MB | 0.3/1.4 MB | 94/105 kB
Progress (3): 3.5/8.3 MB | 0.3/1.4 MB | 105 kB   
Progress (3): 3.5/8.3 MB | 0.3/1.4 MB | 105 kB
Progress (3): 3.5/8.3 MB | 0.3/1.4 MB | 105 kB
Progress (3): 3.5/8.3 MB | 0.3/1.4 MB | 105 kB
Progress (3): 3.6/8.3 MB | 0.3/1.4 MB | 105 kB
Progress (3): 3.6/8.3 MB | 0.4/1.4 MB | 105 kB
Progress (3): 3.6/8.3 MB | 0.4/1.4 MB | 105 kB
Progress (3): 3.6/8.3 MB | 0.4/1.4 MB | 105 kB
Progress (3): 3.6/8.3 MB | 0.4/1.4 MB | 105 kB
Progress (3): 3.6/8.3 MB | 0.4/1.4 MB | 105 kB
Progress (3): 3.6/8.3 MB | 0.4/1.4 MB | 105 kB
Progress (3): 3.6/8.3 MB | 0.4/1.4 MB | 105 kB
Progress (3): 3.6/8.3 MB | 0.4/1.4 MB | 105 kB
Progress (3): 3.6/8.3 MB | 0.4/1.4 MB | 105 kB
Progress (3): 3.6/8.3 MB | 0.4/1.4 MB | 105 kB
Progress (3): 3.7/8.3 MB | 0.4/1.4 MB | 105 kB
Progress (3): 3.7/8.3 MB | 0.4/1.4 MB | 105 kB
Progress (3): 3.7/8.3 MB | 0.4/1.4 MB | 105 kB
Progress (3): 3.7/8.3 MB | 0.5/1.4 MB | 105 kB
Progress (3): 3.7/8.3 MB | 0.5/1.4 MB | 105 kB
Progress (3): 3.7/8.3 MB | 0.5/1.4 MB | 105 kB
Progress (3): 3.7/8.3 MB | 0.5/1.4 MB | 105 kB
Progress (3): 3.7/8.3 MB | 0.5/1.4 MB | 105 kB
Progress (3): 3.7/8.3 MB | 0.5/1.4 MB | 105 kB
Progress (3): 3.7/8.3 MB | 0.5/1.4 MB | 105 kB
Progress (3): 3.7/8.3 MB | 0.5/1.4 MB | 105 kB
Progress (3): 3.7/8.3 MB | 0.6/1.4 MB | 105 kB
Progress (3): 3.7/8.3 MB | 0.6/1.4 MB | 105 kB
Progress (3): 3.7/8.3 MB | 0.6/1.4 MB | 105 kB
Progress (3): 3.7/8.3 MB | 0.6/1.4 MB | 105 kB
Progress (3): 3.7/8.3 MB | 0.6/1.4 MB | 105 kB
Progress (3): 3.7/8.3 MB | 0.6/1.4 MB | 105 kB
Progress (3): 3.8/8.3 MB | 0.6/1.4 MB | 105 kB
Progress (3): 3.8/8.3 MB | 0.6/1.4 MB | 105 kB
Progress (3): 3.8/8.3 MB | 0.6/1.4 MB | 105 kB
Progress (3): 3.8/8.3 MB | 0.6/1.4 MB | 105 kB
Progress (3): 3.8/8.3 MB | 0.6/1.4 MB | 105 kB
Progress (3): 3.8/8.3 MB | 0.7/1.4 MB | 105 kB
Progress (3): 3.8/8.3 MB | 0.7/1.4 MB | 105 kB
Progress (3): 3.8/8.3 MB | 0.7/1.4 MB | 105 kB
Progress (3): 3.8/8.3 MB | 0.7/1.4 MB | 105 kB
Progress (3): 3.8/8.3 MB | 0.7/1.4 MB | 105 kB
Progress (3): 3.8/8.3 MB | 0.7/1.4 MB | 105 kB
Progress (3): 3.8/8.3 MB | 0.7/1.4 MB | 105 kB
Progress (3): 3.8/8.3 MB | 0.7/1.4 MB | 105 kB
Progress (3): 3.8/8.3 MB | 0.7/1.4 MB | 105 kB
Progress (3): 3.9/8.3 MB | 0.7/1.4 MB | 105 kB
Progress (3): 3.9/8.3 MB | 0.8/1.4 MB | 105 kB
Progress (3): 3.9/8.3 MB | 0.8/1.4 MB | 105 kB
Progress (3): 3.9/8.3 MB | 0.8/1.4 MB | 105 kB
Progress (3): 3.9/8.3 MB | 0.8/1.4 MB | 105 kB
Progress (3): 3.9/8.3 MB | 0.8/1.4 MB | 105 kB
Progress (3): 3.9/8.3 MB | 0.8/1.4 MB | 105 kB
Progress (3): 3.9/8.3 MB | 0.8/1.4 MB | 105 kB
Progress (3): 3.9/8.3 MB | 0.8/1.4 MB | 105 kB
Progress (3): 3.9/8.3 MB | 0.8/1.4 MB | 105 kB
Progress (3): 3.9/8.3 MB | 0.8/1.4 MB | 105 kB
Progress (3): 4.0/8.3 MB | 0.8/1.4 MB | 105 kB
Progress (3): 4.0/8.3 MB | 0.8/1.4 MB | 105 kB
Progress (3): 4.0/8.3 MB | 0.8/1.4 MB | 105 kB
Progress (3): 4.0/8.3 MB | 0.9/1.4 MB | 105 kB
Progress (3): 4.0/8.3 MB | 0.9/1.4 MB | 105 kB
Progress (3): 4.0/8.3 MB | 0.9/1.4 MB | 105 kB
Progress (3): 4.0/8.3 MB | 0.9/1.4 MB | 105 kB
Progress (3): 4.0/8.3 MB | 0.9/1.4 MB | 105 kB
Progress (3): 4.0/8.3 MB | 0.9/1.4 MB | 105 kB
Progress (3): 4.0/8.3 MB | 0.9/1.4 MB | 105 kB
Progress (3): 4.0/8.3 MB | 0.9/1.4 MB | 105 kB
                                              
Downloaded from central: https://repo1.maven.org/maven2/io/dropwizard/metrics/metrics-core/4.1.12.1/metrics-core-4.1.12.1.jar (105 kB at 111 kB/s)
Progress (2): 4.0/8.3 MB | 0.9/1.4 MB
                                     
Downloading from central: https://repo1.maven.org/maven2/org/apache/kerby/kerby-asn1/2.0.0/kerby-asn1-2.0.0.jar
Progress (2): 4.1/8.3 MB | 0.9/1.4 MB
Progress (2): 4.1/8.3 MB | 0.9/1.4 MB
Progress (2): 4.1/8.3 MB | 0.9/1.4 MB
Progress (2): 4.1/8.3 MB | 0.9/1.4 MB
Progress (2): 4.1/8.3 MB | 0.9/1.4 MB
Progress (2): 4.1/8.3 MB | 0.9/1.4 MB
Progress (2): 4.1/8.3 MB | 0.9/1.4 MB
Progress (2): 4.1/8.3 MB | 1.0/1.4 MB
Progress (2): 4.1/8.3 MB | 1.0/1.4 MB
Progress (2): 4.1/8.3 MB | 1.0/1.4 MB
Progress (2): 4.1/8.3 MB | 1.0/1.4 MB
Progress (2): 4.1/8.3 MB | 1.0/1.4 MB
Progress (2): 4.2/8.3 MB | 1.0/1.4 MB
Progress (2): 4.2/8.3 MB | 1.0/1.4 MB
Progress (2): 4.2/8.3 MB | 1.0/1.4 MB
Progress (2): 4.2/8.3 MB | 1.0/1.4 MB
Progress (2): 4.2/8.3 MB | 1.0/1.4 MB
Progress (2): 4.2/8.3 MB | 1.0/1.4 MB
Progress (2): 4.2/8.3 MB | 1.0/1.4 MB
Progress (2): 4.2/8.3 MB | 1.1/1.4 MB
Progress (2): 4.2/8.3 MB | 1.1/1.4 MB
Progress (2): 4.2/8.3 MB | 1.1/1.4 MB
Progress (2): 4.2/8.3 MB | 1.1/1.4 MB
Progress (2): 4.2/8.3 MB | 1.1/1.4 MB
Progress (2): 4.3/8.3 MB | 1.1/1.4 MB
Progress (2): 4.3/8.3 MB | 1.1/1.4 MB
Progress (2): 4.3/8.3 MB | 1.1/1.4 MB
Progress (2): 4.3/8.3 MB | 1.1/1.4 MB
Progress (2): 4.3/8.3 MB | 1.1/1.4 MB
Progress (2): 4.3/8.3 MB | 1.1/1.4 MB
Progress (2): 4.3/8.3 MB | 1.1/1.4 MB
Progress (2): 4.3/8.3 MB | 1.2/1.4 MB
Progress (2): 4.3/8.3 MB | 1.2/1.4 MB
Progress (2): 4.3/8.3 MB | 1.2/1.4 MB
Progress (2): 4.3/8.3 MB | 1.2/1.4 MB
Progress (2): 4.3/8.3 MB | 1.2/1.4 MB
Progress (2): 4.4/8.3 MB | 1.2/1.4 MB
Progress (2): 4.4/8.3 MB | 1.2/1.4 MB
Progress (2): 4.4/8.3 MB | 1.2/1.4 MB
Progress (2): 4.4/8.3 MB | 1.2/1.4 MB
Progress (2): 4.4/8.3 MB | 1.2/1.4 MB
Progress (2): 4.4/8.3 MB | 1.2/1.4 MB
Progress (2): 4.4/8.3 MB | 1.2/1.4 MB
Progress (2): 4.4/8.3 MB | 1.3/1.4 MB
Progress (2): 4.4/8.3 MB | 1.3/1.4 MB
Progress (2): 4.4/8.3 MB | 1.3/1.4 MB
Progress (2): 4.4/8.3 MB | 1.3/1.4 MB
Progress (2): 4.4/8.3 MB | 1.3/1.4 MB
Progress (2): 4.5/8.3 MB | 1.3/1.4 MB
Progress (2): 4.5/8.3 MB | 1.3/1.4 MB
Progress (2): 4.5/8.3 MB | 1.3/1.4 MB
Progress (2): 4.5/8.3 MB | 1.3/1.4 MB
Progress (2): 4.5/8.3 MB | 1.3/1.4 MB
Progress (2): 4.5/8.3 MB | 1.3/1.4 MB
Progress (2): 4.5/8.3 MB | 1.3/1.4 MB
Progress (2): 4.5/8.3 MB | 1.4/1.4 MB
Progress (2): 4.5/8.3 MB | 1.4/1.4 MB
Progress (2): 4.5/8.3 MB | 1.4/1.4 MB
Progress (2): 4.5/8.3 MB | 1.4/1.4 MB
Progress (2): 4.5/8.3 MB | 1.4/1.4 MB
Progress (2): 4.6/8.3 MB | 1.4/1.4 MB
Progress (2): 4.6/8.3 MB | 1.4/1.4 MB
Progress (2): 4.6/8.3 MB | 1.4/1.4 MB
Progress (2): 4.6/8.3 MB | 1.4 MB    
Progress (2): 4.6/8.3 MB | 1.4 MB
Progress (2): 4.6/8.3 MB | 1.4 MB
Progress (2): 4.6/8.3 MB | 1.4 MB
Progress (2): 4.6/8.3 MB | 1.4 MB
Progress (2): 4.6/8.3 MB | 1.4 MB
Progress (2): 4.7/8.3 MB | 1.4 MB
Progress (2): 4.7/8.3 MB | 1.4 MB
Progress (2): 4.7/8.3 MB | 1.4 MB
Progress (2): 4.7/8.3 MB | 1.4 MB
Progress (2): 4.7/8.3 MB | 1.4 MB
Progress (2): 4.7/8.3 MB | 1.4 MB
Progress (2): 4.8/8.3 MB | 1.4 MB
Progress (2): 4.8/8.3 MB | 1.4 MB
Progress (2): 4.8/8.3 MB | 1.4 MB
Progress (2): 4.8/8.3 MB | 1.4 MB
Progress (2): 4.8/8.3 MB | 1.4 MB
Progress (2): 4.8/8.3 MB | 1.4 MB
Progress (2): 4.9/8.3 MB | 1.4 MB
Progress (2): 4.9/8.3 MB | 1.4 MB
Progress (2): 4.9/8.3 MB | 1.4 MB
Progress (2): 4.9/8.3 MB | 1.4 MB
Progress (2): 4.9/8.3 MB | 1.4 MB
Progress (2): 4.9/8.3 MB | 1.4 MB
Progress (2): 5.0/8.3 MB | 1.4 MB
Progress (2): 5.0/8.3 MB | 1.4 MB
Progress (2): 5.0/8.3 MB | 1.4 MB
Progress (2): 5.0/8.3 MB | 1.4 MB
Progress (2): 5.0/8.3 MB | 1.4 MB
Progress (2): 5.0/8.3 MB | 1.4 MB
Progress (2): 5.1/8.3 MB | 1.4 MB
Progress (2): 5.1/8.3 MB | 1.4 MB
Progress (2): 5.1/8.3 MB | 1.4 MB
Progress (2): 5.1/8.3 MB | 1.4 MB
Progress (2): 5.1/8.3 MB | 1.4 MB
Progress (2): 5.1/8.3 MB | 1.4 MB
Progress (2): 5.2/8.3 MB | 1.4 MB
Progress (2): 5.2/8.3 MB | 1.4 MB
Progress (2): 5.2/8.3 MB | 1.4 MB
Progress (2): 5.2/8.3 MB | 1.4 MB
Progress (2): 5.2/8.3 MB | 1.4 MB
Progress (2): 5.2/8.3 MB | 1.4 MB
Progress (2): 5.2/8.3 MB | 1.4 MB
Progress (2): 5.3/8.3 MB | 1.4 MB
Progress (2): 5.3/8.3 MB | 1.4 MB
Progress (2): 5.3/8.3 MB | 1.4 MB
Progress (2): 5.3/8.3 MB | 1.4 MB
Progress (2): 5.3/8.3 MB | 1.4 MB
Progress (2): 5.3/8.3 MB | 1.4 MB
Progress (2): 5.4/8.3 MB | 1.4 MB
Progress (2): 5.4/8.3 MB | 1.4 MB
Progress (2): 5.4/8.3 MB | 1.4 MB
Progress (2): 5.4/8.3 MB | 1.4 MB
Progress (2): 5.4/8.3 MB | 1.4 MB
Progress (2): 5.4/8.3 MB | 1.4 MB
Progress (2): 5.5/8.3 MB | 1.4 MB
Progress (2): 5.5/8.3 MB | 1.4 MB
Progress (2): 5.5/8.3 MB | 1.4 MB
Progress (2): 5.5/8.3 MB | 1.4 MB
Progress (2): 5.5/8.3 MB | 1.4 MB
Progress (2): 5.5/8.3 MB | 1.4 MB
Progress (2): 5.6/8.3 MB | 1.4 MB
Progress (2): 5.6/8.3 MB | 1.4 MB
Progress (2): 5.6/8.3 MB | 1.4 MB
                                 
Downloaded from central: https://repo1.maven.org/maven2/org/jline/jline/3.25.1/jline-3.25.1.jar (1.4 MB at 1.4 MB/s)
Downloading from central: https://repo1.maven.org/maven2/org/apache/kerby/kerby-util/2.0.0/kerby-util-2.0.0.jar
Progress (1): 5.6/8.3 MB
Progress (1): 5.6/8.3 MB
Progress (1): 5.6/8.3 MB
Progress (1): 5.7/8.3 MB
Progress (1): 5.7/8.3 MB
Progress (1): 5.7/8.3 MB
Progress (1): 5.7/8.3 MB
Progress (1): 5.7/8.3 MB
Progress (1): 5.7/8.3 MB
Progress (1): 5.8/8.3 MB
Progress (1): 5.8/8.3 MB
Progress (1): 5.8/8.3 MB
Progress (1): 5.8/8.3 MB
Progress (1): 5.8/8.3 MB
Progress (1): 5.8/8.3 MB
Progress (1): 5.9/8.3 MB
Progress (1): 5.9/8.3 MB
Progress (1): 5.9/8.3 MB
Progress (1): 5.9/8.3 MB
Progress (1): 5.9/8.3 MB
Progress (1): 5.9/8.3 MB
Progress (1): 6.0/8.3 MB
Progress (1): 6.0/8.3 MB
Progress (1): 6.0/8.3 MB
Progress (1): 6.0/8.3 MB
Progress (1): 6.0/8.3 MB
Progress (1): 6.0/8.3 MB
Progress (1): 6.0/8.3 MB
Progress (1): 6.1/8.3 MB
Progress (1): 6.1/8.3 MB
Progress (1): 6.1/8.3 MB
Progress (1): 6.1/8.3 MB
Progress (1): 6.1/8.3 MB
Progress (1): 6.1/8.3 MB
Progress (1): 6.2/8.3 MB
Progress (1): 6.2/8.3 MB
Progress (1): 6.2/8.3 MB
Progress (1): 6.2/8.3 MB
Progress (1): 6.2/8.3 MB
Progress (1): 6.2/8.3 MB
Progress (1): 6.2/8.3 MB
Progress (1): 6.3/8.3 MB
Progress (1): 6.3/8.3 MB
Progress (1): 6.3/8.3 MB
Progress (1): 6.3/8.3 MB
Progress (1): 6.3/8.3 MB
Progress (1): 6.3/8.3 MB
Progress (1): 6.3/8.3 MB
Progress (1): 6.4/8.3 MB
Progress (1): 6.4/8.3 MB
Progress (1): 6.4/8.3 MB
Progress (1): 6.4/8.3 MB
Progress (1): 6.4/8.3 MB
Progress (1): 6.4/8.3 MB
Progress (1): 6.5/8.3 MB
Progress (1): 6.5/8.3 MB
Progress (1): 6.5/8.3 MB
Progress (1): 6.5/8.3 MB
Progress (1): 6.5/8.3 MB
Progress (1): 6.5/8.3 MB
Progress (1): 6.5/8.3 MB
Progress (1): 6.6/8.3 MB
Progress (1): 6.6/8.3 MB
Progress (1): 6.6/8.3 MB
Progress (1): 6.6/8.3 MB
Progress (1): 6.6/8.3 MB
Progress (1): 6.6/8.3 MB
Progress (1): 6.7/8.3 MB
Progress (1): 6.7/8.3 MB
Progress (1): 6.7/8.3 MB
Progress (1): 6.7/8.3 MB
Progress (1): 6.7/8.3 MB
Progress (1): 6.7/8.3 MB
Progress (1): 6.8/8.3 MB
Progress (1): 6.8/8.3 MB
Progress (1): 6.8/8.3 MB
Progress (1): 6.8/8.3 MB
Progress (1): 6.8/8.3 MB
Progress (1): 6.8/8.3 MB
Progress (1): 6.9/8.3 MB
Progress (1): 6.9/8.3 MB
Progress (1): 6.9/8.3 MB
Progress (1): 6.9/8.3 MB
Progress (1): 6.9/8.3 MB
Progress (1): 6.9/8.3 MB
Progress (1): 6.9/8.3 MB
Progress (1): 7.0/8.3 MB
Progress (1): 7.0/8.3 MB
Progress (1): 7.0/8.3 MB
Progress (1): 7.0/8.3 MB
Progress (1): 7.0/8.3 MB
Progress (1): 7.0/8.3 MB
Progress (1): 7.1/8.3 MB
Progress (1): 7.1/8.3 MB
Progress (1): 7.1/8.3 MB
Progress (1): 7.1/8.3 MB
Progress (1): 7.1/8.3 MB
Progress (1): 7.1/8.3 MB
Progress (1): 7.2/8.3 MB
Progress (1): 7.2/8.3 MB
Progress (1): 7.2/8.3 MB
Progress (1): 7.2/8.3 MB
Progress (1): 7.2/8.3 MB
Progress (1): 7.2/8.3 MB
Progress (1): 7.3/8.3 MB
Progress (1): 7.3/8.3 MB
Progress (1): 7.3/8.3 MB
Progress (1): 7.3/8.3 MB
Progress (1): 7.3/8.3 MB
Progress (1): 7.3/8.3 MB
Progress (1): 7.3/8.3 MB
Progress (1): 7.4/8.3 MB
Progress (1): 7.4/8.3 MB
Progress (1): 7.4/8.3 MB
Progress (1): 7.4/8.3 MB
Progress (1): 7.4/8.3 MB
Progress (1): 7.4/8.3 MB
Progress (1): 7.5/8.3 MB
Progress (1): 7.5/8.3 MB
Progress (1): 7.5/8.3 MB
Progress (1): 7.5/8.3 MB
Progress (1): 7.5/8.3 MB
Progress (1): 7.5/8.3 MB
Progress (1): 7.6/8.3 MB
Progress (1): 7.6/8.3 MB
Progress (2): 7.6/8.3 MB | 7.8/204 kB
Progress (2): 7.6/8.3 MB | 7.8/204 kB
Progress (2): 7.6/8.3 MB | 7.8/204 kB
Progress (2): 7.6/8.3 MB | 7.8/204 kB
Progress (2): 7.6/8.3 MB | 7.8/204 kB
Progress (2): 7.7/8.3 MB | 7.8/204 kB
Progress (2): 7.7/8.3 MB | 16/204 kB 
Progress (2): 7.7/8.3 MB | 16/204 kB
Progress (2): 7.7/8.3 MB | 16/204 kB
Progress (2): 7.7/8.3 MB | 32/204 kB
Progress (2): 7.7/8.3 MB | 49/204 kB
Progress (2): 7.7/8.3 MB | 49/204 kB
Progress (2): 7.7/8.3 MB | 49/204 kB
Progress (2): 7.7/8.3 MB | 65/204 kB
Progress (2): 7.7/8.3 MB | 65/204 kB
Progress (2): 7.8/8.3 MB | 65/204 kB
Progress (2): 7.8/8.3 MB | 81/204 kB
Progress (2): 7.8/8.3 MB | 81/204 kB
Progress (2): 7.8/8.3 MB | 98/204 kB
Progress (2): 7.8/8.3 MB | 98/204 kB
Progress (2): 7.8/8.3 MB | 114/204 kB
Progress (2): 7.8/8.3 MB | 114/204 kB
Progress (2): 7.8/8.3 MB | 131/204 kB
Progress (2): 7.8/8.3 MB | 131/204 kB
Progress (2): 7.8/8.3 MB | 147/204 kB
Progress (2): 7.8/8.3 MB | 163/204 kB
Progress (2): 7.8/8.3 MB | 163/204 kB
Progress (2): 7.8/8.3 MB | 180/204 kB
Progress (3): 7.8/8.3 MB | 180/204 kB | 7.7/101 kB
Progress (3): 7.8/8.3 MB | 196/204 kB | 7.7/101 kB
Progress (3): 7.9/8.3 MB | 196/204 kB | 7.7/101 kB
Progress (3): 7.9/8.3 MB | 204 kB | 7.7/101 kB    
Progress (3): 7.9/8.3 MB | 204 kB | 7.7/101 kB
Progress (3): 7.9/8.3 MB | 204 kB | 7.7/101 kB
Progress (3): 7.9/8.3 MB | 204 kB | 16/101 kB 
Progress (3): 7.9/8.3 MB | 204 kB | 16/101 kB
Progress (3): 7.9/8.3 MB | 204 kB | 16/101 kB
Progress (3): 7.9/8.3 MB | 204 kB | 33/101 kB
Progress (3): 7.9/8.3 MB | 204 kB | 33/101 kB
Progress (3): 7.9/8.3 MB | 204 kB | 49/101 kB
Progress (3): 7.9/8.3 MB | 204 kB | 49/101 kB
Progress (3): 7.9/8.3 MB | 204 kB | 66/101 kB
Progress (3): 8.0/8.3 MB | 204 kB | 66/101 kB
Progress (3): 8.0/8.3 MB | 204 kB | 82/101 kB
Progress (3): 8.0/8.3 MB | 204 kB | 82/101 kB
Progress (3): 8.0/8.3 MB | 204 kB | 98/101 kB
Progress (3): 8.0/8.3 MB | 204 kB | 101 kB   
Progress (3): 8.0/8.3 MB | 204 kB | 101 kB
Progress (3): 8.0/8.3 MB | 204 kB | 101 kB
Progress (3): 8.0/8.3 MB | 204 kB | 101 kB
Progress (3): 8.0/8.3 MB | 204 kB | 101 kB
Progress (3): 8.1/8.3 MB | 204 kB | 101 kB
Progress (3): 8.1/8.3 MB | 204 kB | 101 kB
Progress (3): 8.1/8.3 MB | 204 kB | 101 kB
Progress (3): 8.1/8.3 MB | 204 kB | 101 kB
Progress (3): 8.1/8.3 MB | 204 kB | 101 kB
Progress (3): 8.1/8.3 MB | 204 kB | 101 kB
Progress (4): 8.1/8.3 MB | 204 kB | 101 kB | 8.2/227 kB
Progress (4): 8.2/8.3 MB | 204 kB | 101 kB | 8.2/227 kB
Progress (4): 8.2/8.3 MB | 204 kB | 101 kB | 8.2/227 kB
Progress (4): 8.2/8.3 MB | 204 kB | 101 kB | 8.2/227 kB
Progress (4): 8.2/8.3 MB | 204 kB | 101 kB | 8.2/227 kB
Progress (4): 8.2/8.3 MB | 204 kB | 101 kB | 16/227 kB 
Progress (4): 8.2/8.3 MB | 204 kB | 101 kB | 16/227 kB
Progress (4): 8.2/8.3 MB | 204 kB | 101 kB | 33/227 kB
Progress (4): 8.2/8.3 MB | 204 kB | 101 kB | 33/227 kB
Progress (4): 8.2/8.3 MB | 204 kB | 101 kB | 49/227 kB
Progress (4): 8.2/8.3 MB | 204 kB | 101 kB | 49/227 kB
Progress (4): 8.2/8.3 MB | 204 kB | 101 kB | 66/227 kB
Progress (4): 8.3/8.3 MB | 204 kB | 101 kB | 66/227 kB
Progress (4): 8.3/8.3 MB | 204 kB | 101 kB | 74/227 kB
Progress (4): 8.3/8.3 MB | 204 kB | 101 kB | 74/227 kB
Progress (4): 8.3/8.3 MB | 204 kB | 101 kB | 90/227 kB
Progress (4): 8.3/8.3 MB | 204 kB | 101 kB | 90/227 kB
Progress (4): 8.3/8.3 MB | 204 kB | 101 kB | 98/227 kB
Progress (5): 8.3/8.3 MB | 204 kB | 101 kB | 98/227 kB | 7.7/41 kB
Progress (5): 8.3/8.3 MB | 204 kB | 101 kB | 98/227 kB | 7.7/41 kB
Progress (5): 8.3/8.3 MB | 204 kB | 101 kB | 115/227 kB | 7.7/41 kB
Progress (5): 8.3/8.3 MB | 204 kB | 101 kB | 131/227 kB | 7.7/41 kB
Progress (5): 8.3 MB | 204 kB | 101 kB | 131/227 kB | 7.7/41 kB    
Progress (5): 8.3 MB | 204 kB | 101 kB | 147/227 kB | 7.7/41 kB
Progress (5): 8.3 MB | 204 kB | 101 kB | 164/227 kB | 7.7/41 kB
Progress (5): 8.3 MB | 204 kB | 101 kB | 180/227 kB | 7.7/41 kB
Progress (5): 8.3 MB | 204 kB | 101 kB | 188/227 kB | 7.7/41 kB
Progress (5): 8.3 MB | 204 kB | 101 kB | 188/227 kB | 16/41 kB 
Progress (5): 8.3 MB | 204 kB | 101 kB | 205/227 kB | 16/41 kB
Progress (5): 8.3 MB | 204 kB | 101 kB | 205/227 kB | 29/41 kB
Progress (5): 8.3 MB | 204 kB | 101 kB | 205/227 kB | 41 kB   
Progress (5): 8.3 MB | 204 kB | 101 kB | 221/227 kB | 41 kB
Progress (5): 8.3 MB | 204 kB | 101 kB | 227 kB | 41 kB    
                                                       
Downloaded from central: https://repo1.maven.org/maven2/org/apache/kerby/kerby-pkix/2.0.0/kerby-pkix-2.0.0.jar (204 kB at 196 kB/s)
Downloading from central: https://repo1.maven.org/maven2/org/apache/kerby/kerb-simplekdc/2.0.0/kerb-simplekdc-2.0.0.jar
Downloaded from central: https://repo1.maven.org/maven2/org/apache/kerby/kerby-asn1/2.0.0/kerby-asn1-2.0.0.jar (101 kB at 97 kB/s)
Downloading from central: https://repo1.maven.org/maven2/org/apache/kerby/kerb-client/2.0.0/kerb-client-2.0.0.jar
Downloaded from central: https://repo1.maven.org/maven2/org/apache/kerby/kerby-util/2.0.0/kerby-util-2.0.0.jar (41 kB at 39 kB/s)
Downloading from central: https://repo1.maven.org/maven2/org/apache/kerby/kerb-common/2.0.0/kerb-common-2.0.0.jar
Downloaded from central: https://repo1.maven.org/maven2/org/apache/kerby/kerb-core/2.0.0/kerb-core-2.0.0.jar (227 kB at 215 kB/s)
Downloading from central: https://repo1.maven.org/maven2/org/apache/kerby/kerb-crypto/2.0.0/kerb-crypto-2.0.0.jar
Downloaded from central: https://repo1.maven.org/maven2/org/bouncycastle/bcprov-jdk18on/1.78/bcprov-jdk18on-1.78.jar (8.3 MB at 7.6 MB/s)
Downloading from central: https://repo1.maven.org/maven2/org/apache/kerby/kerb-util/2.0.0/kerb-util-2.0.0.jar
Progress (1): 7.7/117 kB
Progress (1): 16/117 kB 
Progress (1): 16/117 kB
Progress (1): 33/117 kB
Progress (1): 49/117 kB
Progress (1): 66/117 kB
Progress (1): 82/117 kB
Progress (1): 98/117 kB
Progress (1): 115/117 kB
Progress (1): 117 kB    
Progress (2): 117 kB | 7.7/72 kB
Progress (2): 117 kB | 12/72 kB 
Progress (2): 117 kB | 29/72 kB
Progress (2): 117 kB | 45/72 kB
Progress (2): 117 kB | 61/72 kB
Progress (2): 117 kB | 72 kB   
                            
Downloaded from central: https://repo1.maven.org/maven2/org/apache/kerby/kerb-client/2.0.0/kerb-client-2.0.0.jar (117 kB at 104 kB/s)
Downloading from central: https://repo1.maven.org/maven2/org/apache/kerby/token-provider/2.0.0/token-provider-2.0.0.jar
Downloaded from central: https://repo1.maven.org/maven2/org/apache/kerby/kerb-common/2.0.0/kerb-common-2.0.0.jar (72 kB at 64 kB/s)
Downloading from central: https://repo1.maven.org/maven2/com/nimbusds/nimbus-jose-jwt/4.41.2/nimbus-jose-jwt-4.41.2.jar
Progress (1): 7.7/37 kB
Progress (1): 16/37 kB 
Progress (1): 32/37 kB
Progress (1): 37 kB   
Progress (2): 37 kB | 8.2/117 kB
Progress (3): 37 kB | 8.2/117 kB | 16/300 kB
Progress (3): 37 kB | 8.2/117 kB | 33/300 kB
Progress (3): 37 kB | 25/117 kB | 33/300 kB 
Progress (3): 37 kB | 41/117 kB | 33/300 kB
Progress (3): 37 kB | 41/117 kB | 49/300 kB
Progress (3): 37 kB | 57/117 kB | 49/300 kB
Progress (3): 37 kB | 74/117 kB | 49/300 kB
Progress (3): 37 kB | 90/117 kB | 49/300 kB
Progress (3): 37 kB | 90/117 kB | 66/300 kB
Progress (3): 37 kB | 106/117 kB | 66/300 kB
Progress (3): 37 kB | 106/117 kB | 82/300 kB
Progress (3): 37 kB | 117 kB | 82/300 kB    
                                        
Downloaded from central: https://repo1.maven.org/maven2/org/apache/kerby/kerb-util/2.0.0/kerb-util-2.0.0.jar (37 kB at 31 kB/s)
Downloading from central: https://repo1.maven.org/maven2/com/github/stephenc/jcip/jcip-annotations/1.0-1/jcip-annotations-1.0-1.jar
Progress (2): 117 kB | 98/300 kB
Progress (2): 117 kB | 115/300 kB
Progress (2): 117 kB | 131/300 kB
Progress (2): 117 kB | 147/300 kB
Progress (2): 117 kB | 164/300 kB
Progress (2): 117 kB | 180/300 kB
Progress (2): 117 kB | 197/300 kB
Progress (2): 117 kB | 213/300 kB
Progress (2): 117 kB | 229/300 kB
Progress (2): 117 kB | 246/300 kB
Progress (2): 117 kB | 262/300 kB
Progress (2): 117 kB | 279/300 kB
Progress (2): 117 kB | 295/300 kB
Progress (2): 117 kB | 300 kB    
                             
Downloaded from central: https://repo1.maven.org/maven2/org/apache/kerby/kerb-crypto/2.0.0/kerb-crypto-2.0.0.jar (117 kB at 95 kB/s)
Downloading from central: https://repo1.maven.org/maven2/net/minidev/json-smart/2.3/json-smart-2.3.jar
Progress (2): 300 kB | 4.7 kB
                             
Downloaded from central: https://repo1.maven.org/maven2/com/nimbusds/nimbus-jose-jwt/4.41.2/nimbus-jose-jwt-4.41.2.jar (300 kB at 243 kB/s)
Downloading from central: https://repo1.maven.org/maven2/net/minidev/accessors-smart/1.2/accessors-smart-1.2.jar
Downloaded from central: https://repo1.maven.org/maven2/com/github/stephenc/jcip/jcip-annotations/1.0-1/jcip-annotations-1.0-1.jar (4.7 kB at 3.8 kB/s)
Downloading from central: https://repo1.maven.org/maven2/org/ow2/asm/asm/5.0.4/asm-5.0.4.jar
Progress (1): 7.7/30 kB
Progress (1): 12/30 kB 
Progress (1): 29/30 kB
Progress (1): 30 kB   
Progress (2): 30 kB | 7.7/120 kB
Progress (2): 30 kB | 12/120 kB 
Progress (2): 30 kB | 28/120 kB
Progress (2): 30 kB | 44/120 kB
Progress (2): 30 kB | 61/120 kB
Progress (2): 30 kB | 77/120 kB
Progress (2): 30 kB | 93/120 kB
Progress (2): 30 kB | 110/120 kB
Progress (2): 30 kB | 120 kB    
Progress (3): 30 kB | 120 kB | 7.8/21 kB
Progress (3): 30 kB | 120 kB | 8.2/21 kB
Progress (3): 30 kB | 120 kB | 8.3/21 kB
                                        
Downloaded from central: https://repo1.maven.org/maven2/net/minidev/accessors-smart/1.2/accessors-smart-1.2.jar (30 kB at 23 kB/s)
Downloading from central: https://repo1.maven.org/maven2/org/apache/kerby/kerb-admin/2.0.0/kerb-admin-2.0.0.jar
Progress (2): 120 kB | 17/21 kB
Progress (2): 120 kB | 21 kB   
                            
Downloaded from central: https://repo1.maven.org/maven2/net/minidev/json-smart/2.3/json-smart-2.3.jar (120 kB at 93 kB/s)
Downloading from central: https://repo1.maven.org/maven2/org/apache/kerby/kerb-server/2.0.0/kerb-server-2.0.0.jar
Progress (2): 21 kB | 7.7/53 kB
                               
Downloaded from central: https://repo1.maven.org/maven2/org/apache/kerby/kerb-simplekdc/2.0.0/kerb-simplekdc-2.0.0.jar (21 kB at 16 kB/s)
Downloading from central: https://repo1.maven.org/maven2/org/apache/kerby/kerb-identity/2.0.0/kerb-identity-2.0.0.jar
Progress (1): 16/53 kB
Progress (1): 25/53 kB
Progress (1): 41/53 kB
Progress (1): 53 kB   
                   
Downloaded from central: https://repo1.maven.org/maven2/org/ow2/asm/asm/5.0.4/asm-5.0.4.jar (53 kB at 40 kB/s)
Downloading from central: https://repo1.maven.org/maven2/org/apache/kerby/kerby-xdr/2.0.0/kerby-xdr-2.0.0.jar
Progress (1): 8.2/18 kB
Progress (1): 18 kB    
Progress (2): 18 kB | 7.8/86 kB
Progress (2): 18 kB | 16/86 kB 
Progress (2): 18 kB | 32/86 kB
Progress (2): 18 kB | 49/86 kB
Progress (2): 18 kB | 65/86 kB
Progress (2): 18 kB | 81/86 kB
Progress (2): 18 kB | 86 kB   
                           
Downloaded from central: https://repo1.maven.org/maven2/org/apache/kerby/kerb-identity/2.0.0/kerb-identity-2.0.0.jar (18 kB at 13 kB/s)
Downloading from central: https://repo1.maven.org/maven2/org/apache/kerby/kerby-config/2.0.0/kerby-config-2.0.0.jar
Progress (2): 86 kB | 7.7/29 kB
Progress (2): 86 kB | 12/29 kB 
Progress (2): 86 kB | 29/29 kB
Progress (2): 86 kB | 29 kB   
                           
Downloaded from central: https://repo1.maven.org/maven2/org/apache/kerby/kerb-server/2.0.0/kerb-server-2.0.0.jar (86 kB at 63 kB/s)
Downloading from central: https://repo1.maven.org/maven2/org/mockito/mockito-core/4.9.0/mockito-core-4.9.0.jar
Downloaded from central: https://repo1.maven.org/maven2/org/apache/kerby/kerby-xdr/2.0.0/kerby-xdr-2.0.0.jar (29 kB at 21 kB/s)
Downloading from central: https://repo1.maven.org/maven2/net/bytebuddy/byte-buddy/1.12.16/byte-buddy-1.12.16.jar
Progress (1): 7.8/20 kB
Progress (1): 13/20 kB 
Progress (1): 20 kB   
                   
Downloaded from central: https://repo1.maven.org/maven2/org/apache/kerby/token-provider/2.0.0/token-provider-2.0.0.jar (20 kB at 14 kB/s)
Downloading from central: https://repo1.maven.org/maven2/net/bytebuddy/byte-buddy-agent/1.12.16/byte-buddy-agent-1.12.16.jar
Progress (1): 0/3.9 MB
Progress (1): 0/3.9 MB
Progress (1): 0/3.9 MB
Progress (1): 0/3.9 MB
Progress (1): 0.1/3.9 MB
Progress (1): 0.1/3.9 MB
Progress (1): 0.1/3.9 MB
Progress (1): 0.1/3.9 MB
Progress (1): 0.1/3.9 MB
Progress (1): 0.1/3.9 MB
Progress (1): 0.1/3.9 MB
Progress (1): 0.2/3.9 MB
Progress (1): 0.2/3.9 MB
Progress (1): 0.2/3.9 MB
Progress (1): 0.2/3.9 MB
Progress (1): 0.2/3.9 MB
Progress (1): 0.2/3.9 MB
Progress (1): 0.3/3.9 MB
Progress (1): 0.3/3.9 MB
Progress (1): 0.3/3.9 MB
Progress (1): 0.3/3.9 MB
Progress (1): 0.3/3.9 MB
Progress (1): 0.3/3.9 MB
Progress (1): 0.4/3.9 MB
Progress (1): 0.4/3.9 MB
Progress (1): 0.4/3.9 MB
Progress (1): 0.4/3.9 MB
Progress (1): 0.4/3.9 MB
Progress (1): 0.4/3.9 MB
Progress (1): 0.5/3.9 MB
Progress (1): 0.5/3.9 MB
Progress (1): 0.5/3.9 MB
Progress (1): 0.5/3.9 MB
Progress (1): 0.5/3.9 MB
Progress (1): 0.5/3.9 MB
Progress (1): 0.6/3.9 MB
Progress (1): 0.6/3.9 MB
Progress (1): 0.6/3.9 MB
Progress (1): 0.6/3.9 MB
Progress (1): 0.6/3.9 MB
Progress (1): 0.6/3.9 MB
Progress (1): 0.7/3.9 MB
Progress (1): 0.7/3.9 MB
Progress (1): 0.7/3.9 MB
Progress (1): 0.7/3.9 MB
Progress (1): 0.7/3.9 MB
Progress (1): 0.7/3.9 MB
Progress (1): 0.8/3.9 MB
Progress (1): 0.8/3.9 MB
Progress (1): 0.8/3.9 MB
Progress (1): 0.8/3.9 MB
Progress (1): 0.8/3.9 MB
Progress (1): 0.8/3.9 MB
Progress (1): 0.9/3.9 MB
Progress (1): 0.9/3.9 MB
Progress (1): 0.9/3.9 MB
Progress (1): 0.9/3.9 MB
Progress (1): 0.9/3.9 MB
Progress (1): 0.9/3.9 MB
Progress (1): 1.0/3.9 MB
Progress (1): 1.0/3.9 MB
Progress (1): 1.0/3.9 MB
Progress (1): 1.0/3.9 MB
Progress (1): 1.0/3.9 MB
Progress (1): 1.0/3.9 MB
Progress (1): 1.0/3.9 MB
Progress (1): 1.1/3.9 MB
Progress (1): 1.1/3.9 MB
Progress (1): 1.1/3.9 MB
Progress (1): 1.1/3.9 MB
Progress (1): 1.1/3.9 MB
Progress (1): 1.1/3.9 MB
Progress (1): 1.2/3.9 MB
Progress (1): 1.2/3.9 MB
Progress (1): 1.2/3.9 MB
Progress (1): 1.2/3.9 MB
Progress (1): 1.2/3.9 MB
Progress (1): 1.2/3.9 MB
Progress (1): 1.3/3.9 MB
Progress (1): 1.3/3.9 MB
Progress (1): 1.3/3.9 MB
Progress (1): 1.3/3.9 MB
Progress (1): 1.3/3.9 MB
Progress (1): 1.3/3.9 MB
Progress (1): 1.4/3.9 MB
Progress (1): 1.4/3.9 MB
Progress (1): 1.4/3.9 MB
Progress (1): 1.4/3.9 MB
Progress (1): 1.4/3.9 MB
Progress (1): 1.4/3.9 MB
Progress (1): 1.5/3.9 MB
Progress (1): 1.5/3.9 MB
Progress (1): 1.5/3.9 MB
Progress (1): 1.5/3.9 MB
Progress (1): 1.5/3.9 MB
Progress (2): 1.5/3.9 MB | 7.8/81 kB
Progress (2): 1.5/3.9 MB | 7.8/81 kB
Progress (2): 1.6/3.9 MB | 7.8/81 kB
Progress (2): 1.6/3.9 MB | 7.8/81 kB
Progress (2): 1.6/3.9 MB | 16/81 kB 
Progress (2): 1.6/3.9 MB | 16/81 kB
Progress (2): 1.6/3.9 MB | 25/81 kB
Progress (2): 1.6/3.9 MB | 25/81 kB
Progress (2): 1.6/3.9 MB | 25/81 kB
Progress (2): 1.6/3.9 MB | 41/81 kB
Progress (2): 1.6/3.9 MB | 41/81 kB
Progress (2): 1.6/3.9 MB | 57/81 kB
Progress (2): 1.7/3.9 MB | 57/81 kB
Progress (2): 1.7/3.9 MB | 74/81 kB
Progress (2): 1.7/3.9 MB | 74/81 kB
Progress (2): 1.7/3.9 MB | 81 kB   
Progress (2): 1.7/3.9 MB | 81 kB
Progress (2): 1.7/3.9 MB | 81 kB
Progress (2): 1.7/3.9 MB | 81 kB
Progress (2): 1.7/3.9 MB | 81 kB
Progress (2): 1.8/3.9 MB | 81 kB
Progress (3): 1.8/3.9 MB | 81 kB | 16/684 kB
Progress (3): 1.8/3.9 MB | 81 kB | 33/684 kB
Progress (3): 1.8/3.9 MB | 81 kB | 49/684 kB
Progress (3): 1.8/3.9 MB | 81 kB | 49/684 kB
Progress (3): 1.8/3.9 MB | 81 kB | 49/684 kB
Progress (3): 1.8/3.9 MB | 81 kB | 66/684 kB
Progress (3): 1.8/3.9 MB | 81 kB | 66/684 kB
Progress (3): 1.8/3.9 MB | 81 kB | 82/684 kB
Progress (3): 1.8/3.9 MB | 81 kB | 82/684 kB
Progress (3): 1.8/3.9 MB | 81 kB | 98/684 kB
Progress (3): 1.8/3.9 MB | 81 kB | 98/684 kB
Progress (3): 1.8/3.9 MB | 81 kB | 115/684 kB
Progress (3): 1.9/3.9 MB | 81 kB | 115/684 kB
Progress (3): 1.9/3.9 MB | 81 kB | 131/684 kB
Progress (3): 1.9/3.9 MB | 81 kB | 131/684 kB
Progress (3): 1.9/3.9 MB | 81 kB | 131/684 kB
Progress (3): 1.9/3.9 MB | 81 kB | 147/684 kB
Progress (3): 1.9/3.9 MB | 81 kB | 147/684 kB
Progress (3): 1.9/3.9 MB | 81 kB | 164/684 kB
Progress (3): 1.9/3.9 MB | 81 kB | 164/684 kB
Progress (3): 1.9/3.9 MB | 81 kB | 164/684 kB
Progress (3): 1.9/3.9 MB | 81 kB | 180/684 kB
Progress (3): 1.9/3.9 MB | 81 kB | 180/684 kB
Progress (3): 1.9/3.9 MB | 81 kB | 197/684 kB
Progress (3): 2.0/3.9 MB | 81 kB | 197/684 kB
Progress (3): 2.0/3.9 MB | 81 kB | 213/684 kB
Progress (3): 2.0/3.9 MB | 81 kB | 213/684 kB
Progress (3): 2.0/3.9 MB | 81 kB | 213/684 kB
Progress (3): 2.0/3.9 MB | 81 kB | 229/684 kB
Progress (3): 2.0/3.9 MB | 81 kB | 229/684 kB
Progress (3): 2.0/3.9 MB | 81 kB | 229/684 kB
Progress (3): 2.0/3.9 MB | 81 kB | 229/684 kB
Progress (3): 2.1/3.9 MB | 81 kB | 229/684 kB
Progress (3): 2.1/3.9 MB | 81 kB | 229/684 kB
Progress (3): 2.1/3.9 MB | 81 kB | 229/684 kB
Progress (3): 2.1/3.9 MB | 81 kB | 246/684 kB
Progress (3): 2.1/3.9 MB | 81 kB | 246/684 kB
Progress (3): 2.1/3.9 MB | 81 kB | 262/684 kB
Progress (3): 2.1/3.9 MB | 81 kB | 262/684 kB
Progress (3): 2.1/3.9 MB | 81 kB | 279/684 kB
Progress (3): 2.1/3.9 MB | 81 kB | 279/684 kB
Progress (3): 2.1/3.9 MB | 81 kB | 295/684 kB
Progress (3): 2.1/3.9 MB | 81 kB | 311/684 kB
Progress (3): 2.2/3.9 MB | 81 kB | 311/684 kB
Progress (3): 2.2/3.9 MB | 81 kB | 328/684 kB
Progress (3): 2.2/3.9 MB | 81 kB | 328/684 kB
Progress (3): 2.2/3.9 MB | 81 kB | 344/684 kB
Progress (3): 2.2/3.9 MB | 81 kB | 344/684 kB
Progress (3): 2.2/3.9 MB | 81 kB | 360/684 kB
Progress (3): 2.2/3.9 MB | 81 kB | 360/684 kB
Progress (3): 2.2/3.9 MB | 81 kB | 377/684 kB
Progress (3): 2.2/3.9 MB | 81 kB | 377/684 kB
Progress (3): 2.2/3.9 MB | 81 kB | 393/684 kB
Progress (3): 2.2/3.9 MB | 81 kB | 393/684 kB
Progress (3): 2.2/3.9 MB | 81 kB | 410/684 kB
                                             
Downloaded from central: https://repo1.maven.org/maven2/org/apache/kerby/kerb-admin/2.0.0/kerb-admin-2.0.0.jar (81 kB at 55 kB/s)
Downloading from central: https://repo1.maven.org/maven2/org/objenesis/objenesis/3.3/objenesis-3.3.jar
Progress (2): 2.3/3.9 MB | 410/684 kB
Progress (2): 2.3/3.9 MB | 410/684 kB
Progress (2): 2.3/3.9 MB | 426/684 kB
Progress (2): 2.3/3.9 MB | 426/684 kB
Progress (2): 2.3/3.9 MB | 442/684 kB
Progress (2): 2.3/3.9 MB | 442/684 kB
Progress (2): 2.3/3.9 MB | 459/684 kB
Progress (2): 2.3/3.9 MB | 459/684 kB
Progress (2): 2.3/3.9 MB | 475/684 kB
Progress (2): 2.3/3.9 MB | 475/684 kB
Progress (2): 2.3/3.9 MB | 492/684 kB
Progress (2): 2.4/3.9 MB | 492/684 kB
Progress (2): 2.4/3.9 MB | 508/684 kB
Progress (2): 2.4/3.9 MB | 524/684 kB
Progress (2): 2.4/3.9 MB | 541/684 kB
Progress (2): 2.4/3.9 MB | 541/684 kB
Progress (2): 2.4/3.9 MB | 557/684 kB
Progress (2): 2.4/3.9 MB | 573/684 kB
Progress (2): 2.4/3.9 MB | 573/684 kB
Progress (2): 2.4/3.9 MB | 590/684 kB
Progress (2): 2.4/3.9 MB | 606/684 kB
Progress (2): 2.4/3.9 MB | 606/684 kB
Progress (2): 2.4/3.9 MB | 623/684 kB
Progress (2): 2.4/3.9 MB | 623/684 kB
Progress (2): 2.4/3.9 MB | 639/684 kB
Progress (2): 2.4/3.9 MB | 655/684 kB
Progress (2): 2.4/3.9 MB | 655/684 kB
Progress (2): 2.4/3.9 MB | 672/684 kB
Progress (2): 2.4/3.9 MB | 672/684 kB
Progress (2): 2.4/3.9 MB | 684 kB    
Progress (2): 2.5/3.9 MB | 684 kB
Progress (2): 2.5/3.9 MB | 684 kB
Progress (2): 2.5/3.9 MB | 684 kB
Progress (3): 2.5/3.9 MB | 684 kB | 7.7/256 kB
Progress (3): 2.5/3.9 MB | 684 kB | 7.7/256 kB
Progress (3): 2.5/3.9 MB | 684 kB | 7.7/256 kB
Progress (3): 2.5/3.9 MB | 684 kB | 7.7/256 kB
Progress (3): 2.6/3.9 MB | 684 kB | 7.7/256 kB
Progress (3): 2.6/3.9 MB | 684 kB | 7.7/256 kB
Progress (3): 2.6/3.9 MB | 684 kB | 8.2/256 kB
Progress (3): 2.6/3.9 MB | 684 kB | 8.2/256 kB
Progress (3): 2.6/3.9 MB | 684 kB | 8.2/256 kB
Progress (3): 2.6/3.9 MB | 684 kB | 8.2/256 kB
Progress (3): 2.6/3.9 MB | 684 kB | 8.2/256 kB
Progress (3): 2.6/3.9 MB | 684 kB | 8.2/256 kB
Progress (3): 2.7/3.9 MB | 684 kB | 8.2/256 kB
Progress (3): 2.7/3.9 MB | 684 kB | 8.2/256 kB
Progress (3): 2.7/3.9 MB | 684 kB | 25/256 kB 
Progress (3): 2.7/3.9 MB | 684 kB | 41/256 kB
Progress (3): 2.7/3.9 MB | 684 kB | 41/256 kB
Progress (3): 2.7/3.9 MB | 684 kB | 41/256 kB
Progress (3): 2.7/3.9 MB | 684 kB | 57/256 kB
Progress (3): 2.7/3.9 MB | 684 kB | 57/256 kB
Progress (3): 2.7/3.9 MB | 684 kB | 74/256 kB
Progress (3): 2.7/3.9 MB | 684 kB | 74/256 kB
Progress (3): 2.7/3.9 MB | 684 kB | 90/256 kB
Progress (3): 2.8/3.9 MB | 684 kB | 90/256 kB
Progress (3): 2.8/3.9 MB | 684 kB | 106/256 kB
Progress (3): 2.8/3.9 MB | 684 kB | 106/256 kB
Progress (3): 2.8/3.9 MB | 684 kB | 123/256 kB
Progress (3): 2.8/3.9 MB | 684 kB | 123/256 kB
Progress (3): 2.8/3.9 MB | 684 kB | 123/256 kB
Progress (3): 2.8/3.9 MB | 684 kB | 123/256 kB
Progress (3): 2.8/3.9 MB | 684 kB | 139/256 kB
Progress (3): 2.8/3.9 MB | 684 kB | 139/256 kB
Progress (3): 2.8/3.9 MB | 684 kB | 156/256 kB
Progress (3): 2.9/3.9 MB | 684 kB | 156/256 kB
Progress (3): 2.9/3.9 MB | 684 kB | 172/256 kB
Progress (3): 2.9/3.9 MB | 684 kB | 172/256 kB
Progress (3): 2.9/3.9 MB | 684 kB | 188/256 kB
Progress (3): 2.9/3.9 MB | 684 kB | 188/256 kB
Progress (3): 2.9/3.9 MB | 684 kB | 205/256 kB
Progress (3): 2.9/3.9 MB | 684 kB | 205/256 kB
Progress (3): 2.9/3.9 MB | 684 kB | 221/256 kB
Progress (3): 2.9/3.9 MB | 684 kB | 221/256 kB
Progress (3): 2.9/3.9 MB | 684 kB | 238/256 kB
Progress (3): 2.9/3.9 MB | 684 kB | 238/256 kB
Progress (3): 2.9/3.9 MB | 684 kB | 254/256 kB
Progress (3): 2.9/3.9 MB | 684 kB | 256 kB    
Progress (3): 2.9/3.9 MB | 684 kB | 256 kB
Progress (3): 3.0/3.9 MB | 684 kB | 256 kB
Progress (3): 3.0/3.9 MB | 684 kB | 256 kB
Progress (3): 3.0/3.9 MB | 684 kB | 256 kB
Progress (3): 3.0/3.9 MB | 684 kB | 256 kB
Progress (3): 3.0/3.9 MB | 684 kB | 256 kB
Progress (3): 3.0/3.9 MB | 684 kB | 256 kB
Progress (3): 3.0/3.9 MB | 684 kB | 256 kB
Progress (3): 3.1/3.9 MB | 684 kB | 256 kB
Progress (3): 3.1/3.9 MB | 684 kB | 256 kB
Progress (3): 3.1/3.9 MB | 684 kB | 256 kB
Progress (3): 3.1/3.9 MB | 684 kB | 256 kB
Progress (3): 3.1/3.9 MB | 684 kB | 256 kB
Progress (3): 3.1/3.9 MB | 684 kB | 256 kB
Progress (3): 3.2/3.9 MB | 684 kB | 256 kB
Progress (3): 3.2/3.9 MB | 684 kB | 256 kB
Progress (3): 3.2/3.9 MB | 684 kB | 256 kB
Progress (3): 3.2/3.9 MB | 684 kB | 256 kB
Progress (3): 3.2/3.9 MB | 684 kB | 256 kB
Progress (3): 3.2/3.9 MB | 684 kB | 256 kB
Progress (3): 3.3/3.9 MB | 684 kB | 256 kB
Progress (3): 3.3/3.9 MB | 684 kB | 256 kB
Progress (3): 3.3/3.9 MB | 684 kB | 256 kB
Progress (3): 3.3/3.9 MB | 684 kB | 256 kB
Progress (3): 3.3/3.9 MB | 684 kB | 256 kB
Progress (3): 3.3/3.9 MB | 684 kB | 256 kB
Progress (3): 3.3/3.9 MB | 684 kB | 256 kB
Progress (3): 3.4/3.9 MB | 684 kB | 256 kB
                                          
Downloaded from central: https://repo1.maven.org/maven2/org/mockito/mockito-core/4.9.0/mockito-core-4.9.0.jar (684 kB at 459 kB/s)
Downloading from central: https://repo1.maven.org/maven2/org/mockito/mockito-inline/4.9.0/mockito-inline-4.9.0.jar
Progress (2): 3.4/3.9 MB | 256 kB
Progress (2): 3.4/3.9 MB | 256 kB
Progress (2): 3.4/3.9 MB | 256 kB
Progress (2): 3.4/3.9 MB | 256 kB
Progress (2): 3.4/3.9 MB | 256 kB
Progress (2): 3.5/3.9 MB | 256 kB
Progress (2): 3.5/3.9 MB | 256 kB
Progress (2): 3.5/3.9 MB | 256 kB
Progress (2): 3.5/3.9 MB | 256 kB
Progress (2): 3.5/3.9 MB | 256 kB
Progress (2): 3.5/3.9 MB | 256 kB
Progress (2): 3.6/3.9 MB | 256 kB
Progress (2): 3.6/3.9 MB | 256 kB
Progress (2): 3.6/3.9 MB | 256 kB
Progress (2): 3.6/3.9 MB | 256 kB
Progress (2): 3.6/3.9 MB | 256 kB
Progress (2): 3.6/3.9 MB | 256 kB
Progress (2): 3.7/3.9 MB | 256 kB
                                 
Downloaded from central: https://repo1.maven.org/maven2/net/bytebuddy/byte-buddy-agent/1.12.16/byte-buddy-agent-1.12.16.jar (256 kB at 171 kB/s)
Downloading from central: https://repo1.maven.org/maven2/org/jmockit/jmockit/1.48/jmockit-1.48.jar
Progress (1): 3.7/3.9 MB
Progress (1): 3.7/3.9 MB
Progress (1): 3.7/3.9 MB
Progress (1): 3.7/3.9 MB
Progress (1): 3.7/3.9 MB
Progress (1): 3.8/3.9 MB
Progress (1): 3.8/3.9 MB
Progress (1): 3.8/3.9 MB
Progress (1): 3.8/3.9 MB
Progress (1): 3.8/3.9 MB
Progress (1): 3.8/3.9 MB
Progress (1): 3.8/3.9 MB
Progress (1): 3.9/3.9 MB
Progress (1): 3.9/3.9 MB
Progress (1): 3.9/3.9 MB
Progress (1): 3.9/3.9 MB
Progress (1): 3.9/3.9 MB
Progress (1): 3.9 MB    
Progress (2): 3.9 MB | 7.7/49 kB
Progress (2): 3.9 MB | 16/49 kB 
Progress (2): 3.9 MB | 32/49 kB
Progress (2): 3.9 MB | 49/49 kB
Progress (2): 3.9 MB | 49 kB   
Progress (3): 3.9 MB | 49 kB | 7.8/31 kB
Progress (3): 3.9 MB | 49 kB | 16/31 kB 
Progress (3): 3.9 MB | 49 kB | 31 kB   
                                    
Downloaded from central: https://repo1.maven.org/maven2/org/objenesis/objenesis/3.3/objenesis-3.3.jar (49 kB at 33 kB/s)
Downloading from central: https://repo1.maven.org/maven2/org/junit/jupiter/junit-jupiter-api/5.6.2/junit-jupiter-api-5.6.2.jar
Downloaded from central: https://repo1.maven.org/maven2/org/apache/kerby/kerby-config/2.0.0/kerby-config-2.0.0.jar (31 kB at 20 kB/s)
Downloading from central: https://repo1.maven.org/maven2/org/apiguardian/apiguardian-api/1.1.0/apiguardian-api-1.1.0.jar
Downloaded from central: https://repo1.maven.org/maven2/net/bytebuddy/byte-buddy/1.12.16/byte-buddy-1.12.16.jar (3.9 MB at 2.6 MB/s)
Downloading from central: https://repo1.maven.org/maven2/org/opentest4j/opentest4j/1.2.0/opentest4j-1.2.0.jar
Progress (1): 2.4 kB
Progress (2): 2.4 kB | 4.1/710 kB
Progress (2): 2.4 kB | 16/710 kB 
Progress (2): 2.4 kB | 33/710 kB
Progress (2): 2.4 kB | 49/710 kB
Progress (2): 2.4 kB | 66/710 kB
Progress (2): 2.4 kB | 82/710 kB
Progress (2): 2.4 kB | 98/710 kB
Progress (2): 2.4 kB | 115/710 kB
Progress (2): 2.4 kB | 131/710 kB
Progress (2): 2.4 kB | 147/710 kB
Progress (2): 2.4 kB | 164/710 kB
Progress (2): 2.4 kB | 180/710 kB
Progress (2): 2.4 kB | 197/710 kB
Progress (2): 2.4 kB | 213/710 kB
Progress (2): 2.4 kB | 229/710 kB
Progress (2): 2.4 kB | 246/710 kB
Progress (2): 2.4 kB | 262/710 kB
Progress (3): 2.4 kB | 262/710 kB | 1.5 kB
Progress (3): 2.4 kB | 279/710 kB | 1.5 kB
Progress (3): 2.4 kB | 295/710 kB | 1.5 kB
Progress (3): 2.4 kB | 311/710 kB | 1.5 kB
Progress (3): 2.4 kB | 328/710 kB | 1.5 kB
Progress (3): 2.4 kB | 344/710 kB | 1.5 kB
Progress (3): 2.4 kB | 360/710 kB | 1.5 kB
Progress (3): 2.4 kB | 377/710 kB | 1.5 kB
Progress (3): 2.4 kB | 393/710 kB | 1.5 kB
Progress (3): 2.4 kB | 410/710 kB | 1.5 kB
Progress (3): 2.4 kB | 426/710 kB | 1.5 kB
Progress (3): 2.4 kB | 442/710 kB | 1.5 kB
Progress (3): 2.4 kB | 459/710 kB | 1.5 kB
Progress (3): 2.4 kB | 475/710 kB | 1.5 kB
Progress (3): 2.4 kB | 492/710 kB | 1.5 kB
Progress (3): 2.4 kB | 508/710 kB | 1.5 kB
Progress (3): 2.4 kB | 524/710 kB | 1.5 kB
Progress (3): 2.4 kB | 541/710 kB | 1.5 kB
Progress (3): 2.4 kB | 557/710 kB | 1.5 kB
Progress (4): 2.4 kB | 557/710 kB | 1.5 kB | 16/154 kB
Progress (4): 2.4 kB | 573/710 kB | 1.5 kB | 16/154 kB
Progress (4): 2.4 kB | 573/710 kB | 1.5 kB | 33/154 kB
Progress (4): 2.4 kB | 590/710 kB | 1.5 kB | 33/154 kB
Progress (4): 2.4 kB | 590/710 kB | 1.5 kB | 49/154 kB
Progress (4): 2.4 kB | 606/710 kB | 1.5 kB | 49/154 kB
Progress (4): 2.4 kB | 606/710 kB | 1.5 kB | 57/154 kB
Progress (4): 2.4 kB | 623/710 kB | 1.5 kB | 57/154 kB
Progress (4): 2.4 kB | 623/710 kB | 1.5 kB | 74/154 kB
Progress (4): 2.4 kB | 639/710 kB | 1.5 kB | 74/154 kB
Progress (4): 2.4 kB | 655/710 kB | 1.5 kB | 74/154 kB
Progress (4): 2.4 kB | 672/710 kB | 1.5 kB | 74/154 kB
Progress (4): 2.4 kB | 676/710 kB | 1.5 kB | 74/154 kB
Progress (4): 2.4 kB | 676/710 kB | 1.5 kB | 90/154 kB
Progress (4): 2.4 kB | 692/710 kB | 1.5 kB | 90/154 kB
Progress (4): 2.4 kB | 692/710 kB | 1.5 kB | 106/154 kB
Progress (4): 2.4 kB | 708/710 kB | 1.5 kB | 106/154 kB
Progress (4): 2.4 kB | 710 kB | 1.5 kB | 106/154 kB    
Progress (4): 2.4 kB | 710 kB | 1.5 kB | 123/154 kB
Progress (4): 2.4 kB | 710 kB | 1.5 kB | 139/154 kB
Progress (4): 2.4 kB | 710 kB | 1.5 kB | 154 kB    
Progress (5): 2.4 kB | 710 kB | 1.5 kB | 154 kB | 7.7 kB
                                                        
Downloaded from central: https://repo1.maven.org/maven2/org/apiguardian/apiguardian-api/1.1.0/apiguardian-api-1.1.0.jar (2.4 kB at 1.5 kB/s)
Downloading from central: https://repo1.maven.org/maven2/org/junit/platform/junit-platform-commons/1.6.2/junit-platform-commons-1.6.2.jar
Downloaded from central: https://repo1.maven.org/maven2/org/mockito/mockito-inline/4.9.0/mockito-inline-4.9.0.jar (1.5 kB at 947 B/s)
Downloading from central: https://repo1.maven.org/maven2/org/junit/jupiter/junit-jupiter-engine/5.6.2/junit-jupiter-engine-5.6.2.jar
Downloaded from central: https://repo1.maven.org/maven2/org/junit/jupiter/junit-jupiter-api/5.6.2/junit-jupiter-api-5.6.2.jar (154 kB at 97 kB/s)
Downloading from central: https://repo1.maven.org/maven2/org/junit/platform/junit-platform-engine/1.6.2/junit-platform-engine-1.6.2.jar
Downloaded from central: https://repo1.maven.org/maven2/org/jmockit/jmockit/1.48/jmockit-1.48.jar (710 kB at 445 kB/s)
Downloading from central: https://repo1.maven.org/maven2/org/junit/jupiter/junit-jupiter-params/5.6.2/junit-jupiter-params-5.6.2.jar
Downloaded from central: https://repo1.maven.org/maven2/org/opentest4j/opentest4j/1.2.0/opentest4j-1.2.0.jar (7.7 kB at 4.8 kB/s)
Downloading from central: https://repo1.maven.org/maven2/org/junit/platform/junit-platform-runner/1.6.2/junit-platform-runner-1.6.2.jar
Progress (1): 7.7/562 kB
Progress (1): 16/562 kB 
Progress (1): 25/562 kB
Progress (1): 41/562 kB
Progress (1): 57/562 kB
Progress (1): 74/562 kB
Progress (1): 90/562 kB
Progress (1): 106/562 kB
Progress (1): 123/562 kB
Progress (1): 139/562 kB
Progress (1): 156/562 kB
Progress (1): 172/562 kB
Progress (1): 188/562 kB
Progress (1): 197/562 kB
Progress (1): 213/562 kB
Progress (1): 229/562 kB
Progress (1): 246/562 kB
Progress (1): 262/562 kB
Progress (1): 279/562 kB
Progress (1): 295/562 kB
Progress (1): 311/562 kB
Progress (1): 328/562 kB
Progress (1): 344/562 kB
Progress (1): 360/562 kB
Progress (1): 377/562 kB
Progress (1): 393/562 kB
Progress (1): 410/562 kB
Progress (1): 426/562 kB
Progress (1): 442/562 kB
Progress (1): 459/562 kB
Progress (1): 475/562 kB
Progress (1): 492/562 kB
Progress (1): 508/562 kB
Progress (1): 524/562 kB
Progress (1): 541/562 kB
Progress (1): 557/562 kB
Progress (1): 562 kB    
Progress (2): 562 kB | 7.8/209 kB
Progress (2): 562 kB | 16/209 kB 
Progress (2): 562 kB | 32/209 kB
Progress (2): 562 kB | 49/209 kB
Progress (2): 562 kB | 65/209 kB
Progress (2): 562 kB | 81/209 kB
Progress (2): 562 kB | 98/209 kB
Progress (2): 562 kB | 114/209 kB
Progress (2): 562 kB | 131/209 kB
Progress (2): 562 kB | 147/209 kB
Progress (2): 562 kB | 163/209 kB
Progress (2): 562 kB | 180/209 kB
Progress (2): 562 kB | 196/209 kB
Progress (2): 562 kB | 209 kB    
Progress (3): 562 kB | 209 kB | 7.8/97 kB
Progress (3): 562 kB | 209 kB | 16/97 kB 
Progress (3): 562 kB | 209 kB | 32/97 kB
Progress (3): 562 kB | 209 kB | 49/97 kB
Progress (3): 562 kB | 209 kB | 65/97 kB
Progress (4): 562 kB | 209 kB | 65/97 kB | 7.7/174 kB
Progress (4): 562 kB | 209 kB | 81/97 kB | 7.7/174 kB
Progress (4): 562 kB | 209 kB | 97 kB | 7.7/174 kB   
Progress (4): 562 kB | 209 kB | 97 kB | 12/174 kB 
Progress (4): 562 kB | 209 kB | 97 kB | 29/174 kB
Progress (4): 562 kB | 209 kB | 97 kB | 45/174 kB
Progress (4): 562 kB | 209 kB | 97 kB | 49/174 kB
Progress (4): 562 kB | 209 kB | 97 kB | 66/174 kB
Progress (4): 562 kB | 209 kB | 97 kB | 82/174 kB
Progress (4): 562 kB | 209 kB | 97 kB | 98/174 kB
Progress (4): 562 kB | 209 kB | 97 kB | 115/174 kB
Progress (4): 562 kB | 209 kB | 97 kB | 131/174 kB
Progress (4): 562 kB | 209 kB | 97 kB | 147/174 kB
Progress (4): 562 kB | 209 kB | 97 kB | 164/174 kB
Progress (4): 562 kB | 209 kB | 97 kB | 174 kB    
Progress (5): 562 kB | 209 kB | 97 kB | 174 kB | 7.8/18 kB
Progress (5): 562 kB | 209 kB | 97 kB | 174 kB | 16/18 kB 
Progress (5): 562 kB | 209 kB | 97 kB | 174 kB | 18 kB   
                                                      
Downloaded from central: https://repo1.maven.org/maven2/org/junit/platform/junit-platform-commons/1.6.2/junit-platform-commons-1.6.2.jar (97 kB at 57 kB/s)
Downloading from central: https://repo1.maven.org/maven2/junit/junit/4.13/junit-4.13.jar
Downloaded from central: https://repo1.maven.org/maven2/org/junit/jupiter/junit-jupiter-engine/5.6.2/junit-jupiter-engine-5.6.2.jar (209 kB at 123 kB/s)
Downloading from central: https://repo1.maven.org/maven2/org/junit/platform/junit-platform-launcher/1.6.2/junit-platform-launcher-1.6.2.jar
Downloaded from central: https://repo1.maven.org/maven2/org/junit/jupiter/junit-jupiter-params/5.6.2/junit-jupiter-params-5.6.2.jar (562 kB at 329 kB/s)
Downloading from central: https://repo1.maven.org/maven2/org/junit/platform/junit-platform-suite-api/1.6.2/junit-platform-suite-api-1.6.2.jar
Downloaded from central: https://repo1.maven.org/maven2/org/junit/platform/junit-platform-engine/1.6.2/junit-platform-engine-1.6.2.jar (174 kB at 102 kB/s)
Downloading from central: https://repo1.maven.org/maven2/org/burningwave/tools/0.25.4/tools-0.25.4.jar
Downloaded from central: https://repo1.maven.org/maven2/org/junit/platform/junit-platform-runner/1.6.2/junit-platform-runner-1.6.2.jar (18 kB at 11 kB/s)
Downloading from central: https://repo1.maven.org/maven2/org/burningwave/core/12.62.5/core-12.62.5.jar
Progress (1): 7.7/382 kB
Progress (1): 8.2/382 kB
Progress (1): 25/382 kB 
Progress (1): 41/382 kB
Progress (1): 57/382 kB
Progress (1): 66/382 kB
Progress (1): 82/382 kB
Progress (1): 98/382 kB
Progress (1): 115/382 kB
Progress (1): 131/382 kB
Progress (1): 147/382 kB
Progress (1): 164/382 kB
Progress (1): 180/382 kB
Progress (1): 197/382 kB
Progress (1): 213/382 kB
Progress (1): 229/382 kB
Progress (1): 246/382 kB
Progress (1): 254/382 kB
Progress (1): 270/382 kB
Progress (1): 287/382 kB
Progress (1): 295/382 kB
Progress (1): 303/382 kB
Progress (1): 319/382 kB
Progress (1): 328/382 kB
Progress (1): 336/382 kB
Progress (1): 352/382 kB
Progress (1): 369/382 kB
Progress (1): 377/382 kB
Progress (1): 382 kB    
Progress (2): 382 kB | 7.8/14 kB
Progress (2): 382 kB | 14 kB    
Progress (3): 382 kB | 14 kB | 7.8/122 kB
Progress (3): 382 kB | 14 kB | 16/122 kB 
Progress (3): 382 kB | 14 kB | 32/122 kB
Progress (3): 382 kB | 14 kB | 49/122 kB
Progress (3): 382 kB | 14 kB | 65/122 kB
Progress (3): 382 kB | 14 kB | 81/122 kB
Progress (3): 382 kB | 14 kB | 98/122 kB
                                        
Downloaded from central: https://repo1.maven.org/maven2/junit/junit/4.13/junit-4.13.jar (382 kB at 215 kB/s)
Downloading from central: https://repo1.maven.org/maven2/org/burningwave/jvm-driver/8.14.0/jvm-driver-8.14.0.jar
Progress (2): 14 kB | 114/122 kB
Progress (2): 14 kB | 122 kB    
                            
Downloaded from central: https://repo1.maven.org/maven2/org/junit/platform/junit-platform-suite-api/1.6.2/junit-platform-suite-api-1.6.2.jar (14 kB at 8.0 kB/s)
Downloading from central: https://repo1.maven.org/maven2/io/github/toolfactory/jvm-driver/9.4.2/jvm-driver-9.4.2.jar
Downloaded from central: https://repo1.maven.org/maven2/org/junit/platform/junit-platform-launcher/1.6.2/junit-platform-launcher-1.6.2.jar (122 kB at 68 kB/s)
Downloading from central: https://repo1.maven.org/maven2/org/xerial/snappy/snappy-java/1.1.10.5/snappy-java-1.1.10.5.jar
Progress (1): 7.7/221 kB
Progress (2): 7.7/221 kB | 0/2.3 MB
Progress (2): 16/221 kB | 0/2.3 MB 
Progress (2): 25/221 kB | 0/2.3 MB
Progress (2): 33/221 kB | 0/2.3 MB
Progress (2): 33/221 kB | 0/2.3 MB
Progress (2): 49/221 kB | 0/2.3 MB
Progress (2): 66/221 kB | 0/2.3 MB
Progress (2): 66/221 kB | 0/2.3 MB
Progress (2): 66/221 kB | 0/2.3 MB
Progress (2): 82/221 kB | 0/2.3 MB
Progress (2): 98/221 kB | 0/2.3 MB
Progress (2): 98/221 kB | 0.1/2.3 MB
Progress (2): 115/221 kB | 0.1/2.3 MB
Progress (2): 115/221 kB | 0.1/2.3 MB
Progress (2): 131/221 kB | 0.1/2.3 MB
Progress (2): 131/221 kB | 0.1/2.3 MB
Progress (2): 147/221 kB | 0.1/2.3 MB
Progress (2): 147/221 kB | 0.1/2.3 MB
Progress (2): 164/221 kB | 0.1/2.3 MB
Progress (2): 164/221 kB | 0.1/2.3 MB
Progress (2): 168/221 kB | 0.1/2.3 MB
Progress (2): 184/221 kB | 0.1/2.3 MB
Progress (2): 184/221 kB | 0.1/2.3 MB
Progress (2): 184/221 kB | 0.1/2.3 MB
Progress (2): 200/221 kB | 0.1/2.3 MB
Progress (2): 200/221 kB | 0.2/2.3 MB
Progress (2): 217/221 kB | 0.2/2.3 MB
Progress (2): 217/221 kB | 0.2/2.3 MB
Progress (2): 221 kB | 0.2/2.3 MB    
Progress (2): 221 kB | 0.2/2.3 MB
Progress (2): 221 kB | 0.2/2.3 MB
Progress (2): 221 kB | 0.2/2.3 MB
Progress (2): 221 kB | 0.2/2.3 MB
Progress (2): 221 kB | 0.2/2.3 MB
Progress (2): 221 kB | 0.3/2.3 MB
Progress (2): 221 kB | 0.3/2.3 MB
Progress (2): 221 kB | 0.3/2.3 MB
Progress (2): 221 kB | 0.3/2.3 MB
Progress (2): 221 kB | 0.3/2.3 MB
Progress (2): 221 kB | 0.3/2.3 MB
Progress (2): 221 kB | 0.3/2.3 MB
Progress (2): 221 kB | 0.4/2.3 MB
Progress (2): 221 kB | 0.4/2.3 MB
Progress (2): 221 kB | 0.4/2.3 MB
Progress (2): 221 kB | 0.4/2.3 MB
Progress (2): 221 kB | 0.4/2.3 MB
Progress (2): 221 kB | 0.4/2.3 MB
Progress (2): 221 kB | 0.4/2.3 MB
Progress (2): 221 kB | 0.4/2.3 MB
Progress (2): 221 kB | 0.4/2.3 MB
Progress (2): 221 kB | 0.5/2.3 MB
Progress (2): 221 kB | 0.5/2.3 MB
Progress (2): 221 kB | 0.5/2.3 MB
Progress (2): 221 kB | 0.5/2.3 MB
Progress (2): 221 kB | 0.5/2.3 MB
Progress (2): 221 kB | 0.5/2.3 MB
Progress (2): 221 kB | 0.5/2.3 MB
Progress (2): 221 kB | 0.6/2.3 MB
Progress (2): 221 kB | 0.6/2.3 MB
Progress (2): 221 kB | 0.6/2.3 MB
Progress (2): 221 kB | 0.6/2.3 MB
Progress (2): 221 kB | 0.6/2.3 MB
Progress (2): 221 kB | 0.6/2.3 MB
Progress (2): 221 kB | 0.7/2.3 MB
Progress (2): 221 kB | 0.7/2.3 MB
Progress (2): 221 kB | 0.7/2.3 MB
Progress (2): 221 kB | 0.7/2.3 MB
Progress (2): 221 kB | 0.7/2.3 MB
Progress (2): 221 kB | 0.7/2.3 MB
Progress (2): 221 kB | 0.8/2.3 MB
Progress (2): 221 kB | 0.8/2.3 MB
                                 
Downloaded from central: https://repo1.maven.org/maven2/io/github/toolfactory/jvm-driver/9.4.2/jvm-driver-9.4.2.jar (221 kB at 120 kB/s)
Downloading from central: https://repo1.maven.org/maven2/commons-io/commons-io/2.17.0/commons-io-2.17.0.jar
Progress (1): 0.8/2.3 MB
Progress (1): 0.8/2.3 MB
Progress (1): 0.8/2.3 MB
Progress (1): 0.8/2.3 MB
Progress (1): 0.9/2.3 MB
Progress (1): 0.9/2.3 MB
Progress (1): 0.9/2.3 MB
Progress (1): 0.9/2.3 MB
Progress (1): 0.9/2.3 MB
Progress (1): 0.9/2.3 MB
Progress (1): 1.0/2.3 MB
Progress (1): 1.0/2.3 MB
Progress (1): 1.0/2.3 MB
Progress (1): 1.0/2.3 MB
Progress (1): 1.0/2.3 MB
Progress (1): 1.0/2.3 MB
Progress (1): 1.0/2.3 MB
Progress (1): 1.1/2.3 MB
Progress (1): 1.1/2.3 MB
Progress (1): 1.1/2.3 MB
Progress (1): 1.1/2.3 MB
Progress (1): 1.1/2.3 MB
Progress (1): 1.1/2.3 MB
Progress (1): 1.2/2.3 MB
Progress (1): 1.2/2.3 MB
Progress (1): 1.2/2.3 MB
Progress (1): 1.2/2.3 MB
Progress (1): 1.2/2.3 MB
Progress (1): 1.2/2.3 MB
Progress (1): 1.3/2.3 MB
Progress (1): 1.3/2.3 MB
Progress (1): 1.3/2.3 MB
Progress (1): 1.3/2.3 MB
Progress (1): 1.3/2.3 MB
Progress (1): 1.3/2.3 MB
Progress (1): 1.4/2.3 MB
Progress (1): 1.4/2.3 MB
Progress (1): 1.4/2.3 MB
Progress (1): 1.4/2.3 MB
Progress (1): 1.4/2.3 MB
Progress (1): 1.4/2.3 MB
Progress (1): 1.5/2.3 MB
Progress (1): 1.5/2.3 MB
Progress (1): 1.5/2.3 MB
Progress (1): 1.5/2.3 MB
Progress (1): 1.5/2.3 MB
Progress (1): 1.5/2.3 MB
Progress (1): 1.5/2.3 MB
Progress (1): 1.6/2.3 MB
Progress (1): 1.6/2.3 MB
Progress (1): 1.6/2.3 MB
Progress (1): 1.6/2.3 MB
Progress (1): 1.6/2.3 MB
Progress (1): 1.6/2.3 MB
Progress (1): 1.7/2.3 MB
Progress (1): 1.7/2.3 MB
Progress (1): 1.7/2.3 MB
Progress (1): 1.7/2.3 MB
Progress (1): 1.7/2.3 MB
Progress (1): 1.7/2.3 MB
Progress (1): 1.8/2.3 MB
Progress (1): 1.8/2.3 MB
Progress (1): 1.8/2.3 MB
Progress (1): 1.8/2.3 MB
Progress (1): 1.8/2.3 MB
Progress (1): 1.8/2.3 MB
Progress (1): 1.9/2.3 MB
Progress (1): 1.9/2.3 MB
Progress (1): 1.9/2.3 MB
Progress (1): 1.9/2.3 MB
Progress (1): 1.9/2.3 MB
Progress (1): 1.9/2.3 MB
Progress (1): 2.0/2.3 MB
Progress (1): 2.0/2.3 MB
Progress (1): 2.0/2.3 MB
Progress (1): 2.0/2.3 MB
Progress (1): 2.0/2.3 MB
Progress (1): 2.0/2.3 MB
Progress (1): 2.1/2.3 MB
Progress (1): 2.1/2.3 MB
Progress (1): 2.1/2.3 MB
Progress (1): 2.1/2.3 MB
Progress (1): 2.1/2.3 MB
Progress (1): 2.1/2.3 MB
Progress (1): 2.2/2.3 MB
Progress (1): 2.2/2.3 MB
Progress (1): 2.2/2.3 MB
Progress (1): 2.2/2.3 MB
Progress (1): 2.2/2.3 MB
Progress (1): 2.2/2.3 MB
Progress (1): 2.2/2.3 MB
Progress (1): 2.3/2.3 MB
Progress (1): 2.3/2.3 MB
Progress (1): 2.3/2.3 MB
Progress (1): 2.3 MB    
Progress (2): 2.3 MB | 7.7/516 kB
Progress (3): 2.3 MB | 7.7/516 kB | 8.2/695 kB
Progress (3): 2.3 MB | 16/516 kB | 8.2/695 kB 
Progress (3): 2.3 MB | 16/516 kB | 16/695 kB 
Progress (3): 2.3 MB | 32/516 kB | 16/695 kB
Progress (3): 2.3 MB | 32/516 kB | 33/695 kB
Progress (3): 2.3 MB | 49/516 kB | 33/695 kB
Progress (3): 2.3 MB | 49/516 kB | 49/695 kB
Progress (3): 2.3 MB | 65/516 kB | 49/695 kB
Progress (3): 2.3 MB | 65/516 kB | 66/695 kB
Progress (3): 2.3 MB | 81/516 kB | 66/695 kB
Progress (3): 2.3 MB | 81/516 kB | 82/695 kB
Progress (3): 2.3 MB | 98/516 kB | 82/695 kB
Progress (3): 2.3 MB | 98/516 kB | 98/695 kB
Progress (3): 2.3 MB | 114/516 kB | 98/695 kB
Progress (3): 2.3 MB | 114/516 kB | 115/695 kB
Progress (3): 2.3 MB | 131/516 kB | 115/695 kB
Progress (3): 2.3 MB | 147/516 kB | 115/695 kB
Progress (3): 2.3 MB | 147/516 kB | 131/695 kB
Progress (3): 2.3 MB | 163/516 kB | 131/695 kB
Progress (3): 2.3 MB | 163/516 kB | 147/695 kB
Progress (3): 2.3 MB | 180/516 kB | 147/695 kB
Progress (3): 2.3 MB | 180/516 kB | 164/695 kB
Progress (3): 2.3 MB | 196/516 kB | 164/695 kB
Progress (3): 2.3 MB | 196/516 kB | 180/695 kB
Progress (3): 2.3 MB | 213/516 kB | 180/695 kB
Progress (3): 2.3 MB | 213/516 kB | 197/695 kB
Progress (3): 2.3 MB | 229/516 kB | 197/695 kB
Progress (3): 2.3 MB | 245/516 kB | 197/695 kB
Progress (3): 2.3 MB | 245/516 kB | 213/695 kB
Progress (3): 2.3 MB | 262/516 kB | 213/695 kB
Progress (3): 2.3 MB | 262/516 kB | 229/695 kB
Progress (3): 2.3 MB | 278/516 kB | 229/695 kB
Progress (3): 2.3 MB | 278/516 kB | 246/695 kB
Progress (3): 2.3 MB | 294/516 kB | 246/695 kB
Progress (3): 2.3 MB | 294/516 kB | 262/695 kB
Progress (3): 2.3 MB | 311/516 kB | 262/695 kB
Progress (3): 2.3 MB | 311/516 kB | 279/695 kB
Progress (3): 2.3 MB | 327/516 kB | 279/695 kB
Progress (3): 2.3 MB | 327/516 kB | 295/695 kB
Progress (3): 2.3 MB | 344/516 kB | 295/695 kB
Progress (3): 2.3 MB | 344/516 kB | 311/695 kB
Progress (3): 2.3 MB | 360/516 kB | 311/695 kB
Progress (3): 2.3 MB | 360/516 kB | 328/695 kB
Progress (3): 2.3 MB | 376/516 kB | 328/695 kB
Progress (3): 2.3 MB | 376/516 kB | 344/695 kB
Progress (3): 2.3 MB | 376/516 kB | 348/695 kB
Progress (3): 2.3 MB | 393/516 kB | 348/695 kB
Progress (3): 2.3 MB | 393/516 kB | 364/695 kB
Progress (3): 2.3 MB | 409/516 kB | 364/695 kB
Progress (3): 2.3 MB | 409/516 kB | 377/695 kB
Progress (3): 2.3 MB | 426/516 kB | 377/695 kB
Progress (3): 2.3 MB | 426/516 kB | 393/695 kB
Progress (3): 2.3 MB | 426/516 kB | 410/695 kB
Progress (3): 2.3 MB | 442/516 kB | 410/695 kB
Progress (3): 2.3 MB | 442/516 kB | 426/695 kB
Progress (3): 2.3 MB | 458/516 kB | 426/695 kB
Progress (3): 2.3 MB | 458/516 kB | 442/695 kB
Progress (3): 2.3 MB | 475/516 kB | 442/695 kB
Progress (3): 2.3 MB | 475/516 kB | 459/695 kB
Progress (3): 2.3 MB | 491/516 kB | 459/695 kB
Progress (3): 2.3 MB | 491/516 kB | 475/695 kB
Progress (3): 2.3 MB | 507/516 kB | 475/695 kB
Progress (3): 2.3 MB | 507/516 kB | 479/695 kB
Progress (3): 2.3 MB | 516 kB | 479/695 kB    
Progress (3): 2.3 MB | 516 kB | 495/695 kB
Progress (3): 2.3 MB | 516 kB | 508/695 kB
Progress (3): 2.3 MB | 516 kB | 524/695 kB
Progress (3): 2.3 MB | 516 kB | 541/695 kB
Progress (3): 2.3 MB | 516 kB | 557/695 kB
Progress (3): 2.3 MB | 516 kB | 573/695 kB
Progress (3): 2.3 MB | 516 kB | 590/695 kB
Progress (3): 2.3 MB | 516 kB | 606/695 kB
Progress (3): 2.3 MB | 516 kB | 623/695 kB
Progress (3): 2.3 MB | 516 kB | 639/695 kB
Progress (3): 2.3 MB | 516 kB | 655/695 kB
Progress (3): 2.3 MB | 516 kB | 672/695 kB
Progress (3): 2.3 MB | 516 kB | 688/695 kB
Progress (3): 2.3 MB | 516 kB | 695 kB    
Progress (4): 2.3 MB | 516 kB | 695 kB | 8.2/317 kB
Progress (4): 2.3 MB | 516 kB | 695 kB | 16/317 kB 
Progress (4): 2.3 MB | 516 kB | 695 kB | 33/317 kB
Progress (4): 2.3 MB | 516 kB | 695 kB | 41/317 kB
Progress (4): 2.3 MB | 516 kB | 695 kB | 57/317 kB
Progress (4): 2.3 MB | 516 kB | 695 kB | 74/317 kB
Progress (4): 2.3 MB | 516 kB | 695 kB | 82/317 kB
Progress (4): 2.3 MB | 516 kB | 695 kB | 98/317 kB
Progress (4): 2.3 MB | 516 kB | 695 kB | 115/317 kB
Progress (4): 2.3 MB | 516 kB | 695 kB | 131/317 kB
Progress (4): 2.3 MB | 516 kB | 695 kB | 147/317 kB
Progress (4): 2.3 MB | 516 kB | 695 kB | 164/317 kB
Progress (4): 2.3 MB | 516 kB | 695 kB | 180/317 kB
Progress (4): 2.3 MB | 516 kB | 695 kB | 197/317 kB
                                                   
Downloaded from central: https://repo1.maven.org/maven2/org/xerial/snappy/snappy-java/1.1.10.5/snappy-java-1.1.10.5.jar (2.3 MB at 1.2 MB/s)
Downloading from central: https://repo1.maven.org/maven2/dnsjava/dnsjava/3.5.1/dnsjava-3.5.1.jar
Progress (3): 516 kB | 695 kB | 213/317 kB
Progress (3): 516 kB | 695 kB | 229/317 kB
Progress (3): 516 kB | 695 kB | 246/317 kB
Progress (3): 516 kB | 695 kB | 262/317 kB
Progress (3): 516 kB | 695 kB | 279/317 kB
Progress (3): 516 kB | 695 kB | 295/317 kB
                                          
Downloaded from central: https://repo1.maven.org/maven2/commons-io/commons-io/2.17.0/commons-io-2.17.0.jar (516 kB at 270 kB/s)
Progress (2): 695 kB | 311/317 kB
Progress (2): 695 kB | 317 kB    
                             
Downloaded from central: https://repo1.maven.org/maven2/org/burningwave/core/12.62.5/core-12.62.5.jar (695 kB at 363 kB/s)
Downloaded from central: https://repo1.maven.org/maven2/org/burningwave/jvm-driver/8.14.0/jvm-driver-8.14.0.jar (317 kB at 164 kB/s)
Progress (1): 8.2/533 kB
Progress (1): 16/533 kB 
Progress (1): 33/533 kB
Progress (1): 49/533 kB
Progress (1): 66/533 kB
Progress (1): 82/533 kB
Progress (1): 98/533 kB
Progress (1): 115/533 kB
Progress (1): 131/533 kB
Progress (1): 147/533 kB
Progress (1): 164/533 kB
Progress (1): 180/533 kB
Progress (1): 197/533 kB
Progress (1): 213/533 kB
Progress (1): 229/533 kB
Progress (1): 246/533 kB
Progress (1): 262/533 kB
Progress (1): 279/533 kB
Progress (1): 295/533 kB
Progress (1): 311/533 kB
Progress (1): 328/533 kB
Progress (1): 344/533 kB
Progress (1): 360/533 kB
Progress (1): 377/533 kB
Progress (1): 393/533 kB
Progress (1): 410/533 kB
Progress (1): 426/533 kB
Progress (1): 442/533 kB
Progress (1): 459/533 kB
Progress (1): 475/533 kB
Progress (1): 492/533 kB
Progress (1): 508/533 kB
Progress (1): 524/533 kB
Progress (1): 533 kB    
Progress (2): 533 kB | 7.8/58 kB
Progress (2): 533 kB | 12/58 kB 
Progress (2): 533 kB | 13/58 kB
Progress (2): 533 kB | 24/58 kB
Progress (2): 533 kB | 41/58 kB
Progress (2): 533 kB | 47/58 kB
Progress (2): 533 kB | 58 kB   
                            
Downloaded from central: https://repo1.maven.org/maven2/dnsjava/dnsjava/3.5.1/dnsjava-3.5.1.jar (533 kB at 258 kB/s)
Downloaded from central: https://repo1.maven.org/maven2/org/burningwave/tools/0.25.4/tools-0.25.4.jar (58 kB at 28 kB/s)
Downloading from apache.snapshots: https://repository.apache.org/snapshots/org/apache/zookeeper/zookeeper-jute/3.10.0-SNAPSHOT/zookeeper-jute-3.10.0-SNAPSHOT.jar
[INFO] ------------------------------------------------------------------------
[INFO] BUILD FAILURE
[INFO] ------------------------------------------------------------------------
[INFO] Total time:  19.041 s
[INFO] Finished at: 2026-02-24T21:25:23-05:00
[INFO] ------------------------------------------------------------------------
[ERROR] Failed to execute goal on project zookeeper: Could not resolve dependencies for project org.apache.zookeeper:zookeeper:jar:3.10.0-SNAPSHOT
[ERROR] dependency: org.apache.zookeeper:zookeeper-jute:jar:3.10.0-SNAPSHOT (compile)
[ERROR] 	Could not find artifact org.apache.zookeeper:zookeeper-jute:jar:3.10.0-SNAPSHOT in apache.snapshots (https://repository.apache.org/snapshots)
[ERROR] 
[ERROR] -> [Help 1]
[ERROR] 
[ERROR] To see the full stack trace of the errors, re-run Maven with the -e switch.
[ERROR] Re-run Maven using the -X switch to enable full debug logging.
[ERROR] 
[ERROR] For more information about the errors and possible solutions, please read the following articles:
[ERROR] [Help 1] http://cwiki.apache.org/confluence/display/MAVEN/DependencyResolutionException

STDERR:
