COMMAND: mvn.cmd -s D:\Khedma\Mr wiem\mutation-test-pipeline\.mvn\settings.xml -DskipTests compile

STDOUT:
[INFO] Scanning for projects...
[INFO] 
[INFO] -------------------< org.apache.openjpa:openjpa-lib >-------------------
[INFO] Building OpenJPA Utilities Library 4.1.2-SNAPSHOT
[INFO]   from pom.xml
[INFO] --------------------------------[ jar ]---------------------------------
Downloading from central: https://repo1.maven.org/maven2/org/apache/maven/plugins/maven-enforcer-plugin/3.5.0/maven-enforcer-plugin-3.5.0.pom
Progress (1): 810 B
Progress (1): 2.3 kB
Progress (1): 4.9 kB
Progress (1): 7.5 kB
Progress (1): 8.1 kB
                    
Downloaded from central: https://repo1.maven.org/maven2/org/apache/maven/plugins/maven-enforcer-plugin/3.5.0/maven-enforcer-plugin-3.5.0.pom (8.1 kB at 32 kB/s)
Downloading from central: https://repo1.maven.org/maven2/org/apache/maven/enforcer/enforcer/3.5.0/enforcer-3.5.0.pom
Progress (1): 807 B
Progress (1): 1.9 kB
Progress (1): 3.5 kB
Progress (1): 8.4 kB
Progress (1): 9.3 kB
                    
Downloaded from central: https://repo1.maven.org/maven2/org/apache/maven/enforcer/enforcer/3.5.0/enforcer-3.5.0.pom (9.3 kB at 160 kB/s)
Downloading from central: https://repo1.maven.org/maven2/org/apache/maven/plugins/maven-enforcer-plugin/3.5.0/maven-enforcer-plugin-3.5.0.jar
Progress (1): 0.9/39 kB
Progress (1): 2.3/39 kB
Progress (1): 3.7/39 kB
Progress (1): 5.0/39 kB
Progress (1): 6.4/39 kB
Progress (1): 7.8/39 kB
Progress (1): 8.2/39 kB
Progress (1): 9.6/39 kB
Progress (1): 11/39 kB 
Progress (1): 12/39 kB
Progress (1): 14/39 kB
Progress (1): 15/39 kB
Progress (1): 16/39 kB
Progress (1): 18/39 kB
Progress (1): 19/39 kB
Progress (1): 21/39 kB
Progress (1): 22/39 kB
Progress (1): 23/39 kB
Progress (1): 25/39 kB
Progress (1): 26/39 kB
Progress (1): 27/39 kB
Progress (1): 29/39 kB
Progress (1): 30/39 kB
Progress (1): 31/39 kB
Progress (1): 33/39 kB
Progress (1): 34/39 kB
Progress (1): 36/39 kB
Progress (1): 37/39 kB
Progress (1): 38/39 kB
Progress (1): 39 kB   
                   
Downloaded from central: https://repo1.maven.org/maven2/org/apache/maven/plugins/maven-enforcer-plugin/3.5.0/maven-enforcer-plugin-3.5.0.jar (39 kB at 585 kB/s)
Downloading from central: https://repo1.maven.org/maven2/org/apache/maven/plugins/maven-jar-plugin/3.4.2/maven-jar-plugin-3.4.2.pom
Progress (1): 782 B
Progress (1): 1.8 kB
Progress (1): 4.0 kB
Progress (1): 6.8 kB
Progress (1): 7.7 kB
                    
Downloaded from central: https://repo1.maven.org/maven2/org/apache/maven/plugins/maven-jar-plugin/3.4.2/maven-jar-plugin-3.4.2.pom (7.7 kB at 124 kB/s)
Downloading from central: https://repo1.maven.org/maven2/org/apache/maven/plugins/maven-jar-plugin/3.4.2/maven-jar-plugin-3.4.2.jar
Progress (1): 0.9/34 kB
Progress (1): 2.3/34 kB
Progress (1): 3.7/34 kB
Progress (1): 7.9/34 kB
Progress (1): 12/34 kB 
Progress (1): 16/34 kB
Progress (1): 20/34 kB
Progress (1): 24/34 kB
Progress (1): 29/34 kB
Progress (1): 33/34 kB
Progress (1): 34 kB   
                   
Downloaded from central: https://repo1.maven.org/maven2/org/apache/maven/plugins/maven-jar-plugin/3.4.2/maven-jar-plugin-3.4.2.jar (34 kB at 694 kB/s)
Downloading from central: https://repo1.maven.org/maven2/org/codehaus/mojo/buildnumber-maven-plugin/3.2.1/buildnumber-maven-plugin-3.2.1.pom
Progress (1): 952 B
Progress (1): 2.9 kB
Progress (1): 7.2 kB
Progress (1): 10 kB 
Progress (1): 12 kB
                   
Downloaded from central: https://repo1.maven.org/maven2/org/codehaus/mojo/buildnumber-maven-plugin/3.2.1/buildnumber-maven-plugin-3.2.1.pom (12 kB at 162 kB/s)
Downloading from central: https://repo1.maven.org/maven2/org/codehaus/mojo/mojo-parent/85/mojo-parent-85.pom
Progress (1): 714 B
Progress (1): 2.5 kB
Progress (1): 5.8 kB
Progress (1): 7.6 kB
Progress (1): 11 kB 
Progress (1): 13 kB
Progress (1): 18 kB
Progress (1): 19 kB
Progress (1): 25 kB
Progress (1): 27 kB
Progress (1): 30 kB
Progress (1): 34 kB
Progress (1): 37 kB
                   
Downloaded from central: https://repo1.maven.org/maven2/org/codehaus/mojo/mojo-parent/85/mojo-parent-85.pom (37 kB at 443 kB/s)
Downloading from central: https://repo1.maven.org/maven2/org/codehaus/mojo/buildnumber-maven-plugin/3.2.1/buildnumber-maven-plugin-3.2.1.jar
Progress (1): 3.8/46 kB
Progress (1): 8.0/46 kB
Progress (1): 12/46 kB 
Progress (1): 16/46 kB
Progress (1): 21/46 kB
Progress (1): 24/46 kB
Progress (1): 28/46 kB
Progress (1): 33/46 kB
Progress (1): 37/46 kB
Progress (1): 41/46 kB
Progress (1): 45/46 kB
Progress (1): 46 kB   
                   
Downloaded from central: https://repo1.maven.org/maven2/org/codehaus/mojo/buildnumber-maven-plugin/3.2.1/buildnumber-maven-plugin-3.2.1.jar (46 kB at 601 kB/s)
Downloading from central: https://repo1.maven.org/maven2/org/apache/maven/plugins/maven-checkstyle-plugin/3.6.0/maven-checkstyle-plugin-3.6.0.pom
Progress (1): 743 B
Progress (1): 2.2 kB
Progress (1): 4.8 kB
Progress (1): 9.5 kB
Progress (1): 12 kB 
Progress (1): 15 kB
                   
Downloaded from central: https://repo1.maven.org/maven2/org/apache/maven/plugins/maven-checkstyle-plugin/3.6.0/maven-checkstyle-plugin-3.6.0.pom (15 kB at 244 kB/s)
Downloading from central: https://repo1.maven.org/maven2/org/apache/maven/plugins/maven-checkstyle-plugin/3.6.0/maven-checkstyle-plugin-3.6.0.jar
Progress (1): 3.8/100 kB
Progress (1): 8.0/100 kB
Progress (1): 12/100 kB 
Progress (1): 16/100 kB
Progress (1): 21/100 kB
Progress (1): 25/100 kB
Progress (1): 29/100 kB
Progress (1): 33/100 kB
Progress (1): 38/100 kB
Progress (1): 42/100 kB
Progress (1): 46/100 kB
Progress (1): 50/100 kB
Progress (1): 55/100 kB
Progress (1): 71/100 kB
Progress (1): 87/100 kB
Progress (1): 100 kB   
                    
Downloaded from central: https://repo1.maven.org/maven2/org/apache/maven/plugins/maven-checkstyle-plugin/3.6.0/maven-checkstyle-plugin-3.6.0.jar (100 kB at 1.7 MB/s)
Downloading from central: https://repo1.maven.org/maven2/org/apache/maven/plugins/maven-compiler-plugin/3.14.0/maven-compiler-plugin-3.14.0.pom
Progress (1): 758 B
Progress (1): 2.3 kB
Progress (1): 5.2 kB
Progress (1): 8.3 kB
Progress (1): 9.5 kB
                    
Downloaded from central: https://repo1.maven.org/maven2/org/apache/maven/plugins/maven-compiler-plugin/3.14.0/maven-compiler-plugin-3.14.0.pom (9.5 kB at 149 kB/s)
Downloading from central: https://repo1.maven.org/maven2/org/apache/maven/plugins/maven-compiler-plugin/3.14.0/maven-compiler-plugin-3.14.0.jar
Progress (1): 7.7/83 kB
Progress (1): 16/83 kB 
Progress (1): 32/83 kB
Progress (1): 49/83 kB
Progress (1): 65/83 kB
Progress (1): 81/83 kB
Progress (1): 83 kB   
                   
Downloaded from central: https://repo1.maven.org/maven2/org/apache/maven/plugins/maven-compiler-plugin/3.14.0/maven-compiler-plugin-3.14.0.jar (83 kB at 1.8 MB/s)
Downloading from central: https://repo1.maven.org/maven2/jakarta-regexp/jakarta-regexp/1.4/jakarta-regexp-1.4.pom
Progress (1): 160 B
                   
Downloaded from central: https://repo1.maven.org/maven2/jakarta-regexp/jakarta-regexp/1.4/jakarta-regexp-1.4.pom (160 B at 3.9 kB/s)
Downloading from central: https://repo1.maven.org/maven2/org/apache/logging/log4j/log4j-core/2.23.1/log4j-core-2.23.1.pom
Progress (1): 794 B
Progress (1): 2.4 kB
Progress (1): 6.9 kB
Progress (1): 9.6 kB
Progress (1): 9.7 kB
                    
Downloaded from central: https://repo1.maven.org/maven2/org/apache/logging/log4j/log4j-core/2.23.1/log4j-core-2.23.1.pom (9.7 kB at 148 kB/s)
Downloading from central: https://repo1.maven.org/maven2/org/apache/logging/log4j/log4j/2.23.1/log4j-2.23.1.pom
Progress (1): 721 B
Progress (1): 2.1 kB
Progress (1): 4.0 kB
Progress (1): 5.9 kB
Progress (1): 10 kB 
Progress (1): 16 kB
Progress (1): 24 kB
Progress (1): 31 kB
Progress (1): 35 kB
Progress (1): 37 kB
                   
Downloaded from central: https://repo1.maven.org/maven2/org/apache/logging/log4j/log4j/2.23.1/log4j-2.23.1.pom (37 kB at 613 kB/s)
Downloading from central: https://repo1.maven.org/maven2/org/apache/logging/log4j/log4j-bom/2.23.1/log4j-bom-2.23.1.pom
Progress (1): 792 B
Progress (1): 2.2 kB
Progress (1): 5.7 kB
Progress (1): 12 kB 
Progress (1): 12 kB
                   
Downloaded from central: https://repo1.maven.org/maven2/org/apache/logging/log4j/log4j-bom/2.23.1/log4j-bom-2.23.1.pom (12 kB at 197 kB/s)
Downloading from central: https://repo1.maven.org/maven2/org/apache/logging/logging-parent/10.6.0/logging-parent-10.6.0.pom
Progress (1): 739 B
Progress (1): 2.2 kB
Progress (1): 4.7 kB
Progress (1): 6.5 kB
Progress (1): 8.4 kB
Progress (1): 11 kB 
Progress (1): 15 kB
Progress (1): 18 kB
Progress (1): 20 kB
Progress (1): 24 kB
Progress (1): 30 kB
Progress (1): 32 kB
Progress (1): 33 kB
Progress (1): 35 kB
Progress (1): 39 kB
Progress (1): 39 kB
Progress (1): 42 kB
Progress (1): 44 kB
Progress (1): 47 kB
Progress (1): 51 kB
Progress (1): 54 kB
                   
Downloaded from central: https://repo1.maven.org/maven2/org/apache/logging/logging-parent/10.6.0/logging-parent-10.6.0.pom (54 kB at 796 kB/s)
Downloading from central: https://repo1.maven.org/maven2/org/codehaus/groovy/groovy-bom/3.0.21/groovy-bom-3.0.21.pom
Progress (1): 959 B
Progress (1): 4.4 kB
Progress (1): 8.1 kB
Progress (1): 12 kB 
Progress (1): 15 kB
Progress (1): 19 kB
Progress (1): 23 kB
Progress (1): 26 kB
                   
Downloaded from central: https://repo1.maven.org/maven2/org/codehaus/groovy/groovy-bom/3.0.21/groovy-bom-3.0.21.pom (26 kB at 441 kB/s)
Downloading from central: https://repo1.maven.org/maven2/com/fasterxml/jackson/jackson-bom/2.16.1/jackson-bom-2.16.1.pom
Progress (1): 931 B
Progress (1): 2.7 kB
Progress (1): 8.1 kB
Progress (1): 17 kB 
Progress (1): 18 kB
                   
Downloaded from central: https://repo1.maven.org/maven2/com/fasterxml/jackson/jackson-bom/2.16.1/jackson-bom-2.16.1.pom (18 kB at 294 kB/s)
Downloading from central: https://repo1.maven.org/maven2/com/fasterxml/jackson/jackson-parent/2.16/jackson-parent-2.16.pom
Progress (1): 1.1 kB
Progress (1): 2.5 kB
Progress (1): 4.0 kB
Progress (1): 6.5 kB
                    
Downloaded from central: https://repo1.maven.org/maven2/com/fasterxml/jackson/jackson-parent/2.16/jackson-parent-2.16.pom (6.5 kB at 121 kB/s)
Downloading from central: https://repo1.maven.org/maven2/org/eclipse/jetty/jetty-bom/9.4.54.v20240208/jetty-bom-9.4.54.v20240208.pom
Progress (1): 1.1 kB
Progress (1): 4.8 kB
Progress (1): 8.2 kB
Progress (1): 18 kB 
                   
Downloaded from central: https://repo1.maven.org/maven2/org/eclipse/jetty/jetty-bom/9.4.54.v20240208/jetty-bom-9.4.54.v20240208.pom (18 kB at 280 kB/s)
Downloading from central: https://repo1.maven.org/maven2/io/fabric8/kubernetes-client-bom/5.12.4/kubernetes-client-bom-5.12.4.pom
Progress (1): 1.2 kB
Progress (1): 13 kB 
Progress (1): 26 kB
                   
Downloaded from central: https://repo1.maven.org/maven2/io/fabric8/kubernetes-client-bom/5.12.4/kubernetes-client-bom-5.12.4.pom (26 kB at 401 kB/s)
Downloading from central: https://repo1.maven.org/maven2/io/netty/netty-bom/4.1.107.Final/netty-bom-4.1.107.Final.pom
Progress (1): 786 B
Progress (1): 2.4 kB
Progress (1): 12 kB 
Progress (1): 14 kB
                   
Downloaded from central: https://repo1.maven.org/maven2/io/netty/netty-bom/4.1.107.Final/netty-bom-4.1.107.Final.pom (14 kB at 202 kB/s)
Downloading from central: https://repo1.maven.org/maven2/org/springframework/spring-framework-bom/5.3.32/spring-framework-bom-5.3.32.pom
Progress (1): 974 B
Progress (1): 5.7 kB
                    
Downloaded from central: https://repo1.maven.org/maven2/org/springframework/spring-framework-bom/5.3.32/spring-framework-bom-5.3.32.pom (5.7 kB at 103 kB/s)
Downloading from central: https://repo1.maven.org/maven2/org/apache/logging/log4j/log4j-api/2.23.1/log4j-api-2.23.1.pom
Progress (1): 823 B
Progress (1): 2.4 kB
Progress (1): 3.8 kB
                    
Downloaded from central: https://repo1.maven.org/maven2/org/apache/logging/log4j/log4j-api/2.23.1/log4j-api-2.23.1.pom (3.8 kB at 64 kB/s)
Downloading from central: https://repo1.maven.org/maven2/org/apache/logging/log4j/log4j-1.2-api/2.23.1/log4j-1.2-api-2.23.1.pom
Progress (1): 817 B
Progress (1): 2.6 kB
Progress (1): 5.7 kB
                    
Downloaded from central: https://repo1.maven.org/maven2/org/apache/logging/log4j/log4j-1.2-api/2.23.1/log4j-1.2-api-2.23.1.pom (5.7 kB at 96 kB/s)
Downloading from central: https://repo1.maven.org/maven2/org/apache/ant/ant/1.10.15/ant-1.10.15.pom
Progress (1): 773 B
Progress (1): 2.5 kB
Progress (1): 5.1 kB
Progress (1): 8.9 kB
Progress (1): 12 kB 
Progress (1): 15 kB
Progress (1): 17 kB
                   
Downloaded from central: https://repo1.maven.org/maven2/org/apache/ant/ant/1.10.15/ant-1.10.15.pom (17 kB at 275 kB/s)
Downloading from central: https://repo1.maven.org/maven2/org/apache/ant/ant-parent/1.10.15/ant-parent-1.10.15.pom
Progress (1): 788 B
Progress (1): 2.2 kB
Progress (1): 4.6 kB
Progress (1): 6.6 kB
                    
Downloaded from central: https://repo1.maven.org/maven2/org/apache/ant/ant-parent/1.10.15/ant-parent-1.10.15.pom (6.6 kB at 126 kB/s)
Downloading from central: https://repo1.maven.org/maven2/org/apache/ant/ant-launcher/1.10.15/ant-launcher-1.10.15.pom
Progress (1): 816 B
Progress (1): 2.5 kB
Progress (1): 3.2 kB
                    
Downloaded from central: https://repo1.maven.org/maven2/org/apache/ant/ant-launcher/1.10.15/ant-launcher-1.10.15.pom (3.2 kB at 55 kB/s)
Downloading from central: https://repo1.maven.org/maven2/org/apache/xbean/xbean-asm9-shaded/4.28/xbean-asm9-shaded-4.28.pom
Progress (1): 1.1 kB
Progress (1): 3.9 kB
Progress (1): 4.3 kB
                    
Downloaded from central: https://repo1.maven.org/maven2/org/apache/xbean/xbean-asm9-shaded/4.28/xbean-asm9-shaded-4.28.pom (4.3 kB at 50 kB/s)
Downloading from central: https://repo1.maven.org/maven2/org/apache/xbean/xbean/4.28/xbean-4.28.pom
Progress (1): 894 B
Progress (1): 2.2 kB
Progress (1): 4.8 kB
Progress (1): 11 kB 
Progress (1): 14 kB
Progress (1): 17 kB
Progress (1): 19 kB
                   
Downloaded from central: https://repo1.maven.org/maven2/org/apache/xbean/xbean/4.28/xbean-4.28.pom (19 kB at 239 kB/s)
Downloading from central: https://repo1.maven.org/maven2/org/apache/geronimo/genesis/genesis-java8-flava/2.3/genesis-java8-flava-2.3.pom
Progress (1): 831 B
Progress (1): 3.2 kB
Progress (1): 5.5 kB
                    
Downloaded from central: https://repo1.maven.org/maven2/org/apache/geronimo/genesis/genesis-java8-flava/2.3/genesis-java8-flava-2.3.pom (5.5 kB at 82 kB/s)
Downloading from central: https://repo1.maven.org/maven2/org/apache/geronimo/genesis/genesis-default-flava/2.3/genesis-default-flava-2.3.pom
Progress (1): 797 B
Progress (1): 2.1 kB
Progress (1): 6.0 kB
Progress (1): 9.7 kB
Progress (1): 14 kB 
Progress (1): 15 kB
                   
Downloaded from central: https://repo1.maven.org/maven2/org/apache/geronimo/genesis/genesis-default-flava/2.3/genesis-default-flava-2.3.pom (15 kB at 251 kB/s)
Downloading from central: https://repo1.maven.org/maven2/org/apache/geronimo/genesis/genesis/2.3/genesis-2.3.pom
Progress (1): 801 B
Progress (1): 2.2 kB
Progress (1): 4.6 kB
Progress (1): 9.4 kB
Progress (1): 14 kB 
Progress (1): 16 kB
                   
Downloaded from central: https://repo1.maven.org/maven2/org/apache/geronimo/genesis/genesis/2.3/genesis-2.3.pom (16 kB at 322 kB/s)
Downloading from central: https://repo1.maven.org/maven2/jakarta/validation/jakarta.validation-api/3.0.2/jakarta.validation-api-3.0.2.pom
Progress (1): 1.0 kB
Progress (1): 3.7 kB
Progress (1): 6.2 kB
Progress (1): 9.4 kB
Progress (1): 11 kB 
                   
Downloaded from central: https://repo1.maven.org/maven2/jakarta/validation/jakarta.validation-api/3.0.2/jakarta.validation-api-3.0.2.pom (11 kB at 164 kB/s)
Downloading from central: https://repo1.maven.org/maven2/org/apache/commons/commons-dbcp2/2.13.0/commons-dbcp2-2.13.0.pom
Progress (1): 765 B
Progress (1): 2.1 kB
Progress (1): 5.3 kB
Progress (1): 7.3 kB
Progress (1): 9.2 kB
Progress (1): 12 kB 
Progress (1): 15 kB
Progress (1): 17 kB
Progress (1): 18 kB
                   
Downloaded from central: https://repo1.maven.org/maven2/org/apache/commons/commons-dbcp2/2.13.0/commons-dbcp2-2.13.0.pom (18 kB at 286 kB/s)
Downloading from central: https://repo1.maven.org/maven2/org/apache/commons/commons-parent/78/commons-parent-78.pom
Progress (1): 701 B
Progress (1): 1.9 kB
Progress (1): 3.2 kB
Progress (1): 4.7 kB
Progress (1): 6.7 kB
Progress (1): 8.5 kB
Progress (1): 9.9 kB
Progress (1): 13 kB 
Progress (1): 14 kB
Progress (1): 16 kB
Progress (1): 18 kB
Progress (1): 21 kB
Progress (1): 24 kB
Progress (1): 27 kB
Progress (1): 30 kB
Progress (1): 31 kB
Progress (1): 34 kB
Progress (1): 39 kB
Progress (1): 42 kB
Progress (1): 45 kB
Progress (1): 48 kB
Progress (1): 50 kB
Progress (1): 53 kB
Progress (1): 57 kB
Progress (1): 59 kB
Progress (1): 63 kB
Progress (1): 66 kB
Progress (1): 70 kB
Progress (1): 72 kB
Progress (1): 75 kB
Progress (1): 77 kB
Progress (1): 78 kB
                   
Downloaded from central: https://repo1.maven.org/maven2/org/apache/commons/commons-parent/78/commons-parent-78.pom (78 kB at 1.2 MB/s)
Downloading from central: https://repo1.maven.org/maven2/org/junit/junit-bom/5.11.2/junit-bom-5.11.2.pom
Progress (1): 908 B
Progress (1): 4.1 kB
Progress (1): 5.6 kB
                    
Downloaded from central: https://repo1.maven.org/maven2/org/junit/junit-bom/5.11.2/junit-bom-5.11.2.pom (5.6 kB at 103 kB/s)
Downloading from central: https://repo1.maven.org/maven2/org/apache/commons/commons-pool2/2.12.1/commons-pool2-2.12.1.pom
Progress (1): 772 B
Progress (1): 2.4 kB
Progress (1): 4.3 kB
Progress (1): 6.1 kB
Progress (1): 8.8 kB
Progress (1): 13 kB 
Progress (1): 15 kB
Progress (1): 16 kB
                   
Downloaded from central: https://repo1.maven.org/maven2/org/apache/commons/commons-pool2/2.12.1/commons-pool2-2.12.1.pom (16 kB at 292 kB/s)
Downloading from central: https://repo1.maven.org/maven2/org/apache/commons/commons-parent/79/commons-parent-79.pom
Progress (1): 702 B
Progress (1): 1.9 kB
Progress (1): 3.2 kB
Progress (1): 4.7 kB
Progress (1): 6.9 kB
Progress (1): 9.4 kB
Progress (1): 11 kB 
Progress (1): 13 kB
Progress (1): 15 kB
Progress (1): 18 kB
Progress (1): 21 kB
Progress (1): 23 kB
Progress (1): 25 kB
Progress (1): 28 kB
Progress (1): 32 kB
Progress (1): 32 kB
Progress (1): 38 kB
Progress (1): 41 kB
Progress (1): 44 kB
Progress (1): 47 kB
Progress (1): 50 kB
Progress (1): 52 kB
Progress (1): 56 kB
Progress (1): 58 kB
Progress (1): 61 kB
Progress (1): 65 kB
Progress (1): 68 kB
Progress (1): 71 kB
Progress (1): 73 kB
Progress (1): 76 kB
Progress (1): 77 kB
                   
Downloaded from central: https://repo1.maven.org/maven2/org/apache/commons/commons-parent/79/commons-parent-79.pom (77 kB at 1.3 MB/s)
Downloading from central: https://repo1.maven.org/maven2/jakarta/transaction/jakarta.transaction-api/2.0.1/jakarta.transaction-api-2.0.1.pom
Progress (1): 827 B
Progress (1): 2.6 kB
Progress (1): 4.6 kB
Progress (1): 7.7 kB
Progress (1): 11 kB 
Progress (1): 14 kB
                   
Downloaded from central: https://repo1.maven.org/maven2/jakarta/transaction/jakarta.transaction-api/2.0.1/jakarta.transaction-api-2.0.1.pom (14 kB at 248 kB/s)
Downloading from central: https://repo1.maven.org/maven2/org/apache/derby/derby/10.15.2.0/derby-10.15.2.0.pom
Progress (1): 833 B
Progress (1): 2.5 kB
Progress (1): 2.5 kB
                    
Downloaded from central: https://repo1.maven.org/maven2/org/apache/derby/derby/10.15.2.0/derby-10.15.2.0.pom (2.5 kB at 34 kB/s)
Downloading from central: https://repo1.maven.org/maven2/org/apache/derby/derby-project/10.15.2.0/derby-project-10.15.2.0.pom
Progress (1): 795 B
Progress (1): 2.3 kB
Progress (1): 4.7 kB
Progress (1): 5.9 kB
Progress (1): 6.0 kB
                    
Downloaded from central: https://repo1.maven.org/maven2/org/apache/derby/derby-project/10.15.2.0/derby-project-10.15.2.0.pom (6.0 kB at 74 kB/s)
Downloading from central: https://repo1.maven.org/maven2/org/apache/derby/derbyshared/10.15.2.0/derbyshared-10.15.2.0.pom
Progress (1): 835 B
Progress (1): 2.2 kB
                    
Downloaded from central: https://repo1.maven.org/maven2/org/apache/derby/derbyshared/10.15.2.0/derbyshared-10.15.2.0.pom (2.2 kB at 33 kB/s)
Downloading from central: https://repo1.maven.org/maven2/org/apache/derby/derbytools/10.15.2.0/derbytools-10.15.2.0.pom
Progress (1): 835 B
Progress (1): 2.4 kB
                    
Downloaded from central: https://repo1.maven.org/maven2/org/apache/derby/derbytools/10.15.2.0/derbytools-10.15.2.0.pom (2.4 kB at 30 kB/s)
Downloading from central: https://repo1.maven.org/maven2/jakarta-regexp/jakarta-regexp/1.4/jakarta-regexp-1.4.jar
Downloading from central: https://repo1.maven.org/maven2/org/apache/logging/log4j/log4j-core/2.23.1/log4j-core-2.23.1.jar
Downloading from central: https://repo1.maven.org/maven2/org/apache/logging/log4j/log4j-api/2.23.1/log4j-api-2.23.1.jar
Downloading from central: https://repo1.maven.org/maven2/org/apache/logging/log4j/log4j-1.2-api/2.23.1/log4j-1.2-api-2.23.1.jar
Downloading from central: https://repo1.maven.org/maven2/org/apache/ant/ant/1.10.15/ant-1.10.15.jar
Progress (1): 7.7/29 kB
Progress (1): 8.2/29 kB
Progress (1): 25/29 kB 
Progress (1): 29 kB   
                   
Downloaded from central: https://repo1.maven.org/maven2/jakarta-regexp/jakarta-regexp/1.4/jakarta-regexp-1.4.jar (29 kB at 493 kB/s)
Downloading from central: https://repo1.maven.org/maven2/org/apache/ant/ant-launcher/1.10.15/ant-launcher-1.10.15.jar
Progress (1): 0/2.3 MB
Progress (1): 0/2.3 MB
Progress (1): 0/2.3 MB
Progress (1): 0/2.3 MB
Progress (1): 0/2.3 MB
Progress (1): 0/2.3 MB
Progress (1): 0/2.3 MB
Progress (1): 0/2.3 MB
Progress (1): 0/2.3 MB
Progress (1): 0/2.3 MB
Progress (1): 0/2.3 MB
Progress (1): 0/2.3 MB
Progress (1): 0/2.3 MB
Progress (1): 0/2.3 MB
Progress (1): 0/2.3 MB
Progress (1): 0/2.3 MB
Progress (1): 0/2.3 MB
Progress (1): 0/2.3 MB
Progress (1): 0/2.3 MB
Progress (1): 0/2.3 MB
Progress (1): 0/2.3 MB
Progress (1): 0/2.3 MB
Progress (1): 0/2.3 MB
Progress (1): 0/2.3 MB
Progress (1): 0/2.3 MB
Progress (1): 0/2.3 MB
Progress (1): 0/2.3 MB
Progress (1): 0/2.3 MB
Progress (1): 0/2.3 MB
Progress (1): 0/2.3 MB
Progress (1): 0/2.3 MB
Progress (1): 0/2.3 MB
Progress (1): 0/2.3 MB
Progress (1): 0/2.3 MB
Progress (1): 0/2.3 MB
Progress (1): 0/2.3 MB
Progress (1): 0/2.3 MB
Progress (1): 0.1/2.3 MB
Progress (1): 0.1/2.3 MB
Progress (1): 0.1/2.3 MB
Progress (1): 0.1/2.3 MB
Progress (1): 0.1/2.3 MB
Progress (2): 0.1/2.3 MB | 0.9/343 kB
Progress (2): 0.1/2.3 MB | 2.3/343 kB
Progress (2): 0.1/2.3 MB | 3.7/343 kB
Progress (2): 0.1/2.3 MB | 5.0/343 kB
Progress (2): 0.1/2.3 MB | 6.4/343 kB
Progress (2): 0.1/2.3 MB | 7.8/343 kB
Progress (3): 0.1/2.3 MB | 7.8/343 kB | 0/1.9 MB
Progress (3): 0.1/2.3 MB | 9.1/343 kB | 0/1.9 MB
Progress (3): 0.1/2.3 MB | 11/343 kB | 0/1.9 MB 
Progress (3): 0.1/2.3 MB | 11/343 kB | 0/1.9 MB
Progress (3): 0.1/2.3 MB | 12/343 kB | 0/1.9 MB
Progress (3): 0.1/2.3 MB | 12/343 kB | 0/1.9 MB
Progress (3): 0.1/2.3 MB | 13/343 kB | 0/1.9 MB
Progress (3): 0.1/2.3 MB | 15/343 kB | 0/1.9 MB
Progress (3): 0.1/2.3 MB | 15/343 kB | 0/1.9 MB
Progress (3): 0.1/2.3 MB | 16/343 kB | 0/1.9 MB
Progress (3): 0.1/2.3 MB | 16/343 kB | 0/1.9 MB
Progress (3): 0.1/2.3 MB | 16/343 kB | 0/1.9 MB
Progress (3): 0.1/2.3 MB | 17/343 kB | 0/1.9 MB
Progress (3): 0.1/2.3 MB | 17/343 kB | 0/1.9 MB
Progress (3): 0.1/2.3 MB | 19/343 kB | 0/1.9 MB
Progress (3): 0.1/2.3 MB | 19/343 kB | 0/1.9 MB
Progress (3): 0.1/2.3 MB | 20/343 kB | 0/1.9 MB
Progress (3): 0.1/2.3 MB | 20/343 kB | 0/1.9 MB
Progress (3): 0.1/2.3 MB | 20/343 kB | 0/1.9 MB
Progress (3): 0.1/2.3 MB | 21/343 kB | 0/1.9 MB
Progress (3): 0.1/2.3 MB | 21/343 kB | 0/1.9 MB
Progress (3): 0.1/2.3 MB | 23/343 kB | 0/1.9 MB
Progress (3): 0.1/2.3 MB | 23/343 kB | 0/1.9 MB
Progress (3): 0.1/2.3 MB | 24/343 kB | 0/1.9 MB
Progress (3): 0.1/2.3 MB | 24/343 kB | 0/1.9 MB
Progress (3): 0.1/2.3 MB | 24/343 kB | 0/1.9 MB
Progress (3): 0.1/2.3 MB | 26/343 kB | 0/1.9 MB
Progress (3): 0.1/2.3 MB | 26/343 kB | 0/1.9 MB
Progress (3): 0.1/2.3 MB | 27/343 kB | 0/1.9 MB
Progress (3): 0.1/2.3 MB | 27/343 kB | 0/1.9 MB
Progress (3): 0.1/2.3 MB | 28/343 kB | 0/1.9 MB
Progress (3): 0.1/2.3 MB | 28/343 kB | 0/1.9 MB
Progress (3): 0.1/2.3 MB | 30/343 kB | 0/1.9 MB
Progress (3): 0.1/2.3 MB | 30/343 kB | 0/1.9 MB
Progress (3): 0.1/2.3 MB | 31/343 kB | 0/1.9 MB
Progress (3): 0.1/2.3 MB | 31/343 kB | 0/1.9 MB
Progress (3): 0.1/2.3 MB | 32/343 kB | 0/1.9 MB
Progress (3): 0.1/2.3 MB | 32/343 kB | 0/1.9 MB
Progress (3): 0.1/2.3 MB | 32/343 kB | 0/1.9 MB
Progress (3): 0.1/2.3 MB | 34/343 kB | 0/1.9 MB
Progress (3): 0.1/2.3 MB | 34/343 kB | 0/1.9 MB
Progress (3): 0.1/2.3 MB | 35/343 kB | 0/1.9 MB
Progress (3): 0.1/2.3 MB | 37/343 kB | 0/1.9 MB
Progress (3): 0.1/2.3 MB | 37/343 kB | 0/1.9 MB
Progress (3): 0.1/2.3 MB | 38/343 kB | 0/1.9 MB
Progress (3): 0.1/2.3 MB | 38/343 kB | 0/1.9 MB
Progress (3): 0.1/2.3 MB | 39/343 kB | 0/1.9 MB
Progress (3): 0.1/2.3 MB | 39/343 kB | 0/1.9 MB
Progress (3): 0.1/2.3 MB | 41/343 kB | 0/1.9 MB
Progress (3): 0.1/2.3 MB | 42/343 kB | 0/1.9 MB
Progress (3): 0.1/2.3 MB | 42/343 kB | 0/1.9 MB
Progress (3): 0.1/2.3 MB | 43/343 kB | 0/1.9 MB
Progress (4): 0.1/2.3 MB | 43/343 kB | 0/1.9 MB | 7.7/19 kB
Progress (4): 0.1/2.3 MB | 43/343 kB | 0/1.9 MB | 7.7/19 kB
Progress (4): 0.1/2.3 MB | 45/343 kB | 0/1.9 MB | 7.7/19 kB
Progress (4): 0.1/2.3 MB | 45/343 kB | 0/1.9 MB | 7.7/19 kB
Progress (4): 0.1/2.3 MB | 46/343 kB | 0/1.9 MB | 7.7/19 kB
Progress (4): 0.1/2.3 MB | 46/343 kB | 0/1.9 MB | 7.7/19 kB
Progress (4): 0.1/2.3 MB | 47/343 kB | 0/1.9 MB | 7.7/19 kB
Progress (4): 0.1/2.3 MB | 47/343 kB | 0/1.9 MB | 7.7/19 kB
Progress (4): 0.1/2.3 MB | 49/343 kB | 0/1.9 MB | 7.7/19 kB
Progress (4): 0.1/2.3 MB | 49/343 kB | 0/1.9 MB | 7.7/19 kB
Progress (4): 0.1/2.3 MB | 50/343 kB | 0/1.9 MB | 7.7/19 kB
Progress (4): 0.1/2.3 MB | 50/343 kB | 0/1.9 MB | 7.7/19 kB
Progress (4): 0.1/2.3 MB | 52/343 kB | 0/1.9 MB | 7.7/19 kB
Progress (4): 0.1/2.3 MB | 52/343 kB | 0/1.9 MB | 7.7/19 kB
Progress (4): 0.1/2.3 MB | 53/343 kB | 0/1.9 MB | 7.7/19 kB
Progress (4): 0.1/2.3 MB | 53/343 kB | 0/1.9 MB | 7.7/19 kB
Progress (4): 0.1/2.3 MB | 53/343 kB | 0/1.9 MB | 16/19 kB 
Progress (4): 0.1/2.3 MB | 54/343 kB | 0/1.9 MB | 16/19 kB
Progress (4): 0.1/2.3 MB | 54/343 kB | 0/1.9 MB | 16/19 kB
Progress (4): 0.1/2.3 MB | 54/343 kB | 0/1.9 MB | 19 kB   
Progress (4): 0.1/2.3 MB | 54/343 kB | 0/1.9 MB | 19 kB
Progress (4): 0.1/2.3 MB | 56/343 kB | 0/1.9 MB | 19 kB
Progress (4): 0.1/2.3 MB | 56/343 kB | 0/1.9 MB | 19 kB
Progress (4): 0.1/2.3 MB | 60/343 kB | 0/1.9 MB | 19 kB
Progress (4): 0.1/2.3 MB | 60/343 kB | 0.1/1.9 MB | 19 kB
Progress (4): 0.1/2.3 MB | 60/343 kB | 0.1/1.9 MB | 19 kB
Progress (4): 0.1/2.3 MB | 60/343 kB | 0.1/1.9 MB | 19 kB
Progress (4): 0.1/2.3 MB | 60/343 kB | 0.1/1.9 MB | 19 kB
Progress (4): 0.1/2.3 MB | 60/343 kB | 0.1/1.9 MB | 19 kB
Progress (4): 0.1/2.3 MB | 60/343 kB | 0.1/1.9 MB | 19 kB
Progress (4): 0.1/2.3 MB | 60/343 kB | 0.1/1.9 MB | 19 kB
Progress (4): 0.1/2.3 MB | 60/343 kB | 0.1/1.9 MB | 19 kB
Progress (4): 0.1/2.3 MB | 64/343 kB | 0.1/1.9 MB | 19 kB
Progress (4): 0.1/2.3 MB | 64/343 kB | 0.1/1.9 MB | 19 kB
Progress (4): 0.1/2.3 MB | 64/343 kB | 0.1/1.9 MB | 19 kB
Progress (4): 0.1/2.3 MB | 64/343 kB | 0.1/1.9 MB | 19 kB
Progress (4): 0.1/2.3 MB | 68/343 kB | 0.1/1.9 MB | 19 kB
Progress (4): 0.1/2.3 MB | 68/343 kB | 0.1/1.9 MB | 19 kB
Progress (4): 0.1/2.3 MB | 73/343 kB | 0.1/1.9 MB | 19 kB
Progress (4): 0.1/2.3 MB | 73/343 kB | 0.1/1.9 MB | 19 kB
Progress (4): 0.1/2.3 MB | 73/343 kB | 0.1/1.9 MB | 19 kB
Progress (4): 0.1/2.3 MB | 77/343 kB | 0.1/1.9 MB | 19 kB
Progress (4): 0.1/2.3 MB | 77/343 kB | 0.1/1.9 MB | 19 kB
Progress (4): 0.1/2.3 MB | 81/343 kB | 0.1/1.9 MB | 19 kB
Progress (4): 0.1/2.3 MB | 81/343 kB | 0.1/1.9 MB | 19 kB
Progress (4): 0.1/2.3 MB | 85/343 kB | 0.1/1.9 MB | 19 kB
Progress (4): 0.1/2.3 MB | 85/343 kB | 0.1/1.9 MB | 19 kB
Progress (4): 0.1/2.3 MB | 85/343 kB | 0.1/1.9 MB | 19 kB
Progress (4): 0.1/2.3 MB | 90/343 kB | 0.1/1.9 MB | 19 kB
Progress (4): 0.1/2.3 MB | 90/343 kB | 0.1/1.9 MB | 19 kB
Progress (4): 0.1/2.3 MB | 90/343 kB | 0.1/1.9 MB | 19 kB
Progress (4): 0.1/2.3 MB | 94/343 kB | 0.1/1.9 MB | 19 kB
Progress (4): 0.1/2.3 MB | 94/343 kB | 0.1/1.9 MB | 19 kB
Progress (4): 0.1/2.3 MB | 94/343 kB | 0.1/1.9 MB | 19 kB
Progress (4): 0.1/2.3 MB | 98/343 kB | 0.1/1.9 MB | 19 kB
Progress (4): 0.1/2.3 MB | 98/343 kB | 0.1/1.9 MB | 19 kB
Progress (4): 0.1/2.3 MB | 102/343 kB | 0.1/1.9 MB | 19 kB
Progress (4): 0.1/2.3 MB | 102/343 kB | 0.1/1.9 MB | 19 kB
Progress (4): 0.1/2.3 MB | 106/343 kB | 0.1/1.9 MB | 19 kB
Progress (4): 0.1/2.3 MB | 106/343 kB | 0.1/1.9 MB | 19 kB
Progress (4): 0.1/2.3 MB | 106/343 kB | 0.1/1.9 MB | 19 kB
Progress (4): 0.1/2.3 MB | 111/343 kB | 0.1/1.9 MB | 19 kB
Progress (4): 0.1/2.3 MB | 111/343 kB | 0.1/1.9 MB | 19 kB
Progress (4): 0.1/2.3 MB | 111/343 kB | 0.1/1.9 MB | 19 kB
Progress (4): 0.1/2.3 MB | 111/343 kB | 0.1/1.9 MB | 19 kB
Progress (4): 0.1/2.3 MB | 111/343 kB | 0.1/1.9 MB | 19 kB
Progress (4): 0.1/2.3 MB | 115/343 kB | 0.1/1.9 MB | 19 kB
Progress (4): 0.1/2.3 MB | 115/343 kB | 0.1/1.9 MB | 19 kB
Progress (4): 0.1/2.3 MB | 119/343 kB | 0.1/1.9 MB | 19 kB
Progress (4): 0.1/2.3 MB | 119/343 kB | 0.1/1.9 MB | 19 kB
Progress (4): 0.1/2.3 MB | 123/343 kB | 0.1/1.9 MB | 19 kB
Progress (4): 0.1/2.3 MB | 123/343 kB | 0.1/1.9 MB | 19 kB
Progress (4): 0.1/2.3 MB | 123/343 kB | 0.1/1.9 MB | 19 kB
Progress (4): 0.1/2.3 MB | 123/343 kB | 0.1/1.9 MB | 19 kB
Progress (4): 0.1/2.3 MB | 123/343 kB | 0.1/1.9 MB | 19 kB
Progress (4): 0.1/2.3 MB | 123/343 kB | 0.1/1.9 MB | 19 kB
Progress (4): 0.1/2.3 MB | 123/343 kB | 0.1/1.9 MB | 19 kB
Progress (4): 0.1/2.3 MB | 123/343 kB | 0.1/1.9 MB | 19 kB
Progress (5): 0.1/2.3 MB | 123/343 kB | 0.1/1.9 MB | 19 kB | 1.4/356 kB
Progress (5): 0.1/2.3 MB | 123/343 kB | 0.1/1.9 MB | 19 kB | 2.7/356 kB
Progress (5): 0.1/2.3 MB | 123/343 kB | 0.1/1.9 MB | 19 kB | 2.7/356 kB
Progress (5): 0.1/2.3 MB | 123/343 kB | 0.1/1.9 MB | 19 kB | 2.7/356 kB
Progress (5): 0.1/2.3 MB | 123/343 kB | 0.1/1.9 MB | 19 kB | 2.7/356 kB
Progress (5): 0.1/2.3 MB | 123/343 kB | 0.1/1.9 MB | 19 kB | 4.1/356 kB
Progress (5): 0.1/2.3 MB | 123/343 kB | 0.1/1.9 MB | 19 kB | 4.1/356 kB
Progress (5): 0.1/2.3 MB | 123/343 kB | 0.1/1.9 MB | 19 kB | 4.1/356 kB
Progress (5): 0.1/2.3 MB | 123/343 kB | 0.1/1.9 MB | 19 kB | 4.1/356 kB
Progress (5): 0.1/2.3 MB | 123/343 kB | 0.1/1.9 MB | 19 kB | 5.5/356 kB
                                                                       
Downloaded from central: https://repo1.maven.org/maven2/org/apache/ant/ant-launcher/1.10.15/ant-launcher-1.10.15.jar (19 kB at 175 kB/s)
Downloading from central: https://repo1.maven.org/maven2/org/apache/xbean/xbean-asm9-shaded/4.28/xbean-asm9-shaded-4.28.jar
Progress (4): 0.2/2.3 MB | 123/343 kB | 0.1/1.9 MB | 5.5/356 kB
Progress (4): 0.2/2.3 MB | 123/343 kB | 0.1/1.9 MB | 6.8/356 kB
Progress (4): 0.2/2.3 MB | 123/343 kB | 0.1/1.9 MB | 8.2/356 kB
Progress (4): 0.2/2.3 MB | 123/343 kB | 0.1/1.9 MB | 8.2/356 kB
Progress (4): 0.2/2.3 MB | 123/343 kB | 0.1/1.9 MB | 9.6/356 kB
Progress (4): 0.2/2.3 MB | 123/343 kB | 0.1/1.9 MB | 9.6/356 kB
Progress (4): 0.2/2.3 MB | 123/343 kB | 0.1/1.9 MB | 11/356 kB 
Progress (4): 0.2/2.3 MB | 123/343 kB | 0.1/1.9 MB | 11/356 kB
Progress (4): 0.2/2.3 MB | 123/343 kB | 0.1/1.9 MB | 11/356 kB
Progress (4): 0.2/2.3 MB | 123/343 kB | 0.1/1.9 MB | 12/356 kB
Progress (4): 0.2/2.3 MB | 123/343 kB | 0.1/1.9 MB | 14/356 kB
Progress (4): 0.2/2.3 MB | 123/343 kB | 0.1/1.9 MB | 14/356 kB
Progress (4): 0.2/2.3 MB | 123/343 kB | 0.1/1.9 MB | 14/356 kB
Progress (4): 0.2/2.3 MB | 123/343 kB | 0.1/1.9 MB | 15/356 kB
Progress (4): 0.2/2.3 MB | 123/343 kB | 0.1/1.9 MB | 15/356 kB
Progress (4): 0.2/2.3 MB | 123/343 kB | 0.1/1.9 MB | 16/356 kB
Progress (4): 0.2/2.3 MB | 123/343 kB | 0.1/1.9 MB | 16/356 kB
Progress (4): 0.2/2.3 MB | 123/343 kB | 0.1/1.9 MB | 18/356 kB
Progress (4): 0.2/2.3 MB | 123/343 kB | 0.1/1.9 MB | 18/356 kB
Progress (4): 0.2/2.3 MB | 123/343 kB | 0.2/1.9 MB | 18/356 kB
Progress (4): 0.2/2.3 MB | 123/343 kB | 0.2/1.9 MB | 19/356 kB
Progress (4): 0.2/2.3 MB | 123/343 kB | 0.2/1.9 MB | 21/356 kB
Progress (4): 0.2/2.3 MB | 123/343 kB | 0.2/1.9 MB | 22/356 kB
Progress (4): 0.2/2.3 MB | 123/343 kB | 0.2/1.9 MB | 23/356 kB
Progress (4): 0.2/2.3 MB | 123/343 kB | 0.2/1.9 MB | 23/356 kB
Progress (4): 0.2/2.3 MB | 123/343 kB | 0.2/1.9 MB | 25/356 kB
Progress (4): 0.2/2.3 MB | 123/343 kB | 0.2/1.9 MB | 25/356 kB
Progress (4): 0.2/2.3 MB | 123/343 kB | 0.2/1.9 MB | 26/356 kB
Progress (4): 0.2/2.3 MB | 123/343 kB | 0.2/1.9 MB | 26/356 kB
Progress (4): 0.2/2.3 MB | 123/343 kB | 0.2/1.9 MB | 27/356 kB
Progress (4): 0.2/2.3 MB | 123/343 kB | 0.2/1.9 MB | 27/356 kB
Progress (4): 0.2/2.3 MB | 123/343 kB | 0.2/1.9 MB | 29/356 kB
Progress (4): 0.2/2.3 MB | 128/343 kB | 0.2/1.9 MB | 29/356 kB
Progress (4): 0.2/2.3 MB | 128/343 kB | 0.2/1.9 MB | 30/356 kB
Progress (4): 0.2/2.3 MB | 128/343 kB | 0.2/1.9 MB | 30/356 kB
Progress (4): 0.2/2.3 MB | 132/343 kB | 0.2/1.9 MB | 30/356 kB
Progress (4): 0.2/2.3 MB | 132/343 kB | 0.2/1.9 MB | 31/356 kB
Progress (4): 0.2/2.3 MB | 132/343 kB | 0.2/1.9 MB | 31/356 kB
Progress (4): 0.2/2.3 MB | 132/343 kB | 0.2/1.9 MB | 31/356 kB
Progress (4): 0.2/2.3 MB | 132/343 kB | 0.2/1.9 MB | 31/356 kB
Progress (4): 0.2/2.3 MB | 132/343 kB | 0.2/1.9 MB | 33/356 kB
Progress (4): 0.2/2.3 MB | 136/343 kB | 0.2/1.9 MB | 33/356 kB
Progress (4): 0.2/2.3 MB | 136/343 kB | 0.2/1.9 MB | 33/356 kB
Progress (4): 0.2/2.3 MB | 136/343 kB | 0.2/1.9 MB | 33/356 kB
Progress (4): 0.2/2.3 MB | 136/343 kB | 0.2/1.9 MB | 34/356 kB
Progress (4): 0.2/2.3 MB | 140/343 kB | 0.2/1.9 MB | 34/356 kB
Progress (4): 0.2/2.3 MB | 140/343 kB | 0.2/1.9 MB | 34/356 kB
Progress (4): 0.2/2.3 MB | 140/343 kB | 0.2/1.9 MB | 36/356 kB
Progress (4): 0.2/2.3 MB | 140/343 kB | 0.2/1.9 MB | 36/356 kB
Progress (4): 0.2/2.3 MB | 144/343 kB | 0.2/1.9 MB | 36/356 kB
Progress (4): 0.2/2.3 MB | 144/343 kB | 0.2/1.9 MB | 36/356 kB
Progress (4): 0.2/2.3 MB | 144/343 kB | 0.2/1.9 MB | 37/356 kB
Progress (4): 0.2/2.3 MB | 144/343 kB | 0.2/1.9 MB | 38/356 kB
Progress (4): 0.2/2.3 MB | 149/343 kB | 0.2/1.9 MB | 38/356 kB
Progress (4): 0.2/2.3 MB | 149/343 kB | 0.2/1.9 MB | 38/356 kB
Progress (4): 0.2/2.3 MB | 149/343 kB | 0.2/1.9 MB | 40/356 kB
Progress (4): 0.2/2.3 MB | 149/343 kB | 0.2/1.9 MB | 41/356 kB
Progress (4): 0.2/2.3 MB | 153/343 kB | 0.2/1.9 MB | 41/356 kB
Progress (4): 0.2/2.3 MB | 153/343 kB | 0.2/1.9 MB | 41/356 kB
Progress (4): 0.2/2.3 MB | 153/343 kB | 0.2/1.9 MB | 42/356 kB
Progress (4): 0.2/2.3 MB | 157/343 kB | 0.2/1.9 MB | 42/356 kB
Progress (4): 0.2/2.3 MB | 157/343 kB | 0.2/1.9 MB | 44/356 kB
Progress (4): 0.2/2.3 MB | 161/343 kB | 0.2/1.9 MB | 44/356 kB
Progress (4): 0.2/2.3 MB | 161/343 kB | 0.2/1.9 MB | 45/356 kB
Progress (4): 0.2/2.3 MB | 161/343 kB | 0.2/1.9 MB | 46/356 kB
Progress (4): 0.2/2.3 MB | 166/343 kB | 0.2/1.9 MB | 46/356 kB
Progress (4): 0.2/2.3 MB | 166/343 kB | 0.2/1.9 MB | 48/356 kB
Progress (4): 0.2/2.3 MB | 166/343 kB | 0.2/1.9 MB | 49/356 kB
Progress (4): 0.2/2.3 MB | 170/343 kB | 0.2/1.9 MB | 49/356 kB
Progress (4): 0.2/2.3 MB | 170/343 kB | 0.2/1.9 MB | 51/356 kB
Progress (4): 0.2/2.3 MB | 174/343 kB | 0.2/1.9 MB | 51/356 kB
Progress (4): 0.2/2.3 MB | 174/343 kB | 0.2/1.9 MB | 52/356 kB
Progress (4): 0.2/2.3 MB | 174/343 kB | 0.2/1.9 MB | 53/356 kB
Progress (4): 0.2/2.3 MB | 178/343 kB | 0.2/1.9 MB | 53/356 kB
Progress (4): 0.2/2.3 MB | 178/343 kB | 0.2/1.9 MB | 55/356 kB
Progress (4): 0.2/2.3 MB | 183/343 kB | 0.2/1.9 MB | 55/356 kB
Progress (4): 0.2/2.3 MB | 183/343 kB | 0.2/1.9 MB | 57/356 kB
Progress (4): 0.2/2.3 MB | 183/343 kB | 0.2/1.9 MB | 62/356 kB
Progress (4): 0.2/2.3 MB | 187/343 kB | 0.2/1.9 MB | 62/356 kB
Progress (4): 0.2/2.3 MB | 191/343 kB | 0.2/1.9 MB | 62/356 kB
Progress (4): 0.2/2.3 MB | 195/343 kB | 0.2/1.9 MB | 62/356 kB
Progress (4): 0.2/2.3 MB | 199/343 kB | 0.2/1.9 MB | 62/356 kB
Progress (4): 0.2/2.3 MB | 199/343 kB | 0.2/1.9 MB | 62/356 kB
Progress (4): 0.2/2.3 MB | 199/343 kB | 0.2/1.9 MB | 66/356 kB
Progress (4): 0.2/2.3 MB | 204/343 kB | 0.2/1.9 MB | 66/356 kB
Progress (4): 0.2/2.3 MB | 204/343 kB | 0.2/1.9 MB | 66/356 kB
Progress (4): 0.2/2.3 MB | 204/343 kB | 0.2/1.9 MB | 66/356 kB
Progress (4): 0.2/2.3 MB | 204/343 kB | 0.2/1.9 MB | 70/356 kB
Progress (4): 0.2/2.3 MB | 204/343 kB | 0.2/1.9 MB | 70/356 kB
Progress (4): 0.2/2.3 MB | 204/343 kB | 0.2/1.9 MB | 74/356 kB
Progress (4): 0.2/2.3 MB | 208/343 kB | 0.2/1.9 MB | 74/356 kB
Progress (4): 0.2/2.3 MB | 208/343 kB | 0.2/1.9 MB | 74/356 kB
Progress (4): 0.2/2.3 MB | 208/343 kB | 0.2/1.9 MB | 78/356 kB
Progress (4): 0.2/2.3 MB | 212/343 kB | 0.2/1.9 MB | 78/356 kB
Progress (4): 0.2/2.3 MB | 212/343 kB | 0.2/1.9 MB | 78/356 kB
Progress (4): 0.2/2.3 MB | 212/343 kB | 0.2/1.9 MB | 82/356 kB
Progress (4): 0.2/2.3 MB | 212/343 kB | 0.2/1.9 MB | 82/356 kB
Progress (4): 0.2/2.3 MB | 212/343 kB | 0.2/1.9 MB | 87/356 kB
Progress (4): 0.2/2.3 MB | 212/343 kB | 0.2/1.9 MB | 87/356 kB
Progress (4): 0.2/2.3 MB | 212/343 kB | 0.2/1.9 MB | 91/356 kB
Progress (4): 0.2/2.3 MB | 216/343 kB | 0.2/1.9 MB | 91/356 kB
Progress (4): 0.2/2.3 MB | 216/343 kB | 0.2/1.9 MB | 91/356 kB
Progress (4): 0.2/2.3 MB | 221/343 kB | 0.2/1.9 MB | 91/356 kB
Progress (4): 0.2/2.3 MB | 225/343 kB | 0.2/1.9 MB | 91/356 kB
Progress (4): 0.2/2.3 MB | 225/343 kB | 0.2/1.9 MB | 91/356 kB
Progress (4): 0.2/2.3 MB | 225/343 kB | 0.2/1.9 MB | 95/356 kB
Progress (4): 0.2/2.3 MB | 225/343 kB | 0.2/1.9 MB | 95/356 kB
Progress (4): 0.2/2.3 MB | 225/343 kB | 0.2/1.9 MB | 99/356 kB
Progress (4): 0.2/2.3 MB | 225/343 kB | 0.2/1.9 MB | 99/356 kB
Progress (4): 0.2/2.3 MB | 225/343 kB | 0.2/1.9 MB | 104/356 kB
Progress (4): 0.2/2.3 MB | 225/343 kB | 0.2/1.9 MB | 104/356 kB
Progress (4): 0.2/2.3 MB | 225/343 kB | 0.2/1.9 MB | 108/356 kB
Progress (4): 0.2/2.3 MB | 225/343 kB | 0.2/1.9 MB | 108/356 kB
Progress (4): 0.2/2.3 MB | 225/343 kB | 0.2/1.9 MB | 112/356 kB
Progress (4): 0.2/2.3 MB | 241/343 kB | 0.2/1.9 MB | 112/356 kB
Progress (4): 0.3/2.3 MB | 241/343 kB | 0.2/1.9 MB | 112/356 kB
Progress (4): 0.3/2.3 MB | 241/343 kB | 0.2/1.9 MB | 116/356 kB
Progress (4): 0.3/2.3 MB | 241/343 kB | 0.2/1.9 MB | 116/356 kB
Progress (4): 0.3/2.3 MB | 241/343 kB | 0.2/1.9 MB | 121/356 kB
Progress (4): 0.3/2.3 MB | 258/343 kB | 0.2/1.9 MB | 121/356 kB
Progress (4): 0.3/2.3 MB | 258/343 kB | 0.2/1.9 MB | 125/356 kB
Progress (4): 0.3/2.3 MB | 258/343 kB | 0.3/1.9 MB | 125/356 kB
Progress (4): 0.3/2.3 MB | 274/343 kB | 0.3/1.9 MB | 125/356 kB
Progress (4): 0.3/2.3 MB | 274/343 kB | 0.3/1.9 MB | 125/356 kB
Progress (4): 0.3/2.3 MB | 274/343 kB | 0.3/1.9 MB | 125/356 kB
Progress (4): 0.3/2.3 MB | 274/343 kB | 0.3/1.9 MB | 125/356 kB
Progress (4): 0.3/2.3 MB | 290/343 kB | 0.3/1.9 MB | 125/356 kB
Progress (4): 0.3/2.3 MB | 307/343 kB | 0.3/1.9 MB | 125/356 kB
Progress (4): 0.3/2.3 MB | 307/343 kB | 0.3/1.9 MB | 125/356 kB
Progress (4): 0.3/2.3 MB | 323/343 kB | 0.3/1.9 MB | 125/356 kB
Progress (4): 0.3/2.3 MB | 323/343 kB | 0.3/1.9 MB | 125/356 kB
Progress (4): 0.3/2.3 MB | 340/343 kB | 0.3/1.9 MB | 125/356 kB
Progress (4): 0.3/2.3 MB | 343 kB | 0.3/1.9 MB | 125/356 kB    
Progress (4): 0.3/2.3 MB | 343 kB | 0.3/1.9 MB | 125/356 kB
Progress (4): 0.3/2.3 MB | 343 kB | 0.3/1.9 MB | 125/356 kB
Progress (4): 0.3/2.3 MB | 343 kB | 0.3/1.9 MB | 125/356 kB
Progress (4): 0.4/2.3 MB | 343 kB | 0.3/1.9 MB | 125/356 kB
Progress (4): 0.4/2.3 MB | 343 kB | 0.3/1.9 MB | 125/356 kB
Progress (4): 0.4/2.3 MB | 343 kB | 0.3/1.9 MB | 125/356 kB
Progress (4): 0.4/2.3 MB | 343 kB | 0.3/1.9 MB | 125/356 kB
Progress (4): 0.4/2.3 MB | 343 kB | 0.3/1.9 MB | 125/356 kB
Progress (4): 0.4/2.3 MB | 343 kB | 0.3/1.9 MB | 125/356 kB
Progress (4): 0.4/2.3 MB | 343 kB | 0.3/1.9 MB | 129/356 kB
Progress (4): 0.4/2.3 MB | 343 kB | 0.3/1.9 MB | 129/356 kB
Progress (4): 0.4/2.3 MB | 343 kB | 0.3/1.9 MB | 131/356 kB
Progress (4): 0.4/2.3 MB | 343 kB | 0.3/1.9 MB | 135/356 kB
Progress (4): 0.5/2.3 MB | 343 kB | 0.3/1.9 MB | 135/356 kB
Progress (4): 0.5/2.3 MB | 343 kB | 0.3/1.9 MB | 140/356 kB
Progress (4): 0.5/2.3 MB | 343 kB | 0.3/1.9 MB | 144/356 kB
Progress (4): 0.5/2.3 MB | 343 kB | 0.3/1.9 MB | 148/356 kB
Progress (4): 0.5/2.3 MB | 343 kB | 0.3/1.9 MB | 148/356 kB
Progress (4): 0.5/2.3 MB | 343 kB | 0.3/1.9 MB | 148/356 kB
Progress (4): 0.5/2.3 MB | 343 kB | 0.3/1.9 MB | 148/356 kB
Progress (4): 0.5/2.3 MB | 343 kB | 0.3/1.9 MB | 152/356 kB
Progress (4): 0.5/2.3 MB | 343 kB | 0.3/1.9 MB | 156/356 kB
Progress (4): 0.5/2.3 MB | 343 kB | 0.3/1.9 MB | 156/356 kB
Progress (4): 0.5/2.3 MB | 343 kB | 0.3/1.9 MB | 161/356 kB
Progress (4): 0.5/2.3 MB | 343 kB | 0.4/1.9 MB | 161/356 kB
Progress (4): 0.5/2.3 MB | 343 kB | 0.4/1.9 MB | 165/356 kB
Progress (4): 0.5/2.3 MB | 343 kB | 0.4/1.9 MB | 169/356 kB
Progress (4): 0.5/2.3 MB | 343 kB | 0.4/1.9 MB | 173/356 kB
Progress (4): 0.5/2.3 MB | 343 kB | 0.4/1.9 MB | 173/356 kB
Progress (4): 0.5/2.3 MB | 343 kB | 0.4/1.9 MB | 178/356 kB
Progress (4): 0.5/2.3 MB | 343 kB | 0.4/1.9 MB | 182/356 kB
Progress (4): 0.5/2.3 MB | 343 kB | 0.4/1.9 MB | 182/356 kB
Progress (4): 0.5/2.3 MB | 343 kB | 0.4/1.9 MB | 186/356 kB
Progress (4): 0.5/2.3 MB | 343 kB | 0.4/1.9 MB | 186/356 kB
Progress (4): 0.5/2.3 MB | 343 kB | 0.4/1.9 MB | 186/356 kB
Progress (4): 0.5/2.3 MB | 343 kB | 0.4/1.9 MB | 190/356 kB
Progress (4): 0.5/2.3 MB | 343 kB | 0.4/1.9 MB | 195/356 kB
Progress (4): 0.5/2.3 MB | 343 kB | 0.4/1.9 MB | 195/356 kB
Progress (4): 0.5/2.3 MB | 343 kB | 0.4/1.9 MB | 195/356 kB
Progress (4): 0.5/2.3 MB | 343 kB | 0.4/1.9 MB | 199/356 kB
Progress (4): 0.5/2.3 MB | 343 kB | 0.4/1.9 MB | 199/356 kB
Progress (4): 0.5/2.3 MB | 343 kB | 0.4/1.9 MB | 199/356 kB
Progress (4): 0.5/2.3 MB | 343 kB | 0.4/1.9 MB | 203/356 kB
Progress (4): 0.6/2.3 MB | 343 kB | 0.4/1.9 MB | 203/356 kB
Progress (4): 0.6/2.3 MB | 343 kB | 0.4/1.9 MB | 207/356 kB
Progress (4): 0.6/2.3 MB | 343 kB | 0.5/1.9 MB | 207/356 kB
Progress (4): 0.6/2.3 MB | 343 kB | 0.5/1.9 MB | 211/356 kB
Progress (4): 0.6/2.3 MB | 343 kB | 0.5/1.9 MB | 216/356 kB
Progress (4): 0.6/2.3 MB | 343 kB | 0.5/1.9 MB | 216/356 kB
Progress (4): 0.6/2.3 MB | 343 kB | 0.5/1.9 MB | 216/356 kB
Progress (4): 0.6/2.3 MB | 343 kB | 0.5/1.9 MB | 216/356 kB
Progress (4): 0.6/2.3 MB | 343 kB | 0.5/1.9 MB | 220/356 kB
Progress (4): 0.6/2.3 MB | 343 kB | 0.5/1.9 MB | 220/356 kB
Progress (4): 0.6/2.3 MB | 343 kB | 0.5/1.9 MB | 220/356 kB
Progress (4): 0.6/2.3 MB | 343 kB | 0.5/1.9 MB | 236/356 kB
Progress (4): 0.6/2.3 MB | 343 kB | 0.5/1.9 MB | 236/356 kB
Progress (4): 0.6/2.3 MB | 343 kB | 0.5/1.9 MB | 236/356 kB
Progress (4): 0.6/2.3 MB | 343 kB | 0.5/1.9 MB | 236/356 kB
Progress (4): 0.6/2.3 MB | 343 kB | 0.5/1.9 MB | 236/356 kB
Progress (4): 0.6/2.3 MB | 343 kB | 0.6/1.9 MB | 236/356 kB
Progress (4): 0.6/2.3 MB | 343 kB | 0.6/1.9 MB | 253/356 kB
Progress (4): 0.6/2.3 MB | 343 kB | 0.6/1.9 MB | 253/356 kB
                                                           
Downloaded from central: https://repo1.maven.org/maven2/org/apache/logging/log4j/log4j-api/2.23.1/log4j-api-2.23.1.jar (343 kB at 2.4 MB/s)
Downloading from central: https://repo1.maven.org/maven2/jakarta/validation/jakarta.validation-api/3.0.2/jakarta.validation-api-3.0.2.jar
Progress (3): 0.6/2.3 MB | 0.6/1.9 MB | 253/356 kB
Progress (3): 0.7/2.3 MB | 0.6/1.9 MB | 253/356 kB
Progress (3): 0.7/2.3 MB | 0.6/1.9 MB | 253/356 kB
Progress (3): 0.7/2.3 MB | 0.6/1.9 MB | 253/356 kB
Progress (3): 0.7/2.3 MB | 0.6/1.9 MB | 253/356 kB
Progress (3): 0.7/2.3 MB | 0.6/1.9 MB | 253/356 kB
Progress (3): 0.7/2.3 MB | 0.6/1.9 MB | 253/356 kB
Progress (3): 0.7/2.3 MB | 0.6/1.9 MB | 253/356 kB
Progress (3): 0.7/2.3 MB | 0.6/1.9 MB | 253/356 kB
Progress (3): 0.7/2.3 MB | 0.6/1.9 MB | 253/356 kB
Progress (3): 0.7/2.3 MB | 0.6/1.9 MB | 253/356 kB
Progress (3): 0.7/2.3 MB | 0.7/1.9 MB | 253/356 kB
Progress (3): 0.8/2.3 MB | 0.7/1.9 MB | 253/356 kB
Progress (3): 0.8/2.3 MB | 0.7/1.9 MB | 253/356 kB
Progress (3): 0.8/2.3 MB | 0.7/1.9 MB | 253/356 kB
Progress (3): 0.8/2.3 MB | 0.7/1.9 MB | 253/356 kB
Progress (3): 0.8/2.3 MB | 0.7/1.9 MB | 262/356 kB
Progress (3): 0.8/2.3 MB | 0.7/1.9 MB | 262/356 kB
Progress (3): 0.8/2.3 MB | 0.7/1.9 MB | 262/356 kB
Progress (3): 0.8/2.3 MB | 0.7/1.9 MB | 279/356 kB
Progress (3): 0.8/2.3 MB | 0.7/1.9 MB | 279/356 kB
Progress (3): 0.8/2.3 MB | 0.7/1.9 MB | 279/356 kB
Progress (3): 0.8/2.3 MB | 0.7/1.9 MB | 279/356 kB
Progress (3): 0.8/2.3 MB | 0.7/1.9 MB | 279/356 kB
Progress (3): 0.8/2.3 MB | 0.7/1.9 MB | 279/356 kB
Progress (3): 0.8/2.3 MB | 0.7/1.9 MB | 279/356 kB
Progress (3): 0.8/2.3 MB | 0.8/1.9 MB | 279/356 kB
Progress (3): 0.9/2.3 MB | 0.8/1.9 MB | 279/356 kB
Progress (3): 0.9/2.3 MB | 0.8/1.9 MB | 295/356 kB
Progress (3): 0.9/2.3 MB | 0.8/1.9 MB | 295/356 kB
Progress (3): 0.9/2.3 MB | 0.8/1.9 MB | 295/356 kB
Progress (3): 0.9/2.3 MB | 0.8/1.9 MB | 295/356 kB
Progress (3): 0.9/2.3 MB | 0.8/1.9 MB | 295/356 kB
Progress (3): 0.9/2.3 MB | 0.8/1.9 MB | 295/356 kB
Progress (3): 0.9/2.3 MB | 0.8/1.9 MB | 295/356 kB
Progress (3): 0.9/2.3 MB | 0.8/1.9 MB | 295/356 kB
Progress (3): 0.9/2.3 MB | 0.8/1.9 MB | 311/356 kB
Progress (3): 0.9/2.3 MB | 0.8/1.9 MB | 311/356 kB
Progress (3): 0.9/2.3 MB | 0.8/1.9 MB | 311/356 kB
Progress (3): 0.9/2.3 MB | 0.8/1.9 MB | 311/356 kB
Progress (3): 0.9/2.3 MB | 0.8/1.9 MB | 311/356 kB
Progress (3): 0.9/2.3 MB | 0.8/1.9 MB | 328/356 kB
Progress (3): 0.9/2.3 MB | 0.9/1.9 MB | 328/356 kB
Progress (3): 1.0/2.3 MB | 0.9/1.9 MB | 328/356 kB
Progress (3): 1.0/2.3 MB | 0.9/1.9 MB | 328/356 kB
Progress (3): 1.0/2.3 MB | 0.9/1.9 MB | 328/356 kB
Progress (3): 1.0/2.3 MB | 0.9/1.9 MB | 328/356 kB
Progress (3): 1.0/2.3 MB | 0.9/1.9 MB | 328/356 kB
Progress (3): 1.0/2.3 MB | 0.9/1.9 MB | 328/356 kB
Progress (3): 1.0/2.3 MB | 0.9/1.9 MB | 328/356 kB
Progress (3): 1.0/2.3 MB | 0.9/1.9 MB | 344/356 kB
Progress (3): 1.0/2.3 MB | 0.9/1.9 MB | 344/356 kB
Progress (3): 1.0/2.3 MB | 0.9/1.9 MB | 344/356 kB
Progress (3): 1.0/2.3 MB | 0.9/1.9 MB | 356 kB    
Progress (3): 1.0/2.3 MB | 0.9/1.9 MB | 356 kB
Progress (3): 1.0/2.3 MB | 0.9/1.9 MB | 356 kB
Progress (3): 1.0/2.3 MB | 1.0/1.9 MB | 356 kB
Progress (3): 1.0/2.3 MB | 1.0/1.9 MB | 356 kB
Progress (3): 1.0/2.3 MB | 1.0/1.9 MB | 356 kB
Progress (3): 1.1/2.3 MB | 1.0/1.9 MB | 356 kB
Progress (3): 1.1/2.3 MB | 1.0/1.9 MB | 356 kB
Progress (3): 1.1/2.3 MB | 1.0/1.9 MB | 356 kB
Progress (3): 1.1/2.3 MB | 1.0/1.9 MB | 356 kB
Progress (3): 1.1/2.3 MB | 1.0/1.9 MB | 356 kB
Progress (3): 1.1/2.3 MB | 1.0/1.9 MB | 356 kB
Progress (3): 1.1/2.3 MB | 1.0/1.9 MB | 356 kB
Progress (3): 1.1/2.3 MB | 1.0/1.9 MB | 356 kB
Progress (3): 1.1/2.3 MB | 1.1/1.9 MB | 356 kB
Progress (3): 1.1/2.3 MB | 1.1/1.9 MB | 356 kB
Progress (3): 1.1/2.3 MB | 1.1/1.9 MB | 356 kB
Progress (3): 1.1/2.3 MB | 1.1/1.9 MB | 356 kB
Progress (3): 1.1/2.3 MB | 1.1/1.9 MB | 356 kB
Progress (3): 1.2/2.3 MB | 1.1/1.9 MB | 356 kB
Progress (3): 1.2/2.3 MB | 1.1/1.9 MB | 356 kB
Progress (3): 1.2/2.3 MB | 1.1/1.9 MB | 356 kB
Progress (3): 1.2/2.3 MB | 1.1/1.9 MB | 356 kB
Progress (3): 1.2/2.3 MB | 1.1/1.9 MB | 356 kB
Progress (3): 1.2/2.3 MB | 1.1/1.9 MB | 356 kB
Progress (3): 1.2/2.3 MB | 1.1/1.9 MB | 356 kB
Progress (3): 1.2/2.3 MB | 1.1/1.9 MB | 356 kB
Progress (3): 1.2/2.3 MB | 1.1/1.9 MB | 356 kB
Progress (3): 1.2/2.3 MB | 1.2/1.9 MB | 356 kB
Progress (3): 1.2/2.3 MB | 1.2/1.9 MB | 356 kB
Progress (3): 1.2/2.3 MB | 1.2/1.9 MB | 356 kB
Progress (3): 1.2/2.3 MB | 1.2/1.9 MB | 356 kB
Progress (3): 1.3/2.3 MB | 1.2/1.9 MB | 356 kB
Progress (3): 1.3/2.3 MB | 1.2/1.9 MB | 356 kB
Progress (3): 1.3/2.3 MB | 1.2/1.9 MB | 356 kB
Progress (3): 1.3/2.3 MB | 1.2/1.9 MB | 356 kB
Progress (3): 1.3/2.3 MB | 1.2/1.9 MB | 356 kB
Progress (3): 1.3/2.3 MB | 1.2/1.9 MB | 356 kB
Progress (3): 1.3/2.3 MB | 1.2/1.9 MB | 356 kB
Progress (3): 1.3/2.3 MB | 1.3/1.9 MB | 356 kB
Progress (3): 1.3/2.3 MB | 1.3/1.9 MB | 356 kB
Progress (3): 1.3/2.3 MB | 1.3/1.9 MB | 356 kB
Progress (3): 1.3/2.3 MB | 1.3/1.9 MB | 356 kB
Progress (3): 1.3/2.3 MB | 1.3/1.9 MB | 356 kB
Progress (3): 1.3/2.3 MB | 1.3/1.9 MB | 356 kB
Progress (3): 1.3/2.3 MB | 1.3/1.9 MB | 356 kB
Progress (3): 1.3/2.3 MB | 1.3/1.9 MB | 356 kB
Progress (3): 1.4/2.3 MB | 1.3/1.9 MB | 356 kB
Progress (3): 1.4/2.3 MB | 1.3/1.9 MB | 356 kB
Progress (3): 1.4/2.3 MB | 1.3/1.9 MB | 356 kB
Progress (3): 1.4/2.3 MB | 1.4/1.9 MB | 356 kB
Progress (3): 1.4/2.3 MB | 1.4/1.9 MB | 356 kB
Progress (3): 1.4/2.3 MB | 1.4/1.9 MB | 356 kB
Progress (3): 1.4/2.3 MB | 1.4/1.9 MB | 356 kB
Progress (3): 1.4/2.3 MB | 1.4/1.9 MB | 356 kB
Progress (3): 1.4/2.3 MB | 1.4/1.9 MB | 356 kB
Progress (3): 1.4/2.3 MB | 1.4/1.9 MB | 356 kB
Progress (4): 1.4/2.3 MB | 1.4/1.9 MB | 356 kB | 7.7/269 kB
Progress (4): 1.4/2.3 MB | 1.4/1.9 MB | 356 kB | 7.7/269 kB
Progress (4): 1.4/2.3 MB | 1.4/1.9 MB | 356 kB | 7.7/269 kB
Progress (4): 1.5/2.3 MB | 1.4/1.9 MB | 356 kB | 7.7/269 kB
Progress (4): 1.5/2.3 MB | 1.4/1.9 MB | 356 kB | 7.7/269 kB
                                                           
Downloaded from central: https://repo1.maven.org/maven2/org/apache/logging/log4j/log4j-1.2-api/2.23.1/log4j-1.2-api-2.23.1.jar (356 kB at 2.1 MB/s)
Downloading from central: https://repo1.maven.org/maven2/org/apache/commons/commons-dbcp2/2.13.0/commons-dbcp2-2.13.0.jar
Progress (3): 1.5/2.3 MB | 1.4/1.9 MB | 7.7/269 kB
Progress (3): 1.5/2.3 MB | 1.4/1.9 MB | 16/269 kB 
Progress (3): 1.5/2.3 MB | 1.4/1.9 MB | 25/269 kB
Progress (3): 1.5/2.3 MB | 1.4/1.9 MB | 25/269 kB
Progress (3): 1.5/2.3 MB | 1.4/1.9 MB | 25/269 kB
Progress (3): 1.5/2.3 MB | 1.4/1.9 MB | 25/269 kB
Progress (3): 1.5/2.3 MB | 1.4/1.9 MB | 41/269 kB
Progress (3): 1.5/2.3 MB | 1.4/1.9 MB | 41/269 kB
Progress (3): 1.5/2.3 MB | 1.5/1.9 MB | 41/269 kB
Progress (3): 1.5/2.3 MB | 1.5/1.9 MB | 57/269 kB
Progress (3): 1.5/2.3 MB | 1.5/1.9 MB | 57/269 kB
Progress (3): 1.5/2.3 MB | 1.5/1.9 MB | 57/269 kB
Progress (3): 1.5/2.3 MB | 1.5/1.9 MB | 74/269 kB
Progress (3): 1.6/2.3 MB | 1.5/1.9 MB | 74/269 kB
Progress (3): 1.6/2.3 MB | 1.5/1.9 MB | 74/269 kB
Progress (3): 1.6/2.3 MB | 1.5/1.9 MB | 74/269 kB
Progress (3): 1.6/2.3 MB | 1.5/1.9 MB | 74/269 kB
Progress (3): 1.6/2.3 MB | 1.5/1.9 MB | 74/269 kB
Progress (3): 1.6/2.3 MB | 1.5/1.9 MB | 90/269 kB
Progress (3): 1.6/2.3 MB | 1.5/1.9 MB | 90/269 kB
Progress (3): 1.6/2.3 MB | 1.5/1.9 MB | 90/269 kB
Progress (3): 1.6/2.3 MB | 1.5/1.9 MB | 90/269 kB
Progress (3): 1.6/2.3 MB | 1.5/1.9 MB | 90/269 kB
Progress (3): 1.6/2.3 MB | 1.6/1.9 MB | 90/269 kB
Progress (3): 1.6/2.3 MB | 1.6/1.9 MB | 90/269 kB
Progress (3): 1.7/2.3 MB | 1.6/1.9 MB | 90/269 kB
Progress (3): 1.7/2.3 MB | 1.6/1.9 MB | 90/269 kB
Progress (3): 1.7/2.3 MB | 1.6/1.9 MB | 90/269 kB
Progress (3): 1.7/2.3 MB | 1.6/1.9 MB | 90/269 kB
Progress (3): 1.7/2.3 MB | 1.6/1.9 MB | 90/269 kB
Progress (3): 1.7/2.3 MB | 1.6/1.9 MB | 90/269 kB
Progress (3): 1.7/2.3 MB | 1.6/1.9 MB | 90/269 kB
Progress (3): 1.7/2.3 MB | 1.6/1.9 MB | 106/269 kB
Progress (3): 1.7/2.3 MB | 1.6/1.9 MB | 106/269 kB
Progress (3): 1.7/2.3 MB | 1.6/1.9 MB | 106/269 kB
Progress (3): 1.7/2.3 MB | 1.6/1.9 MB | 106/269 kB
Progress (3): 1.7/2.3 MB | 1.6/1.9 MB | 106/269 kB
Progress (3): 1.7/2.3 MB | 1.7/1.9 MB | 106/269 kB
Progress (3): 1.7/2.3 MB | 1.7/1.9 MB | 106/269 kB
Progress (3): 1.7/2.3 MB | 1.7/1.9 MB | 106/269 kB
Progress (3): 1.7/2.3 MB | 1.7/1.9 MB | 115/269 kB
Progress (3): 1.8/2.3 MB | 1.7/1.9 MB | 115/269 kB
Progress (3): 1.8/2.3 MB | 1.7/1.9 MB | 115/269 kB
Progress (3): 1.8/2.3 MB | 1.7/1.9 MB | 115/269 kB
Progress (3): 1.8/2.3 MB | 1.7/1.9 MB | 115/269 kB
Progress (3): 1.8/2.3 MB | 1.7/1.9 MB | 115/269 kB
Progress (3): 1.8/2.3 MB | 1.7/1.9 MB | 115/269 kB
Progress (3): 1.8/2.3 MB | 1.7/1.9 MB | 115/269 kB
Progress (3): 1.8/2.3 MB | 1.7/1.9 MB | 115/269 kB
Progress (3): 1.8/2.3 MB | 1.7/1.9 MB | 115/269 kB
Progress (3): 1.8/2.3 MB | 1.8/1.9 MB | 115/269 kB
Progress (3): 1.8/2.3 MB | 1.8/1.9 MB | 115/269 kB
Progress (3): 1.8/2.3 MB | 1.8/1.9 MB | 115/269 kB
Progress (3): 1.8/2.3 MB | 1.8/1.9 MB | 115/269 kB
Progress (3): 1.8/2.3 MB | 1.8/1.9 MB | 115/269 kB
Progress (3): 1.8/2.3 MB | 1.8/1.9 MB | 115/269 kB
Progress (3): 1.9/2.3 MB | 1.8/1.9 MB | 115/269 kB
Progress (3): 1.9/2.3 MB | 1.8/1.9 MB | 115/269 kB
Progress (3): 1.9/2.3 MB | 1.8/1.9 MB | 131/269 kB
Progress (3): 1.9/2.3 MB | 1.8/1.9 MB | 131/269 kB
Progress (3): 1.9/2.3 MB | 1.8/1.9 MB | 139/269 kB
Progress (3): 1.9/2.3 MB | 1.8/1.9 MB | 139/269 kB
Progress (3): 1.9/2.3 MB | 1.8/1.9 MB | 139/269 kB
Progress (3): 1.9/2.3 MB | 1.9/1.9 MB | 139/269 kB
Progress (4): 1.9/2.3 MB | 1.9/1.9 MB | 139/269 kB | 7.7/93 kB
Progress (4): 1.9/2.3 MB | 1.9/1.9 MB | 139/269 kB | 7.7/93 kB
Progress (4): 1.9/2.3 MB | 1.9/1.9 MB | 139/269 kB | 7.7/93 kB
Progress (4): 1.9/2.3 MB | 1.9/1.9 MB | 139/269 kB | 7.7/93 kB
Progress (4): 1.9/2.3 MB | 1.9/1.9 MB | 139/269 kB | 7.7/93 kB
Progress (4): 1.9/2.3 MB | 1.9/1.9 MB | 156/269 kB | 7.7/93 kB
Progress (4): 1.9/2.3 MB | 1.9/1.9 MB | 156/269 kB | 7.7/93 kB
Progress (4): 1.9/2.3 MB | 1.9 MB | 156/269 kB | 7.7/93 kB    
Progress (4): 1.9/2.3 MB | 1.9 MB | 156/269 kB | 8.2/93 kB
Progress (4): 2.0/2.3 MB | 1.9 MB | 156/269 kB | 8.2/93 kB
Progress (4): 2.0/2.3 MB | 1.9 MB | 156/269 kB | 8.2/93 kB
Progress (4): 2.0/2.3 MB | 1.9 MB | 156/269 kB | 8.2/93 kB
Progress (4): 2.0/2.3 MB | 1.9 MB | 156/269 kB | 25/93 kB 
Progress (4): 2.0/2.3 MB | 1.9 MB | 156/269 kB | 25/93 kB
Progress (4): 2.0/2.3 MB | 1.9 MB | 156/269 kB | 41/93 kB
Progress (4): 2.0/2.3 MB | 1.9 MB | 156/269 kB | 41/93 kB
Progress (4): 2.0/2.3 MB | 1.9 MB | 172/269 kB | 41/93 kB
Progress (4): 2.0/2.3 MB | 1.9 MB | 172/269 kB | 57/93 kB
Progress (4): 2.0/2.3 MB | 1.9 MB | 172/269 kB | 74/93 kB
Progress (4): 2.0/2.3 MB | 1.9 MB | 172/269 kB | 74/93 kB
Progress (4): 2.0/2.3 MB | 1.9 MB | 188/269 kB | 74/93 kB
Progress (4): 2.0/2.3 MB | 1.9 MB | 188/269 kB | 90/93 kB
Progress (4): 2.0/2.3 MB | 1.9 MB | 188/269 kB | 93 kB   
Progress (4): 2.1/2.3 MB | 1.9 MB | 188/269 kB | 93 kB
Progress (4): 2.1/2.3 MB | 1.9 MB | 205/269 kB | 93 kB
Progress (4): 2.1/2.3 MB | 1.9 MB | 205/269 kB | 93 kB
Progress (4): 2.1/2.3 MB | 1.9 MB | 221/269 kB | 93 kB
Progress (4): 2.1/2.3 MB | 1.9 MB | 221/269 kB | 93 kB
Progress (4): 2.1/2.3 MB | 1.9 MB | 238/269 kB | 93 kB
Progress (4): 2.1/2.3 MB | 1.9 MB | 238/269 kB | 93 kB
Progress (4): 2.1/2.3 MB | 1.9 MB | 254/269 kB | 93 kB
Progress (4): 2.1/2.3 MB | 1.9 MB | 254/269 kB | 93 kB
Progress (4): 2.1/2.3 MB | 1.9 MB | 254/269 kB | 93 kB
Progress (4): 2.1/2.3 MB | 1.9 MB | 269 kB | 93 kB    
Progress (4): 2.2/2.3 MB | 1.9 MB | 269 kB | 93 kB
Progress (4): 2.2/2.3 MB | 1.9 MB | 269 kB | 93 kB
Progress (4): 2.2/2.3 MB | 1.9 MB | 269 kB | 93 kB
Progress (4): 2.2/2.3 MB | 1.9 MB | 269 kB | 93 kB
Progress (4): 2.2/2.3 MB | 1.9 MB | 269 kB | 93 kB
Progress (4): 2.2/2.3 MB | 1.9 MB | 269 kB | 93 kB
Progress (4): 2.3/2.3 MB | 1.9 MB | 269 kB | 93 kB
Progress (4): 2.3/2.3 MB | 1.9 MB | 269 kB | 93 kB
Progress (4): 2.3/2.3 MB | 1.9 MB | 269 kB | 93 kB
Progress (4): 2.3/2.3 MB | 1.9 MB | 269 kB | 93 kB
Progress (4): 2.3 MB | 1.9 MB | 269 kB | 93 kB    
                                              
Downloaded from central: https://repo1.maven.org/maven2/jakarta/validation/jakarta.validation-api/3.0.2/jakarta.validation-api-3.0.2.jar (93 kB at 474 kB/s)
Downloading from central: https://repo1.maven.org/maven2/org/apache/commons/commons-pool2/2.12.1/commons-pool2-2.12.1.jar
Progress (4): 2.3 MB | 1.9 MB | 269 kB | 7.7/222 kB
Progress (4): 2.3 MB | 1.9 MB | 269 kB | 12/222 kB 
Progress (4): 2.3 MB | 1.9 MB | 269 kB | 29/222 kB
Progress (4): 2.3 MB | 1.9 MB | 269 kB | 45/222 kB
                                                  
Downloaded from central: https://repo1.maven.org/maven2/org/apache/xbean/xbean-asm9-shaded/4.28/xbean-asm9-shaded-4.28.jar (269 kB at 1.3 MB/s)
Downloading from central: https://repo1.maven.org/maven2/jakarta/transaction/jakarta.transaction-api/2.0.1/jakarta.transaction-api-2.0.1.jar
Progress (3): 2.3 MB | 1.9 MB | 61/222 kB
Progress (3): 2.3 MB | 1.9 MB | 78/222 kB
Progress (3): 2.3 MB | 1.9 MB | 94/222 kB
Progress (3): 2.3 MB | 1.9 MB | 111/222 kB
Progress (3): 2.3 MB | 1.9 MB | 127/222 kB
Progress (3): 2.3 MB | 1.9 MB | 143/222 kB
Progress (3): 2.3 MB | 1.9 MB | 160/222 kB
Progress (3): 2.3 MB | 1.9 MB | 176/222 kB
Progress (3): 2.3 MB | 1.9 MB | 193/222 kB
Progress (3): 2.3 MB | 1.9 MB | 209/222 kB
Progress (3): 2.3 MB | 1.9 MB | 222 kB    
                                      
Downloaded from central: https://repo1.maven.org/maven2/org/apache/logging/log4j/log4j-core/2.23.1/log4j-core-2.23.1.jar (1.9 MB at 9.1 MB/s)
Downloading from central: https://repo1.maven.org/maven2/org/apache/derby/derby/10.15.2.0/derby-10.15.2.0.jar
Downloaded from central: https://repo1.maven.org/maven2/org/apache/commons/commons-dbcp2/2.13.0/commons-dbcp2-2.13.0.jar (222 kB at 1.0 MB/s)
Downloading from central: https://repo1.maven.org/maven2/org/apache/derby/derbyshared/10.15.2.0/derbyshared-10.15.2.0.jar
Downloaded from central: https://repo1.maven.org/maven2/org/apache/ant/ant/1.10.15/ant-1.10.15.jar (2.3 MB at 11 MB/s)
Downloading from central: https://repo1.maven.org/maven2/org/apache/derby/derbytools/10.15.2.0/derbytools-10.15.2.0.jar
Progress (1): 16/152 kB
Progress (1): 33/152 kB
Progress (1): 49/152 kB
Progress (1): 57/152 kB
Progress (1): 66/152 kB
Progress (1): 82/152 kB
Progress (1): 98/152 kB
Progress (1): 115/152 kB
Progress (1): 131/152 kB
Progress (1): 147/152 kB
Progress (1): 152 kB    
Progress (2): 152 kB | 7.7/29 kB
                                
Downloaded from central: https://repo1.maven.org/maven2/org/apache/commons/commons-pool2/2.12.1/commons-pool2-2.12.1.jar (152 kB at 629 kB/s)
Progress (1): 12/29 kB
Progress (1): 28/29 kB
Progress (1): 29 kB   
                   
Downloaded from central: https://repo1.maven.org/maven2/jakarta/transaction/jakarta.transaction-api/2.0.1/jakarta.transaction-api-2.0.1.jar (29 kB at 113 kB/s)
Progress (1): 7.7/94 kB
Progress (1): 16/94 kB 
Progress (1): 25/94 kB
Progress (1): 41/94 kB
Progress (1): 57/94 kB
Progress (1): 74/94 kB
Progress (1): 90/94 kB
Progress (1): 94 kB   
                   
Downloaded from central: https://repo1.maven.org/maven2/org/apache/derby/derbyshared/10.15.2.0/derbyshared-10.15.2.0.jar (94 kB at 326 kB/s)
Progress (1): 0/3.7 MB
Progress (1): 0/3.7 MB
Progress (1): 0/3.7 MB
Progress (1): 0/3.7 MB
Progress (1): 0.1/3.7 MB
Progress (1): 0.1/3.7 MB
Progress (1): 0.1/3.7 MB
Progress (1): 0.1/3.7 MB
Progress (1): 0.1/3.7 MB
Progress (1): 0.1/3.7 MB
Progress (1): 0.2/3.7 MB
Progress (1): 0.2/3.7 MB
Progress (1): 0.2/3.7 MB
Progress (1): 0.2/3.7 MB
Progress (1): 0.2/3.7 MB
Progress (1): 0.2/3.7 MB
Progress (1): 0.3/3.7 MB
Progress (1): 0.3/3.7 MB
Progress (1): 0.3/3.7 MB
Progress (1): 0.3/3.7 MB
Progress (1): 0.3/3.7 MB
Progress (1): 0.3/3.7 MB
Progress (1): 0.4/3.7 MB
Progress (1): 0.4/3.7 MB
Progress (1): 0.4/3.7 MB
Progress (1): 0.4/3.7 MB
Progress (1): 0.4/3.7 MB
Progress (1): 0.4/3.7 MB
Progress (1): 0.5/3.7 MB
Progress (1): 0.5/3.7 MB
Progress (1): 0.5/3.7 MB
Progress (1): 0.5/3.7 MB
Progress (1): 0.5/3.7 MB
Progress (1): 0.5/3.7 MB
Progress (1): 0.6/3.7 MB
Progress (1): 0.6/3.7 MB
Progress (1): 0.6/3.7 MB
Progress (1): 0.6/3.7 MB
Progress (1): 0.6/3.7 MB
Progress (1): 0.6/3.7 MB
Progress (1): 0.7/3.7 MB
Progress (1): 0.7/3.7 MB
Progress (1): 0.7/3.7 MB
Progress (1): 0.7/3.7 MB
Progress (1): 0.7/3.7 MB
Progress (1): 0.7/3.7 MB
Progress (1): 0.8/3.7 MB
Progress (1): 0.8/3.7 MB
Progress (1): 0.8/3.7 MB
Progress (1): 0.8/3.7 MB
Progress (1): 0.8/3.7 MB
Progress (1): 0.8/3.7 MB
Progress (1): 0.9/3.7 MB
Progress (1): 0.9/3.7 MB
Progress (1): 0.9/3.7 MB
Progress (1): 0.9/3.7 MB
Progress (1): 0.9/3.7 MB
Progress (1): 0.9/3.7 MB
Progress (1): 0.9/3.7 MB
Progress (1): 1.0/3.7 MB
Progress (1): 1.0/3.7 MB
Progress (1): 1.0/3.7 MB
Progress (1): 1.0/3.7 MB
Progress (1): 1.0/3.7 MB
Progress (1): 1.0/3.7 MB
Progress (1): 1.1/3.7 MB
Progress (1): 1.1/3.7 MB
Progress (1): 1.1/3.7 MB
Progress (1): 1.1/3.7 MB
Progress (1): 1.1/3.7 MB
Progress (1): 1.1/3.7 MB
Progress (1): 1.2/3.7 MB
Progress (1): 1.2/3.7 MB
Progress (1): 1.2/3.7 MB
Progress (1): 1.2/3.7 MB
Progress (1): 1.2/3.7 MB
Progress (1): 1.2/3.7 MB
Progress (1): 1.3/3.7 MB
Progress (1): 1.3/3.7 MB
Progress (1): 1.3/3.7 MB
Progress (1): 1.3/3.7 MB
Progress (1): 1.3/3.7 MB
Progress (1): 1.3/3.7 MB
Progress (1): 1.4/3.7 MB
Progress (1): 1.4/3.7 MB
Progress (1): 1.4/3.7 MB
Progress (1): 1.4/3.7 MB
Progress (1): 1.4/3.7 MB
Progress (1): 1.4/3.7 MB
Progress (1): 1.5/3.7 MB
Progress (1): 1.5/3.7 MB
Progress (1): 1.5/3.7 MB
Progress (1): 1.5/3.7 MB
Progress (1): 1.5/3.7 MB
Progress (1): 1.5/3.7 MB
Progress (1): 1.6/3.7 MB
Progress (1): 1.6/3.7 MB
Progress (1): 1.6/3.7 MB
Progress (1): 1.6/3.7 MB
Progress (1): 1.6/3.7 MB
Progress (1): 1.6/3.7 MB
Progress (1): 1.7/3.7 MB
Progress (1): 1.7/3.7 MB
Progress (1): 1.7/3.7 MB
Progress (1): 1.7/3.7 MB
Progress (1): 1.7/3.7 MB
Progress (1): 1.7/3.7 MB
Progress (1): 1.8/3.7 MB
Progress (1): 1.8/3.7 MB
Progress (1): 1.8/3.7 MB
Progress (1): 1.8/3.7 MB
Progress (1): 1.8/3.7 MB
Progress (1): 1.8/3.7 MB
Progress (1): 1.9/3.7 MB
Progress (1): 1.9/3.7 MB
Progress (1): 1.9/3.7 MB
Progress (2): 1.9/3.7 MB | 7.8/264 kB
Progress (2): 1.9/3.7 MB | 7.8/264 kB
Progress (2): 1.9/3.7 MB | 7.8/264 kB
Progress (2): 1.9/3.7 MB | 7.8/264 kB
Progress (2): 1.9/3.7 MB | 7.8/264 kB
Progress (2): 1.9/3.7 MB | 16/264 kB 
Progress (2): 2.0/3.7 MB | 16/264 kB
Progress (2): 2.0/3.7 MB | 32/264 kB
Progress (2): 2.0/3.7 MB | 32/264 kB
Progress (2): 2.0/3.7 MB | 49/264 kB
Progress (2): 2.0/3.7 MB | 49/264 kB
Progress (2): 2.0/3.7 MB | 65/264 kB
Progress (2): 2.0/3.7 MB | 65/264 kB
Progress (2): 2.0/3.7 MB | 65/264 kB
Progress (2): 2.0/3.7 MB | 81/264 kB
Progress (2): 2.0/3.7 MB | 82/264 kB
Progress (2): 2.0/3.7 MB | 82/264 kB
Progress (2): 2.0/3.7 MB | 98/264 kB
Progress (2): 2.1/3.7 MB | 98/264 kB
Progress (2): 2.1/3.7 MB | 115/264 kB
Progress (2): 2.1/3.7 MB | 115/264 kB
Progress (2): 2.1/3.7 MB | 131/264 kB
Progress (2): 2.1/3.7 MB | 131/264 kB
Progress (2): 2.1/3.7 MB | 131/264 kB
Progress (2): 2.1/3.7 MB | 147/264 kB
Progress (2): 2.1/3.7 MB | 147/264 kB
Progress (2): 2.1/3.7 MB | 164/264 kB
Progress (2): 2.1/3.7 MB | 164/264 kB
Progress (2): 2.1/3.7 MB | 180/264 kB
Progress (2): 2.2/3.7 MB | 180/264 kB
Progress (2): 2.2/3.7 MB | 197/264 kB
Progress (2): 2.2/3.7 MB | 197/264 kB
Progress (2): 2.2/3.7 MB | 197/264 kB
Progress (2): 2.2/3.7 MB | 213/264 kB
Progress (2): 2.2/3.7 MB | 213/264 kB
Progress (2): 2.2/3.7 MB | 229/264 kB
Progress (2): 2.2/3.7 MB | 229/264 kB
Progress (2): 2.2/3.7 MB | 246/264 kB
Progress (2): 2.2/3.7 MB | 246/264 kB
Progress (2): 2.2/3.7 MB | 262/264 kB
Progress (2): 2.2/3.7 MB | 264 kB    
Progress (2): 2.3/3.7 MB | 264 kB
Progress (2): 2.3/3.7 MB | 264 kB
Progress (2): 2.3/3.7 MB | 264 kB
Progress (2): 2.3/3.7 MB | 264 kB
Progress (2): 2.3/3.7 MB | 264 kB
Progress (2): 2.3/3.7 MB | 264 kB
Progress (2): 2.4/3.7 MB | 264 kB
Progress (2): 2.4/3.7 MB | 264 kB
Progress (2): 2.4/3.7 MB | 264 kB
Progress (2): 2.4/3.7 MB | 264 kB
Progress (2): 2.4/3.7 MB | 264 kB
Progress (2): 2.4/3.7 MB | 264 kB
Progress (2): 2.5/3.7 MB | 264 kB
Progress (2): 2.5/3.7 MB | 264 kB
Progress (2): 2.5/3.7 MB | 264 kB
Progress (2): 2.5/3.7 MB | 264 kB
Progress (2): 2.5/3.7 MB | 264 kB
Progress (2): 2.5/3.7 MB | 264 kB
Progress (2): 2.6/3.7 MB | 264 kB
Progress (2): 2.6/3.7 MB | 264 kB
Progress (2): 2.6/3.7 MB | 264 kB
Progress (2): 2.6/3.7 MB | 264 kB
Progress (2): 2.6/3.7 MB | 264 kB
Progress (2): 2.6/3.7 MB | 264 kB
Progress (2): 2.7/3.7 MB | 264 kB
Progress (2): 2.7/3.7 MB | 264 kB
Progress (2): 2.7/3.7 MB | 264 kB
Progress (2): 2.7/3.7 MB | 264 kB
Progress (2): 2.7/3.7 MB | 264 kB
Progress (2): 2.7/3.7 MB | 264 kB
Progress (2): 2.8/3.7 MB | 264 kB
                                 
Downloaded from central: https://repo1.maven.org/maven2/org/apache/derby/derbytools/10.15.2.0/derbytools-10.15.2.0.jar (264 kB at 655 kB/s)
Progress (1): 2.8/3.7 MB
Progress (1): 2.8/3.7 MB
Progress (1): 2.8/3.7 MB
Progress (1): 2.8/3.7 MB
Progress (1): 2.8/3.7 MB
Progress (1): 2.9/3.7 MB
Progress (1): 2.9/3.7 MB
Progress (1): 2.9/3.7 MB
Progress (1): 2.9/3.7 MB
Progress (1): 2.9/3.7 MB
Progress (1): 2.9/3.7 MB
Progress (1): 2.9/3.7 MB
Progress (1): 3.0/3.7 MB
Progress (1): 3.0/3.7 MB
Progress (1): 3.0/3.7 MB
Progress (1): 3.0/3.7 MB
Progress (1): 3.0/3.7 MB
Progress (1): 3.0/3.7 MB
Progress (1): 3.1/3.7 MB
Progress (1): 3.1/3.7 MB
Progress (1): 3.1/3.7 MB
Progress (1): 3.1/3.7 MB
Progress (1): 3.1/3.7 MB
Progress (1): 3.1/3.7 MB
Progress (1): 3.2/3.7 MB
Progress (1): 3.2/3.7 MB
Progress (1): 3.2/3.7 MB
Progress (1): 3.2/3.7 MB
Progress (1): 3.2/3.7 MB
Progress (1): 3.2/3.7 MB
Progress (1): 3.3/3.7 MB
Progress (1): 3.3/3.7 MB
Progress (1): 3.3/3.7 MB
Progress (1): 3.3/3.7 MB
Progress (1): 3.3/3.7 MB
Progress (1): 3.3/3.7 MB
Progress (1): 3.4/3.7 MB
Progress (1): 3.4/3.7 MB
Progress (1): 3.4/3.7 MB
Progress (1): 3.4/3.7 MB
Progress (1): 3.4/3.7 MB
Progress (1): 3.4/3.7 MB
Progress (1): 3.5/3.7 MB
Progress (1): 3.5/3.7 MB
Progress (1): 3.5/3.7 MB
Progress (1): 3.5/3.7 MB
Progress (1): 3.5/3.7 MB
Progress (1): 3.5/3.7 MB
Progress (1): 3.6/3.7 MB
Progress (1): 3.6/3.7 MB
Progress (1): 3.6/3.7 MB
Progress (1): 3.6/3.7 MB
Progress (1): 3.6/3.7 MB
Progress (1): 3.6/3.7 MB
Progress (1): 3.7/3.7 MB
Progress (1): 3.7/3.7 MB
Progress (1): 3.7 MB    
                    
Downloaded from central: https://repo1.maven.org/maven2/org/apache/derby/derby/10.15.2.0/derby-10.15.2.0.jar (3.7 MB at 7.8 MB/s)
[INFO] 
[INFO] --- buildnumber:3.2.1:create (default) @ openjpa-lib ---
Downloading from central: https://repo1.maven.org/maven2/org/apache/maven/scm/maven-scm-api/2.1.0/maven-scm-api-2.1.0.pom
Progress (1): 879 B
Progress (1): 2.2 kB
                    
Downloaded from central: https://repo1.maven.org/maven2/org/apache/maven/scm/maven-scm-api/2.1.0/maven-scm-api-2.1.0.pom (2.2 kB at 30 kB/s)
Downloading from central: https://repo1.maven.org/maven2/org/apache/maven/scm/maven-scm/2.1.0/maven-scm-2.1.0.pom
Progress (1): 799 B
Progress (1): 2.6 kB
Progress (1): 5.9 kB
Progress (1): 9.3 kB
Progress (1): 13 kB 
Progress (1): 16 kB
Progress (1): 21 kB
                   
Downloaded from central: https://repo1.maven.org/maven2/org/apache/maven/scm/maven-scm/2.1.0/maven-scm-2.1.0.pom (21 kB at 208 kB/s)
Downloading from central: https://repo1.maven.org/maven2/org/apache/maven/scm/maven-scm-manager-plexus/2.1.0/maven-scm-manager-plexus-2.1.0.pom
Progress (1): 886 B
Progress (1): 1.9 kB
                    
Downloaded from central: https://repo1.maven.org/maven2/org/apache/maven/scm/maven-scm-manager-plexus/2.1.0/maven-scm-manager-plexus-2.1.0.pom (1.9 kB at 23 kB/s)
Downloading from central: https://repo1.maven.org/maven2/org/apache/maven/scm/maven-scm-managers/2.1.0/maven-scm-managers-2.1.0.pom
Progress (1): 889 B
Progress (1): 1.5 kB
                    
Downloaded from central: https://repo1.maven.org/maven2/org/apache/maven/scm/maven-scm-managers/2.1.0/maven-scm-managers-2.1.0.pom (1.5 kB at 25 kB/s)
Downloading from central: https://repo1.maven.org/maven2/org/apache/maven/scm/maven-scm-provider-svnexe/2.1.0/maven-scm-provider-svnexe-2.1.0.pom
Progress (1): 875 B
Progress (1): 2.6 kB
                    
Downloaded from central: https://repo1.maven.org/maven2/org/apache/maven/scm/maven-scm-provider-svnexe/2.1.0/maven-scm-provider-svnexe-2.1.0.pom (2.6 kB at 30 kB/s)
Downloading from central: https://repo1.maven.org/maven2/org/apache/maven/scm/maven-scm-providers-svn/2.1.0/maven-scm-providers-svn-2.1.0.pom
Progress (1): 875 B
Progress (1): 2.2 kB
                    
Downloaded from central: https://repo1.maven.org/maven2/org/apache/maven/scm/maven-scm-providers-svn/2.1.0/maven-scm-providers-svn-2.1.0.pom (2.2 kB at 22 kB/s)
Downloading from central: https://repo1.maven.org/maven2/org/apache/maven/scm/maven-scm-providers/2.1.0/maven-scm-providers-2.1.0.pom
Progress (1): 851 B
Progress (1): 3.5 kB
Progress (1): 3.5 kB
                    
Downloaded from central: https://repo1.maven.org/maven2/org/apache/maven/scm/maven-scm-providers/2.1.0/maven-scm-providers-2.1.0.pom (3.5 kB at 40 kB/s)
Downloading from central: https://repo1.maven.org/maven2/org/apache/maven/scm/maven-scm-provider-svn-commons/2.1.0/maven-scm-provider-svn-commons-2.1.0.pom
Progress (1): 845 B
Progress (1): 2.7 kB
Progress (1): 3.4 kB
                    
Downloaded from central: https://repo1.maven.org/maven2/org/apache/maven/scm/maven-scm-provider-svn-commons/2.1.0/maven-scm-provider-svn-commons-2.1.0.pom (3.4 kB at 45 kB/s)
Downloading from central: https://repo1.maven.org/maven2/org/apache/maven/scm/maven-scm-provider-gitexe/2.1.0/maven-scm-provider-gitexe-2.1.0.pom
Progress (1): 875 B
Progress (1): 2.6 kB
                    
Downloaded from central: https://repo1.maven.org/maven2/org/apache/maven/scm/maven-scm-provider-gitexe/2.1.0/maven-scm-provider-gitexe-2.1.0.pom (2.6 kB at 43 kB/s)
Downloading from central: https://repo1.maven.org/maven2/org/apache/maven/scm/maven-scm-providers-git/2.1.0/maven-scm-providers-git-2.1.0.pom
Progress (1): 875 B
Progress (1): 2.2 kB
                    
Downloaded from central: https://repo1.maven.org/maven2/org/apache/maven/scm/maven-scm-providers-git/2.1.0/maven-scm-providers-git-2.1.0.pom (2.2 kB at 32 kB/s)
Downloading from central: https://repo1.maven.org/maven2/commons-io/commons-io/2.16.1/commons-io-2.16.1.pom
Progress (1): 762 B
Progress (1): 2.0 kB
Progress (1): 4.9 kB
Progress (1): 6.7 kB
Progress (1): 8.8 kB
Progress (1): 12 kB 
Progress (1): 15 kB
Progress (1): 18 kB
Progress (1): 20 kB
                   
Downloaded from central: https://repo1.maven.org/maven2/commons-io/commons-io/2.16.1/commons-io-2.16.1.pom (20 kB at 370 kB/s)
Downloading from central: https://repo1.maven.org/maven2/org/apache/commons/commons-text/1.11.0/commons-text-1.11.0.pom
Progress (1): 744 B
Progress (1): 2.3 kB
Progress (1): 3.9 kB
Progress (1): 6.8 kB
Progress (1): 10 kB 
Progress (1): 14 kB
Progress (1): 16 kB
Progress (1): 19 kB
                   
Downloaded from central: https://repo1.maven.org/maven2/org/apache/commons/commons-text/1.11.0/commons-text-1.11.0.pom (19 kB at 356 kB/s)
Downloading from central: https://repo1.maven.org/maven2/org/apache/commons/commons-lang3/3.13.0/commons-lang3-3.13.0.pom
Progress (1): 741 B
Progress (1): 2.0 kB
Progress (1): 4.7 kB
Progress (1): 8.4 kB
Progress (1): 12 kB 
Progress (1): 15 kB
Progress (1): 17 kB
Progress (1): 18 kB
Progress (1): 21 kB
Progress (1): 24 kB
Progress (1): 28 kB
Progress (1): 30 kB
Progress (1): 31 kB
                   
Downloaded from central: https://repo1.maven.org/maven2/org/apache/commons/commons-lang3/3.13.0/commons-lang3-3.13.0.pom (31 kB at 585 kB/s)
Downloading from central: https://repo1.maven.org/maven2/org/apache/maven/scm/maven-scm-provider-git-commons/2.1.0/maven-scm-provider-git-commons-2.1.0.pom
Progress (1): 845 B
Progress (1): 2.7 kB
Progress (1): 3.4 kB
                    
Downloaded from central: https://repo1.maven.org/maven2/org/apache/maven/scm/maven-scm-provider-git-commons/2.1.0/maven-scm-provider-git-commons-2.1.0.pom (3.4 kB at 54 kB/s)
Downloading from central: https://repo1.maven.org/maven2/org/apache/maven/scm/maven-scm-provider-hg/2.1.0/maven-scm-provider-hg-2.1.0.pom
Progress (1): 857 B
Progress (1): 2.6 kB
Progress (1): 2.9 kB
                    
Downloaded from central: https://repo1.maven.org/maven2/org/apache/maven/scm/maven-scm-provider-hg/2.1.0/maven-scm-provider-hg-2.1.0.pom (2.9 kB at 41 kB/s)
Downloading from central: https://repo1.maven.org/maven2/com/google/code/maven-scm-provider-svnjava/maven-scm-provider-svnjava/2.3.0/maven-scm-provider-svnjava-2.3.0.pom
Progress (1): 798 B
Progress (1): 2.3 kB
Progress (1): 4.6 kB
Progress (1): 7.6 kB
Progress (1): 9.7 kB
                    
Downloaded from central: https://repo1.maven.org/maven2/com/google/code/maven-scm-provider-svnjava/maven-scm-provider-svnjava/2.3.0/maven-scm-provider-svnjava-2.3.0.pom (9.7 kB at 136 kB/s)
Downloading from central: https://repo1.maven.org/maven2/org/apache/maven/scm/maven-scm-provider-svn-commons/2.0.0-M3/maven-scm-provider-svn-commons-2.0.0-M3.pom
Progress (1): 844 B
Progress (1): 2.5 kB
Progress (1): 3.4 kB
                    
Downloaded from central: https://repo1.maven.org/maven2/org/apache/maven/scm/maven-scm-provider-svn-commons/2.0.0-M3/maven-scm-provider-svn-commons-2.0.0-M3.pom (3.4 kB at 53 kB/s)
Downloading from central: https://repo1.maven.org/maven2/org/apache/maven/scm/maven-scm-providers-svn/2.0.0-M3/maven-scm-providers-svn-2.0.0-M3.pom
Progress (1): 859 B
Progress (1): 2.2 kB
                    
Downloaded from central: https://repo1.maven.org/maven2/org/apache/maven/scm/maven-scm-providers-svn/2.0.0-M3/maven-scm-providers-svn-2.0.0-M3.pom (2.2 kB at 30 kB/s)
Downloading from central: https://repo1.maven.org/maven2/org/apache/maven/scm/maven-scm-providers/2.0.0-M3/maven-scm-providers-2.0.0-M3.pom
Progress (1): 847 B
Progress (1): 3.5 kB
Progress (1): 3.5 kB
                    
Downloaded from central: https://repo1.maven.org/maven2/org/apache/maven/scm/maven-scm-providers/2.0.0-M3/maven-scm-providers-2.0.0-M3.pom (3.5 kB at 38 kB/s)
Downloading from central: https://repo1.maven.org/maven2/org/apache/maven/scm/maven-scm/2.0.0-M3/maven-scm-2.0.0-M3.pom
Progress (1): 789 B
Progress (1): 2.6 kB
Progress (1): 5.4 kB
Progress (1): 9.9 kB
Progress (1): 13 kB 
Progress (1): 16 kB
Progress (1): 21 kB
Progress (1): 22 kB
                   
Downloaded from central: https://repo1.maven.org/maven2/org/apache/maven/scm/maven-scm/2.0.0-M3/maven-scm-2.0.0-M3.pom (22 kB at 318 kB/s)
Downloading from central: https://repo1.maven.org/maven2/org/apache/maven/scm/maven-scm-api/2.0.0-M3/maven-scm-api-2.0.0-M3.pom
Progress (1): 876 B
Progress (1): 2.0 kB
                    
Downloaded from central: https://repo1.maven.org/maven2/org/apache/maven/scm/maven-scm-api/2.0.0-M3/maven-scm-api-2.0.0-M3.pom (2.0 kB at 33 kB/s)
Downloading from central: https://repo1.maven.org/maven2/net/java/dev/jna/jna/5.12.1/jna-5.12.1.pom
Progress (1): 1.4 kB
Progress (1): 2.0 kB
                    
Downloaded from central: https://repo1.maven.org/maven2/net/java/dev/jna/jna/5.12.1/jna-5.12.1.pom (2.0 kB at 44 kB/s)
Downloading from central: https://repo1.maven.org/maven2/org/tmatesoft/svnkit/svnkit/1.10.11/svnkit-1.10.11.pom
Progress (1): 1.0 kB
Progress (1): 3.8 kB
                    
Downloaded from central: https://repo1.maven.org/maven2/org/tmatesoft/svnkit/svnkit/1.10.11/svnkit-1.10.11.pom (3.8 kB at 51 kB/s)
Downloading from central: https://repo1.maven.org/maven2/org/apache/sshd/sshd-core/2.9.2/sshd-core-2.9.2.pom
Progress (1): 915 B
Progress (1): 3.4 kB
Progress (1): 6.3 kB
Progress (1): 9.8 kB
Progress (1): 12 kB 
                   
Downloaded from central: https://repo1.maven.org/maven2/org/apache/sshd/sshd-core/2.9.2/sshd-core-2.9.2.pom (12 kB at 146 kB/s)
Downloading from central: https://repo1.maven.org/maven2/org/apache/sshd/sshd/2.9.2/sshd-2.9.2.pom
Progress (1): 858 B
Progress (1): 2.6 kB
Progress (1): 4.5 kB
Progress (1): 6.3 kB
Progress (1): 8.9 kB
Progress (1): 12 kB 
Progress (1): 19 kB
Progress (1): 25 kB
Progress (1): 30 kB
Progress (1): 34 kB
Progress (1): 40 kB
Progress (1): 46 kB
Progress (1): 54 kB
Progress (1): 56 kB
Progress (1): 60 kB
Progress (1): 61 kB
Progress (1): 65 kB
Progress (1): 69 kB
Progress (1): 72 kB
Progress (1): 75 kB
Progress (1): 77 kB
                   
Downloaded from central: https://repo1.maven.org/maven2/org/apache/sshd/sshd/2.9.2/sshd-2.9.2.pom (77 kB at 1.4 MB/s)
Downloading from central: https://repo1.maven.org/maven2/org/testcontainers/testcontainers-bom/1.16.2/testcontainers-bom-1.16.2.pom
Progress (1): 1.2 kB
Progress (1): 7.2 kB
                    
Downloaded from central: https://repo1.maven.org/maven2/org/testcontainers/testcontainers-bom/1.16.2/testcontainers-bom-1.16.2.pom (7.2 kB at 136 kB/s)
Downloading from central: https://repo1.maven.org/maven2/org/springframework/spring-framework-bom/5.3.20/spring-framework-bom-5.3.20.pom
Progress (1): 976 B
Progress (1): 5.7 kB
                    
Downloaded from central: https://repo1.maven.org/maven2/org/springframework/spring-framework-bom/5.3.20/spring-framework-bom-5.3.20.pom (5.7 kB at 99 kB/s)
Downloading from central: https://repo1.maven.org/maven2/org/apache/sshd/sshd-common/2.9.2/sshd-common-2.9.2.pom
Progress (1): 905 B
Progress (1): 2.7 kB
Progress (1): 4.7 kB
                    
Downloaded from central: https://repo1.maven.org/maven2/org/apache/sshd/sshd-common/2.9.2/sshd-common-2.9.2.pom (4.7 kB at 54 kB/s)
Downloading from central: https://repo1.maven.org/maven2/org/slf4j/slf4j-api/1.7.32/slf4j-api-1.7.32.pom
Progress (1): 1.0 kB
Progress (1): 3.3 kB
Progress (1): 3.8 kB
                    
Downloaded from central: https://repo1.maven.org/maven2/org/slf4j/slf4j-api/1.7.32/slf4j-api-1.7.32.pom (3.8 kB at 72 kB/s)
Downloading from central: https://repo1.maven.org/maven2/org/slf4j/slf4j-parent/1.7.32/slf4j-parent-1.7.32.pom
Progress (1): 1.0 kB
Progress (1): 3.2 kB
Progress (1): 6.0 kB
Progress (1): 9.1 kB
Progress (1): 12 kB 
Progress (1): 14 kB
                   
Downloaded from central: https://repo1.maven.org/maven2/org/slf4j/slf4j-parent/1.7.32/slf4j-parent-1.7.32.pom (14 kB at 271 kB/s)
Downloading from central: https://repo1.maven.org/maven2/org/slf4j/jcl-over-slf4j/1.7.32/jcl-over-slf4j-1.7.32.pom
Progress (1): 1.2 kB
                    
Downloaded from central: https://repo1.maven.org/maven2/org/slf4j/jcl-over-slf4j/1.7.32/jcl-over-slf4j-1.7.32.pom (1.2 kB at 25 kB/s)
Downloading from central: https://repo1.maven.org/maven2/net/i2p/crypto/eddsa/0.3.0/eddsa-0.3.0.pom
Progress (1): 1.0 kB
Progress (1): 3.6 kB
Progress (1): 5.7 kB
Progress (1): 6.8 kB
                    
Downloaded from central: https://repo1.maven.org/maven2/net/i2p/crypto/eddsa/0.3.0/eddsa-0.3.0.pom (6.8 kB at 121 kB/s)
Downloading from central: https://repo1.maven.org/maven2/de/regnis/q/sequence/sequence-library/1.0.4/sequence-library-1.0.4.pom
Progress (1): 1.2 kB
Progress (1): 1.7 kB
                    
Downloaded from central: https://repo1.maven.org/maven2/de/regnis/q/sequence/sequence-library/1.0.4/sequence-library-1.0.4.pom (1.7 kB at 20 kB/s)
Downloading from central: https://repo1.maven.org/maven2/org/tmatesoft/sqljet/sqljet/1.1.15/sqljet-1.1.15.pom
Progress (1): 1.2 kB
Progress (1): 2.8 kB
                    
Downloaded from central: https://repo1.maven.org/maven2/org/tmatesoft/sqljet/sqljet/1.1.15/sqljet-1.1.15.pom (2.8 kB at 54 kB/s)
Downloading from central: https://repo1.maven.org/maven2/org/antlr/antlr-runtime/3.4/antlr-runtime-3.4.pom
Progress (1): 968 B
Progress (1): 3.1 kB
                    
Downloaded from central: https://repo1.maven.org/maven2/org/antlr/antlr-runtime/3.4/antlr-runtime-3.4.pom (3.1 kB at 65 kB/s)
Downloading from central: https://repo1.maven.org/maven2/org/antlr/antlr-master/3.4/antlr-master-3.4.pom
Progress (1): 835 B
Progress (1): 2.3 kB
Progress (1): 4.3 kB
Progress (1): 6.8 kB
Progress (1): 8.9 kB
Progress (1): 9.4 kB
                    
Downloaded from central: https://repo1.maven.org/maven2/org/antlr/antlr-master/3.4/antlr-master-3.4.pom (9.4 kB at 168 kB/s)
Downloading from central: https://repo1.maven.org/maven2/net/java/dev/jna/jna/5.6.0/jna-5.6.0.pom
Progress (1): 1.4 kB
Progress (1): 1.6 kB
                    
Downloaded from central: https://repo1.maven.org/maven2/net/java/dev/jna/jna/5.6.0/jna-5.6.0.pom (1.6 kB at 31 kB/s)
Downloading from central: https://repo1.maven.org/maven2/net/java/dev/jna/jna-platform/5.6.0/jna-platform-5.6.0.pom
Progress (1): 1.3 kB
Progress (1): 1.8 kB
                    
Downloaded from central: https://repo1.maven.org/maven2/net/java/dev/jna/jna-platform/5.6.0/jna-platform-5.6.0.pom (1.8 kB at 37 kB/s)
Downloading from central: https://repo1.maven.org/maven2/com/trilead/trilead-ssh2/1.0.0-build222/trilead-ssh2-1.0.0-build222.pom
Progress (1): 1.2 kB
                    
Downloaded from central: https://repo1.maven.org/maven2/com/trilead/trilead-ssh2/1.0.0-build222/trilead-ssh2-1.0.0-build222.pom (1.2 kB at 16 kB/s)
Downloading from central: https://repo1.maven.org/maven2/com/jcraft/jsch.agentproxy.connector-factory/0.0.9/jsch.agentproxy.connector-factory-0.0.9.pom
Progress (1): 1.7 kB
                    
Downloaded from central: https://repo1.maven.org/maven2/com/jcraft/jsch.agentproxy.connector-factory/0.0.9/jsch.agentproxy.connector-factory-0.0.9.pom (1.7 kB at 36 kB/s)
Downloading from central: https://repo1.maven.org/maven2/com/jcraft/jsch.agentproxy/0.0.9/jsch.agentproxy-0.0.9.pom
Progress (1): 1.3 kB
Progress (1): 3.9 kB
Progress (1): 4.3 kB
                    
Downloaded from central: https://repo1.maven.org/maven2/com/jcraft/jsch.agentproxy/0.0.9/jsch.agentproxy-0.0.9.pom (4.3 kB at 22 kB/s)
Downloading from central: https://repo1.maven.org/maven2/com/jcraft/jsch.agentproxy.core/0.0.9/jsch.agentproxy.core-0.0.9.pom
Progress (1): 804 B
                   
Downloaded from central: https://repo1.maven.org/maven2/com/jcraft/jsch.agentproxy.core/0.0.9/jsch.agentproxy.core-0.0.9.pom (804 B at 16 kB/s)
Downloading from central: https://repo1.maven.org/maven2/com/jcraft/jsch.agentproxy.usocket-jna/0.0.9/jsch.agentproxy.usocket-jna-0.0.9.pom
Progress (1): 1.3 kB
                    
Downloaded from central: https://repo1.maven.org/maven2/com/jcraft/jsch.agentproxy.usocket-jna/0.0.9/jsch.agentproxy.usocket-jna-0.0.9.pom (1.3 kB at 30 kB/s)
Downloading from central: https://repo1.maven.org/maven2/com/jcraft/jsch.agentproxy.usocket-nc/0.0.9/jsch.agentproxy.usocket-nc-0.0.9.pom
Progress (1): 996 B
                   
Downloaded from central: https://repo1.maven.org/maven2/com/jcraft/jsch.agentproxy.usocket-nc/0.0.9/jsch.agentproxy.usocket-nc-0.0.9.pom (996 B at 23 kB/s)
Downloading from central: https://repo1.maven.org/maven2/com/jcraft/jsch.agentproxy.sshagent/0.0.9/jsch.agentproxy.sshagent-0.0.9.pom
Progress (1): 971 B
                   
Downloaded from central: https://repo1.maven.org/maven2/com/jcraft/jsch.agentproxy.sshagent/0.0.9/jsch.agentproxy.sshagent-0.0.9.pom (971 B at 22 kB/s)
Downloading from central: https://repo1.maven.org/maven2/com/jcraft/jsch.agentproxy.pageant/0.0.9/jsch.agentproxy.pageant-0.0.9.pom
Progress (1): 1.3 kB
                    
Downloaded from central: https://repo1.maven.org/maven2/com/jcraft/jsch.agentproxy.pageant/0.0.9/jsch.agentproxy.pageant-0.0.9.pom (1.3 kB at 30 kB/s)
Downloading from central: https://repo1.maven.org/maven2/com/jcraft/jsch.agentproxy.svnkit-trilead-ssh2/0.0.9/jsch.agentproxy.svnkit-trilead-ssh2-0.0.9.pom
Progress (1): 1.1 kB
                    
Downloaded from central: https://repo1.maven.org/maven2/com/jcraft/jsch.agentproxy.svnkit-trilead-ssh2/0.0.9/jsch.agentproxy.svnkit-trilead-ssh2-0.0.9.pom (1.1 kB at 29 kB/s)
Downloading from central: https://repo1.maven.org/maven2/com/trilead/trilead-ssh2/1.0.0-build217/trilead-ssh2-1.0.0-build217.pom
Progress (1): 1.1 kB
                    
Downloaded from central: https://repo1.maven.org/maven2/com/trilead/trilead-ssh2/1.0.0-build217/trilead-ssh2-1.0.0-build217.pom (1.1 kB at 27 kB/s)
Downloading from central: https://repo1.maven.org/maven2/org/lz4/lz4-java/1.4.1/lz4-java-1.4.1.pom
Progress (1): 853 B
Progress (1): 2.0 kB
                    
Downloaded from central: https://repo1.maven.org/maven2/org/lz4/lz4-java/1.4.1/lz4-java-1.4.1.pom (2.0 kB at 27 kB/s)
Downloading from central: https://repo1.maven.org/maven2/org/codehaus/plexus/plexus-xml/3.0.1/plexus-xml-3.0.1.pom
Progress (1): 814 B
Progress (1): 2.6 kB
Progress (1): 3.7 kB
                    
Downloaded from central: https://repo1.maven.org/maven2/org/codehaus/plexus/plexus-xml/3.0.1/plexus-xml-3.0.1.pom (3.7 kB at 74 kB/s)
Downloading from central: https://repo1.maven.org/maven2/org/codehaus/plexus/plexus/18/plexus-18.pom
Progress (1): 692 B
Progress (1): 2.5 kB
Progress (1): 6.4 kB
Progress (1): 8.9 kB
Progress (1): 10 kB 
Progress (1): 14 kB
Progress (1): 18 kB
Progress (1): 21 kB
Progress (1): 25 kB
Progress (1): 29 kB
Progress (1): 29 kB
                   
Downloaded from central: https://repo1.maven.org/maven2/org/codehaus/plexus/plexus/18/plexus-18.pom (29 kB at 585 kB/s)
Downloading from central: https://repo1.maven.org/maven2/com/google/code/gson/gson/2.11.0/gson-2.11.0.pom
Progress (1): 723 B
Progress (1): 1.9 kB
Progress (1): 4.0 kB
Progress (1): 6.3 kB
Progress (1): 9.8 kB
Progress (1): 12 kB 
Progress (1): 12 kB
                   
Downloaded from central: https://repo1.maven.org/maven2/com/google/code/gson/gson/2.11.0/gson-2.11.0.pom (12 kB at 236 kB/s)
Downloading from central: https://repo1.maven.org/maven2/com/google/code/gson/gson-parent/2.11.0/gson-parent-2.11.0.pom
Progress (1): 708 B
Progress (1): 2.0 kB
Progress (1): 3.9 kB
Progress (1): 5.7 kB
Progress (1): 7.2 kB
Progress (1): 9.1 kB
Progress (1): 11 kB 
Progress (1): 13 kB
Progress (1): 15 kB
Progress (1): 17 kB
Progress (1): 19 kB
Progress (1): 21 kB
Progress (1): 23 kB
Progress (1): 26 kB
                   
Downloaded from central: https://repo1.maven.org/maven2/com/google/code/gson/gson-parent/2.11.0/gson-parent-2.11.0.pom (26 kB at 473 kB/s)
Downloading from central: https://repo1.maven.org/maven2/com/google/errorprone/error_prone_annotations/2.27.0/error_prone_annotations-2.27.0.pom
Progress (1): 759 B
Progress (1): 2.8 kB
Progress (1): 4.3 kB
                    
Downloaded from central: https://repo1.maven.org/maven2/com/google/errorprone/error_prone_annotations/2.27.0/error_prone_annotations-2.27.0.pom (4.3 kB at 87 kB/s)
Downloading from central: https://repo1.maven.org/maven2/com/google/errorprone/error_prone_parent/2.27.0/error_prone_parent-2.27.0.pom
Progress (1): 720 B
Progress (1): 2.1 kB
Progress (1): 4.1 kB
Progress (1): 6.5 kB
Progress (1): 11 kB 
Progress (1): 13 kB
                   
Downloaded from central: https://repo1.maven.org/maven2/com/google/errorprone/error_prone_parent/2.27.0/error_prone_parent-2.27.0.pom (13 kB at 273 kB/s)
Downloading from central: https://repo1.maven.org/maven2/org/apache/maven/scm/maven-scm-api/2.1.0/maven-scm-api-2.1.0.jar
Downloading from central: https://repo1.maven.org/maven2/org/apache/commons/commons-lang3/3.14.0/commons-lang3-3.14.0.jar
Downloading from central: https://repo1.maven.org/maven2/org/apache/maven/scm/maven-scm-provider-svnexe/2.1.0/maven-scm-provider-svnexe-2.1.0.jar
Downloading from central: https://repo1.maven.org/maven2/org/apache/maven/scm/maven-scm-manager-plexus/2.1.0/maven-scm-manager-plexus-2.1.0.jar
Downloading from central: https://repo1.maven.org/maven2/org/apache/maven/scm/maven-scm-provider-gitexe/2.1.0/maven-scm-provider-gitexe-2.1.0.jar
Progress (1): 7.7/658 kB
Progress (1): 16/658 kB 
Progress (1): 32/658 kB
Progress (1): 49/658 kB
Progress (1): 65/658 kB
Progress (1): 81/658 kB
Progress (1): 98/658 kB
Progress (1): 114/658 kB
Progress (1): 131/658 kB
Progress (1): 147/658 kB
Progress (1): 163/658 kB
Progress (1): 180/658 kB
Progress (1): 196/658 kB
Progress (1): 213/658 kB
Progress (1): 229/658 kB
Progress (1): 245/658 kB
Progress (1): 262/658 kB
Progress (1): 278/658 kB
Progress (1): 294/658 kB
Progress (1): 311/658 kB
Progress (1): 327/658 kB
Progress (1): 344/658 kB
Progress (1): 360/658 kB
Progress (1): 376/658 kB
Progress (1): 393/658 kB
Progress (1): 409/658 kB
Progress (1): 426/658 kB
Progress (1): 442/658 kB
Progress (1): 458/658 kB
Progress (1): 475/658 kB
Progress (1): 491/658 kB
Progress (1): 507/658 kB
Progress (1): 524/658 kB
Progress (1): 540/658 kB
Progress (1): 557/658 kB
Progress (1): 573/658 kB
Progress (1): 589/658 kB
Progress (1): 606/658 kB
Progress (1): 622/658 kB
Progress (2): 622/658 kB | 7.7/109 kB
Progress (2): 639/658 kB | 7.7/109 kB
Progress (2): 655/658 kB | 7.7/109 kB
Progress (2): 658 kB | 7.7/109 kB    
Progress (2): 658 kB | 12/109 kB 
Progress (2): 658 kB | 16/109 kB
Progress (2): 658 kB | 33/109 kB
Progress (2): 658 kB | 41/109 kB
Progress (2): 658 kB | 57/109 kB
Progress (2): 658 kB | 74/109 kB
Progress (2): 658 kB | 90/109 kB
Progress (2): 658 kB | 106/109 kB
Progress (2): 658 kB | 109 kB    
Progress (3): 658 kB | 109 kB | 7.8/8.9 kB
Progress (3): 658 kB | 109 kB | 8.9 kB    
Progress (4): 658 kB | 109 kB | 8.9 kB | 7.7/75 kB
                                                  
Downloaded from central: https://repo1.maven.org/maven2/org/apache/maven/scm/maven-scm-api/2.1.0/maven-scm-api-2.1.0.jar (109 kB at 1.5 MB/s)
Downloading from central: https://repo1.maven.org/maven2/commons-io/commons-io/2.16.1/commons-io-2.16.1.jar
Progress (3): 658 kB | 8.9 kB | 16/75 kB
Progress (3): 658 kB | 8.9 kB | 32/75 kB
Progress (3): 658 kB | 8.9 kB | 48/75 kB
Progress (3): 658 kB | 8.9 kB | 65/75 kB
Progress (3): 658 kB | 8.9 kB | 75 kB   
                                     
Downloaded from central: https://repo1.maven.org/maven2/org/apache/commons/commons-lang3/3.14.0/commons-lang3-3.14.0.jar (658 kB at 9.0 MB/s)
Downloading from central: https://repo1.maven.org/maven2/org/apache/commons/commons-text/1.11.0/commons-text-1.11.0.jar
Progress (3): 8.9 kB | 75 kB | 7.8/84 kB
Progress (3): 8.9 kB | 75 kB | 16/84 kB 
Progress (3): 8.9 kB | 75 kB | 32/84 kB
Progress (3): 8.9 kB | 75 kB | 49/84 kB
Progress (3): 8.9 kB | 75 kB | 65/84 kB
Progress (3): 8.9 kB | 75 kB | 81/84 kB
Progress (3): 8.9 kB | 75 kB | 84 kB   
                                    
Downloaded from central: https://repo1.maven.org/maven2/org/apache/maven/scm/maven-scm-manager-plexus/2.1.0/maven-scm-manager-plexus-2.1.0.jar (8.9 kB at 107 kB/s)
Downloading from central: https://repo1.maven.org/maven2/org/apache/maven/scm/maven-scm-provider-git-commons/2.1.0/maven-scm-provider-git-commons-2.1.0.jar
Downloaded from central: https://repo1.maven.org/maven2/org/apache/maven/scm/maven-scm-provider-gitexe/2.1.0/maven-scm-provider-gitexe-2.1.0.jar (75 kB at 815 kB/s)
Downloading from central: https://repo1.maven.org/maven2/org/apache/maven/scm/maven-scm-provider-svn-commons/2.1.0/maven-scm-provider-svn-commons-2.1.0.jar
Downloaded from central: https://repo1.maven.org/maven2/org/apache/maven/scm/maven-scm-provider-svnexe/2.1.0/maven-scm-provider-svnexe-2.1.0.jar (84 kB at 902 kB/s)
Downloading from central: https://repo1.maven.org/maven2/org/apache/maven/scm/maven-scm-provider-hg/2.1.0/maven-scm-provider-hg-2.1.0.jar
Progress (1): 7.7/247 kB
Progress (1): 12/247 kB 
Progress (2): 12/247 kB | 7.7/509 kB
Progress (2): 29/247 kB | 7.7/509 kB
Progress (2): 45/247 kB | 7.7/509 kB
Progress (2): 61/247 kB | 7.7/509 kB
Progress (2): 78/247 kB | 7.7/509 kB
Progress (2): 78/247 kB | 16/509 kB 
Progress (2): 78/247 kB | 32/509 kB
Progress (2): 94/247 kB | 32/509 kB
Progress (2): 94/247 kB | 48/509 kB
Progress (2): 94/247 kB | 65/509 kB
Progress (2): 111/247 kB | 65/509 kB
Progress (2): 127/247 kB | 65/509 kB
Progress (2): 127/247 kB | 81/509 kB
Progress (2): 143/247 kB | 81/509 kB
Progress (2): 160/247 kB | 81/509 kB
Progress (2): 160/247 kB | 98/509 kB
Progress (2): 176/247 kB | 98/509 kB
Progress (2): 176/247 kB | 114/509 kB
Progress (2): 193/247 kB | 114/509 kB
Progress (2): 193/247 kB | 130/509 kB
Progress (2): 209/247 kB | 130/509 kB
Progress (2): 209/247 kB | 147/509 kB
Progress (2): 225/247 kB | 147/509 kB
Progress (2): 225/247 kB | 163/509 kB
Progress (2): 242/247 kB | 163/509 kB
Progress (2): 247 kB | 163/509 kB    
Progress (2): 247 kB | 180/509 kB
Progress (2): 247 kB | 196/509 kB
Progress (2): 247 kB | 212/509 kB
Progress (2): 247 kB | 229/509 kB
Progress (2): 247 kB | 245/509 kB
Progress (2): 247 kB | 261/509 kB
Progress (2): 247 kB | 278/509 kB
Progress (2): 247 kB | 294/509 kB
Progress (2): 247 kB | 311/509 kB
Progress (2): 247 kB | 327/509 kB
Progress (2): 247 kB | 343/509 kB
Progress (2): 247 kB | 360/509 kB
Progress (2): 247 kB | 376/509 kB
Progress (2): 247 kB | 393/509 kB
Progress (2): 247 kB | 409/509 kB
Progress (2): 247 kB | 425/509 kB
Progress (2): 247 kB | 442/509 kB
Progress (2): 247 kB | 458/509 kB
Progress (2): 247 kB | 474/509 kB
Progress (2): 247 kB | 491/509 kB
Progress (2): 247 kB | 507/509 kB
Progress (2): 247 kB | 509 kB    
                             
Downloaded from central: https://repo1.maven.org/maven2/org/apache/commons/commons-text/1.11.0/commons-text-1.11.0.jar (247 kB at 2.0 MB/s)
Downloading from central: https://repo1.maven.org/maven2/com/google/code/maven-scm-provider-svnjava/maven-scm-provider-svnjava/2.3.0/maven-scm-provider-svnjava-2.3.0.jar
Downloaded from central: https://repo1.maven.org/maven2/commons-io/commons-io/2.16.1/commons-io-2.16.1.jar (509 kB at 3.8 MB/s)
Downloading from central: https://repo1.maven.org/maven2/net/java/dev/jna/jna/5.12.1/jna-5.12.1.jar
Progress (1): 7.7/37 kB
Progress (1): 16/37 kB 
Progress (1): 25/37 kB
Progress (1): 37 kB   
Progress (2): 37 kB | 7.8/40 kB
Progress (2): 37 kB | 16/40 kB 
Progress (2): 37 kB | 32/40 kB
Progress (2): 37 kB | 40 kB   
Progress (3): 37 kB | 40 kB | 0/1.9 MB
Progress (3): 37 kB | 40 kB | 0/1.9 MB
Progress (3): 37 kB | 40 kB | 0/1.9 MB
Progress (4): 37 kB | 40 kB | 0/1.9 MB | 7.7/67 kB
Progress (4): 37 kB | 40 kB | 0/1.9 MB | 7.7/67 kB
Progress (4): 37 kB | 40 kB | 0.1/1.9 MB | 7.7/67 kB
Progress (4): 37 kB | 40 kB | 0.1/1.9 MB | 7.7/67 kB
                                                    
Downloaded from central: https://repo1.maven.org/maven2/org/apache/maven/scm/maven-scm-provider-git-commons/2.1.0/maven-scm-provider-git-commons-2.1.0.jar (37 kB at 190 kB/s)
Progress (3): 40 kB | 0.1/1.9 MB | 7.7/67 kB
                                            
Downloading from central: https://repo1.maven.org/maven2/org/tmatesoft/svnkit/svnkit/1.10.11/svnkit-1.10.11.jar
Progress (3): 40 kB | 0.1/1.9 MB | 7.7/67 kB
Progress (3): 40 kB | 0.1/1.9 MB | 7.7/67 kB
Progress (3): 40 kB | 0.1/1.9 MB | 16/67 kB 
Progress (4): 40 kB | 0.1/1.9 MB | 16/67 kB | 8.2/69 kB
Progress (4): 40 kB | 0.1/1.9 MB | 16/67 kB | 8.2/69 kB
Progress (4): 40 kB | 0.1/1.9 MB | 32/67 kB | 8.2/69 kB
Progress (4): 40 kB | 0.2/1.9 MB | 32/67 kB | 8.2/69 kB
Progress (4): 40 kB | 0.2/1.9 MB | 49/67 kB | 8.2/69 kB
Progress (4): 40 kB | 0.2/1.9 MB | 57/67 kB | 8.2/69 kB
Progress (4): 40 kB | 0.2/1.9 MB | 57/67 kB | 8.2/69 kB
Progress (4): 40 kB | 0.2/1.9 MB | 57/67 kB | 25/69 kB 
Progress (4): 40 kB | 0.2/1.9 MB | 57/67 kB | 41/69 kB
Progress (4): 40 kB | 0.2/1.9 MB | 57/67 kB | 41/69 kB
Progress (4): 40 kB | 0.2/1.9 MB | 67 kB | 41/69 kB   
Progress (4): 40 kB | 0.2/1.9 MB | 67 kB | 41/69 kB
Progress (4): 40 kB | 0.2/1.9 MB | 67 kB | 57/69 kB
Progress (4): 40 kB | 0.2/1.9 MB | 67 kB | 57/69 kB
Progress (4): 40 kB | 0.2/1.9 MB | 67 kB | 69 kB   
Progress (4): 40 kB | 0.2/1.9 MB | 67 kB | 69 kB
Progress (4): 40 kB | 0.3/1.9 MB | 67 kB | 69 kB
Progress (4): 40 kB | 0.3/1.9 MB | 67 kB | 69 kB
Progress (4): 40 kB | 0.3/1.9 MB | 67 kB | 69 kB
Progress (4): 40 kB | 0.3/1.9 MB | 67 kB | 69 kB
Progress (4): 40 kB | 0.3/1.9 MB | 67 kB | 69 kB
Progress (4): 40 kB | 0.3/1.9 MB | 67 kB | 69 kB
Progress (4): 40 kB | 0.4/1.9 MB | 67 kB | 69 kB
Progress (4): 40 kB | 0.4/1.9 MB | 67 kB | 69 kB
Progress (4): 40 kB | 0.4/1.9 MB | 67 kB | 69 kB
                                                
Downloaded from central: https://repo1.maven.org/maven2/org/apache/maven/scm/maven-scm-provider-svn-commons/2.1.0/maven-scm-provider-svn-commons-2.1.0.jar (40 kB at 201 kB/s)
Progress (3): 0.4/1.9 MB | 67 kB | 69 kB
                                        
Downloading from central: https://repo1.maven.org/maven2/org/apache/sshd/sshd-core/2.9.2/sshd-core-2.9.2.jar
Progress (3): 0.4/1.9 MB | 67 kB | 69 kB
Progress (3): 0.4/1.9 MB | 67 kB | 69 kB
Progress (3): 0.5/1.9 MB | 67 kB | 69 kB
Progress (3): 0.5/1.9 MB | 67 kB | 69 kB
Progress (3): 0.5/1.9 MB | 67 kB | 69 kB
Progress (3): 0.5/1.9 MB | 67 kB | 69 kB
Progress (3): 0.5/1.9 MB | 67 kB | 69 kB
Progress (3): 0.5/1.9 MB | 67 kB | 69 kB
Progress (3): 0.6/1.9 MB | 67 kB | 69 kB
Progress (3): 0.6/1.9 MB | 67 kB | 69 kB
Progress (3): 0.6/1.9 MB | 67 kB | 69 kB
Progress (3): 0.6/1.9 MB | 67 kB | 69 kB
Progress (3): 0.6/1.9 MB | 67 kB | 69 kB
Progress (3): 0.6/1.9 MB | 67 kB | 69 kB
Progress (3): 0.7/1.9 MB | 67 kB | 69 kB
Progress (3): 0.7/1.9 MB | 67 kB | 69 kB
Progress (3): 0.7/1.9 MB | 67 kB | 69 kB
Progress (3): 0.7/1.9 MB | 67 kB | 69 kB
Progress (3): 0.7/1.9 MB | 67 kB | 69 kB
Progress (3): 0.7/1.9 MB | 67 kB | 69 kB
Progress (3): 0.8/1.9 MB | 67 kB | 69 kB
Progress (3): 0.8/1.9 MB | 67 kB | 69 kB
Progress (3): 0.8/1.9 MB | 67 kB | 69 kB
Progress (3): 0.8/1.9 MB | 67 kB | 69 kB
Progress (3): 0.8/1.9 MB | 67 kB | 69 kB
Progress (3): 0.8/1.9 MB | 67 kB | 69 kB
                                        
Downloaded from central: https://repo1.maven.org/maven2/com/google/code/maven-scm-provider-svnjava/maven-scm-provider-svnjava/2.3.0/maven-scm-provider-svnjava-2.3.0.jar (69 kB at 338 kB/s)
Downloading from central: https://repo1.maven.org/maven2/org/slf4j/jcl-over-slf4j/1.7.32/jcl-over-slf4j-1.7.32.jar
Progress (2): 0.9/1.9 MB | 67 kB
Progress (2): 0.9/1.9 MB | 67 kB
                                
Downloaded from central: https://repo1.maven.org/maven2/org/apache/maven/scm/maven-scm-provider-hg/2.1.0/maven-scm-provider-hg-2.1.0.jar (67 kB at 326 kB/s)
Downloading from central: https://repo1.maven.org/maven2/org/apache/sshd/sshd-common/2.9.2/sshd-common-2.9.2.jar
Progress (1): 0.9/1.9 MB
Progress (1): 0.9/1.9 MB
Progress (1): 0.9/1.9 MB
Progress (1): 0.9/1.9 MB
Progress (1): 0.9/1.9 MB
Progress (1): 1.0/1.9 MB
Progress (1): 1.0/1.9 MB
Progress (1): 1.0/1.9 MB
Progress (1): 1.0/1.9 MB
Progress (1): 1.0/1.9 MB
Progress (1): 1.0/1.9 MB
Progress (1): 1.1/1.9 MB
Progress (1): 1.1/1.9 MB
Progress (1): 1.1/1.9 MB
Progress (1): 1.1/1.9 MB
Progress (1): 1.1/1.9 MB
Progress (1): 1.1/1.9 MB
Progress (1): 1.2/1.9 MB
Progress (1): 1.2/1.9 MB
Progress (1): 1.2/1.9 MB
Progress (1): 1.2/1.9 MB
Progress (1): 1.2/1.9 MB
Progress (1): 1.2/1.9 MB
Progress (1): 1.3/1.9 MB
Progress (1): 1.3/1.9 MB
Progress (1): 1.3/1.9 MB
Progress (1): 1.3/1.9 MB
Progress (1): 1.3/1.9 MB
Progress (1): 1.3/1.9 MB
Progress (1): 1.4/1.9 MB
Progress (1): 1.4/1.9 MB
Progress (1): 1.4/1.9 MB
Progress (1): 1.4/1.9 MB
Progress (1): 1.4/1.9 MB
Progress (1): 1.4/1.9 MB
Progress (1): 1.5/1.9 MB
Progress (1): 1.5/1.9 MB
Progress (1): 1.5/1.9 MB
Progress (1): 1.5/1.9 MB
Progress (1): 1.5/1.9 MB
Progress (1): 1.5/1.9 MB
Progress (1): 1.6/1.9 MB
Progress (1): 1.6/1.9 MB
Progress (1): 1.6/1.9 MB
Progress (1): 1.6/1.9 MB
Progress (1): 1.6/1.9 MB
Progress (1): 1.6/1.9 MB
Progress (1): 1.7/1.9 MB
Progress (1): 1.7/1.9 MB
Progress (1): 1.7/1.9 MB
Progress (1): 1.7/1.9 MB
Progress (1): 1.7/1.9 MB
Progress (1): 1.7/1.9 MB
Progress (1): 1.8/1.9 MB
Progress (1): 1.8/1.9 MB
Progress (1): 1.8/1.9 MB
Progress (1): 1.8/1.9 MB
Progress (1): 1.8/1.9 MB
Progress (1): 1.8/1.9 MB
Progress (1): 1.9/1.9 MB
Progress (1): 1.9 MB    
Progress (2): 1.9 MB | 7.7/17 kB
Progress (2): 1.9 MB | 16/17 kB 
Progress (2): 1.9 MB | 17 kB   
                            
Downloaded from central: https://repo1.maven.org/maven2/net/java/dev/jna/jna/5.12.1/jna-5.12.1.jar (1.9 MB at 7.6 MB/s)
Downloading from central: https://repo1.maven.org/maven2/net/i2p/crypto/eddsa/0.3.0/eddsa-0.3.0.jar
Progress (2): 17 kB | 0/4.3 MB
Progress (2): 17 kB | 0/4.3 MB
Progress (2): 17 kB | 0/4.3 MB
Progress (2): 17 kB | 0/4.3 MB
Progress (2): 17 kB | 0.1/4.3 MB
Progress (2): 17 kB | 0.1/4.3 MB
Progress (2): 17 kB | 0.1/4.3 MB
Progress (2): 17 kB | 0.1/4.3 MB
Progress (2): 17 kB | 0.1/4.3 MB
Progress (2): 17 kB | 0.1/4.3 MB
Progress (2): 17 kB | 0.1/4.3 MB
Progress (2): 17 kB | 0.2/4.3 MB
Progress (2): 17 kB | 0.2/4.3 MB
Progress (2): 17 kB | 0.2/4.3 MB
Progress (2): 17 kB | 0.2/4.3 MB
Progress (2): 17 kB | 0.2/4.3 MB
Progress (2): 17 kB | 0.2/4.3 MB
Progress (2): 17 kB | 0.3/4.3 MB
Progress (2): 17 kB | 0.3/4.3 MB
Progress (2): 17 kB | 0.3/4.3 MB
Progress (2): 17 kB | 0.3/4.3 MB
Progress (2): 17 kB | 0.3/4.3 MB
Progress (2): 17 kB | 0.3/4.3 MB
Progress (2): 17 kB | 0.4/4.3 MB
Progress (2): 17 kB | 0.4/4.3 MB
Progress (3): 17 kB | 0.4/4.3 MB | 7.7/950 kB
Progress (3): 17 kB | 0.4/4.3 MB | 7.7/950 kB
Progress (3): 17 kB | 0.4/4.3 MB | 7.7/950 kB
Progress (3): 17 kB | 0.4/4.3 MB | 7.7/950 kB
Progress (3): 17 kB | 0.4/4.3 MB | 7.7/950 kB
Progress (3): 17 kB | 0.4/4.3 MB | 16/950 kB 
Progress (3): 17 kB | 0.4/4.3 MB | 25/950 kB
Progress (3): 17 kB | 0.4/4.3 MB | 25/950 kB
                                            
Downloaded from central: https://repo1.maven.org/maven2/org/slf4j/jcl-over-slf4j/1.7.32/jcl-over-slf4j-1.7.32.jar (17 kB at 64 kB/s)
Downloading from central: https://repo1.maven.org/maven2/de/regnis/q/sequence/sequence-library/1.0.4/sequence-library-1.0.4.jar
Progress (2): 0.4/4.3 MB | 41/950 kB
Progress (2): 0.5/4.3 MB | 41/950 kB
Progress (2): 0.5/4.3 MB | 41/950 kB
Progress (2): 0.5/4.3 MB | 57/950 kB
Progress (2): 0.5/4.3 MB | 74/950 kB
Progress (2): 0.5/4.3 MB | 74/950 kB
Progress (2): 0.5/4.3 MB | 82/950 kB
Progress (2): 0.5/4.3 MB | 82/950 kB
Progress (2): 0.5/4.3 MB | 98/950 kB
Progress (2): 0.5/4.3 MB | 98/950 kB
Progress (2): 0.5/4.3 MB | 115/950 kB
Progress (2): 0.5/4.3 MB | 115/950 kB
Progress (2): 0.5/4.3 MB | 131/950 kB
Progress (2): 0.6/4.3 MB | 131/950 kB
Progress (2): 0.6/4.3 MB | 147/950 kB
Progress (2): 0.6/4.3 MB | 147/950 kB
Progress (2): 0.6/4.3 MB | 164/950 kB
Progress (2): 0.6/4.3 MB | 164/950 kB
Progress (2): 0.6/4.3 MB | 180/950 kB
Progress (2): 0.6/4.3 MB | 180/950 kB
Progress (2): 0.6/4.3 MB | 197/950 kB
Progress (2): 0.6/4.3 MB | 213/950 kB
Progress (2): 0.6/4.3 MB | 213/950 kB
Progress (2): 0.6/4.3 MB | 229/950 kB
Progress (2): 0.6/4.3 MB | 229/950 kB
Progress (2): 0.7/4.3 MB | 229/950 kB
Progress (2): 0.7/4.3 MB | 246/950 kB
Progress (2): 0.7/4.3 MB | 246/950 kB
Progress (2): 0.7/4.3 MB | 262/950 kB
Progress (2): 0.7/4.3 MB | 262/950 kB
Progress (2): 0.7/4.3 MB | 279/950 kB
Progress (2): 0.7/4.3 MB | 279/950 kB
Progress (2): 0.7/4.3 MB | 295/950 kB
Progress (2): 0.7/4.3 MB | 295/950 kB
Progress (2): 0.7/4.3 MB | 295/950 kB
Progress (2): 0.7/4.3 MB | 311/950 kB
Progress (2): 0.8/4.3 MB | 311/950 kB
Progress (2): 0.8/4.3 MB | 328/950 kB
Progress (2): 0.8/4.3 MB | 328/950 kB
Progress (2): 0.8/4.3 MB | 344/950 kB
Progress (2): 0.8/4.3 MB | 344/950 kB
Progress (2): 0.8/4.3 MB | 360/950 kB
Progress (2): 0.8/4.3 MB | 360/950 kB
Progress (2): 0.8/4.3 MB | 377/950 kB
Progress (2): 0.8/4.3 MB | 377/950 kB
Progress (2): 0.8/4.3 MB | 393/950 kB
Progress (2): 0.8/4.3 MB | 393/950 kB
Progress (2): 0.8/4.3 MB | 410/950 kB
Progress (2): 0.8/4.3 MB | 410/950 kB
Progress (2): 0.8/4.3 MB | 426/950 kB
Progress (2): 0.9/4.3 MB | 426/950 kB
Progress (2): 0.9/4.3 MB | 442/950 kB
Progress (2): 0.9/4.3 MB | 442/950 kB
Progress (2): 0.9/4.3 MB | 459/950 kB
Progress (2): 0.9/4.3 MB | 459/950 kB
Progress (2): 0.9/4.3 MB | 475/950 kB
Progress (2): 0.9/4.3 MB | 475/950 kB
Progress (2): 0.9/4.3 MB | 492/950 kB
Progress (2): 0.9/4.3 MB | 492/950 kB
Progress (2): 0.9/4.3 MB | 508/950 kB
Progress (2): 0.9/4.3 MB | 508/950 kB
Progress (2): 0.9/4.3 MB | 524/950 kB
Progress (2): 0.9/4.3 MB | 524/950 kB
Progress (2): 1.0/4.3 MB | 524/950 kB
Progress (2): 1.0/4.3 MB | 541/950 kB
Progress (2): 1.0/4.3 MB | 541/950 kB
Progress (2): 1.0/4.3 MB | 557/950 kB
Progress (2): 1.0/4.3 MB | 557/950 kB
Progress (2): 1.0/4.3 MB | 573/950 kB
Progress (2): 1.0/4.3 MB | 590/950 kB
Progress (2): 1.0/4.3 MB | 590/950 kB
Progress (2): 1.0/4.3 MB | 590/950 kB
Progress (2): 1.0/4.3 MB | 606/950 kB
Progress (2): 1.0/4.3 MB | 623/950 kB
Progress (2): 1.0/4.3 MB | 623/950 kB
Progress (2): 1.0/4.3 MB | 639/950 kB
Progress (2): 1.0/4.3 MB | 639/950 kB
Progress (2): 1.0/4.3 MB | 655/950 kB
Progress (2): 1.1/4.3 MB | 655/950 kB
Progress (2): 1.1/4.3 MB | 672/950 kB
Progress (2): 1.1/4.3 MB | 672/950 kB
Progress (2): 1.1/4.3 MB | 688/950 kB
Progress (2): 1.1/4.3 MB | 688/950 kB
Progress (2): 1.1/4.3 MB | 688/950 kB
Progress (2): 1.1/4.3 MB | 688/950 kB
Progress (2): 1.1/4.3 MB | 688/950 kB
Progress (2): 1.2/4.3 MB | 688/950 kB
Progress (3): 1.2/4.3 MB | 688/950 kB | 7.7/945 kB
Progress (3): 1.2/4.3 MB | 688/950 kB | 7.7/945 kB
Progress (3): 1.2/4.3 MB | 705/950 kB | 7.7/945 kB
Progress (3): 1.2/4.3 MB | 705/950 kB | 7.7/945 kB
Progress (3): 1.2/4.3 MB | 705/950 kB | 7.7/945 kB
Progress (3): 1.2/4.3 MB | 705/950 kB | 7.7/945 kB
Progress (3): 1.2/4.3 MB | 705/950 kB | 7.7/945 kB
Progress (3): 1.2/4.3 MB | 705/950 kB | 8.2/945 kB
Progress (3): 1.3/4.3 MB | 705/950 kB | 8.2/945 kB
Progress (3): 1.3/4.3 MB | 705/950 kB | 16/945 kB 
Progress (3): 1.3/4.3 MB | 705/950 kB | 16/945 kB
Progress (3): 1.3/4.3 MB | 705/950 kB | 25/945 kB
Progress (3): 1.3/4.3 MB | 705/950 kB | 25/945 kB
Progress (3): 1.3/4.3 MB | 705/950 kB | 33/945 kB
Progress (3): 1.3/4.3 MB | 705/950 kB | 33/945 kB
Progress (3): 1.3/4.3 MB | 705/950 kB | 49/945 kB
Progress (3): 1.3/4.3 MB | 705/950 kB | 49/945 kB
Progress (3): 1.3/4.3 MB | 705/950 kB | 57/945 kB
Progress (3): 1.3/4.3 MB | 705/950 kB | 66/945 kB
Progress (3): 1.3/4.3 MB | 705/950 kB | 66/945 kB
Progress (3): 1.3/4.3 MB | 705/950 kB | 74/945 kB
Progress (3): 1.3/4.3 MB | 705/950 kB | 74/945 kB
Progress (3): 1.3/4.3 MB | 705/950 kB | 82/945 kB
Progress (3): 1.4/4.3 MB | 705/950 kB | 82/945 kB
Progress (3): 1.4/4.3 MB | 705/950 kB | 98/945 kB
Progress (3): 1.4/4.3 MB | 705/950 kB | 98/945 kB
Progress (3): 1.4/4.3 MB | 705/950 kB | 98/945 kB
Progress (3): 1.4/4.3 MB | 705/950 kB | 98/945 kB
Progress (3): 1.4/4.3 MB | 705/950 kB | 115/945 kB
Progress (3): 1.4/4.3 MB | 705/950 kB | 115/945 kB
Progress (3): 1.4/4.3 MB | 705/950 kB | 115/945 kB
Progress (3): 1.5/4.3 MB | 705/950 kB | 115/945 kB
Progress (3): 1.5/4.3 MB | 705/950 kB | 115/945 kB
Progress (3): 1.5/4.3 MB | 705/950 kB | 115/945 kB
Progress (3): 1.5/4.3 MB | 705/950 kB | 115/945 kB
Progress (3): 1.5/4.3 MB | 705/950 kB | 115/945 kB
Progress (3): 1.5/4.3 MB | 705/950 kB | 115/945 kB
Progress (3): 1.6/4.3 MB | 705/950 kB | 115/945 kB
Progress (3): 1.6/4.3 MB | 705/950 kB | 115/945 kB
Progress (3): 1.6/4.3 MB | 705/950 kB | 131/945 kB
Progress (3): 1.6/4.3 MB | 705/950 kB | 131/945 kB
Progress (3): 1.6/4.3 MB | 705/950 kB | 147/945 kB
Progress (3): 1.6/4.3 MB | 705/950 kB | 147/945 kB
Progress (3): 1.6/4.3 MB | 705/950 kB | 147/945 kB
Progress (3): 1.6/4.3 MB | 705/950 kB | 147/945 kB
Progress (3): 1.7/4.3 MB | 705/950 kB | 147/945 kB
Progress (3): 1.7/4.3 MB | 705/950 kB | 156/945 kB
Progress (3): 1.7/4.3 MB | 705/950 kB | 156/945 kB
Progress (3): 1.7/4.3 MB | 705/950 kB | 156/945 kB
Progress (3): 1.7/4.3 MB | 705/950 kB | 172/945 kB
Progress (3): 1.7/4.3 MB | 705/950 kB | 180/945 kB
Progress (3): 1.7/4.3 MB | 705/950 kB | 180/945 kB
Progress (3): 1.7/4.3 MB | 705/950 kB | 197/945 kB
Progress (3): 1.7/4.3 MB | 705/950 kB | 197/945 kB
Progress (3): 1.7/4.3 MB | 705/950 kB | 213/945 kB
Progress (3): 1.7/4.3 MB | 705/950 kB | 213/945 kB
Progress (3): 1.7/4.3 MB | 705/950 kB | 229/945 kB
Progress (3): 1.8/4.3 MB | 705/950 kB | 229/945 kB
Progress (3): 1.8/4.3 MB | 705/950 kB | 246/945 kB
Progress (3): 1.8/4.3 MB | 705/950 kB | 254/945 kB
Progress (3): 1.8/4.3 MB | 705/950 kB | 254/945 kB
Progress (3): 1.8/4.3 MB | 705/950 kB | 270/945 kB
Progress (3): 1.8/4.3 MB | 705/950 kB | 279/945 kB
Progress (3): 1.8/4.3 MB | 705/950 kB | 279/945 kB
Progress (3): 1.8/4.3 MB | 705/950 kB | 279/945 kB
Progress (3): 1.8/4.3 MB | 705/950 kB | 295/945 kB
Progress (3): 1.8/4.3 MB | 721/950 kB | 295/945 kB
Progress (3): 1.8/4.3 MB | 721/950 kB | 303/945 kB
Progress (3): 1.8/4.3 MB | 721/950 kB | 303/945 kB
Progress (3): 1.8/4.3 MB | 721/950 kB | 311/945 kB
Progress (3): 1.8/4.3 MB | 721/950 kB | 311/945 kB
Progress (3): 1.8/4.3 MB | 737/950 kB | 311/945 kB
Progress (3): 1.9/4.3 MB | 737/950 kB | 311/945 kB
Progress (3): 1.9/4.3 MB | 754/950 kB | 311/945 kB
Progress (3): 1.9/4.3 MB | 754/950 kB | 311/945 kB
Progress (3): 1.9/4.3 MB | 770/950 kB | 311/945 kB
Progress (3): 1.9/4.3 MB | 770/950 kB | 311/945 kB
Progress (3): 1.9/4.3 MB | 770/950 kB | 311/945 kB
Progress (3): 1.9/4.3 MB | 770/950 kB | 311/945 kB
Progress (3): 1.9/4.3 MB | 770/950 kB | 311/945 kB
Progress (3): 1.9/4.3 MB | 770/950 kB | 311/945 kB
Progress (3): 2.0/4.3 MB | 770/950 kB | 311/945 kB
Progress (3): 2.0/4.3 MB | 770/950 kB | 311/945 kB
Progress (3): 2.0/4.3 MB | 770/950 kB | 311/945 kB
Progress (3): 2.0/4.3 MB | 786/950 kB | 311/945 kB
Progress (3): 2.0/4.3 MB | 786/950 kB | 311/945 kB
Progress (3): 2.0/4.3 MB | 803/950 kB | 311/945 kB
Progress (3): 2.0/4.3 MB | 803/950 kB | 311/945 kB
Progress (3): 2.0/4.3 MB | 819/950 kB | 311/945 kB
Progress (3): 2.0/4.3 MB | 819/950 kB | 311/945 kB
Progress (3): 2.0/4.3 MB | 836/950 kB | 311/945 kB
Progress (3): 2.1/4.3 MB | 836/950 kB | 311/945 kB
Progress (3): 2.1/4.3 MB | 836/950 kB | 319/945 kB
Progress (3): 2.1/4.3 MB | 836/950 kB | 319/945 kB
Progress (3): 2.1/4.3 MB | 836/950 kB | 328/945 kB
Progress (3): 2.1/4.3 MB | 836/950 kB | 328/945 kB
Progress (3): 2.1/4.3 MB | 836/950 kB | 336/945 kB
Progress (3): 2.1/4.3 MB | 836/950 kB | 336/945 kB
Progress (3): 2.1/4.3 MB | 836/950 kB | 336/945 kB
Progress (3): 2.1/4.3 MB | 836/950 kB | 336/945 kB
Progress (3): 2.2/4.3 MB | 836/950 kB | 336/945 kB
Progress (3): 2.2/4.3 MB | 852/950 kB | 336/945 kB
Progress (3): 2.2/4.3 MB | 852/950 kB | 336/945 kB
Progress (3): 2.2/4.3 MB | 852/950 kB | 336/945 kB
Progress (3): 2.2/4.3 MB | 868/950 kB | 336/945 kB
Progress (3): 2.2/4.3 MB | 868/950 kB | 336/945 kB
Progress (3): 2.2/4.3 MB | 885/950 kB | 336/945 kB
Progress (3): 2.2/4.3 MB | 885/950 kB | 336/945 kB
Progress (3): 2.2/4.3 MB | 901/950 kB | 336/945 kB
Progress (3): 2.2/4.3 MB | 901/950 kB | 336/945 kB
Progress (3): 2.3/4.3 MB | 901/950 kB | 336/945 kB
Progress (3): 2.3/4.3 MB | 901/950 kB | 336/945 kB
Progress (3): 2.3/4.3 MB | 901/950 kB | 336/945 kB
Progress (3): 2.3/4.3 MB | 901/950 kB | 336/945 kB
Progress (3): 2.3/4.3 MB | 901/950 kB | 336/945 kB
Progress (3): 2.3/4.3 MB | 901/950 kB | 352/945 kB
Progress (3): 2.3/4.3 MB | 918/950 kB | 352/945 kB
Progress (3): 2.3/4.3 MB | 918/950 kB | 352/945 kB
Progress (3): 2.4/4.3 MB | 918/950 kB | 352/945 kB
Progress (3): 2.4/4.3 MB | 934/950 kB | 352/945 kB
Progress (3): 2.4/4.3 MB | 934/950 kB | 352/945 kB
Progress (3): 2.4/4.3 MB | 950 kB | 352/945 kB    
Progress (3): 2.4/4.3 MB | 950 kB | 352/945 kB
Progress (3): 2.4/4.3 MB | 950 kB | 352/945 kB
Progress (3): 2.4/4.3 MB | 950 kB | 352/945 kB
Progress (3): 2.4/4.3 MB | 950 kB | 352/945 kB
Progress (3): 2.5/4.3 MB | 950 kB | 352/945 kB
Progress (3): 2.5/4.3 MB | 950 kB | 352/945 kB
Progress (3): 2.5/4.3 MB | 950 kB | 352/945 kB
Progress (3): 2.5/4.3 MB | 950 kB | 352/945 kB
Progress (3): 2.5/4.3 MB | 950 kB | 352/945 kB
Progress (3): 2.5/4.3 MB | 950 kB | 352/945 kB
Progress (3): 2.6/4.3 MB | 950 kB | 352/945 kB
Progress (3): 2.6/4.3 MB | 950 kB | 352/945 kB
Progress (3): 2.6/4.3 MB | 950 kB | 352/945 kB
Progress (3): 2.6/4.3 MB | 950 kB | 352/945 kB
Progress (3): 2.6/4.3 MB | 950 kB | 360/945 kB
Progress (3): 2.6/4.3 MB | 950 kB | 360/945 kB
Progress (3): 2.6/4.3 MB | 950 kB | 377/945 kB
Progress (3): 2.6/4.3 MB | 950 kB | 377/945 kB
Progress (3): 2.6/4.3 MB | 950 kB | 393/945 kB
Progress (3): 2.6/4.3 MB | 950 kB | 410/945 kB
Progress (3): 2.7/4.3 MB | 950 kB | 410/945 kB
Progress (3): 2.7/4.3 MB | 950 kB | 418/945 kB
Progress (3): 2.7/4.3 MB | 950 kB | 418/945 kB
Progress (3): 2.7/4.3 MB | 950 kB | 434/945 kB
Progress (3): 2.7/4.3 MB | 950 kB | 434/945 kB
Progress (3): 2.7/4.3 MB | 950 kB | 434/945 kB
Progress (3): 2.7/4.3 MB | 950 kB | 434/945 kB
Progress (3): 2.7/4.3 MB | 950 kB | 434/945 kB
Progress (4): 2.7/4.3 MB | 950 kB | 434/945 kB | 7.7/63 kB
Progress (4): 2.8/4.3 MB | 950 kB | 434/945 kB | 7.7/63 kB
Progress (4): 2.8/4.3 MB | 950 kB | 434/945 kB | 16/63 kB 
Progress (4): 2.8/4.3 MB | 950 kB | 434/945 kB | 16/63 kB
Progress (4): 2.8/4.3 MB | 950 kB | 434/945 kB | 25/63 kB
Progress (4): 2.8/4.3 MB | 950 kB | 434/945 kB | 25/63 kB
Progress (4): 2.8/4.3 MB | 950 kB | 434/945 kB | 25/63 kB
Progress (4): 2.8/4.3 MB | 950 kB | 434/945 kB | 41/63 kB
Progress (4): 2.8/4.3 MB | 950 kB | 434/945 kB | 41/63 kB
Progress (4): 2.8/4.3 MB | 950 kB | 434/945 kB | 57/63 kB
Progress (4): 2.8/4.3 MB | 950 kB | 434/945 kB | 63 kB   
Progress (4): 2.8/4.3 MB | 950 kB | 434/945 kB | 63 kB
Progress (4): 2.9/4.3 MB | 950 kB | 434/945 kB | 63 kB
Progress (4): 2.9/4.3 MB | 950 kB | 434/945 kB | 63 kB
Progress (4): 2.9/4.3 MB | 950 kB | 434/945 kB | 63 kB
Progress (4): 2.9/4.3 MB | 950 kB | 434/945 kB | 63 kB
Progress (4): 2.9/4.3 MB | 950 kB | 434/945 kB | 63 kB
Progress (4): 2.9/4.3 MB | 950 kB | 434/945 kB | 63 kB
Progress (4): 2.9/4.3 MB | 950 kB | 434/945 kB | 63 kB
Progress (4): 3.0/4.3 MB | 950 kB | 434/945 kB | 63 kB
Progress (4): 3.0/4.3 MB | 950 kB | 434/945 kB | 63 kB
Progress (4): 3.0/4.3 MB | 950 kB | 434/945 kB | 63 kB
Progress (4): 3.0/4.3 MB | 950 kB | 434/945 kB | 63 kB
Progress (4): 3.0/4.3 MB | 950 kB | 434/945 kB | 63 kB
Progress (4): 3.0/4.3 MB | 950 kB | 434/945 kB | 63 kB
Progress (4): 3.1/4.3 MB | 950 kB | 434/945 kB | 63 kB
Progress (4): 3.1/4.3 MB | 950 kB | 434/945 kB | 63 kB
Progress (4): 3.1/4.3 MB | 950 kB | 434/945 kB | 63 kB
Progress (4): 3.1/4.3 MB | 950 kB | 434/945 kB | 63 kB
Progress (4): 3.1/4.3 MB | 950 kB | 451/945 kB | 63 kB
Progress (4): 3.1/4.3 MB | 950 kB | 451/945 kB | 63 kB
Progress (4): 3.1/4.3 MB | 950 kB | 451/945 kB | 63 kB
Progress (4): 3.1/4.3 MB | 950 kB | 467/945 kB | 63 kB
Progress (4): 3.2/4.3 MB | 950 kB | 467/945 kB | 63 kB
Progress (4): 3.2/4.3 MB | 950 kB | 483/945 kB | 63 kB
Progress (4): 3.2/4.3 MB | 950 kB | 500/945 kB | 63 kB
Progress (4): 3.2/4.3 MB | 950 kB | 516/945 kB | 63 kB
Progress (4): 3.2/4.3 MB | 950 kB | 532/945 kB | 63 kB
Progress (4): 3.2/4.3 MB | 950 kB | 532/945 kB | 63 kB
Progress (4): 3.2/4.3 MB | 950 kB | 549/945 kB | 63 kB
Progress (4): 3.2/4.3 MB | 950 kB | 549/945 kB | 63 kB
Progress (4): 3.2/4.3 MB | 950 kB | 549/945 kB | 63 kB
Progress (4): 3.2/4.3 MB | 950 kB | 549/945 kB | 63 kB
Progress (4): 3.2/4.3 MB | 950 kB | 549/945 kB | 63 kB
Progress (4): 3.3/4.3 MB | 950 kB | 549/945 kB | 63 kB
Progress (4): 3.3/4.3 MB | 950 kB | 549/945 kB | 63 kB
Progress (4): 3.3/4.3 MB | 950 kB | 565/945 kB | 63 kB
Progress (4): 3.3/4.3 MB | 950 kB | 582/945 kB | 63 kB
Progress (4): 3.3/4.3 MB | 950 kB | 582/945 kB | 63 kB
Progress (4): 3.3/4.3 MB | 950 kB | 582/945 kB | 63 kB
Progress (4): 3.3/4.3 MB | 950 kB | 582/945 kB | 63 kB
Progress (4): 3.3/4.3 MB | 950 kB | 582/945 kB | 63 kB
Progress (4): 3.4/4.3 MB | 950 kB | 582/945 kB | 63 kB
Progress (4): 3.4/4.3 MB | 950 kB | 582/945 kB | 63 kB
Progress (4): 3.4/4.3 MB | 950 kB | 582/945 kB | 63 kB
Progress (4): 3.4/4.3 MB | 950 kB | 582/945 kB | 63 kB
                                                      
Downloaded from central: https://repo1.maven.org/maven2/org/apache/sshd/sshd-core/2.9.2/sshd-core-2.9.2.jar (950 kB at 3.1 MB/s)
Downloading from central: https://repo1.maven.org/maven2/org/tmatesoft/sqljet/sqljet/1.1.15/sqljet-1.1.15.jar
Progress (3): 3.4/4.3 MB | 582/945 kB | 63 kB
Progress (3): 3.4/4.3 MB | 582/945 kB | 63 kB
Progress (3): 3.4/4.3 MB | 582/945 kB | 63 kB
Progress (3): 3.5/4.3 MB | 582/945 kB | 63 kB
Progress (3): 3.5/4.3 MB | 582/945 kB | 63 kB
Progress (3): 3.5/4.3 MB | 582/945 kB | 63 kB
Progress (3): 3.5/4.3 MB | 598/945 kB | 63 kB
Progress (3): 3.5/4.3 MB | 598/945 kB | 63 kB
Progress (3): 3.5/4.3 MB | 614/945 kB | 63 kB
Progress (3): 3.5/4.3 MB | 614/945 kB | 63 kB
Progress (3): 3.5/4.3 MB | 631/945 kB | 63 kB
                                             
Downloaded from central: https://repo1.maven.org/maven2/net/i2p/crypto/eddsa/0.3.0/eddsa-0.3.0.jar (63 kB at 204 kB/s)
Downloading from central: https://repo1.maven.org/maven2/org/antlr/antlr-runtime/3.4/antlr-runtime-3.4.jar
Progress (2): 3.5/4.3 MB | 647/945 kB
Progress (2): 3.5/4.3 MB | 664/945 kB
Progress (2): 3.5/4.3 MB | 664/945 kB
Progress (2): 3.6/4.3 MB | 664/945 kB
Progress (2): 3.6/4.3 MB | 664/945 kB
Progress (2): 3.6/4.3 MB | 664/945 kB
Progress (2): 3.6/4.3 MB | 664/945 kB
Progress (2): 3.6/4.3 MB | 664/945 kB
Progress (2): 3.6/4.3 MB | 664/945 kB
Progress (2): 3.6/4.3 MB | 664/945 kB
Progress (2): 3.7/4.3 MB | 664/945 kB
Progress (2): 3.7/4.3 MB | 664/945 kB
Progress (2): 3.7/4.3 MB | 664/945 kB
Progress (2): 3.7/4.3 MB | 664/945 kB
Progress (2): 3.7/4.3 MB | 680/945 kB
Progress (2): 3.7/4.3 MB | 680/945 kB
Progress (2): 3.7/4.3 MB | 696/945 kB
Progress (2): 3.7/4.3 MB | 713/945 kB
Progress (2): 3.7/4.3 MB | 713/945 kB
Progress (2): 3.8/4.3 MB | 713/945 kB
Progress (2): 3.8/4.3 MB | 713/945 kB
Progress (2): 3.8/4.3 MB | 713/945 kB
Progress (2): 3.8/4.3 MB | 713/945 kB
Progress (2): 3.8/4.3 MB | 713/945 kB
Progress (2): 3.8/4.3 MB | 713/945 kB
Progress (2): 3.9/4.3 MB | 713/945 kB
Progress (2): 3.9/4.3 MB | 713/945 kB
Progress (2): 3.9/4.3 MB | 713/945 kB
Progress (2): 3.9/4.3 MB | 713/945 kB
Progress (2): 3.9/4.3 MB | 713/945 kB
Progress (2): 3.9/4.3 MB | 713/945 kB
Progress (2): 4.0/4.3 MB | 713/945 kB
Progress (2): 4.0/4.3 MB | 713/945 kB
Progress (2): 4.0/4.3 MB | 713/945 kB
Progress (2): 4.0/4.3 MB | 713/945 kB
Progress (2): 4.0/4.3 MB | 713/945 kB
Progress (2): 4.0/4.3 MB | 713/945 kB
Progress (2): 4.0/4.3 MB | 729/945 kB
Progress (2): 4.1/4.3 MB | 729/945 kB
Progress (2): 4.1/4.3 MB | 745/945 kB
Progress (2): 4.1/4.3 MB | 745/945 kB
Progress (2): 4.1/4.3 MB | 745/945 kB
Progress (2): 4.1/4.3 MB | 745/945 kB
Progress (2): 4.1/4.3 MB | 745/945 kB
Progress (2): 4.1/4.3 MB | 762/945 kB
Progress (2): 4.1/4.3 MB | 778/945 kB
Progress (2): 4.1/4.3 MB | 778/945 kB
Progress (2): 4.1/4.3 MB | 778/945 kB
Progress (2): 4.2/4.3 MB | 778/945 kB
Progress (2): 4.2/4.3 MB | 778/945 kB
Progress (2): 4.2/4.3 MB | 778/945 kB
Progress (2): 4.2/4.3 MB | 795/945 kB
Progress (2): 4.2/4.3 MB | 811/945 kB
Progress (2): 4.2/4.3 MB | 827/945 kB
Progress (2): 4.2/4.3 MB | 844/945 kB
Progress (2): 4.2/4.3 MB | 860/945 kB
Progress (2): 4.2/4.3 MB | 877/945 kB
Progress (2): 4.2/4.3 MB | 877/945 kB
Progress (2): 4.2/4.3 MB | 877/945 kB
Progress (2): 4.2/4.3 MB | 877/945 kB
Progress (2): 4.3/4.3 MB | 877/945 kB
Progress (2): 4.3/4.3 MB | 877/945 kB
Progress (2): 4.3/4.3 MB | 877/945 kB
Progress (2): 4.3/4.3 MB | 877/945 kB
Progress (2): 4.3/4.3 MB | 877/945 kB
Progress (2): 4.3 MB | 877/945 kB    
Progress (2): 4.3 MB | 893/945 kB
Progress (2): 4.3 MB | 909/945 kB
Progress (2): 4.3 MB | 926/945 kB
Progress (2): 4.3 MB | 942/945 kB
Progress (2): 4.3 MB | 945 kB    
Progress (3): 4.3 MB | 945 kB | 7.8/72 kB
Progress (3): 4.3 MB | 945 kB | 16/72 kB 
Progress (3): 4.3 MB | 945 kB | 32/72 kB
Progress (3): 4.3 MB | 945 kB | 49/72 kB
Progress (3): 4.3 MB | 945 kB | 65/72 kB
Progress (3): 4.3 MB | 945 kB | 72 kB   
Progress (4): 4.3 MB | 945 kB | 72 kB | 7.7/164 kB
Progress (4): 4.3 MB | 945 kB | 72 kB | 16/164 kB 
Progress (4): 4.3 MB | 945 kB | 72 kB | 25/164 kB
Progress (4): 4.3 MB | 945 kB | 72 kB | 41/164 kB
Progress (4): 4.3 MB | 945 kB | 72 kB | 57/164 kB
Progress (4): 4.3 MB | 945 kB | 72 kB | 74/164 kB
Progress (4): 4.3 MB | 945 kB | 72 kB | 90/164 kB
Progress (4): 4.3 MB | 945 kB | 72 kB | 106/164 kB
                                                  
Downloaded from central: https://repo1.maven.org/maven2/de/regnis/q/sequence/sequence-library/1.0.4/sequence-library-1.0.4.jar (72 kB at 208 kB/s)
Downloading from central: https://repo1.maven.org/maven2/net/java/dev/jna/jna-platform/5.6.0/jna-platform-5.6.0.jar
Progress (3): 4.3 MB | 945 kB | 123/164 kB
Progress (3): 4.3 MB | 945 kB | 131/164 kB
Progress (3): 4.3 MB | 945 kB | 147/164 kB
Progress (3): 4.3 MB | 945 kB | 164/164 kB
Progress (3): 4.3 MB | 945 kB | 164 kB    
                                      
Downloaded from central: https://repo1.maven.org/maven2/org/apache/sshd/sshd-common/2.9.2/sshd-common-2.9.2.jar (945 kB at 2.7 MB/s)
Downloading from central: https://repo1.maven.org/maven2/com/trilead/trilead-ssh2/1.0.0-build222/trilead-ssh2-1.0.0-build222.jar
Downloaded from central: https://repo1.maven.org/maven2/org/antlr/antlr-runtime/3.4/antlr-runtime-3.4.jar (164 kB at 455 kB/s)
Downloading from central: https://repo1.maven.org/maven2/com/jcraft/jsch.agentproxy.connector-factory/0.0.9/jsch.agentproxy.connector-factory-0.0.9.jar
Downloaded from central: https://repo1.maven.org/maven2/org/tmatesoft/svnkit/svnkit/1.10.11/svnkit-1.10.11.jar (4.3 MB at 12 MB/s)
Downloading from central: https://repo1.maven.org/maven2/com/jcraft/jsch.agentproxy.core/0.0.9/jsch.agentproxy.core-0.0.9.jar
Progress (1): 7.8/762 kB
Progress (1): 16/762 kB 
Progress (1): 32/762 kB
Progress (1): 49/762 kB
Progress (1): 65/762 kB
Progress (1): 81/762 kB
Progress (1): 98/762 kB
Progress (1): 114/762 kB
Progress (1): 131/762 kB
Progress (1): 147/762 kB
Progress (1): 163/762 kB
Progress (1): 180/762 kB
Progress (1): 196/762 kB
Progress (1): 213/762 kB
Progress (1): 229/762 kB
Progress (1): 245/762 kB
Progress (1): 262/762 kB
Progress (1): 278/762 kB
Progress (1): 294/762 kB
Progress (1): 311/762 kB
Progress (1): 327/762 kB
Progress (1): 344/762 kB
Progress (1): 360/762 kB
Progress (1): 376/762 kB
Progress (1): 393/762 kB
Progress (1): 409/762 kB
Progress (1): 426/762 kB
Progress (1): 442/762 kB
Progress (1): 458/762 kB
Progress (1): 475/762 kB
Progress (1): 491/762 kB
Progress (1): 507/762 kB
Progress (1): 524/762 kB
Progress (1): 540/762 kB
Progress (1): 557/762 kB
Progress (1): 573/762 kB
Progress (1): 589/762 kB
Progress (2): 589/762 kB | 0/2.7 MB
Progress (2): 606/762 kB | 0/2.7 MB
Progress (2): 622/762 kB | 0/2.7 MB
Progress (2): 639/762 kB | 0/2.7 MB
Progress (2): 655/762 kB | 0/2.7 MB
Progress (2): 671/762 kB | 0/2.7 MB
Progress (2): 671/762 kB | 0/2.7 MB
Progress (2): 688/762 kB | 0/2.7 MB
Progress (2): 688/762 kB | 0/2.7 MB
Progress (2): 704/762 kB | 0/2.7 MB
Progress (2): 704/762 kB | 0/2.7 MB
Progress (2): 720/762 kB | 0/2.7 MB
Progress (2): 720/762 kB | 0.1/2.7 MB
Progress (2): 737/762 kB | 0.1/2.7 MB
Progress (2): 737/762 kB | 0.1/2.7 MB
Progress (2): 753/762 kB | 0.1/2.7 MB
Progress (2): 753/762 kB | 0.1/2.7 MB
Progress (2): 762 kB | 0.1/2.7 MB    
Progress (2): 762 kB | 0.1/2.7 MB
Progress (2): 762 kB | 0.1/2.7 MB
Progress (2): 762 kB | 0.1/2.7 MB
Progress (2): 762 kB | 0.2/2.7 MB
Progress (2): 762 kB | 0.2/2.7 MB
Progress (2): 762 kB | 0.2/2.7 MB
Progress (2): 762 kB | 0.2/2.7 MB
Progress (2): 762 kB | 0.2/2.7 MB
Progress (2): 762 kB | 0.2/2.7 MB
Progress (2): 762 kB | 0.3/2.7 MB
Progress (2): 762 kB | 0.3/2.7 MB
Progress (2): 762 kB | 0.3/2.7 MB
Progress (2): 762 kB | 0.3/2.7 MB
Progress (2): 762 kB | 0.3/2.7 MB
Progress (2): 762 kB | 0.3/2.7 MB
Progress (2): 762 kB | 0.4/2.7 MB
Progress (2): 762 kB | 0.4/2.7 MB
Progress (2): 762 kB | 0.4/2.7 MB
Progress (2): 762 kB | 0.4/2.7 MB
Progress (2): 762 kB | 0.4/2.7 MB
Progress (2): 762 kB | 0.4/2.7 MB
Progress (2): 762 kB | 0.5/2.7 MB
Progress (2): 762 kB | 0.5/2.7 MB
Progress (2): 762 kB | 0.5/2.7 MB
Progress (2): 762 kB | 0.5/2.7 MB
Progress (2): 762 kB | 0.5/2.7 MB
Progress (2): 762 kB | 0.5/2.7 MB
Progress (2): 762 kB | 0.6/2.7 MB
Progress (2): 762 kB | 0.6/2.7 MB
Progress (2): 762 kB | 0.6/2.7 MB
Progress (2): 762 kB | 0.6/2.7 MB
Progress (2): 762 kB | 0.6/2.7 MB
Progress (2): 762 kB | 0.6/2.7 MB
Progress (2): 762 kB | 0.7/2.7 MB
Progress (2): 762 kB | 0.7/2.7 MB
Progress (2): 762 kB | 0.7/2.7 MB
Progress (2): 762 kB | 0.7/2.7 MB
Progress (2): 762 kB | 0.7/2.7 MB
Progress (2): 762 kB | 0.7/2.7 MB
Progress (2): 762 kB | 0.8/2.7 MB
Progress (2): 762 kB | 0.8/2.7 MB
Progress (2): 762 kB | 0.8/2.7 MB
Progress (2): 762 kB | 0.8/2.7 MB
Progress (2): 762 kB | 0.8/2.7 MB
Progress (2): 762 kB | 0.8/2.7 MB
Progress (2): 762 kB | 0.9/2.7 MB
Progress (2): 762 kB | 0.9/2.7 MB
Progress (2): 762 kB | 0.9/2.7 MB
Progress (2): 762 kB | 0.9/2.7 MB
Progress (2): 762 kB | 0.9/2.7 MB
Progress (2): 762 kB | 0.9/2.7 MB
Progress (2): 762 kB | 0.9/2.7 MB
Progress (2): 762 kB | 1.0/2.7 MB
Progress (2): 762 kB | 1.0/2.7 MB
Progress (2): 762 kB | 1.0/2.7 MB
Progress (2): 762 kB | 1.0/2.7 MB
Progress (2): 762 kB | 1.0/2.7 MB
                                 
Downloaded from central: https://repo1.maven.org/maven2/org/tmatesoft/sqljet/sqljet/1.1.15/sqljet-1.1.15.jar (762 kB at 1.9 MB/s)
Downloading from central: https://repo1.maven.org/maven2/com/jcraft/jsch.agentproxy.usocket-jna/0.0.9/jsch.agentproxy.usocket-jna-0.0.9.jar
Progress (1): 1.0/2.7 MB
Progress (1): 1.1/2.7 MB
Progress (1): 1.1/2.7 MB
Progress (1): 1.1/2.7 MB
Progress (1): 1.1/2.7 MB
Progress (1): 1.1/2.7 MB
Progress (1): 1.1/2.7 MB
Progress (1): 1.2/2.7 MB
Progress (1): 1.2/2.7 MB
Progress (1): 1.2/2.7 MB
Progress (1): 1.2/2.7 MB
Progress (1): 1.2/2.7 MB
Progress (1): 1.2/2.7 MB
Progress (1): 1.3/2.7 MB
Progress (1): 1.3/2.7 MB
Progress (1): 1.3/2.7 MB
Progress (1): 1.3/2.7 MB
Progress (1): 1.3/2.7 MB
Progress (1): 1.3/2.7 MB
Progress (1): 1.4/2.7 MB
Progress (1): 1.4/2.7 MB
Progress (1): 1.4/2.7 MB
Progress (1): 1.4/2.7 MB
Progress (1): 1.4/2.7 MB
Progress (1): 1.4/2.7 MB
Progress (1): 1.5/2.7 MB
Progress (1): 1.5/2.7 MB
Progress (1): 1.5/2.7 MB
Progress (1): 1.5/2.7 MB
Progress (1): 1.5/2.7 MB
Progress (1): 1.5/2.7 MB
Progress (1): 1.6/2.7 MB
Progress (1): 1.6/2.7 MB
Progress (1): 1.6/2.7 MB
Progress (1): 1.6/2.7 MB
Progress (2): 1.6/2.7 MB | 7.7/12 kB
Progress (2): 1.6/2.7 MB | 7.7/12 kB
Progress (2): 1.6/2.7 MB | 7.7/12 kB
Progress (2): 1.7/2.7 MB | 7.7/12 kB
Progress (2): 1.7/2.7 MB | 7.7/12 kB
Progress (2): 1.7/2.7 MB | 7.7/12 kB
Progress (2): 1.7/2.7 MB | 12 kB    
Progress (2): 1.7/2.7 MB | 12 kB
Progress (2): 1.7/2.7 MB | 12 kB
Progress (2): 1.7/2.7 MB | 12 kB
Progress (2): 1.8/2.7 MB | 12 kB
Progress (2): 1.8/2.7 MB | 12 kB
Progress (2): 1.8/2.7 MB | 12 kB
Progress (2): 1.8/2.7 MB | 12 kB
Progress (2): 1.8/2.7 MB | 12 kB
Progress (2): 1.8/2.7 MB | 12 kB
Progress (2): 1.9/2.7 MB | 12 kB
Progress (2): 1.9/2.7 MB | 12 kB
Progress (2): 1.9/2.7 MB | 12 kB
Progress (2): 1.9/2.7 MB | 12 kB
Progress (2): 1.9/2.7 MB | 12 kB
Progress (2): 1.9/2.7 MB | 12 kB
Progress (2): 1.9/2.7 MB | 12 kB
Progress (2): 2.0/2.7 MB | 12 kB
Progress (2): 2.0/2.7 MB | 12 kB
Progress (2): 2.0/2.7 MB | 12 kB
Progress (2): 2.0/2.7 MB | 12 kB
Progress (2): 2.0/2.7 MB | 12 kB
Progress (3): 2.0/2.7 MB | 12 kB | 7.8/248 kB
Progress (3): 2.0/2.7 MB | 12 kB | 7.8/248 kB
Progress (3): 2.1/2.7 MB | 12 kB | 7.8/248 kB
Progress (3): 2.1/2.7 MB | 12 kB | 7.8/248 kB
Progress (3): 2.1/2.7 MB | 12 kB | 7.8/248 kB
Progress (3): 2.1/2.7 MB | 12 kB | 7.8/248 kB
Progress (3): 2.1/2.7 MB | 12 kB | 7.8/248 kB
Progress (3): 2.1/2.7 MB | 12 kB | 7.8/248 kB
Progress (3): 2.2/2.7 MB | 12 kB | 7.8/248 kB
Progress (3): 2.2/2.7 MB | 12 kB | 16/248 kB 
Progress (4): 2.2/2.7 MB | 12 kB | 16/248 kB | 8.2/9.6 kB
Progress (4): 2.2/2.7 MB | 12 kB | 16/248 kB | 8.2/9.6 kB
Progress (4): 2.2/2.7 MB | 12 kB | 32/248 kB | 8.2/9.6 kB
Progress (4): 2.2/2.7 MB | 12 kB | 32/248 kB | 8.2/9.6 kB
Progress (4): 2.2/2.7 MB | 12 kB | 49/248 kB | 8.2/9.6 kB
Progress (4): 2.2/2.7 MB | 12 kB | 49/248 kB | 8.2/9.6 kB
Progress (4): 2.2/2.7 MB | 12 kB | 49/248 kB | 9.6 kB    
Progress (4): 2.2/2.7 MB | 12 kB | 65/248 kB | 9.6 kB
Progress (4): 2.2/2.7 MB | 12 kB | 65/248 kB | 9.6 kB
Progress (4): 2.2/2.7 MB | 12 kB | 65/248 kB | 9.6 kB
Progress (4): 2.2/2.7 MB | 12 kB | 81/248 kB | 9.6 kB
Progress (4): 2.3/2.7 MB | 12 kB | 81/248 kB | 9.6 kB
Progress (4): 2.3/2.7 MB | 12 kB | 98/248 kB | 9.6 kB
Progress (4): 2.3/2.7 MB | 12 kB | 98/248 kB | 9.6 kB
Progress (4): 2.3/2.7 MB | 12 kB | 114/248 kB | 9.6 kB
Progress (4): 2.3/2.7 MB | 12 kB | 114/248 kB | 9.6 kB
Progress (4): 2.3/2.7 MB | 12 kB | 131/248 kB | 9.6 kB
Progress (4): 2.3/2.7 MB | 12 kB | 131/248 kB | 9.6 kB
Progress (4): 2.3/2.7 MB | 12 kB | 147/248 kB | 9.6 kB
Progress (4): 2.3/2.7 MB | 12 kB | 147/248 kB | 9.6 kB
Progress (4): 2.3/2.7 MB | 12 kB | 163/248 kB | 9.6 kB
Progress (4): 2.3/2.7 MB | 12 kB | 163/248 kB | 9.6 kB
Progress (4): 2.3/2.7 MB | 12 kB | 180/248 kB | 9.6 kB
Progress (4): 2.4/2.7 MB | 12 kB | 180/248 kB | 9.6 kB
Progress (4): 2.4/2.7 MB | 12 kB | 196/248 kB | 9.6 kB
Progress (4): 2.4/2.7 MB | 12 kB | 196/248 kB | 9.6 kB
Progress (4): 2.4/2.7 MB | 12 kB | 213/248 kB | 9.6 kB
Progress (4): 2.4/2.7 MB | 12 kB | 213/248 kB | 9.6 kB
Progress (4): 2.4/2.7 MB | 12 kB | 229/248 kB | 9.6 kB
Progress (4): 2.4/2.7 MB | 12 kB | 229/248 kB | 9.6 kB
Progress (4): 2.4/2.7 MB | 12 kB | 245/248 kB | 9.6 kB
Progress (4): 2.4/2.7 MB | 12 kB | 248 kB | 9.6 kB    
Progress (4): 2.4/2.7 MB | 12 kB | 248 kB | 9.6 kB
Progress (4): 2.4/2.7 MB | 12 kB | 248 kB | 9.6 kB
Progress (4): 2.5/2.7 MB | 12 kB | 248 kB | 9.6 kB
Progress (4): 2.5/2.7 MB | 12 kB | 248 kB | 9.6 kB
Progress (4): 2.5/2.7 MB | 12 kB | 248 kB | 9.6 kB
Progress (4): 2.5/2.7 MB | 12 kB | 248 kB | 9.6 kB
Progress (4): 2.5/2.7 MB | 12 kB | 248 kB | 9.6 kB
Progress (4): 2.5/2.7 MB | 12 kB | 248 kB | 9.6 kB
Progress (4): 2.6/2.7 MB | 12 kB | 248 kB | 9.6 kB
Progress (4): 2.6/2.7 MB | 12 kB | 248 kB | 9.6 kB
Progress (4): 2.6/2.7 MB | 12 kB | 248 kB | 9.6 kB
Progress (4): 2.6/2.7 MB | 12 kB | 248 kB | 9.6 kB
Progress (4): 2.6/2.7 MB | 12 kB | 248 kB | 9.6 kB
Progress (4): 2.6/2.7 MB | 12 kB | 248 kB | 9.6 kB
Progress (4): 2.7/2.7 MB | 12 kB | 248 kB | 9.6 kB
Progress (4): 2.7/2.7 MB | 12 kB | 248 kB | 9.6 kB
Progress (4): 2.7/2.7 MB | 12 kB | 248 kB | 9.6 kB
Progress (4): 2.7/2.7 MB | 12 kB | 248 kB | 9.6 kB
Progress (4): 2.7/2.7 MB | 12 kB | 248 kB | 9.6 kB
Progress (4): 2.7/2.7 MB | 12 kB | 248 kB | 9.6 kB
Progress (4): 2.7 MB | 12 kB | 248 kB | 9.6 kB    
                                              
Downloaded from central: https://repo1.maven.org/maven2/com/jcraft/jsch.agentproxy.connector-factory/0.0.9/jsch.agentproxy.connector-factory-0.0.9.jar (12 kB at 28 kB/s)
Downloading from central: https://repo1.maven.org/maven2/com/jcraft/jsch.agentproxy.usocket-nc/0.0.9/jsch.agentproxy.usocket-nc-0.0.9.jar
Downloaded from central: https://repo1.maven.org/maven2/com/trilead/trilead-ssh2/1.0.0-build222/trilead-ssh2-1.0.0-build222.jar (248 kB at 563 kB/s)
Downloaded from central: https://repo1.maven.org/maven2/com/jcraft/jsch.agentproxy.core/0.0.9/jsch.agentproxy.core-0.0.9.jar (9.6 kB at 22 kB/s)
Downloading from central: https://repo1.maven.org/maven2/com/jcraft/jsch.agentproxy.sshagent/0.0.9/jsch.agentproxy.sshagent-0.0.9.jar
Downloading from central: https://repo1.maven.org/maven2/com/jcraft/jsch.agentproxy.pageant/0.0.9/jsch.agentproxy.pageant-0.0.9.jar
Progress (2): 2.7 MB | 6.6 kB
                             
Downloaded from central: https://repo1.maven.org/maven2/com/jcraft/jsch.agentproxy.usocket-jna/0.0.9/jsch.agentproxy.usocket-jna-0.0.9.jar (6.6 kB at 14 kB/s)
Downloading from central: https://repo1.maven.org/maven2/com/jcraft/jsch.agentproxy.svnkit-trilead-ssh2/0.0.9/jsch.agentproxy.svnkit-trilead-ssh2-0.0.9.jar
Downloaded from central: https://repo1.maven.org/maven2/net/java/dev/jna/jna-platform/5.6.0/jna-platform-5.6.0.jar (2.7 MB at 5.9 MB/s)
Downloading from central: https://repo1.maven.org/maven2/org/lz4/lz4-java/1.4.1/lz4-java-1.4.1.jar
Progress (1): 5.3 kB
Progress (2): 5.3 kB | 4.3 kB
Progress (3): 5.3 kB | 4.3 kB | 7.7/7.8 kB
Progress (3): 5.3 kB | 4.3 kB | 7.8 kB    
Progress (4): 5.3 kB | 4.3 kB | 7.8 kB | 3.8 kB
                                               
Downloaded from central: https://repo1.maven.org/maven2/com/jcraft/jsch.agentproxy.sshagent/0.0.9/jsch.agentproxy.sshagent-0.0.9.jar (4.3 kB at 8.8 kB/s)
Downloading from central: https://repo1.maven.org/maven2/org/codehaus/plexus/plexus-xml/3.0.1/plexus-xml-3.0.1.jar
Downloaded from central: https://repo1.maven.org/maven2/com/jcraft/jsch.agentproxy.usocket-nc/0.0.9/jsch.agentproxy.usocket-nc-0.0.9.jar (5.3 kB at 11 kB/s)
Downloading from central: https://repo1.maven.org/maven2/com/google/code/gson/gson/2.11.0/gson-2.11.0.jar
Downloaded from central: https://repo1.maven.org/maven2/com/jcraft/jsch.agentproxy.pageant/0.0.9/jsch.agentproxy.pageant-0.0.9.jar (7.8 kB at 16 kB/s)
Downloading from central: https://repo1.maven.org/maven2/com/google/errorprone/error_prone_annotations/2.27.0/error_prone_annotations-2.27.0.jar
Downloaded from central: https://repo1.maven.org/maven2/com/jcraft/jsch.agentproxy.svnkit-trilead-ssh2/0.0.9/jsch.agentproxy.svnkit-trilead-ssh2-0.0.9.jar (3.8 kB at 7.6 kB/s)
Progress (1): 7.7/370 kB
Progress (1): 16/370 kB 
Progress (1): 32/370 kB
Progress (1): 33/370 kB
Progress (1): 49/370 kB
Progress (1): 57/370 kB
Progress (1): 74/370 kB
Progress (1): 90/370 kB
Progress (1): 106/370 kB
Progress (1): 115/370 kB
Progress (1): 131/370 kB
Progress (1): 139/370 kB
Progress (1): 147/370 kB
Progress (1): 164/370 kB
Progress (1): 180/370 kB
Progress (1): 188/370 kB
Progress (1): 205/370 kB
Progress (1): 221/370 kB
Progress (1): 238/370 kB
Progress (1): 246/370 kB
Progress (1): 262/370 kB
Progress (1): 270/370 kB
Progress (1): 287/370 kB
Progress (1): 295/370 kB
Progress (2): 295/370 kB | 7.7/94 kB
Progress (2): 311/370 kB | 7.7/94 kB
Progress (2): 311/370 kB | 16/94 kB 
Progress (2): 328/370 kB | 16/94 kB
Progress (2): 328/370 kB | 25/94 kB
Progress (2): 344/370 kB | 25/94 kB
Progress (2): 344/370 kB | 41/94 kB
Progress (2): 360/370 kB | 41/94 kB
Progress (2): 370 kB | 41/94 kB    
Progress (2): 370 kB | 57/94 kB
Progress (2): 370 kB | 74/94 kB
Progress (2): 370 kB | 90/94 kB
Progress (2): 370 kB | 94 kB   
Progress (3): 370 kB | 94 kB | 7.7/298 kB
Progress (3): 370 kB | 94 kB | 12/298 kB 
Progress (3): 370 kB | 94 kB | 29/298 kB
Progress (3): 370 kB | 94 kB | 45/298 kB
Progress (3): 370 kB | 94 kB | 61/298 kB
Progress (3): 370 kB | 94 kB | 78/298 kB
Progress (3): 370 kB | 94 kB | 94/298 kB
Progress (3): 370 kB | 94 kB | 111/298 kB
Progress (3): 370 kB | 94 kB | 127/298 kB
Progress (3): 370 kB | 94 kB | 143/298 kB
Progress (3): 370 kB | 94 kB | 160/298 kB
Progress (3): 370 kB | 94 kB | 176/298 kB
Progress (3): 370 kB | 94 kB | 193/298 kB
Progress (4): 370 kB | 94 kB | 193/298 kB | 8.2/19 kB
Progress (4): 370 kB | 94 kB | 209/298 kB | 8.2/19 kB
                                                     
Downloaded from central: https://repo1.maven.org/maven2/org/codehaus/plexus/plexus-xml/3.0.1/plexus-xml-3.0.1.jar (94 kB at 176 kB/s)
Progress (3): 370 kB | 225/298 kB | 8.2/19 kB
Progress (3): 370 kB | 225/298 kB | 19 kB    
Progress (3): 370 kB | 242/298 kB | 19 kB
Progress (3): 370 kB | 258/298 kB | 19 kB
Progress (3): 370 kB | 274/298 kB | 19 kB
Progress (3): 370 kB | 291/298 kB | 19 kB
Progress (3): 370 kB | 298 kB | 19 kB    
                                     
Downloaded from central: https://repo1.maven.org/maven2/org/lz4/lz4-java/1.4.1/lz4-java-1.4.1.jar (370 kB at 688 kB/s)
Downloaded from central: https://repo1.maven.org/maven2/com/google/errorprone/error_prone_annotations/2.27.0/error_prone_annotations-2.27.0.jar (19 kB at 35 kB/s)
Downloaded from central: https://repo1.maven.org/maven2/com/google/code/gson/gson/2.11.0/gson-2.11.0.jar (298 kB at 540 kB/s)
[INFO] Storing buildNumber: February 24, 2026 at 9:28 PM at timestamp: 1771986502362
[INFO] Executing: cmd.exe /X /C "git symbolic-ref HEAD"
[INFO] Working directory: D:\Khedma\Mr wiem\mutation-test-pipeline\target-repos\206364\openjpa-lib
[INFO] Storing scmBranch: master
[INFO] 
[INFO] --- enforcer:3.5.0:enforce (enforce-maven-version) @ openjpa-lib ---
Downloading from central: https://repo1.maven.org/maven2/org/apache/maven/enforcer/enforcer-api/3.5.0/enforcer-api-3.5.0.pom
Progress (1): 834 B
Progress (1): 2.6 kB
Progress (1): 3.8 kB
                    
Downloaded from central: https://repo1.maven.org/maven2/org/apache/maven/enforcer/enforcer-api/3.5.0/enforcer-api-3.5.0.pom (3.8 kB at 77 kB/s)
Downloading from central: https://repo1.maven.org/maven2/org/apache/maven/enforcer/enforcer-rules/3.5.0/enforcer-rules-3.5.0.pom
Progress (1): 853 B
Progress (1): 4.2 kB
Progress (1): 5.4 kB
                    
Downloaded from central: https://repo1.maven.org/maven2/org/apache/maven/enforcer/enforcer-rules/3.5.0/enforcer-rules-3.5.0.pom (5.4 kB at 116 kB/s)
Downloading from central: https://repo1.maven.org/maven2/commons-codec/commons-codec/1.17.0/commons-codec-1.17.0.pom
Progress (1): 745 B
Progress (1): 1.9 kB
Progress (1): 4.0 kB
Progress (1): 5.8 kB
Progress (1): 8.4 kB
Progress (1): 11 kB 
Progress (1): 14 kB
Progress (1): 17 kB
Progress (1): 18 kB
                   
Downloaded from central: https://repo1.maven.org/maven2/commons-codec/commons-codec/1.17.0/commons-codec-1.17.0.pom (18 kB at 350 kB/s)
Downloading from central: https://repo1.maven.org/maven2/org/apache-extras/beanshell/bsh/2.0b6/bsh-2.0b6.pom
Progress (1): 878 B
Progress (1): 2.2 kB
Progress (1): 4.9 kB
Progress (1): 5.0 kB
                    
Downloaded from central: https://repo1.maven.org/maven2/org/apache-extras/beanshell/bsh/2.0b6/bsh-2.0b6.pom (5.0 kB at 91 kB/s)
Downloading from central: https://repo1.maven.org/maven2/org/apache/maven/enforcer/enforcer-api/3.5.0/enforcer-api-3.5.0.jar
Downloading from central: https://repo1.maven.org/maven2/org/apache/maven/enforcer/enforcer-rules/3.5.0/enforcer-rules-3.5.0.jar
Downloading from central: https://repo1.maven.org/maven2/commons-codec/commons-codec/1.17.0/commons-codec-1.17.0.jar
Downloading from central: https://repo1.maven.org/maven2/org/apache-extras/beanshell/bsh/2.0b6/bsh-2.0b6.jar
Progress (1): 7.7/147 kB
Progress (2): 7.7/147 kB | 7.7/373 kB
Progress (2): 12/147 kB | 7.7/373 kB 
Progress (2): 29/147 kB | 7.7/373 kB
Progress (2): 45/147 kB | 7.7/373 kB
Progress (2): 61/147 kB | 7.7/373 kB
Progress (2): 61/147 kB | 16/373 kB 
Progress (2): 78/147 kB | 16/373 kB
Progress (2): 94/147 kB | 16/373 kB
Progress (2): 94/147 kB | 32/373 kB
Progress (3): 94/147 kB | 32/373 kB | 7.5/15 kB
Progress (3): 111/147 kB | 32/373 kB | 7.5/15 kB
Progress (3): 111/147 kB | 49/373 kB | 7.5/15 kB
Progress (3): 127/147 kB | 49/373 kB | 7.5/15 kB
Progress (3): 127/147 kB | 65/373 kB | 7.5/15 kB
Progress (3): 143/147 kB | 65/373 kB | 7.5/15 kB
Progress (3): 147 kB | 65/373 kB | 7.5/15 kB    
Progress (3): 147 kB | 81/373 kB | 7.5/15 kB
Progress (3): 147 kB | 98/373 kB | 7.5/15 kB
Progress (3): 147 kB | 114/373 kB | 7.5/15 kB
Progress (3): 147 kB | 114/373 kB | 15 kB    
Progress (3): 147 kB | 131/373 kB | 15 kB
Progress (3): 147 kB | 147/373 kB | 15 kB
Progress (3): 147 kB | 163/373 kB | 15 kB
Progress (3): 147 kB | 180/373 kB | 15 kB
Progress (3): 147 kB | 196/373 kB | 15 kB
Progress (3): 147 kB | 213/373 kB | 15 kB
Progress (3): 147 kB | 229/373 kB | 15 kB
Progress (3): 147 kB | 245/373 kB | 15 kB
Progress (3): 147 kB | 262/373 kB | 15 kB
Progress (3): 147 kB | 278/373 kB | 15 kB
Progress (3): 147 kB | 294/373 kB | 15 kB
Progress (3): 147 kB | 311/373 kB | 15 kB
Progress (3): 147 kB | 327/373 kB | 15 kB
Progress (3): 147 kB | 344/373 kB | 15 kB
Progress (3): 147 kB | 360/373 kB | 15 kB
Progress (3): 147 kB | 373 kB | 15 kB    
Progress (4): 147 kB | 373 kB | 15 kB | 7.7/389 kB
Progress (4): 147 kB | 373 kB | 15 kB | 8.2/389 kB
Progress (4): 147 kB | 373 kB | 15 kB | 25/389 kB 
Progress (4): 147 kB | 373 kB | 15 kB | 33/389 kB
Progress (4): 147 kB | 373 kB | 15 kB | 49/389 kB
Progress (4): 147 kB | 373 kB | 15 kB | 66/389 kB
Progress (4): 147 kB | 373 kB | 15 kB | 82/389 kB
Progress (4): 147 kB | 373 kB | 15 kB | 90/389 kB
Progress (4): 147 kB | 373 kB | 15 kB | 106/389 kB
Progress (4): 147 kB | 373 kB | 15 kB | 123/389 kB
Progress (4): 147 kB | 373 kB | 15 kB | 131/389 kB
Progress (4): 147 kB | 373 kB | 15 kB | 147/389 kB
Progress (4): 147 kB | 373 kB | 15 kB | 156/389 kB
Progress (4): 147 kB | 373 kB | 15 kB | 164/389 kB
Progress (4): 147 kB | 373 kB | 15 kB | 180/389 kB
Progress (4): 147 kB | 373 kB | 15 kB | 197/389 kB
Progress (4): 147 kB | 373 kB | 15 kB | 213/389 kB
Progress (4): 147 kB | 373 kB | 15 kB | 229/389 kB
Progress (4): 147 kB | 373 kB | 15 kB | 246/389 kB
Progress (4): 147 kB | 373 kB | 15 kB | 262/389 kB
Progress (4): 147 kB | 373 kB | 15 kB | 270/389 kB
                                                  
Downloaded from central: https://repo1.maven.org/maven2/org/apache/maven/enforcer/enforcer-rules/3.5.0/enforcer-rules-3.5.0.jar (147 kB at 2.9 MB/s)
Progress (3): 373 kB | 15 kB | 279/389 kB
Progress (3): 373 kB | 15 kB | 287/389 kB
Progress (3): 373 kB | 15 kB | 295/389 kB
                                         
Downloaded from central: https://repo1.maven.org/maven2/org/apache/maven/enforcer/enforcer-api/3.5.0/enforcer-api-3.5.0.jar (15 kB at 291 kB/s)
Progress (2): 373 kB | 311/389 kB
Progress (2): 373 kB | 328/389 kB
Progress (2): 373 kB | 336/389 kB
Progress (2): 373 kB | 344/389 kB
Progress (2): 373 kB | 352/389 kB
Progress (2): 373 kB | 369/389 kB
Progress (2): 373 kB | 385/389 kB
Progress (2): 373 kB | 389 kB    
                             
Downloaded from central: https://repo1.maven.org/maven2/commons-codec/commons-codec/1.17.0/commons-codec-1.17.0.jar (373 kB at 6.3 MB/s)
Downloaded from central: https://repo1.maven.org/maven2/org/apache-extras/beanshell/bsh/2.0b6/bsh-2.0b6.jar (389 kB at 5.8 MB/s)
[INFO] Rule 0: org.apache.maven.enforcer.rules.version.RequireMavenVersion passed
[INFO] 
[INFO] --- enforcer:3.5.0:enforce (enforce-java-version) @ openjpa-lib ---
[INFO] Rule 0: org.apache.maven.enforcer.rules.version.RequireJavaVersion passed
[INFO] 
[INFO] --- enforcer:3.5.0:enforce (default) @ openjpa-lib ---
[INFO] Rule 0: org.apache.maven.enforcer.rules.version.RequireMavenVersion passed
[INFO] ------------------------------------------------------------------------
[INFO] BUILD FAILURE
[INFO] ------------------------------------------------------------------------
[INFO] Total time:  9.843 s
[INFO] Finished at: 2026-02-24T21:28:22-05:00
[INFO] ------------------------------------------------------------------------
[ERROR] Failed to execute goal org.apache.maven.plugins:maven-enforcer-plugin:3.5.0:enforce (default) on project openjpa-lib: 
[ERROR] Rule 1: org.apache.maven.enforcer.rules.version.RequireJavaVersion failed with message:
[ERROR] Detected JDK version 1.8.0-472 (JAVA_HOME=C:\Program Files\Eclipse Adoptium\jdk-8.0.472.8-hotspot\jre) is not in the allowed range [11,).
[ERROR] -> [Help 1]
[ERROR] 
[ERROR] To see the full stack trace of the errors, re-run Maven with the -e switch.
[ERROR] Re-run Maven using the -X switch to enable full debug logging.
[ERROR] 
[ERROR] For more information about the errors and possible solutions, please read the following articles:
[ERROR] [Help 1] http://cwiki.apache.org/confluence/display/MAVEN/MojoExecutionException

STDERR:
