COMMAND: mvn.cmd -s D:\Khedma\Mr wiem\mutation-test-pipeline\.mvn\settings.xml -DskipTests compile

STDOUT:
[INFO] Scanning for projects...
[INFO] 
[INFO] ------------------< org.apache.xmlgraphics:fop-core >-------------------
[INFO] Building Apache FOP Core 2.11.0-SNAPSHOT
[INFO]   from pom.xml
[INFO] --------------------------------[ jar ]---------------------------------
Downloading from central: https://repo1.maven.org/maven2/org/apache/maven/plugins/maven-javadoc-plugin/maven-metadata.xml
Progress (1): 1.7 kB
                    
Downloaded from central: https://repo1.maven.org/maven2/org/apache/maven/plugins/maven-javadoc-plugin/maven-metadata.xml (1.7 kB at 6.2 kB/s)
Downloading from central: https://repo1.maven.org/maven2/org/apache/maven/plugins/maven-javadoc-plugin/3.12.0/maven-javadoc-plugin-3.12.0.pom
Progress (1): 740 B
Progress (1): 1.9 kB
Progress (1): 3.9 kB
Progress (1): 7.7 kB
Progress (1): 11 kB 
Progress (1): 14 kB
Progress (1): 17 kB
Progress (1): 18 kB
Progress (1): 21 kB
                   
Downloaded from central: https://repo1.maven.org/maven2/org/apache/maven/plugins/maven-javadoc-plugin/3.12.0/maven-javadoc-plugin-3.12.0.pom (21 kB at 356 kB/s)
Downloading from central: https://repo1.maven.org/maven2/org/apache/maven/plugins/maven-javadoc-plugin/3.12.0/maven-javadoc-plugin-3.12.0.jar
Progress (1): 0.9/493 kB
Progress (1): 2.3/493 kB
Progress (1): 3.7/493 kB
Progress (1): 5.0/493 kB
Progress (1): 6.4/493 kB
Progress (1): 7.8/493 kB
Progress (1): 9.1/493 kB
Progress (1): 11/493 kB 
Progress (1): 12/493 kB
Progress (1): 13/493 kB
Progress (1): 15/493 kB
Progress (1): 16/493 kB
Progress (1): 17/493 kB
Progress (1): 19/493 kB
Progress (1): 20/493 kB
Progress (1): 21/493 kB
Progress (1): 23/493 kB
Progress (1): 24/493 kB
Progress (1): 25/493 kB
Progress (1): 26/493 kB
Progress (1): 27/493 kB
Progress (1): 29/493 kB
Progress (1): 30/493 kB
Progress (1): 31/493 kB
Progress (1): 33/493 kB
Progress (1): 34/493 kB
Progress (1): 36/493 kB
Progress (1): 37/493 kB
Progress (1): 38/493 kB
Progress (1): 40/493 kB
Progress (1): 41/493 kB
Progress (1): 42/493 kB
Progress (1): 44/493 kB
Progress (1): 45/493 kB
Progress (1): 49/493 kB
Progress (1): 54/493 kB
Progress (1): 58/493 kB
Progress (1): 62/493 kB
Progress (1): 66/493 kB
Progress (1): 70/493 kB
Progress (1): 74/493 kB
Progress (1): 78/493 kB
Progress (1): 82/493 kB
Progress (1): 87/493 kB
Progress (1): 91/493 kB
Progress (1): 95/493 kB
Progress (1): 98/493 kB
Progress (1): 103/493 kB
Progress (1): 107/493 kB
Progress (1): 111/493 kB
Progress (1): 115/493 kB
Progress (1): 119/493 kB
Progress (1): 124/493 kB
Progress (1): 128/493 kB
Progress (1): 131/493 kB
Progress (1): 135/493 kB
Progress (1): 139/493 kB
Progress (1): 143/493 kB
Progress (1): 148/493 kB
Progress (1): 152/493 kB
Progress (1): 156/493 kB
Progress (1): 160/493 kB
Progress (1): 164/493 kB
Progress (1): 168/493 kB
Progress (1): 172/493 kB
Progress (1): 177/493 kB
Progress (1): 180/493 kB
Progress (1): 184/493 kB
Progress (1): 189/493 kB
Progress (1): 193/493 kB
Progress (1): 197/493 kB
Progress (1): 201/493 kB
Progress (1): 206/493 kB
Progress (1): 210/493 kB
Progress (1): 226/493 kB
Progress (1): 243/493 kB
Progress (1): 259/493 kB
Progress (1): 275/493 kB
Progress (1): 292/493 kB
Progress (1): 308/493 kB
Progress (1): 311/493 kB
Progress (1): 328/493 kB
Progress (1): 344/493 kB
Progress (1): 360/493 kB
Progress (1): 377/493 kB
Progress (1): 393/493 kB
Progress (1): 410/493 kB
Progress (1): 426/493 kB
Progress (1): 442/493 kB
Progress (1): 459/493 kB
Progress (1): 475/493 kB
Progress (1): 492/493 kB
Progress (1): 493 kB    
                    
Downloaded from central: https://repo1.maven.org/maven2/org/apache/maven/plugins/maven-javadoc-plugin/3.12.0/maven-javadoc-plugin-3.12.0.jar (493 kB at 4.1 MB/s)
Downloading from central: https://repo1.maven.org/maven2/org/codehaus/mojo/xml-maven-plugin/1.0.1/xml-maven-plugin-1.0.1.pom
Progress (1): 1.1 kB
Progress (1): 3.3 kB
Progress (1): 6.4 kB
Progress (1): 8.6 kB
                    
Downloaded from central: https://repo1.maven.org/maven2/org/codehaus/mojo/xml-maven-plugin/1.0.1/xml-maven-plugin-1.0.1.pom (8.6 kB at 97 kB/s)
Downloading from central: https://repo1.maven.org/maven2/org/codehaus/mojo/mojo-parent/38/mojo-parent-38.pom
Progress (1): 722 B
Progress (1): 2.5 kB
Progress (1): 5.5 kB
Progress (1): 7.3 kB
Progress (1): 9.6 kB
Progress (1): 15 kB 
Progress (1): 18 kB
Progress (1): 21 kB
Progress (1): 24 kB
Progress (1): 28 kB
Progress (1): 33 kB
                   
Downloaded from central: https://repo1.maven.org/maven2/org/codehaus/mojo/mojo-parent/38/mojo-parent-38.pom (33 kB at 561 kB/s)
Downloading from central: https://repo1.maven.org/maven2/org/codehaus/mojo/xml-maven-plugin/1.0.1/xml-maven-plugin-1.0.1.jar
Progress (1): 7.7/54 kB
Progress (1): 16/54 kB 
Progress (1): 25/54 kB
Progress (1): 41/54 kB
Progress (1): 54 kB   
                   
Downloaded from central: https://repo1.maven.org/maven2/org/codehaus/mojo/xml-maven-plugin/1.0.1/xml-maven-plugin-1.0.1.jar (54 kB at 680 kB/s)
Downloading from central: https://repo1.maven.org/maven2/org/codehaus/mojo/build-helper-maven-plugin/1.9.1/build-helper-maven-plugin-1.9.1.pom
Progress (1): 1.0 kB
Progress (1): 4.0 kB
Progress (1): 6.5 kB
Progress (1): 6.8 kB
                    
Downloaded from central: https://repo1.maven.org/maven2/org/codehaus/mojo/build-helper-maven-plugin/1.9.1/build-helper-maven-plugin-1.9.1.pom (6.8 kB at 114 kB/s)
Downloading from central: https://repo1.maven.org/maven2/org/codehaus/mojo/mojo-parent/33/mojo-parent-33.pom
Progress (1): 754 B
Progress (1): 2.8 kB
Progress (1): 5.0 kB
Progress (1): 8.8 kB
Progress (1): 13 kB 
Progress (1): 16 kB
Progress (1): 20 kB
Progress (1): 24 kB
Progress (1): 26 kB
                   
Downloaded from central: https://repo1.maven.org/maven2/org/codehaus/mojo/mojo-parent/33/mojo-parent-33.pom (26 kB at 416 kB/s)
Downloading from central: https://repo1.maven.org/maven2/org/codehaus/mojo/build-helper-maven-plugin/1.9.1/build-helper-maven-plugin-1.9.1.jar
Progress (1): 7.7/47 kB
Progress (1): 16/47 kB 
Progress (1): 32/47 kB
Progress (1): 47 kB   
                   
Downloaded from central: https://repo1.maven.org/maven2/org/codehaus/mojo/build-helper-maven-plugin/1.9.1/build-helper-maven-plugin-1.9.1.jar (47 kB at 842 kB/s)
Downloading from apache.snapshots.https: https://repository.apache.org/content/repositories/snapshots/org/apache/xmlgraphics/batik-anim/1.18.0-SNAPSHOT/maven-metadata.xml
Progress (1): 785 B
                   
Downloaded from apache.snapshots.https: https://repository.apache.org/content/repositories/snapshots/org/apache/xmlgraphics/batik-anim/1.18.0-SNAPSHOT/maven-metadata.xml (785 B at 1.5 kB/s)
Downloading from apache.snapshots.https: https://repository.apache.org/content/repositories/snapshots/org/apache/xmlgraphics/batik-anim/1.18.0-SNAPSHOT/batik-anim-1.18.0-20241215.104410-9.pom
Progress (1): 4.2 kB
                    
Downloaded from apache.snapshots.https: https://repository.apache.org/content/repositories/snapshots/org/apache/xmlgraphics/batik-anim/1.18.0-SNAPSHOT/batik-anim-1.18.0-20241215.104410-9.pom (4.2 kB at 26 kB/s)
Downloading from apache.snapshots.https: https://repository.apache.org/content/repositories/snapshots/org/apache/xmlgraphics/batik/1.18.0-SNAPSHOT/maven-metadata.xml
Progress (1): 606 B
                   
Downloaded from apache.snapshots.https: https://repository.apache.org/content/repositories/snapshots/org/apache/xmlgraphics/batik/1.18.0-SNAPSHOT/maven-metadata.xml (606 B at 3.7 kB/s)
Downloading from apache.snapshots.https: https://repository.apache.org/content/repositories/snapshots/org/apache/xmlgraphics/batik/1.18.0-SNAPSHOT/batik-1.18.0-20241215.104409-9.pom
Progress (1): 7.5/7.6 kB
Progress (1): 7.6 kB    
                    
Downloaded from apache.snapshots.https: https://repository.apache.org/content/repositories/snapshots/org/apache/xmlgraphics/batik/1.18.0-SNAPSHOT/batik-1.18.0-20241215.104409-9.pom (7.6 kB at 46 kB/s)
Downloading from apache.snapshots.https: https://repository.apache.org/content/repositories/snapshots/org/apache/xmlgraphics/batik-awt-util/1.18.0-SNAPSHOT/maven-metadata.xml
Progress (1): 789 B
                   
Downloaded from apache.snapshots.https: https://repository.apache.org/content/repositories/snapshots/org/apache/xmlgraphics/batik-awt-util/1.18.0-SNAPSHOT/maven-metadata.xml (789 B at 4.9 kB/s)
Downloading from apache.snapshots.https: https://repository.apache.org/content/repositories/snapshots/org/apache/xmlgraphics/batik-awt-util/1.18.0-SNAPSHOT/batik-awt-util-1.18.0-20241215.104410-9.pom
Progress (1): 3.2 kB
                    
Downloaded from apache.snapshots.https: https://repository.apache.org/content/repositories/snapshots/org/apache/xmlgraphics/batik-awt-util/1.18.0-SNAPSHOT/batik-awt-util-1.18.0-20241215.104410-9.pom (3.2 kB at 20 kB/s)
Downloading from apache.snapshots.https: https://repository.apache.org/content/repositories/snapshots/org/apache/xmlgraphics/batik-shared-resources/1.18.0-SNAPSHOT/maven-metadata.xml
Progress (1): 797 B
                   
Downloaded from apache.snapshots.https: https://repository.apache.org/content/repositories/snapshots/org/apache/xmlgraphics/batik-shared-resources/1.18.0-SNAPSHOT/maven-metadata.xml (797 B at 5.0 kB/s)
Downloading from apache.snapshots.https: https://repository.apache.org/content/repositories/snapshots/org/apache/xmlgraphics/batik-shared-resources/1.18.0-SNAPSHOT/batik-shared-resources-1.18.0-20241215.104414-8.pom
Progress (1): 1.7 kB
                    
Downloaded from apache.snapshots.https: https://repository.apache.org/content/repositories/snapshots/org/apache/xmlgraphics/batik-shared-resources/1.18.0-SNAPSHOT/batik-shared-resources-1.18.0-20241215.104414-8.pom (1.7 kB at 11 kB/s)
Downloading from apache.snapshots.https: https://repository.apache.org/content/repositories/snapshots/org/apache/xmlgraphics/batik-util/1.18.0-SNAPSHOT/maven-metadata.xml
Progress (1): 998 B
                   
Downloaded from apache.snapshots.https: https://repository.apache.org/content/repositories/snapshots/org/apache/xmlgraphics/batik-util/1.18.0-SNAPSHOT/maven-metadata.xml (998 B at 6.2 kB/s)
Downloading from apache.snapshots.https: https://repository.apache.org/content/repositories/snapshots/org/apache/xmlgraphics/batik-util/1.18.0-SNAPSHOT/batik-util-1.18.0-20241215.104418-8.pom
Progress (1): 4.3 kB
                    
Downloaded from apache.snapshots.https: https://repository.apache.org/content/repositories/snapshots/org/apache/xmlgraphics/batik-util/1.18.0-SNAPSHOT/batik-util-1.18.0-20241215.104418-8.pom (4.3 kB at 26 kB/s)
Downloading from apache.snapshots.https: https://repository.apache.org/content/repositories/snapshots/org/apache/xmlgraphics/batik-constants/1.18.0-SNAPSHOT/maven-metadata.xml
Progress (1): 790 B
                   
Downloaded from apache.snapshots.https: https://repository.apache.org/content/repositories/snapshots/org/apache/xmlgraphics/batik-constants/1.18.0-SNAPSHOT/maven-metadata.xml (790 B at 4.9 kB/s)
Downloading from apache.snapshots.https: https://repository.apache.org/content/repositories/snapshots/org/apache/xmlgraphics/batik-constants/1.18.0-SNAPSHOT/batik-constants-1.18.0-20241215.104411-9.pom
Progress (1): 2.9 kB
                    
Downloaded from apache.snapshots.https: https://repository.apache.org/content/repositories/snapshots/org/apache/xmlgraphics/batik-constants/1.18.0-SNAPSHOT/batik-constants-1.18.0-20241215.104411-9.pom (2.9 kB at 18 kB/s)
Downloading from apache.snapshots.https: https://repository.apache.org/content/repositories/snapshots/org/apache/xmlgraphics/batik-i18n/1.18.0-SNAPSHOT/maven-metadata.xml
Progress (1): 785 B
                   
Downloaded from apache.snapshots.https: https://repository.apache.org/content/repositories/snapshots/org/apache/xmlgraphics/batik-i18n/1.18.0-SNAPSHOT/maven-metadata.xml (785 B at 4.9 kB/s)
Downloading from apache.snapshots.https: https://repository.apache.org/content/repositories/snapshots/org/apache/xmlgraphics/batik-i18n/1.18.0-SNAPSHOT/batik-i18n-1.18.0-20241215.104413-8.pom
Progress (1): 2.9 kB
                    
Downloaded from apache.snapshots.https: https://repository.apache.org/content/repositories/snapshots/org/apache/xmlgraphics/batik-i18n/1.18.0-SNAPSHOT/batik-i18n-1.18.0-20241215.104413-8.pom (2.9 kB at 18 kB/s)
Downloading from apache.snapshots.https: https://repository.apache.org/content/repositories/snapshots/org/apache/xmlgraphics/xmlgraphics-commons/2.9.0-SNAPSHOT/maven-metadata.xml
Progress (1): 794 B
                   
Downloaded from apache.snapshots.https: https://repository.apache.org/content/repositories/snapshots/org/apache/xmlgraphics/xmlgraphics-commons/2.9.0-SNAPSHOT/maven-metadata.xml (794 B at 4.9 kB/s)
Downloading from apache.snapshots.https: https://repository.apache.org/content/repositories/snapshots/org/apache/xmlgraphics/xmlgraphics-commons/2.9.0-SNAPSHOT/xmlgraphics-commons-2.9.0-20240715.122022-17.pom
Progress (1): 7.5/9.6 kB
Progress (1): 8.2/9.6 kB
Progress (1): 9.6 kB    
                    
Downloaded from apache.snapshots.https: https://repository.apache.org/content/repositories/snapshots/org/apache/xmlgraphics/xmlgraphics-commons/2.9.0-SNAPSHOT/xmlgraphics-commons-2.9.0-20240715.122022-17.pom (9.6 kB at 57 kB/s)
Downloading from central: https://repo1.maven.org/maven2/commons-logging/commons-logging/1.3.0/commons-logging-1.3.0.pom
Progress (1): 761 B
Progress (1): 2.0 kB
Progress (1): 5.0 kB
Progress (1): 7.0 kB
Progress (1): 10.0 kB
Progress (1): 13 kB  
Progress (1): 16 kB
Progress (1): 20 kB
Progress (1): 25 kB
Progress (1): 27 kB
Progress (1): 27 kB
                   
Downloaded from central: https://repo1.maven.org/maven2/commons-logging/commons-logging/1.3.0/commons-logging-1.3.0.pom (27 kB at 364 kB/s)
Downloading from apache.snapshots.https: https://repository.apache.org/content/repositories/snapshots/org/apache/xmlgraphics/batik-css/1.18.0-SNAPSHOT/maven-metadata.xml
Progress (1): 784 B
                   
Downloaded from apache.snapshots.https: https://repository.apache.org/content/repositories/snapshots/org/apache/xmlgraphics/batik-css/1.18.0-SNAPSHOT/maven-metadata.xml (784 B at 4.6 kB/s)
Downloading from apache.snapshots.https: https://repository.apache.org/content/repositories/snapshots/org/apache/xmlgraphics/batik-css/1.18.0-SNAPSHOT/batik-css-1.18.0-20241215.104411-8.pom
Progress (1): 3.6 kB
                    
Downloaded from apache.snapshots.https: https://repository.apache.org/content/repositories/snapshots/org/apache/xmlgraphics/batik-css/1.18.0-SNAPSHOT/batik-css-1.18.0-20241215.104411-8.pom (3.6 kB at 22 kB/s)
Downloading from central: https://repo1.maven.org/maven2/xml-apis/xml-apis-ext/1.3.04/xml-apis-ext-1.3.04.pom
Progress (1): 977 B
Progress (1): 1.8 kB
                    
Downloaded from central: https://repo1.maven.org/maven2/xml-apis/xml-apis-ext/1.3.04/xml-apis-ext-1.3.04.pom (1.8 kB at 32 kB/s)
Downloading from apache.snapshots.https: https://repository.apache.org/content/repositories/snapshots/org/apache/xmlgraphics/batik-dom/1.18.0-SNAPSHOT/maven-metadata.xml
Progress (1): 784 B
                   
Downloaded from apache.snapshots.https: https://repository.apache.org/content/repositories/snapshots/org/apache/xmlgraphics/batik-dom/1.18.0-SNAPSHOT/maven-metadata.xml (784 B at 4.8 kB/s)
Downloading from apache.snapshots.https: https://repository.apache.org/content/repositories/snapshots/org/apache/xmlgraphics/batik-dom/1.18.0-SNAPSHOT/batik-dom-1.18.0-20241215.104411-8.pom
Progress (1): 3.9 kB
                    
Downloaded from apache.snapshots.https: https://repository.apache.org/content/repositories/snapshots/org/apache/xmlgraphics/batik-dom/1.18.0-SNAPSHOT/batik-dom-1.18.0-20241215.104411-8.pom (3.9 kB at 24 kB/s)
Downloading from apache.snapshots.https: https://repository.apache.org/content/repositories/snapshots/org/apache/xmlgraphics/batik-ext/1.18.0-SNAPSHOT/maven-metadata.xml
Progress (1): 784 B
                   
Downloaded from apache.snapshots.https: https://repository.apache.org/content/repositories/snapshots/org/apache/xmlgraphics/batik-ext/1.18.0-SNAPSHOT/maven-metadata.xml (784 B at 4.8 kB/s)
Downloading from apache.snapshots.https: https://repository.apache.org/content/repositories/snapshots/org/apache/xmlgraphics/batik-ext/1.18.0-SNAPSHOT/batik-ext-1.18.0-20241215.104412-8.pom
Progress (1): 2.9 kB
                    
Downloaded from apache.snapshots.https: https://repository.apache.org/content/repositories/snapshots/org/apache/xmlgraphics/batik-ext/1.18.0-SNAPSHOT/batik-ext-1.18.0-20241215.104412-8.pom (2.9 kB at 4.3 kB/s)
Downloading from apache.snapshots.https: https://repository.apache.org/content/repositories/snapshots/org/apache/xmlgraphics/batik-xml/1.18.0-SNAPSHOT/maven-metadata.xml
Progress (1): 784 B
                   
Downloaded from apache.snapshots.https: https://repository.apache.org/content/repositories/snapshots/org/apache/xmlgraphics/batik-xml/1.18.0-SNAPSHOT/maven-metadata.xml (784 B at 4.8 kB/s)
Downloading from apache.snapshots.https: https://repository.apache.org/content/repositories/snapshots/org/apache/xmlgraphics/batik-xml/1.18.0-SNAPSHOT/batik-xml-1.18.0-20241215.104418-8.pom
Progress (1): 3.0 kB
                    
Downloaded from apache.snapshots.https: https://repository.apache.org/content/repositories/snapshots/org/apache/xmlgraphics/batik-xml/1.18.0-SNAPSHOT/batik-xml-1.18.0-20241215.104418-8.pom (3.0 kB at 19 kB/s)
Downloading from central: https://repo1.maven.org/maven2/xml-apis/xml-apis/1.4.01/xml-apis-1.4.01.pom
Progress (1): 938 B
Progress (1): 2.7 kB
                    
Downloaded from central: https://repo1.maven.org/maven2/xml-apis/xml-apis/1.4.01/xml-apis-1.4.01.pom (2.7 kB at 53 kB/s)
Downloading from apache.snapshots.https: https://repository.apache.org/content/repositories/snapshots/org/apache/xmlgraphics/batik-parser/1.18.0-SNAPSHOT/maven-metadata.xml
Progress (1): 787 B
                   
Downloaded from apache.snapshots.https: https://repository.apache.org/content/repositories/snapshots/org/apache/xmlgraphics/batik-parser/1.18.0-SNAPSHOT/maven-metadata.xml (787 B at 4.8 kB/s)
Downloading from apache.snapshots.https: https://repository.apache.org/content/repositories/snapshots/org/apache/xmlgraphics/batik-parser/1.18.0-SNAPSHOT/batik-parser-1.18.0-20241215.104413-8.pom
Progress (1): 3.6 kB
                    
Downloaded from apache.snapshots.https: https://repository.apache.org/content/repositories/snapshots/org/apache/xmlgraphics/batik-parser/1.18.0-SNAPSHOT/batik-parser-1.18.0-20241215.104413-8.pom (3.6 kB at 22 kB/s)
Downloading from apache.snapshots.https: https://repository.apache.org/content/repositories/snapshots/org/apache/xmlgraphics/batik-svg-dom/1.18.0-SNAPSHOT/maven-metadata.xml
Progress (1): 788 B
                   
Downloaded from apache.snapshots.https: https://repository.apache.org/content/repositories/snapshots/org/apache/xmlgraphics/batik-svg-dom/1.18.0-SNAPSHOT/maven-metadata.xml (788 B at 4.8 kB/s)
Downloading from apache.snapshots.https: https://repository.apache.org/content/repositories/snapshots/org/apache/xmlgraphics/batik-svg-dom/1.18.0-SNAPSHOT/batik-svg-dom-1.18.0-20241215.104415-8.pom
Progress (1): 4.0 kB
                    
Downloaded from apache.snapshots.https: https://repository.apache.org/content/repositories/snapshots/org/apache/xmlgraphics/batik-svg-dom/1.18.0-SNAPSHOT/batik-svg-dom-1.18.0-20241215.104415-8.pom (4.0 kB at 23 kB/s)
Downloading from apache.snapshots.https: https://repository.apache.org/content/repositories/snapshots/org/apache/xmlgraphics/batik-bridge/1.18.0-SNAPSHOT/maven-metadata.xml
Progress (1): 787 B
                   
Downloaded from apache.snapshots.https: https://repository.apache.org/content/repositories/snapshots/org/apache/xmlgraphics/batik-bridge/1.18.0-SNAPSHOT/maven-metadata.xml (787 B at 4.9 kB/s)
Downloading from apache.snapshots.https: https://repository.apache.org/content/repositories/snapshots/org/apache/xmlgraphics/batik-bridge/1.18.0-SNAPSHOT/batik-bridge-1.18.0-20241215.104411-9.pom
Progress (1): 5.4 kB
                    
Downloaded from apache.snapshots.https: https://repository.apache.org/content/repositories/snapshots/org/apache/xmlgraphics/batik-bridge/1.18.0-SNAPSHOT/batik-bridge-1.18.0-20241215.104411-9.pom (5.4 kB at 34 kB/s)
Downloading from apache.snapshots.https: https://repository.apache.org/content/repositories/snapshots/org/apache/xmlgraphics/batik-gvt/1.18.0-SNAPSHOT/maven-metadata.xml
Progress (1): 784 B
                   
Downloaded from apache.snapshots.https: https://repository.apache.org/content/repositories/snapshots/org/apache/xmlgraphics/batik-gvt/1.18.0-SNAPSHOT/maven-metadata.xml (784 B at 4.9 kB/s)
Downloading from apache.snapshots.https: https://repository.apache.org/content/repositories/snapshots/org/apache/xmlgraphics/batik-gvt/1.18.0-SNAPSHOT/batik-gvt-1.18.0-20241215.104412-8.pom
Progress (1): 3.2 kB
                    
Downloaded from apache.snapshots.https: https://repository.apache.org/content/repositories/snapshots/org/apache/xmlgraphics/batik-gvt/1.18.0-SNAPSHOT/batik-gvt-1.18.0-20241215.104412-8.pom (3.2 kB at 20 kB/s)
Downloading from apache.snapshots.https: https://repository.apache.org/content/repositories/snapshots/org/apache/xmlgraphics/batik-script/1.18.0-SNAPSHOT/maven-metadata.xml
Progress (1): 787 B
                   
Downloaded from apache.snapshots.https: https://repository.apache.org/content/repositories/snapshots/org/apache/xmlgraphics/batik-script/1.18.0-SNAPSHOT/maven-metadata.xml (787 B at 4.8 kB/s)
Downloading from apache.snapshots.https: https://repository.apache.org/content/repositories/snapshots/org/apache/xmlgraphics/batik-script/1.18.0-SNAPSHOT/batik-script-1.18.0-20241215.104414-8.pom
Progress (1): 3.9 kB
                    
Downloaded from apache.snapshots.https: https://repository.apache.org/content/repositories/snapshots/org/apache/xmlgraphics/batik-script/1.18.0-SNAPSHOT/batik-script-1.18.0-20241215.104414-8.pom (3.9 kB at 24 kB/s)
Downloading from apache.snapshots.https: https://repository.apache.org/content/repositories/snapshots/org/apache/xmlgraphics/batik-extension/1.18.0-SNAPSHOT/maven-metadata.xml
Progress (1): 790 B
                   
Downloaded from apache.snapshots.https: https://repository.apache.org/content/repositories/snapshots/org/apache/xmlgraphics/batik-extension/1.18.0-SNAPSHOT/maven-metadata.xml (790 B at 4.7 kB/s)
Downloading from apache.snapshots.https: https://repository.apache.org/content/repositories/snapshots/org/apache/xmlgraphics/batik-extension/1.18.0-SNAPSHOT/batik-extension-1.18.0-20241215.104412-8.pom
Progress (1): 4.7 kB
                    
Downloaded from apache.snapshots.https: https://repository.apache.org/content/repositories/snapshots/org/apache/xmlgraphics/batik-extension/1.18.0-SNAPSHOT/batik-extension-1.18.0-20241215.104412-8.pom (4.7 kB at 28 kB/s)
Downloading from apache.snapshots.https: https://repository.apache.org/content/repositories/snapshots/org/apache/xmlgraphics/batik-transcoder/1.18.0-SNAPSHOT/maven-metadata.xml
Progress (1): 791 B
                   
Downloaded from apache.snapshots.https: https://repository.apache.org/content/repositories/snapshots/org/apache/xmlgraphics/batik-transcoder/1.18.0-SNAPSHOT/maven-metadata.xml (791 B at 4.9 kB/s)
Downloading from apache.snapshots.https: https://repository.apache.org/content/repositories/snapshots/org/apache/xmlgraphics/batik-transcoder/1.18.0-SNAPSHOT/batik-transcoder-1.18.0-20241215.104418-8.pom
Progress (1): 4.3 kB
                    
Downloaded from apache.snapshots.https: https://repository.apache.org/content/repositories/snapshots/org/apache/xmlgraphics/batik-transcoder/1.18.0-SNAPSHOT/batik-transcoder-1.18.0-20241215.104418-8.pom (4.3 kB at 25 kB/s)
Downloading from apache.snapshots.https: https://repository.apache.org/content/repositories/snapshots/org/apache/xmlgraphics/batik-svggen/1.18.0-SNAPSHOT/maven-metadata.xml
Progress (1): 787 B
                   
Downloaded from apache.snapshots.https: https://repository.apache.org/content/repositories/snapshots/org/apache/xmlgraphics/batik-svggen/1.18.0-SNAPSHOT/maven-metadata.xml (787 B at 4.9 kB/s)
Downloading from apache.snapshots.https: https://repository.apache.org/content/repositories/snapshots/org/apache/xmlgraphics/batik-svggen/1.18.0-SNAPSHOT/batik-svggen-1.18.0-20241215.104416-8.pom
Progress (1): 3.2 kB
                    
Downloaded from apache.snapshots.https: https://repository.apache.org/content/repositories/snapshots/org/apache/xmlgraphics/batik-svggen/1.18.0-SNAPSHOT/batik-svggen-1.18.0-20241215.104416-8.pom (3.2 kB at 20 kB/s)
Downloading from apache.snapshots.https: https://repository.apache.org/content/repositories/snapshots/org/apache/xmlgraphics/batik-codec/1.18.0-SNAPSHOT/maven-metadata.xml
Progress (1): 786 B
                   
Downloaded from apache.snapshots.https: https://repository.apache.org/content/repositories/snapshots/org/apache/xmlgraphics/batik-codec/1.18.0-SNAPSHOT/maven-metadata.xml (786 B at 4.8 kB/s)
Downloading from apache.snapshots.https: https://repository.apache.org/content/repositories/snapshots/org/apache/xmlgraphics/batik-codec/1.18.0-SNAPSHOT/batik-codec-1.18.0-20241215.104411-9.pom
Progress (1): 3.6 kB
                    
Downloaded from apache.snapshots.https: https://repository.apache.org/content/repositories/snapshots/org/apache/xmlgraphics/batik-codec/1.18.0-SNAPSHOT/batik-codec-1.18.0-20241215.104411-9.pom (3.6 kB at 21 kB/s)
Downloading from apache.snapshots.https: https://repository.apache.org/content/repositories/snapshots/org/apache/xmlgraphics/fop-events/2.11.0-SNAPSHOT/maven-metadata.xml
Progress (1): 791 B
                   
Downloaded from apache.snapshots.https: https://repository.apache.org/content/repositories/snapshots/org/apache/xmlgraphics/fop-events/2.11.0-SNAPSHOT/maven-metadata.xml (791 B at 4.5 kB/s)
Downloading from apache.snapshots.https: https://repository.apache.org/content/repositories/snapshots/org/apache/xmlgraphics/fop-events/2.11.0-SNAPSHOT/fop-events-2.11.0-20260220.224641-100.pom
Progress (1): 5.5 kB
                    
Downloaded from apache.snapshots.https: https://repository.apache.org/content/repositories/snapshots/org/apache/xmlgraphics/fop-events/2.11.0-SNAPSHOT/fop-events-2.11.0-20260220.224641-100.pom (5.5 kB at 34 kB/s)
Downloading from apache.snapshots.https: https://repository.apache.org/content/repositories/snapshots/org/apache/xmlgraphics/fop-parent/2.11.0-SNAPSHOT/maven-metadata.xml
Progress (1): 615 B
                   
Downloaded from apache.snapshots.https: https://repository.apache.org/content/repositories/snapshots/org/apache/xmlgraphics/fop-parent/2.11.0-SNAPSHOT/maven-metadata.xml (615 B at 3.8 kB/s)
Downloading from apache.snapshots.https: https://repository.apache.org/content/repositories/snapshots/org/apache/xmlgraphics/fop-parent/2.11.0-SNAPSHOT/fop-parent-2.11.0-20260220.224641-100.pom
Progress (1): 6.7 kB
                    
Downloaded from apache.snapshots.https: https://repository.apache.org/content/repositories/snapshots/org/apache/xmlgraphics/fop-parent/2.11.0-SNAPSHOT/fop-parent-2.11.0-20260220.224641-100.pom (6.7 kB at 40 kB/s)
Downloading from apache.snapshots.https: https://repository.apache.org/content/repositories/snapshots/org/apache/xmlgraphics/fop-util/2.11.0-SNAPSHOT/maven-metadata.xml
Progress (1): 789 B
                   
Downloaded from apache.snapshots.https: https://repository.apache.org/content/repositories/snapshots/org/apache/xmlgraphics/fop-util/2.11.0-SNAPSHOT/maven-metadata.xml (789 B at 3.4 kB/s)
Downloading from apache.snapshots.https: https://repository.apache.org/content/repositories/snapshots/org/apache/xmlgraphics/fop-util/2.11.0-SNAPSHOT/fop-util-2.11.0-20260220.224642-100.pom
Progress (1): 3.7 kB
                    
Downloaded from apache.snapshots.https: https://repository.apache.org/content/repositories/snapshots/org/apache/xmlgraphics/fop-util/2.11.0-SNAPSHOT/fop-util-2.11.0-20260220.224642-100.pom (3.7 kB at 23 kB/s)
Downloading from apache.snapshots.https: https://repository.apache.org/content/repositories/snapshots/org/apache/xmlgraphics/xmlgraphics-commons/2.11.0-SNAPSHOT/maven-metadata.xml
Progress (1): 797 B
                   
Downloaded from apache.snapshots.https: https://repository.apache.org/content/repositories/snapshots/org/apache/xmlgraphics/xmlgraphics-commons/2.11.0-SNAPSHOT/maven-metadata.xml (797 B at 4.9 kB/s)
Downloading from apache.snapshots.https: https://repository.apache.org/content/repositories/snapshots/org/apache/xmlgraphics/xmlgraphics-commons/2.11.0-SNAPSHOT/xmlgraphics-commons-2.11.0-20251212.104635-17.pom
Progress (1): 7.5/9.9 kB
Progress (1): 8.2/9.9 kB
Progress (1): 9.9 kB    
                    
Downloaded from apache.snapshots.https: https://repository.apache.org/content/repositories/snapshots/org/apache/xmlgraphics/xmlgraphics-commons/2.11.0-SNAPSHOT/xmlgraphics-commons-2.11.0-20251212.104635-17.pom (9.9 kB at 59 kB/s)
Downloading from central: https://repo1.maven.org/maven2/com/thoughtworks/qdox/qdox/1.12/qdox-1.12.pom
Progress (1): 872 B
Progress (1): 3.8 kB
Progress (1): 6.5 kB
Progress (1): 9.3 kB
Progress (1): 13 kB 
Progress (1): 16 kB
Progress (1): 19 kB
                   
Downloaded from central: https://repo1.maven.org/maven2/com/thoughtworks/qdox/qdox/1.12/qdox-1.12.pom (19 kB at 153 kB/s)
Downloading from central: https://repo1.maven.org/maven2/jakarta/servlet/jakarta.servlet-api/5.0.0/jakarta.servlet-api-5.0.0.pom
Progress (1): 820 B
Progress (1): 2.7 kB
Progress (1): 5.1 kB
Progress (1): 7.5 kB
Progress (1): 11 kB 
Progress (1): 15 kB
Progress (1): 18 kB
                   
Downloaded from central: https://repo1.maven.org/maven2/jakarta/servlet/jakarta.servlet-api/5.0.0/jakarta.servlet-api-5.0.0.pom (18 kB at 239 kB/s)
Downloading from central: https://repo1.maven.org/maven2/org/apache/ant/ant/1.10.14/ant-1.10.14.pom
Progress (1): 775 B
Progress (1): 2.5 kB
Progress (1): 5.1 kB
Progress (1): 8.9 kB
Progress (1): 12 kB 
Progress (1): 15 kB
Progress (1): 17 kB
                   
Downloaded from central: https://repo1.maven.org/maven2/org/apache/ant/ant/1.10.14/ant-1.10.14.pom (17 kB at 254 kB/s)
Downloading from central: https://repo1.maven.org/maven2/org/apache/ant/ant-parent/1.10.14/ant-parent-1.10.14.pom
Progress (1): 782 B
Progress (1): 2.1 kB
Progress (1): 4.6 kB
Progress (1): 6.6 kB
                    
Downloaded from central: https://repo1.maven.org/maven2/org/apache/ant/ant-parent/1.10.14/ant-parent-1.10.14.pom (6.6 kB at 108 kB/s)
Downloading from central: https://repo1.maven.org/maven2/org/apache/ant/ant-launcher/1.10.14/ant-launcher-1.10.14.pom
Progress (1): 816 B
Progress (1): 2.5 kB
Progress (1): 3.2 kB
                    
Downloaded from central: https://repo1.maven.org/maven2/org/apache/ant/ant-launcher/1.10.14/ant-launcher-1.10.14.pom (3.2 kB at 49 kB/s)
Downloading from central: https://repo1.maven.org/maven2/org/apache/pdfbox/fontbox/3.0.3/fontbox-3.0.3.pom
Progress (1): 719 B
Progress (1): 2.1 kB
Progress (1): 4.0 kB
Progress (1): 6.8 kB
Progress (1): 9.2 kB
                    
Downloaded from central: https://repo1.maven.org/maven2/org/apache/pdfbox/fontbox/3.0.3/fontbox-3.0.3.pom (9.2 kB at 115 kB/s)
Downloading from central: https://repo1.maven.org/maven2/org/apache/pdfbox/pdfbox-parent/3.0.3/pdfbox-parent-3.0.3.pom
Progress (1): 765 B
Progress (1): 2.2 kB
Progress (1): 4.2 kB
Progress (1): 7.2 kB
Progress (1): 9.8 kB
Progress (1): 14 kB 
Progress (1): 15 kB
                   
Downloaded from central: https://repo1.maven.org/maven2/org/apache/pdfbox/pdfbox-parent/3.0.3/pdfbox-parent-3.0.3.pom (15 kB at 171 kB/s)
Downloading from central: https://repo1.maven.org/maven2/org/apache/pdfbox/pdfbox-io/3.0.3/pdfbox-io-3.0.3.pom
Progress (1): 800 B
Progress (1): 2.4 kB
Progress (1): 3.2 kB
                    
Downloaded from central: https://repo1.maven.org/maven2/org/apache/pdfbox/pdfbox-io/3.0.3/pdfbox-io-3.0.3.pom (3.2 kB at 41 kB/s)
Downloading from central: https://repo1.maven.org/maven2/commons-logging/commons-logging/1.3.3/commons-logging-1.3.3.pom
Progress (1): 741 B
Progress (1): 2.1 kB
Progress (1): 3.9 kB
Progress (1): 5.5 kB
Progress (1): 8.5 kB
Progress (1): 11 kB 
Progress (1): 14 kB
Progress (1): 20 kB
Progress (1): 24 kB
Progress (1): 28 kB
Progress (1): 31 kB
Progress (1): 32 kB
                   
Downloaded from central: https://repo1.maven.org/maven2/commons-logging/commons-logging/1.3.3/commons-logging-1.3.3.pom (32 kB at 491 kB/s)
Downloading from central: https://repo1.maven.org/maven2/org/apache/commons/commons-parent/71/commons-parent-71.pom
Progress (1): 708 B
Progress (1): 1.9 kB
Progress (1): 3.2 kB
Progress (1): 4.6 kB
Progress (1): 6.8 kB
Progress (1): 8.4 kB
Progress (1): 11 kB 
Progress (1): 13 kB
Progress (1): 15 kB
Progress (1): 17 kB
Progress (1): 20 kB
Progress (1): 22 kB
Progress (1): 25 kB
Progress (1): 28 kB
Progress (1): 32 kB
Progress (1): 32 kB
Progress (1): 36 kB
Progress (1): 40 kB
Progress (1): 43 kB
Progress (1): 46 kB
Progress (1): 49 kB
Progress (1): 51 kB
Progress (1): 55 kB
Progress (1): 57 kB
Progress (1): 60 kB
Progress (1): 63 kB
Progress (1): 67 kB
Progress (1): 70 kB
Progress (1): 73 kB
Progress (1): 75 kB
Progress (1): 78 kB
                   
Downloaded from central: https://repo1.maven.org/maven2/org/apache/commons/commons-parent/71/commons-parent-71.pom (78 kB at 1.0 MB/s)
Downloading from central: https://repo1.maven.org/maven2/org/junit/junit-bom/5.11.0-M2/junit-bom-5.11.0-M2.pom
Progress (1): 908 B
Progress (1): 4.1 kB
Progress (1): 5.7 kB
                    
Downloaded from central: https://repo1.maven.org/maven2/org/junit/junit-bom/5.11.0-M2/junit-bom-5.11.0-M2.pom (5.7 kB at 80 kB/s)
Downloading from central: https://repo1.maven.org/maven2/javax/media/jai-core/1.1.3/jai-core-1.1.3.pom
Downloading from jboss.org: https://repository.jboss.org/nexus/content/repositories/thirdparty-releases/javax/media/jai-core/1.1.3/jai-core-1.1.3.pom
Progress (1): 956 B
Progress (1): 1.4 kB
                    
Downloaded from jboss.org: https://repository.jboss.org/nexus/content/repositories/thirdparty-releases/javax/media/jai-core/1.1.3/jai-core-1.1.3.pom (1.4 kB at 2.0 kB/s)
Downloading from central: https://repo1.maven.org/maven2/org/bouncycastle/bcpkix-jdk15to18/1.81/bcpkix-jdk15to18-1.81.pom
Progress (1): 990 B
Progress (1): 1.5 kB
                    
Downloaded from central: https://repo1.maven.org/maven2/org/bouncycastle/bcpkix-jdk15to18/1.81/bcpkix-jdk15to18-1.81.pom (1.5 kB at 18 kB/s)
Downloading from jboss.org: https://repository.jboss.org/nexus/content/repositories/thirdparty-releases/org/bouncycastle/bcutil-jdk15to18/maven-metadata.xml
Downloading from central: https://repo1.maven.org/maven2/org/bouncycastle/bcutil-jdk15to18/maven-metadata.xml
Downloading from apache.snapshots.https: https://repository.apache.org/content/repositories/snapshots/org/bouncycastle/bcutil-jdk15to18/maven-metadata.xml
Progress (1): 788 B
                   
Downloaded from central: https://repo1.maven.org/maven2/org/bouncycastle/bcutil-jdk15to18/maven-metadata.xml (788 B at 8.4 kB/s)
Downloading from central: https://repo1.maven.org/maven2/org/bouncycastle/bcutil-jdk15to18/1.81/bcutil-jdk15to18-1.81.pom
Progress (1): 1.1 kB
Progress (1): 1.4 kB
                    
Downloaded from central: https://repo1.maven.org/maven2/org/bouncycastle/bcutil-jdk15to18/1.81/bcutil-jdk15to18-1.81.pom (1.4 kB at 16 kB/s)
Downloading from central: https://repo1.maven.org/maven2/org/bouncycastle/bcprov-jdk15to18/maven-metadata.xml
Downloading from jboss.org: https://repository.jboss.org/nexus/content/repositories/thirdparty-releases/org/bouncycastle/bcprov-jdk15to18/maven-metadata.xml
Downloading from apache.snapshots.https: https://repository.apache.org/content/repositories/snapshots/org/bouncycastle/bcprov-jdk15to18/maven-metadata.xml
Progress (1): 968 B
                   
Downloaded from central: https://repo1.maven.org/maven2/org/bouncycastle/bcprov-jdk15to18/maven-metadata.xml (968 B at 6.4 kB/s)
Downloading from central: https://repo1.maven.org/maven2/org/bouncycastle/bcprov-jdk15to18/1.81/bcprov-jdk15to18-1.81.pom
Progress (1): 1.1 kB
Progress (1): 1.2 kB
                    
Downloaded from central: https://repo1.maven.org/maven2/org/bouncycastle/bcprov-jdk15to18/1.81/bcprov-jdk15to18-1.81.pom (1.2 kB at 7.5 kB/s)
Downloading from central: https://repo1.maven.org/maven2/com/sun/media/jai-codec/1.1.3/jai-codec-1.1.3.pom
Downloading from jboss.org: https://repository.jboss.org/nexus/content/repositories/thirdparty-releases/com/sun/media/jai-codec/1.1.3/jai-codec-1.1.3.pom
Progress (1): 1.1 kB
Progress (1): 1.1 kB
                    
Downloaded from jboss.org: https://repository.jboss.org/nexus/content/repositories/thirdparty-releases/com/sun/media/jai-codec/1.1.3/jai-codec-1.1.3.pom (1.1 kB at 4.2 kB/s)
Downloading from central: https://repo1.maven.org/maven2/net/sf/offo/fop-hyph/2.0/fop-hyph-2.0.pom
Progress (1): 1.1 kB
Progress (1): 2.5 kB
                    
Downloaded from central: https://repo1.maven.org/maven2/net/sf/offo/fop-hyph/2.0/fop-hyph-2.0.pom (2.5 kB at 7.7 kB/s)
Downloading from central: https://repo1.maven.org/maven2/org/mockito/mockito-core/2.28.2/mockito-core-2.28.2.pom
Progress (1): 1.4 kB
Progress (1): 3.7 kB
Progress (1): 7.3 kB
Progress (1): 11 kB 
Progress (1): 15 kB
Progress (1): 19 kB
Progress (1): 20 kB
                   
Downloaded from central: https://repo1.maven.org/maven2/org/mockito/mockito-core/2.28.2/mockito-core-2.28.2.pom (20 kB at 223 kB/s)
Downloading from central: https://repo1.maven.org/maven2/net/bytebuddy/byte-buddy/1.9.10/byte-buddy-1.9.10.pom
Progress (1): 1.0 kB
Progress (1): 4.1 kB
Progress (1): 8.0 kB
Progress (1): 10 kB 
                   
Downloaded from central: https://repo1.maven.org/maven2/net/bytebuddy/byte-buddy/1.9.10/byte-buddy-1.9.10.pom (10 kB at 121 kB/s)
Downloading from central: https://repo1.maven.org/maven2/net/bytebuddy/byte-buddy-parent/1.9.10/byte-buddy-parent-1.9.10.pom
Progress (1): 850 B
Progress (1): 2.0 kB
Progress (1): 4.3 kB
Progress (1): 6.3 kB
Progress (1): 8.6 kB
Progress (1): 12 kB 
Progress (1): 16 kB
Progress (1): 21 kB
Progress (1): 28 kB
Progress (1): 34 kB
Progress (1): 36 kB
                   
Downloaded from central: https://repo1.maven.org/maven2/net/bytebuddy/byte-buddy-parent/1.9.10/byte-buddy-parent-1.9.10.pom (36 kB at 296 kB/s)
Downloading from central: https://repo1.maven.org/maven2/net/bytebuddy/byte-buddy-agent/1.9.10/byte-buddy-agent-1.9.10.pom
Progress (1): 1.1 kB
Progress (1): 3.5 kB
Progress (1): 6.0 kB
                    
Downloaded from central: https://repo1.maven.org/maven2/net/bytebuddy/byte-buddy-agent/1.9.10/byte-buddy-agent-1.9.10.pom (6.0 kB at 62 kB/s)
[INFO] Artifact org.objenesis:objenesis:pom:2.6 is present in the local repository, but cached from a remote repository ID that is unavailable in current build context, verifying that is downloadable from [central (https://repo1.maven.org/maven2, default, releases), apache.snapshots.https (https://repository.apache.org/content/repositories/snapshots, default, snapshots), jboss.org (https://repository.jboss.org/nexus/content/repositories/thirdparty-releases/, default, releases)]
[INFO] Artifact org.objenesis:objenesis:pom:2.6 is present in the local repository, but cached from a remote repository ID that is unavailable in current build context, verifying that is downloadable from [central (https://repo1.maven.org/maven2, default, releases), apache.snapshots.https (https://repository.apache.org/content/repositories/snapshots, default, snapshots), jboss.org (https://repository.jboss.org/nexus/content/repositories/thirdparty-releases/, default, releases)]
Downloading from central: https://repo1.maven.org/maven2/org/objenesis/objenesis/2.6/objenesis-2.6.pom
Downloaded from central: https://repo1.maven.org/maven2/org/objenesis/objenesis/2.6/objenesis-2.6.pom (0 B at 0 B/s)
[INFO] Artifact org.objenesis:objenesis-parent:pom:2.6 is present in the local repository, but cached from a remote repository ID that is unavailable in current build context, verifying that is downloadable from [central (https://repo1.maven.org/maven2, default, releases), apache.snapshots.https (https://repository.apache.org/content/repositories/snapshots, default, snapshots), jboss.org (https://repository.jboss.org/nexus/content/repositories/thirdparty-releases/, default, releases)]
[INFO] Artifact org.objenesis:objenesis-parent:pom:2.6 is present in the local repository, but cached from a remote repository ID that is unavailable in current build context, verifying that is downloadable from [central (https://repo1.maven.org/maven2, default, releases), apache.snapshots.https (https://repository.apache.org/content/repositories/snapshots, default, snapshots), jboss.org (https://repository.jboss.org/nexus/content/repositories/thirdparty-releases/, default, releases)]
Downloading from central: https://repo1.maven.org/maven2/org/objenesis/objenesis-parent/2.6/objenesis-parent-2.6.pom
Downloaded from central: https://repo1.maven.org/maven2/org/objenesis/objenesis-parent/2.6/objenesis-parent-2.6.pom (0 B at 0 B/s)
Downloading from central: https://repo1.maven.org/maven2/xmlunit/xmlunit/1.2/xmlunit-1.2.pom
Progress (1): 911 B
Progress (1): 1.9 kB
Progress (1): 2.7 kB
                    
Downloaded from central: https://repo1.maven.org/maven2/xmlunit/xmlunit/1.2/xmlunit-1.2.pom (2.7 kB at 36 kB/s)
Downloading from central: https://repo1.maven.org/maven2/org/apache/pdfbox/pdfbox/3.0.3/pdfbox-3.0.3.pom
Progress (1): 676 B
Progress (1): 1.7 kB
Progress (1): 4.8 kB
Progress (1): 7.6 kB
Progress (1): 11 kB 
Progress (1): 14 kB
Progress (1): 18 kB
Progress (1): 22 kB
Progress (1): 25 kB
Progress (1): 28 kB
Progress (1): 32 kB
Progress (1): 35 kB
Progress (1): 39 kB
Progress (1): 43 kB
Progress (1): 46 kB
Progress (1): 46 kB
Progress (1): 47 kB
                   
Downloaded from central: https://repo1.maven.org/maven2/org/apache/pdfbox/pdfbox/3.0.3/pdfbox-3.0.3.pom (47 kB at 440 kB/s)
Downloading from apache.snapshots.https: https://repository.apache.org/content/repositories/snapshots/org/apache/xmlgraphics/batik-anim/1.18.0-SNAPSHOT/batik-anim-1.18.0-20241215.104410-9.jar
Downloading from apache.snapshots.https: https://repository.apache.org/content/repositories/snapshots/org/apache/xmlgraphics/batik-dom/1.18.0-SNAPSHOT/batik-dom-1.18.0-20241215.104411-8.jar
Downloading from apache.snapshots.https: https://repository.apache.org/content/repositories/snapshots/org/apache/xmlgraphics/batik-css/1.18.0-SNAPSHOT/batik-css-1.18.0-20241215.104411-8.jar
Downloading from apache.snapshots.https: https://repository.apache.org/content/repositories/snapshots/org/apache/xmlgraphics/batik-ext/1.18.0-SNAPSHOT/batik-ext-1.18.0-20241215.104412-8.jar
Downloading from apache.snapshots.https: https://repository.apache.org/content/repositories/snapshots/org/apache/xmlgraphics/batik-parser/1.18.0-SNAPSHOT/batik-parser-1.18.0-20241215.104413-8.jar
Progress (1): 7.5/485 kB
Progress (1): 8.2/485 kB
Progress (1): 16/485 kB 
Progress (1): 23/485 kB
Progress (1): 25/485 kB
Progress (1): 33/485 kB
Progress (1): 39/485 kB
Progress (1): 41/485 kB
Progress (1): 49/485 kB
Progress (1): 55/485 kB
Progress (1): 57/485 kB
Progress (1): 66/485 kB
Progress (1): 71/485 kB
Progress (1): 74/485 kB
Progress (1): 82/485 kB
Progress (1): 87/485 kB
Progress (1): 90/485 kB
Progress (1): 98/485 kB
Progress (2): 98/485 kB | 7.5/184 kB
Progress (3): 98/485 kB | 7.5/184 kB | 7.5/10 kB
Progress (3): 98/485 kB | 7.5/184 kB | 8.2/10 kB
Progress (3): 98/485 kB | 7.5/184 kB | 10 kB    
Progress (3): 98/485 kB | 8.2/184 kB | 10 kB
Progress (4): 98/485 kB | 8.2/184 kB | 10 kB | 7.5/330 kB
Progress (5): 98/485 kB | 8.2/184 kB | 10 kB | 7.5/330 kB | 7.5/77 kB
Progress (5): 98/485 kB | 8.2/184 kB | 10 kB | 7.5/330 kB | 8.2/77 kB
Progress (5): 98/485 kB | 8.2/184 kB | 10 kB | 8.2/330 kB | 8.2/77 kB
                                                                     
Downloaded from apache.snapshots.https: https://repository.apache.org/content/repositories/snapshots/org/apache/xmlgraphics/batik-ext/1.18.0-SNAPSHOT/batik-ext-1.18.0-20241215.104412-8.jar (10 kB at 21 kB/s)
Downloading from apache.snapshots.https: https://repository.apache.org/content/repositories/snapshots/org/apache/xmlgraphics/batik-shared-resources/1.18.0-SNAPSHOT/batik-shared-resources-1.18.0-20241215.104414-8.jar
Progress (4): 103/485 kB | 8.2/184 kB | 8.2/330 kB | 8.2/77 kB
Progress (4): 106/485 kB | 8.2/184 kB | 8.2/330 kB | 8.2/77 kB
Progress (4): 115/485 kB | 8.2/184 kB | 8.2/330 kB | 8.2/77 kB
Progress (4): 119/485 kB | 8.2/184 kB | 8.2/330 kB | 8.2/77 kB
Progress (4): 123/485 kB | 8.2/184 kB | 8.2/330 kB | 8.2/77 kB
Progress (4): 131/485 kB | 8.2/184 kB | 8.2/330 kB | 8.2/77 kB
Progress (4): 135/485 kB | 8.2/184 kB | 8.2/330 kB | 8.2/77 kB
Progress (4): 139/485 kB | 8.2/184 kB | 8.2/330 kB | 8.2/77 kB
Progress (4): 147/485 kB | 8.2/184 kB | 8.2/330 kB | 8.2/77 kB
Progress (4): 151/485 kB | 8.2/184 kB | 8.2/330 kB | 8.2/77 kB
Progress (4): 156/485 kB | 8.2/184 kB | 8.2/330 kB | 8.2/77 kB
Progress (4): 164/485 kB | 8.2/184 kB | 8.2/330 kB | 8.2/77 kB
Progress (4): 167/485 kB | 8.2/184 kB | 8.2/330 kB | 8.2/77 kB
Progress (4): 172/485 kB | 8.2/184 kB | 8.2/330 kB | 8.2/77 kB
Progress (4): 180/485 kB | 8.2/184 kB | 8.2/330 kB | 8.2/77 kB
Progress (4): 183/485 kB | 8.2/184 kB | 8.2/330 kB | 8.2/77 kB
Progress (4): 188/485 kB | 8.2/184 kB | 8.2/330 kB | 8.2/77 kB
Progress (4): 197/485 kB | 8.2/184 kB | 8.2/330 kB | 8.2/77 kB
Progress (4): 199/485 kB | 8.2/184 kB | 8.2/330 kB | 8.2/77 kB
Progress (4): 205/485 kB | 8.2/184 kB | 8.2/330 kB | 8.2/77 kB
Progress (4): 213/485 kB | 8.2/184 kB | 8.2/330 kB | 8.2/77 kB
Progress (4): 215/485 kB | 8.2/184 kB | 8.2/330 kB | 8.2/77 kB
Progress (4): 215/485 kB | 16/184 kB | 8.2/330 kB | 8.2/77 kB 
Progress (4): 215/485 kB | 23/184 kB | 8.2/330 kB | 8.2/77 kB
Progress (4): 215/485 kB | 25/184 kB | 8.2/330 kB | 8.2/77 kB
Progress (4): 215/485 kB | 33/184 kB | 8.2/330 kB | 8.2/77 kB
Progress (4): 215/485 kB | 33/184 kB | 8.2/330 kB | 16/77 kB 
Progress (4): 215/485 kB | 39/184 kB | 8.2/330 kB | 16/77 kB
Progress (4): 215/485 kB | 39/184 kB | 16/330 kB | 16/77 kB 
Progress (4): 215/485 kB | 39/184 kB | 16/330 kB | 23/77 kB
Progress (4): 215/485 kB | 39/184 kB | 23/330 kB | 23/77 kB
Progress (4): 215/485 kB | 39/184 kB | 23/330 kB | 25/77 kB
Progress (4): 215/485 kB | 39/184 kB | 25/330 kB | 25/77 kB
Progress (4): 215/485 kB | 39/184 kB | 33/330 kB | 25/77 kB
Progress (4): 215/485 kB | 39/184 kB | 33/330 kB | 33/77 kB
Progress (4): 215/485 kB | 39/184 kB | 39/330 kB | 33/77 kB
Progress (4): 215/485 kB | 39/184 kB | 39/330 kB | 39/77 kB
Progress (5): 215/485 kB | 39/184 kB | 39/330 kB | 39/77 kB | 6.7 kB
                                                                    
Downloaded from apache.snapshots.https: https://repository.apache.org/content/repositories/snapshots/org/apache/xmlgraphics/batik-shared-resources/1.18.0-SNAPSHOT/batik-shared-resources-1.18.0-20241215.104414-8.jar (6.7 kB at 10.0 kB/s)
Downloading from apache.snapshots.https: https://repository.apache.org/content/repositories/snapshots/org/apache/xmlgraphics/batik-svg-dom/1.18.0-SNAPSHOT/batik-svg-dom-1.18.0-20241215.104415-8.jar
Progress (4): 221/485 kB | 39/184 kB | 39/330 kB | 39/77 kB
Progress (4): 229/485 kB | 39/184 kB | 39/330 kB | 39/77 kB
Progress (4): 231/485 kB | 39/184 kB | 39/330 kB | 39/77 kB
Progress (4): 238/485 kB | 39/184 kB | 39/330 kB | 39/77 kB
Progress (4): 246/485 kB | 39/184 kB | 39/330 kB | 39/77 kB
Progress (4): 247/485 kB | 39/184 kB | 39/330 kB | 39/77 kB
Progress (4): 254/485 kB | 39/184 kB | 39/330 kB | 39/77 kB
Progress (4): 262/485 kB | 39/184 kB | 39/330 kB | 39/77 kB
Progress (4): 263/485 kB | 39/184 kB | 39/330 kB | 39/77 kB
Progress (4): 270/485 kB | 39/184 kB | 39/330 kB | 39/77 kB
Progress (4): 279/485 kB | 39/184 kB | 39/330 kB | 39/77 kB
Progress (4): 279/485 kB | 39/184 kB | 39/330 kB | 39/77 kB
Progress (4): 287/485 kB | 39/184 kB | 39/330 kB | 39/77 kB
Progress (4): 295/485 kB | 39/184 kB | 39/330 kB | 39/77 kB
Progress (4): 295/485 kB | 39/184 kB | 39/330 kB | 39/77 kB
Progress (4): 303/485 kB | 39/184 kB | 39/330 kB | 39/77 kB
Progress (4): 311/485 kB | 39/184 kB | 39/330 kB | 39/77 kB
Progress (4): 311/485 kB | 39/184 kB | 39/330 kB | 39/77 kB
Progress (4): 319/485 kB | 39/184 kB | 39/330 kB | 39/77 kB
Progress (4): 319/485 kB | 39/184 kB | 39/330 kB | 39/77 kB
Progress (4): 328/485 kB | 39/184 kB | 39/330 kB | 39/77 kB
Progress (4): 335/485 kB | 39/184 kB | 39/330 kB | 39/77 kB
Progress (4): 336/485 kB | 39/184 kB | 39/330 kB | 39/77 kB
Progress (4): 344/485 kB | 39/184 kB | 39/330 kB | 39/77 kB
Progress (4): 351/485 kB | 39/184 kB | 39/330 kB | 39/77 kB
Progress (4): 352/485 kB | 39/184 kB | 39/330 kB | 39/77 kB
Progress (4): 360/485 kB | 39/184 kB | 39/330 kB | 39/77 kB
Progress (4): 367/485 kB | 39/184 kB | 39/330 kB | 39/77 kB
Progress (4): 369/485 kB | 39/184 kB | 39/330 kB | 39/77 kB
Progress (4): 377/485 kB | 39/184 kB | 39/330 kB | 39/77 kB
Progress (4): 383/485 kB | 39/184 kB | 39/330 kB | 39/77 kB
Progress (4): 385/485 kB | 39/184 kB | 39/330 kB | 39/77 kB
Progress (4): 393/485 kB | 39/184 kB | 39/330 kB | 39/77 kB
Progress (4): 399/485 kB | 39/184 kB | 39/330 kB | 39/77 kB
Progress (4): 401/485 kB | 39/184 kB | 39/330 kB | 39/77 kB
Progress (4): 410/485 kB | 39/184 kB | 39/330 kB | 39/77 kB
Progress (4): 415/485 kB | 39/184 kB | 39/330 kB | 39/77 kB
Progress (4): 418/485 kB | 39/184 kB | 39/330 kB | 39/77 kB
Progress (4): 426/485 kB | 39/184 kB | 39/330 kB | 39/77 kB
Progress (4): 431/485 kB | 39/184 kB | 39/330 kB | 39/77 kB
Progress (4): 434/485 kB | 39/184 kB | 39/330 kB | 39/77 kB
Progress (4): 442/485 kB | 39/184 kB | 39/330 kB | 39/77 kB
Progress (4): 447/485 kB | 39/184 kB | 39/330 kB | 39/77 kB
Progress (4): 447/485 kB | 41/184 kB | 39/330 kB | 39/77 kB
Progress (4): 447/485 kB | 49/184 kB | 39/330 kB | 39/77 kB
Progress (4): 447/485 kB | 55/184 kB | 39/330 kB | 39/77 kB
Progress (4): 447/485 kB | 57/184 kB | 39/330 kB | 39/77 kB
Progress (4): 447/485 kB | 66/184 kB | 39/330 kB | 39/77 kB
Progress (4): 447/485 kB | 71/184 kB | 39/330 kB | 39/77 kB
Progress (4): 447/485 kB | 74/184 kB | 39/330 kB | 39/77 kB
Progress (4): 447/485 kB | 82/184 kB | 39/330 kB | 39/77 kB
Progress (4): 447/485 kB | 87/184 kB | 39/330 kB | 39/77 kB
Progress (4): 447/485 kB | 90/184 kB | 39/330 kB | 39/77 kB
Progress (4): 447/485 kB | 98/184 kB | 39/330 kB | 39/77 kB
Progress (4): 447/485 kB | 98/184 kB | 41/330 kB | 39/77 kB
Progress (4): 447/485 kB | 98/184 kB | 41/330 kB | 41/77 kB
Progress (4): 447/485 kB | 98/184 kB | 49/330 kB | 41/77 kB
Progress (4): 447/485 kB | 98/184 kB | 55/330 kB | 41/77 kB
Progress (4): 447/485 kB | 98/184 kB | 57/330 kB | 41/77 kB
Progress (4): 447/485 kB | 98/184 kB | 66/330 kB | 41/77 kB
Progress (4): 447/485 kB | 98/184 kB | 71/330 kB | 41/77 kB
Progress (4): 447/485 kB | 98/184 kB | 74/330 kB | 41/77 kB
Progress (4): 447/485 kB | 98/184 kB | 82/330 kB | 41/77 kB
Progress (4): 447/485 kB | 98/184 kB | 87/330 kB | 41/77 kB
Progress (4): 447/485 kB | 98/184 kB | 90/330 kB | 41/77 kB
Progress (4): 447/485 kB | 98/184 kB | 90/330 kB | 49/77 kB
Progress (4): 447/485 kB | 98/184 kB | 90/330 kB | 55/77 kB
Progress (4): 447/485 kB | 98/184 kB | 90/330 kB | 57/77 kB
Progress (4): 447/485 kB | 98/184 kB | 90/330 kB | 66/77 kB
Progress (4): 447/485 kB | 98/184 kB | 90/330 kB | 71/77 kB
Progress (4): 447/485 kB | 98/184 kB | 90/330 kB | 74/77 kB
Progress (4): 447/485 kB | 98/184 kB | 90/330 kB | 77 kB   
                                                        
Downloaded from apache.snapshots.https: https://repository.apache.org/content/repositories/snapshots/org/apache/xmlgraphics/batik-parser/1.18.0-SNAPSHOT/batik-parser-1.18.0-20241215.104413-8.jar (77 kB at 97 kB/s)
Downloading from apache.snapshots.https: https://repository.apache.org/content/repositories/snapshots/org/apache/xmlgraphics/batik-util/1.18.0-SNAPSHOT/batik-util-1.18.0-20241215.104418-8.jar
Progress (4): 447/485 kB | 98/184 kB | 90/330 kB | 7.5/231 kB
Progress (4): 447/485 kB | 98/184 kB | 90/330 kB | 8.2/231 kB
Progress (4): 447/485 kB | 98/184 kB | 90/330 kB | 16/231 kB 
Progress (4): 447/485 kB | 98/184 kB | 90/330 kB | 23/231 kB
Progress (4): 447/485 kB | 98/184 kB | 90/330 kB | 25/231 kB
Progress (4): 451/485 kB | 98/184 kB | 90/330 kB | 25/231 kB
Progress (4): 459/485 kB | 98/184 kB | 90/330 kB | 25/231 kB
Progress (4): 463/485 kB | 98/184 kB | 90/330 kB | 25/231 kB
Progress (4): 467/485 kB | 98/184 kB | 90/330 kB | 25/231 kB
Progress (4): 475/485 kB | 98/184 kB | 90/330 kB | 25/231 kB
Progress (4): 479/485 kB | 98/184 kB | 90/330 kB | 25/231 kB
Progress (4): 483/485 kB | 98/184 kB | 90/330 kB | 25/231 kB
Progress (4): 485 kB | 98/184 kB | 90/330 kB | 25/231 kB    
                                                        
Downloaded from apache.snapshots.https: https://repository.apache.org/content/repositories/snapshots/org/apache/xmlgraphics/batik-anim/1.18.0-SNAPSHOT/batik-anim-1.18.0-20241215.104410-9.jar (485 kB at 549 kB/s)
Downloading from apache.snapshots.https: https://repository.apache.org/content/repositories/snapshots/org/apache/xmlgraphics/batik-constants/1.18.0-SNAPSHOT/batik-constants-1.18.0-20241215.104411-9.jar
Progress (3): 103/184 kB | 90/330 kB | 25/231 kB
Progress (3): 106/184 kB | 90/330 kB | 25/231 kB
Progress (3): 115/184 kB | 90/330 kB | 25/231 kB
Progress (3): 119/184 kB | 90/330 kB | 25/231 kB
Progress (3): 123/184 kB | 90/330 kB | 25/231 kB
Progress (3): 131/184 kB | 90/330 kB | 25/231 kB
Progress (3): 135/184 kB | 90/330 kB | 25/231 kB
Progress (3): 139/184 kB | 90/330 kB | 25/231 kB
Progress (3): 147/184 kB | 90/330 kB | 25/231 kB
Progress (3): 151/184 kB | 90/330 kB | 25/231 kB
Progress (3): 156/184 kB | 90/330 kB | 25/231 kB
Progress (3): 164/184 kB | 90/330 kB | 25/231 kB
Progress (3): 167/184 kB | 90/330 kB | 25/231 kB
Progress (3): 172/184 kB | 90/330 kB | 25/231 kB
Progress (3): 180/184 kB | 90/330 kB | 25/231 kB
Progress (3): 183/184 kB | 90/330 kB | 25/231 kB
Progress (3): 184 kB | 90/330 kB | 25/231 kB    
Progress (3): 184 kB | 98/330 kB | 25/231 kB
Progress (3): 184 kB | 103/330 kB | 25/231 kB
Progress (3): 184 kB | 106/330 kB | 25/231 kB
Progress (3): 184 kB | 115/330 kB | 25/231 kB
Progress (3): 184 kB | 119/330 kB | 25/231 kB
Progress (3): 184 kB | 123/330 kB | 25/231 kB
Progress (3): 184 kB | 131/330 kB | 25/231 kB
Progress (3): 184 kB | 135/330 kB | 25/231 kB
Progress (3): 184 kB | 139/330 kB | 25/231 kB
Progress (3): 184 kB | 147/330 kB | 25/231 kB
Progress (3): 184 kB | 151/330 kB | 25/231 kB
Progress (3): 184 kB | 156/330 kB | 25/231 kB
Progress (3): 184 kB | 164/330 kB | 25/231 kB
Progress (3): 184 kB | 167/330 kB | 25/231 kB
Progress (3): 184 kB | 172/330 kB | 25/231 kB
Progress (3): 184 kB | 180/330 kB | 25/231 kB
Progress (3): 184 kB | 183/330 kB | 25/231 kB
Progress (3): 184 kB | 188/330 kB | 25/231 kB
Progress (3): 184 kB | 197/330 kB | 25/231 kB
Progress (3): 184 kB | 199/330 kB | 25/231 kB
Progress (3): 184 kB | 205/330 kB | 25/231 kB
Progress (3): 184 kB | 213/330 kB | 25/231 kB
                                             
Downloaded from apache.snapshots.https: https://repository.apache.org/content/repositories/snapshots/org/apache/xmlgraphics/batik-dom/1.18.0-SNAPSHOT/batik-dom-1.18.0-20241215.104411-8.jar (184 kB at 204 kB/s)
Downloading from apache.snapshots.https: https://repository.apache.org/content/repositories/snapshots/org/apache/xmlgraphics/batik-i18n/1.18.0-SNAPSHOT/batik-i18n-1.18.0-20241215.104413-8.jar
Progress (3): 213/330 kB | 25/231 kB | 7.5/127 kB
Progress (3): 213/330 kB | 25/231 kB | 8.2/127 kB
Progress (3): 213/330 kB | 25/231 kB | 16/127 kB 
Progress (3): 213/330 kB | 25/231 kB | 23/127 kB
Progress (3): 213/330 kB | 25/231 kB | 25/127 kB
Progress (3): 213/330 kB | 25/231 kB | 33/127 kB
Progress (3): 213/330 kB | 25/231 kB | 41/127 kB
Progress (3): 213/330 kB | 25/231 kB | 49/127 kB
Progress (3): 213/330 kB | 25/231 kB | 49/127 kB
Progress (3): 213/330 kB | 25/231 kB | 57/127 kB
Progress (3): 213/330 kB | 25/231 kB | 65/127 kB
Progress (3): 213/330 kB | 25/231 kB | 66/127 kB
Progress (3): 213/330 kB | 25/231 kB | 74/127 kB
Progress (3): 213/330 kB | 25/231 kB | 82/127 kB
Progress (3): 213/330 kB | 25/231 kB | 82/127 kB
Progress (3): 213/330 kB | 25/231 kB | 90/127 kB
Progress (3): 213/330 kB | 33/231 kB | 90/127 kB
Progress (3): 213/330 kB | 41/231 kB | 90/127 kB
Progress (3): 213/330 kB | 49/231 kB | 90/127 kB
Progress (3): 213/330 kB | 49/231 kB | 90/127 kB
Progress (3): 213/330 kB | 57/231 kB | 90/127 kB
Progress (3): 213/330 kB | 65/231 kB | 90/127 kB
Progress (3): 213/330 kB | 66/231 kB | 90/127 kB
Progress (3): 213/330 kB | 74/231 kB | 90/127 kB
Progress (3): 213/330 kB | 82/231 kB | 90/127 kB
Progress (3): 213/330 kB | 82/231 kB | 90/127 kB
Progress (3): 215/330 kB | 82/231 kB | 90/127 kB
Progress (3): 221/330 kB | 82/231 kB | 90/127 kB
Progress (3): 229/330 kB | 82/231 kB | 90/127 kB
Progress (3): 231/330 kB | 82/231 kB | 90/127 kB
Progress (3): 238/330 kB | 82/231 kB | 90/127 kB
Progress (3): 246/330 kB | 82/231 kB | 90/127 kB
Progress (3): 247/330 kB | 82/231 kB | 90/127 kB
Progress (3): 254/330 kB | 82/231 kB | 90/127 kB
Progress (3): 262/330 kB | 82/231 kB | 90/127 kB
Progress (3): 263/330 kB | 82/231 kB | 90/127 kB
Progress (3): 270/330 kB | 82/231 kB | 90/127 kB
Progress (3): 279/330 kB | 82/231 kB | 90/127 kB
Progress (3): 279/330 kB | 82/231 kB | 90/127 kB
Progress (3): 287/330 kB | 82/231 kB | 90/127 kB
Progress (3): 295/330 kB | 82/231 kB | 90/127 kB
Progress (3): 295/330 kB | 82/231 kB | 90/127 kB
Progress (3): 303/330 kB | 82/231 kB | 90/127 kB
Progress (3): 311/330 kB | 82/231 kB | 90/127 kB
Progress (3): 311/330 kB | 82/231 kB | 90/127 kB
Progress (3): 319/330 kB | 82/231 kB | 90/127 kB
Progress (3): 319/330 kB | 82/231 kB | 90/127 kB
Progress (3): 328/330 kB | 82/231 kB | 90/127 kB
Progress (3): 330 kB | 82/231 kB | 90/127 kB    
Progress (4): 330 kB | 82/231 kB | 90/127 kB | 7.5/8.6 kB
Progress (4): 330 kB | 82/231 kB | 90/127 kB | 8.2/8.6 kB
Progress (4): 330 kB | 82/231 kB | 98/127 kB | 8.2/8.6 kB
Progress (4): 330 kB | 82/231 kB | 98/127 kB | 8.2/8.6 kB
Progress (4): 330 kB | 82/231 kB | 98/127 kB | 8.6 kB    
Progress (4): 330 kB | 82/231 kB | 106/127 kB | 8.6 kB
Progress (4): 330 kB | 82/231 kB | 114/127 kB | 8.6 kB
Progress (4): 330 kB | 82/231 kB | 115/127 kB | 8.6 kB
Progress (4): 330 kB | 82/231 kB | 123/127 kB | 8.6 kB
Progress (4): 330 kB | 82/231 kB | 127 kB | 8.6 kB    
Progress (5): 330 kB | 82/231 kB | 127 kB | 8.6 kB | 7.5/12 kB
Progress (5): 330 kB | 82/231 kB | 127 kB | 8.6 kB | 8.2/12 kB
Progress (5): 330 kB | 82/231 kB | 127 kB | 8.6 kB | 12 kB    
Progress (5): 330 kB | 90/231 kB | 127 kB | 8.6 kB | 12 kB
Progress (5): 330 kB | 98/231 kB | 127 kB | 8.6 kB | 12 kB
Progress (5): 330 kB | 98/231 kB | 127 kB | 8.6 kB | 12 kB
Progress (5): 330 kB | 106/231 kB | 127 kB | 8.6 kB | 12 kB
Progress (5): 330 kB | 114/231 kB | 127 kB | 8.6 kB | 12 kB
Progress (5): 330 kB | 115/231 kB | 127 kB | 8.6 kB | 12 kB
Progress (5): 330 kB | 123/231 kB | 127 kB | 8.6 kB | 12 kB
Progress (5): 330 kB | 130/231 kB | 127 kB | 8.6 kB | 12 kB
Progress (5): 330 kB | 131/231 kB | 127 kB | 8.6 kB | 12 kB
Progress (5): 330 kB | 139/231 kB | 127 kB | 8.6 kB | 12 kB
Progress (5): 330 kB | 146/231 kB | 127 kB | 8.6 kB | 12 kB
Progress (5): 330 kB | 147/231 kB | 127 kB | 8.6 kB | 12 kB
Progress (5): 330 kB | 156/231 kB | 127 kB | 8.6 kB | 12 kB
Progress (5): 330 kB | 162/231 kB | 127 kB | 8.6 kB | 12 kB
Progress (5): 330 kB | 164/231 kB | 127 kB | 8.6 kB | 12 kB
Progress (5): 330 kB | 172/231 kB | 127 kB | 8.6 kB | 12 kB
Progress (5): 330 kB | 178/231 kB | 127 kB | 8.6 kB | 12 kB
Progress (5): 330 kB | 180/231 kB | 127 kB | 8.6 kB | 12 kB
Progress (5): 330 kB | 188/231 kB | 127 kB | 8.6 kB | 12 kB
Progress (5): 330 kB | 194/231 kB | 127 kB | 8.6 kB | 12 kB
Progress (5): 330 kB | 197/231 kB | 127 kB | 8.6 kB | 12 kB
                                                           
Downloaded from apache.snapshots.https: https://repository.apache.org/content/repositories/snapshots/org/apache/xmlgraphics/batik-css/1.18.0-SNAPSHOT/batik-css-1.18.0-20241215.104411-8.jar (330 kB at 296 kB/s)
Downloading from apache.snapshots.https: https://repository.apache.org/content/repositories/snapshots/org/apache/xmlgraphics/batik-awt-util/1.18.0-SNAPSHOT/batik-awt-util-1.18.0-20241215.104410-9.jar
Downloaded from apache.snapshots.https: https://repository.apache.org/content/repositories/snapshots/org/apache/xmlgraphics/batik-util/1.18.0-SNAPSHOT/batik-util-1.18.0-20241215.104418-8.jar (127 kB at 109 kB/s)
Downloading from apache.snapshots.https: https://repository.apache.org/content/repositories/snapshots/org/apache/xmlgraphics/batik-bridge/1.18.0-SNAPSHOT/batik-bridge-1.18.0-20241215.104411-9.jar
Downloaded from apache.snapshots.https: https://repository.apache.org/content/repositories/snapshots/org/apache/xmlgraphics/batik-constants/1.18.0-SNAPSHOT/batik-constants-1.18.0-20241215.104411-9.jar (8.6 kB at 7.4 kB/s)
Downloading from apache.snapshots.https: https://repository.apache.org/content/repositories/snapshots/org/apache/xmlgraphics/batik-script/1.18.0-SNAPSHOT/batik-script-1.18.0-20241215.104414-8.jar
Downloaded from apache.snapshots.https: https://repository.apache.org/content/repositories/snapshots/org/apache/xmlgraphics/batik-i18n/1.18.0-SNAPSHOT/batik-i18n-1.18.0-20241215.104413-8.jar (12 kB at 9.7 kB/s)
Downloading from apache.snapshots.https: https://repository.apache.org/content/repositories/snapshots/org/apache/xmlgraphics/batik-xml/1.18.0-SNAPSHOT/batik-xml-1.18.0-20241215.104418-8.jar
Progress (1): 205/231 kB
Progress (1): 210/231 kB
Progress (1): 213/231 kB
Progress (1): 221/231 kB
Progress (1): 226/231 kB
Progress (1): 229/231 kB
Progress (1): 231 kB    
Progress (2): 231 kB | 7.5/423 kB
Progress (2): 231 kB | 8.2/423 kB
Progress (2): 231 kB | 16/423 kB 
Progress (2): 231 kB | 23/423 kB
                                
Downloaded from apache.snapshots.https: https://repository.apache.org/content/repositories/snapshots/org/apache/xmlgraphics/batik-svg-dom/1.18.0-SNAPSHOT/batik-svg-dom-1.18.0-20241215.104415-8.jar (231 kB at 182 kB/s)
Downloading from apache.snapshots.https: https://repository.apache.org/content/repositories/snapshots/org/apache/xmlgraphics/batik-extension/1.18.0-SNAPSHOT/batik-extension-1.18.0-20241215.104412-8.jar
Progress (1): 25/423 kB
Progress (1): 33/423 kB
Progress (1): 39/423 kB
Progress (1): 41/423 kB
Progress (1): 49/423 kB
Progress (1): 55/423 kB
Progress (1): 57/423 kB
Progress (1): 66/423 kB
Progress (1): 71/423 kB
Progress (1): 74/423 kB
Progress (1): 82/423 kB
Progress (1): 87/423 kB
Progress (1): 90/423 kB
Progress (1): 98/423 kB
Progress (1): 103/423 kB
Progress (1): 106/423 kB
Progress (1): 115/423 kB
Progress (1): 119/423 kB
Progress (1): 123/423 kB
Progress (1): 131/423 kB
Progress (1): 139/423 kB
Progress (1): 139/423 kB
Progress (1): 147/423 kB
Progress (1): 155/423 kB
Progress (1): 156/423 kB
Progress (1): 164/423 kB
Progress (1): 171/423 kB
Progress (1): 172/423 kB
Progress (1): 180/423 kB
Progress (1): 187/423 kB
Progress (1): 188/423 kB
Progress (2): 188/423 kB | 7.5/25 kB
Progress (3): 188/423 kB | 7.5/25 kB | 7.5/702 kB
Progress (3): 188/423 kB | 7.5/25 kB | 8.2/702 kB
Progress (3): 188/423 kB | 8.2/25 kB | 8.2/702 kB
Progress (3): 188/423 kB | 8.2/25 kB | 16/702 kB 
Progress (3): 188/423 kB | 8.2/25 kB | 23/702 kB
Progress (3): 188/423 kB | 8.2/25 kB | 25/702 kB
Progress (3): 188/423 kB | 8.2/25 kB | 33/702 kB
Progress (3): 188/423 kB | 8.2/25 kB | 39/702 kB
Progress (3): 188/423 kB | 8.2/25 kB | 41/702 kB
Progress (3): 188/423 kB | 8.2/25 kB | 49/702 kB
Progress (3): 188/423 kB | 8.2/25 kB | 55/702 kB
Progress (3): 188/423 kB | 8.2/25 kB | 57/702 kB
Progress (3): 188/423 kB | 8.2/25 kB | 66/702 kB
Progress (3): 188/423 kB | 8.2/25 kB | 71/702 kB
Progress (3): 188/423 kB | 8.2/25 kB | 74/702 kB
Progress (3): 188/423 kB | 8.2/25 kB | 82/702 kB
Progress (3): 188/423 kB | 8.2/25 kB | 87/702 kB
Progress (3): 188/423 kB | 8.2/25 kB | 90/702 kB
Progress (3): 188/423 kB | 8.2/25 kB | 98/702 kB
Progress (3): 188/423 kB | 8.2/25 kB | 103/702 kB
Progress (3): 188/423 kB | 8.2/25 kB | 106/702 kB
Progress (3): 188/423 kB | 8.2/25 kB | 115/702 kB
Progress (3): 188/423 kB | 8.2/25 kB | 119/702 kB
Progress (3): 188/423 kB | 8.2/25 kB | 123/702 kB
Progress (3): 188/423 kB | 16/25 kB | 123/702 kB 
Progress (4): 188/423 kB | 16/25 kB | 123/702 kB | 7.5/34 kB
Progress (4): 188/423 kB | 23/25 kB | 123/702 kB | 7.5/34 kB
Progress (4): 188/423 kB | 23/25 kB | 123/702 kB | 8.2/34 kB
Progress (4): 188/423 kB | 25/25 kB | 123/702 kB | 8.2/34 kB
Progress (4): 188/423 kB | 25/25 kB | 123/702 kB | 16/34 kB 
Progress (4): 188/423 kB | 25 kB | 123/702 kB | 16/34 kB   
Progress (4): 188/423 kB | 25 kB | 123/702 kB | 23/34 kB
Progress (4): 188/423 kB | 25 kB | 123/702 kB | 25/34 kB
Progress (4): 188/423 kB | 25 kB | 123/702 kB | 33/34 kB
Progress (4): 188/423 kB | 25 kB | 123/702 kB | 34 kB   
                                                     
Downloaded from apache.snapshots.https: https://repository.apache.org/content/repositories/snapshots/org/apache/xmlgraphics/batik-script/1.18.0-SNAPSHOT/batik-script-1.18.0-20241215.104414-8.jar (25 kB at 18 kB/s)
Downloading from apache.snapshots.https: https://repository.apache.org/content/repositories/snapshots/org/apache/xmlgraphics/batik-gvt/1.18.0-SNAPSHOT/batik-gvt-1.18.0-20241215.104412-8.jar
Downloaded from apache.snapshots.https: https://repository.apache.org/content/repositories/snapshots/org/apache/xmlgraphics/batik-xml/1.18.0-SNAPSHOT/batik-xml-1.18.0-20241215.104418-8.jar (34 kB at 24 kB/s)
Downloading from apache.snapshots.https: https://repository.apache.org/content/repositories/snapshots/org/apache/xmlgraphics/batik-transcoder/1.18.0-SNAPSHOT/batik-transcoder-1.18.0-20241215.104418-8.jar
Progress (2): 197/423 kB | 123/702 kB
Progress (2): 203/423 kB | 123/702 kB
Progress (2): 205/423 kB | 123/702 kB
Progress (2): 213/423 kB | 123/702 kB
Progress (2): 219/423 kB | 123/702 kB
Progress (2): 221/423 kB | 123/702 kB
Progress (2): 229/423 kB | 123/702 kB
Progress (2): 235/423 kB | 123/702 kB
Progress (2): 238/423 kB | 123/702 kB
Progress (2): 246/423 kB | 123/702 kB
Progress (2): 251/423 kB | 123/702 kB
Progress (2): 254/423 kB | 123/702 kB
Progress (2): 262/423 kB | 123/702 kB
Progress (2): 267/423 kB | 123/702 kB
Progress (2): 270/423 kB | 123/702 kB
Progress (2): 279/423 kB | 123/702 kB
Progress (2): 283/423 kB | 123/702 kB
Progress (2): 287/423 kB | 123/702 kB
Progress (2): 295/423 kB | 123/702 kB
Progress (2): 299/423 kB | 123/702 kB
Progress (2): 303/423 kB | 123/702 kB
Progress (2): 311/423 kB | 123/702 kB
Progress (2): 315/423 kB | 123/702 kB
Progress (2): 319/423 kB | 123/702 kB
Progress (2): 328/423 kB | 123/702 kB
Progress (2): 331/423 kB | 123/702 kB
Progress (2): 336/423 kB | 123/702 kB
Progress (2): 344/423 kB | 123/702 kB
Progress (2): 347/423 kB | 123/702 kB
Progress (2): 352/423 kB | 123/702 kB
Progress (2): 360/423 kB | 123/702 kB
Progress (2): 363/423 kB | 123/702 kB
Progress (2): 369/423 kB | 123/702 kB
Progress (2): 377/423 kB | 123/702 kB
Progress (2): 379/423 kB | 123/702 kB
Progress (2): 385/423 kB | 123/702 kB
Progress (2): 393/423 kB | 123/702 kB
Progress (2): 395/423 kB | 123/702 kB
Progress (2): 401/423 kB | 123/702 kB
Progress (2): 410/423 kB | 123/702 kB
Progress (2): 411/423 kB | 123/702 kB
Progress (2): 418/423 kB | 123/702 kB
Progress (2): 423 kB | 123/702 kB    
Progress (3): 423 kB | 123/702 kB | 7.5/73 kB
Progress (3): 423 kB | 123/702 kB | 8.2/73 kB
Progress (3): 423 kB | 123/702 kB | 16/73 kB 
Progress (3): 423 kB | 123/702 kB | 23/73 kB
Progress (3): 423 kB | 123/702 kB | 25/73 kB
Progress (3): 423 kB | 123/702 kB | 33/73 kB
Progress (3): 423 kB | 131/702 kB | 33/73 kB
Progress (3): 423 kB | 131/702 kB | 39/73 kB
Progress (3): 423 kB | 131/702 kB | 41/73 kB
Progress (3): 423 kB | 135/702 kB | 41/73 kB
Progress (3): 423 kB | 139/702 kB | 41/73 kB
Progress (3): 423 kB | 139/702 kB | 49/73 kB
Progress (3): 423 kB | 139/702 kB | 55/73 kB
Progress (3): 423 kB | 147/702 kB | 55/73 kB
Progress (3): 423 kB | 147/702 kB | 57/73 kB
Progress (3): 423 kB | 151/702 kB | 57/73 kB
Progress (3): 423 kB | 151/702 kB | 66/73 kB
Progress (3): 423 kB | 156/702 kB | 66/73 kB
Progress (3): 423 kB | 164/702 kB | 66/73 kB
Progress (3): 423 kB | 164/702 kB | 73 kB   
Progress (3): 423 kB | 168/702 kB | 73 kB
Progress (3): 423 kB | 172/702 kB | 73 kB
Progress (3): 423 kB | 180/702 kB | 73 kB
Progress (3): 423 kB | 184/702 kB | 73 kB
Progress (3): 423 kB | 188/702 kB | 73 kB
Progress (3): 423 kB | 197/702 kB | 73 kB
Progress (3): 423 kB | 200/702 kB | 73 kB
Progress (3): 423 kB | 205/702 kB | 73 kB
Progress (3): 423 kB | 213/702 kB | 73 kB
Progress (3): 423 kB | 216/702 kB | 73 kB
Progress (3): 423 kB | 221/702 kB | 73 kB
Progress (3): 423 kB | 229/702 kB | 73 kB
Progress (3): 423 kB | 232/702 kB | 73 kB
Progress (3): 423 kB | 238/702 kB | 73 kB
Progress (3): 423 kB | 246/702 kB | 73 kB
Progress (3): 423 kB | 248/702 kB | 73 kB
Progress (3): 423 kB | 254/702 kB | 73 kB
Progress (3): 423 kB | 262/702 kB | 73 kB
Progress (3): 423 kB | 264/702 kB | 73 kB
Progress (3): 423 kB | 270/702 kB | 73 kB
Progress (3): 423 kB | 279/702 kB | 73 kB
Progress (3): 423 kB | 280/702 kB | 73 kB
Progress (3): 423 kB | 287/702 kB | 73 kB
Progress (3): 423 kB | 295/702 kB | 73 kB
Progress (3): 423 kB | 296/702 kB | 73 kB
Progress (3): 423 kB | 303/702 kB | 73 kB
Progress (3): 423 kB | 311/702 kB | 73 kB
Progress (3): 423 kB | 312/702 kB | 73 kB
Progress (3): 423 kB | 319/702 kB | 73 kB
Progress (3): 423 kB | 328/702 kB | 73 kB
Progress (3): 423 kB | 328/702 kB | 73 kB
                                         
Downloaded from apache.snapshots.https: https://repository.apache.org/content/repositories/snapshots/org/apache/xmlgraphics/batik-awt-util/1.18.0-SNAPSHOT/batik-awt-util-1.18.0-20241215.104410-9.jar (423 kB at 290 kB/s)
Downloading from apache.snapshots.https: https://repository.apache.org/content/repositories/snapshots/org/apache/xmlgraphics/batik-svggen/1.18.0-SNAPSHOT/batik-svggen-1.18.0-20241215.104416-8.jar
Progress (2): 336/702 kB | 73 kB
Progress (2): 344/702 kB | 73 kB
Progress (2): 352/702 kB | 73 kB
Progress (2): 352/702 kB | 73 kB
Progress (2): 360/702 kB | 73 kB
Progress (2): 368/702 kB | 73 kB
Progress (2): 369/702 kB | 73 kB
Progress (2): 377/702 kB | 73 kB
Progress (2): 384/702 kB | 73 kB
Progress (2): 385/702 kB | 73 kB
                                
Downloaded from apache.snapshots.https: https://repository.apache.org/content/repositories/snapshots/org/apache/xmlgraphics/batik-extension/1.18.0-SNAPSHOT/batik-extension-1.18.0-20241215.104412-8.jar (73 kB at 49 kB/s)
Downloading from apache.snapshots.https: https://repository.apache.org/content/repositories/snapshots/org/apache/xmlgraphics/batik-codec/1.18.0-SNAPSHOT/batik-codec-1.18.0-20241215.104411-9.jar
Progress (2): 385/702 kB | 7.5/192 kB
Progress (3): 385/702 kB | 7.5/192 kB | 7.5/129 kB
Progress (3): 393/702 kB | 7.5/192 kB | 7.5/129 kB
Progress (3): 400/702 kB | 7.5/192 kB | 7.5/129 kB
Progress (3): 401/702 kB | 7.5/192 kB | 7.5/129 kB
Progress (3): 410/702 kB | 7.5/192 kB | 7.5/129 kB
Progress (3): 416/702 kB | 7.5/192 kB | 7.5/129 kB
Progress (3): 418/702 kB | 7.5/192 kB | 7.5/129 kB
Progress (3): 418/702 kB | 8.2/192 kB | 7.5/129 kB
Progress (3): 426/702 kB | 8.2/192 kB | 7.5/129 kB
Progress (3): 432/702 kB | 8.2/192 kB | 7.5/129 kB
Progress (3): 434/702 kB | 8.2/192 kB | 7.5/129 kB
Progress (3): 434/702 kB | 8.2/192 kB | 8.2/129 kB
Progress (3): 442/702 kB | 8.2/192 kB | 8.2/129 kB
Progress (3): 442/702 kB | 16/192 kB | 8.2/129 kB 
Progress (3): 448/702 kB | 16/192 kB | 8.2/129 kB
Progress (3): 448/702 kB | 23/192 kB | 8.2/129 kB
Progress (3): 451/702 kB | 23/192 kB | 8.2/129 kB
Progress (3): 451/702 kB | 25/192 kB | 8.2/129 kB
Progress (3): 451/702 kB | 25/192 kB | 16/129 kB 
Progress (3): 459/702 kB | 25/192 kB | 16/129 kB
Progress (3): 459/702 kB | 25/192 kB | 23/129 kB
Progress (3): 459/702 kB | 33/192 kB | 23/129 kB
Progress (3): 464/702 kB | 33/192 kB | 23/129 kB
Progress (3): 464/702 kB | 33/192 kB | 25/129 kB
Progress (3): 467/702 kB | 33/192 kB | 25/129 kB
Progress (3): 467/702 kB | 41/192 kB | 25/129 kB
Progress (3): 467/702 kB | 49/192 kB | 25/129 kB
Progress (3): 475/702 kB | 49/192 kB | 25/129 kB
Progress (3): 475/702 kB | 49/192 kB | 33/129 kB
Progress (3): 475/702 kB | 49/192 kB | 33/129 kB
Progress (3): 480/702 kB | 49/192 kB | 33/129 kB
Progress (3): 480/702 kB | 49/192 kB | 41/129 kB
Progress (3): 480/702 kB | 57/192 kB | 41/129 kB
Progress (3): 483/702 kB | 57/192 kB | 41/129 kB
Progress (3): 483/702 kB | 57/192 kB | 49/129 kB
Progress (3): 483/702 kB | 57/192 kB | 49/129 kB
Progress (3): 483/702 kB | 65/192 kB | 49/129 kB
Progress (3): 492/702 kB | 65/192 kB | 49/129 kB
Progress (3): 492/702 kB | 66/192 kB | 49/129 kB
Progress (3): 496/702 kB | 66/192 kB | 49/129 kB
Progress (3): 496/702 kB | 66/192 kB | 57/129 kB
Progress (3): 500/702 kB | 66/192 kB | 57/129 kB
Progress (3): 500/702 kB | 74/192 kB | 57/129 kB
Progress (3): 500/702 kB | 74/192 kB | 65/129 kB
Progress (3): 508/702 kB | 74/192 kB | 65/129 kB
Progress (3): 508/702 kB | 74/192 kB | 66/129 kB
Progress (3): 512/702 kB | 74/192 kB | 66/129 kB
Progress (3): 512/702 kB | 82/192 kB | 66/129 kB
Progress (3): 512/702 kB | 82/192 kB | 74/129 kB
Progress (3): 512/702 kB | 82/192 kB | 74/129 kB
Progress (3): 516/702 kB | 82/192 kB | 74/129 kB
Progress (3): 516/702 kB | 90/192 kB | 74/129 kB
Progress (3): 524/702 kB | 90/192 kB | 74/129 kB
Progress (3): 524/702 kB | 90/192 kB | 82/129 kB
Progress (3): 524/702 kB | 90/192 kB | 82/129 kB
Progress (3): 524/702 kB | 98/192 kB | 82/129 kB
Progress (3): 528/702 kB | 98/192 kB | 82/129 kB
Progress (3): 528/702 kB | 98/192 kB | 82/129 kB
Progress (3): 532/702 kB | 98/192 kB | 82/129 kB
Progress (3): 532/702 kB | 98/192 kB | 90/129 kB
Progress (3): 532/702 kB | 106/192 kB | 90/129 kB
Progress (3): 541/702 kB | 106/192 kB | 90/129 kB
Progress (3): 541/702 kB | 106/192 kB | 98/129 kB
Progress (3): 541/702 kB | 114/192 kB | 98/129 kB
Progress (3): 541/702 kB | 114/192 kB | 98/129 kB
Progress (3): 544/702 kB | 114/192 kB | 98/129 kB
Progress (3): 544/702 kB | 115/192 kB | 98/129 kB
Progress (3): 549/702 kB | 115/192 kB | 98/129 kB
Progress (3): 549/702 kB | 123/192 kB | 98/129 kB
Progress (3): 549/702 kB | 123/192 kB | 106/129 kB
Progress (3): 557/702 kB | 123/192 kB | 106/129 kB
Progress (3): 557/702 kB | 130/192 kB | 106/129 kB
Progress (3): 560/702 kB | 130/192 kB | 106/129 kB
Progress (3): 560/702 kB | 131/192 kB | 106/129 kB
Progress (3): 560/702 kB | 131/192 kB | 114/129 kB
Progress (3): 565/702 kB | 131/192 kB | 114/129 kB
Progress (3): 565/702 kB | 139/192 kB | 114/129 kB
Progress (3): 565/702 kB | 139/192 kB | 115/129 kB
Progress (3): 573/702 kB | 139/192 kB | 115/129 kB
Progress (3): 573/702 kB | 147/192 kB | 115/129 kB
Progress (3): 573/702 kB | 147/192 kB | 115/129 kB
Progress (3): 576/702 kB | 147/192 kB | 115/129 kB
Progress (3): 576/702 kB | 147/192 kB | 123/129 kB
Progress (3): 582/702 kB | 147/192 kB | 123/129 kB
Progress (3): 582/702 kB | 147/192 kB | 129 kB    
Progress (3): 582/702 kB | 156/192 kB | 129 kB
Progress (3): 590/702 kB | 156/192 kB | 129 kB
Progress (3): 590/702 kB | 163/192 kB | 129 kB
Progress (3): 590/702 kB | 164/192 kB | 129 kB
Progress (3): 592/702 kB | 164/192 kB | 129 kB
Progress (3): 592/702 kB | 172/192 kB | 129 kB
Progress (3): 598/702 kB | 172/192 kB | 129 kB
Progress (3): 598/702 kB | 180/192 kB | 129 kB
Progress (3): 598/702 kB | 180/192 kB | 129 kB
Progress (3): 606/702 kB | 180/192 kB | 129 kB
Progress (3): 606/702 kB | 188/192 kB | 129 kB
Progress (3): 608/702 kB | 188/192 kB | 129 kB
Progress (3): 608/702 kB | 192 kB | 129 kB    
Progress (3): 614/702 kB | 192 kB | 129 kB
Progress (3): 623/702 kB | 192 kB | 129 kB
Progress (3): 624/702 kB | 192 kB | 129 kB
Progress (3): 631/702 kB | 192 kB | 129 kB
Progress (3): 639/702 kB | 192 kB | 129 kB
Progress (3): 640/702 kB | 192 kB | 129 kB
Progress (3): 647/702 kB | 192 kB | 129 kB
Progress (3): 655/702 kB | 192 kB | 129 kB
Progress (3): 656/702 kB | 192 kB | 129 kB
Progress (3): 664/702 kB | 192 kB | 129 kB
Progress (3): 672/702 kB | 192 kB | 129 kB
Progress (3): 672/702 kB | 192 kB | 129 kB
Progress (3): 680/702 kB | 192 kB | 129 kB
Progress (3): 680/702 kB | 192 kB | 129 kB
Progress (3): 688/702 kB | 192 kB | 129 kB
Progress (3): 696/702 kB | 192 kB | 129 kB
Progress (3): 696/702 kB | 192 kB | 129 kB
Progress (3): 702 kB | 192 kB | 129 kB    
Progress (4): 702 kB | 192 kB | 129 kB | 7.5/112 kB
Progress (5): 702 kB | 192 kB | 129 kB | 7.5/112 kB | 7.5/227 kB
Progress (5): 702 kB | 192 kB | 129 kB | 7.5/112 kB | 8.2/227 kB
Progress (5): 702 kB | 192 kB | 129 kB | 7.5/112 kB | 16/227 kB 
Progress (5): 702 kB | 192 kB | 129 kB | 7.5/112 kB | 23/227 kB
Progress (5): 702 kB | 192 kB | 129 kB | 7.5/112 kB | 25/227 kB
Progress (5): 702 kB | 192 kB | 129 kB | 8.2/112 kB | 25/227 kB
Progress (5): 702 kB | 192 kB | 129 kB | 8.2/112 kB | 33/227 kB
Progress (5): 702 kB | 192 kB | 129 kB | 8.2/112 kB | 41/227 kB
Progress (5): 702 kB | 192 kB | 129 kB | 8.2/112 kB | 49/227 kB
Progress (5): 702 kB | 192 kB | 129 kB | 8.2/112 kB | 49/227 kB
Progress (5): 702 kB | 192 kB | 129 kB | 8.2/112 kB | 57/227 kB
Progress (5): 702 kB | 192 kB | 129 kB | 8.2/112 kB | 65/227 kB
Progress (5): 702 kB | 192 kB | 129 kB | 8.2/112 kB | 66/227 kB
Progress (5): 702 kB | 192 kB | 129 kB | 8.2/112 kB | 74/227 kB
Progress (5): 702 kB | 192 kB | 129 kB | 8.2/112 kB | 82/227 kB
Progress (5): 702 kB | 192 kB | 129 kB | 8.2/112 kB | 82/227 kB
Progress (5): 702 kB | 192 kB | 129 kB | 8.2/112 kB | 90/227 kB
Progress (5): 702 kB | 192 kB | 129 kB | 8.2/112 kB | 98/227 kB
Progress (5): 702 kB | 192 kB | 129 kB | 8.2/112 kB | 98/227 kB
Progress (5): 702 kB | 192 kB | 129 kB | 8.2/112 kB | 106/227 kB
Progress (5): 702 kB | 192 kB | 129 kB | 8.2/112 kB | 114/227 kB
Progress (5): 702 kB | 192 kB | 129 kB | 8.2/112 kB | 115/227 kB
Progress (5): 702 kB | 192 kB | 129 kB | 8.2/112 kB | 123/227 kB
Progress (5): 702 kB | 192 kB | 129 kB | 8.2/112 kB | 130/227 kB
Progress (5): 702 kB | 192 kB | 129 kB | 8.2/112 kB | 131/227 kB
Progress (5): 702 kB | 192 kB | 129 kB | 8.2/112 kB | 139/227 kB
Progress (5): 702 kB | 192 kB | 129 kB | 8.2/112 kB | 147/227 kB
Progress (5): 702 kB | 192 kB | 129 kB | 8.2/112 kB | 147/227 kB
Progress (5): 702 kB | 192 kB | 129 kB | 8.2/112 kB | 156/227 kB
Progress (5): 702 kB | 192 kB | 129 kB | 8.2/112 kB | 163/227 kB
Progress (5): 702 kB | 192 kB | 129 kB | 8.2/112 kB | 164/227 kB
Progress (5): 702 kB | 192 kB | 129 kB | 8.2/112 kB | 172/227 kB
Progress (5): 702 kB | 192 kB | 129 kB | 8.2/112 kB | 180/227 kB
Progress (5): 702 kB | 192 kB | 129 kB | 8.2/112 kB | 180/227 kB
Progress (5): 702 kB | 192 kB | 129 kB | 8.2/112 kB | 188/227 kB
Progress (5): 702 kB | 192 kB | 129 kB | 8.2/112 kB | 196/227 kB
Progress (5): 702 kB | 192 kB | 129 kB | 8.2/112 kB | 197/227 kB
Progress (5): 702 kB | 192 kB | 129 kB | 8.2/112 kB | 205/227 kB
Progress (5): 702 kB | 192 kB | 129 kB | 8.2/112 kB | 213/227 kB
Progress (5): 702 kB | 192 kB | 129 kB | 8.2/112 kB | 213/227 kB
Progress (5): 702 kB | 192 kB | 129 kB | 8.2/112 kB | 221/227 kB
Progress (5): 702 kB | 192 kB | 129 kB | 8.2/112 kB | 227 kB    
Progress (5): 702 kB | 192 kB | 129 kB | 16/112 kB | 227 kB 
Progress (5): 702 kB | 192 kB | 129 kB | 23/112 kB | 227 kB
Progress (5): 702 kB | 192 kB | 129 kB | 25/112 kB | 227 kB
Progress (5): 702 kB | 192 kB | 129 kB | 33/112 kB | 227 kB
Progress (5): 702 kB | 192 kB | 129 kB | 39/112 kB | 227 kB
Progress (5): 702 kB | 192 kB | 129 kB | 41/112 kB | 227 kB
Progress (5): 702 kB | 192 kB | 129 kB | 49/112 kB | 227 kB
Progress (5): 702 kB | 192 kB | 129 kB | 55/112 kB | 227 kB
Progress (5): 702 kB | 192 kB | 129 kB | 57/112 kB | 227 kB
Progress (5): 702 kB | 192 kB | 129 kB | 66/112 kB | 227 kB
Progress (5): 702 kB | 192 kB | 129 kB | 74/112 kB | 227 kB
Progress (5): 702 kB | 192 kB | 129 kB | 82/112 kB | 227 kB
Progress (5): 702 kB | 192 kB | 129 kB | 82/112 kB | 227 kB
Progress (5): 702 kB | 192 kB | 129 kB | 90/112 kB | 227 kB
Progress (5): 702 kB | 192 kB | 129 kB | 98/112 kB | 227 kB
Progress (5): 702 kB | 192 kB | 129 kB | 98/112 kB | 227 kB
Progress (5): 702 kB | 192 kB | 129 kB | 106/112 kB | 227 kB
Progress (5): 702 kB | 192 kB | 129 kB | 112 kB | 227 kB    
                                                        
Downloaded from apache.snapshots.https: https://repository.apache.org/content/repositories/snapshots/org/apache/xmlgraphics/batik-transcoder/1.18.0-SNAPSHOT/batik-transcoder-1.18.0-20241215.104418-8.jar (129 kB at 77 kB/s)
Downloading from apache.snapshots.https: https://repository.apache.org/content/repositories/snapshots/org/apache/xmlgraphics/fop-events/2.11.0-SNAPSHOT/fop-events-2.11.0-20260220.224641-100.jar
Downloaded from apache.snapshots.https: https://repository.apache.org/content/repositories/snapshots/org/apache/xmlgraphics/batik-bridge/1.18.0-SNAPSHOT/batik-bridge-1.18.0-20241215.104411-9.jar (702 kB at 416 kB/s)
Downloading from apache.snapshots.https: https://repository.apache.org/content/repositories/snapshots/org/apache/xmlgraphics/fop-util/2.11.0-SNAPSHOT/fop-util-2.11.0-20260220.224642-100.jar
Downloaded from apache.snapshots.https: https://repository.apache.org/content/repositories/snapshots/org/apache/xmlgraphics/batik-gvt/1.18.0-SNAPSHOT/batik-gvt-1.18.0-20241215.104412-8.jar (192 kB at 113 kB/s)
Downloading from apache.snapshots.https: https://repository.apache.org/content/repositories/snapshots/org/apache/xmlgraphics/xmlgraphics-commons/2.11.0-SNAPSHOT/xmlgraphics-commons-2.11.0-20251212.104635-17.jar
Downloaded from apache.snapshots.https: https://repository.apache.org/content/repositories/snapshots/org/apache/xmlgraphics/batik-svggen/1.18.0-SNAPSHOT/batik-svggen-1.18.0-20241215.104416-8.jar (227 kB at 132 kB/s)
Downloaded from apache.snapshots.https: https://repository.apache.org/content/repositories/snapshots/org/apache/xmlgraphics/batik-codec/1.18.0-SNAPSHOT/batik-codec-1.18.0-20241215.104411-9.jar (112 kB at 65 kB/s)
Progress (1): 7.5/45 kB
Progress (2): 7.5/45 kB | 7.5/26 kB
Progress (2): 7.5/45 kB | 8.2/26 kB
Progress (3): 7.5/45 kB | 8.2/26 kB | 7.5/687 kB
Progress (3): 8.2/45 kB | 8.2/26 kB | 7.5/687 kB
Progress (3): 8.2/45 kB | 16/26 kB | 7.5/687 kB 
Progress (3): 8.2/45 kB | 23/26 kB | 7.5/687 kB
Progress (3): 16/45 kB | 23/26 kB | 7.5/687 kB 
Progress (3): 23/45 kB | 23/26 kB | 7.5/687 kB
Progress (3): 23/45 kB | 25/26 kB | 7.5/687 kB
Progress (3): 25/45 kB | 25/26 kB | 7.5/687 kB
Progress (3): 25/45 kB | 25/26 kB | 8.2/687 kB
Progress (3): 25/45 kB | 26 kB | 8.2/687 kB   
Progress (3): 33/45 kB | 26 kB | 8.2/687 kB
Progress (3): 39/45 kB | 26 kB | 8.2/687 kB
Progress (3): 41/45 kB | 26 kB | 8.2/687 kB
Progress (3): 45 kB | 26 kB | 8.2/687 kB   
Progress (3): 45 kB | 26 kB | 16/687 kB 
Progress (3): 45 kB | 26 kB | 23/687 kB
Progress (3): 45 kB | 26 kB | 25/687 kB
Progress (3): 45 kB | 26 kB | 33/687 kB
Progress (3): 45 kB | 26 kB | 39/687 kB
Progress (3): 45 kB | 26 kB | 41/687 kB
Progress (3): 45 kB | 26 kB | 49/687 kB
Progress (3): 45 kB | 26 kB | 55/687 kB
Progress (3): 45 kB | 26 kB | 57/687 kB
Progress (3): 45 kB | 26 kB | 66/687 kB
Progress (3): 45 kB | 26 kB | 74/687 kB
Progress (3): 45 kB | 26 kB | 82/687 kB
Progress (3): 45 kB | 26 kB | 82/687 kB
Progress (3): 45 kB | 26 kB | 90/687 kB
Progress (3): 45 kB | 26 kB | 98/687 kB
Progress (3): 45 kB | 26 kB | 98/687 kB
Progress (3): 45 kB | 26 kB | 106/687 kB
Progress (3): 45 kB | 26 kB | 114/687 kB
Progress (3): 45 kB | 26 kB | 115/687 kB
Progress (3): 45 kB | 26 kB | 123/687 kB
Progress (3): 45 kB | 26 kB | 130/687 kB
Progress (3): 45 kB | 26 kB | 131/687 kB
Progress (3): 45 kB | 26 kB | 139/687 kB
Progress (3): 45 kB | 26 kB | 147/687 kB
Progress (3): 45 kB | 26 kB | 147/687 kB
Progress (3): 45 kB | 26 kB | 156/687 kB
Progress (3): 45 kB | 26 kB | 163/687 kB
Progress (3): 45 kB | 26 kB | 164/687 kB
Progress (3): 45 kB | 26 kB | 172/687 kB
Progress (3): 45 kB | 26 kB | 180/687 kB
Progress (3): 45 kB | 26 kB | 180/687 kB
Progress (3): 45 kB | 26 kB | 188/687 kB
Progress (3): 45 kB | 26 kB | 196/687 kB
Progress (3): 45 kB | 26 kB | 197/687 kB
Progress (3): 45 kB | 26 kB | 205/687 kB
Progress (3): 45 kB | 26 kB | 213/687 kB
Progress (3): 45 kB | 26 kB | 213/687 kB
Progress (3): 45 kB | 26 kB | 221/687 kB
Progress (3): 45 kB | 26 kB | 229/687 kB
Progress (3): 45 kB | 26 kB | 229/687 kB
Progress (3): 45 kB | 26 kB | 238/687 kB
Progress (3): 45 kB | 26 kB | 245/687 kB
Progress (3): 45 kB | 26 kB | 246/687 kB
Progress (3): 45 kB | 26 kB | 254/687 kB
Progress (3): 45 kB | 26 kB | 261/687 kB
Progress (3): 45 kB | 26 kB | 262/687 kB
Progress (3): 45 kB | 26 kB | 270/687 kB
Progress (3): 45 kB | 26 kB | 278/687 kB
Progress (3): 45 kB | 26 kB | 279/687 kB
Progress (3): 45 kB | 26 kB | 287/687 kB
Progress (3): 45 kB | 26 kB | 294/687 kB
Progress (3): 45 kB | 26 kB | 295/687 kB
Progress (3): 45 kB | 26 kB | 303/687 kB
Progress (3): 45 kB | 26 kB | 311/687 kB
Progress (3): 45 kB | 26 kB | 311/687 kB
Progress (3): 45 kB | 26 kB | 319/687 kB
Progress (3): 45 kB | 26 kB | 327/687 kB
Progress (3): 45 kB | 26 kB | 328/687 kB
Progress (3): 45 kB | 26 kB | 336/687 kB
Progress (3): 45 kB | 26 kB | 344/687 kB
Progress (3): 45 kB | 26 kB | 344/687 kB
Progress (3): 45 kB | 26 kB | 352/687 kB
Progress (3): 45 kB | 26 kB | 360/687 kB
Progress (3): 45 kB | 26 kB | 360/687 kB
Progress (3): 45 kB | 26 kB | 369/687 kB
Progress (3): 45 kB | 26 kB | 376/687 kB
Progress (3): 45 kB | 26 kB | 377/687 kB
Progress (3): 45 kB | 26 kB | 385/687 kB
Progress (3): 45 kB | 26 kB | 392/687 kB
Progress (3): 45 kB | 26 kB | 393/687 kB
Progress (3): 45 kB | 26 kB | 401/687 kB
Progress (3): 45 kB | 26 kB | 409/687 kB
Progress (3): 45 kB | 26 kB | 410/687 kB
Progress (3): 45 kB | 26 kB | 418/687 kB
Progress (3): 45 kB | 26 kB | 425/687 kB
Progress (3): 45 kB | 26 kB | 426/687 kB
Progress (3): 45 kB | 26 kB | 434/687 kB
Progress (3): 45 kB | 26 kB | 442/687 kB
Progress (3): 45 kB | 26 kB | 442/687 kB
Progress (3): 45 kB | 26 kB | 451/687 kB
Progress (3): 45 kB | 26 kB | 458/687 kB
Progress (3): 45 kB | 26 kB | 459/687 kB
Progress (3): 45 kB | 26 kB | 467/687 kB
Progress (3): 45 kB | 26 kB | 475/687 kB
Progress (3): 45 kB | 26 kB | 475/687 kB
Progress (3): 45 kB | 26 kB | 483/687 kB
Progress (3): 45 kB | 26 kB | 491/687 kB
Progress (3): 45 kB | 26 kB | 492/687 kB
Progress (3): 45 kB | 26 kB | 500/687 kB
Progress (3): 45 kB | 26 kB | 508/687 kB
Progress (3): 45 kB | 26 kB | 508/687 kB
Progress (3): 45 kB | 26 kB | 516/687 kB
Progress (3): 45 kB | 26 kB | 524/687 kB
Progress (3): 45 kB | 26 kB | 524/687 kB
Progress (3): 45 kB | 26 kB | 532/687 kB
Progress (3): 45 kB | 26 kB | 540/687 kB
Progress (3): 45 kB | 26 kB | 541/687 kB
Progress (3): 45 kB | 26 kB | 549/687 kB
Progress (3): 45 kB | 26 kB | 556/687 kB
Progress (3): 45 kB | 26 kB | 557/687 kB
Progress (3): 45 kB | 26 kB | 565/687 kB
Progress (3): 45 kB | 26 kB | 573/687 kB
Progress (3): 45 kB | 26 kB | 573/687 kB
Progress (3): 45 kB | 26 kB | 582/687 kB
Progress (3): 45 kB | 26 kB | 589/687 kB
Progress (3): 45 kB | 26 kB | 590/687 kB
Progress (3): 45 kB | 26 kB | 598/687 kB
Progress (3): 45 kB | 26 kB | 606/687 kB
Progress (3): 45 kB | 26 kB | 606/687 kB
Progress (3): 45 kB | 26 kB | 614/687 kB
Progress (3): 45 kB | 26 kB | 622/687 kB
Progress (3): 45 kB | 26 kB | 623/687 kB
Progress (3): 45 kB | 26 kB | 631/687 kB
Progress (3): 45 kB | 26 kB | 639/687 kB
Progress (3): 45 kB | 26 kB | 639/687 kB
Progress (3): 45 kB | 26 kB | 647/687 kB
Progress (3): 45 kB | 26 kB | 655/687 kB
Progress (3): 45 kB | 26 kB | 655/687 kB
Progress (3): 45 kB | 26 kB | 664/687 kB
Progress (3): 45 kB | 26 kB | 671/687 kB
Progress (3): 45 kB | 26 kB | 672/687 kB
Progress (3): 45 kB | 26 kB | 680/687 kB
Progress (3): 45 kB | 26 kB | 687 kB    
                                    
Downloaded from apache.snapshots.https: https://repository.apache.org/content/repositories/snapshots/org/apache/xmlgraphics/fop-events/2.11.0-SNAPSHOT/fop-events-2.11.0-20260220.224641-100.jar (45 kB at 19 kB/s)
Downloaded from apache.snapshots.https: https://repository.apache.org/content/repositories/snapshots/org/apache/xmlgraphics/fop-util/2.11.0-SNAPSHOT/fop-util-2.11.0-20260220.224642-100.jar (26 kB at 11 kB/s)
Downloaded from apache.snapshots.https: https://repository.apache.org/content/repositories/snapshots/org/apache/xmlgraphics/xmlgraphics-commons/2.11.0-SNAPSHOT/xmlgraphics-commons-2.11.0-20251212.104635-17.jar (687 kB at 283 kB/s)
Downloading from central: https://repo1.maven.org/maven2/xml-apis/xml-apis/1.4.01/xml-apis-1.4.01.jar
Downloading from central: https://repo1.maven.org/maven2/xml-apis/xml-apis-ext/1.3.04/xml-apis-ext-1.3.04.jar
Downloading from central: https://repo1.maven.org/maven2/com/thoughtworks/qdox/qdox/1.12/qdox-1.12.jar
Downloading from central: https://repo1.maven.org/maven2/jakarta/servlet/jakarta.servlet-api/5.0.0/jakarta.servlet-api-5.0.0.jar
Downloading from central: https://repo1.maven.org/maven2/commons-logging/commons-logging/1.3.0/commons-logging-1.3.0.jar
Progress (1): 7.7/86 kB
Progress (1): 8.2/86 kB
Progress (1): 25/86 kB 
Progress (1): 41/86 kB
Progress (1): 57/86 kB
Progress (1): 74/86 kB
Progress (1): 86 kB   
                   
Downloaded from central: https://repo1.maven.org/maven2/xml-apis/xml-apis-ext/1.3.04/xml-apis-ext-1.3.04.jar (86 kB at 1.2 MB/s)
Downloading from central: https://repo1.maven.org/maven2/org/apache/ant/ant/1.10.14/ant-1.10.14.jar
Progress (1): 0.9/221 kB
Progress (1): 2.3/221 kB
Progress (1): 3.7/221 kB
Progress (1): 5.0/221 kB
Progress (1): 6.4/221 kB
Progress (1): 7.8/221 kB
Progress (1): 8.2/221 kB
Progress (1): 9.6/221 kB
Progress (1): 11/221 kB 
Progress (1): 12/221 kB
Progress (1): 14/221 kB
Progress (1): 15/221 kB
Progress (1): 16/221 kB
Progress (1): 18/221 kB
Progress (1): 19/221 kB
Progress (1): 21/221 kB
Progress (1): 22/221 kB
Progress (1): 23/221 kB
Progress (1): 25/221 kB
Progress (1): 26/221 kB
Progress (1): 27/221 kB
Progress (1): 29/221 kB
Progress (1): 30/221 kB
Progress (1): 31/221 kB
Progress (1): 33/221 kB
Progress (1): 34/221 kB
Progress (1): 36/221 kB
Progress (1): 37/221 kB
Progress (1): 38/221 kB
Progress (1): 40/221 kB
Progress (1): 41/221 kB
Progress (1): 42/221 kB
Progress (1): 44/221 kB
Progress (1): 45/221 kB
Progress (1): 47/221 kB
Progress (1): 48/221 kB
Progress (1): 49/221 kB
Progress (1): 51/221 kB
Progress (1): 52/221 kB
Progress (1): 53/221 kB
Progress (1): 55/221 kB
Progress (1): 59/221 kB
Progress (1): 63/221 kB
Progress (2): 63/221 kB | 0.9/71 kB
Progress (2): 63/221 kB | 2.3/71 kB
Progress (2): 63/221 kB | 3.7/71 kB
Progress (3): 63/221 kB | 3.7/71 kB | 0.9/308 kB
Progress (3): 63/221 kB | 5.0/71 kB | 0.9/308 kB
Progress (3): 63/221 kB | 6.4/71 kB | 0.9/308 kB
Progress (4): 63/221 kB | 6.4/71 kB | 0.9/308 kB | 0/2.3 MB
Progress (4): 63/221 kB | 7.8/71 kB | 0.9/308 kB | 0/2.3 MB
Progress (4): 63/221 kB | 9.1/71 kB | 0.9/308 kB | 0/2.3 MB
Progress (4): 63/221 kB | 11/71 kB | 0.9/308 kB | 0/2.3 MB 
Progress (4): 63/221 kB | 12/71 kB | 0.9/308 kB | 0/2.3 MB
Progress (4): 63/221 kB | 12/71 kB | 2.3/308 kB | 0/2.3 MB
Progress (4): 63/221 kB | 13/71 kB | 2.3/308 kB | 0/2.3 MB
Progress (4): 63/221 kB | 13/71 kB | 3.7/308 kB | 0/2.3 MB
Progress (4): 63/221 kB | 15/71 kB | 3.7/308 kB | 0/2.3 MB
Progress (4): 63/221 kB | 16/71 kB | 3.7/308 kB | 0/2.3 MB
Progress (4): 63/221 kB | 16/71 kB | 5.0/308 kB | 0/2.3 MB
Progress (4): 63/221 kB | 16/71 kB | 6.4/308 kB | 0/2.3 MB
Progress (4): 63/221 kB | 16/71 kB | 7.8/308 kB | 0/2.3 MB
Progress (4): 63/221 kB | 16/71 kB | 8.2/308 kB | 0/2.3 MB
Progress (4): 63/221 kB | 16/71 kB | 8.2/308 kB | 0/2.3 MB
Progress (4): 63/221 kB | 17/71 kB | 8.2/308 kB | 0/2.3 MB
Progress (4): 63/221 kB | 17/71 kB | 9.6/308 kB | 0/2.3 MB
Progress (4): 63/221 kB | 19/71 kB | 9.6/308 kB | 0/2.3 MB
Progress (4): 63/221 kB | 19/71 kB | 11/308 kB | 0/2.3 MB 
Progress (4): 63/221 kB | 20/71 kB | 11/308 kB | 0/2.3 MB
Progress (4): 63/221 kB | 20/71 kB | 12/308 kB | 0/2.3 MB
Progress (4): 63/221 kB | 20/71 kB | 12/308 kB | 0/2.3 MB
Progress (4): 63/221 kB | 21/71 kB | 12/308 kB | 0/2.3 MB
Progress (4): 63/221 kB | 21/71 kB | 14/308 kB | 0/2.3 MB
Progress (4): 63/221 kB | 23/71 kB | 14/308 kB | 0/2.3 MB
Progress (4): 63/221 kB | 23/71 kB | 15/308 kB | 0/2.3 MB
Progress (4): 63/221 kB | 23/71 kB | 15/308 kB | 0/2.3 MB
Progress (4): 63/221 kB | 24/71 kB | 15/308 kB | 0/2.3 MB
Progress (4): 63/221 kB | 26/71 kB | 15/308 kB | 0/2.3 MB
Progress (4): 63/221 kB | 26/71 kB | 16/308 kB | 0/2.3 MB
Progress (4): 63/221 kB | 26/71 kB | 18/308 kB | 0/2.3 MB
Progress (4): 63/221 kB | 27/71 kB | 18/308 kB | 0/2.3 MB
Progress (4): 63/221 kB | 27/71 kB | 19/308 kB | 0/2.3 MB
Progress (4): 63/221 kB | 28/71 kB | 19/308 kB | 0/2.3 MB
Progress (4): 63/221 kB | 28/71 kB | 19/308 kB | 0.1/2.3 MB
Progress (4): 63/221 kB | 28/71 kB | 21/308 kB | 0.1/2.3 MB
Progress (4): 63/221 kB | 30/71 kB | 21/308 kB | 0.1/2.3 MB
Progress (4): 63/221 kB | 30/71 kB | 22/308 kB | 0.1/2.3 MB
Progress (4): 63/221 kB | 31/71 kB | 22/308 kB | 0.1/2.3 MB
Progress (4): 63/221 kB | 32/71 kB | 22/308 kB | 0.1/2.3 MB
Progress (4): 63/221 kB | 32/71 kB | 23/308 kB | 0.1/2.3 MB
Progress (4): 63/221 kB | 32/71 kB | 23/308 kB | 0.1/2.3 MB
Progress (4): 63/221 kB | 32/71 kB | 25/308 kB | 0.1/2.3 MB
Progress (4): 63/221 kB | 34/71 kB | 25/308 kB | 0.1/2.3 MB
Progress (4): 63/221 kB | 35/71 kB | 25/308 kB | 0.1/2.3 MB
Progress (4): 63/221 kB | 37/71 kB | 25/308 kB | 0.1/2.3 MB
Progress (4): 63/221 kB | 37/71 kB | 25/308 kB | 0.1/2.3 MB
Progress (4): 63/221 kB | 38/71 kB | 25/308 kB | 0.1/2.3 MB
Progress (4): 63/221 kB | 39/71 kB | 25/308 kB | 0.1/2.3 MB
Progress (4): 63/221 kB | 41/71 kB | 25/308 kB | 0.1/2.3 MB
Progress (4): 63/221 kB | 42/71 kB | 25/308 kB | 0.1/2.3 MB
Progress (4): 63/221 kB | 42/71 kB | 25/308 kB | 0.1/2.3 MB
Progress (4): 63/221 kB | 43/71 kB | 25/308 kB | 0.1/2.3 MB
Progress (4): 63/221 kB | 45/71 kB | 25/308 kB | 0.1/2.3 MB
Progress (4): 63/221 kB | 45/71 kB | 25/308 kB | 0.1/2.3 MB
Progress (4): 63/221 kB | 46/71 kB | 25/308 kB | 0.1/2.3 MB
Progress (4): 63/221 kB | 47/71 kB | 25/308 kB | 0.1/2.3 MB
Progress (4): 63/221 kB | 47/71 kB | 25/308 kB | 0.1/2.3 MB
Progress (4): 63/221 kB | 47/71 kB | 25/308 kB | 0.2/2.3 MB
Progress (4): 63/221 kB | 49/71 kB | 25/308 kB | 0.2/2.3 MB
Progress (4): 63/221 kB | 49/71 kB | 25/308 kB | 0.2/2.3 MB
Progress (4): 63/221 kB | 50/71 kB | 25/308 kB | 0.2/2.3 MB
Progress (4): 63/221 kB | 50/71 kB | 25/308 kB | 0.2/2.3 MB
Progress (4): 63/221 kB | 52/71 kB | 25/308 kB | 0.2/2.3 MB
Progress (4): 63/221 kB | 52/71 kB | 25/308 kB | 0.2/2.3 MB
Progress (4): 63/221 kB | 53/71 kB | 25/308 kB | 0.2/2.3 MB
Progress (4): 63/221 kB | 54/71 kB | 25/308 kB | 0.2/2.3 MB
Progress (4): 63/221 kB | 54/71 kB | 26/308 kB | 0.2/2.3 MB
Progress (4): 63/221 kB | 54/71 kB | 26/308 kB | 0.2/2.3 MB
Progress (4): 63/221 kB | 54/71 kB | 27/308 kB | 0.2/2.3 MB
Progress (4): 63/221 kB | 54/71 kB | 27/308 kB | 0.2/2.3 MB
Progress (4): 63/221 kB | 54/71 kB | 29/308 kB | 0.2/2.3 MB
Progress (4): 63/221 kB | 54/71 kB | 29/308 kB | 0.3/2.3 MB
Progress (4): 63/221 kB | 54/71 kB | 30/308 kB | 0.3/2.3 MB
Progress (4): 63/221 kB | 54/71 kB | 30/308 kB | 0.3/2.3 MB
Progress (4): 63/221 kB | 54/71 kB | 31/308 kB | 0.3/2.3 MB
Progress (4): 63/221 kB | 54/71 kB | 31/308 kB | 0.3/2.3 MB
Progress (4): 63/221 kB | 54/71 kB | 33/308 kB | 0.3/2.3 MB
Progress (4): 63/221 kB | 54/71 kB | 33/308 kB | 0.3/2.3 MB
Progress (4): 63/221 kB | 54/71 kB | 34/308 kB | 0.3/2.3 MB
Progress (4): 63/221 kB | 54/71 kB | 34/308 kB | 0.3/2.3 MB
Progress (4): 63/221 kB | 54/71 kB | 36/308 kB | 0.3/2.3 MB
Progress (4): 63/221 kB | 54/71 kB | 36/308 kB | 0.3/2.3 MB
Progress (4): 63/221 kB | 54/71 kB | 37/308 kB | 0.3/2.3 MB
Progress (4): 63/221 kB | 54/71 kB | 37/308 kB | 0.4/2.3 MB
Progress (4): 63/221 kB | 54/71 kB | 38/308 kB | 0.4/2.3 MB
Progress (4): 63/221 kB | 54/71 kB | 38/308 kB | 0.4/2.3 MB
Progress (4): 63/221 kB | 54/71 kB | 40/308 kB | 0.4/2.3 MB
Progress (4): 63/221 kB | 54/71 kB | 40/308 kB | 0.4/2.3 MB
Progress (4): 63/221 kB | 54/71 kB | 41/308 kB | 0.4/2.3 MB
Progress (4): 63/221 kB | 54/71 kB | 41/308 kB | 0.4/2.3 MB
Progress (4): 63/221 kB | 54/71 kB | 42/308 kB | 0.4/2.3 MB
Progress (4): 63/221 kB | 54/71 kB | 42/308 kB | 0.4/2.3 MB
Progress (4): 63/221 kB | 56/71 kB | 42/308 kB | 0.4/2.3 MB
Progress (4): 63/221 kB | 56/71 kB | 42/308 kB | 0.4/2.3 MB
Progress (4): 63/221 kB | 56/71 kB | 42/308 kB | 0.5/2.3 MB
Progress (4): 63/221 kB | 56/71 kB | 42/308 kB | 0.5/2.3 MB
Progress (4): 63/221 kB | 60/71 kB | 42/308 kB | 0.5/2.3 MB
Progress (4): 63/221 kB | 60/71 kB | 42/308 kB | 0.5/2.3 MB
Progress (4): 63/221 kB | 60/71 kB | 42/308 kB | 0.5/2.3 MB
Progress (4): 63/221 kB | 60/71 kB | 44/308 kB | 0.5/2.3 MB
Progress (4): 63/221 kB | 60/71 kB | 45/308 kB | 0.5/2.3 MB
Progress (4): 63/221 kB | 60/71 kB | 45/308 kB | 0.5/2.3 MB
Progress (4): 63/221 kB | 60/71 kB | 47/308 kB | 0.5/2.3 MB
Progress (4): 63/221 kB | 60/71 kB | 47/308 kB | 0.5/2.3 MB
Progress (4): 63/221 kB | 60/71 kB | 48/308 kB | 0.5/2.3 MB
Progress (4): 63/221 kB | 60/71 kB | 48/308 kB | 0.6/2.3 MB
Progress (4): 63/221 kB | 60/71 kB | 48/308 kB | 0.6/2.3 MB
Progress (4): 63/221 kB | 60/71 kB | 49/308 kB | 0.6/2.3 MB
Progress (4): 63/221 kB | 60/71 kB | 49/308 kB | 0.6/2.3 MB
Progress (4): 63/221 kB | 60/71 kB | 51/308 kB | 0.6/2.3 MB
Progress (4): 63/221 kB | 60/71 kB | 51/308 kB | 0.6/2.3 MB
Progress (4): 63/221 kB | 60/71 kB | 51/308 kB | 0.6/2.3 MB
Progress (4): 63/221 kB | 60/71 kB | 52/308 kB | 0.6/2.3 MB
Progress (4): 63/221 kB | 60/71 kB | 53/308 kB | 0.6/2.3 MB
Progress (4): 63/221 kB | 60/71 kB | 53/308 kB | 0.6/2.3 MB
Progress (4): 63/221 kB | 60/71 kB | 55/308 kB | 0.6/2.3 MB
Progress (4): 63/221 kB | 60/71 kB | 55/308 kB | 0.7/2.3 MB
Progress (4): 63/221 kB | 60/71 kB | 55/308 kB | 0.7/2.3 MB
Progress (4): 63/221 kB | 60/71 kB | 59/308 kB | 0.7/2.3 MB
Progress (4): 63/221 kB | 60/71 kB | 59/308 kB | 0.7/2.3 MB
Progress (4): 63/221 kB | 60/71 kB | 59/308 kB | 0.7/2.3 MB
Progress (4): 63/221 kB | 60/71 kB | 63/308 kB | 0.7/2.3 MB
Progress (4): 63/221 kB | 60/71 kB | 63/308 kB | 0.7/2.3 MB
Progress (4): 63/221 kB | 60/71 kB | 63/308 kB | 0.7/2.3 MB
Progress (4): 63/221 kB | 60/71 kB | 63/308 kB | 0.8/2.3 MB
Progress (4): 63/221 kB | 60/71 kB | 63/308 kB | 0.8/2.3 MB
Progress (4): 63/221 kB | 60/71 kB | 63/308 kB | 0.8/2.3 MB
Progress (4): 63/221 kB | 60/71 kB | 63/308 kB | 0.8/2.3 MB
Progress (4): 63/221 kB | 60/71 kB | 63/308 kB | 0.8/2.3 MB
Progress (4): 63/221 kB | 60/71 kB | 63/308 kB | 0.8/2.3 MB
Progress (4): 63/221 kB | 60/71 kB | 63/308 kB | 0.9/2.3 MB
Progress (4): 63/221 kB | 60/71 kB | 63/308 kB | 0.9/2.3 MB
Progress (4): 63/221 kB | 60/71 kB | 63/308 kB | 0.9/2.3 MB
Progress (4): 63/221 kB | 60/71 kB | 63/308 kB | 0.9/2.3 MB
Progress (4): 63/221 kB | 60/71 kB | 63/308 kB | 0.9/2.3 MB
Progress (4): 63/221 kB | 60/71 kB | 63/308 kB | 0.9/2.3 MB
Progress (4): 63/221 kB | 60/71 kB | 63/308 kB | 0.9/2.3 MB
Progress (4): 63/221 kB | 60/71 kB | 63/308 kB | 1.0/2.3 MB
Progress (4): 63/221 kB | 60/71 kB | 63/308 kB | 1.0/2.3 MB
Progress (4): 63/221 kB | 60/71 kB | 63/308 kB | 1.0/2.3 MB
Progress (4): 63/221 kB | 60/71 kB | 63/308 kB | 1.0/2.3 MB
Progress (4): 63/221 kB | 60/71 kB | 63/308 kB | 1.0/2.3 MB
Progress (4): 63/221 kB | 60/71 kB | 63/308 kB | 1.0/2.3 MB
Progress (4): 63/221 kB | 60/71 kB | 63/308 kB | 1.1/2.3 MB
Progress (4): 63/221 kB | 60/71 kB | 63/308 kB | 1.1/2.3 MB
Progress (4): 63/221 kB | 60/71 kB | 63/308 kB | 1.1/2.3 MB
Progress (4): 63/221 kB | 60/71 kB | 63/308 kB | 1.1/2.3 MB
Progress (4): 63/221 kB | 60/71 kB | 63/308 kB | 1.1/2.3 MB
Progress (4): 63/221 kB | 60/71 kB | 63/308 kB | 1.1/2.3 MB
Progress (4): 63/221 kB | 60/71 kB | 63/308 kB | 1.2/2.3 MB
Progress (4): 63/221 kB | 60/71 kB | 63/308 kB | 1.2/2.3 MB
Progress (4): 63/221 kB | 60/71 kB | 63/308 kB | 1.2/2.3 MB
Progress (4): 63/221 kB | 60/71 kB | 63/308 kB | 1.2/2.3 MB
Progress (4): 63/221 kB | 60/71 kB | 63/308 kB | 1.2/2.3 MB
Progress (4): 63/221 kB | 60/71 kB | 63/308 kB | 1.2/2.3 MB
Progress (5): 63/221 kB | 60/71 kB | 63/308 kB | 1.2/2.3 MB | 0.9/180 kB
Progress (5): 63/221 kB | 60/71 kB | 63/308 kB | 1.3/2.3 MB | 0.9/180 kB
Progress (5): 63/221 kB | 60/71 kB | 63/308 kB | 1.3/2.3 MB | 0.9/180 kB
Progress (5): 63/221 kB | 60/71 kB | 63/308 kB | 1.3/2.3 MB | 0.9/180 kB
Progress (5): 63/221 kB | 60/71 kB | 63/308 kB | 1.3/2.3 MB | 2.3/180 kB
Progress (5): 63/221 kB | 60/71 kB | 63/308 kB | 1.3/2.3 MB | 2.3/180 kB
Progress (5): 63/221 kB | 60/71 kB | 63/308 kB | 1.3/2.3 MB | 2.3/180 kB
Progress (5): 63/221 kB | 60/71 kB | 63/308 kB | 1.3/2.3 MB | 2.3/180 kB
Progress (5): 63/221 kB | 60/71 kB | 63/308 kB | 1.4/2.3 MB | 2.3/180 kB
Progress (5): 63/221 kB | 60/71 kB | 63/308 kB | 1.4/2.3 MB | 3.7/180 kB
Progress (5): 63/221 kB | 60/71 kB | 63/308 kB | 1.4/2.3 MB | 3.7/180 kB
Progress (5): 63/221 kB | 60/71 kB | 63/308 kB | 1.4/2.3 MB | 3.7/180 kB
Progress (5): 63/221 kB | 60/71 kB | 63/308 kB | 1.4/2.3 MB | 3.7/180 kB
Progress (5): 63/221 kB | 60/71 kB | 63/308 kB | 1.4/2.3 MB | 3.7/180 kB
Progress (5): 63/221 kB | 60/71 kB | 63/308 kB | 1.4/2.3 MB | 3.7/180 kB
Progress (5): 63/221 kB | 60/71 kB | 63/308 kB | 1.5/2.3 MB | 3.7/180 kB
Progress (5): 63/221 kB | 60/71 kB | 63/308 kB | 1.5/2.3 MB | 3.7/180 kB
Progress (5): 63/221 kB | 60/71 kB | 63/308 kB | 1.5/2.3 MB | 3.7/180 kB
Progress (5): 63/221 kB | 60/71 kB | 63/308 kB | 1.5/2.3 MB | 3.7/180 kB
Progress (5): 63/221 kB | 60/71 kB | 63/308 kB | 1.5/2.3 MB | 5.0/180 kB
Progress (5): 63/221 kB | 60/71 kB | 63/308 kB | 1.5/2.3 MB | 5.0/180 kB
Progress (5): 63/221 kB | 60/71 kB | 63/308 kB | 1.5/2.3 MB | 5.0/180 kB
Progress (5): 63/221 kB | 60/71 kB | 63/308 kB | 1.6/2.3 MB | 5.0/180 kB
Progress (5): 63/221 kB | 60/71 kB | 63/308 kB | 1.6/2.3 MB | 5.0/180 kB
Progress (5): 63/221 kB | 60/71 kB | 63/308 kB | 1.6/2.3 MB | 6.4/180 kB
Progress (5): 63/221 kB | 60/71 kB | 63/308 kB | 1.6/2.3 MB | 6.4/180 kB
Progress (5): 63/221 kB | 60/71 kB | 63/308 kB | 1.6/2.3 MB | 6.4/180 kB
Progress (5): 63/221 kB | 60/71 kB | 63/308 kB | 1.6/2.3 MB | 6.4/180 kB
Progress (5): 63/221 kB | 60/71 kB | 63/308 kB | 1.6/2.3 MB | 6.4/180 kB
Progress (5): 63/221 kB | 60/71 kB | 63/308 kB | 1.7/2.3 MB | 6.4/180 kB
Progress (5): 63/221 kB | 60/71 kB | 63/308 kB | 1.7/2.3 MB | 7.8/180 kB
Progress (5): 63/221 kB | 60/71 kB | 63/308 kB | 1.7/2.3 MB | 7.8/180 kB
Progress (5): 63/221 kB | 60/71 kB | 63/308 kB | 1.7/2.3 MB | 7.8/180 kB
Progress (5): 63/221 kB | 60/71 kB | 63/308 kB | 1.7/2.3 MB | 7.8/180 kB
Progress (5): 63/221 kB | 60/71 kB | 63/308 kB | 1.7/2.3 MB | 8.2/180 kB
Progress (5): 63/221 kB | 60/71 kB | 63/308 kB | 1.7/2.3 MB | 8.2/180 kB
Progress (5): 63/221 kB | 60/71 kB | 63/308 kB | 1.7/2.3 MB | 9.6/180 kB
Progress (5): 63/221 kB | 60/71 kB | 63/308 kB | 1.7/2.3 MB | 9.6/180 kB
Progress (5): 63/221 kB | 60/71 kB | 63/308 kB | 1.7/2.3 MB | 11/180 kB 
Progress (5): 63/221 kB | 60/71 kB | 63/308 kB | 1.7/2.3 MB | 12/180 kB
Progress (5): 63/221 kB | 60/71 kB | 63/308 kB | 1.7/2.3 MB | 14/180 kB
Progress (5): 63/221 kB | 60/71 kB | 63/308 kB | 1.8/2.3 MB | 14/180 kB
Progress (5): 63/221 kB | 60/71 kB | 63/308 kB | 1.8/2.3 MB | 15/180 kB
Progress (5): 63/221 kB | 60/71 kB | 63/308 kB | 1.8/2.3 MB | 16/180 kB
Progress (5): 63/221 kB | 60/71 kB | 63/308 kB | 1.8/2.3 MB | 16/180 kB
Progress (5): 63/221 kB | 60/71 kB | 63/308 kB | 1.8/2.3 MB | 18/180 kB
Progress (5): 63/221 kB | 60/71 kB | 63/308 kB | 1.8/2.3 MB | 19/180 kB
Progress (5): 63/221 kB | 60/71 kB | 63/308 kB | 1.8/2.3 MB | 21/180 kB
Progress (5): 63/221 kB | 60/71 kB | 63/308 kB | 1.8/2.3 MB | 21/180 kB
Progress (5): 63/221 kB | 60/71 kB | 63/308 kB | 1.8/2.3 MB | 22/180 kB
Progress (5): 63/221 kB | 60/71 kB | 63/308 kB | 1.8/2.3 MB | 23/180 kB
Progress (5): 63/221 kB | 60/71 kB | 63/308 kB | 1.8/2.3 MB | 23/180 kB
Progress (5): 63/221 kB | 60/71 kB | 63/308 kB | 1.8/2.3 MB | 25/180 kB
Progress (5): 63/221 kB | 60/71 kB | 63/308 kB | 1.8/2.3 MB | 26/180 kB
Progress (5): 63/221 kB | 60/71 kB | 63/308 kB | 1.8/2.3 MB | 26/180 kB
Progress (5): 63/221 kB | 60/71 kB | 63/308 kB | 1.8/2.3 MB | 27/180 kB
Progress (5): 63/221 kB | 60/71 kB | 63/308 kB | 1.8/2.3 MB | 29/180 kB
Progress (5): 63/221 kB | 60/71 kB | 63/308 kB | 1.8/2.3 MB | 30/180 kB
Progress (5): 63/221 kB | 60/71 kB | 63/308 kB | 1.8/2.3 MB | 30/180 kB
Progress (5): 63/221 kB | 60/71 kB | 63/308 kB | 1.8/2.3 MB | 31/180 kB
Progress (5): 63/221 kB | 60/71 kB | 63/308 kB | 1.9/2.3 MB | 31/180 kB
Progress (5): 63/221 kB | 60/71 kB | 63/308 kB | 1.9/2.3 MB | 33/180 kB
Progress (5): 63/221 kB | 60/71 kB | 63/308 kB | 1.9/2.3 MB | 33/180 kB
Progress (5): 63/221 kB | 60/71 kB | 63/308 kB | 1.9/2.3 MB | 34/180 kB
Progress (5): 63/221 kB | 60/71 kB | 63/308 kB | 1.9/2.3 MB | 36/180 kB
Progress (5): 63/221 kB | 60/71 kB | 63/308 kB | 1.9/2.3 MB | 36/180 kB
Progress (5): 63/221 kB | 60/71 kB | 63/308 kB | 1.9/2.3 MB | 37/180 kB
Progress (5): 63/221 kB | 60/71 kB | 63/308 kB | 1.9/2.3 MB | 38/180 kB
Progress (5): 63/221 kB | 60/71 kB | 63/308 kB | 1.9/2.3 MB | 38/180 kB
Progress (5): 63/221 kB | 60/71 kB | 63/308 kB | 1.9/2.3 MB | 40/180 kB
Progress (5): 63/221 kB | 60/71 kB | 63/308 kB | 1.9/2.3 MB | 41/180 kB
Progress (5): 63/221 kB | 60/71 kB | 63/308 kB | 1.9/2.3 MB | 41/180 kB
Progress (5): 63/221 kB | 60/71 kB | 63/308 kB | 1.9/2.3 MB | 42/180 kB
Progress (5): 63/221 kB | 60/71 kB | 63/308 kB | 1.9/2.3 MB | 44/180 kB
Progress (5): 63/221 kB | 60/71 kB | 63/308 kB | 1.9/2.3 MB | 45/180 kB
Progress (5): 63/221 kB | 60/71 kB | 63/308 kB | 1.9/2.3 MB | 45/180 kB
Progress (5): 63/221 kB | 60/71 kB | 63/308 kB | 1.9/2.3 MB | 47/180 kB
Progress (5): 63/221 kB | 60/71 kB | 63/308 kB | 1.9/2.3 MB | 48/180 kB
Progress (5): 63/221 kB | 60/71 kB | 63/308 kB | 1.9/2.3 MB | 49/180 kB
Progress (5): 63/221 kB | 60/71 kB | 63/308 kB | 1.9/2.3 MB | 49/180 kB
Progress (5): 63/221 kB | 60/71 kB | 63/308 kB | 1.9/2.3 MB | 51/180 kB
Progress (5): 63/221 kB | 60/71 kB | 63/308 kB | 1.9/2.3 MB | 52/180 kB
Progress (5): 63/221 kB | 60/71 kB | 63/308 kB | 1.9/2.3 MB | 53/180 kB
Progress (5): 63/221 kB | 60/71 kB | 63/308 kB | 2.0/2.3 MB | 53/180 kB
Progress (5): 63/221 kB | 60/71 kB | 63/308 kB | 2.0/2.3 MB | 55/180 kB
Progress (5): 63/221 kB | 60/71 kB | 63/308 kB | 2.0/2.3 MB | 59/180 kB
Progress (5): 63/221 kB | 60/71 kB | 63/308 kB | 2.0/2.3 MB | 63/180 kB
Progress (5): 63/221 kB | 60/71 kB | 63/308 kB | 2.0/2.3 MB | 63/180 kB
Progress (5): 63/221 kB | 60/71 kB | 63/308 kB | 2.0/2.3 MB | 63/180 kB
Progress (5): 63/221 kB | 60/71 kB | 63/308 kB | 2.0/2.3 MB | 63/180 kB
Progress (5): 67/221 kB | 60/71 kB | 63/308 kB | 2.0/2.3 MB | 63/180 kB
Progress (5): 67/221 kB | 60/71 kB | 63/308 kB | 2.0/2.3 MB | 63/180 kB
Progress (5): 72/221 kB | 60/71 kB | 63/308 kB | 2.0/2.3 MB | 63/180 kB
Progress (5): 72/221 kB | 60/71 kB | 63/308 kB | 2.0/2.3 MB | 63/180 kB
Progress (5): 76/221 kB | 60/71 kB | 63/308 kB | 2.0/2.3 MB | 63/180 kB
Progress (5): 76/221 kB | 60/71 kB | 63/308 kB | 2.1/2.3 MB | 63/180 kB
Progress (5): 76/221 kB | 60/71 kB | 63/308 kB | 2.1/2.3 MB | 63/180 kB
Progress (5): 80/221 kB | 60/71 kB | 63/308 kB | 2.1/2.3 MB | 63/180 kB
Progress (5): 84/221 kB | 60/71 kB | 63/308 kB | 2.1/2.3 MB | 63/180 kB
Progress (5): 84/221 kB | 60/71 kB | 63/308 kB | 2.1/2.3 MB | 63/180 kB
Progress (5): 89/221 kB | 60/71 kB | 63/308 kB | 2.1/2.3 MB | 63/180 kB
Progress (5): 93/221 kB | 60/71 kB | 63/308 kB | 2.1/2.3 MB | 63/180 kB
Progress (5): 97/221 kB | 60/71 kB | 63/308 kB | 2.1/2.3 MB | 63/180 kB
Progress (5): 97/221 kB | 60/71 kB | 63/308 kB | 2.1/2.3 MB | 63/180 kB
Progress (5): 97/221 kB | 60/71 kB | 63/308 kB | 2.1/2.3 MB | 63/180 kB
Progress (5): 97/221 kB | 60/71 kB | 63/308 kB | 2.1/2.3 MB | 63/180 kB
Progress (5): 97/221 kB | 60/71 kB | 63/308 kB | 2.2/2.3 MB | 63/180 kB
Progress (5): 97/221 kB | 60/71 kB | 63/308 kB | 2.2/2.3 MB | 63/180 kB
Progress (5): 97/221 kB | 60/71 kB | 63/308 kB | 2.2/2.3 MB | 63/180 kB
Progress (5): 97/221 kB | 60/71 kB | 63/308 kB | 2.2/2.3 MB | 63/180 kB
Progress (5): 97/221 kB | 60/71 kB | 63/308 kB | 2.2/2.3 MB | 63/180 kB
Progress (5): 97/221 kB | 60/71 kB | 63/308 kB | 2.2/2.3 MB | 63/180 kB
Progress (5): 97/221 kB | 60/71 kB | 63/308 kB | 2.3/2.3 MB | 63/180 kB
Progress (5): 97/221 kB | 60/71 kB | 63/308 kB | 2.3/2.3 MB | 63/180 kB
Progress (5): 97/221 kB | 60/71 kB | 63/308 kB | 2.3/2.3 MB | 63/180 kB
Progress (5): 101/221 kB | 60/71 kB | 63/308 kB | 2.3/2.3 MB | 63/180 kB
Progress (5): 101/221 kB | 60/71 kB | 63/308 kB | 2.3 MB | 63/180 kB    
Progress (5): 101/221 kB | 64/71 kB | 63/308 kB | 2.3 MB | 63/180 kB
Progress (5): 105/221 kB | 64/71 kB | 63/308 kB | 2.3 MB | 63/180 kB
Progress (5): 105/221 kB | 64/71 kB | 67/308 kB | 2.3 MB | 63/180 kB
Progress (5): 110/221 kB | 64/71 kB | 67/308 kB | 2.3 MB | 63/180 kB
Progress (5): 114/221 kB | 64/71 kB | 67/308 kB | 2.3 MB | 63/180 kB
Progress (5): 114/221 kB | 68/71 kB | 67/308 kB | 2.3 MB | 63/180 kB
Progress (5): 114/221 kB | 68/71 kB | 72/308 kB | 2.3 MB | 63/180 kB
Progress (5): 114/221 kB | 71 kB | 72/308 kB | 2.3 MB | 63/180 kB   
Progress (5): 118/221 kB | 71 kB | 72/308 kB | 2.3 MB | 63/180 kB
Progress (5): 118/221 kB | 71 kB | 76/308 kB | 2.3 MB | 63/180 kB
Progress (5): 122/221 kB | 71 kB | 76/308 kB | 2.3 MB | 63/180 kB
Progress (5): 127/221 kB | 71 kB | 76/308 kB | 2.3 MB | 63/180 kB
Progress (5): 131/221 kB | 71 kB | 76/308 kB | 2.3 MB | 63/180 kB
Progress (5): 131/221 kB | 71 kB | 80/308 kB | 2.3 MB | 63/180 kB
Progress (5): 131/221 kB | 71 kB | 80/308 kB | 2.3 MB | 63/180 kB
Progress (5): 135/221 kB | 71 kB | 80/308 kB | 2.3 MB | 63/180 kB
Progress (5): 135/221 kB | 71 kB | 84/308 kB | 2.3 MB | 63/180 kB
Progress (5): 140/221 kB | 71 kB | 84/308 kB | 2.3 MB | 63/180 kB
Progress (5): 144/221 kB | 71 kB | 84/308 kB | 2.3 MB | 63/180 kB
Progress (5): 148/221 kB | 71 kB | 84/308 kB | 2.3 MB | 63/180 kB
Progress (5): 152/221 kB | 71 kB | 84/308 kB | 2.3 MB | 63/180 kB
Progress (5): 156/221 kB | 71 kB | 84/308 kB | 2.3 MB | 63/180 kB
Progress (5): 161/221 kB | 71 kB | 84/308 kB | 2.3 MB | 63/180 kB
Progress (5): 165/221 kB | 71 kB | 84/308 kB | 2.3 MB | 63/180 kB
Progress (5): 169/221 kB | 71 kB | 84/308 kB | 2.3 MB | 63/180 kB
Progress (5): 173/221 kB | 71 kB | 84/308 kB | 2.3 MB | 63/180 kB
Progress (5): 178/221 kB | 71 kB | 84/308 kB | 2.3 MB | 63/180 kB
Progress (5): 182/221 kB | 71 kB | 84/308 kB | 2.3 MB | 63/180 kB
Progress (5): 186/221 kB | 71 kB | 84/308 kB | 2.3 MB | 63/180 kB
Progress (5): 190/221 kB | 71 kB | 84/308 kB | 2.3 MB | 63/180 kB
Progress (5): 195/221 kB | 71 kB | 84/308 kB | 2.3 MB | 63/180 kB
Progress (5): 195/221 kB | 71 kB | 89/308 kB | 2.3 MB | 63/180 kB
Progress (5): 195/221 kB | 71 kB | 93/308 kB | 2.3 MB | 63/180 kB
Progress (5): 199/221 kB | 71 kB | 93/308 kB | 2.3 MB | 63/180 kB
Progress (5): 203/221 kB | 71 kB | 93/308 kB | 2.3 MB | 63/180 kB
Progress (5): 203/221 kB | 71 kB | 97/308 kB | 2.3 MB | 63/180 kB
Progress (5): 203/221 kB | 71 kB | 98/308 kB | 2.3 MB | 63/180 kB
Progress (5): 207/221 kB | 71 kB | 98/308 kB | 2.3 MB | 63/180 kB
Progress (5): 211/221 kB | 71 kB | 98/308 kB | 2.3 MB | 63/180 kB
Progress (5): 211/221 kB | 71 kB | 103/308 kB | 2.3 MB | 63/180 kB
Progress (5): 216/221 kB | 71 kB | 103/308 kB | 2.3 MB | 63/180 kB
Progress (5): 216/221 kB | 71 kB | 107/308 kB | 2.3 MB | 63/180 kB
Progress (5): 220/221 kB | 71 kB | 107/308 kB | 2.3 MB | 63/180 kB
Progress (5): 221 kB | 71 kB | 107/308 kB | 2.3 MB | 63/180 kB    
Progress (5): 221 kB | 71 kB | 111/308 kB | 2.3 MB | 63/180 kB
Progress (5): 221 kB | 71 kB | 115/308 kB | 2.3 MB | 63/180 kB
Progress (5): 221 kB | 71 kB | 119/308 kB | 2.3 MB | 63/180 kB
Progress (5): 221 kB | 71 kB | 124/308 kB | 2.3 MB | 63/180 kB
Progress (5): 221 kB | 71 kB | 128/308 kB | 2.3 MB | 63/180 kB
Progress (5): 221 kB | 71 kB | 132/308 kB | 2.3 MB | 63/180 kB
Progress (5): 221 kB | 71 kB | 136/308 kB | 2.3 MB | 63/180 kB
Progress (5): 221 kB | 71 kB | 141/308 kB | 2.3 MB | 63/180 kB
Progress (5): 221 kB | 71 kB | 145/308 kB | 2.3 MB | 63/180 kB
Progress (5): 221 kB | 71 kB | 149/308 kB | 2.3 MB | 63/180 kB
Progress (5): 221 kB | 71 kB | 153/308 kB | 2.3 MB | 63/180 kB
Progress (5): 221 kB | 71 kB | 158/308 kB | 2.3 MB | 63/180 kB
Progress (5): 221 kB | 71 kB | 162/308 kB | 2.3 MB | 63/180 kB
Progress (5): 221 kB | 71 kB | 164/308 kB | 2.3 MB | 63/180 kB
Progress (5): 221 kB | 71 kB | 168/308 kB | 2.3 MB | 63/180 kB
Progress (5): 221 kB | 71 kB | 172/308 kB | 2.3 MB | 63/180 kB
                                                              
Downloaded from central: https://repo1.maven.org/maven2/commons-logging/commons-logging/1.3.0/commons-logging-1.3.0.jar (71 kB at 383 kB/s)
Downloading from central: https://repo1.maven.org/maven2/org/apache/ant/ant-launcher/1.10.14/ant-launcher-1.10.14.jar
Progress (4): 221 kB | 177/308 kB | 2.3 MB | 63/180 kB
Progress (4): 221 kB | 181/308 kB | 2.3 MB | 63/180 kB
Progress (4): 221 kB | 185/308 kB | 2.3 MB | 63/180 kB
Progress (4): 221 kB | 189/308 kB | 2.3 MB | 63/180 kB
Progress (4): 221 kB | 193/308 kB | 2.3 MB | 63/180 kB
Progress (4): 221 kB | 198/308 kB | 2.3 MB | 63/180 kB
Progress (4): 221 kB | 202/308 kB | 2.3 MB | 63/180 kB
Progress (4): 221 kB | 206/308 kB | 2.3 MB | 63/180 kB
Progress (4): 221 kB | 210/308 kB | 2.3 MB | 63/180 kB
Progress (4): 221 kB | 215/308 kB | 2.3 MB | 63/180 kB
Progress (4): 221 kB | 219/308 kB | 2.3 MB | 63/180 kB
Progress (4): 221 kB | 219/308 kB | 2.3 MB | 67/180 kB
Progress (4): 221 kB | 219/308 kB | 2.3 MB | 72/180 kB
Progress (4): 221 kB | 235/308 kB | 2.3 MB | 72/180 kB
Progress (4): 221 kB | 235/308 kB | 2.3 MB | 76/180 kB
Progress (4): 221 kB | 235/308 kB | 2.3 MB | 80/180 kB
Progress (4): 221 kB | 235/308 kB | 2.3 MB | 84/180 kB
Progress (4): 221 kB | 235/308 kB | 2.3 MB | 89/180 kB
Progress (4): 221 kB | 235/308 kB | 2.3 MB | 93/180 kB
Progress (4): 221 kB | 235/308 kB | 2.3 MB | 97/180 kB
Progress (4): 221 kB | 252/308 kB | 2.3 MB | 97/180 kB
Progress (4): 221 kB | 252/308 kB | 2.3 MB | 101/180 kB
Progress (4): 221 kB | 252/308 kB | 2.3 MB | 105/180 kB
Progress (4): 221 kB | 252/308 kB | 2.3 MB | 110/180 kB
Progress (4): 221 kB | 252/308 kB | 2.3 MB | 114/180 kB
Progress (4): 221 kB | 252/308 kB | 2.3 MB | 118/180 kB
Progress (4): 221 kB | 268/308 kB | 2.3 MB | 118/180 kB
Progress (4): 221 kB | 268/308 kB | 2.3 MB | 122/180 kB
Progress (4): 221 kB | 268/308 kB | 2.3 MB | 123/180 kB
Progress (4): 221 kB | 268/308 kB | 2.3 MB | 127/180 kB
Progress (4): 221 kB | 268/308 kB | 2.3 MB | 131/180 kB
Progress (4): 221 kB | 268/308 kB | 2.3 MB | 136/180 kB
Progress (4): 221 kB | 284/308 kB | 2.3 MB | 136/180 kB
Progress (4): 221 kB | 295/308 kB | 2.3 MB | 136/180 kB
Progress (4): 221 kB | 301/308 kB | 2.3 MB | 136/180 kB
Progress (4): 221 kB | 308 kB | 2.3 MB | 136/180 kB    
                                                   
Downloaded from central: https://repo1.maven.org/maven2/xml-apis/xml-apis/1.4.01/xml-apis-1.4.01.jar (221 kB at 1.1 MB/s)
Downloading from central: https://repo1.maven.org/maven2/org/apache/pdfbox/fontbox/3.0.3/fontbox-3.0.3.jar
Progress (3): 308 kB | 2.3 MB | 140/180 kB
Progress (3): 308 kB | 2.3 MB | 144/180 kB
Progress (3): 308 kB | 2.3 MB | 148/180 kB
Progress (3): 308 kB | 2.3 MB | 152/180 kB
Progress (3): 308 kB | 2.3 MB | 157/180 kB
Progress (3): 308 kB | 2.3 MB | 161/180 kB
Progress (3): 308 kB | 2.3 MB | 165/180 kB
Progress (3): 308 kB | 2.3 MB | 169/180 kB
Progress (3): 308 kB | 2.3 MB | 174/180 kB
Progress (3): 308 kB | 2.3 MB | 178/180 kB
Progress (3): 308 kB | 2.3 MB | 180 kB    
                                      
Downloaded from central: https://repo1.maven.org/maven2/org/apache/ant/ant/1.10.14/ant-1.10.14.jar (2.3 MB at 11 MB/s)
Downloading from central: https://repo1.maven.org/maven2/org/apache/pdfbox/pdfbox-io/3.0.3/pdfbox-io-3.0.3.jar
Downloaded from central: https://repo1.maven.org/maven2/jakarta/servlet/jakarta.servlet-api/5.0.0/jakarta.servlet-api-5.0.0.jar (308 kB at 1.5 MB/s)
Downloading from central: https://repo1.maven.org/maven2/javax/media/jai-core/1.1.3/jai-core-1.1.3.jar
Downloaded from central: https://repo1.maven.org/maven2/com/thoughtworks/qdox/qdox/1.12/qdox-1.12.jar (180 kB at 836 kB/s)
Downloading from central: https://repo1.maven.org/maven2/org/bouncycastle/bcpkix-jdk15to18/1.81/bcpkix-jdk15to18-1.81.jar
Progress (1): 7.7/19 kB
Progress (1): 16/19 kB 
Progress (1): 19 kB   
Progress (2): 19 kB | 0/1.6 MB
Progress (2): 19 kB | 0/1.6 MB
Progress (2): 19 kB | 0/1.6 MB
Progress (2): 19 kB | 0/1.6 MB
Progress (2): 19 kB | 0.1/1.6 MB
Progress (2): 19 kB | 0.1/1.6 MB
Progress (2): 19 kB | 0.1/1.6 MB
Progress (2): 19 kB | 0.1/1.6 MB
Progress (2): 19 kB | 0.1/1.6 MB
                                
Downloading from central: https://repo1.maven.org/maven2/org/bouncycastle/bcutil-jdk15to18/1.81/bcutil-jdk15to18-1.81.jar
Progress (2): 19 kB | 0.1/1.6 MB
Progress (2): 19 kB | 0.2/1.6 MB
Progress (2): 19 kB | 0.2/1.6 MB
Progress (2): 19 kB | 0.2/1.6 MB
Progress (2): 19 kB | 0.2/1.6 MB
Progress (2): 19 kB | 0.2/1.6 MB
Progress (2): 19 kB | 0.2/1.6 MB
Progress (2): 19 kB | 0.2/1.6 MB
Progress (2): 19 kB | 0.3/1.6 MB
Progress (2): 19 kB | 0.3/1.6 MB
Progress (2): 19 kB | 0.3/1.6 MB
Progress (2): 19 kB | 0.3/1.6 MB
Progress (2): 19 kB | 0.3/1.6 MB
Progress (2): 19 kB | 0.3/1.6 MB
Progress (3): 19 kB | 0.3/1.6 MB | 3.8/48 kB
Progress (3): 19 kB | 0.3/1.6 MB | 8.0/48 kB
Progress (3): 19 kB | 0.3/1.6 MB | 12/48 kB 
Progress (3): 19 kB | 0.3/1.6 MB | 16/48 kB
Progress (3): 19 kB | 0.3/1.6 MB | 21/48 kB
Progress (3): 19 kB | 0.3/1.6 MB | 25/48 kB
Progress (3): 19 kB | 0.3/1.6 MB | 29/48 kB
Progress (3): 19 kB | 0.3/1.6 MB | 33/48 kB
Progress (3): 19 kB | 0.3/1.6 MB | 37/48 kB
Progress (3): 19 kB | 0.3/1.6 MB | 48 kB   
Progress (3): 19 kB | 0.4/1.6 MB | 48 kB
Progress (3): 19 kB | 0.4/1.6 MB | 48 kB
Progress (3): 19 kB | 0.4/1.6 MB | 48 kB
Progress (3): 19 kB | 0.4/1.6 MB | 48 kB
Progress (3): 19 kB | 0.4/1.6 MB | 48 kB
Progress (3): 19 kB | 0.4/1.6 MB | 48 kB
Progress (3): 19 kB | 0.5/1.6 MB | 48 kB
Progress (3): 19 kB | 0.5/1.6 MB | 48 kB
Progress (3): 19 kB | 0.5/1.6 MB | 48 kB
Progress (3): 19 kB | 0.5/1.6 MB | 48 kB
                                        
Downloaded from central: https://repo1.maven.org/maven2/org/apache/ant/ant-launcher/1.10.14/ant-launcher-1.10.14.jar (19 kB at 67 kB/s)
Downloading from central: https://repo1.maven.org/maven2/org/bouncycastle/bcprov-jdk15to18/1.81/bcprov-jdk15to18-1.81.jar
Progress (2): 0.5/1.6 MB | 48 kB
Progress (2): 0.5/1.6 MB | 48 kB
Progress (2): 0.6/1.6 MB | 48 kB
Progress (2): 0.6/1.6 MB | 48 kB
Progress (2): 0.6/1.6 MB | 48 kB
Progress (2): 0.6/1.6 MB | 48 kB
Progress (2): 0.6/1.6 MB | 48 kB
Progress (2): 0.6/1.6 MB | 48 kB
Progress (2): 0.7/1.6 MB | 48 kB
Progress (2): 0.7/1.6 MB | 48 kB
Progress (2): 0.7/1.6 MB | 48 kB
Progress (2): 0.7/1.6 MB | 48 kB
Progress (2): 0.7/1.6 MB | 48 kB
Progress (2): 0.7/1.6 MB | 48 kB
Progress (2): 0.8/1.6 MB | 48 kB
Progress (2): 0.8/1.6 MB | 48 kB
Progress (2): 0.8/1.6 MB | 48 kB
Progress (2): 0.8/1.6 MB | 48 kB
                                
Downloaded from central: https://repo1.maven.org/maven2/org/apache/pdfbox/pdfbox-io/3.0.3/pdfbox-io-3.0.3.jar (48 kB at 167 kB/s)
Downloading from central: https://repo1.maven.org/maven2/com/sun/media/jai-codec/1.1.3/jai-codec-1.1.3.jar
Progress (1): 0.8/1.6 MB
Progress (1): 0.8/1.6 MB
Progress (1): 0.9/1.6 MB
Progress (1): 0.9/1.6 MB
Progress (1): 0.9/1.6 MB
Progress (1): 0.9/1.6 MB
Progress (1): 0.9/1.6 MB
Progress (1): 0.9/1.6 MB
Progress (1): 1.0/1.6 MB
Progress (1): 1.0/1.6 MB
Progress (1): 1.0/1.6 MB
Progress (1): 1.0/1.6 MB
Progress (1): 1.0/1.6 MB
Progress (1): 1.0/1.6 MB
Progress (1): 1.0/1.6 MB
Progress (1): 1.1/1.6 MB
Progress (1): 1.1/1.6 MB
Progress (1): 1.1/1.6 MB
Progress (1): 1.1/1.6 MB
Progress (1): 1.1/1.6 MB
Progress (1): 1.1/1.6 MB
Progress (1): 1.2/1.6 MB
Progress (1): 1.2/1.6 MB
Progress (1): 1.2/1.6 MB
Progress (1): 1.2/1.6 MB
Progress (1): 1.2/1.6 MB
Progress (1): 1.2/1.6 MB
Progress (1): 1.3/1.6 MB
Progress (1): 1.3/1.6 MB
Progress (1): 1.3/1.6 MB
Progress (1): 1.3/1.6 MB
Progress (1): 1.3/1.6 MB
Progress (1): 1.3/1.6 MB
Progress (1): 1.4/1.6 MB
Progress (1): 1.4/1.6 MB
Progress (1): 1.4/1.6 MB
Progress (1): 1.4/1.6 MB
Progress (1): 1.4/1.6 MB
Progress (1): 1.4/1.6 MB
Progress (1): 1.4/1.6 MB
Progress (1): 1.5/1.6 MB
Progress (1): 1.5/1.6 MB
Progress (1): 1.5/1.6 MB
Progress (1): 1.5/1.6 MB
Progress (1): 1.5/1.6 MB
Progress (1): 1.5/1.6 MB
Progress (1): 1.6/1.6 MB
Progress (1): 1.6/1.6 MB
Progress (1): 1.6/1.6 MB
Progress (1): 1.6/1.6 MB
Progress (1): 1.6/1.6 MB
Progress (1): 1.6/1.6 MB
Progress (1): 1.6 MB    
                    
Progress (2): 1.6 MB | 4.2/710 kB
Progress (2): 1.6 MB | 8.2/710 kB
Progress (3): 1.6 MB | 8.2/710 kB | 0/7.1 MB
Progress (4): 1.6 MB | 8.2/710 kB | 0/7.1 MB | 0/1.2 MB
Progress (4): 1.6 MB | 8.2/710 kB | 0/7.1 MB | 0/1.2 MB
Progress (4): 1.6 MB | 12/710 kB | 0/7.1 MB | 0/1.2 MB 
Progress (4): 1.6 MB | 17/710 kB | 0/7.1 MB | 0/1.2 MB
Progress (4): 1.6 MB | 21/710 kB | 0/7.1 MB | 0/1.2 MB
Progress (4): 1.6 MB | 21/710 kB | 0/7.1 MB | 0/1.2 MB
Progress (4): 1.6 MB | 21/710 kB | 0/7.1 MB | 0/1.2 MB
Progress (4): 1.6 MB | 21/710 kB | 0/7.1 MB | 0/1.2 MB
Progress (4): 1.6 MB | 25/710 kB | 0/7.1 MB | 0/1.2 MB
Progress (4): 1.6 MB | 25/710 kB | 0/7.1 MB | 0/1.2 MB
Progress (4): 1.6 MB | 25/710 kB | 0/7.1 MB | 0.1/1.2 MB
Progress (4): 1.6 MB | 29/710 kB | 0/7.1 MB | 0.1/1.2 MB
Progress (4): 1.6 MB | 29/710 kB | 0/7.1 MB | 0.1/1.2 MB
Progress (4): 1.6 MB | 29/710 kB | 0/7.1 MB | 0.1/1.2 MB
Progress (4): 1.6 MB | 33/710 kB | 0/7.1 MB | 0.1/1.2 MB
Progress (4): 1.6 MB | 33/710 kB | 0.1/7.1 MB | 0.1/1.2 MB
Progress (4): 1.6 MB | 37/710 kB | 0.1/7.1 MB | 0.1/1.2 MB
Progress (4): 1.6 MB | 41/710 kB | 0.1/7.1 MB | 0.1/1.2 MB
Progress (4): 1.6 MB | 41/710 kB | 0.1/7.1 MB | 0.1/1.2 MB
Progress (4): 1.6 MB | 45/710 kB | 0.1/7.1 MB | 0.1/1.2 MB
Progress (4): 1.6 MB | 45/710 kB | 0.1/7.1 MB | 0.1/1.2 MB
Progress (4): 1.6 MB | 45/710 kB | 0.1/7.1 MB | 0.1/1.2 MB
Progress (4): 1.6 MB | 50/710 kB | 0.1/7.1 MB | 0.1/1.2 MB
Progress (4): 1.6 MB | 50/710 kB | 0.1/7.1 MB | 0.1/1.2 MB
Progress (4): 1.6 MB | 54/710 kB | 0.1/7.1 MB | 0.1/1.2 MB
Progress (4): 1.6 MB | 54/710 kB | 0.1/7.1 MB | 0.1/1.2 MB
Progress (4): 1.6 MB | 58/710 kB | 0.1/7.1 MB | 0.1/1.2 MB
Progress (4): 1.6 MB | 58/710 kB | 0.1/7.1 MB | 0.1/1.2 MB
Progress (4): 1.6 MB | 58/710 kB | 0.1/7.1 MB | 0.1/1.2 MB
Progress (4): 1.6 MB | 62/710 kB | 0.1/7.1 MB | 0.1/1.2 MB
Progress (4): 1.6 MB | 62/710 kB | 0.1/7.1 MB | 0.1/1.2 MB
Progress (4): 1.6 MB | 67/710 kB | 0.1/7.1 MB | 0.1/1.2 MB
Progress (4): 1.6 MB | 67/710 kB | 0.1/7.1 MB | 0.2/1.2 MB
Progress (4): 1.6 MB | 69/710 kB | 0.1/7.1 MB | 0.2/1.2 MB
Progress (4): 1.6 MB | 74/710 kB | 0.1/7.1 MB | 0.2/1.2 MB
Progress (4): 1.6 MB | 74/710 kB | 0.1/7.1 MB | 0.2/1.2 MB
Progress (4): 1.6 MB | 74/710 kB | 0.1/7.1 MB | 0.2/1.2 MB
Progress (4): 1.6 MB | 78/710 kB | 0.1/7.1 MB | 0.2/1.2 MB
Progress (4): 1.6 MB | 78/710 kB | 0.2/7.1 MB | 0.2/1.2 MB
Progress (4): 1.6 MB | 82/710 kB | 0.2/7.1 MB | 0.2/1.2 MB
Progress (4): 1.6 MB | 82/710 kB | 0.2/7.1 MB | 0.2/1.2 MB
Progress (4): 1.6 MB | 86/710 kB | 0.2/7.1 MB | 0.2/1.2 MB
Progress (4): 1.6 MB | 86/710 kB | 0.2/7.1 MB | 0.2/1.2 MB
Progress (4): 1.6 MB | 90/710 kB | 0.2/7.1 MB | 0.2/1.2 MB
Progress (4): 1.6 MB | 95/710 kB | 0.2/7.1 MB | 0.2/1.2 MB
Progress (4): 1.6 MB | 95/710 kB | 0.2/7.1 MB | 0.2/1.2 MB
Progress (4): 1.6 MB | 95/710 kB | 0.2/7.1 MB | 0.2/1.2 MB
Progress (4): 1.6 MB | 98/710 kB | 0.2/7.1 MB | 0.2/1.2 MB
Progress (4): 1.6 MB | 98/710 kB | 0.2/7.1 MB | 0.2/1.2 MB
Progress (4): 1.6 MB | 103/710 kB | 0.2/7.1 MB | 0.2/1.2 MB
Progress (4): 1.6 MB | 103/710 kB | 0.2/7.1 MB | 0.2/1.2 MB
Progress (4): 1.6 MB | 103/710 kB | 0.2/7.1 MB | 0.2/1.2 MB
Progress (4): 1.6 MB | 107/710 kB | 0.2/7.1 MB | 0.2/1.2 MB
Progress (4): 1.6 MB | 111/710 kB | 0.2/7.1 MB | 0.2/1.2 MB
Progress (4): 1.6 MB | 111/710 kB | 0.2/7.1 MB | 0.3/1.2 MB
Progress (4): 1.6 MB | 115/710 kB | 0.2/7.1 MB | 0.3/1.2 MB
Progress (4): 1.6 MB | 119/710 kB | 0.2/7.1 MB | 0.3/1.2 MB
Progress (4): 1.6 MB | 124/710 kB | 0.2/7.1 MB | 0.3/1.2 MB
Progress (4): 1.6 MB | 124/710 kB | 0.2/7.1 MB | 0.3/1.2 MB
Progress (4): 1.6 MB | 128/710 kB | 0.2/7.1 MB | 0.3/1.2 MB
Progress (4): 1.6 MB | 132/710 kB | 0.2/7.1 MB | 0.3/1.2 MB
Progress (4): 1.6 MB | 132/710 kB | 0.2/7.1 MB | 0.3/1.2 MB
Progress (4): 1.6 MB | 136/710 kB | 0.2/7.1 MB | 0.3/1.2 MB
Progress (4): 1.6 MB | 136/710 kB | 0.2/7.1 MB | 0.3/1.2 MB
Progress (4): 1.6 MB | 147/710 kB | 0.2/7.1 MB | 0.3/1.2 MB
Progress (4): 1.6 MB | 147/710 kB | 0.2/7.1 MB | 0.3/1.2 MB
Progress (4): 1.6 MB | 164/710 kB | 0.2/7.1 MB | 0.3/1.2 MB
Progress (4): 1.6 MB | 164/710 kB | 0.2/7.1 MB | 0.3/1.2 MB
Progress (4): 1.6 MB | 180/710 kB | 0.2/7.1 MB | 0.3/1.2 MB
Progress (4): 1.6 MB | 180/710 kB | 0.2/7.1 MB | 0.4/1.2 MB
Progress (4): 1.6 MB | 197/710 kB | 0.2/7.1 MB | 0.4/1.2 MB
Progress (4): 1.6 MB | 197/710 kB | 0.2/7.1 MB | 0.4/1.2 MB
Progress (4): 1.6 MB | 197/710 kB | 0.2/7.1 MB | 0.4/1.2 MB
Progress (4): 1.6 MB | 197/710 kB | 0.2/7.1 MB | 0.4/1.2 MB
Progress (4): 1.6 MB | 197/710 kB | 0.2/7.1 MB | 0.4/1.2 MB
Progress (4): 1.6 MB | 197/710 kB | 0.2/7.1 MB | 0.4/1.2 MB
Progress (4): 1.6 MB | 197/710 kB | 0.2/7.1 MB | 0.5/1.2 MB
Progress (4): 1.6 MB | 213/710 kB | 0.2/7.1 MB | 0.5/1.2 MB
Progress (4): 1.6 MB | 213/710 kB | 0.2/7.1 MB | 0.5/1.2 MB
Progress (4): 1.6 MB | 229/710 kB | 0.2/7.1 MB | 0.5/1.2 MB
Progress (4): 1.6 MB | 229/710 kB | 0.2/7.1 MB | 0.5/1.2 MB
Progress (4): 1.6 MB | 229/710 kB | 0.2/7.1 MB | 0.5/1.2 MB
Progress (4): 1.6 MB | 229/710 kB | 0.2/7.1 MB | 0.5/1.2 MB
Progress (4): 1.6 MB | 246/710 kB | 0.2/7.1 MB | 0.5/1.2 MB
Progress (4): 1.6 MB | 246/710 kB | 0.2/7.1 MB | 0.5/1.2 MB
Progress (4): 1.6 MB | 246/710 kB | 0.2/7.1 MB | 0.6/1.2 MB
Progress (4): 1.6 MB | 246/710 kB | 0.2/7.1 MB | 0.6/1.2 MB
Progress (4): 1.6 MB | 246/710 kB | 0.2/7.1 MB | 0.6/1.2 MB
Progress (4): 1.6 MB | 262/710 kB | 0.2/7.1 MB | 0.6/1.2 MB
Progress (4): 1.6 MB | 262/710 kB | 0.2/7.1 MB | 0.6/1.2 MB
Progress (4): 1.6 MB | 262/710 kB | 0.2/7.1 MB | 0.6/1.2 MB
Progress (4): 1.6 MB | 262/710 kB | 0.2/7.1 MB | 0.6/1.2 MB
Progress (4): 1.6 MB | 262/710 kB | 0.2/7.1 MB | 0.7/1.2 MB
Progress (4): 1.6 MB | 279/710 kB | 0.2/7.1 MB | 0.7/1.2 MB
Progress (4): 1.6 MB | 279/710 kB | 0.2/7.1 MB | 0.7/1.2 MB
Progress (4): 1.6 MB | 279/710 kB | 0.2/7.1 MB | 0.7/1.2 MB
Progress (4): 1.6 MB | 279/710 kB | 0.2/7.1 MB | 0.7/1.2 MB
Progress (4): 1.6 MB | 295/710 kB | 0.2/7.1 MB | 0.7/1.2 MB
Progress (4): 1.6 MB | 295/710 kB | 0.2/7.1 MB | 0.7/1.2 MB
Progress (4): 1.6 MB | 295/710 kB | 0.2/7.1 MB | 0.7/1.2 MB
Progress (4): 1.6 MB | 295/710 kB | 0.2/7.1 MB | 0.8/1.2 MB
Progress (4): 1.6 MB | 295/710 kB | 0.2/7.1 MB | 0.8/1.2 MB
Progress (4): 1.6 MB | 295/710 kB | 0.2/7.1 MB | 0.8/1.2 MB
Progress (4): 1.6 MB | 295/710 kB | 0.2/7.1 MB | 0.8/1.2 MB
Progress (4): 1.6 MB | 311/710 kB | 0.2/7.1 MB | 0.8/1.2 MB
Progress (4): 1.6 MB | 311/710 kB | 0.2/7.1 MB | 0.8/1.2 MB
Progress (4): 1.6 MB | 311/710 kB | 0.2/7.1 MB | 0.8/1.2 MB
Progress (4): 1.6 MB | 311/710 kB | 0.2/7.1 MB | 0.8/1.2 MB
Progress (4): 1.6 MB | 311/710 kB | 0.2/7.1 MB | 0.8/1.2 MB
Progress (4): 1.6 MB | 328/710 kB | 0.2/7.1 MB | 0.8/1.2 MB
Progress (4): 1.6 MB | 328/710 kB | 0.2/7.1 MB | 0.9/1.2 MB
Progress (4): 1.6 MB | 328/710 kB | 0.3/7.1 MB | 0.9/1.2 MB
Progress (4): 1.6 MB | 328/710 kB | 0.3/7.1 MB | 0.9/1.2 MB
Progress (4): 1.6 MB | 328/710 kB | 0.3/7.1 MB | 0.9/1.2 MB
Progress (4): 1.6 MB | 328/710 kB | 0.3/7.1 MB | 0.9/1.2 MB
Progress (4): 1.6 MB | 344/710 kB | 0.3/7.1 MB | 0.9/1.2 MB
Progress (4): 1.6 MB | 344/710 kB | 0.3/7.1 MB | 0.9/1.2 MB
Progress (4): 1.6 MB | 344/710 kB | 0.3/7.1 MB | 0.9/1.2 MB
Progress (4): 1.6 MB | 344/710 kB | 0.3/7.1 MB | 0.9/1.2 MB
Progress (4): 1.6 MB | 344/710 kB | 0.3/7.1 MB | 0.9/1.2 MB
Progress (4): 1.6 MB | 344/710 kB | 0.3/7.1 MB | 0.9/1.2 MB
Progress (4): 1.6 MB | 360/710 kB | 0.3/7.1 MB | 0.9/1.2 MB
Progress (4): 1.6 MB | 360/710 kB | 0.3/7.1 MB | 1.0/1.2 MB
Progress (4): 1.6 MB | 360/710 kB | 0.3/7.1 MB | 1.0/1.2 MB
Progress (4): 1.6 MB | 360/710 kB | 0.3/7.1 MB | 1.0/1.2 MB
Progress (4): 1.6 MB | 360/710 kB | 0.3/7.1 MB | 1.0/1.2 MB
Progress (4): 1.6 MB | 377/710 kB | 0.3/7.1 MB | 1.0/1.2 MB
Progress (4): 1.6 MB | 377/710 kB | 0.3/7.1 MB | 1.0/1.2 MB
Progress (4): 1.6 MB | 377/710 kB | 0.3/7.1 MB | 1.0/1.2 MB
Progress (4): 1.6 MB | 377/710 kB | 0.3/7.1 MB | 1.0/1.2 MB
Progress (4): 1.6 MB | 377/710 kB | 0.3/7.1 MB | 1.0/1.2 MB
Progress (4): 1.6 MB | 377/710 kB | 0.3/7.1 MB | 1.1/1.2 MB
Progress (4): 1.6 MB | 377/710 kB | 0.3/7.1 MB | 1.1/1.2 MB
Progress (4): 1.6 MB | 393/710 kB | 0.3/7.1 MB | 1.1/1.2 MB
Progress (4): 1.6 MB | 393/710 kB | 0.3/7.1 MB | 1.1/1.2 MB
Progress (4): 1.6 MB | 410/710 kB | 0.3/7.1 MB | 1.1/1.2 MB
Progress (4): 1.6 MB | 410/710 kB | 0.3/7.1 MB | 1.1/1.2 MB
Progress (4): 1.6 MB | 410/710 kB | 0.4/7.1 MB | 1.1/1.2 MB
Progress (4): 1.6 MB | 410/710 kB | 0.4/7.1 MB | 1.1/1.2 MB
Progress (4): 1.6 MB | 410/710 kB | 0.4/7.1 MB | 1.1/1.2 MB
Progress (4): 1.6 MB | 410/710 kB | 0.4/7.1 MB | 1.1/1.2 MB
Progress (4): 1.6 MB | 410/710 kB | 0.4/7.1 MB | 1.2 MB    
                                                       
Downloaded from central: https://repo1.maven.org/maven2/org/apache/pdfbox/fontbox/3.0.3/fontbox-3.0.3.jar (1.6 MB at 4.1 MB/s)
Progress (3): 410/710 kB | 0.4/7.1 MB | 1.2 MB
Progress (3): 426/710 kB | 0.4/7.1 MB | 1.2 MB
Progress (3): 442/710 kB | 0.4/7.1 MB | 1.2 MB
Progress (3): 442/710 kB | 0.4/7.1 MB | 1.2 MB
Progress (3): 442/710 kB | 0.4/7.1 MB | 1.2 MB
Progress (3): 459/710 kB | 0.4/7.1 MB | 1.2 MB
Progress (3): 459/710 kB | 0.4/7.1 MB | 1.2 MB
Progress (3): 475/710 kB | 0.4/7.1 MB | 1.2 MB
Progress (3): 475/710 kB | 0.4/7.1 MB | 1.2 MB
Progress (3): 492/710 kB | 0.4/7.1 MB | 1.2 MB
Progress (3): 492/710 kB | 0.5/7.1 MB | 1.2 MB
Progress (3): 508/710 kB | 0.5/7.1 MB | 1.2 MB
Progress (3): 524/710 kB | 0.5/7.1 MB | 1.2 MB
Progress (3): 541/710 kB | 0.5/7.1 MB | 1.2 MB
Progress (3): 541/710 kB | 0.5/7.1 MB | 1.2 MB
Progress (3): 541/710 kB | 0.5/7.1 MB | 1.2 MB
Progress (3): 541/710 kB | 0.5/7.1 MB | 1.2 MB
Progress (3): 541/710 kB | 0.5/7.1 MB | 1.2 MB
Progress (3): 557/710 kB | 0.5/7.1 MB | 1.2 MB
Progress (3): 557/710 kB | 0.5/7.1 MB | 1.2 MB
Progress (3): 573/710 kB | 0.5/7.1 MB | 1.2 MB
Progress (3): 573/710 kB | 0.6/7.1 MB | 1.2 MB
Progress (3): 590/710 kB | 0.6/7.1 MB | 1.2 MB
Progress (3): 590/710 kB | 0.6/7.1 MB | 1.2 MB
Progress (3): 606/710 kB | 0.6/7.1 MB | 1.2 MB
Progress (3): 623/710 kB | 0.6/7.1 MB | 1.2 MB
Progress (3): 639/710 kB | 0.6/7.1 MB | 1.2 MB
Progress (3): 655/710 kB | 0.6/7.1 MB | 1.2 MB
Progress (3): 672/710 kB | 0.6/7.1 MB | 1.2 MB
Progress (3): 679/710 kB | 0.6/7.1 MB | 1.2 MB
Progress (3): 688/710 kB | 0.6/7.1 MB | 1.2 MB
Progress (3): 688/710 kB | 0.6/7.1 MB | 1.2 MB
Progress (3): 705/710 kB | 0.6/7.1 MB | 1.2 MB
Progress (3): 705/710 kB | 0.6/7.1 MB | 1.2 MB
Progress (3): 705/710 kB | 0.6/7.1 MB | 1.2 MB
Progress (3): 710 kB | 0.6/7.1 MB | 1.2 MB    
Progress (3): 710 kB | 0.6/7.1 MB | 1.2 MB
Progress (3): 710 kB | 0.7/7.1 MB | 1.2 MB
Progress (3): 710 kB | 0.7/7.1 MB | 1.2 MB
Progress (3): 710 kB | 0.7/7.1 MB | 1.2 MB
Progress (3): 710 kB | 0.7/7.1 MB | 1.2 MB
Progress (3): 710 kB | 0.7/7.1 MB | 1.2 MB
Progress (3): 710 kB | 0.7/7.1 MB | 1.2 MB
Progress (3): 710 kB | 0.8/7.1 MB | 1.2 MB
Progress (3): 710 kB | 0.8/7.1 MB | 1.2 MB
Progress (3): 710 kB | 0.8/7.1 MB | 1.2 MB
                                          
Downloaded from central: https://repo1.maven.org/maven2/org/bouncycastle/bcpkix-jdk15to18/1.81/bcpkix-jdk15to18-1.81.jar (1.2 MB at 2.8 MB/s)
Progress (2): 710 kB | 0.8/7.1 MB
Progress (2): 710 kB | 0.8/7.1 MB
Progress (2): 710 kB | 0.8/7.1 MB
Progress (2): 710 kB | 0.9/7.1 MB
Progress (2): 710 kB | 0.9/7.1 MB
Progress (2): 710 kB | 0.9/7.1 MB
Progress (2): 710 kB | 0.9/7.1 MB
Progress (2): 710 kB | 0.9/7.1 MB
Progress (2): 710 kB | 0.9/7.1 MB
Progress (2): 710 kB | 0.9/7.1 MB
Progress (2): 710 kB | 1.0/7.1 MB
Progress (2): 710 kB | 1.0/7.1 MB
Progress (2): 710 kB | 1.0/7.1 MB
Progress (2): 710 kB | 1.0/7.1 MB
Progress (2): 710 kB | 1.0/7.1 MB
Progress (2): 710 kB | 1.0/7.1 MB
Progress (2): 710 kB | 1.1/7.1 MB
Progress (2): 710 kB | 1.1/7.1 MB
Progress (2): 710 kB | 1.1/7.1 MB
Progress (2): 710 kB | 1.1/7.1 MB
Progress (2): 710 kB | 1.1/7.1 MB
Progress (2): 710 kB | 1.1/7.1 MB
Progress (2): 710 kB | 1.2/7.1 MB
Progress (2): 710 kB | 1.2/7.1 MB
Progress (2): 710 kB | 1.2/7.1 MB
Progress (2): 710 kB | 1.2/7.1 MB
Progress (2): 710 kB | 1.2/7.1 MB
Progress (2): 710 kB | 1.2/7.1 MB
Progress (2): 710 kB | 1.3/7.1 MB
                                 
Downloaded from central: https://repo1.maven.org/maven2/org/bouncycastle/bcutil-jdk15to18/1.81/bcutil-jdk15to18-1.81.jar (710 kB at 1.7 MB/s)
Progress (1): 1.3/7.1 MB
Progress (1): 1.3/7.1 MB
Progress (1): 1.3/7.1 MB
Progress (1): 1.3/7.1 MB
Progress (1): 1.3/7.1 MB
Progress (1): 1.4/7.1 MB
Progress (1): 1.4/7.1 MB
Progress (1): 1.4/7.1 MB
Progress (1): 1.4/7.1 MB
Progress (1): 1.4/7.1 MB
Progress (1): 1.4/7.1 MB
Progress (1): 1.5/7.1 MB
Progress (1): 1.5/7.1 MB
Progress (1): 1.5/7.1 MB
Progress (1): 1.5/7.1 MB
Progress (1): 1.5/7.1 MB
Progress (1): 1.5/7.1 MB
Progress (1): 1.6/7.1 MB
Progress (1): 1.6/7.1 MB
Progress (1): 1.6/7.1 MB
Progress (1): 1.6/7.1 MB
Progress (1): 1.6/7.1 MB
Progress (1): 1.6/7.1 MB
Progress (1): 1.7/7.1 MB
Progress (1): 1.7/7.1 MB
Progress (1): 1.7/7.1 MB
Progress (1): 1.7/7.1 MB
Progress (1): 1.7/7.1 MB
Progress (1): 1.7/7.1 MB
Progress (1): 1.8/7.1 MB
Progress (1): 1.8/7.1 MB
Progress (1): 1.8/7.1 MB
Progress (1): 1.8/7.1 MB
Progress (1): 1.8/7.1 MB
Progress (1): 1.8/7.1 MB
Progress (1): 1.9/7.1 MB
Progress (1): 1.9/7.1 MB
Progress (1): 1.9/7.1 MB
Progress (1): 1.9/7.1 MB
Progress (1): 1.9/7.1 MB
Progress (1): 1.9/7.1 MB
Progress (1): 1.9/7.1 MB
Progress (1): 2.0/7.1 MB
Progress (1): 2.0/7.1 MB
Progress (1): 2.0/7.1 MB
Progress (1): 2.0/7.1 MB
Progress (1): 2.0/7.1 MB
Progress (1): 2.0/7.1 MB
Progress (1): 2.1/7.1 MB
Progress (1): 2.1/7.1 MB
Progress (1): 2.1/7.1 MB
Progress (1): 2.1/7.1 MB
Progress (1): 2.1/7.1 MB
Progress (1): 2.1/7.1 MB
Progress (1): 2.2/7.1 MB
Progress (1): 2.2/7.1 MB
Progress (1): 2.2/7.1 MB
Progress (1): 2.2/7.1 MB
Progress (1): 2.2/7.1 MB
Progress (1): 2.2/7.1 MB
Progress (1): 2.3/7.1 MB
Progress (1): 2.3/7.1 MB
Progress (1): 2.3/7.1 MB
Progress (1): 2.3/7.1 MB
Progress (1): 2.3/7.1 MB
Progress (1): 2.3/7.1 MB
Progress (1): 2.4/7.1 MB
Progress (1): 2.4/7.1 MB
Progress (1): 2.4/7.1 MB
Progress (1): 2.4/7.1 MB
Progress (1): 2.4/7.1 MB
Progress (1): 2.4/7.1 MB
Progress (1): 2.5/7.1 MB
Progress (1): 2.5/7.1 MB
Progress (1): 2.5/7.1 MB
Progress (1): 2.5/7.1 MB
Progress (1): 2.5/7.1 MB
Progress (1): 2.5/7.1 MB
Progress (1): 2.6/7.1 MB
Progress (1): 2.6/7.1 MB
Progress (1): 2.6/7.1 MB
Progress (1): 2.6/7.1 MB
Progress (1): 2.6/7.1 MB
Progress (1): 2.6/7.1 MB
Progress (1): 2.7/7.1 MB
Progress (1): 2.7/7.1 MB
Progress (1): 2.7/7.1 MB
Progress (1): 2.7/7.1 MB
Progress (1): 2.7/7.1 MB
Progress (1): 2.7/7.1 MB
Progress (1): 2.8/7.1 MB
Progress (1): 2.8/7.1 MB
Progress (1): 2.8/7.1 MB
Progress (1): 2.8/7.1 MB
Progress (1): 2.8/7.1 MB
Progress (1): 2.8/7.1 MB
Progress (1): 2.9/7.1 MB
Progress (1): 2.9/7.1 MB
Progress (1): 2.9/7.1 MB
Progress (1): 2.9/7.1 MB
Progress (1): 2.9/7.1 MB
Progress (1): 2.9/7.1 MB
Progress (1): 2.9/7.1 MB
Progress (1): 3.0/7.1 MB
Progress (1): 3.0/7.1 MB
Progress (1): 3.0/7.1 MB
Progress (1): 3.0/7.1 MB
Progress (1): 3.0/7.1 MB
Progress (1): 3.0/7.1 MB
Progress (1): 3.1/7.1 MB
Progress (1): 3.1/7.1 MB
Progress (1): 3.1/7.1 MB
Progress (1): 3.1/7.1 MB
Progress (1): 3.1/7.1 MB
Progress (1): 3.1/7.1 MB
Progress (1): 3.2/7.1 MB
Progress (1): 3.2/7.1 MB
Progress (1): 3.2/7.1 MB
Progress (1): 3.2/7.1 MB
Progress (1): 3.2/7.1 MB
Progress (1): 3.2/7.1 MB
Progress (1): 3.3/7.1 MB
Progress (1): 3.3/7.1 MB
Progress (1): 3.3/7.1 MB
Progress (1): 3.3/7.1 MB
Progress (1): 3.3/7.1 MB
Progress (1): 3.3/7.1 MB
Progress (1): 3.4/7.1 MB
Progress (1): 3.4/7.1 MB
Progress (1): 3.4/7.1 MB
Progress (1): 3.4/7.1 MB
Progress (1): 3.4/7.1 MB
Progress (1): 3.4/7.1 MB
Progress (1): 3.5/7.1 MB
Progress (1): 3.5/7.1 MB
Progress (1): 3.5/7.1 MB
Progress (1): 3.5/7.1 MB
Progress (1): 3.5/7.1 MB
Progress (1): 3.5/7.1 MB
Progress (1): 3.6/7.1 MB
Progress (1): 3.6/7.1 MB
Progress (1): 3.6/7.1 MB
Progress (1): 3.6/7.1 MB
Progress (1): 3.6/7.1 MB
Progress (1): 3.6/7.1 MB
Progress (1): 3.7/7.1 MB
Progress (1): 3.7/7.1 MB
Progress (1): 3.7/7.1 MB
Progress (1): 3.7/7.1 MB
Progress (1): 3.7/7.1 MB
Progress (1): 3.7/7.1 MB
Progress (1): 3.8/7.1 MB
Progress (1): 3.8/7.1 MB
Progress (1): 3.8/7.1 MB
Progress (1): 3.8/7.1 MB
Progress (1): 3.8/7.1 MB
Progress (1): 3.8/7.1 MB
Progress (1): 3.8/7.1 MB
Progress (1): 3.9/7.1 MB
Progress (1): 3.9/7.1 MB
Progress (1): 3.9/7.1 MB
Progress (1): 3.9/7.1 MB
Progress (1): 3.9/7.1 MB
Progress (1): 3.9/7.1 MB
Progress (1): 4.0/7.1 MB
Progress (1): 4.0/7.1 MB
Progress (1): 4.0/7.1 MB
Progress (1): 4.0/7.1 MB
Progress (1): 4.0/7.1 MB
Progress (1): 4.0/7.1 MB
Progress (1): 4.1/7.1 MB
Progress (1): 4.1/7.1 MB
Progress (1): 4.1/7.1 MB
Progress (1): 4.1/7.1 MB
Progress (1): 4.1/7.1 MB
Progress (1): 4.1/7.1 MB
Progress (1): 4.2/7.1 MB
Progress (1): 4.2/7.1 MB
Progress (1): 4.2/7.1 MB
Progress (1): 4.2/7.1 MB
Progress (1): 4.2/7.1 MB
Progress (1): 4.2/7.1 MB
Progress (1): 4.3/7.1 MB
Progress (1): 4.3/7.1 MB
Progress (1): 4.3/7.1 MB
Progress (1): 4.3/7.1 MB
Progress (1): 4.3/7.1 MB
Progress (1): 4.3/7.1 MB
Progress (1): 4.4/7.1 MB
Progress (1): 4.4/7.1 MB
Progress (1): 4.4/7.1 MB
Progress (1): 4.4/7.1 MB
Progress (1): 4.4/7.1 MB
Progress (1): 4.4/7.1 MB
Progress (1): 4.5/7.1 MB
Progress (1): 4.5/7.1 MB
Progress (1): 4.5/7.1 MB
Progress (1): 4.5/7.1 MB
Progress (1): 4.5/7.1 MB
Progress (1): 4.5/7.1 MB
Progress (1): 4.6/7.1 MB
Progress (1): 4.6/7.1 MB
Progress (1): 4.6/7.1 MB
Progress (1): 4.6/7.1 MB
Progress (1): 4.6/7.1 MB
Progress (1): 4.6/7.1 MB
Progress (1): 4.7/7.1 MB
Progress (1): 4.7/7.1 MB
Progress (1): 4.7/7.1 MB
Progress (1): 4.7/7.1 MB
Progress (1): 4.7/7.1 MB
Progress (1): 4.7/7.1 MB
Progress (1): 4.8/7.1 MB
Progress (1): 4.8/7.1 MB
Progress (1): 4.8/7.1 MB
Progress (1): 4.8/7.1 MB
Progress (1): 4.8/7.1 MB
Progress (1): 4.8/7.1 MB
Progress (1): 4.8/7.1 MB
Progress (1): 4.9/7.1 MB
Progress (1): 4.9/7.1 MB
Progress (1): 4.9/7.1 MB
Progress (1): 4.9/7.1 MB
Progress (1): 4.9/7.1 MB
Progress (1): 4.9/7.1 MB
Progress (1): 5.0/7.1 MB
Progress (1): 5.0/7.1 MB
Progress (1): 5.0/7.1 MB
Progress (1): 5.0/7.1 MB
Progress (1): 5.0/7.1 MB
Progress (1): 5.0/7.1 MB
Progress (1): 5.1/7.1 MB
Progress (1): 5.1/7.1 MB
Progress (1): 5.1/7.1 MB
Progress (1): 5.1/7.1 MB
Progress (1): 5.1/7.1 MB
Progress (1): 5.1/7.1 MB
Progress (1): 5.2/7.1 MB
Progress (1): 5.2/7.1 MB
Progress (1): 5.2/7.1 MB
Progress (1): 5.2/7.1 MB
Progress (1): 5.2/7.1 MB
Progress (1): 5.2/7.1 MB
Progress (1): 5.3/7.1 MB
Progress (1): 5.3/7.1 MB
Progress (1): 5.3/7.1 MB
Progress (1): 5.3/7.1 MB
Progress (1): 5.3/7.1 MB
Progress (1): 5.3/7.1 MB
Progress (1): 5.4/7.1 MB
Progress (1): 5.4/7.1 MB
Progress (1): 5.4/7.1 MB
Progress (1): 5.4/7.1 MB
Progress (1): 5.4/7.1 MB
Progress (1): 5.4/7.1 MB
Progress (1): 5.5/7.1 MB
Progress (1): 5.5/7.1 MB
Progress (1): 5.5/7.1 MB
Progress (1): 5.5/7.1 MB
Progress (1): 5.5/7.1 MB
Progress (1): 5.5/7.1 MB
Progress (1): 5.6/7.1 MB
Progress (1): 5.6/7.1 MB
Progress (1): 5.6/7.1 MB
Progress (1): 5.6/7.1 MB
Progress (1): 5.6/7.1 MB
Progress (1): 5.6/7.1 MB
Progress (1): 5.7/7.1 MB
Progress (1): 5.7/7.1 MB
Progress (1): 5.7/7.1 MB
Progress (1): 5.7/7.1 MB
Progress (1): 5.7/7.1 MB
Progress (1): 5.7/7.1 MB
Progress (1): 5.8/7.1 MB
Progress (1): 5.8/7.1 MB
Progress (1): 5.8/7.1 MB
Progress (1): 5.8/7.1 MB
Progress (1): 5.8/7.1 MB
Progress (1): 5.8/7.1 MB
Progress (1): 5.8/7.1 MB
Progress (1): 5.9/7.1 MB
Progress (1): 5.9/7.1 MB
Progress (1): 5.9/7.1 MB
Progress (1): 5.9/7.1 MB
Progress (1): 5.9/7.1 MB
Progress (1): 5.9/7.1 MB
Progress (1): 6.0/7.1 MB
Progress (1): 6.0/7.1 MB
Progress (1): 6.0/7.1 MB
Progress (1): 6.0/7.1 MB
Progress (1): 6.0/7.1 MB
Progress (1): 6.0/7.1 MB
Progress (1): 6.1/7.1 MB
Progress (1): 6.1/7.1 MB
Progress (1): 6.1/7.1 MB
Progress (1): 6.1/7.1 MB
Progress (1): 6.1/7.1 MB
Progress (1): 6.1/7.1 MB
Progress (1): 6.2/7.1 MB
Progress (1): 6.2/7.1 MB
Progress (1): 6.2/7.1 MB
Progress (1): 6.2/7.1 MB
Progress (1): 6.2/7.1 MB
Progress (1): 6.2/7.1 MB
Progress (1): 6.3/7.1 MB
Progress (1): 6.3/7.1 MB
Progress (1): 6.3/7.1 MB
Progress (1): 6.3/7.1 MB
Progress (1): 6.3/7.1 MB
Progress (1): 6.3/7.1 MB
Progress (1): 6.4/7.1 MB
Progress (1): 6.4/7.1 MB
Progress (1): 6.4/7.1 MB
Progress (1): 6.4/7.1 MB
Progress (1): 6.4/7.1 MB
Progress (1): 6.4/7.1 MB
Progress (1): 6.5/7.1 MB
Progress (1): 6.5/7.1 MB
Progress (1): 6.5/7.1 MB
Progress (1): 6.5/7.1 MB
Progress (1): 6.5/7.1 MB
Progress (1): 6.5/7.1 MB
Progress (1): 6.6/7.1 MB
Progress (1): 6.6/7.1 MB
Progress (1): 6.6/7.1 MB
Progress (1): 6.6/7.1 MB
Progress (1): 6.6/7.1 MB
Progress (1): 6.6/7.1 MB
Progress (1): 6.7/7.1 MB
Progress (1): 6.7/7.1 MB
Progress (1): 6.7/7.1 MB
Progress (1): 6.7/7.1 MB
Progress (1): 6.7/7.1 MB
Progress (1): 6.7/7.1 MB
Progress (1): 6.7/7.1 MB
Progress (1): 6.8/7.1 MB
Progress (1): 6.8/7.1 MB
Progress (1): 6.8/7.1 MB
Progress (1): 6.8/7.1 MB
Progress (1): 6.8/7.1 MB
Progress (1): 6.8/7.1 MB
Progress (1): 6.9/7.1 MB
Progress (1): 6.9/7.1 MB
Progress (1): 6.9/7.1 MB
Progress (1): 6.9/7.1 MB
Progress (1): 6.9/7.1 MB
Progress (1): 6.9/7.1 MB
Progress (1): 7.0/7.1 MB
Progress (1): 7.0/7.1 MB
Progress (1): 7.0/7.1 MB
Progress (1): 7.0/7.1 MB
Progress (1): 7.0/7.1 MB
Progress (1): 7.0/7.1 MB
Progress (1): 7.1/7.1 MB
Progress (1): 7.1/7.1 MB
Progress (1): 7.1/7.1 MB
Progress (1): 7.1 MB    
                    
Downloaded from central: https://repo1.maven.org/maven2/org/bouncycastle/bcprov-jdk15to18/1.81/bcprov-jdk15to18-1.81.jar (7.1 MB at 12 MB/s)
Downloading from jboss.org: https://repository.jboss.org/nexus/content/repositories/thirdparty-releases/javax/media/jai-core/1.1.3/jai-core-1.1.3.jar
Downloading from jboss.org: https://repository.jboss.org/nexus/content/repositories/thirdparty-releases/com/sun/media/jai-codec/1.1.3/jai-codec-1.1.3.jar
Progress (1): 0/1.9 MB
Progress (1): 0/1.9 MB
Progress (1): 0/1.9 MB
Progress (1): 0.1/1.9 MB
Progress (1): 0.1/1.9 MB
Progress (1): 0.1/1.9 MB
Progress (1): 0.1/1.9 MB
Progress (1): 0.1/1.9 MB
Progress (1): 0.1/1.9 MB
Progress (1): 0.1/1.9 MB
Progress (1): 0.2/1.9 MB
Progress (1): 0.2/1.9 MB
Progress (1): 0.2/1.9 MB
Progress (1): 0.2/1.9 MB
Progress (1): 0.2/1.9 MB
Progress (1): 0.2/1.9 MB
Progress (1): 0.2/1.9 MB
Progress (1): 0.2/1.9 MB
Progress (1): 0.2/1.9 MB
Progress (1): 0.2/1.9 MB
Progress (1): 0.3/1.9 MB
Progress (1): 0.3/1.9 MB
Progress (1): 0.3/1.9 MB
Progress (1): 0.3/1.9 MB
Progress (1): 0.3/1.9 MB
Progress (1): 0.3/1.9 MB
Progress (1): 0.3/1.9 MB
Progress (1): 0.4/1.9 MB
Progress (1): 0.4/1.9 MB
Progress (1): 0.4/1.9 MB
Progress (1): 0.4/1.9 MB
Progress (1): 0.4/1.9 MB
Progress (1): 0.4/1.9 MB
Progress (1): 0.4/1.9 MB
Progress (1): 0.4/1.9 MB
Progress (1): 0.5/1.9 MB
Progress (1): 0.5/1.9 MB
Progress (1): 0.5/1.9 MB
Progress (1): 0.5/1.9 MB
Progress (1): 0.5/1.9 MB
Progress (1): 0.5/1.9 MB
Progress (1): 0.5/1.9 MB
Progress (1): 0.6/1.9 MB
Progress (1): 0.6/1.9 MB
Progress (1): 0.6/1.9 MB
Progress (1): 0.6/1.9 MB
Progress (1): 0.6/1.9 MB
Progress (1): 0.6/1.9 MB
Progress (1): 0.6/1.9 MB
Progress (1): 0.6/1.9 MB
Progress (1): 0.7/1.9 MB
Progress (1): 0.7/1.9 MB
Progress (1): 0.7/1.9 MB
Progress (1): 0.7/1.9 MB
Progress (1): 0.7/1.9 MB
Progress (1): 0.7/1.9 MB
Progress (1): 0.7/1.9 MB
Progress (1): 0.7/1.9 MB
Progress (1): 0.8/1.9 MB
Progress (1): 0.8/1.9 MB
Progress (1): 0.8/1.9 MB
Progress (1): 0.8/1.9 MB
Progress (1): 0.8/1.9 MB
Progress (1): 0.8/1.9 MB
Progress (1): 0.8/1.9 MB
Progress (1): 0.8/1.9 MB
Progress (1): 0.9/1.9 MB
Progress (1): 0.9/1.9 MB
Progress (1): 0.9/1.9 MB
Progress (1): 0.9/1.9 MB
Progress (1): 0.9/1.9 MB
Progress (1): 0.9/1.9 MB
Progress (1): 0.9/1.9 MB
Progress (1): 0.9/1.9 MB
Progress (1): 0.9/1.9 MB
Progress (1): 1.0/1.9 MB
Progress (1): 1.0/1.9 MB
Progress (1): 1.0/1.9 MB
Progress (1): 1.0/1.9 MB
Progress (1): 1.0/1.9 MB
Progress (1): 1.0/1.9 MB
Progress (1): 1.0/1.9 MB
Progress (1): 1.1/1.9 MB
Progress (1): 1.1/1.9 MB
Progress (1): 1.1/1.9 MB
Progress (1): 1.1/1.9 MB
Progress (1): 1.1/1.9 MB
Progress (1): 1.1/1.9 MB
Progress (1): 1.1/1.9 MB
Progress (1): 1.2/1.9 MB
Progress (1): 1.2/1.9 MB
Progress (1): 1.2/1.9 MB
Progress (1): 1.2/1.9 MB
Progress (1): 1.2/1.9 MB
Progress (1): 1.2/1.9 MB
Progress (1): 1.2/1.9 MB
Progress (1): 1.2/1.9 MB
Progress (1): 1.3/1.9 MB
Progress (1): 1.3/1.9 MB
Progress (1): 1.3/1.9 MB
Progress (1): 1.3/1.9 MB
Progress (1): 1.3/1.9 MB
Progress (1): 1.3/1.9 MB
Progress (1): 1.3/1.9 MB
Progress (1): 1.3/1.9 MB
Progress (1): 1.3/1.9 MB
Progress (1): 1.4/1.9 MB
Progress (1): 1.4/1.9 MB
Progress (1): 1.4/1.9 MB
Progress (1): 1.4/1.9 MB
Progress (1): 1.4/1.9 MB
Progress (1): 1.4/1.9 MB
Progress (1): 1.4/1.9 MB
Progress (1): 1.4/1.9 MB
Progress (1): 1.4/1.9 MB
Progress (1): 1.5/1.9 MB
Progress (1): 1.5/1.9 MB
Progress (1): 1.5/1.9 MB
Progress (1): 1.5/1.9 MB
Progress (1): 1.5/1.9 MB
Progress (1): 1.5/1.9 MB
Progress (1): 1.5/1.9 MB
Progress (1): 1.5/1.9 MB
Progress (1): 1.6/1.9 MB
Progress (1): 1.6/1.9 MB
Progress (1): 1.6/1.9 MB
Progress (1): 1.6/1.9 MB
Progress (1): 1.6/1.9 MB
Progress (1): 1.6/1.9 MB
Progress (1): 1.6/1.9 MB
Progress (1): 1.6/1.9 MB
Progress (1): 1.7/1.9 MB
Progress (1): 1.7/1.9 MB
Progress (1): 1.7/1.9 MB
Progress (1): 1.7/1.9 MB
Progress (1): 1.7/1.9 MB
Progress (1): 1.7/1.9 MB
Progress (1): 1.7/1.9 MB
Progress (1): 1.7/1.9 MB
Progress (1): 1.8/1.9 MB
Progress (1): 1.8/1.9 MB
Progress (1): 1.8/1.9 MB
Progress (1): 1.8/1.9 MB
Progress (1): 1.8/1.9 MB
Progress (1): 1.8/1.9 MB
Progress (1): 1.8/1.9 MB
Progress (1): 1.8/1.9 MB
Progress (1): 1.9/1.9 MB
Progress (1): 1.9/1.9 MB
Progress (1): 1.9/1.9 MB
Progress (1): 1.9/1.9 MB
Progress (1): 1.9 MB    
Progress (2): 1.9 MB | 1.2/258 kB
Progress (2): 1.9 MB | 18/258 kB 
Progress (2): 1.9 MB | 34/258 kB
Progress (2): 1.9 MB | 38/258 kB
Progress (2): 1.9 MB | 55/258 kB
Progress (2): 1.9 MB | 63/258 kB
Progress (2): 1.9 MB | 79/258 kB
Progress (2): 1.9 MB | 95/258 kB
Progress (2): 1.9 MB | 112/258 kB
Progress (2): 1.9 MB | 120/258 kB
Progress (2): 1.9 MB | 120/258 kB
Progress (2): 1.9 MB | 128/258 kB
Progress (2): 1.9 MB | 144/258 kB
Progress (2): 1.9 MB | 161/258 kB
Progress (2): 1.9 MB | 177/258 kB
Progress (2): 1.9 MB | 193/258 kB
Progress (2): 1.9 MB | 201/258 kB
Progress (2): 1.9 MB | 218/258 kB
Progress (2): 1.9 MB | 234/258 kB
Progress (2): 1.9 MB | 242/258 kB
Progress (2): 1.9 MB | 258 kB    
                             
Downloaded from jboss.org: https://repository.jboss.org/nexus/content/repositories/thirdparty-releases/com/sun/media/jai-codec/1.1.3/jai-codec-1.1.3.jar (258 kB at 598 kB/s)
Downloaded from jboss.org: https://repository.jboss.org/nexus/content/repositories/thirdparty-releases/javax/media/jai-core/1.1.3/jai-core-1.1.3.jar (1.9 MB at 4.4 MB/s)
[INFO] 
[INFO] --- xml:1.0.1:transform (generate-base14-fonts) @ fop-core ---
Downloading from central: https://repo1.maven.org/maven2/net/sf/saxon/saxon/8.7/saxon-8.7.pom
Progress (1): 564 B
                   
Downloaded from central: https://repo1.maven.org/maven2/net/sf/saxon/saxon/8.7/saxon-8.7.pom (564 B at 8.4 kB/s)
Downloading from central: https://repo1.maven.org/maven2/org/codehaus/plexus/plexus-resources/1.0.1/plexus-resources-1.0.1.pom
Progress (1): 1.3 kB
                    
Downloaded from central: https://repo1.maven.org/maven2/org/codehaus/plexus/plexus-resources/1.0.1/plexus-resources-1.0.1.pom (1.3 kB at 18 kB/s)
Downloading from central: https://repo1.maven.org/maven2/org/codehaus/plexus/plexus-utils/3.0.8/plexus-utils-3.0.8.pom
Progress (1): 817 B
Progress (1): 2.3 kB
Progress (1): 3.1 kB
                    
Downloaded from central: https://repo1.maven.org/maven2/org/codehaus/plexus/plexus-utils/3.0.8/plexus-utils-3.0.8.pom (3.1 kB at 23 kB/s)
Downloading from central: https://repo1.maven.org/maven2/org/codehaus/plexus/plexus/3.2/plexus-3.2.pom
Progress (1): 705 B
Progress (1): 2.6 kB
Progress (1): 6.1 kB
Progress (1): 8.8 kB
Progress (1): 13 kB 
Progress (1): 17 kB
Progress (1): 19 kB
                   
Downloaded from central: https://repo1.maven.org/maven2/org/codehaus/plexus/plexus/3.2/plexus-3.2.pom (19 kB at 268 kB/s)
Downloading from central: https://repo1.maven.org/maven2/xml-resolver/xml-resolver/1.2/xml-resolver-1.2.pom
Progress (1): 1.1 kB
Progress (1): 1.6 kB
                    
Downloaded from central: https://repo1.maven.org/maven2/xml-resolver/xml-resolver/1.2/xml-resolver-1.2.pom (1.6 kB at 27 kB/s)
Downloading from central: https://repo1.maven.org/maven2/org/codehaus/plexus/plexus-io/2.6.1/plexus-io-2.6.1.pom
Progress (1): 1.4 kB
Progress (1): 4.0 kB
                    
Downloaded from central: https://repo1.maven.org/maven2/org/codehaus/plexus/plexus-io/2.6.1/plexus-io-2.6.1.pom (4.0 kB at 42 kB/s)
Downloading from central: https://repo1.maven.org/maven2/org/codehaus/plexus/plexus-utils/3.0.20/plexus-utils-3.0.20.pom
Progress (1): 817 B
Progress (1): 2.3 kB
Progress (1): 3.8 kB
                    
Downloaded from central: https://repo1.maven.org/maven2/org/codehaus/plexus/plexus-utils/3.0.20/plexus-utils-3.0.20.pom (3.8 kB at 53 kB/s)
Downloading from central: https://repo1.maven.org/maven2/net/sf/saxon/saxon/8.7/saxon-8.7.jar
Downloading from central: https://repo1.maven.org/maven2/org/apache/maven/maven-plugin-api/3.0/maven-plugin-api-3.0.jar
Downloading from central: https://repo1.maven.org/maven2/org/apache/maven/maven-model/3.0/maven-model-3.0.jar
Downloading from central: https://repo1.maven.org/maven2/org/apache/maven/maven-artifact/3.0/maven-artifact-3.0.jar
Downloading from central: https://repo1.maven.org/maven2/org/sonatype/sisu/sisu-inject-plexus/1.4.2/sisu-inject-plexus-1.4.2.jar
Progress (1): 7.7/202 kB
Progress (2): 7.7/202 kB | 7.7/49 kB
Progress (3): 7.7/202 kB | 7.7/49 kB | 7.7/165 kB
Progress (3): 7.7/202 kB | 7.7/49 kB | 16/165 kB 
Progress (3): 7.7/202 kB | 7.7/49 kB | 32/165 kB
Progress (3): 7.7/202 kB | 7.7/49 kB | 49/165 kB
Progress (3): 16/202 kB | 7.7/49 kB | 49/165 kB 
Progress (4): 16/202 kB | 7.7/49 kB | 49/165 kB | 4.1/52 kB
Progress (4): 25/202 kB | 7.7/49 kB | 49/165 kB | 4.1/52 kB
Progress (4): 25/202 kB | 7.7/49 kB | 65/165 kB | 4.1/52 kB
Progress (4): 25/202 kB | 16/49 kB | 65/165 kB | 4.1/52 kB 
Progress (4): 25/202 kB | 25/49 kB | 65/165 kB | 4.1/52 kB
Progress (4): 25/202 kB | 25/49 kB | 81/165 kB | 4.1/52 kB
Progress (4): 41/202 kB | 25/49 kB | 81/165 kB | 4.1/52 kB
Progress (4): 41/202 kB | 25/49 kB | 81/165 kB | 20/52 kB 
Progress (4): 41/202 kB | 25/49 kB | 98/165 kB | 20/52 kB
Progress (4): 41/202 kB | 41/49 kB | 98/165 kB | 20/52 kB
Progress (4): 57/202 kB | 41/49 kB | 98/165 kB | 20/52 kB
Progress (4): 57/202 kB | 41/49 kB | 98/165 kB | 37/52 kB
Progress (4): 57/202 kB | 49 kB | 98/165 kB | 37/52 kB   
Progress (4): 74/202 kB | 49 kB | 98/165 kB | 37/52 kB
Progress (4): 74/202 kB | 49 kB | 114/165 kB | 37/52 kB
Progress (4): 90/202 kB | 49 kB | 114/165 kB | 37/52 kB
Progress (4): 90/202 kB | 49 kB | 114/165 kB | 52 kB   
Progress (4): 90/202 kB | 49 kB | 131/165 kB | 52 kB
Progress (4): 106/202 kB | 49 kB | 131/165 kB | 52 kB
Progress (4): 106/202 kB | 49 kB | 147/165 kB | 52 kB
Progress (4): 106/202 kB | 49 kB | 163/165 kB | 52 kB
Progress (4): 123/202 kB | 49 kB | 163/165 kB | 52 kB
Progress (4): 123/202 kB | 49 kB | 165 kB | 52 kB    
Progress (4): 139/202 kB | 49 kB | 165 kB | 52 kB
Progress (4): 156/202 kB | 49 kB | 165 kB | 52 kB
Progress (4): 172/202 kB | 49 kB | 165 kB | 52 kB
Progress (4): 188/202 kB | 49 kB | 165 kB | 52 kB
Progress (4): 202 kB | 49 kB | 165 kB | 52 kB    
Progress (5): 202 kB | 49 kB | 165 kB | 52 kB | 0/3.3 MB
Progress (5): 202 kB | 49 kB | 165 kB | 52 kB | 0/3.3 MB
Progress (5): 202 kB | 49 kB | 165 kB | 52 kB | 0/3.3 MB
Progress (5): 202 kB | 49 kB | 165 kB | 52 kB | 0/3.3 MB
Progress (5): 202 kB | 49 kB | 165 kB | 52 kB | 0.1/3.3 MB
Progress (5): 202 kB | 49 kB | 165 kB | 52 kB | 0.1/3.3 MB
Progress (5): 202 kB | 49 kB | 165 kB | 52 kB | 0.1/3.3 MB
Progress (5): 202 kB | 49 kB | 165 kB | 52 kB | 0.1/3.3 MB
Progress (5): 202 kB | 49 kB | 165 kB | 52 kB | 0.1/3.3 MB
Progress (5): 202 kB | 49 kB | 165 kB | 52 kB | 0.1/3.3 MB
Progress (5): 202 kB | 49 kB | 165 kB | 52 kB | 0.1/3.3 MB
Progress (5): 202 kB | 49 kB | 165 kB | 52 kB | 0.2/3.3 MB
Progress (5): 202 kB | 49 kB | 165 kB | 52 kB | 0.2/3.3 MB
Progress (5): 202 kB | 49 kB | 165 kB | 52 kB | 0.2/3.3 MB
Progress (5): 202 kB | 49 kB | 165 kB | 52 kB | 0.2/3.3 MB
Progress (5): 202 kB | 49 kB | 165 kB | 52 kB | 0.2/3.3 MB
Progress (5): 202 kB | 49 kB | 165 kB | 52 kB | 0.2/3.3 MB
                                                          
Downloaded from central: https://repo1.maven.org/maven2/org/apache/maven/maven-plugin-api/3.0/maven-plugin-api-3.0.jar (49 kB at 719 kB/s)
Downloading from central: https://repo1.maven.org/maven2/org/sonatype/sisu/sisu-inject-bean/1.4.2/sisu-inject-bean-1.4.2.jar
Downloaded from central: https://repo1.maven.org/maven2/org/apache/maven/maven-artifact/3.0/maven-artifact-3.0.jar (52 kB at 763 kB/s)
Downloading from central: https://repo1.maven.org/maven2/org/sonatype/sisu/sisu-guice/2.1.7/sisu-guice-2.1.7-noaop.jar
Progress (3): 202 kB | 165 kB | 0.3/3.3 MB
Progress (3): 202 kB | 165 kB | 0.3/3.3 MB
Progress (3): 202 kB | 165 kB | 0.3/3.3 MB
Progress (3): 202 kB | 165 kB | 0.3/3.3 MB
Progress (3): 202 kB | 165 kB | 0.3/3.3 MB
Progress (3): 202 kB | 165 kB | 0.3/3.3 MB
Progress (3): 202 kB | 165 kB | 0.4/3.3 MB
Progress (3): 202 kB | 165 kB | 0.4/3.3 MB
Progress (3): 202 kB | 165 kB | 0.4/3.3 MB
Progress (3): 202 kB | 165 kB | 0.4/3.3 MB
Progress (3): 202 kB | 165 kB | 0.4/3.3 MB
Progress (3): 202 kB | 165 kB | 0.4/3.3 MB
Progress (3): 202 kB | 165 kB | 0.5/3.3 MB
Progress (3): 202 kB | 165 kB | 0.5/3.3 MB
Progress (3): 202 kB | 165 kB | 0.5/3.3 MB
Progress (3): 202 kB | 165 kB | 0.5/3.3 MB
Progress (3): 202 kB | 165 kB | 0.5/3.3 MB
Progress (3): 202 kB | 165 kB | 0.5/3.3 MB
Progress (3): 202 kB | 165 kB | 0.6/3.3 MB
Progress (3): 202 kB | 165 kB | 0.6/3.3 MB
                                          
Downloaded from central: https://repo1.maven.org/maven2/org/sonatype/sisu/sisu-inject-plexus/1.4.2/sisu-inject-plexus-1.4.2.jar (202 kB at 2.8 MB/s)
Downloading from central: https://repo1.maven.org/maven2/org/apache/maven/maven-core/3.0/maven-core-3.0.jar
Downloaded from central: https://repo1.maven.org/maven2/org/apache/maven/maven-model/3.0/maven-model-3.0.jar (165 kB at 2.3 MB/s)
Downloading from central: https://repo1.maven.org/maven2/org/apache/maven/maven-settings/3.0/maven-settings-3.0.jar
Progress (1): 0.6/3.3 MB
Progress (1): 0.6/3.3 MB
Progress (1): 0.6/3.3 MB
Progress (1): 0.6/3.3 MB
Progress (1): 0.7/3.3 MB
Progress (1): 0.7/3.3 MB
Progress (1): 0.7/3.3 MB
Progress (1): 0.7/3.3 MB
Progress (1): 0.7/3.3 MB
Progress (1): 0.7/3.3 MB
Progress (1): 0.8/3.3 MB
Progress (1): 0.8/3.3 MB
Progress (1): 0.8/3.3 MB
Progress (1): 0.8/3.3 MB
Progress (1): 0.8/3.3 MB
Progress (1): 0.8/3.3 MB
Progress (1): 0.9/3.3 MB
Progress (1): 0.9/3.3 MB
Progress (1): 0.9/3.3 MB
Progress (1): 0.9/3.3 MB
Progress (1): 0.9/3.3 MB
Progress (1): 0.9/3.3 MB
Progress (1): 1.0/3.3 MB
Progress (1): 1.0/3.3 MB
Progress (1): 1.0/3.3 MB
Progress (1): 1.0/3.3 MB
Progress (1): 1.0/3.3 MB
Progress (1): 1.0/3.3 MB
Progress (1): 1.0/3.3 MB
Progress (1): 1.1/3.3 MB
Progress (1): 1.1/3.3 MB
Progress (1): 1.1/3.3 MB
Progress (1): 1.1/3.3 MB
Progress (1): 1.1/3.3 MB
Progress (1): 1.1/3.3 MB
Progress (1): 1.2/3.3 MB
Progress (1): 1.2/3.3 MB
Progress (1): 1.2/3.3 MB
Progress (1): 1.2/3.3 MB
Progress (1): 1.2/3.3 MB
Progress (1): 1.2/3.3 MB
Progress (1): 1.2/3.3 MB
Progress (1): 1.3/3.3 MB
Progress (1): 1.3/3.3 MB
Progress (1): 1.3/3.3 MB
Progress (1): 1.3/3.3 MB
Progress (1): 1.3/3.3 MB
Progress (1): 1.3/3.3 MB
Progress (1): 1.4/3.3 MB
Progress (1): 1.4/3.3 MB
Progress (1): 1.4/3.3 MB
Progress (1): 1.4/3.3 MB
Progress (1): 1.4/3.3 MB
Progress (1): 1.4/3.3 MB
Progress (1): 1.5/3.3 MB
Progress (1): 1.5/3.3 MB
Progress (1): 1.5/3.3 MB
Progress (1): 1.5/3.3 MB
Progress (1): 1.5/3.3 MB
Progress (1): 1.5/3.3 MB
Progress (1): 1.6/3.3 MB
Progress (1): 1.6/3.3 MB
Progress (1): 1.6/3.3 MB
Progress (1): 1.6/3.3 MB
Progress (1): 1.6/3.3 MB
Progress (1): 1.6/3.3 MB
Progress (1): 1.7/3.3 MB
Progress (1): 1.7/3.3 MB
Progress (1): 1.7/3.3 MB
Progress (1): 1.7/3.3 MB
Progress (1): 1.7/3.3 MB
Progress (1): 1.7/3.3 MB
Progress (1): 1.8/3.3 MB
Progress (1): 1.8/3.3 MB
Progress (1): 1.8/3.3 MB
Progress (1): 1.8/3.3 MB
Progress (1): 1.8/3.3 MB
Progress (1): 1.8/3.3 MB
Progress (1): 1.9/3.3 MB
Progress (1): 1.9/3.3 MB
Progress (1): 1.9/3.3 MB
Progress (1): 1.9/3.3 MB
Progress (1): 1.9/3.3 MB
Progress (1): 1.9/3.3 MB
Progress (1): 1.9/3.3 MB
Progress (1): 2.0/3.3 MB
Progress (1): 2.0/3.3 MB
Progress (1): 2.0/3.3 MB
Progress (1): 2.0/3.3 MB
Progress (1): 2.0/3.3 MB
Progress (1): 2.0/3.3 MB
Progress (1): 2.0/3.3 MB
Progress (1): 2.1/3.3 MB
Progress (1): 2.1/3.3 MB
Progress (1): 2.1/3.3 MB
Progress (1): 2.1/3.3 MB
Progress (1): 2.1/3.3 MB
Progress (1): 2.1/3.3 MB
Progress (1): 2.1/3.3 MB
Progress (1): 2.2/3.3 MB
Progress (1): 2.2/3.3 MB
Progress (1): 2.2/3.3 MB
Progress (1): 2.2/3.3 MB
Progress (1): 2.2/3.3 MB
Progress (1): 2.2/3.3 MB
Progress (1): 2.3/3.3 MB
Progress (1): 2.3/3.3 MB
Progress (1): 2.3/3.3 MB
Progress (1): 2.3/3.3 MB
Progress (1): 2.3/3.3 MB
Progress (1): 2.3/3.3 MB
Progress (1): 2.4/3.3 MB
Progress (1): 2.4/3.3 MB
Progress (1): 2.4/3.3 MB
Progress (1): 2.4/3.3 MB
Progress (1): 2.4/3.3 MB
Progress (1): 2.4/3.3 MB
Progress (1): 2.5/3.3 MB
Progress (1): 2.5/3.3 MB
Progress (1): 2.5/3.3 MB
Progress (1): 2.5/3.3 MB
Progress (2): 2.5/3.3 MB | 4.1/472 kB
Progress (2): 2.5/3.3 MB | 4.1/472 kB
Progress (2): 2.5/3.3 MB | 4.1/472 kB
Progress (2): 2.6/3.3 MB | 4.1/472 kB
Progress (2): 2.6/3.3 MB | 4.1/472 kB
Progress (2): 2.6/3.3 MB | 4.1/472 kB
Progress (2): 2.6/3.3 MB | 4.1/472 kB
Progress (2): 2.6/3.3 MB | 4.1/472 kB
Progress (2): 2.6/3.3 MB | 4.1/472 kB
Progress (2): 2.6/3.3 MB | 4.1/472 kB
Progress (2): 2.7/3.3 MB | 4.1/472 kB
Progress (2): 2.7/3.3 MB | 4.1/472 kB
Progress (2): 2.7/3.3 MB | 4.1/472 kB
Progress (2): 2.7/3.3 MB | 20/472 kB 
Progress (2): 2.7/3.3 MB | 37/472 kB
Progress (2): 2.7/3.3 MB | 37/472 kB
Progress (2): 2.7/3.3 MB | 37/472 kB
Progress (2): 2.7/3.3 MB | 53/472 kB
Progress (2): 2.7/3.3 MB | 53/472 kB
Progress (2): 2.7/3.3 MB | 61/472 kB
Progress (2): 2.8/3.3 MB | 61/472 kB
Progress (2): 2.8/3.3 MB | 78/472 kB
Progress (2): 2.8/3.3 MB | 78/472 kB
Progress (2): 2.8/3.3 MB | 94/472 kB
Progress (2): 2.8/3.3 MB | 98/472 kB
Progress (2): 2.8/3.3 MB | 98/472 kB
Progress (2): 2.8/3.3 MB | 98/472 kB
Progress (2): 2.8/3.3 MB | 114/472 kB
Progress (2): 2.8/3.3 MB | 114/472 kB
Progress (2): 2.8/3.3 MB | 127/472 kB
Progress (2): 2.8/3.3 MB | 127/472 kB
Progress (2): 2.8/3.3 MB | 143/472 kB
Progress (2): 2.9/3.3 MB | 143/472 kB
Progress (2): 2.9/3.3 MB | 160/472 kB
Progress (2): 2.9/3.3 MB | 160/472 kB
Progress (2): 2.9/3.3 MB | 176/472 kB
Progress (2): 2.9/3.3 MB | 193/472 kB
Progress (2): 2.9/3.3 MB | 193/472 kB
Progress (2): 2.9/3.3 MB | 197/472 kB
Progress (2): 2.9/3.3 MB | 213/472 kB
Progress (2): 2.9/3.3 MB | 213/472 kB
Progress (2): 2.9/3.3 MB | 229/472 kB
Progress (2): 2.9/3.3 MB | 229/472 kB
Progress (2): 2.9/3.3 MB | 246/472 kB
Progress (2): 2.9/3.3 MB | 246/472 kB
Progress (2): 2.9/3.3 MB | 262/472 kB
Progress (2): 3.0/3.3 MB | 262/472 kB
Progress (2): 3.0/3.3 MB | 279/472 kB
Progress (2): 3.0/3.3 MB | 279/472 kB
Progress (3): 3.0/3.3 MB | 279/472 kB | 7.7/527 kB
Progress (3): 3.0/3.3 MB | 295/472 kB | 7.7/527 kB
Progress (3): 3.0/3.3 MB | 295/472 kB | 7.7/527 kB
Progress (3): 3.0/3.3 MB | 295/472 kB | 16/527 kB 
Progress (3): 3.0/3.3 MB | 311/472 kB | 16/527 kB
Progress (3): 3.0/3.3 MB | 311/472 kB | 16/527 kB
Progress (3): 3.0/3.3 MB | 328/472 kB | 16/527 kB
Progress (3): 3.0/3.3 MB | 328/472 kB | 16/527 kB
Progress (3): 3.0/3.3 MB | 328/472 kB | 32/527 kB
Progress (3): 3.0/3.3 MB | 344/472 kB | 32/527 kB
Progress (3): 3.0/3.3 MB | 344/472 kB | 32/527 kB
Progress (3): 3.0/3.3 MB | 344/472 kB | 49/527 kB
Progress (3): 3.0/3.3 MB | 360/472 kB | 49/527 kB
Progress (3): 3.1/3.3 MB | 360/472 kB | 49/527 kB
Progress (3): 3.1/3.3 MB | 360/472 kB | 65/527 kB
Progress (4): 3.1/3.3 MB | 360/472 kB | 65/527 kB | 7.7/47 kB
Progress (4): 3.1/3.3 MB | 377/472 kB | 65/527 kB | 7.7/47 kB
Progress (4): 3.1/3.3 MB | 377/472 kB | 65/527 kB | 7.7/47 kB
Progress (4): 3.1/3.3 MB | 393/472 kB | 65/527 kB | 7.7/47 kB
Progress (4): 3.1/3.3 MB | 393/472 kB | 81/527 kB | 7.7/47 kB
Progress (4): 3.1/3.3 MB | 393/472 kB | 81/527 kB | 7.7/47 kB
Progress (4): 3.1/3.3 MB | 393/472 kB | 81/527 kB | 16/47 kB 
Progress (4): 3.1/3.3 MB | 393/472 kB | 98/527 kB | 16/47 kB
Progress (4): 3.1/3.3 MB | 410/472 kB | 98/527 kB | 16/47 kB
Progress (4): 3.1/3.3 MB | 410/472 kB | 98/527 kB | 16/47 kB
Progress (4): 3.1/3.3 MB | 410/472 kB | 114/527 kB | 16/47 kB
Progress (4): 3.1/3.3 MB | 426/472 kB | 114/527 kB | 16/47 kB
Progress (4): 3.1/3.3 MB | 426/472 kB | 114/527 kB | 16/47 kB
Progress (4): 3.1/3.3 MB | 426/472 kB | 123/527 kB | 16/47 kB
Progress (4): 3.1/3.3 MB | 426/472 kB | 123/527 kB | 32/47 kB
Progress (4): 3.1/3.3 MB | 442/472 kB | 123/527 kB | 32/47 kB
Progress (4): 3.1/3.3 MB | 442/472 kB | 123/527 kB | 32/47 kB
Progress (4): 3.1/3.3 MB | 442/472 kB | 139/527 kB | 32/47 kB
Progress (4): 3.1/3.3 MB | 442/472 kB | 139/527 kB | 47 kB   
Progress (4): 3.1/3.3 MB | 459/472 kB | 139/527 kB | 47 kB
Progress (4): 3.2/3.3 MB | 459/472 kB | 139/527 kB | 47 kB
Progress (4): 3.2/3.3 MB | 459/472 kB | 156/527 kB | 47 kB
Progress (4): 3.2/3.3 MB | 472 kB | 156/527 kB | 47 kB    
Progress (4): 3.2/3.3 MB | 472 kB | 156/527 kB | 47 kB
Progress (4): 3.2/3.3 MB | 472 kB | 172/527 kB | 47 kB
Progress (4): 3.2/3.3 MB | 472 kB | 188/527 kB | 47 kB
Progress (5): 3.2/3.3 MB | 472 kB | 188/527 kB | 47 kB | 7.7/153 kB
Progress (5): 3.2/3.3 MB | 472 kB | 205/527 kB | 47 kB | 7.7/153 kB
Progress (5): 3.2/3.3 MB | 472 kB | 221/527 kB | 47 kB | 7.7/153 kB
Progress (5): 3.2/3.3 MB | 472 kB | 238/527 kB | 47 kB | 7.7/153 kB
Progress (5): 3.2/3.3 MB | 472 kB | 238/527 kB | 47 kB | 7.7/153 kB
Progress (5): 3.2/3.3 MB | 472 kB | 254/527 kB | 47 kB | 7.7/153 kB
Progress (5): 3.2/3.3 MB | 472 kB | 254/527 kB | 47 kB | 7.7/153 kB
Progress (5): 3.2/3.3 MB | 472 kB | 270/527 kB | 47 kB | 7.7/153 kB
Progress (5): 3.2/3.3 MB | 472 kB | 270/527 kB | 47 kB | 7.7/153 kB
Progress (5): 3.2/3.3 MB | 472 kB | 287/527 kB | 47 kB | 7.7/153 kB
Progress (5): 3.2/3.3 MB | 472 kB | 287/527 kB | 47 kB | 12/153 kB 
Progress (5): 3.2/3.3 MB | 472 kB | 303/527 kB | 47 kB | 12/153 kB
Progress (5): 3.2/3.3 MB | 472 kB | 303/527 kB | 47 kB | 12/153 kB
Progress (5): 3.2/3.3 MB | 472 kB | 303/527 kB | 47 kB | 28/153 kB
Progress (5): 3.2/3.3 MB | 472 kB | 319/527 kB | 47 kB | 28/153 kB
Progress (5): 3.2/3.3 MB | 472 kB | 319/527 kB | 47 kB | 44/153 kB
Progress (5): 3.2/3.3 MB | 472 kB | 336/527 kB | 47 kB | 44/153 kB
Progress (5): 3.2/3.3 MB | 472 kB | 336/527 kB | 47 kB | 61/153 kB
Progress (5): 3.2/3.3 MB | 472 kB | 344/527 kB | 47 kB | 61/153 kB
Progress (5): 3.2/3.3 MB | 472 kB | 344/527 kB | 47 kB | 61/153 kB
Progress (5): 3.2/3.3 MB | 472 kB | 360/527 kB | 47 kB | 61/153 kB
Progress (5): 3.3/3.3 MB | 472 kB | 360/527 kB | 47 kB | 61/153 kB
Progress (5): 3.3/3.3 MB | 472 kB | 360/527 kB | 47 kB | 77/153 kB
Progress (5): 3.3 MB | 472 kB | 360/527 kB | 47 kB | 77/153 kB    
Progress (5): 3.3 MB | 472 kB | 377/527 kB | 47 kB | 77/153 kB
Progress (5): 3.3 MB | 472 kB | 377/527 kB | 47 kB | 94/153 kB
Progress (5): 3.3 MB | 472 kB | 393/527 kB | 47 kB | 94/153 kB
Progress (5): 3.3 MB | 472 kB | 393/527 kB | 47 kB | 110/153 kB
Progress (5): 3.3 MB | 472 kB | 410/527 kB | 47 kB | 110/153 kB
Progress (5): 3.3 MB | 472 kB | 410/527 kB | 47 kB | 126/153 kB
Progress (5): 3.3 MB | 472 kB | 426/527 kB | 47 kB | 126/153 kB
Progress (5): 3.3 MB | 472 kB | 426/527 kB | 47 kB | 143/153 kB
Progress (5): 3.3 MB | 472 kB | 426/527 kB | 47 kB | 153 kB    
Progress (5): 3.3 MB | 472 kB | 442/527 kB | 47 kB | 153 kB
Progress (5): 3.3 MB | 472 kB | 459/527 kB | 47 kB | 153 kB
Progress (5): 3.3 MB | 472 kB | 475/527 kB | 47 kB | 153 kB
Progress (5): 3.3 MB | 472 kB | 492/527 kB | 47 kB | 153 kB
Progress (5): 3.3 MB | 472 kB | 508/527 kB | 47 kB | 153 kB
Progress (5): 3.3 MB | 472 kB | 524/527 kB | 47 kB | 153 kB
Progress (5): 3.3 MB | 472 kB | 527 kB | 47 kB | 153 kB    
                                                       
Downloaded from central: https://repo1.maven.org/maven2/org/apache/maven/maven-settings/3.0/maven-settings-3.0.jar (47 kB at 331 kB/s)
Downloading from central: https://repo1.maven.org/maven2/org/apache/maven/maven-settings-builder/3.0/maven-settings-builder-3.0.jar
Downloaded from central: https://repo1.maven.org/maven2/org/sonatype/sisu/sisu-guice/2.1.7/sisu-guice-2.1.7-noaop.jar (472 kB at 3.3 MB/s)
Downloading from central: https://repo1.maven.org/maven2/org/apache/maven/maven-repository-metadata/3.0/maven-repository-metadata-3.0.jar
Downloaded from central: https://repo1.maven.org/maven2/org/sonatype/sisu/sisu-inject-bean/1.4.2/sisu-inject-bean-1.4.2.jar (153 kB at 1.0 MB/s)
Downloading from central: https://repo1.maven.org/maven2/org/apache/maven/maven-model-builder/3.0/maven-model-builder-3.0.jar
Downloaded from central: https://repo1.maven.org/maven2/org/apache/maven/maven-core/3.0/maven-core-3.0.jar (527 kB at 3.4 MB/s)
Downloading from central: https://repo1.maven.org/maven2/org/apache/maven/maven-aether-provider/3.0/maven-aether-provider-3.0.jar
Downloaded from central: https://repo1.maven.org/maven2/net/sf/saxon/saxon/8.7/saxon-8.7.jar (3.3 MB at 19 MB/s)
Downloading from central: https://repo1.maven.org/maven2/org/sonatype/aether/aether-impl/1.7/aether-impl-1.7.jar
Progress (1): 7.7/38 kB
Progress (1): 16/38 kB 
Progress (1): 32/38 kB
Progress (1): 38 kB   
Progress (2): 38 kB | 7.7/30 kB
Progress (3): 38 kB | 7.7/30 kB | 7.7/148 kB
Progress (3): 38 kB | 16/30 kB | 7.7/148 kB 
Progress (3): 38 kB | 16/30 kB | 12/148 kB 
Progress (4): 38 kB | 16/30 kB | 12/148 kB | 7.7/51 kB
Progress (4): 38 kB | 30 kB | 12/148 kB | 7.7/51 kB   
Progress (4): 38 kB | 30 kB | 29/148 kB | 7.7/51 kB
Progress (4): 38 kB | 30 kB | 45/148 kB | 7.7/51 kB
Progress (4): 38 kB | 30 kB | 61/148 kB | 7.7/51 kB
Progress (4): 38 kB | 30 kB | 61/148 kB | 8.2/51 kB
Progress (4): 38 kB | 30 kB | 78/148 kB | 8.2/51 kB
Progress (4): 38 kB | 30 kB | 94/148 kB | 8.2/51 kB
Progress (4): 38 kB | 30 kB | 94/148 kB | 25/51 kB 
Progress (4): 38 kB | 30 kB | 94/148 kB | 41/51 kB
Progress (4): 38 kB | 30 kB | 111/148 kB | 41/51 kB
Progress (4): 38 kB | 30 kB | 127/148 kB | 41/51 kB
Progress (4): 38 kB | 30 kB | 127/148 kB | 51 kB   
Progress (4): 38 kB | 30 kB | 143/148 kB | 51 kB
Progress (4): 38 kB | 30 kB | 148 kB | 51 kB    
                                            
Downloaded from central: https://repo1.maven.org/maven2/org/apache/maven/maven-settings-builder/3.0/maven-settings-builder-3.0.jar (38 kB at 189 kB/s)
Downloading from central: https://repo1.maven.org/maven2/org/sonatype/aether/aether-spi/1.7/aether-spi-1.7.jar
Progress (4): 30 kB | 148 kB | 51 kB | 7.7/106 kB
                                                 
Downloaded from central: https://repo1.maven.org/maven2/org/apache/maven/maven-repository-metadata/3.0/maven-repository-metadata-3.0.jar (30 kB at 143 kB/s)
Downloading from central: https://repo1.maven.org/maven2/org/sonatype/aether/aether-api/1.7/aether-api-1.7.jar
Downloaded from central: https://repo1.maven.org/maven2/org/apache/maven/maven-aether-provider/3.0/maven-aether-provider-3.0.jar (51 kB at 243 kB/s)
Downloading from central: https://repo1.maven.org/maven2/org/sonatype/aether/aether-util/1.7/aether-util-1.7.jar
Progress (2): 148 kB | 12/106 kB
Progress (2): 148 kB | 29/106 kB
                                
Downloaded from central: https://repo1.maven.org/maven2/org/apache/maven/maven-model-builder/3.0/maven-model-builder-3.0.jar (148 kB at 695 kB/s)
Downloading from central: https://repo1.maven.org/maven2/org/codehaus/plexus/plexus-interpolation/1.14/plexus-interpolation-1.14.jar
Progress (1): 45/106 kB
Progress (1): 61/106 kB
Progress (1): 78/106 kB
Progress (1): 94/106 kB
Progress (1): 106 kB   
                    
Downloaded from central: https://repo1.maven.org/maven2/org/sonatype/aether/aether-impl/1.7/aether-impl-1.7.jar (106 kB at 468 kB/s)
Downloading from central: https://repo1.maven.org/maven2/org/codehaus/plexus/plexus-classworlds/2.2.3/plexus-classworlds-2.2.3.jar
Progress (1): 7.7/14 kB
Progress (1): 14 kB    
                   
Downloaded from central: https://repo1.maven.org/maven2/org/sonatype/aether/aether-spi/1.7/aether-spi-1.7.jar (14 kB at 56 kB/s)
Downloading from central: https://repo1.maven.org/maven2/org/codehaus/plexus/plexus-resources/1.0.1/plexus-resources-1.0.1.jar
Progress (1): 7.7/74 kB
Progress (1): 12/74 kB 
Progress (1): 29/74 kB
Progress (1): 45/74 kB
Progress (1): 61/74 kB
Progress (1): 74 kB   
Progress (2): 74 kB | 7.7/108 kB
Progress (2): 74 kB | 16/108 kB 
Progress (2): 74 kB | 25/108 kB
Progress (2): 74 kB | 41/108 kB
Progress (2): 74 kB | 57/108 kB
Progress (3): 74 kB | 57/108 kB | 7.7/61 kB
Progress (3): 74 kB | 74/108 kB | 7.7/61 kB
Progress (3): 74 kB | 90/108 kB | 7.7/61 kB
Progress (3): 74 kB | 106/108 kB | 7.7/61 kB
Progress (3): 74 kB | 106/108 kB | 16/61 kB 
Progress (3): 74 kB | 108 kB | 16/61 kB    
Progress (3): 74 kB | 108 kB | 32/61 kB
Progress (3): 74 kB | 108 kB | 48/61 kB
Progress (3): 74 kB | 108 kB | 61 kB   
                                    
Downloaded from central: https://repo1.maven.org/maven2/org/sonatype/aether/aether-api/1.7/aether-api-1.7.jar (74 kB at 284 kB/s)
Downloading from central: https://repo1.maven.org/maven2/xml-apis/xml-apis/1.3.04/xml-apis-1.3.04.jar
Progress (3): 108 kB | 61 kB | 7.7/46 kB
Progress (3): 108 kB | 61 kB | 16/46 kB 
Progress (3): 108 kB | 61 kB | 32/46 kB
Progress (3): 108 kB | 61 kB | 46 kB   
                                    
Downloaded from central: https://repo1.maven.org/maven2/org/codehaus/plexus/plexus-interpolation/1.14/plexus-interpolation-1.14.jar (61 kB at 222 kB/s)
Downloading from central: https://repo1.maven.org/maven2/xml-resolver/xml-resolver/1.2/xml-resolver-1.2.jar
Downloaded from central: https://repo1.maven.org/maven2/org/sonatype/aether/aether-util/1.7/aether-util-1.7.jar (108 kB at 391 kB/s)
Downloading from central: https://repo1.maven.org/maven2/org/codehaus/plexus/plexus-io/2.6.1/plexus-io-2.6.1.jar
Downloaded from central: https://repo1.maven.org/maven2/org/codehaus/plexus/plexus-classworlds/2.2.3/plexus-classworlds-2.2.3.jar (46 kB at 163 kB/s)
Progress (1): 7.7/194 kB
Progress (2): 7.7/194 kB | 7.7/84 kB
Progress (3): 7.7/194 kB | 7.7/84 kB | 8.2/22 kB
Progress (3): 16/194 kB | 7.7/84 kB | 8.2/22 kB 
Progress (3): 16/194 kB | 7.7/84 kB | 22 kB    
Progress (3): 25/194 kB | 7.7/84 kB | 22 kB
Progress (3): 25/194 kB | 8.2/84 kB | 22 kB
Progress (3): 41/194 kB | 8.2/84 kB | 22 kB
Progress (3): 57/194 kB | 8.2/84 kB | 22 kB
Progress (3): 74/194 kB | 8.2/84 kB | 22 kB
Progress (3): 90/194 kB | 8.2/84 kB | 22 kB
Progress (3): 90/194 kB | 25/84 kB | 22 kB 
Progress (3): 90/194 kB | 41/84 kB | 22 kB
Progress (3): 106/194 kB | 41/84 kB | 22 kB
Progress (3): 106/194 kB | 57/84 kB | 22 kB
Progress (3): 123/194 kB | 57/84 kB | 22 kB
Progress (3): 123/194 kB | 74/84 kB | 22 kB
Progress (3): 123/194 kB | 84 kB | 22 kB   
Progress (3): 139/194 kB | 84 kB | 22 kB
Progress (3): 156/194 kB | 84 kB | 22 kB
Progress (3): 172/194 kB | 84 kB | 22 kB
Progress (3): 188/194 kB | 84 kB | 22 kB
Progress (3): 194 kB | 84 kB | 22 kB    
                                    
Downloaded from central: https://repo1.maven.org/maven2/org/codehaus/plexus/plexus-resources/1.0.1/plexus-resources-1.0.1.jar (22 kB at 68 kB/s)
Downloaded from central: https://repo1.maven.org/maven2/xml-resolver/xml-resolver/1.2/xml-resolver-1.2.jar (84 kB at 256 kB/s)
Downloaded from central: https://repo1.maven.org/maven2/xml-apis/xml-apis/1.3.04/xml-apis-1.3.04.jar (194 kB at 591 kB/s)
Progress (1): 7.8/85 kB
Progress (1): 16/85 kB 
Progress (1): 25/85 kB
Progress (1): 41/85 kB
Progress (1): 49/85 kB
Progress (1): 57/85 kB
Progress (1): 74/85 kB
Progress (1): 85 kB   
                   
Downloaded from central: https://repo1.maven.org/maven2/org/codehaus/plexus/plexus-io/2.6.1/plexus-io-2.6.1.jar (85 kB at 200 kB/s)
[INFO] Transforming file: D:\Khedma\Mr wiem\mutation-test-pipeline\target-repos\206318\fop-core\src\main\codegen\fonts\Courier.xml
[INFO] Transforming file: D:\Khedma\Mr wiem\mutation-test-pipeline\target-repos\206318\fop-core\src\main\codegen\fonts\CourierBold.xml
[INFO] Transforming file: D:\Khedma\Mr wiem\mutation-test-pipeline\target-repos\206318\fop-core\src\main\codegen\fonts\CourierBoldOblique.xml
[INFO] Transforming file: D:\Khedma\Mr wiem\mutation-test-pipeline\target-repos\206318\fop-core\src\main\codegen\fonts\CourierOblique.xml
[INFO] Transforming file: D:\Khedma\Mr wiem\mutation-test-pipeline\target-repos\206318\fop-core\src\main\codegen\fonts\Helvetica.xml
[INFO] Transforming file: D:\Khedma\Mr wiem\mutation-test-pipeline\target-repos\206318\fop-core\src\main\codegen\fonts\HelveticaBold.xml
[INFO] Transforming file: D:\Khedma\Mr wiem\mutation-test-pipeline\target-repos\206318\fop-core\src\main\codegen\fonts\HelveticaBoldOblique.xml
[INFO] Transforming file: D:\Khedma\Mr wiem\mutation-test-pipeline\target-repos\206318\fop-core\src\main\codegen\fonts\HelveticaOblique.xml
[INFO] Transforming file: D:\Khedma\Mr wiem\mutation-test-pipeline\target-repos\206318\fop-core\src\main\codegen\fonts\TimesBold.xml
[INFO] Transforming file: D:\Khedma\Mr wiem\mutation-test-pipeline\target-repos\206318\fop-core\src\main\codegen\fonts\TimesBoldItalic.xml
[INFO] Transforming file: D:\Khedma\Mr wiem\mutation-test-pipeline\target-repos\206318\fop-core\src\main\codegen\fonts\TimesItalic.xml
[INFO] Transforming file: D:\Khedma\Mr wiem\mutation-test-pipeline\target-repos\206318\fop-core\src\main\codegen\fonts\TimesRoman.xml
[INFO] Transformed 12 file(s).
[INFO] Transforming file: D:\Khedma\Mr wiem\mutation-test-pipeline\target-repos\206318\fop-core\src\main\codegen\fonts\Symbol.xml
[INFO] Transforming file: D:\Khedma\Mr wiem\mutation-test-pipeline\target-repos\206318\fop-core\src\main\codegen\fonts\ZapfDingbats.xml
[INFO] Transformed 2 file(s).
[INFO] 
[INFO] --- xml:1.0.1:transform (codegen-fonts-encodings) @ fop-core ---
[INFO] Transforming file: D:\Khedma\Mr wiem\mutation-test-pipeline\target-repos\206318\fop-core\src\main\codegen\fonts\encodings.xml
[INFO] Transformed 1 file(s).
[INFO] 
[INFO] --- build-helper:1.9.1:add-source (add-generated-sources) @ fop-core ---
Downloading from central: https://repo1.maven.org/maven2/org/apache/maven/maven-plugin-api/2.0.1/maven-plugin-api-2.0.1.pom
Progress (1): 643 B
                   
Downloaded from central: https://repo1.maven.org/maven2/org/apache/maven/maven-plugin-api/2.0.1/maven-plugin-api-2.0.1.pom (643 B at 11 kB/s)
Downloading from central: https://repo1.maven.org/maven2/org/apache/maven/maven/2.0.1/maven-2.0.1.pom
Progress (1): 926 B
Progress (1): 4.0 kB
Progress (1): 8.3 kB
Progress (1): 11 kB 
                   
Downloaded from central: https://repo1.maven.org/maven2/org/apache/maven/maven/2.0.1/maven-2.0.1.pom (11 kB at 167 kB/s)
[INFO] Source directory: D:\Khedma\Mr wiem\mutation-test-pipeline\target-repos\206318\fop-core\target\generated-sources\main\java added.
[INFO] 
[INFO] --- resources:3.3.1:resources (default-resources) @ fop-core ---
[INFO] Copying 59 resources from src\main\resources to target\classes
[INFO] Copying 2 resources from .. to target\classes\META-INF
[INFO] 
[INFO] --- compiler:3.11.0:compile (default-compile) @ fop-core ---
Downloading from central: https://repo1.maven.org/maven2/org/apache/maven/shared/maven-shared-utils/3.3.4/maven-shared-utils-3.3.4.jar
Downloading from central: https://repo1.maven.org/maven2/org/codehaus/plexus/plexus-java/1.1.2/plexus-java-1.1.2.jar
Downloading from central: https://repo1.maven.org/maven2/org/ow2/asm/asm/9.4/asm-9.4.jar
Downloading from central: https://repo1.maven.org/maven2/org/codehaus/plexus/plexus-compiler-api/2.13.0/plexus-compiler-api-2.13.0.jar
Downloading from central: https://repo1.maven.org/maven2/org/codehaus/plexus/plexus-utils/3.5.0/plexus-utils-3.5.0.jar
Progress (1): 7.7/55 kB
Progress (2): 7.7/55 kB | 7.7/267 kB
Progress (2): 7.7/55 kB | 16/267 kB 
Progress (3): 7.7/55 kB | 16/267 kB | 7.7/27 kB
Progress (3): 7.7/55 kB | 32/267 kB | 7.7/27 kB
Progress (3): 7.7/55 kB | 49/267 kB | 7.7/27 kB
Progress (3): 7.7/55 kB | 65/267 kB | 7.7/27 kB
Progress (3): 7.7/55 kB | 81/267 kB | 7.7/27 kB
Progress (3): 7.7/55 kB | 98/267 kB | 7.7/27 kB
Progress (3): 7.7/55 kB | 114/267 kB | 7.7/27 kB
Progress (3): 7.7/55 kB | 131/267 kB | 7.7/27 kB
Progress (3): 7.7/55 kB | 147/267 kB | 7.7/27 kB
Progress (3): 7.7/55 kB | 163/267 kB | 7.7/27 kB
Progress (3): 16/55 kB | 163/267 kB | 7.7/27 kB 
Progress (4): 16/55 kB | 163/267 kB | 7.7/27 kB | 7.7/122 kB
Progress (5): 16/55 kB | 163/267 kB | 7.7/27 kB | 7.7/122 kB | 7.7/153 kB
Progress (5): 16/55 kB | 180/267 kB | 7.7/27 kB | 7.7/122 kB | 7.7/153 kB
Progress (5): 32/55 kB | 180/267 kB | 7.7/27 kB | 7.7/122 kB | 7.7/153 kB
Progress (5): 32/55 kB | 196/267 kB | 7.7/27 kB | 7.7/122 kB | 7.7/153 kB
Progress (5): 48/55 kB | 196/267 kB | 7.7/27 kB | 7.7/122 kB | 7.7/153 kB
Progress (5): 48/55 kB | 213/267 kB | 7.7/27 kB | 7.7/122 kB | 7.7/153 kB
Progress (5): 55 kB | 213/267 kB | 7.7/27 kB | 7.7/122 kB | 7.7/153 kB   
Progress (5): 55 kB | 229/267 kB | 7.7/27 kB | 7.7/122 kB | 7.7/153 kB
Progress (5): 55 kB | 245/267 kB | 7.7/27 kB | 7.7/122 kB | 7.7/153 kB
Progress (5): 55 kB | 262/267 kB | 7.7/27 kB | 7.7/122 kB | 7.7/153 kB
Progress (5): 55 kB | 267 kB | 7.7/27 kB | 7.7/122 kB | 7.7/153 kB    
Progress (5): 55 kB | 267 kB | 16/27 kB | 7.7/122 kB | 7.7/153 kB 
Progress (5): 55 kB | 267 kB | 27 kB | 7.7/122 kB | 7.7/153 kB   
Progress (5): 55 kB | 267 kB | 27 kB | 7.7/122 kB | 12/153 kB 
Progress (5): 55 kB | 267 kB | 27 kB | 8.2/122 kB | 12/153 kB
Progress (5): 55 kB | 267 kB | 27 kB | 8.2/122 kB | 29/153 kB
Progress (5): 55 kB | 267 kB | 27 kB | 8.2/122 kB | 45/153 kB
Progress (5): 55 kB | 267 kB | 27 kB | 8.2/122 kB | 61/153 kB
Progress (5): 55 kB | 267 kB | 27 kB | 25/122 kB | 61/153 kB 
Progress (5): 55 kB | 267 kB | 27 kB | 41/122 kB | 61/153 kB
Progress (5): 55 kB | 267 kB | 27 kB | 41/122 kB | 78/153 kB
Progress (5): 55 kB | 267 kB | 27 kB | 49/122 kB | 78/153 kB
Progress (5): 55 kB | 267 kB | 27 kB | 49/122 kB | 94/153 kB
Progress (5): 55 kB | 267 kB | 27 kB | 49/122 kB | 111/153 kB
Progress (5): 55 kB | 267 kB | 27 kB | 57/122 kB | 111/153 kB
Progress (5): 55 kB | 267 kB | 27 kB | 66/122 kB | 111/153 kB
Progress (5): 55 kB | 267 kB | 27 kB | 66/122 kB | 127/153 kB
Progress (5): 55 kB | 267 kB | 27 kB | 74/122 kB | 127/153 kB
Progress (5): 55 kB | 267 kB | 27 kB | 74/122 kB | 143/153 kB
Progress (5): 55 kB | 267 kB | 27 kB | 82/122 kB | 143/153 kB
Progress (5): 55 kB | 267 kB | 27 kB | 82/122 kB | 153 kB    
Progress (5): 55 kB | 267 kB | 27 kB | 90/122 kB | 153 kB
Progress (5): 55 kB | 267 kB | 27 kB | 106/122 kB | 153 kB
Progress (5): 55 kB | 267 kB | 27 kB | 115/122 kB | 153 kB
Progress (5): 55 kB | 267 kB | 27 kB | 122 kB | 153 kB    
                                                      
Downloaded from central: https://repo1.maven.org/maven2/org/codehaus/plexus/plexus-java/1.1.2/plexus-java-1.1.2.jar (55 kB at 792 kB/s)
Downloading from central: https://repo1.maven.org/maven2/org/codehaus/plexus/plexus-compiler-manager/2.13.0/plexus-compiler-manager-2.13.0.jar
Downloaded from central: https://repo1.maven.org/maven2/org/codehaus/plexus/plexus-compiler-api/2.13.0/plexus-compiler-api-2.13.0.jar (27 kB at 386 kB/s)
Downloading from central: https://repo1.maven.org/maven2/org/codehaus/plexus/plexus-compiler-javac/2.13.0/plexus-compiler-javac-2.13.0.jar
Downloaded from central: https://repo1.maven.org/maven2/org/codehaus/plexus/plexus-utils/3.5.0/plexus-utils-3.5.0.jar (267 kB at 3.7 MB/s)
Downloaded from central: https://repo1.maven.org/maven2/org/ow2/asm/asm/9.4/asm-9.4.jar (122 kB at 780 kB/s)
Downloaded from central: https://repo1.maven.org/maven2/org/apache/maven/shared/maven-shared-utils/3.3.4/maven-shared-utils-3.3.4.jar (153 kB at 969 kB/s)
Progress (1): 7.7/23 kB
Progress (1): 12/23 kB 
Progress (2): 12/23 kB | 3.4/4.7 kB
Progress (2): 23 kB | 3.4/4.7 kB   
Progress (2): 23 kB | 4.7 kB    
                            
Downloaded from central: https://repo1.maven.org/maven2/org/codehaus/plexus/plexus-compiler-javac/2.13.0/plexus-compiler-javac-2.13.0.jar (23 kB at 37 kB/s)
Downloaded from central: https://repo1.maven.org/maven2/org/codehaus/plexus/plexus-compiler-manager/2.13.0/plexus-compiler-manager-2.13.0.jar (4.7 kB at 7.5 kB/s)
[INFO] Changes detected - recompiling the module! :dependency
[INFO] Compiling 1581 source files with javac [debug target 8] to target\classes
[INFO] /D:/Khedma/Mr wiem/mutation-test-pipeline/target-repos/206318/fop-core/src/main/java/org/apache/fop/fonts/autodetect/FontFileFinder.java: Some input files use or override a deprecated API.
[INFO] /D:/Khedma/Mr wiem/mutation-test-pipeline/target-repos/206318/fop-core/src/main/java/org/apache/fop/fonts/autodetect/FontFileFinder.java: Recompile with -Xlint:deprecation for details.
[INFO] /D:/Khedma/Mr wiem/mutation-test-pipeline/target-repos/206318/fop-core/src/main/java/org/apache/fop/fo/FObj.java: Some input files use unchecked or unsafe operations.
[INFO] /D:/Khedma/Mr wiem/mutation-test-pipeline/target-repos/206318/fop-core/src/main/java/org/apache/fop/fo/FObj.java: Recompile with -Xlint:unchecked for details.
[INFO] ------------------------------------------------------------------------
[INFO] BUILD SUCCESS
[INFO] ------------------------------------------------------------------------
[INFO] Total time:  32.656 s
[INFO] Finished at: 2026-02-24T21:27:22-05:00
[INFO] ------------------------------------------------------------------------

STDERR:
