COMMAND: mvn.cmd -s D:\Khedma\Mr wiem\mutation-test-pipeline\.mvn\settings.xml org.pitest:pitest-maven:1.6.9:mutationCoverage -DtargetClasses=org.red5.server.service.ConversionUtils -DtargetTests=org.red5.server.service.ConversionUtilsTest -DoutputFormats=XML,HTML

STDOUT:
[INFO] Scanning for projects...
Downloading from central: https://repo1.maven.org/maven2/org/pitest/pitest-maven/1.6.9/pitest-maven-1.6.9.pom
Progress (1): 1.5 kB
Progress (1): 5.1 kB
Progress (1): 6.3 kB
                    
Downloaded from central: https://repo1.maven.org/maven2/org/pitest/pitest-maven/1.6.9/pitest-maven-1.6.9.pom (6.3 kB at 23 kB/s)
Downloading from central: https://repo1.maven.org/maven2/org/pitest/pitest-parent/1.6.9/pitest-parent-1.6.9.pom
Progress (1): 1.0 kB
Progress (1): 2.6 kB
Progress (1): 4.9 kB
Progress (1): 9.4 kB
Progress (1): 12 kB 
Progress (1): 13 kB
Progress (1): 14 kB
                   
Downloaded from central: https://repo1.maven.org/maven2/org/pitest/pitest-parent/1.6.9/pitest-parent-1.6.9.pom (14 kB at 53 kB/s)
Downloading from central: https://repo1.maven.org/maven2/org/pitest/pitest-maven/1.6.9/pitest-maven-1.6.9.jar
Progress (1): 0.9/74 kB
Progress (1): 2.3/74 kB
Progress (1): 3.7/74 kB
Progress (1): 5.0/74 kB
Progress (1): 6.4/74 kB
Progress (1): 7.8/74 kB
Progress (1): 9.1/74 kB
Progress (1): 11/74 kB 
Progress (1): 12/74 kB
Progress (1): 13/74 kB
Progress (1): 15/74 kB
Progress (1): 16/74 kB
Progress (1): 17/74 kB
Progress (1): 19/74 kB
Progress (1): 20/74 kB
Progress (1): 21/74 kB
Progress (1): 23/74 kB
Progress (1): 24/74 kB
Progress (1): 26/74 kB
Progress (1): 27/74 kB
Progress (1): 28/74 kB
Progress (1): 30/74 kB
Progress (1): 31/74 kB
Progress (1): 32/74 kB
Progress (1): 34/74 kB
Progress (1): 35/74 kB
Progress (1): 37/74 kB
Progress (1): 38/74 kB
Progress (1): 39/74 kB
Progress (1): 41/74 kB
Progress (1): 42/74 kB
Progress (1): 43/74 kB
Progress (1): 45/74 kB
Progress (1): 49/74 kB
Progress (1): 53/74 kB
Progress (1): 57/74 kB
Progress (1): 62/74 kB
Progress (1): 66/74 kB
Progress (1): 70/74 kB
Progress (1): 74 kB   
                   
Downloaded from central: https://repo1.maven.org/maven2/org/pitest/pitest-maven/1.6.9/pitest-maven-1.6.9.jar (74 kB at 234 kB/s)
[INFO] 
[INFO] -------------------------< org.red5:red5-base >-------------------------
[INFO] Building red5-base 0.8rc2-SNAPSHOT
[INFO]   from pom.xml
[INFO] --------------------------------[ jar ]---------------------------------
[WARNING] The POM for opensymphony:quartz-all:jar:1.6.0 is missing, no dependency information available
[WARNING] The artifact xml-apis:xml-apis:jar:2.0.2 has been relocated to xml-apis:xml-apis:jar:1.0.b2
[INFO] 
[INFO] --- pitest:1.6.9:mutationCoverage (default-cli) @ red5-base ---
Downloading from central: https://repo1.maven.org/maven2/org/pitest/pitest-entry/1.6.9/pitest-entry-1.6.9.pom
Progress (1): 1.3 kB
Progress (1): 5.2 kB
Progress (1): 7.3 kB
                    
Downloaded from central: https://repo1.maven.org/maven2/org/pitest/pitest-entry/1.6.9/pitest-entry-1.6.9.pom (7.3 kB at 53 kB/s)
Downloading from central: https://repo1.maven.org/maven2/org/pitest/pitest/1.6.9/pitest-1.6.9.pom
Progress (1): 1.2 kB
Progress (1): 4.8 kB
Progress (1): 7.6 kB
Progress (1): 8.4 kB
                    
Downloaded from central: https://repo1.maven.org/maven2/org/pitest/pitest/1.6.9/pitest-1.6.9.pom (8.4 kB at 107 kB/s)
Downloading from central: https://repo1.maven.org/maven2/org/pitest/pitest-html-report/1.6.9/pitest-html-report-1.6.9.pom
Progress (1): 1.7 kB
Progress (1): 4.3 kB
Progress (1): 4.8 kB
                    
Downloaded from central: https://repo1.maven.org/maven2/org/pitest/pitest-html-report/1.6.9/pitest-html-report-1.6.9.pom (4.8 kB at 19 kB/s)
Downloading from central: https://repo1.maven.org/maven2/org/pitest/pitest-aggregator/1.6.9/pitest-aggregator-1.6.9.pom
Progress (1): 1.6 kB
Progress (1): 1.7 kB
                    
Downloaded from central: https://repo1.maven.org/maven2/org/pitest/pitest-aggregator/1.6.9/pitest-aggregator-1.6.9.pom (1.7 kB at 7.2 kB/s)
Downloading from central: https://repo1.maven.org/maven2/org/apache/maven/reporting/maven-reporting-api/2.2.1/maven-reporting-api-2.2.1.pom
Progress (1): 829 B
Progress (1): 1.9 kB
                    
Downloaded from central: https://repo1.maven.org/maven2/org/apache/maven/reporting/maven-reporting-api/2.2.1/maven-reporting-api-2.2.1.pom (1.9 kB at 35 kB/s)
Downloading from central: https://repo1.maven.org/maven2/org/apache/maven/reporting/maven-reporting/2.2.1/maven-reporting-2.2.1.pom
Progress (1): 845 B
Progress (1): 1.4 kB
                    
Downloaded from central: https://repo1.maven.org/maven2/org/apache/maven/reporting/maven-reporting/2.2.1/maven-reporting-2.2.1.pom (1.4 kB at 30 kB/s)
Downloading from central: https://repo1.maven.org/maven2/org/apache/maven/doxia/doxia-sink-api/1.1/doxia-sink-api-1.1.pom
Progress (1): 827 B
Progress (1): 2.0 kB
                    
Downloaded from central: https://repo1.maven.org/maven2/org/apache/maven/doxia/doxia-sink-api/1.1/doxia-sink-api-1.1.pom (2.0 kB at 39 kB/s)
Downloading from central: https://repo1.maven.org/maven2/org/apache/maven/doxia/doxia/1.1/doxia-1.1.pom
Progress (1): 750 B
Progress (1): 2.1 kB
Progress (1): 5.3 kB
Progress (1): 10 kB 
Progress (1): 13 kB
Progress (1): 15 kB
                   
Downloaded from central: https://repo1.maven.org/maven2/org/apache/maven/doxia/doxia/1.1/doxia-1.1.pom (15 kB at 304 kB/s)
Downloading from central: https://repo1.maven.org/maven2/org/apache/maven/doxia/doxia-logging-api/1.1/doxia-logging-api-1.1.pom
Progress (1): 832 B
Progress (1): 1.6 kB
                    
Downloaded from central: https://repo1.maven.org/maven2/org/apache/maven/doxia/doxia-logging-api/1.1/doxia-logging-api-1.1.pom (1.6 kB at 32 kB/s)
Downloading from central: https://repo1.maven.org/maven2/commons-beanutils/commons-beanutils/1.9.4/commons-beanutils-1.9.4.pom
Progress (1): 764 B
Progress (1): 2.1 kB
Progress (1): 3.7 kB
Progress (1): 7.1 kB
Progress (1): 11 kB 
Progress (1): 13 kB
Progress (1): 16 kB
Progress (1): 17 kB
Progress (1): 18 kB
                   
Downloaded from central: https://repo1.maven.org/maven2/commons-beanutils/commons-beanutils/1.9.4/commons-beanutils-1.9.4.pom (18 kB at 327 kB/s)
Downloading from central: https://repo1.maven.org/maven2/org/apache/maven/reporting/maven-reporting-impl/2.0.4.3/maven-reporting-impl-2.0.4.3.pom
Progress (1): 810 B
Progress (1): 2.3 kB
Progress (1): 4.4 kB
                    
Downloaded from central: https://repo1.maven.org/maven2/org/apache/maven/reporting/maven-reporting-impl/2.0.4.3/maven-reporting-impl-2.0.4.3.pom (4.4 kB at 59 kB/s)
Downloading from central: https://repo1.maven.org/maven2/org/apache/maven/shared/maven-shared-components/14/maven-shared-components-14.pom
Progress (1): 770 B
Progress (1): 2.9 kB
Progress (1): 6.5 kB
Progress (1): 9.1 kB
Progress (1): 9.3 kB
                    
Downloaded from central: https://repo1.maven.org/maven2/org/apache/maven/shared/maven-shared-components/14/maven-shared-components-14.pom (9.3 kB at 97 kB/s)
Downloading from central: https://repo1.maven.org/maven2/org/apache/maven/maven-project/2.0.4/maven-project-2.0.4.pom
Progress (1): 1.8 kB
                    
Downloaded from central: https://repo1.maven.org/maven2/org/apache/maven/maven-project/2.0.4/maven-project-2.0.4.pom (1.8 kB at 37 kB/s)
Downloading from central: https://repo1.maven.org/maven2/org/apache/maven/maven/2.0.4/maven-2.0.4.pom
Progress (1): 900 B
Progress (1): 3.4 kB
Progress (1): 6.4 kB
Progress (1): 9.0 kB
Progress (1): 12 kB 
                   
Downloaded from central: https://repo1.maven.org/maven2/org/apache/maven/maven/2.0.4/maven-2.0.4.pom (12 kB at 241 kB/s)
Downloading from central: https://repo1.maven.org/maven2/org/apache/maven/maven-settings/2.0.4/maven-settings-2.0.4.pom
Progress (1): 1.6 kB
                    
Downloaded from central: https://repo1.maven.org/maven2/org/apache/maven/maven-settings/2.0.4/maven-settings-2.0.4.pom (1.6 kB at 36 kB/s)
Downloading from central: https://repo1.maven.org/maven2/org/apache/maven/maven-model/2.0.4/maven-model-2.0.4.pom
Progress (1): 2.4 kB
Progress (1): 2.7 kB
                    
Downloaded from central: https://repo1.maven.org/maven2/org/apache/maven/maven-model/2.0.4/maven-model-2.0.4.pom (2.7 kB at 59 kB/s)
Downloading from central: https://repo1.maven.org/maven2/org/codehaus/plexus/plexus-utils/1.1/plexus-utils-1.1.pom
Progress (1): 767 B
                   
Downloaded from central: https://repo1.maven.org/maven2/org/codehaus/plexus/plexus-utils/1.1/plexus-utils-1.1.pom (767 B at 15 kB/s)
Downloading from central: https://repo1.maven.org/maven2/org/apache/maven/maven-profile/2.0.4/maven-profile-2.0.4.pom
Progress (1): 1.6 kB
                    
Downloaded from central: https://repo1.maven.org/maven2/org/apache/maven/maven-profile/2.0.4/maven-profile-2.0.4.pom (1.6 kB at 32 kB/s)
Downloading from central: https://repo1.maven.org/maven2/org/apache/maven/maven-artifact-manager/2.0.4/maven-artifact-manager-2.0.4.pom
Progress (1): 1.4 kB
                    
Downloaded from central: https://repo1.maven.org/maven2/org/apache/maven/maven-artifact-manager/2.0.4/maven-artifact-manager-2.0.4.pom (1.4 kB at 30 kB/s)
Downloading from central: https://repo1.maven.org/maven2/org/apache/maven/maven-repository-metadata/2.0.4/maven-repository-metadata-2.0.4.pom
Progress (1): 1.5 kB
                    
Downloaded from central: https://repo1.maven.org/maven2/org/apache/maven/maven-repository-metadata/2.0.4/maven-repository-metadata-2.0.4.pom (1.5 kB at 32 kB/s)
Downloading from central: https://repo1.maven.org/maven2/org/apache/maven/maven-artifact/2.0.4/maven-artifact-2.0.4.pom
Progress (1): 765 B
                   
Downloaded from central: https://repo1.maven.org/maven2/org/apache/maven/maven-artifact/2.0.4/maven-artifact-2.0.4.pom (765 B at 17 kB/s)
Downloading from central: https://repo1.maven.org/maven2/org/apache/maven/doxia/doxia-core/1.0/doxia-core-1.0.pom
Progress (1): 821 B
Progress (1): 2.4 kB
                    
Downloaded from central: https://repo1.maven.org/maven2/org/apache/maven/doxia/doxia-core/1.0/doxia-core-1.0.pom (2.4 kB at 53 kB/s)
Downloading from central: https://repo1.maven.org/maven2/org/codehaus/plexus/plexus-utils/1.5.7/plexus-utils-1.5.7.pom
Progress (1): 994 B
Progress (1): 5.0 kB
Progress (1): 8.1 kB
                    
Downloaded from central: https://repo1.maven.org/maven2/org/codehaus/plexus/plexus-utils/1.5.7/plexus-utils-1.5.7.pom (8.1 kB at 165 kB/s)
Downloading from central: https://repo1.maven.org/maven2/org/apache/maven/maven-plugin-api/2.0.4/maven-plugin-api-2.0.4.pom
Progress (1): 643 B
                   
Downloaded from central: https://repo1.maven.org/maven2/org/apache/maven/maven-plugin-api/2.0.4/maven-plugin-api-2.0.4.pom (643 B at 11 kB/s)
Downloading from central: https://repo1.maven.org/maven2/org/apache/maven/reporting/maven-reporting-api/2.0.4/maven-reporting-api-2.0.4.pom
Progress (1): 902 B
                   
Downloaded from central: https://repo1.maven.org/maven2/org/apache/maven/reporting/maven-reporting-api/2.0.4/maven-reporting-api-2.0.4.pom (902 B at 20 kB/s)
Downloading from central: https://repo1.maven.org/maven2/org/apache/maven/reporting/maven-reporting/2.0.4/maven-reporting-2.0.4.pom
Progress (1): 700 B
                   
Downloaded from central: https://repo1.maven.org/maven2/org/apache/maven/reporting/maven-reporting/2.0.4/maven-reporting-2.0.4.pom (700 B at 15 kB/s)
Downloading from central: https://repo1.maven.org/maven2/org/apache/maven/doxia/doxia-sink-api/1.0-alpha-7/doxia-sink-api-1.0-alpha-7.pom
Progress (1): 424 B
                   
Downloaded from central: https://repo1.maven.org/maven2/org/apache/maven/doxia/doxia-sink-api/1.0-alpha-7/doxia-sink-api-1.0-alpha-7.pom (424 B at 12 kB/s)
Downloading from central: https://repo1.maven.org/maven2/org/apache/maven/doxia/doxia/1.0-alpha-7/doxia-1.0-alpha-7.pom
Progress (1): 1.6 kB
Progress (1): 3.9 kB
                    
Downloaded from central: https://repo1.maven.org/maven2/org/apache/maven/doxia/doxia/1.0-alpha-7/doxia-1.0-alpha-7.pom (3.9 kB at 75 kB/s)
Downloading from central: https://repo1.maven.org/maven2/org/apache/maven/doxia/doxia-site-renderer/1.0/doxia-site-renderer-1.0.pom
Progress (1): 797 B
Progress (1): 2.8 kB
Progress (1): 4.4 kB
                    
Downloaded from central: https://repo1.maven.org/maven2/org/apache/maven/doxia/doxia-site-renderer/1.0/doxia-site-renderer-1.0.pom (4.4 kB at 58 kB/s)
Downloading from central: https://repo1.maven.org/maven2/org/apache/maven/doxia/doxia-sitetools/1.0/doxia-sitetools-1.0.pom
Progress (1): 762 B
Progress (1): 2.3 kB
Progress (1): 6.2 kB
Progress (1): 9.6 kB
Progress (1): 9.6 kB
                    
Downloaded from central: https://repo1.maven.org/maven2/org/apache/maven/doxia/doxia-sitetools/1.0/doxia-sitetools-1.0.pom (9.6 kB at 124 kB/s)
Downloading from central: https://repo1.maven.org/maven2/org/codehaus/plexus/plexus-i18n/1.0-beta-7/plexus-i18n-1.0-beta-7.pom
Progress (1): 1.1 kB
                    
Downloaded from central: https://repo1.maven.org/maven2/org/codehaus/plexus/plexus-i18n/1.0-beta-7/plexus-i18n-1.0-beta-7.pom (1.1 kB at 24 kB/s)
Downloading from central: https://repo1.maven.org/maven2/org/codehaus/plexus/plexus-utils/1.4.1/plexus-utils-1.4.1.pom
Progress (1): 1.2 kB
Progress (1): 1.9 kB
                    
Downloaded from central: https://repo1.maven.org/maven2/org/codehaus/plexus/plexus-utils/1.4.1/plexus-utils-1.4.1.pom (1.9 kB at 42 kB/s)
Downloading from central: https://repo1.maven.org/maven2/org/codehaus/plexus/plexus-velocity/1.1.7/plexus-velocity-1.1.7.pom
Progress (1): 850 B
Progress (1): 2.0 kB
                    
Downloaded from central: https://repo1.maven.org/maven2/org/codehaus/plexus/plexus-velocity/1.1.7/plexus-velocity-1.1.7.pom (2.0 kB at 7.2 kB/s)
Downloading from central: https://repo1.maven.org/maven2/org/codehaus/plexus/plexus-container-default/1.0-alpha-20/plexus-container-default-1.0-alpha-20.pom
Progress (1): 1.7 kB
Progress (1): 3.0 kB
                    
Downloaded from central: https://repo1.maven.org/maven2/org/codehaus/plexus/plexus-container-default/1.0-alpha-20/plexus-container-default-1.0-alpha-20.pom (3.0 kB at 51 kB/s)
Downloading from central: https://repo1.maven.org/maven2/org/codehaus/plexus/plexus-containers/1.0-alpha-20/plexus-containers-1.0-alpha-20.pom
Progress (1): 1.8 kB
Progress (1): 1.9 kB
                    
Downloaded from central: https://repo1.maven.org/maven2/org/codehaus/plexus/plexus-containers/1.0-alpha-20/plexus-containers-1.0-alpha-20.pom (1.9 kB at 38 kB/s)
Downloading from central: https://repo1.maven.org/maven2/org/codehaus/plexus/plexus-utils/1.3/plexus-utils-1.3.pom
Progress (1): 1.0 kB
                    
Downloaded from central: https://repo1.maven.org/maven2/org/codehaus/plexus/plexus-utils/1.3/plexus-utils-1.3.pom (1.0 kB at 17 kB/s)
Downloading from central: https://repo1.maven.org/maven2/org/codehaus/plexus/plexus-classworlds/1.2-alpha-7/plexus-classworlds-1.2-alpha-7.pom
Progress (1): 1.7 kB
Progress (1): 2.4 kB
                    
Downloaded from central: https://repo1.maven.org/maven2/org/codehaus/plexus/plexus-classworlds/1.2-alpha-7/plexus-classworlds-1.2-alpha-7.pom (2.4 kB at 48 kB/s)
Downloading from central: https://repo1.maven.org/maven2/org/codehaus/plexus/plexus/1.0.9/plexus-1.0.9.pom
Progress (1): 1.6 kB
Progress (1): 4.9 kB
Progress (1): 7.7 kB
                    
Downloaded from central: https://repo1.maven.org/maven2/org/codehaus/plexus/plexus/1.0.9/plexus-1.0.9.pom (7.7 kB at 148 kB/s)
Downloading from central: https://repo1.maven.org/maven2/org/apache/velocity/velocity/1.5/velocity-1.5.pom
Progress (1): 1.1 kB
Progress (1): 3.1 kB
Progress (1): 6.0 kB
Progress (1): 7.8 kB
                    
Downloaded from central: https://repo1.maven.org/maven2/org/apache/velocity/velocity/1.5/velocity-1.5.pom (7.8 kB at 134 kB/s)
Downloading from central: https://repo1.maven.org/maven2/commons-lang/commons-lang/2.1/commons-lang-2.1.pom
Progress (1): 1.3 kB
Progress (1): 4.4 kB
Progress (1): 7.8 kB
Progress (1): 9.8 kB
Progress (1): 9.9 kB
                    
Downloaded from central: https://repo1.maven.org/maven2/commons-lang/commons-lang/2.1/commons-lang-2.1.pom (9.9 kB at 146 kB/s)
Downloading from central: https://repo1.maven.org/maven2/org/apache/maven/doxia/doxia-decoration-model/1.0/doxia-decoration-model-1.0.pom
Progress (1): 799 B
Progress (1): 2.8 kB
Progress (1): 3.2 kB
                    
Downloaded from central: https://repo1.maven.org/maven2/org/apache/maven/doxia/doxia-decoration-model/1.0/doxia-decoration-model-1.0.pom (3.2 kB at 56 kB/s)
Downloading from central: https://repo1.maven.org/maven2/org/apache/maven/doxia/doxia-module-apt/1.0/doxia-module-apt-1.0.pom
Progress (1): 821 B
Progress (1): 2.3 kB
                    
Downloaded from central: https://repo1.maven.org/maven2/org/apache/maven/doxia/doxia-module-apt/1.0/doxia-module-apt-1.0.pom (2.3 kB at 30 kB/s)
Downloading from central: https://repo1.maven.org/maven2/org/apache/maven/doxia/doxia-modules/1.0/doxia-modules-1.0.pom
Progress (1): 819 B
Progress (1): 2.4 kB
                    
Downloaded from central: https://repo1.maven.org/maven2/org/apache/maven/doxia/doxia-modules/1.0/doxia-modules-1.0.pom (2.4 kB at 46 kB/s)
Downloading from central: https://repo1.maven.org/maven2/org/apache/maven/doxia/doxia-module-fml/1.0/doxia-module-fml-1.0.pom
Progress (1): 817 B
Progress (1): 2.7 kB
                    
Downloaded from central: https://repo1.maven.org/maven2/org/apache/maven/doxia/doxia-module-fml/1.0/doxia-module-fml-1.0.pom (2.7 kB at 46 kB/s)
Downloading from central: https://repo1.maven.org/maven2/org/apache/maven/doxia/doxia-module-xdoc/1.0/doxia-module-xdoc-1.0.pom
Progress (1): 821 B
Progress (1): 2.2 kB
                    
Downloaded from central: https://repo1.maven.org/maven2/org/apache/maven/doxia/doxia-module-xdoc/1.0/doxia-module-xdoc-1.0.pom (2.2 kB at 31 kB/s)
Downloading from central: https://repo1.maven.org/maven2/org/apache/maven/doxia/doxia-module-xhtml/1.0/doxia-module-xhtml-1.0.pom
Progress (1): 830 B
Progress (1): 1.6 kB
                    
Downloaded from central: https://repo1.maven.org/maven2/org/apache/maven/doxia/doxia-module-xhtml/1.0/doxia-module-xhtml-1.0.pom (1.6 kB at 31 kB/s)
Downloading from central: https://repo1.maven.org/maven2/commons-validator/commons-validator/1.2.0/commons-validator-1.2.0.pom
Progress (1): 1.2 kB
Progress (1): 4.3 kB
Progress (1): 6.4 kB
Progress (1): 9.1 kB
                    
Downloaded from central: https://repo1.maven.org/maven2/commons-validator/commons-validator/1.2.0/commons-validator-1.2.0.pom (9.1 kB at 157 kB/s)
Downloading from central: https://repo1.maven.org/maven2/org/apache/maven/shared/maven-doxia-tools/1.0.2/maven-doxia-tools-1.0.2.pom
Progress (1): 808 B
Progress (1): 2.4 kB
Progress (1): 5.9 kB
                    
Downloaded from central: https://repo1.maven.org/maven2/org/apache/maven/shared/maven-doxia-tools/1.0.2/maven-doxia-tools-1.0.2.pom (5.9 kB at 115 kB/s)
Downloading from central: https://repo1.maven.org/maven2/org/apache/maven/shared/maven-shared-components/11/maven-shared-components-11.pom
Progress (1): 776 B
Progress (1): 2.9 kB
Progress (1): 6.7 kB
Progress (1): 8.3 kB
                    
Downloaded from central: https://repo1.maven.org/maven2/org/apache/maven/shared/maven-shared-components/11/maven-shared-components-11.pom (8.3 kB at 139 kB/s)
Downloading from central: https://repo1.maven.org/maven2/commons-io/commons-io/1.4/commons-io-1.4.pom
Progress (1): 786 B
Progress (1): 2.2 kB
Progress (1): 5.9 kB
Progress (1): 7.9 kB
Progress (1): 11 kB 
Progress (1): 13 kB
                   
Downloaded from central: https://repo1.maven.org/maven2/commons-io/commons-io/1.4/commons-io-1.4.pom (13 kB at 197 kB/s)
Downloading from central: https://repo1.maven.org/maven2/org/apache/commons/commons-parent/7/commons-parent-7.pom
Progress (1): 754 B
Progress (1): 2.1 kB
Progress (1): 4.2 kB
Progress (1): 8.3 kB
Progress (1): 11 kB 
Progress (1): 17 kB
Progress (1): 17 kB
                   
Downloaded from central: https://repo1.maven.org/maven2/org/apache/commons/commons-parent/7/commons-parent-7.pom (17 kB at 312 kB/s)
Downloading from central: https://repo1.maven.org/maven2/org/apache/maven/maven-artifact/2.0.6/maven-artifact-2.0.6.pom
Progress (1): 835 B
Progress (1): 1.6 kB
                    
Downloaded from central: https://repo1.maven.org/maven2/org/apache/maven/maven-artifact/2.0.6/maven-artifact-2.0.6.pom (1.6 kB at 33 kB/s)
Downloading from central: https://repo1.maven.org/maven2/org/apache/maven/maven/2.0.6/maven-2.0.6.pom
Progress (1): 782 B
Progress (1): 2.0 kB
Progress (1): 4.4 kB
Progress (1): 9.0 kB
                    
Downloaded from central: https://repo1.maven.org/maven2/org/apache/maven/maven/2.0.6/maven-2.0.6.pom (9.0 kB at 174 kB/s)
Downloading from central: https://repo1.maven.org/maven2/org/apache/maven/maven-artifact-manager/2.0.6/maven-artifact-manager-2.0.6.pom
Progress (1): 816 B
Progress (1): 2.6 kB
                    
Downloaded from central: https://repo1.maven.org/maven2/org/apache/maven/maven-artifact-manager/2.0.6/maven-artifact-manager-2.0.6.pom (2.6 kB at 43 kB/s)
Downloading from central: https://repo1.maven.org/maven2/org/apache/maven/maven-repository-metadata/2.0.6/maven-repository-metadata-2.0.6.pom
Progress (1): 832 B
Progress (1): 1.9 kB
                    
Downloaded from central: https://repo1.maven.org/maven2/org/apache/maven/maven-repository-metadata/2.0.6/maven-repository-metadata-2.0.6.pom (1.9 kB at 40 kB/s)
Downloading from central: https://repo1.maven.org/maven2/org/apache/maven/maven-model/2.0.6/maven-model-2.0.6.pom
Progress (1): 814 B
Progress (1): 3.0 kB
Progress (1): 3.0 kB
                    
Downloaded from central: https://repo1.maven.org/maven2/org/apache/maven/maven-model/2.0.6/maven-model-2.0.6.pom (3.0 kB at 57 kB/s)
Downloading from central: https://repo1.maven.org/maven2/org/apache/maven/maven-project/2.0.6/maven-project-2.0.6.pom
Progress (1): 823 B
Progress (1): 2.6 kB
                    
Downloaded from central: https://repo1.maven.org/maven2/org/apache/maven/maven-project/2.0.6/maven-project-2.0.6.pom (2.6 kB at 53 kB/s)
Downloading from central: https://repo1.maven.org/maven2/org/apache/maven/maven-settings/2.0.6/maven-settings-2.0.6.pom
Progress (1): 830 B
Progress (1): 2.0 kB
                    
Downloaded from central: https://repo1.maven.org/maven2/org/apache/maven/maven-settings/2.0.6/maven-settings-2.0.6.pom (2.0 kB at 41 kB/s)
Downloading from central: https://repo1.maven.org/maven2/org/apache/maven/maven-profile/2.0.6/maven-profile-2.0.6.pom
Progress (1): 830 B
Progress (1): 2.0 kB
                    
Downloaded from central: https://repo1.maven.org/maven2/org/apache/maven/maven-profile/2.0.6/maven-profile-2.0.6.pom (2.0 kB at 36 kB/s)
Downloading from central: https://repo1.maven.org/maven2/org/apache/maven/maven-plugin-registry/2.0.6/maven-plugin-registry-2.0.6.pom
Progress (1): 830 B
Progress (1): 1.9 kB
                    
Downloaded from central: https://repo1.maven.org/maven2/org/apache/maven/maven-plugin-registry/2.0.6/maven-plugin-registry-2.0.6.pom (1.9 kB at 34 kB/s)
Downloading from central: https://repo1.maven.org/maven2/org/apache/maven/reporting/maven-reporting-api/2.0.6/maven-reporting-api-2.0.6.pom
Progress (1): 830 B
Progress (1): 1.8 kB
                    
Downloaded from central: https://repo1.maven.org/maven2/org/apache/maven/reporting/maven-reporting-api/2.0.6/maven-reporting-api-2.0.6.pom (1.8 kB at 34 kB/s)
Downloading from central: https://repo1.maven.org/maven2/org/apache/maven/reporting/maven-reporting/2.0.6/maven-reporting-2.0.6.pom
Progress (1): 835 B
Progress (1): 1.4 kB
                    
Downloaded from central: https://repo1.maven.org/maven2/org/apache/maven/reporting/maven-reporting/2.0.6/maven-reporting-2.0.6.pom (1.4 kB at 25 kB/s)
Downloading from central: https://repo1.maven.org/maven2/org/apache/maven/maven-project/2.2.1/maven-project-2.2.1.pom
Progress (1): 827 B
Progress (1): 2.8 kB
                    
Downloaded from central: https://repo1.maven.org/maven2/org/apache/maven/maven-project/2.2.1/maven-project-2.2.1.pom (2.8 kB at 52 kB/s)
Downloading from central: https://repo1.maven.org/maven2/org/apache/maven/maven-settings/2.2.1/maven-settings-2.2.1.pom
Progress (1): 820 B
Progress (1): 2.2 kB
                    
Downloaded from central: https://repo1.maven.org/maven2/org/apache/maven/maven-settings/2.2.1/maven-settings-2.2.1.pom (2.2 kB at 40 kB/s)
Downloading from central: https://repo1.maven.org/maven2/org/codehaus/plexus/plexus-utils/1.5.15/plexus-utils-1.5.15.pom
Progress (1): 794 B
Progress (1): 2.2 kB
Progress (1): 4.8 kB
Progress (1): 6.8 kB
                    
Downloaded from central: https://repo1.maven.org/maven2/org/codehaus/plexus/plexus-utils/1.5.15/plexus-utils-1.5.15.pom (6.8 kB at 75 kB/s)
Downloading from central: https://repo1.maven.org/maven2/org/codehaus/plexus/plexus-interpolation/1.11/plexus-interpolation-1.11.pom
Progress (1): 889 B
                   
Downloaded from central: https://repo1.maven.org/maven2/org/codehaus/plexus/plexus-interpolation/1.11/plexus-interpolation-1.11.pom (889 B at 17 kB/s)
Downloading from central: https://repo1.maven.org/maven2/org/codehaus/plexus/plexus-components/1.1.14/plexus-components-1.1.14.pom
Progress (1): 1.2 kB
Progress (1): 3.7 kB
Progress (1): 5.8 kB
                    
Downloaded from central: https://repo1.maven.org/maven2/org/codehaus/plexus/plexus-components/1.1.14/plexus-components-1.1.14.pom (5.8 kB at 119 kB/s)
Downloading from central: https://repo1.maven.org/maven2/org/apache/maven/maven-profile/2.2.1/maven-profile-2.2.1.pom
Progress (1): 829 B
Progress (1): 2.2 kB
                    
Downloaded from central: https://repo1.maven.org/maven2/org/apache/maven/maven-profile/2.2.1/maven-profile-2.2.1.pom (2.2 kB at 45 kB/s)
Downloading from central: https://repo1.maven.org/maven2/org/apache/maven/maven-artifact-manager/2.2.1/maven-artifact-manager-2.2.1.pom
Progress (1): 813 B
Progress (1): 3.1 kB
                    
Downloaded from central: https://repo1.maven.org/maven2/org/apache/maven/maven-artifact-manager/2.2.1/maven-artifact-manager-2.2.1.pom (3.1 kB at 66 kB/s)
Downloading from central: https://repo1.maven.org/maven2/org/apache/maven/maven-repository-metadata/2.2.1/maven-repository-metadata-2.2.1.pom
Progress (1): 830 B
Progress (1): 1.9 kB
                    
Downloaded from central: https://repo1.maven.org/maven2/org/apache/maven/maven-repository-metadata/2.2.1/maven-repository-metadata-2.2.1.pom (1.9 kB at 26 kB/s)
Downloading from central: https://repo1.maven.org/maven2/backport-util-concurrent/backport-util-concurrent/3.1/backport-util-concurrent-3.1.pom
Progress (1): 880 B
                   
Downloaded from central: https://repo1.maven.org/maven2/backport-util-concurrent/backport-util-concurrent/3.1/backport-util-concurrent-3.1.pom (880 B at 15 kB/s)
Downloading from central: https://repo1.maven.org/maven2/org/apache/maven/maven-plugin-registry/2.2.1/maven-plugin-registry-2.2.1.pom
Progress (1): 829 B
Progress (1): 1.9 kB
                    
Downloaded from central: https://repo1.maven.org/maven2/org/apache/maven/maven-plugin-registry/2.2.1/maven-plugin-registry-2.2.1.pom (1.9 kB at 37 kB/s)
Downloading from central: https://repo1.maven.org/maven2/org/apache/maven/scm/maven-scm-api/1.9.4/maven-scm-api-1.9.4.pom
Progress (1): 876 B
Progress (1): 1.6 kB
                    
Downloaded from central: https://repo1.maven.org/maven2/org/apache/maven/scm/maven-scm-api/1.9.4/maven-scm-api-1.9.4.pom (1.6 kB at 17 kB/s)
Downloading from central: https://repo1.maven.org/maven2/org/apache/maven/scm/maven-scm/1.9.4/maven-scm-1.9.4.pom
Progress (1): 796 B
Progress (1): 2.7 kB
Progress (1): 5.7 kB
Progress (1): 12 kB 
Progress (1): 15 kB
Progress (1): 20 kB
Progress (1): 22 kB
                   
Downloaded from central: https://repo1.maven.org/maven2/org/apache/maven/scm/maven-scm/1.9.4/maven-scm-1.9.4.pom (22 kB at 280 kB/s)
Downloading from central: https://repo1.maven.org/maven2/org/apache/maven/maven-parent/26/maven-parent-26.pom
Progress (1): 729 B
Progress (1): 2.0 kB
Progress (1): 6.0 kB
Progress (1): 10 kB 
Progress (1): 15 kB
Progress (1): 18 kB
Progress (1): 23 kB
Progress (1): 24 kB
Progress (1): 27 kB
Progress (1): 30 kB
Progress (1): 32 kB
Progress (1): 36 kB
Progress (1): 40 kB
                   
Downloaded from central: https://repo1.maven.org/maven2/org/apache/maven/maven-parent/26/maven-parent-26.pom (40 kB at 663 kB/s)
Downloading from central: https://repo1.maven.org/maven2/org/codehaus/plexus/plexus-utils/3.0.15/plexus-utils-3.0.15.pom
Progress (1): 817 B
Progress (1): 2.3 kB
Progress (1): 3.1 kB
                    
Downloaded from central: https://repo1.maven.org/maven2/org/codehaus/plexus/plexus-utils/3.0.15/plexus-utils-3.0.15.pom (3.1 kB at 64 kB/s)
Downloading from central: https://repo1.maven.org/maven2/org/apache/maven/scm/maven-scm-manager-plexus/1.9.4/maven-scm-manager-plexus-1.9.4.pom
Progress (1): 869 B
Progress (1): 2.2 kB
                    
Downloaded from central: https://repo1.maven.org/maven2/org/apache/maven/scm/maven-scm-manager-plexus/1.9.4/maven-scm-manager-plexus-1.9.4.pom (2.2 kB at 28 kB/s)
Downloading from central: https://repo1.maven.org/maven2/org/apache/maven/scm/maven-scm-managers/1.9.4/maven-scm-managers-1.9.4.pom
Progress (1): 874 B
Progress (1): 1.5 kB
                    
Downloaded from central: https://repo1.maven.org/maven2/org/apache/maven/scm/maven-scm-managers/1.9.4/maven-scm-managers-1.9.4.pom (1.5 kB at 24 kB/s)
Downloading from central: https://repo1.maven.org/maven2/org/codehaus/groovy/groovy-all/2.4.18/groovy-all-2.4.18.pom
Progress (1): 1.0 kB
Progress (1): 4.5 kB
Progress (1): 8.2 kB
Progress (1): 12 kB 
Progress (1): 15 kB
Progress (1): 19 kB
Progress (1): 22 kB
                   
Downloaded from central: https://repo1.maven.org/maven2/org/codehaus/groovy/groovy-all/2.4.18/groovy-all-2.4.18.pom (22 kB at 267 kB/s)
Downloading from central: https://repo1.maven.org/maven2/org/apache/maven/scm/maven-scm-providers-standard/1.9.4/maven-scm-providers-standard-1.9.4.pom
Progress (1): 859 B
Progress (1): 3.9 kB
                    
Downloaded from central: https://repo1.maven.org/maven2/org/apache/maven/scm/maven-scm-providers-standard/1.9.4/maven-scm-providers-standard-1.9.4.pom (3.9 kB at 48 kB/s)
Downloading from central: https://repo1.maven.org/maven2/org/apache/maven/scm/maven-scm-providers/1.9.4/maven-scm-providers-1.9.4.pom
Progress (1): 841 B
Progress (1): 2.9 kB
Progress (1): 3.5 kB
                    
Downloaded from central: https://repo1.maven.org/maven2/org/apache/maven/scm/maven-scm-providers/1.9.4/maven-scm-providers-1.9.4.pom (3.5 kB at 42 kB/s)
Downloading from central: https://repo1.maven.org/maven2/org/apache/maven/scm/maven-scm-provider-accurev/1.9.4/maven-scm-provider-accurev-1.9.4.pom
Progress (1): 841 B
Progress (1): 2.7 kB
Progress (1): 3.2 kB
                    
Downloaded from central: https://repo1.maven.org/maven2/org/apache/maven/scm/maven-scm-provider-accurev/1.9.4/maven-scm-provider-accurev-1.9.4.pom (3.2 kB at 38 kB/s)
Downloading from central: https://repo1.maven.org/maven2/org/apache/maven/scm/maven-scm-provider-bazaar/1.9.4/maven-scm-provider-bazaar-1.9.4.pom
Progress (1): 870 B
Progress (1): 1.9 kB
                    
Downloaded from central: https://repo1.maven.org/maven2/org/apache/maven/scm/maven-scm-provider-bazaar/1.9.4/maven-scm-provider-bazaar-1.9.4.pom (1.9 kB at 22 kB/s)
Downloading from central: https://repo1.maven.org/maven2/org/apache/maven/scm/maven-scm-provider-clearcase/1.9.4/maven-scm-provider-clearcase-1.9.4.pom
Progress (1): 859 B
Progress (1): 2.6 kB
Progress (1): 2.6 kB
                    
Downloaded from central: https://repo1.maven.org/maven2/org/apache/maven/scm/maven-scm-provider-clearcase/1.9.4/maven-scm-provider-clearcase-1.9.4.pom (2.6 kB at 34 kB/s)
Downloading from central: https://repo1.maven.org/maven2/org/apache/maven/scm/maven-scm-provider-cvsexe/1.9.4/maven-scm-provider-cvsexe-1.9.4.pom
Progress (1): 859 B
Progress (1): 2.6 kB
Progress (1): 2.7 kB
                    
Downloaded from central: https://repo1.maven.org/maven2/org/apache/maven/scm/maven-scm-provider-cvsexe/1.9.4/maven-scm-provider-cvsexe-1.9.4.pom (2.7 kB at 36 kB/s)
Downloading from central: https://repo1.maven.org/maven2/org/apache/maven/scm/maven-scm-providers-cvs/1.9.4/maven-scm-providers-cvs-1.9.4.pom
Progress (1): 874 B
Progress (1): 1.7 kB
                    
Downloaded from central: https://repo1.maven.org/maven2/org/apache/maven/scm/maven-scm-providers-cvs/1.9.4/maven-scm-providers-cvs-1.9.4.pom (1.7 kB at 23 kB/s)
Downloading from central: https://repo1.maven.org/maven2/org/apache/maven/scm/maven-scm-provider-cvs-commons/1.9.4/maven-scm-provider-cvs-commons-1.9.4.pom
Progress (1): 864 B
Progress (1): 2.3 kB
                    
Downloaded from central: https://repo1.maven.org/maven2/org/apache/maven/scm/maven-scm-provider-cvs-commons/1.9.4/maven-scm-provider-cvs-commons-1.9.4.pom (2.3 kB at 47 kB/s)
Downloading from central: https://repo1.maven.org/maven2/org/apache/maven/scm/maven-scm-provider-cvsjava/1.9.4/maven-scm-provider-cvsjava-1.9.4.pom
Progress (1): 864 B
Progress (1): 2.6 kB
                    
Downloaded from central: https://repo1.maven.org/maven2/org/apache/maven/scm/maven-scm-provider-cvsjava/1.9.4/maven-scm-provider-cvsjava-1.9.4.pom (2.6 kB at 39 kB/s)
Downloading from central: https://repo1.maven.org/maven2/org/netbeans/lib/cvsclient/20060125/cvsclient-20060125.pom
Progress (1): 459 B
                   
Downloaded from central: https://repo1.maven.org/maven2/org/netbeans/lib/cvsclient/20060125/cvsclient-20060125.pom (459 B at 6.7 kB/s)
Downloading from central: https://repo1.maven.org/maven2/ch/ethz/ganymed/ganymed-ssh2/build210/ganymed-ssh2-build210.pom
Progress (1): 710 B
                   
Downloaded from central: https://repo1.maven.org/maven2/ch/ethz/ganymed/ganymed-ssh2/build210/ganymed-ssh2-build210.pom (710 B at 10 kB/s)
Downloading from central: https://repo1.maven.org/maven2/org/apache/maven/scm/maven-scm-provider-gitexe/1.9.4/maven-scm-provider-gitexe-1.9.4.pom
Progress (1): 864 B
Progress (1): 2.5 kB
                    
Downloaded from central: https://repo1.maven.org/maven2/org/apache/maven/scm/maven-scm-provider-gitexe/1.9.4/maven-scm-provider-gitexe-1.9.4.pom (2.5 kB at 34 kB/s)
Downloading from central: https://repo1.maven.org/maven2/org/apache/maven/scm/maven-scm-providers-git/1.9.4/maven-scm-providers-git-1.9.4.pom
Progress (1): 864 B
Progress (1): 2.2 kB
                    
Downloaded from central: https://repo1.maven.org/maven2/org/apache/maven/scm/maven-scm-providers-git/1.9.4/maven-scm-providers-git-1.9.4.pom (2.2 kB at 28 kB/s)
Downloading from central: https://repo1.maven.org/maven2/commons-io/commons-io/2.2/commons-io-2.2.pom
Progress (1): 797 B
Progress (1): 2.1 kB
Progress (1): 5.6 kB
Progress (1): 7.8 kB
Progress (1): 10.0 kB
Progress (1): 11 kB  
                   
Downloaded from central: https://repo1.maven.org/maven2/commons-io/commons-io/2.2/commons-io-2.2.pom (11 kB at 216 kB/s)
Downloading from central: https://repo1.maven.org/maven2/org/apache/commons/commons-parent/24/commons-parent-24.pom
Progress (1): 719 B
Progress (1): 1.9 kB
Progress (1): 3.2 kB
Progress (1): 4.7 kB
Progress (1): 8.3 kB
Progress (1): 12 kB 
Progress (1): 16 kB
Progress (1): 19 kB
Progress (1): 21 kB
Progress (1): 24 kB
Progress (1): 29 kB
Progress (1): 35 kB
Progress (1): 38 kB
Progress (1): 40 kB
Progress (1): 43 kB
Progress (1): 43 kB
Progress (1): 45 kB
Progress (1): 47 kB
Progress (1): 47 kB
                   
Downloaded from central: https://repo1.maven.org/maven2/org/apache/commons/commons-parent/24/commons-parent-24.pom (47 kB at 927 kB/s)
Downloading from central: https://repo1.maven.org/maven2/org/apache/apache/9/apache-9.pom
Progress (1): 753 B
Progress (1): 2.0 kB
Progress (1): 3.7 kB
Progress (1): 7.1 kB
Progress (1): 11 kB 
Progress (1): 14 kB
Progress (1): 15 kB
                   
Downloaded from central: https://repo1.maven.org/maven2/org/apache/apache/9/apache-9.pom (15 kB at 297 kB/s)
Downloading from central: https://repo1.maven.org/maven2/commons-lang/commons-lang/2.6/commons-lang-2.6.pom
Progress (1): 783 B
Progress (1): 2.2 kB
Progress (1): 6.0 kB
Progress (1): 10 kB 
Progress (1): 13 kB
Progress (1): 16 kB
Progress (1): 17 kB
                   
Downloaded from central: https://repo1.maven.org/maven2/commons-lang/commons-lang/2.6/commons-lang-2.6.pom (17 kB at 350 kB/s)
Downloading from central: https://repo1.maven.org/maven2/org/apache/commons/commons-parent/17/commons-parent-17.pom
Progress (1): 732 B
Progress (1): 2.1 kB
Progress (1): 5.7 kB
Progress (1): 8.9 kB
Progress (1): 13 kB 
Progress (1): 15 kB
Progress (1): 18 kB
Progress (1): 24 kB
Progress (1): 27 kB
Progress (1): 30 kB
Progress (1): 31 kB
                   
Downloaded from central: https://repo1.maven.org/maven2/org/apache/commons/commons-parent/17/commons-parent-17.pom (31 kB at 709 kB/s)
Downloading from central: https://repo1.maven.org/maven2/org/apache/maven/scm/maven-scm-provider-git-commons/1.9.4/maven-scm-provider-git-commons-1.9.4.pom
Progress (1): 864 B
Progress (1): 2.1 kB
                    
Downloaded from central: https://repo1.maven.org/maven2/org/apache/maven/scm/maven-scm-provider-git-commons/1.9.4/maven-scm-provider-git-commons-1.9.4.pom (2.1 kB at 28 kB/s)
Downloading from central: https://repo1.maven.org/maven2/org/apache/maven/scm/maven-scm-provider-hg/1.9.4/maven-scm-provider-hg-1.9.4.pom
Progress (1): 864 B
Progress (1): 2.3 kB
                    
Downloaded from central: https://repo1.maven.org/maven2/org/apache/maven/scm/maven-scm-provider-hg/1.9.4/maven-scm-provider-hg-1.9.4.pom (2.3 kB at 36 kB/s)
Downloading from central: https://repo1.maven.org/maven2/org/apache/maven/scm/maven-scm-provider-perforce/1.9.4/maven-scm-provider-perforce-1.9.4.pom
Progress (1): 863 B
Progress (1): 2.3 kB
Progress (1): 2.5 kB
                    
Downloaded from central: https://repo1.maven.org/maven2/org/apache/maven/scm/maven-scm-provider-perforce/1.9.4/maven-scm-provider-perforce-1.9.4.pom (2.5 kB at 32 kB/s)
Downloading from central: https://repo1.maven.org/maven2/org/apache/maven/scm/maven-scm-provider-starteam/1.9.4/maven-scm-provider-starteam-1.9.4.pom
Progress (1): 859 B
Progress (1): 2.6 kB
Progress (1): 2.6 kB
                    
Downloaded from central: https://repo1.maven.org/maven2/org/apache/maven/scm/maven-scm-provider-starteam/1.9.4/maven-scm-provider-starteam-1.9.4.pom (2.6 kB at 35 kB/s)
Downloading from central: https://repo1.maven.org/maven2/org/apache/maven/scm/maven-scm-provider-svnexe/1.9.4/maven-scm-provider-svnexe-1.9.4.pom
Progress (1): 864 B
Progress (1): 2.6 kB
                    
Downloaded from central: https://repo1.maven.org/maven2/org/apache/maven/scm/maven-scm-provider-svnexe/1.9.4/maven-scm-provider-svnexe-1.9.4.pom (2.6 kB at 34 kB/s)
Downloading from central: https://repo1.maven.org/maven2/org/apache/maven/scm/maven-scm-providers-svn/1.9.4/maven-scm-providers-svn-1.9.4.pom
Progress (1): 868 B
Progress (1): 2.1 kB
                    
Downloaded from central: https://repo1.maven.org/maven2/org/apache/maven/scm/maven-scm-providers-svn/1.9.4/maven-scm-providers-svn-1.9.4.pom (2.1 kB at 39 kB/s)
Downloading from central: https://repo1.maven.org/maven2/org/apache/maven/scm/maven-scm-provider-svn-commons/1.9.4/maven-scm-provider-svn-commons-1.9.4.pom
Progress (1): 859 B
Progress (1): 2.6 kB
Progress (1): 2.7 kB
                    
Downloaded from central: https://repo1.maven.org/maven2/org/apache/maven/scm/maven-scm-provider-svn-commons/1.9.4/maven-scm-provider-svn-commons-1.9.4.pom (2.7 kB at 36 kB/s)
Downloading from central: https://repo1.maven.org/maven2/org/apache/maven/scm/maven-scm-provider-synergy/1.9.4/maven-scm-provider-synergy-1.9.4.pom
Progress (1): 870 B
Progress (1): 2.0 kB
                    
Downloaded from central: https://repo1.maven.org/maven2/org/apache/maven/scm/maven-scm-provider-synergy/1.9.4/maven-scm-provider-synergy-1.9.4.pom (2.0 kB at 28 kB/s)
Downloading from central: https://repo1.maven.org/maven2/org/apache/maven/scm/maven-scm-provider-vss/1.9.4/maven-scm-provider-vss-1.9.4.pom
Progress (1): 841 B
Progress (1): 2.5 kB
Progress (1): 3.3 kB
                    
Downloaded from central: https://repo1.maven.org/maven2/org/apache/maven/scm/maven-scm-provider-vss/1.9.4/maven-scm-provider-vss-1.9.4.pom (3.3 kB at 41 kB/s)
Downloading from central: https://repo1.maven.org/maven2/org/apache/maven/scm/maven-scm-provider-tfs/1.9.4/maven-scm-provider-tfs-1.9.4.pom
Progress (1): 841 B
Progress (1): 2.5 kB
Progress (1): 2.8 kB
                    
Downloaded from central: https://repo1.maven.org/maven2/org/apache/maven/scm/maven-scm-provider-tfs/1.9.4/maven-scm-provider-tfs-1.9.4.pom (2.8 kB at 44 kB/s)
Downloading from central: https://repo1.maven.org/maven2/org/apache/maven/scm/maven-scm-provider-integrity/1.9.4/maven-scm-provider-integrity-1.9.4.pom
Progress (1): 830 B
Progress (1): 2.7 kB
Progress (1): 4.3 kB
                    
Downloaded from central: https://repo1.maven.org/maven2/org/apache/maven/scm/maven-scm-provider-integrity/1.9.4/maven-scm-provider-integrity-1.9.4.pom (4.3 kB at 57 kB/s)
Downloading from central: https://repo1.maven.org/maven2/com/mks/api/mksapi-jar/4.10.9049/mksapi-jar-4.10.9049.pom
Progress (1): 1.1 kB
                    
Downloaded from central: https://repo1.maven.org/maven2/com/mks/api/mksapi-jar/4.10.9049/mksapi-jar-4.10.9049.pom (1.1 kB at 13 kB/s)
Downloading from central: https://repo1.maven.org/maven2/org/codehaus/groovy/groovy-all/1.7.6/groovy-all-1.7.6.pom
Progress (1): 1.1 kB
Progress (1): 4.1 kB
Progress (1): 8.7 kB
Progress (1): 13 kB 
Progress (1): 17 kB
Progress (1): 21 kB
Progress (1): 25 kB
Progress (1): 27 kB
                   
Downloaded from central: https://repo1.maven.org/maven2/org/codehaus/groovy/groovy-all/1.7.6/groovy-all-1.7.6.pom (27 kB at 339 kB/s)
Downloading from central: https://repo1.maven.org/maven2/org/apache/maven/scm/maven-scm-provider-jazz/1.9.4/maven-scm-provider-jazz-1.9.4.pom
Progress (1): 828 B
Progress (1): 2.3 kB
Progress (1): 3.6 kB
                    
Downloaded from central: https://repo1.maven.org/maven2/org/apache/maven/scm/maven-scm-provider-jazz/1.9.4/maven-scm-provider-jazz-1.9.4.pom (3.6 kB at 59 kB/s)
Downloading from central: https://repo1.maven.org/maven2/org/apache/maven/surefire/surefire-booter/2.17/surefire-booter-2.17.pom
Progress (1): 844 B
Progress (1): 2.8 kB
                    
Downloaded from central: https://repo1.maven.org/maven2/org/apache/maven/surefire/surefire-booter/2.17/surefire-booter-2.17.pom (2.8 kB at 32 kB/s)
Downloading from central: https://repo1.maven.org/maven2/org/apache/maven/surefire/surefire/2.17/surefire-2.17.pom
Progress (1): 805 B
Progress (1): 2.4 kB
Progress (1): 5.1 kB
Progress (1): 10 kB 
Progress (1): 13 kB
Progress (1): 16 kB
Progress (1): 17 kB
                   
Downloaded from central: https://repo1.maven.org/maven2/org/apache/maven/surefire/surefire/2.17/surefire-2.17.pom (17 kB at 284 kB/s)
Downloading from central: https://repo1.maven.org/maven2/org/apache/maven/surefire/surefire-api/2.17/surefire-api-2.17.pom
Progress (1): 1.6 kB
Progress (1): 2.3 kB
                    
Downloaded from central: https://repo1.maven.org/maven2/org/apache/maven/surefire/surefire-api/2.17/surefire-api-2.17.pom (2.3 kB at 32 kB/s)
Downloading from central: https://repo1.maven.org/maven2/org/apache/maven/surefire/maven-surefire-common/2.17/maven-surefire-common-2.17.pom
Progress (1): 1.4 kB
Progress (1): 6.1 kB
                    
Downloaded from central: https://repo1.maven.org/maven2/org/apache/maven/surefire/maven-surefire-common/2.17/maven-surefire-common-2.17.pom (6.1 kB at 56 kB/s)
Downloading from central: https://repo1.maven.org/maven2/org/apache/maven/plugin-tools/maven-plugin-annotations/3.2/maven-plugin-annotations-3.2.pom
Progress (1): 871 B
Progress (1): 1.6 kB
                    
Downloaded from central: https://repo1.maven.org/maven2/org/apache/maven/plugin-tools/maven-plugin-annotations/3.2/maven-plugin-annotations-3.2.pom (1.6 kB at 35 kB/s)
Downloading from central: https://repo1.maven.org/maven2/org/apache/maven/plugin-tools/maven-plugin-tools/3.2/maven-plugin-tools-3.2.pom
Progress (1): 800 B
Progress (1): 2.2 kB
Progress (1): 6.4 kB
Progress (1): 11 kB 
Progress (1): 14 kB
Progress (1): 17 kB
                   
Downloaded from central: https://repo1.maven.org/maven2/org/apache/maven/plugin-tools/maven-plugin-tools/3.2/maven-plugin-tools-3.2.pom (17 kB at 324 kB/s)
Downloading from central: https://repo1.maven.org/maven2/org/apache/maven/maven-parent/22/maven-parent-22.pom
Progress (1): 733 B
Progress (1): 2.0 kB
Progress (1): 6.1 kB
Progress (1): 11 kB 
Progress (1): 15 kB
Progress (1): 19 kB
Progress (1): 22 kB
Progress (1): 24 kB
Progress (1): 28 kB
Progress (1): 30 kB
                   
Downloaded from central: https://repo1.maven.org/maven2/org/apache/maven/maven-parent/22/maven-parent-22.pom (30 kB at 583 kB/s)
Downloading from central: https://repo1.maven.org/maven2/org/apache/apache/11/apache-11.pom
Progress (1): 749 B
Progress (1): 2.1 kB
Progress (1): 4.1 kB
Progress (1): 8.8 kB
Progress (1): 12 kB 
Progress (1): 15 kB
                   
Downloaded from central: https://repo1.maven.org/maven2/org/apache/apache/11/apache-11.pom (15 kB at 296 kB/s)
Downloading from central: https://repo1.maven.org/maven2/org/apache/maven/doxia/doxia-sink-api/1.0-alpha-10/doxia-sink-api-1.0-alpha-10.pom
Progress (1): 835 B
Progress (1): 1.3 kB
                    
Downloaded from central: https://repo1.maven.org/maven2/org/apache/maven/doxia/doxia-sink-api/1.0-alpha-10/doxia-sink-api-1.0-alpha-10.pom (1.3 kB at 22 kB/s)
Downloading from central: https://repo1.maven.org/maven2/org/apache/maven/doxia/doxia/1.0-alpha-10/doxia-1.0-alpha-10.pom
Progress (1): 762 B
Progress (1): 2.2 kB
Progress (1): 5.1 kB
Progress (1): 9.0 kB
Progress (1): 9.2 kB
                    
Downloaded from central: https://repo1.maven.org/maven2/org/apache/maven/doxia/doxia/1.0-alpha-10/doxia-1.0-alpha-10.pom (9.2 kB at 143 kB/s)
Downloading from central: https://repo1.maven.org/maven2/commons-cli/commons-cli/1.0/commons-cli-1.0.pom
Progress (1): 1.4 kB
Progress (1): 2.1 kB
                    
Downloaded from central: https://repo1.maven.org/maven2/commons-cli/commons-cli/1.0/commons-cli-1.0.pom (2.1 kB at 42 kB/s)
Downloading from central: https://repo1.maven.org/maven2/org/codehaus/plexus/plexus-interactivity-api/1.0-alpha-4/plexus-interactivity-api-1.0-alpha-4.pom
Progress (1): 1.4 kB
Progress (1): 4.3 kB
Progress (1): 7.1 kB
                    
Downloaded from central: https://repo1.maven.org/maven2/org/codehaus/plexus/plexus-interactivity-api/1.0-alpha-4/plexus-interactivity-api-1.0-alpha-4.pom (7.1 kB at 136 kB/s)
Downloading from central: https://repo1.maven.org/maven2/org/apache/commons/commons-lang3/3.1/commons-lang3-3.1.pom
Progress (1): 774 B
Progress (1): 2.1 kB
Progress (1): 5.5 kB
Progress (1): 9.0 kB
Progress (1): 12 kB 
Progress (1): 14 kB
Progress (1): 17 kB
                   
Downloaded from central: https://repo1.maven.org/maven2/org/apache/commons/commons-lang3/3.1/commons-lang3-3.1.pom (17 kB at 293 kB/s)
Downloading from central: https://repo1.maven.org/maven2/org/apache/commons/commons-parent/22/commons-parent-22.pom
Progress (1): 724 B
Progress (1): 1.9 kB
Progress (1): 3.4 kB
Progress (1): 7.0 kB
Progress (1): 9.8 kB
Progress (1): 14 kB 
Progress (1): 17 kB
Progress (1): 19 kB
Progress (1): 23 kB
Progress (1): 30 kB
Progress (1): 33 kB
Progress (1): 36 kB
Progress (1): 38 kB
Progress (1): 41 kB
Progress (1): 42 kB
                   
Downloaded from central: https://repo1.maven.org/maven2/org/apache/commons/commons-parent/22/commons-parent-22.pom (42 kB at 776 kB/s)
Downloading from central: https://repo1.maven.org/maven2/org/apache/maven/maven-toolchain/2.2.1/maven-toolchain-2.2.1.pom
Progress (1): 805 B
Progress (1): 2.8 kB
Progress (1): 3.3 kB
                    
Downloaded from central: https://repo1.maven.org/maven2/org/apache/maven/maven-toolchain/2.2.1/maven-toolchain-2.2.1.pom (3.3 kB at 64 kB/s)
Downloading from central: https://repo1.maven.org/maven2/org/apache/maven/maven-core/2.2.1/maven-core-2.2.1.pom
Progress (1): 772 B
Progress (1): 2.5 kB
Progress (1): 6.9 kB
Progress (1): 9.9 kB
Progress (1): 12 kB 
                   
Downloaded from central: https://repo1.maven.org/maven2/org/apache/maven/maven-core/2.2.1/maven-core-2.2.1.pom (12 kB at 219 kB/s)
Downloading from central: https://repo1.maven.org/maven2/org/apache/maven/maven-plugin-parameter-documenter/2.2.1/maven-plugin-parameter-documenter-2.2.1.pom
Progress (1): 828 B
Progress (1): 2.0 kB
                    
Downloaded from central: https://repo1.maven.org/maven2/org/apache/maven/maven-plugin-parameter-documenter/2.2.1/maven-plugin-parameter-documenter-2.2.1.pom (2.0 kB at 42 kB/s)
Downloading from central: https://repo1.maven.org/maven2/org/slf4j/slf4j-jdk14/1.5.6/slf4j-jdk14-1.5.6.pom
Progress (1): 1.4 kB
Progress (1): 1.9 kB
                    
Downloaded from central: https://repo1.maven.org/maven2/org/slf4j/slf4j-jdk14/1.5.6/slf4j-jdk14-1.5.6.pom (1.9 kB at 38 kB/s)
Downloading from central: https://repo1.maven.org/maven2/org/apache/maven/maven-error-diagnostics/2.2.1/maven-error-diagnostics-2.2.1.pom
Progress (1): 831 B
Progress (1): 1.7 kB
                    
Downloaded from central: https://repo1.maven.org/maven2/org/apache/maven/maven-error-diagnostics/2.2.1/maven-error-diagnostics-2.2.1.pom (1.7 kB at 33 kB/s)
Downloading from central: https://repo1.maven.org/maven2/commons-cli/commons-cli/1.2/commons-cli-1.2.pom
Progress (1): 788 B
Progress (1): 2.2 kB
Progress (1): 4.3 kB
Progress (1): 6.6 kB
Progress (1): 8.0 kB
                    
Downloaded from central: https://repo1.maven.org/maven2/commons-cli/commons-cli/1.2/commons-cli-1.2.pom (8.0 kB at 160 kB/s)
Downloading from central: https://repo1.maven.org/maven2/org/apache/maven/maven-plugin-descriptor/2.2.1/maven-plugin-descriptor-2.2.1.pom
Progress (1): 829 B
Progress (1): 2.1 kB
                    
Downloaded from central: https://repo1.maven.org/maven2/org/apache/maven/maven-plugin-descriptor/2.2.1/maven-plugin-descriptor-2.2.1.pom (2.1 kB at 46 kB/s)
Downloading from central: https://repo1.maven.org/maven2/org/apache/maven/maven-monitor/2.2.1/maven-monitor-2.2.1.pom
Progress (1): 846 B
Progress (1): 1.3 kB
                    
Downloaded from central: https://repo1.maven.org/maven2/org/apache/maven/maven-monitor/2.2.1/maven-monitor-2.2.1.pom (1.3 kB at 24 kB/s)
Downloading from central: https://repo1.maven.org/maven2/org/pitest/pitest-entry/1.6.9/pitest-entry-1.6.9.jar
Downloading from central: https://repo1.maven.org/maven2/org/pitest/pitest/1.6.9/pitest-1.6.9.jar
Downloading from central: https://repo1.maven.org/maven2/org/pitest/pitest-html-report/1.6.9/pitest-html-report-1.6.9.jar
Downloading from central: https://repo1.maven.org/maven2/org/pitest/pitest-aggregator/1.6.9/pitest-aggregator-1.6.9.jar
Downloading from central: https://repo1.maven.org/maven2/org/apache/maven/maven-plugin-api/2.2.1/maven-plugin-api-2.2.1.jar
Progress (1): 0.9/12 kB
Progress (1): 2.3/12 kB
Progress (1): 3.7/12 kB
Progress (1): 5.0/12 kB
Progress (1): 6.4/12 kB
Progress (1): 7.8/12 kB
Progress (1): 9.1/12 kB
Progress (1): 11/12 kB 
Progress (1): 12/12 kB
Progress (1): 12 kB   
                   
Downloaded from central: https://repo1.maven.org/maven2/org/apache/maven/maven-plugin-api/2.2.1/maven-plugin-api-2.2.1.jar (12 kB at 116 kB/s)
Downloading from central: https://repo1.maven.org/maven2/org/apache/maven/reporting/maven-reporting-api/2.2.1/maven-reporting-api-2.2.1.jar
Progress (1): 0.9/9.8 kB
Progress (1): 2.3/9.8 kB
Progress (1): 3.7/9.8 kB
Progress (1): 5.0/9.8 kB
Progress (1): 6.4/9.8 kB
Progress (1): 7.8/9.8 kB
Progress (1): 9.1/9.8 kB
Progress (1): 9.8 kB    
                    
Downloaded from central: https://repo1.maven.org/maven2/org/apache/maven/reporting/maven-reporting-api/2.2.1/maven-reporting-api-2.2.1.jar (9.8 kB at 62 kB/s)
Downloading from central: https://repo1.maven.org/maven2/org/apache/maven/doxia/doxia-sink-api/1.1/doxia-sink-api-1.1.jar
Progress (1): 0.9/715 kB
Progress (1): 2.3/715 kB
Progress (1): 3.7/715 kB
Progress (1): 5.0/715 kB
Progress (1): 6.4/715 kB
Progress (1): 7.8/715 kB
Progress (1): 9.1/715 kB
Progress (1): 11/715 kB 
Progress (1): 12/715 kB
Progress (1): 13/715 kB
Progress (1): 15/715 kB
Progress (1): 16/715 kB
Progress (1): 17/715 kB
Progress (1): 19/715 kB
Progress (1): 20/715 kB
Progress (1): 21/715 kB
Progress (1): 23/715 kB
Progress (1): 24/715 kB
Progress (1): 26/715 kB
Progress (1): 27/715 kB
Progress (1): 28/715 kB
Progress (1): 30/715 kB
Progress (1): 31/715 kB
Progress (1): 32/715 kB
Progress (1): 34/715 kB
Progress (1): 35/715 kB
Progress (1): 37/715 kB
Progress (1): 38/715 kB
Progress (1): 39/715 kB
Progress (1): 41/715 kB
Progress (1): 42/715 kB
Progress (1): 43/715 kB
Progress (1): 45/715 kB
Progress (1): 46/715 kB
Progress (1): 47/715 kB
Progress (1): 49/715 kB
Progress (1): 50/715 kB
Progress (1): 52/715 kB
Progress (1): 53/715 kB
Progress (1): 54/715 kB
Progress (1): 56/715 kB
Progress (1): 60/715 kB
Progress (1): 64/715 kB
Progress (1): 68/715 kB
Progress (1): 73/715 kB
Progress (1): 77/715 kB
Progress (1): 81/715 kB
Progress (1): 85/715 kB
Progress (1): 90/715 kB
Progress (1): 94/715 kB
Progress (1): 98/715 kB
Progress (1): 102/715 kB
Progress (1): 106/715 kB
Progress (1): 111/715 kB
Progress (1): 115/715 kB
Progress (1): 119/715 kB
Progress (1): 123/715 kB
Progress (1): 128/715 kB
Progress (1): 132/715 kB
Progress (1): 136/715 kB
Progress (1): 140/715 kB
Progress (2): 140/715 kB | 0.9/13 kB
Progress (2): 140/715 kB | 2.3/13 kB
Progress (2): 145/715 kB | 2.3/13 kB
Progress (2): 149/715 kB | 2.3/13 kB
Progress (2): 153/715 kB | 2.3/13 kB
Progress (2): 153/715 kB | 3.7/13 kB
Progress (2): 157/715 kB | 3.7/13 kB
Progress (2): 161/715 kB | 3.7/13 kB
Progress (2): 161/715 kB | 5.0/13 kB
Progress (2): 166/715 kB | 5.0/13 kB
Progress (2): 166/715 kB | 6.4/13 kB
Progress (2): 166/715 kB | 7.8/13 kB
Progress (2): 170/715 kB | 7.8/13 kB
Progress (2): 170/715 kB | 9.1/13 kB
Progress (2): 174/715 kB | 9.1/13 kB
Progress (2): 174/715 kB | 11/13 kB 
Progress (2): 174/715 kB | 12/13 kB
Progress (2): 178/715 kB | 12/13 kB
Progress (2): 183/715 kB | 12/13 kB
Progress (2): 183/715 kB | 13 kB   
Progress (2): 187/715 kB | 13 kB
Progress (2): 191/715 kB | 13 kB
Progress (2): 195/715 kB | 13 kB
Progress (2): 199/715 kB | 13 kB
Progress (2): 204/715 kB | 13 kB
Progress (2): 208/715 kB | 13 kB
Progress (2): 212/715 kB | 13 kB
Progress (2): 216/715 kB | 13 kB
Progress (2): 221/715 kB | 13 kB
Progress (2): 225/715 kB | 13 kB
Progress (2): 241/715 kB | 13 kB
Progress (2): 258/715 kB | 13 kB
Progress (2): 274/715 kB | 13 kB
Progress (2): 290/715 kB | 13 kB
Progress (2): 307/715 kB | 13 kB
                                
Downloaded from central: https://repo1.maven.org/maven2/org/apache/maven/doxia/doxia-sink-api/1.1/doxia-sink-api-1.1.jar (13 kB at 54 kB/s)
Downloading from central: https://repo1.maven.org/maven2/org/apache/maven/doxia/doxia-logging-api/1.1/doxia-logging-api-1.1.jar
Progress (1): 323/715 kB
Progress (1): 340/715 kB
Progress (1): 356/715 kB
Progress (1): 372/715 kB
Progress (1): 389/715 kB
Progress (1): 405/715 kB
Progress (1): 421/715 kB
Progress (1): 438/715 kB
Progress (1): 454/715 kB
Progress (1): 471/715 kB
Progress (1): 487/715 kB
Progress (1): 503/715 kB
Progress (2): 503/715 kB | 7.8/656 kB
Progress (2): 520/715 kB | 7.8/656 kB
Progress (2): 520/715 kB | 13/656 kB 
Progress (2): 520/715 kB | 21/656 kB
Progress (2): 536/715 kB | 21/656 kB
Progress (2): 536/715 kB | 36/656 kB
Progress (2): 553/715 kB | 36/656 kB
Progress (2): 569/715 kB | 36/656 kB
Progress (2): 569/715 kB | 42/656 kB
Progress (2): 585/715 kB | 42/656 kB
Progress (2): 602/715 kB | 42/656 kB
Progress (2): 618/715 kB | 42/656 kB
Progress (2): 634/715 kB | 42/656 kB
Progress (2): 651/715 kB | 42/656 kB
Progress (2): 667/715 kB | 42/656 kB
Progress (2): 667/715 kB | 44/656 kB
Progress (2): 667/715 kB | 54/656 kB
Progress (2): 684/715 kB | 54/656 kB
Progress (2): 684/715 kB | 54/656 kB
Progress (2): 700/715 kB | 54/656 kB
Progress (2): 700/715 kB | 71/656 kB
Progress (2): 715 kB | 71/656 kB    
Progress (2): 715 kB | 78/656 kB
Progress (2): 715 kB | 95/656 kB
Progress (2): 715 kB | 99/656 kB
Progress (2): 715 kB | 115/656 kB
Progress (2): 715 kB | 123/656 kB
Progress (2): 715 kB | 140/656 kB
Progress (2): 715 kB | 141/656 kB
Progress (2): 715 kB | 157/656 kB
Progress (2): 715 kB | 174/656 kB
Progress (2): 715 kB | 189/656 kB
Progress (3): 715 kB | 189/656 kB | 0.9/11 kB
Progress (3): 715 kB | 189/656 kB | 2.3/11 kB
Progress (3): 715 kB | 189/656 kB | 3.7/11 kB
Progress (3): 715 kB | 189/656 kB | 5.0/11 kB
Progress (3): 715 kB | 189/656 kB | 6.4/11 kB
Progress (3): 715 kB | 189/656 kB | 7.8/11 kB
Progress (3): 715 kB | 189/656 kB | 9.1/11 kB
Progress (3): 715 kB | 189/656 kB | 11/11 kB 
Progress (3): 715 kB | 189/656 kB | 11 kB   
                                         
Downloaded from central: https://repo1.maven.org/maven2/org/pitest/pitest/1.6.9/pitest-1.6.9.jar (715 kB at 2.6 MB/s)
Downloading from central: https://repo1.maven.org/maven2/commons-beanutils/commons-beanutils/1.9.4/commons-beanutils-1.9.4.jar
Progress (2): 190/656 kB | 11 kB
Progress (2): 207/656 kB | 11 kB
Progress (2): 223/656 kB | 11 kB
Progress (2): 240/656 kB | 11 kB
Progress (2): 243/656 kB | 11 kB
Progress (2): 259/656 kB | 11 kB
Progress (2): 275/656 kB | 11 kB
Progress (2): 292/656 kB | 11 kB
Progress (2): 304/656 kB | 11 kB
                                
Downloaded from central: https://repo1.maven.org/maven2/org/apache/maven/doxia/doxia-logging-api/1.1/doxia-logging-api-1.1.jar (11 kB at 39 kB/s)
Downloading from central: https://repo1.maven.org/maven2/commons-logging/commons-logging/1.2/commons-logging-1.2.jar
Progress (1): 318/656 kB
Progress (1): 334/656 kB
Progress (1): 351/656 kB
Progress (1): 367/656 kB
Progress (1): 383/656 kB
Progress (1): 400/656 kB
Progress (1): 416/656 kB
Progress (1): 433/656 kB
Progress (1): 449/656 kB
Progress (1): 465/656 kB
Progress (1): 482/656 kB
Progress (1): 498/656 kB
Progress (1): 515/656 kB
Progress (1): 531/656 kB
Progress (1): 547/656 kB
Progress (1): 564/656 kB
Progress (1): 580/656 kB
Progress (1): 596/656 kB
Progress (1): 613/656 kB
Progress (1): 614/656 kB
Progress (1): 617/656 kB
Progress (1): 634/656 kB
Progress (1): 650/656 kB
Progress (1): 656 kB    
Progress (2): 656 kB | 7.7/62 kB
Progress (2): 656 kB | 16/62 kB 
Progress (2): 656 kB | 32/62 kB
Progress (2): 656 kB | 49/62 kB
Progress (2): 656 kB | 62 kB   
                            
Downloaded from central: https://repo1.maven.org/maven2/org/pitest/pitest-html-report/1.6.9/pitest-html-report-1.6.9.jar (656 kB at 2.0 MB/s)
Downloading from central: https://repo1.maven.org/maven2/org/codehaus/plexus/plexus-utils/3.3.0/plexus-utils-3.3.0.jar
Progress (2): 62 kB | 0.9/247 kB
Progress (2): 62 kB | 2.3/247 kB
Progress (3): 62 kB | 2.3/247 kB | 0.9/18 kB
Progress (3): 62 kB | 3.7/247 kB | 0.9/18 kB
Progress (3): 62 kB | 3.7/247 kB | 2.3/18 kB
Progress (3): 62 kB | 3.7/247 kB | 3.7/18 kB
Progress (3): 62 kB | 5.0/247 kB | 3.7/18 kB
Progress (3): 62 kB | 8.2/247 kB | 3.7/18 kB
Progress (3): 62 kB | 12/247 kB | 3.7/18 kB 
Progress (3): 62 kB | 12/247 kB | 5.0/18 kB
Progress (3): 62 kB | 12/247 kB | 6.4/18 kB
Progress (3): 62 kB | 17/247 kB | 6.4/18 kB
Progress (3): 62 kB | 17/247 kB | 7.8/18 kB
Progress (3): 62 kB | 17/247 kB | 9.1/18 kB
Progress (3): 62 kB | 21/247 kB | 9.1/18 kB
Progress (3): 62 kB | 21/247 kB | 11/18 kB 
Progress (3): 62 kB | 21/247 kB | 12/18 kB
Progress (3): 62 kB | 25/247 kB | 12/18 kB
Progress (3): 62 kB | 25/247 kB | 13/18 kB
Progress (3): 62 kB | 29/247 kB | 13/18 kB
Progress (3): 62 kB | 29/247 kB | 15/18 kB
Progress (3): 62 kB | 29/247 kB | 16/18 kB
Progress (3): 62 kB | 34/247 kB | 16/18 kB
Progress (3): 62 kB | 38/247 kB | 16/18 kB
Progress (3): 62 kB | 38/247 kB | 17/18 kB
Progress (3): 62 kB | 42/247 kB | 17/18 kB
Progress (3): 62 kB | 42/247 kB | 18 kB   
Progress (3): 62 kB | 46/247 kB | 18 kB
Progress (3): 62 kB | 50/247 kB | 18 kB
Progress (3): 62 kB | 55/247 kB | 18 kB
                                       
Downloaded from central: https://repo1.maven.org/maven2/commons-logging/commons-logging/1.2/commons-logging-1.2.jar (62 kB at 182 kB/s)
Downloading from central: https://repo1.maven.org/maven2/org/apache/maven/reporting/maven-reporting-impl/2.0.4.3/maven-reporting-impl-2.0.4.3.jar
Progress (2): 59/247 kB | 18 kB
Progress (2): 63/247 kB | 18 kB
Progress (2): 67/247 kB | 18 kB
Progress (2): 72/247 kB | 18 kB
Progress (2): 76/247 kB | 18 kB
Progress (2): 80/247 kB | 18 kB
Progress (2): 84/247 kB | 18 kB
Progress (2): 89/247 kB | 18 kB
Progress (2): 93/247 kB | 18 kB
Progress (2): 97/247 kB | 18 kB
Progress (2): 101/247 kB | 18 kB
Progress (2): 105/247 kB | 18 kB
Progress (2): 110/247 kB | 18 kB
Progress (2): 114/247 kB | 18 kB
Progress (2): 118/247 kB | 18 kB
Progress (2): 122/247 kB | 18 kB
Progress (2): 123/247 kB | 18 kB
Progress (2): 127/247 kB | 18 kB
Progress (2): 131/247 kB | 18 kB
Progress (2): 136/247 kB | 18 kB
Progress (2): 140/247 kB | 18 kB
Progress (2): 144/247 kB | 18 kB
Progress (2): 148/247 kB | 18 kB
                                
Downloaded from central: https://repo1.maven.org/maven2/org/pitest/pitest-aggregator/1.6.9/pitest-aggregator-1.6.9.jar (18 kB at 52 kB/s)
Downloading from central: https://repo1.maven.org/maven2/org/apache/maven/doxia/doxia-core/1.0/doxia-core-1.0.jar
Progress (1): 152/247 kB
Progress (1): 157/247 kB
Progress (1): 161/247 kB
Progress (1): 165/247 kB
Progress (1): 169/247 kB
Progress (1): 186/247 kB
Progress (1): 202/247 kB
Progress (1): 219/247 kB
Progress (1): 235/247 kB
Progress (1): 247 kB    
Progress (2): 247 kB | 7.7/263 kB
                                 
Downloaded from central: https://repo1.maven.org/maven2/commons-beanutils/commons-beanutils/1.9.4/commons-beanutils-1.9.4.jar (247 kB at 666 kB/s)
Downloading from central: https://repo1.maven.org/maven2/org/apache/maven/doxia/doxia-site-renderer/1.0/doxia-site-renderer-1.0.jar
Progress (1): 16/263 kB
Progress (1): 32/263 kB
Progress (1): 49/263 kB
Progress (1): 65/263 kB
Progress (1): 81/263 kB
Progress (1): 98/263 kB
Progress (1): 114/263 kB
Progress (1): 131/263 kB
Progress (1): 147/263 kB
Progress (1): 163/263 kB
Progress (1): 180/263 kB
Progress (1): 196/263 kB
Progress (1): 213/263 kB
Progress (1): 229/263 kB
Progress (1): 245/263 kB
Progress (1): 262/263 kB
Progress (1): 263 kB    
Progress (2): 263 kB | 0.9/21 kB
Progress (2): 263 kB | 2.3/21 kB
Progress (2): 263 kB | 3.7/21 kB
Progress (2): 263 kB | 5.0/21 kB
Progress (2): 263 kB | 6.4/21 kB
Progress (2): 263 kB | 7.8/21 kB
Progress (2): 263 kB | 8.2/21 kB
Progress (2): 263 kB | 9.6/21 kB
Progress (2): 263 kB | 11/21 kB 
                               
Downloaded from central: https://repo1.maven.org/maven2/org/codehaus/plexus/plexus-utils/3.3.0/plexus-utils-3.3.0.jar (263 kB at 670 kB/s)
Downloading from central: https://repo1.maven.org/maven2/org/codehaus/plexus/plexus-i18n/1.0-beta-7/plexus-i18n-1.0-beta-7.jar
Progress (1): 12/21 kB
Progress (1): 14/21 kB
Progress (1): 15/21 kB
Progress (1): 16/21 kB
Progress (1): 18/21 kB
Progress (1): 19/21 kB
Progress (1): 21/21 kB
Progress (1): 21 kB   
                   
Downloaded from central: https://repo1.maven.org/maven2/org/apache/maven/reporting/maven-reporting-impl/2.0.4.3/maven-reporting-impl-2.0.4.3.jar (21 kB at 51 kB/s)
Downloading from central: https://repo1.maven.org/maven2/org/codehaus/plexus/plexus-velocity/1.1.7/plexus-velocity-1.1.7.jar
Progress (1): 7.8/55 kB
Progress (1): 16/55 kB 
Progress (1): 32/55 kB
Progress (1): 49/55 kB
Progress (1): 55 kB   
Progress (2): 55 kB | 7.7/11 kB
Progress (2): 55 kB | 11 kB    
Progress (3): 55 kB | 11 kB | 7.8/47 kB
Progress (3): 55 kB | 11 kB | 16/47 kB 
Progress (3): 55 kB | 11 kB | 32/47 kB
Progress (3): 55 kB | 11 kB | 47 kB   
                                   
Downloaded from central: https://repo1.maven.org/maven2/org/apache/maven/doxia/doxia-core/1.0/doxia-core-1.0.jar (55 kB at 126 kB/s)
Downloading from central: https://repo1.maven.org/maven2/org/apache/velocity/velocity/1.5/velocity-1.5.jar
Downloaded from central: https://repo1.maven.org/maven2/org/codehaus/plexus/plexus-i18n/1.0-beta-7/plexus-i18n-1.0-beta-7.jar (11 kB at 24 kB/s)
Downloading from central: https://repo1.maven.org/maven2/org/apache/maven/doxia/doxia-decoration-model/1.0/doxia-decoration-model-1.0.jar
Progress (2): 47 kB | 0.9/7.7 kB
Progress (2): 47 kB | 2.3/7.7 kB
Progress (2): 47 kB | 3.7/7.7 kB
Progress (2): 47 kB | 5.0/7.7 kB
Progress (2): 47 kB | 6.4/7.7 kB
Progress (2): 47 kB | 7.7 kB    
                            
Downloaded from central: https://repo1.maven.org/maven2/org/apache/maven/doxia/doxia-site-renderer/1.0/doxia-site-renderer-1.0.jar (47 kB at 105 kB/s)
Downloading from central: https://repo1.maven.org/maven2/org/apache/maven/doxia/doxia-module-apt/1.0/doxia-module-apt-1.0.jar
Downloaded from central: https://repo1.maven.org/maven2/org/codehaus/plexus/plexus-velocity/1.1.7/plexus-velocity-1.1.7.jar (7.7 kB at 17 kB/s)
Downloading from central: https://repo1.maven.org/maven2/org/apache/maven/doxia/doxia-module-fml/1.0/doxia-module-fml-1.0.jar
Progress (1): 7.7/392 kB
Progress (1): 16/392 kB 
Progress (1): 32/392 kB
Progress (2): 32/392 kB | 0.9/47 kB
Progress (2): 49/392 kB | 0.9/47 kB
Progress (2): 65/392 kB | 0.9/47 kB
Progress (2): 65/392 kB | 2.3/47 kB
Progress (2): 81/392 kB | 2.3/47 kB
Progress (2): 98/392 kB | 2.3/47 kB
Progress (2): 98/392 kB | 3.7/47 kB
Progress (2): 114/392 kB | 3.7/47 kB
Progress (2): 114/392 kB | 5.0/47 kB
Progress (2): 114/392 kB | 9.3/47 kB
Progress (2): 131/392 kB | 9.3/47 kB
Progress (2): 131/392 kB | 13/47 kB 
Progress (2): 147/392 kB | 13/47 kB
Progress (2): 147/392 kB | 18/47 kB
Progress (2): 147/392 kB | 22/47 kB
Progress (2): 147/392 kB | 25/47 kB
Progress (2): 163/392 kB | 25/47 kB
Progress (2): 163/392 kB | 29/47 kB
Progress (2): 163/392 kB | 33/47 kB
Progress (2): 180/392 kB | 33/47 kB
Progress (2): 180/392 kB | 37/47 kB
Progress (2): 180/392 kB | 41/47 kB
Progress (2): 196/392 kB | 41/47 kB
Progress (2): 196/392 kB | 46/47 kB
Progress (2): 196/392 kB | 47 kB   
Progress (2): 213/392 kB | 47 kB
Progress (2): 229/392 kB | 47 kB
Progress (2): 245/392 kB | 47 kB
Progress (2): 262/392 kB | 47 kB
Progress (2): 278/392 kB | 47 kB
Progress (3): 278/392 kB | 47 kB | 7.7/19 kB
Progress (3): 294/392 kB | 47 kB | 7.7/19 kB
Progress (3): 311/392 kB | 47 kB | 7.7/19 kB
Progress (3): 327/392 kB | 47 kB | 7.7/19 kB
Progress (3): 344/392 kB | 47 kB | 7.7/19 kB
Progress (3): 344/392 kB | 47 kB | 16/19 kB 
Progress (3): 360/392 kB | 47 kB | 16/19 kB
Progress (3): 360/392 kB | 47 kB | 19 kB   
Progress (3): 376/392 kB | 47 kB | 19 kB
Progress (3): 392 kB | 47 kB | 19 kB    
Progress (4): 392 kB | 47 kB | 19 kB | 16/49 kB
Progress (4): 392 kB | 47 kB | 19 kB | 33/49 kB
Progress (4): 392 kB | 47 kB | 19 kB | 49 kB   
                                            
Downloaded from central: https://repo1.maven.org/maven2/org/apache/maven/doxia/doxia-module-apt/1.0/doxia-module-apt-1.0.jar (47 kB at 94 kB/s)
Downloading from central: https://repo1.maven.org/maven2/org/apache/maven/doxia/doxia-module-xdoc/1.0/doxia-module-xdoc-1.0.jar
Downloaded from central: https://repo1.maven.org/maven2/org/apache/maven/doxia/doxia-module-fml/1.0/doxia-module-fml-1.0.jar (19 kB at 37 kB/s)
Downloading from central: https://repo1.maven.org/maven2/org/apache/maven/doxia/doxia-module-xhtml/1.0/doxia-module-xhtml-1.0.jar
Downloaded from central: https://repo1.maven.org/maven2/org/apache/maven/doxia/doxia-decoration-model/1.0/doxia-decoration-model-1.0.jar (49 kB at 96 kB/s)
Downloading from central: https://repo1.maven.org/maven2/commons-validator/commons-validator/1.2.0/commons-validator-1.2.0.jar
Downloaded from central: https://repo1.maven.org/maven2/org/apache/velocity/velocity/1.5/velocity-1.5.jar (392 kB at 770 kB/s)
Downloading from central: https://repo1.maven.org/maven2/commons-digester/commons-digester/1.6/commons-digester-1.6.jar
Progress (1): 7.7/22 kB
Progress (2): 7.7/22 kB | 3.8/168 kB
Progress (2): 16/22 kB | 3.8/168 kB 
Progress (3): 16/22 kB | 3.8/168 kB | 7.7/28 kB
Progress (3): 22 kB | 3.8/168 kB | 7.7/28 kB   
Progress (3): 22 kB | 8.0/168 kB | 7.7/28 kB
Progress (3): 22 kB | 8.0/168 kB | 16/28 kB 
Progress (3): 22 kB | 8.0/168 kB | 28 kB   
Progress (3): 22 kB | 12/168 kB | 28 kB 
Progress (3): 22 kB | 16/168 kB | 28 kB
Progress (3): 22 kB | 21/168 kB | 28 kB
Progress (3): 22 kB | 25/168 kB | 28 kB
Progress (3): 22 kB | 29/168 kB | 28 kB
Progress (3): 22 kB | 33/168 kB | 28 kB
Progress (3): 22 kB | 37/168 kB | 28 kB
Progress (3): 22 kB | 41/168 kB | 28 kB
Progress (4): 22 kB | 41/168 kB | 28 kB | 0.9/650 kB
Progress (4): 22 kB | 46/168 kB | 28 kB | 0.9/650 kB
Progress (4): 22 kB | 50/168 kB | 28 kB | 0.9/650 kB
Progress (4): 22 kB | 54/168 kB | 28 kB | 0.9/650 kB
Progress (4): 22 kB | 58/168 kB | 28 kB | 0.9/650 kB
Progress (4): 22 kB | 63/168 kB | 28 kB | 0.9/650 kB
Progress (4): 22 kB | 63/168 kB | 28 kB | 2.3/650 kB
Progress (4): 22 kB | 67/168 kB | 28 kB | 2.3/650 kB
Progress (4): 22 kB | 71/168 kB | 28 kB | 2.3/650 kB
Progress (4): 22 kB | 75/168 kB | 28 kB | 2.3/650 kB
Progress (4): 22 kB | 80/168 kB | 28 kB | 2.3/650 kB
Progress (4): 22 kB | 80/168 kB | 28 kB | 3.7/650 kB
Progress (4): 22 kB | 84/168 kB | 28 kB | 3.7/650 kB
Progress (4): 22 kB | 88/168 kB | 28 kB | 3.7/650 kB
Progress (4): 22 kB | 92/168 kB | 28 kB | 3.7/650 kB
Progress (4): 22 kB | 96/168 kB | 28 kB | 3.7/650 kB
Progress (5): 22 kB | 96/168 kB | 28 kB | 3.7/650 kB | 7.7/91 kB
Progress (5): 22 kB | 101/168 kB | 28 kB | 3.7/650 kB | 7.7/91 kB
Progress (5): 22 kB | 105/168 kB | 28 kB | 3.7/650 kB | 7.7/91 kB
Progress (5): 22 kB | 109/168 kB | 28 kB | 3.7/650 kB | 7.7/91 kB
Progress (5): 22 kB | 113/168 kB | 28 kB | 3.7/650 kB | 7.7/91 kB
Progress (5): 22 kB | 113/168 kB | 28 kB | 5.0/650 kB | 7.7/91 kB
Progress (5): 22 kB | 118/168 kB | 28 kB | 5.0/650 kB | 7.7/91 kB
Progress (5): 22 kB | 118/168 kB | 28 kB | 5.0/650 kB | 12/91 kB 
Progress (5): 22 kB | 122/168 kB | 28 kB | 5.0/650 kB | 12/91 kB
Progress (5): 22 kB | 122/168 kB | 28 kB | 5.0/650 kB | 29/91 kB
Progress (5): 22 kB | 122/168 kB | 28 kB | 5.0/650 kB | 45/91 kB
Progress (5): 22 kB | 122/168 kB | 28 kB | 5.0/650 kB | 61/91 kB
Progress (5): 22 kB | 122/168 kB | 28 kB | 5.0/650 kB | 78/91 kB
Progress (5): 22 kB | 138/168 kB | 28 kB | 5.0/650 kB | 78/91 kB
Progress (5): 22 kB | 139/168 kB | 28 kB | 5.0/650 kB | 78/91 kB
Progress (5): 22 kB | 139/168 kB | 28 kB | 5.0/650 kB | 91 kB   
Progress (5): 22 kB | 139/168 kB | 28 kB | 6.4/650 kB | 91 kB
Progress (5): 22 kB | 156/168 kB | 28 kB | 6.4/650 kB | 91 kB
Progress (5): 22 kB | 168 kB | 28 kB | 6.4/650 kB | 91 kB    
Progress (5): 22 kB | 168 kB | 28 kB | 7.8/650 kB | 91 kB
                                                         
Downloaded from central: https://repo1.maven.org/maven2/org/apache/maven/doxia/doxia-module-xhtml/1.0/doxia-module-xhtml-1.0.jar (22 kB at 38 kB/s)
Downloading from central: https://repo1.maven.org/maven2/org/apache/maven/shared/maven-doxia-tools/1.0.2/maven-doxia-tools-1.0.2.jar
Downloaded from central: https://repo1.maven.org/maven2/org/apache/maven/doxia/doxia-module-xdoc/1.0/doxia-module-xdoc-1.0.jar (28 kB at 49 kB/s)
Downloading from central: https://repo1.maven.org/maven2/commons-io/commons-io/1.4/commons-io-1.4.jar
Progress (3): 168 kB | 9.1/650 kB | 91 kB
Progress (3): 168 kB | 11/650 kB | 91 kB 
Progress (3): 168 kB | 12/650 kB | 91 kB
Progress (3): 168 kB | 13/650 kB | 91 kB
Progress (3): 168 kB | 15/650 kB | 91 kB
Progress (3): 168 kB | 16/650 kB | 91 kB
Progress (3): 168 kB | 17/650 kB | 91 kB
Progress (3): 168 kB | 19/650 kB | 91 kB
Progress (3): 168 kB | 20/650 kB | 91 kB
Progress (3): 168 kB | 21/650 kB | 91 kB
Progress (3): 168 kB | 23/650 kB | 91 kB
Progress (3): 168 kB | 24/650 kB | 91 kB
Progress (3): 168 kB | 26/650 kB | 91 kB
Progress (3): 168 kB | 27/650 kB | 91 kB
Progress (3): 168 kB | 28/650 kB | 91 kB
Progress (3): 168 kB | 30/650 kB | 91 kB
Progress (3): 168 kB | 31/650 kB | 91 kB
Progress (3): 168 kB | 32/650 kB | 91 kB
Progress (3): 168 kB | 34/650 kB | 91 kB
Progress (3): 168 kB | 35/650 kB | 91 kB
Progress (3): 168 kB | 37/650 kB | 91 kB
Progress (3): 168 kB | 38/650 kB | 91 kB
Progress (3): 168 kB | 39/650 kB | 91 kB
Progress (3): 168 kB | 41/650 kB | 91 kB
Progress (3): 168 kB | 42/650 kB | 91 kB
Progress (3): 168 kB | 43/650 kB | 91 kB
Progress (3): 168 kB | 45/650 kB | 91 kB
Progress (3): 168 kB | 46/650 kB | 91 kB
Progress (3): 168 kB | 47/650 kB | 91 kB
Progress (3): 168 kB | 49/650 kB | 91 kB
Progress (3): 168 kB | 50/650 kB | 91 kB
Progress (3): 168 kB | 52/650 kB | 91 kB
Progress (3): 168 kB | 53/650 kB | 91 kB
Progress (3): 168 kB | 54/650 kB | 91 kB
Progress (3): 168 kB | 56/650 kB | 91 kB
Progress (3): 168 kB | 60/650 kB | 91 kB
Progress (3): 168 kB | 64/650 kB | 91 kB
Progress (3): 168 kB | 68/650 kB | 91 kB
Progress (3): 168 kB | 73/650 kB | 91 kB
Progress (3): 168 kB | 77/650 kB | 91 kB
Progress (3): 168 kB | 81/650 kB | 91 kB
Progress (3): 168 kB | 85/650 kB | 91 kB
Progress (3): 168 kB | 90/650 kB | 91 kB
Progress (3): 168 kB | 94/650 kB | 91 kB
Progress (3): 168 kB | 98/650 kB | 91 kB
Progress (3): 168 kB | 102/650 kB | 91 kB
Progress (3): 168 kB | 106/650 kB | 91 kB
Progress (3): 168 kB | 111/650 kB | 91 kB
Progress (3): 168 kB | 115/650 kB | 91 kB
Progress (3): 168 kB | 119/650 kB | 91 kB
Progress (3): 168 kB | 123/650 kB | 91 kB
Progress (3): 168 kB | 128/650 kB | 91 kB
Progress (3): 168 kB | 132/650 kB | 91 kB
                                         
Downloaded from central: https://repo1.maven.org/maven2/commons-validator/commons-validator/1.2.0/commons-validator-1.2.0.jar (91 kB at 157 kB/s)
Downloading from central: https://repo1.maven.org/maven2/org/apache/maven/maven-project/2.2.1/maven-project-2.2.1.jar
Progress (2): 168 kB | 136/650 kB
Progress (2): 168 kB | 140/650 kB
Progress (2): 168 kB | 145/650 kB
Progress (2): 168 kB | 149/650 kB
Progress (2): 168 kB | 153/650 kB
Progress (2): 168 kB | 157/650 kB
Progress (2): 168 kB | 161/650 kB
                                 
Downloaded from central: https://repo1.maven.org/maven2/commons-digester/commons-digester/1.6/commons-digester-1.6.jar (168 kB at 289 kB/s)
Downloading from central: https://repo1.maven.org/maven2/org/apache/maven/maven-settings/2.2.1/maven-settings-2.2.1.jar
Progress (1): 166/650 kB
Progress (1): 170/650 kB
Progress (1): 174/650 kB
Progress (1): 178/650 kB
Progress (1): 183/650 kB
Progress (1): 187/650 kB
Progress (1): 191/650 kB
Progress (1): 195/650 kB
Progress (1): 199/650 kB
Progress (1): 204/650 kB
Progress (1): 208/650 kB
Progress (1): 212/650 kB
Progress (1): 216/650 kB
Progress (1): 221/650 kB
Progress (1): 225/650 kB
Progress (1): 241/650 kB
Progress (1): 258/650 kB
Progress (1): 274/650 kB
Progress (1): 290/650 kB
Progress (1): 307/650 kB
Progress (1): 323/650 kB
Progress (1): 340/650 kB
Progress (1): 356/650 kB
Progress (1): 372/650 kB
Progress (1): 389/650 kB
Progress (1): 405/650 kB
Progress (1): 421/650 kB
Progress (1): 438/650 kB
Progress (1): 454/650 kB
Progress (1): 471/650 kB
Progress (1): 487/650 kB
Progress (1): 503/650 kB
Progress (1): 520/650 kB
Progress (1): 536/650 kB
Progress (1): 553/650 kB
Progress (1): 569/650 kB
Progress (1): 585/650 kB
Progress (1): 602/650 kB
Progress (1): 618/650 kB
Progress (1): 634/650 kB
Progress (1): 650 kB    
Progress (2): 650 kB | 7.7/109 kB
Progress (2): 650 kB | 16/109 kB 
Progress (2): 650 kB | 32/109 kB
Progress (2): 650 kB | 49/109 kB
Progress (2): 650 kB | 57/109 kB
Progress (2): 650 kB | 74/109 kB
Progress (2): 650 kB | 90/109 kB
Progress (2): 650 kB | 106/109 kB
Progress (2): 650 kB | 109 kB    
Progress (3): 650 kB | 109 kB | 7.7/156 kB
Progress (3): 650 kB | 109 kB | 16/156 kB 
Progress (3): 650 kB | 109 kB | 25/156 kB
Progress (3): 650 kB | 109 kB | 41/156 kB
Progress (3): 650 kB | 109 kB | 57/156 kB
                                         
Downloaded from central: https://repo1.maven.org/maven2/org/pitest/pitest-entry/1.6.9/pitest-entry-1.6.9.jar (650 kB at 1.0 MB/s)
Downloading from central: https://repo1.maven.org/maven2/org/apache/maven/maven-profile/2.2.1/maven-profile-2.2.1.jar
Progress (2): 109 kB | 74/156 kB
Progress (2): 109 kB | 90/156 kB
Progress (2): 109 kB | 106/156 kB
Progress (2): 109 kB | 123/156 kB
Progress (2): 109 kB | 139/156 kB
Progress (2): 109 kB | 156/156 kB
Progress (2): 109 kB | 156 kB    
Progress (3): 109 kB | 156 kB | 7.7/49 kB
Progress (3): 109 kB | 156 kB | 12/49 kB 
                                        
Downloaded from central: https://repo1.maven.org/maven2/commons-io/commons-io/1.4/commons-io-1.4.jar (109 kB at 174 kB/s)
Progress (2): 156 kB | 28/49 kB
                               
Downloading from central: https://repo1.maven.org/maven2/org/apache/maven/maven-model/2.2.1/maven-model-2.2.1.jar
Progress (2): 156 kB | 44/49 kB
Progress (2): 156 kB | 49 kB   
                            
Downloaded from central: https://repo1.maven.org/maven2/org/apache/maven/maven-project/2.2.1/maven-project-2.2.1.jar (156 kB at 247 kB/s)
Downloading from central: https://repo1.maven.org/maven2/org/apache/maven/maven-artifact-manager/2.2.1/maven-artifact-manager-2.2.1.jar
Downloaded from central: https://repo1.maven.org/maven2/org/apache/maven/maven-settings/2.2.1/maven-settings-2.2.1.jar (49 kB at 77 kB/s)
Downloading from central: https://repo1.maven.org/maven2/org/apache/maven/maven-repository-metadata/2.2.1/maven-repository-metadata-2.2.1.jar
Progress (1): 7.7/41 kB
Progress (1): 8.2/41 kB
Progress (1): 16/41 kB 
Progress (1): 33/41 kB
Progress (1): 41 kB   
Progress (2): 41 kB | 7.7/35 kB
                               
Downloaded from central: https://repo1.maven.org/maven2/org/apache/maven/shared/maven-doxia-tools/1.0.2/maven-doxia-tools-1.0.2.jar (41 kB at 63 kB/s)
Downloading from central: https://repo1.maven.org/maven2/backport-util-concurrent/backport-util-concurrent/3.1/backport-util-concurrent-3.1.jar
Progress (1): 16/35 kB
Progress (1): 32/35 kB
Progress (1): 35 kB   
Progress (2): 35 kB | 7.7/88 kB
Progress (2): 35 kB | 16/88 kB 
Progress (2): 35 kB | 25/88 kB
Progress (2): 35 kB | 41/88 kB
Progress (2): 35 kB | 57/88 kB
Progress (2): 35 kB | 74/88 kB
Progress (2): 35 kB | 88 kB   
                           
Downloaded from central: https://repo1.maven.org/maven2/org/apache/maven/maven-profile/2.2.1/maven-profile-2.2.1.jar (35 kB at 53 kB/s)
Downloading from central: https://repo1.maven.org/maven2/org/apache/maven/maven-plugin-registry/2.2.1/maven-plugin-registry-2.2.1.jar
Progress (2): 88 kB | 7.7/68 kB
Progress (2): 88 kB | 16/68 kB 
                              
Downloaded from central: https://repo1.maven.org/maven2/org/apache/maven/maven-model/2.2.1/maven-model-2.2.1.jar (88 kB at 130 kB/s)
Downloading from central: https://repo1.maven.org/maven2/org/codehaus/plexus/plexus-interpolation/1.11/plexus-interpolation-1.11.jar
Progress (1): 32/68 kB
Progress (1): 49/68 kB
Progress (1): 65/68 kB
Progress (1): 68 kB   
Progress (2): 68 kB | 7.7/26 kB
Progress (2): 68 kB | 16/26 kB 
Progress (2): 68 kB | 26 kB   
Progress (3): 68 kB | 26 kB | 7.7/332 kB
                                        
Downloaded from central: https://repo1.maven.org/maven2/org/apache/maven/maven-artifact-manager/2.2.1/maven-artifact-manager-2.2.1.jar (68 kB at 98 kB/s)
Downloading from central: https://repo1.maven.org/maven2/org/apache/maven/scm/maven-scm-api/1.9.4/maven-scm-api-1.9.4.jar
Progress (2): 26 kB | 16/332 kB
Progress (2): 26 kB | 32/332 kB
Progress (2): 26 kB | 49/332 kB
Progress (2): 26 kB | 65/332 kB
Progress (2): 26 kB | 81/332 kB
Progress (2): 26 kB | 98/332 kB
Progress (2): 26 kB | 114/332 kB
Progress (2): 26 kB | 131/332 kB
                                
Downloaded from central: https://repo1.maven.org/maven2/org/apache/maven/maven-repository-metadata/2.2.1/maven-repository-metadata-2.2.1.jar (26 kB at 37 kB/s)
Downloading from central: https://repo1.maven.org/maven2/org/apache/maven/scm/maven-scm-manager-plexus/1.9.4/maven-scm-manager-plexus-1.9.4.jar
Progress (1): 147/332 kB
Progress (1): 163/332 kB
Progress (2): 163/332 kB | 7.7/30 kB
Progress (2): 180/332 kB | 7.7/30 kB
Progress (2): 196/332 kB | 7.7/30 kB
Progress (2): 213/332 kB | 7.7/30 kB
Progress (2): 213/332 kB | 16/30 kB 
Progress (2): 229/332 kB | 16/30 kB
Progress (2): 229/332 kB | 30 kB   
Progress (2): 245/332 kB | 30 kB
Progress (2): 262/332 kB | 30 kB
Progress (2): 278/332 kB | 30 kB
Progress (2): 294/332 kB | 30 kB
Progress (2): 311/332 kB | 30 kB
Progress (2): 327/332 kB | 30 kB
Progress (2): 332 kB | 30 kB    
Progress (3): 332 kB | 30 kB | 7.7/51 kB
Progress (3): 332 kB | 30 kB | 16/51 kB 
                                       
Downloaded from central: https://repo1.maven.org/maven2/org/apache/maven/maven-plugin-registry/2.2.1/maven-plugin-registry-2.2.1.jar (30 kB at 42 kB/s)
Downloading from central: https://repo1.maven.org/maven2/org/codehaus/groovy/groovy-all/2.4.18/groovy-all-2.4.18.jar
Progress (2): 332 kB | 32/51 kB
Progress (2): 332 kB | 49/51 kB
Progress (2): 332 kB | 51 kB   
                            
Downloaded from central: https://repo1.maven.org/maven2/backport-util-concurrent/backport-util-concurrent/3.1/backport-util-concurrent-3.1.jar (332 kB at 461 kB/s)
Downloading from central: https://repo1.maven.org/maven2/org/apache/maven/scm/maven-scm-provider-accurev/1.9.4/maven-scm-provider-accurev-1.9.4.jar
Downloaded from central: https://repo1.maven.org/maven2/org/codehaus/plexus/plexus-interpolation/1.11/plexus-interpolation-1.11.jar (51 kB at 70 kB/s)
Downloading from central: https://repo1.maven.org/maven2/org/apache/maven/scm/maven-scm-provider-bazaar/1.9.4/maven-scm-provider-bazaar-1.9.4.jar
Progress (1): 16/107 kB
Progress (1): 25/107 kB
Progress (1): 41/107 kB
Progress (1): 57/107 kB
Progress (1): 74/107 kB
Progress (1): 90/107 kB
Progress (1): 106/107 kB
Progress (1): 107 kB    
Progress (2): 107 kB | 7.7/11 kB
Progress (3): 107 kB | 7.7/11 kB | 7.8/93 kB
Progress (4): 107 kB | 7.7/11 kB | 7.8/93 kB | 7.8/56 kB
Progress (5): 107 kB | 7.7/11 kB | 7.8/93 kB | 7.8/56 kB | 0/7.2 MB
Progress (5): 107 kB | 7.7/11 kB | 7.8/93 kB | 16/56 kB | 0/7.2 MB 
Progress (5): 107 kB | 7.7/11 kB | 7.8/93 kB | 32/56 kB | 0/7.2 MB
Progress (5): 107 kB | 7.7/11 kB | 7.8/93 kB | 49/56 kB | 0/7.2 MB
Progress (5): 107 kB | 7.7/11 kB | 7.8/93 kB | 56 kB | 0/7.2 MB   
Progress (5): 107 kB | 11 kB | 7.8/93 kB | 56 kB | 0/7.2 MB    
Progress (5): 107 kB | 11 kB | 7.8/93 kB | 56 kB | 0/7.2 MB
Progress (5): 107 kB | 11 kB | 7.8/93 kB | 56 kB | 0/7.2 MB
Progress (5): 107 kB | 11 kB | 7.8/93 kB | 56 kB | 0/7.2 MB
Progress (5): 107 kB | 11 kB | 7.8/93 kB | 56 kB | 0/7.2 MB
Progress (5): 107 kB | 11 kB | 7.8/93 kB | 56 kB | 0.1/7.2 MB
Progress (5): 107 kB | 11 kB | 7.8/93 kB | 56 kB | 0.1/7.2 MB
Progress (5): 107 kB | 11 kB | 7.8/93 kB | 56 kB | 0.1/7.2 MB
Progress (5): 107 kB | 11 kB | 7.8/93 kB | 56 kB | 0.1/7.2 MB
Progress (5): 107 kB | 11 kB | 7.8/93 kB | 56 kB | 0.1/7.2 MB
Progress (5): 107 kB | 11 kB | 7.8/93 kB | 56 kB | 0.1/7.2 MB
Progress (5): 107 kB | 11 kB | 7.8/93 kB | 56 kB | 0.1/7.2 MB
Progress (5): 107 kB | 11 kB | 7.8/93 kB | 56 kB | 0.2/7.2 MB
Progress (5): 107 kB | 11 kB | 7.8/93 kB | 56 kB | 0.2/7.2 MB
Progress (5): 107 kB | 11 kB | 7.8/93 kB | 56 kB | 0.2/7.2 MB
Progress (5): 107 kB | 11 kB | 7.8/93 kB | 56 kB | 0.2/7.2 MB
Progress (5): 107 kB | 11 kB | 7.8/93 kB | 56 kB | 0.2/7.2 MB
Progress (5): 107 kB | 11 kB | 7.8/93 kB | 56 kB | 0.2/7.2 MB
Progress (5): 107 kB | 11 kB | 7.8/93 kB | 56 kB | 0.2/7.2 MB
Progress (5): 107 kB | 11 kB | 7.8/93 kB | 56 kB | 0.2/7.2 MB
Progress (5): 107 kB | 11 kB | 7.8/93 kB | 56 kB | 0.2/7.2 MB
Progress (5): 107 kB | 11 kB | 16/93 kB | 56 kB | 0.2/7.2 MB 
Progress (5): 107 kB | 11 kB | 16/93 kB | 56 kB | 0.3/7.2 MB
Progress (5): 107 kB | 11 kB | 32/93 kB | 56 kB | 0.3/7.2 MB
Progress (5): 107 kB | 11 kB | 32/93 kB | 56 kB | 0.3/7.2 MB
Progress (5): 107 kB | 11 kB | 49/93 kB | 56 kB | 0.3/7.2 MB
Progress (5): 107 kB | 11 kB | 49/93 kB | 56 kB | 0.3/7.2 MB
Progress (5): 107 kB | 11 kB | 65/93 kB | 56 kB | 0.3/7.2 MB
Progress (5): 107 kB | 11 kB | 65/93 kB | 56 kB | 0.3/7.2 MB
Progress (5): 107 kB | 11 kB | 81/93 kB | 56 kB | 0.3/7.2 MB
Progress (5): 107 kB | 11 kB | 81/93 kB | 56 kB | 0.3/7.2 MB
Progress (5): 107 kB | 11 kB | 81/93 kB | 56 kB | 0.3/7.2 MB
Progress (5): 107 kB | 11 kB | 93 kB | 56 kB | 0.3/7.2 MB   
Progress (5): 107 kB | 11 kB | 93 kB | 56 kB | 0.3/7.2 MB
Progress (5): 107 kB | 11 kB | 93 kB | 56 kB | 0.4/7.2 MB
Progress (5): 107 kB | 11 kB | 93 kB | 56 kB | 0.4/7.2 MB
Progress (5): 107 kB | 11 kB | 93 kB | 56 kB | 0.4/7.2 MB
Progress (5): 107 kB | 11 kB | 93 kB | 56 kB | 0.4/7.2 MB
Progress (5): 107 kB | 11 kB | 93 kB | 56 kB | 0.4/7.2 MB
Progress (5): 107 kB | 11 kB | 93 kB | 56 kB | 0.4/7.2 MB
Progress (5): 107 kB | 11 kB | 93 kB | 56 kB | 0.5/7.2 MB
Progress (5): 107 kB | 11 kB | 93 kB | 56 kB | 0.5/7.2 MB
Progress (5): 107 kB | 11 kB | 93 kB | 56 kB | 0.5/7.2 MB
Progress (5): 107 kB | 11 kB | 93 kB | 56 kB | 0.5/7.2 MB
Progress (5): 107 kB | 11 kB | 93 kB | 56 kB | 0.5/7.2 MB
Progress (5): 107 kB | 11 kB | 93 kB | 56 kB | 0.5/7.2 MB
Progress (5): 107 kB | 11 kB | 93 kB | 56 kB | 0.5/7.2 MB
Progress (5): 107 kB | 11 kB | 93 kB | 56 kB | 0.5/7.2 MB
Progress (5): 107 kB | 11 kB | 93 kB | 56 kB | 0.6/7.2 MB
Progress (5): 107 kB | 11 kB | 93 kB | 56 kB | 0.6/7.2 MB
Progress (5): 107 kB | 11 kB | 93 kB | 56 kB | 0.6/7.2 MB
Progress (5): 107 kB | 11 kB | 93 kB | 56 kB | 0.6/7.2 MB
Progress (5): 107 kB | 11 kB | 93 kB | 56 kB | 0.6/7.2 MB
Progress (5): 107 kB | 11 kB | 93 kB | 56 kB | 0.6/7.2 MB
Progress (5): 107 kB | 11 kB | 93 kB | 56 kB | 0.6/7.2 MB
Progress (5): 107 kB | 11 kB | 93 kB | 56 kB | 0.6/7.2 MB
Progress (5): 107 kB | 11 kB | 93 kB | 56 kB | 0.7/7.2 MB
Progress (5): 107 kB | 11 kB | 93 kB | 56 kB | 0.7/7.2 MB
Progress (5): 107 kB | 11 kB | 93 kB | 56 kB | 0.7/7.2 MB
Progress (5): 107 kB | 11 kB | 93 kB | 56 kB | 0.7/7.2 MB
Progress (5): 107 kB | 11 kB | 93 kB | 56 kB | 0.7/7.2 MB
Progress (5): 107 kB | 11 kB | 93 kB | 56 kB | 0.7/7.2 MB
Progress (5): 107 kB | 11 kB | 93 kB | 56 kB | 0.7/7.2 MB
Progress (5): 107 kB | 11 kB | 93 kB | 56 kB | 0.7/7.2 MB
Progress (5): 107 kB | 11 kB | 93 kB | 56 kB | 0.8/7.2 MB
Progress (5): 107 kB | 11 kB | 93 kB | 56 kB | 0.8/7.2 MB
Progress (5): 107 kB | 11 kB | 93 kB | 56 kB | 0.8/7.2 MB
Progress (5): 107 kB | 11 kB | 93 kB | 56 kB | 0.8/7.2 MB
Progress (5): 107 kB | 11 kB | 93 kB | 56 kB | 0.8/7.2 MB
Progress (5): 107 kB | 11 kB | 93 kB | 56 kB | 0.8/7.2 MB
Progress (5): 107 kB | 11 kB | 93 kB | 56 kB | 0.8/7.2 MB
Progress (5): 107 kB | 11 kB | 93 kB | 56 kB | 0.9/7.2 MB
Progress (5): 107 kB | 11 kB | 93 kB | 56 kB | 0.9/7.2 MB
Progress (5): 107 kB | 11 kB | 93 kB | 56 kB | 0.9/7.2 MB
Progress (5): 107 kB | 11 kB | 93 kB | 56 kB | 0.9/7.2 MB
Progress (5): 107 kB | 11 kB | 93 kB | 56 kB | 0.9/7.2 MB
Progress (5): 107 kB | 11 kB | 93 kB | 56 kB | 0.9/7.2 MB
Progress (5): 107 kB | 11 kB | 93 kB | 56 kB | 1.0/7.2 MB
Progress (5): 107 kB | 11 kB | 93 kB | 56 kB | 1.0/7.2 MB
Progress (5): 107 kB | 11 kB | 93 kB | 56 kB | 1.0/7.2 MB
                                                         
Downloaded from central: https://repo1.maven.org/maven2/org/apache/maven/scm/maven-scm-api/1.9.4/maven-scm-api-1.9.4.jar (107 kB at 74 kB/s)
Downloading from central: https://repo1.maven.org/maven2/org/apache/maven/scm/maven-scm-provider-clearcase/1.9.4/maven-scm-provider-clearcase-1.9.4.jar
Progress (4): 11 kB | 93 kB | 56 kB | 1.0/7.2 MB
Progress (4): 11 kB | 93 kB | 56 kB | 1.0/7.2 MB
Progress (4): 11 kB | 93 kB | 56 kB | 1.0/7.2 MB
Progress (4): 11 kB | 93 kB | 56 kB | 1.0/7.2 MB
Progress (4): 11 kB | 93 kB | 56 kB | 1.1/7.2 MB
Progress (4): 11 kB | 93 kB | 56 kB | 1.1/7.2 MB
Progress (4): 11 kB | 93 kB | 56 kB | 1.1/7.2 MB
Progress (4): 11 kB | 93 kB | 56 kB | 1.1/7.2 MB
Progress (4): 11 kB | 93 kB | 56 kB | 1.1/7.2 MB
Progress (4): 11 kB | 93 kB | 56 kB | 1.1/7.2 MB
Progress (4): 11 kB | 93 kB | 56 kB | 1.2/7.2 MB
Progress (4): 11 kB | 93 kB | 56 kB | 1.2/7.2 MB
Progress (4): 11 kB | 93 kB | 56 kB | 1.2/7.2 MB
Progress (4): 11 kB | 93 kB | 56 kB | 1.2/7.2 MB
Progress (4): 11 kB | 93 kB | 56 kB | 1.2/7.2 MB
Progress (4): 11 kB | 93 kB | 56 kB | 1.2/7.2 MB
Progress (4): 11 kB | 93 kB | 56 kB | 1.3/7.2 MB
Progress (4): 11 kB | 93 kB | 56 kB | 1.3/7.2 MB
Progress (4): 11 kB | 93 kB | 56 kB | 1.3/7.2 MB
Progress (4): 11 kB | 93 kB | 56 kB | 1.3/7.2 MB
Progress (4): 11 kB | 93 kB | 56 kB | 1.3/7.2 MB
Progress (4): 11 kB | 93 kB | 56 kB | 1.3/7.2 MB
Progress (4): 11 kB | 93 kB | 56 kB | 1.4/7.2 MB
Progress (4): 11 kB | 93 kB | 56 kB | 1.4/7.2 MB
Progress (4): 11 kB | 93 kB | 56 kB | 1.4/7.2 MB
Progress (4): 11 kB | 93 kB | 56 kB | 1.4/7.2 MB
Progress (4): 11 kB | 93 kB | 56 kB | 1.4/7.2 MB
Progress (4): 11 kB | 93 kB | 56 kB | 1.4/7.2 MB
Progress (4): 11 kB | 93 kB | 56 kB | 1.5/7.2 MB
Progress (4): 11 kB | 93 kB | 56 kB | 1.5/7.2 MB
Progress (4): 11 kB | 93 kB | 56 kB | 1.5/7.2 MB
Progress (4): 11 kB | 93 kB | 56 kB | 1.5/7.2 MB
Progress (4): 11 kB | 93 kB | 56 kB | 1.5/7.2 MB
Progress (4): 11 kB | 93 kB | 56 kB | 1.5/7.2 MB
Progress (4): 11 kB | 93 kB | 56 kB | 1.6/7.2 MB
Progress (4): 11 kB | 93 kB | 56 kB | 1.6/7.2 MB
Progress (4): 11 kB | 93 kB | 56 kB | 1.6/7.2 MB
Progress (4): 11 kB | 93 kB | 56 kB | 1.6/7.2 MB
Progress (4): 11 kB | 93 kB | 56 kB | 1.6/7.2 MB
Progress (4): 11 kB | 93 kB | 56 kB | 1.6/7.2 MB
                                                
Downloaded from central: https://repo1.maven.org/maven2/org/apache/maven/scm/maven-scm-provider-bazaar/1.9.4/maven-scm-provider-bazaar-1.9.4.jar (56 kB at 38 kB/s)
Downloading from central: https://repo1.maven.org/maven2/org/apache/maven/scm/maven-scm-provider-cvsexe/1.9.4/maven-scm-provider-cvsexe-1.9.4.jar
Progress (3): 11 kB | 93 kB | 1.7/7.2 MB
                                        
Downloaded from central: https://repo1.maven.org/maven2/org/apache/maven/scm/maven-scm-manager-plexus/1.9.4/maven-scm-manager-plexus-1.9.4.jar (11 kB at 7.4 kB/s)
Downloading from central: https://repo1.maven.org/maven2/org/apache/maven/scm/maven-scm-provider-cvs-commons/1.9.4/maven-scm-provider-cvs-commons-1.9.4.jar
Downloaded from central: https://repo1.maven.org/maven2/org/apache/maven/scm/maven-scm-provider-accurev/1.9.4/maven-scm-provider-accurev-1.9.4.jar (93 kB at 64 kB/s)
Downloading from central: https://repo1.maven.org/maven2/org/apache/maven/scm/maven-scm-provider-cvsjava/1.9.4/maven-scm-provider-cvsjava-1.9.4.jar
Progress (1): 1.7/7.2 MB
Progress (1): 1.7/7.2 MB
Progress (1): 1.7/7.2 MB
Progress (1): 1.7/7.2 MB
Progress (1): 1.7/7.2 MB
Progress (1): 1.8/7.2 MB
Progress (1): 1.8/7.2 MB
Progress (1): 1.8/7.2 MB
Progress (1): 1.8/7.2 MB
Progress (1): 1.8/7.2 MB
Progress (1): 1.8/7.2 MB
Progress (1): 1.9/7.2 MB
Progress (1): 1.9/7.2 MB
Progress (1): 1.9/7.2 MB
Progress (1): 1.9/7.2 MB
Progress (1): 1.9/7.2 MB
Progress (1): 1.9/7.2 MB
Progress (1): 1.9/7.2 MB
Progress (1): 2.0/7.2 MB
Progress (1): 2.0/7.2 MB
Progress (1): 2.0/7.2 MB
Progress (1): 2.0/7.2 MB
Progress (1): 2.0/7.2 MB
Progress (1): 2.0/7.2 MB
Progress (1): 2.1/7.2 MB
Progress (1): 2.1/7.2 MB
Progress (1): 2.1/7.2 MB
Progress (1): 2.1/7.2 MB
Progress (1): 2.1/7.2 MB
Progress (1): 2.1/7.2 MB
Progress (1): 2.2/7.2 MB
Progress (1): 2.2/7.2 MB
Progress (1): 2.2/7.2 MB
Progress (1): 2.2/7.2 MB
Progress (1): 2.2/7.2 MB
Progress (1): 2.2/7.2 MB
Progress (1): 2.3/7.2 MB
Progress (1): 2.3/7.2 MB
Progress (1): 2.3/7.2 MB
Progress (1): 2.3/7.2 MB
Progress (1): 2.3/7.2 MB
Progress (1): 2.3/7.2 MB
Progress (1): 2.4/7.2 MB
Progress (1): 2.4/7.2 MB
Progress (1): 2.4/7.2 MB
Progress (1): 2.4/7.2 MB
Progress (1): 2.4/7.2 MB
Progress (1): 2.4/7.2 MB
Progress (1): 2.5/7.2 MB
Progress (1): 2.5/7.2 MB
Progress (1): 2.5/7.2 MB
Progress (1): 2.5/7.2 MB
Progress (1): 2.5/7.2 MB
Progress (1): 2.5/7.2 MB
Progress (1): 2.6/7.2 MB
Progress (1): 2.6/7.2 MB
Progress (1): 2.6/7.2 MB
Progress (1): 2.6/7.2 MB
Progress (1): 2.6/7.2 MB
Progress (1): 2.6/7.2 MB
Progress (1): 2.7/7.2 MB
Progress (1): 2.7/7.2 MB
Progress (1): 2.7/7.2 MB
Progress (1): 2.7/7.2 MB
Progress (1): 2.7/7.2 MB
Progress (1): 2.7/7.2 MB
Progress (1): 2.8/7.2 MB
Progress (1): 2.8/7.2 MB
Progress (1): 2.8/7.2 MB
Progress (1): 2.8/7.2 MB
Progress (1): 2.8/7.2 MB
Progress (1): 2.8/7.2 MB
Progress (1): 2.9/7.2 MB
Progress (1): 2.9/7.2 MB
Progress (1): 2.9/7.2 MB
Progress (1): 2.9/7.2 MB
Progress (1): 2.9/7.2 MB
Progress (1): 2.9/7.2 MB
Progress (1): 2.9/7.2 MB
Progress (1): 3.0/7.2 MB
Progress (1): 3.0/7.2 MB
Progress (1): 3.0/7.2 MB
Progress (1): 3.0/7.2 MB
Progress (1): 3.0/7.2 MB
Progress (1): 3.0/7.2 MB
Progress (1): 3.1/7.2 MB
Progress (1): 3.1/7.2 MB
Progress (1): 3.1/7.2 MB
Progress (1): 3.1/7.2 MB
Progress (1): 3.1/7.2 MB
Progress (1): 3.1/7.2 MB
Progress (1): 3.2/7.2 MB
Progress (1): 3.2/7.2 MB
Progress (1): 3.2/7.2 MB
Progress (1): 3.2/7.2 MB
Progress (1): 3.2/7.2 MB
Progress (1): 3.2/7.2 MB
Progress (1): 3.3/7.2 MB
Progress (1): 3.3/7.2 MB
Progress (1): 3.3/7.2 MB
Progress (1): 3.3/7.2 MB
Progress (1): 3.3/7.2 MB
Progress (1): 3.3/7.2 MB
Progress (1): 3.4/7.2 MB
Progress (1): 3.4/7.2 MB
Progress (1): 3.4/7.2 MB
Progress (1): 3.4/7.2 MB
Progress (1): 3.4/7.2 MB
Progress (1): 3.4/7.2 MB
Progress (1): 3.5/7.2 MB
Progress (1): 3.5/7.2 MB
Progress (1): 3.5/7.2 MB
Progress (1): 3.5/7.2 MB
Progress (1): 3.5/7.2 MB
Progress (1): 3.5/7.2 MB
Progress (1): 3.6/7.2 MB
Progress (1): 3.6/7.2 MB
Progress (1): 3.6/7.2 MB
Progress (1): 3.6/7.2 MB
Progress (1): 3.6/7.2 MB
Progress (1): 3.6/7.2 MB
Progress (1): 3.7/7.2 MB
Progress (1): 3.7/7.2 MB
Progress (1): 3.7/7.2 MB
Progress (1): 3.7/7.2 MB
Progress (1): 3.7/7.2 MB
Progress (1): 3.7/7.2 MB
Progress (2): 3.7/7.2 MB | 7.7/76 kB
Progress (2): 3.8/7.2 MB | 7.7/76 kB
Progress (2): 3.8/7.2 MB | 7.7/76 kB
Progress (2): 3.8/7.2 MB | 7.7/76 kB
Progress (2): 3.8/7.2 MB | 7.7/76 kB
Progress (2): 3.8/7.2 MB | 7.7/76 kB
Progress (2): 3.8/7.2 MB | 16/76 kB 
Progress (2): 3.8/7.2 MB | 16/76 kB
Progress (2): 3.8/7.2 MB | 32/76 kB
Progress (2): 3.8/7.2 MB | 32/76 kB
Progress (2): 3.8/7.2 MB | 49/76 kB
Progress (2): 3.9/7.2 MB | 49/76 kB
Progress (2): 3.9/7.2 MB | 65/76 kB
Progress (2): 3.9/7.2 MB | 65/76 kB
Progress (2): 3.9/7.2 MB | 76 kB   
Progress (2): 3.9/7.2 MB | 76 kB
Progress (2): 3.9/7.2 MB | 76 kB
Progress (2): 3.9/7.2 MB | 76 kB
Progress (2): 3.9/7.2 MB | 76 kB
Progress (2): 4.0/7.2 MB | 76 kB
Progress (2): 4.0/7.2 MB | 76 kB
Progress (2): 4.0/7.2 MB | 76 kB
Progress (2): 4.0/7.2 MB | 76 kB
Progress (2): 4.0/7.2 MB | 76 kB
Progress (2): 4.0/7.2 MB | 76 kB
Progress (2): 4.1/7.2 MB | 76 kB
Progress (2): 4.1/7.2 MB | 76 kB
Progress (2): 4.1/7.2 MB | 76 kB
Progress (2): 4.1/7.2 MB | 76 kB
Progress (2): 4.1/7.2 MB | 76 kB
Progress (2): 4.1/7.2 MB | 76 kB
Progress (2): 4.2/7.2 MB | 76 kB
Progress (2): 4.2/7.2 MB | 76 kB
Progress (2): 4.2/7.2 MB | 76 kB
Progress (2): 4.2/7.2 MB | 76 kB
Progress (2): 4.2/7.2 MB | 76 kB
Progress (2): 4.2/7.2 MB | 76 kB
Progress (2): 4.3/7.2 MB | 76 kB
Progress (2): 4.3/7.2 MB | 76 kB
Progress (2): 4.3/7.2 MB | 76 kB
Progress (2): 4.3/7.2 MB | 76 kB
Progress (2): 4.3/7.2 MB | 76 kB
Progress (2): 4.3/7.2 MB | 76 kB
Progress (2): 4.4/7.2 MB | 76 kB
Progress (2): 4.4/7.2 MB | 76 kB
Progress (2): 4.4/7.2 MB | 76 kB
Progress (2): 4.4/7.2 MB | 76 kB
Progress (2): 4.4/7.2 MB | 76 kB
Progress (2): 4.4/7.2 MB | 76 kB
Progress (2): 4.5/7.2 MB | 76 kB
Progress (2): 4.5/7.2 MB | 76 kB
Progress (2): 4.5/7.2 MB | 76 kB
Progress (2): 4.5/7.2 MB | 76 kB
Progress (2): 4.5/7.2 MB | 76 kB
Progress (2): 4.5/7.2 MB | 76 kB
Progress (2): 4.5/7.2 MB | 76 kB
Progress (2): 4.6/7.2 MB | 76 kB
Progress (2): 4.6/7.2 MB | 76 kB
Progress (2): 4.6/7.2 MB | 76 kB
Progress (2): 4.6/7.2 MB | 76 kB
Progress (2): 4.6/7.2 MB | 76 kB
Progress (3): 4.6/7.2 MB | 76 kB | 7.8/68 kB
Progress (3): 4.6/7.2 MB | 76 kB | 7.8/68 kB
Progress (3): 4.7/7.2 MB | 76 kB | 7.8/68 kB
Progress (3): 4.7/7.2 MB | 76 kB | 7.8/68 kB
Progress (3): 4.7/7.2 MB | 76 kB | 7.8/68 kB
Progress (3): 4.7/7.2 MB | 76 kB | 7.8/68 kB
                                            
Downloaded from central: https://repo1.maven.org/maven2/org/apache/maven/scm/maven-scm-provider-cvs-commons/1.9.4/maven-scm-provider-cvs-commons-1.9.4.jar (76 kB at 50 kB/s)
Progress (2): 4.7/7.2 MB | 7.8/68 kB
                                    
Downloading from central: https://repo1.maven.org/maven2/org/netbeans/lib/cvsclient/20060125/cvsclient-20060125.jar
Progress (2): 4.7/7.2 MB | 7.8/68 kB
Progress (2): 4.8/7.2 MB | 7.8/68 kB
Progress (2): 4.8/7.2 MB | 7.8/68 kB
Progress (2): 4.8/7.2 MB | 7.8/68 kB
Progress (2): 4.8/7.2 MB | 7.8/68 kB
Progress (2): 4.8/7.2 MB | 16/68 kB 
Progress (3): 4.8/7.2 MB | 16/68 kB | 7.7/30 kB
Progress (3): 4.8/7.2 MB | 16/68 kB | 7.7/30 kB
Progress (3): 4.8/7.2 MB | 32/68 kB | 7.7/30 kB
Progress (3): 4.8/7.2 MB | 32/68 kB | 7.7/30 kB
Progress (3): 4.8/7.2 MB | 49/68 kB | 7.7/30 kB
Progress (3): 4.9/7.2 MB | 49/68 kB | 7.7/30 kB
Progress (3): 4.9/7.2 MB | 65/68 kB | 7.7/30 kB
Progress (3): 4.9/7.2 MB | 65/68 kB | 7.7/30 kB
Progress (3): 4.9/7.2 MB | 68 kB | 7.7/30 kB   
Progress (3): 4.9/7.2 MB | 68 kB | 7.7/30 kB
Progress (3): 4.9/7.2 MB | 68 kB | 7.7/30 kB
Progress (3): 4.9/7.2 MB | 68 kB | 7.7/30 kB
Progress (3): 4.9/7.2 MB | 68 kB | 8.2/30 kB
Progress (4): 4.9/7.2 MB | 68 kB | 8.2/30 kB | 7.7/44 kB
Progress (4): 4.9/7.2 MB | 68 kB | 8.2/30 kB | 7.7/44 kB
Progress (4): 4.9/7.2 MB | 68 kB | 8.2/30 kB | 7.7/44 kB
Progress (4): 5.0/7.2 MB | 68 kB | 8.2/30 kB | 7.7/44 kB
Progress (4): 5.0/7.2 MB | 68 kB | 25/30 kB | 7.7/44 kB 
Progress (4): 5.0/7.2 MB | 68 kB | 30 kB | 7.7/44 kB   
Progress (4): 5.0/7.2 MB | 68 kB | 30 kB | 7.7/44 kB
Progress (4): 5.0/7.2 MB | 68 kB | 30 kB | 7.7/44 kB
Progress (4): 5.0/7.2 MB | 68 kB | 30 kB | 16/44 kB 
Progress (4): 5.0/7.2 MB | 68 kB | 30 kB | 16/44 kB
Progress (4): 5.0/7.2 MB | 68 kB | 30 kB | 25/44 kB
Progress (4): 5.0/7.2 MB | 68 kB | 30 kB | 25/44 kB
Progress (4): 5.0/7.2 MB | 68 kB | 30 kB | 41/44 kB
Progress (4): 5.0/7.2 MB | 68 kB | 30 kB | 44 kB   
Progress (4): 5.0/7.2 MB | 68 kB | 30 kB | 44 kB
Progress (4): 5.0/7.2 MB | 68 kB | 30 kB | 44 kB
Progress (4): 5.1/7.2 MB | 68 kB | 30 kB | 44 kB
Progress (4): 5.1/7.2 MB | 68 kB | 30 kB | 44 kB
Progress (4): 5.1/7.2 MB | 68 kB | 30 kB | 44 kB
Progress (4): 5.1/7.2 MB | 68 kB | 30 kB | 44 kB
Progress (4): 5.1/7.2 MB | 68 kB | 30 kB | 44 kB
Progress (4): 5.1/7.2 MB | 68 kB | 30 kB | 44 kB
Progress (4): 5.2/7.2 MB | 68 kB | 30 kB | 44 kB
Progress (4): 5.2/7.2 MB | 68 kB | 30 kB | 44 kB
Progress (4): 5.2/7.2 MB | 68 kB | 30 kB | 44 kB
Progress (4): 5.2/7.2 MB | 68 kB | 30 kB | 44 kB
Progress (4): 5.2/7.2 MB | 68 kB | 30 kB | 44 kB
Progress (4): 5.2/7.2 MB | 68 kB | 30 kB | 44 kB
Progress (4): 5.3/7.2 MB | 68 kB | 30 kB | 44 kB
Progress (4): 5.3/7.2 MB | 68 kB | 30 kB | 44 kB
Progress (4): 5.3/7.2 MB | 68 kB | 30 kB | 44 kB
Progress (4): 5.3/7.2 MB | 68 kB | 30 kB | 44 kB
Progress (4): 5.3/7.2 MB | 68 kB | 30 kB | 44 kB
Progress (4): 5.3/7.2 MB | 68 kB | 30 kB | 44 kB
Progress (4): 5.3/7.2 MB | 68 kB | 30 kB | 44 kB
Progress (4): 5.4/7.2 MB | 68 kB | 30 kB | 44 kB
Progress (4): 5.4/7.2 MB | 68 kB | 30 kB | 44 kB
Progress (4): 5.4/7.2 MB | 68 kB | 30 kB | 44 kB
Progress (4): 5.4/7.2 MB | 68 kB | 30 kB | 44 kB
Progress (4): 5.4/7.2 MB | 68 kB | 30 kB | 44 kB
Progress (4): 5.4/7.2 MB | 68 kB | 30 kB | 44 kB
Progress (4): 5.5/7.2 MB | 68 kB | 30 kB | 44 kB
Progress (4): 5.5/7.2 MB | 68 kB | 30 kB | 44 kB
Progress (4): 5.5/7.2 MB | 68 kB | 30 kB | 44 kB
Progress (4): 5.5/7.2 MB | 68 kB | 30 kB | 44 kB
Progress (4): 5.5/7.2 MB | 68 kB | 30 kB | 44 kB
Progress (4): 5.5/7.2 MB | 68 kB | 30 kB | 44 kB
Progress (4): 5.6/7.2 MB | 68 kB | 30 kB | 44 kB
Progress (4): 5.6/7.2 MB | 68 kB | 30 kB | 44 kB
Progress (4): 5.6/7.2 MB | 68 kB | 30 kB | 44 kB
Progress (4): 5.6/7.2 MB | 68 kB | 30 kB | 44 kB
Progress (4): 5.6/7.2 MB | 68 kB | 30 kB | 44 kB
Progress (4): 5.6/7.2 MB | 68 kB | 30 kB | 44 kB
Progress (4): 5.7/7.2 MB | 68 kB | 30 kB | 44 kB
                                                
Downloaded from central: https://repo1.maven.org/maven2/org/apache/maven/scm/maven-scm-provider-clearcase/1.9.4/maven-scm-provider-clearcase-1.9.4.jar (68 kB at 44 kB/s)
Downloading from central: https://repo1.maven.org/maven2/ch/ethz/ganymed/ganymed-ssh2/build210/ganymed-ssh2-build210.jar
Progress (3): 5.7/7.2 MB | 30 kB | 44 kB
Progress (3): 5.7/7.2 MB | 30 kB | 44 kB
Progress (3): 5.7/7.2 MB | 30 kB | 44 kB
Progress (3): 5.7/7.2 MB | 30 kB | 44 kB
Progress (3): 5.7/7.2 MB | 30 kB | 44 kB
Progress (3): 5.8/7.2 MB | 30 kB | 44 kB
Progress (3): 5.8/7.2 MB | 30 kB | 44 kB
                                        
Downloaded from central: https://repo1.maven.org/maven2/org/apache/maven/scm/maven-scm-provider-cvsexe/1.9.4/maven-scm-provider-cvsexe-1.9.4.jar (30 kB at 20 kB/s)
Downloading from central: https://repo1.maven.org/maven2/org/apache/maven/scm/maven-scm-provider-gitexe/1.9.4/maven-scm-provider-gitexe-1.9.4.jar
Progress (2): 5.8/7.2 MB | 44 kB
Progress (2): 5.8/7.2 MB | 44 kB
                                
Downloaded from central: https://repo1.maven.org/maven2/org/apache/maven/scm/maven-scm-provider-cvsjava/1.9.4/maven-scm-provider-cvsjava-1.9.4.jar (44 kB at 28 kB/s)
Downloading from central: https://repo1.maven.org/maven2/commons-lang/commons-lang/2.6/commons-lang-2.6.jar
Progress (1): 5.8/7.2 MB
Progress (1): 5.8/7.2 MB
Progress (1): 5.9/7.2 MB
Progress (1): 5.9/7.2 MB
Progress (1): 5.9/7.2 MB
Progress (1): 5.9/7.2 MB
Progress (1): 5.9/7.2 MB
Progress (1): 5.9/7.2 MB
Progress (1): 6.0/7.2 MB
Progress (1): 6.0/7.2 MB
Progress (1): 6.0/7.2 MB
Progress (1): 6.0/7.2 MB
Progress (1): 6.0/7.2 MB
Progress (1): 6.0/7.2 MB
Progress (1): 6.1/7.2 MB
Progress (1): 6.1/7.2 MB
Progress (1): 6.1/7.2 MB
Progress (1): 6.1/7.2 MB
Progress (1): 6.1/7.2 MB
Progress (1): 6.1/7.2 MB
Progress (1): 6.2/7.2 MB
Progress (1): 6.2/7.2 MB
Progress (1): 6.2/7.2 MB
Progress (1): 6.2/7.2 MB
Progress (1): 6.2/7.2 MB
Progress (1): 6.2/7.2 MB
Progress (1): 6.3/7.2 MB
Progress (1): 6.3/7.2 MB
Progress (1): 6.3/7.2 MB
Progress (1): 6.3/7.2 MB
Progress (1): 6.3/7.2 MB
Progress (1): 6.3/7.2 MB
Progress (1): 6.3/7.2 MB
Progress (1): 6.4/7.2 MB
Progress (1): 6.4/7.2 MB
Progress (1): 6.4/7.2 MB
Progress (1): 6.4/7.2 MB
Progress (1): 6.4/7.2 MB
Progress (1): 6.4/7.2 MB
Progress (1): 6.5/7.2 MB
Progress (1): 6.5/7.2 MB
Progress (1): 6.5/7.2 MB
Progress (1): 6.5/7.2 MB
Progress (1): 6.5/7.2 MB
Progress (1): 6.5/7.2 MB
Progress (1): 6.6/7.2 MB
Progress (1): 6.6/7.2 MB
Progress (1): 6.6/7.2 MB
Progress (1): 6.6/7.2 MB
Progress (1): 6.6/7.2 MB
Progress (1): 6.6/7.2 MB
Progress (1): 6.6/7.2 MB
Progress (1): 6.7/7.2 MB
Progress (1): 6.7/7.2 MB
Progress (1): 6.7/7.2 MB
Progress (1): 6.7/7.2 MB
Progress (1): 6.7/7.2 MB
Progress (1): 6.7/7.2 MB
Progress (1): 6.8/7.2 MB
Progress (1): 6.8/7.2 MB
Progress (1): 6.8/7.2 MB
Progress (1): 6.8/7.2 MB
Progress (1): 6.8/7.2 MB
Progress (1): 6.8/7.2 MB
Progress (1): 6.9/7.2 MB
Progress (1): 6.9/7.2 MB
Progress (1): 6.9/7.2 MB
Progress (1): 6.9/7.2 MB
Progress (1): 6.9/7.2 MB
Progress (1): 6.9/7.2 MB
Progress (1): 7.0/7.2 MB
Progress (1): 7.0/7.2 MB
Progress (1): 7.0/7.2 MB
Progress (1): 7.0/7.2 MB
Progress (1): 7.0/7.2 MB
Progress (1): 7.0/7.2 MB
Progress (1): 7.1/7.2 MB
Progress (1): 7.1/7.2 MB
Progress (1): 7.1/7.2 MB
Progress (1): 7.1/7.2 MB
Progress (1): 7.1/7.2 MB
Progress (1): 7.1/7.2 MB
Progress (1): 7.2/7.2 MB
Progress (1): 7.2/7.2 MB
Progress (1): 7.2/7.2 MB
Progress (1): 7.2/7.2 MB
Progress (1): 7.2 MB    
Progress (2): 7.2 MB | 7.8/619 kB
Progress (2): 7.2 MB | 16/619 kB 
Progress (2): 7.2 MB | 32/619 kB
Progress (2): 7.2 MB | 49/619 kB
Progress (2): 7.2 MB | 65/619 kB
Progress (2): 7.2 MB | 81/619 kB
Progress (3): 7.2 MB | 81/619 kB | 7.7/284 kB
Progress (3): 7.2 MB | 98/619 kB | 7.7/284 kB
Progress (3): 7.2 MB | 114/619 kB | 7.7/284 kB
Progress (3): 7.2 MB | 131/619 kB | 7.7/284 kB
Progress (3): 7.2 MB | 147/619 kB | 7.7/284 kB
Progress (3): 7.2 MB | 163/619 kB | 7.7/284 kB
Progress (3): 7.2 MB | 163/619 kB | 12/284 kB 
Progress (3): 7.2 MB | 180/619 kB | 12/284 kB
Progress (3): 7.2 MB | 180/619 kB | 29/284 kB
Progress (3): 7.2 MB | 196/619 kB | 29/284 kB
Progress (3): 7.2 MB | 196/619 kB | 45/284 kB
Progress (3): 7.2 MB | 196/619 kB | 61/284 kB
Progress (3): 7.2 MB | 213/619 kB | 61/284 kB
Progress (3): 7.2 MB | 213/619 kB | 78/284 kB
Progress (3): 7.2 MB | 229/619 kB | 78/284 kB
Progress (3): 7.2 MB | 229/619 kB | 94/284 kB
Progress (3): 7.2 MB | 229/619 kB | 111/284 kB
Progress (3): 7.2 MB | 245/619 kB | 111/284 kB
Progress (3): 7.2 MB | 245/619 kB | 127/284 kB
Progress (3): 7.2 MB | 262/619 kB | 127/284 kB
Progress (3): 7.2 MB | 262/619 kB | 143/284 kB
Progress (3): 7.2 MB | 278/619 kB | 143/284 kB
Progress (3): 7.2 MB | 278/619 kB | 160/284 kB
Progress (3): 7.2 MB | 294/619 kB | 160/284 kB
Progress (3): 7.2 MB | 294/619 kB | 176/284 kB
Progress (3): 7.2 MB | 311/619 kB | 176/284 kB
Progress (3): 7.2 MB | 311/619 kB | 193/284 kB
Progress (3): 7.2 MB | 327/619 kB | 193/284 kB
Progress (3): 7.2 MB | 327/619 kB | 209/284 kB
Progress (3): 7.2 MB | 344/619 kB | 209/284 kB
Progress (3): 7.2 MB | 344/619 kB | 225/284 kB
Progress (3): 7.2 MB | 360/619 kB | 225/284 kB
Progress (3): 7.2 MB | 360/619 kB | 242/284 kB
Progress (3): 7.2 MB | 376/619 kB | 242/284 kB
Progress (3): 7.2 MB | 376/619 kB | 258/284 kB
Progress (3): 7.2 MB | 393/619 kB | 258/284 kB
Progress (3): 7.2 MB | 393/619 kB | 274/284 kB
Progress (3): 7.2 MB | 393/619 kB | 284 kB    
Progress (3): 7.2 MB | 409/619 kB | 284 kB
Progress (3): 7.2 MB | 426/619 kB | 284 kB
Progress (3): 7.2 MB | 442/619 kB | 284 kB
Progress (3): 7.2 MB | 458/619 kB | 284 kB
Progress (3): 7.2 MB | 475/619 kB | 284 kB
Progress (3): 7.2 MB | 491/619 kB | 284 kB
Progress (3): 7.2 MB | 507/619 kB | 284 kB
Progress (3): 7.2 MB | 524/619 kB | 284 kB
Progress (3): 7.2 MB | 540/619 kB | 284 kB
Progress (3): 7.2 MB | 557/619 kB | 284 kB
Progress (3): 7.2 MB | 573/619 kB | 284 kB
Progress (3): 7.2 MB | 589/619 kB | 284 kB
Progress (3): 7.2 MB | 606/619 kB | 284 kB
Progress (3): 7.2 MB | 619 kB | 284 kB    
                                      
Downloaded from central: https://repo1.maven.org/maven2/commons-lang/commons-lang/2.6/commons-lang-2.6.jar (284 kB at 178 kB/s)
Downloading from central: https://repo1.maven.org/maven2/org/apache/maven/scm/maven-scm-provider-git-commons/1.9.4/maven-scm-provider-git-commons-1.9.4.jar
Downloaded from central: https://repo1.maven.org/maven2/org/netbeans/lib/cvsclient/20060125/cvsclient-20060125.jar (619 kB at 386 kB/s)
Downloading from central: https://repo1.maven.org/maven2/org/apache/maven/scm/maven-scm-provider-hg/1.9.4/maven-scm-provider-hg-1.9.4.jar
Progress (2): 7.2 MB | 7.7/66 kB
Progress (2): 7.2 MB | 8.2/66 kB
Progress (2): 7.2 MB | 25/66 kB 
Progress (3): 7.2 MB | 25/66 kB | 7.8/245 kB
Progress (3): 7.2 MB | 41/66 kB | 7.8/245 kB
Progress (3): 7.2 MB | 57/66 kB | 7.8/245 kB
Progress (3): 7.2 MB | 66 kB | 7.8/245 kB   
Progress (3): 7.2 MB | 66 kB | 16/245 kB 
Progress (3): 7.2 MB | 66 kB | 32/245 kB
Progress (3): 7.2 MB | 66 kB | 49/245 kB
Progress (3): 7.2 MB | 66 kB | 65/245 kB
Progress (3): 7.2 MB | 66 kB | 81/245 kB
Progress (3): 7.2 MB | 66 kB | 98/245 kB
Progress (3): 7.2 MB | 66 kB | 114/245 kB
Progress (3): 7.2 MB | 66 kB | 131/245 kB
Progress (3): 7.2 MB | 66 kB | 147/245 kB
Progress (3): 7.2 MB | 66 kB | 163/245 kB
Progress (3): 7.2 MB | 66 kB | 180/245 kB
Progress (3): 7.2 MB | 66 kB | 196/245 kB
Progress (3): 7.2 MB | 66 kB | 213/245 kB
Progress (3): 7.2 MB | 66 kB | 229/245 kB
Progress (3): 7.2 MB | 66 kB | 245 kB    
                                     
Downloaded from central: https://repo1.maven.org/maven2/org/codehaus/groovy/groovy-all/2.4.18/groovy-all-2.4.18.jar (7.2 MB at 4.5 MB/s)
Downloading from central: https://repo1.maven.org/maven2/org/apache/maven/scm/maven-scm-provider-perforce/1.9.4/maven-scm-provider-perforce-1.9.4.jar
Downloaded from central: https://repo1.maven.org/maven2/org/apache/maven/scm/maven-scm-provider-gitexe/1.9.4/maven-scm-provider-gitexe-1.9.4.jar (66 kB at 41 kB/s)
Downloading from central: https://repo1.maven.org/maven2/org/apache/maven/scm/maven-scm-provider-starteam/1.9.4/maven-scm-provider-starteam-1.9.4.jar
Downloaded from central: https://repo1.maven.org/maven2/ch/ethz/ganymed/ganymed-ssh2/build210/ganymed-ssh2-build210.jar (245 kB at 151 kB/s)
Downloading from central: https://repo1.maven.org/maven2/org/apache/maven/scm/maven-scm-provider-svnexe/1.9.4/maven-scm-provider-svnexe-1.9.4.jar
Progress (1): 7.8/34 kB
Progress (1): 16/34 kB 
Progress (1): 32/34 kB
Progress (1): 34 kB   
Progress (2): 34 kB | 7.7/66 kB
Progress (2): 34 kB | 16/66 kB 
Progress (2): 34 kB | 32/66 kB
Progress (2): 34 kB | 49/66 kB
Progress (2): 34 kB | 57/66 kB
Progress (2): 34 kB | 66 kB   
Progress (3): 34 kB | 66 kB | 7.7/71 kB
Progress (3): 34 kB | 66 kB | 12/71 kB 
Progress (3): 34 kB | 66 kB | 28/71 kB
Progress (3): 34 kB | 66 kB | 44/71 kB
Progress (3): 34 kB | 66 kB | 61/71 kB
Progress (3): 34 kB | 66 kB | 71 kB   
                                   
Downloaded from central: https://repo1.maven.org/maven2/org/apache/maven/scm/maven-scm-provider-git-commons/1.9.4/maven-scm-provider-git-commons-1.9.4.jar (34 kB at 20 kB/s)
Downloading from central: https://repo1.maven.org/maven2/org/apache/maven/scm/maven-scm-provider-svn-commons/1.9.4/maven-scm-provider-svn-commons-1.9.4.jar
Progress (3): 66 kB | 71 kB | 7.8/83 kB
Progress (3): 66 kB | 71 kB | 16/83 kB 
Progress (3): 66 kB | 71 kB | 32/83 kB
                                      
Downloaded from central: https://repo1.maven.org/maven2/org/apache/maven/scm/maven-scm-provider-hg/1.9.4/maven-scm-provider-hg-1.9.4.jar (66 kB at 40 kB/s)
Downloading from central: https://repo1.maven.org/maven2/org/apache/maven/scm/maven-scm-provider-synergy/1.9.4/maven-scm-provider-synergy-1.9.4.jar
Progress (2): 71 kB | 49/83 kB
Progress (2): 71 kB | 65/83 kB
Progress (2): 71 kB | 81/83 kB
Progress (2): 71 kB | 83 kB   
                           
Downloaded from central: https://repo1.maven.org/maven2/org/apache/maven/scm/maven-scm-provider-starteam/1.9.4/maven-scm-provider-starteam-1.9.4.jar (71 kB at 42 kB/s)
Downloading from central: https://repo1.maven.org/maven2/org/apache/maven/scm/maven-scm-provider-vss/1.9.4/maven-scm-provider-vss-1.9.4.jar
Downloaded from central: https://repo1.maven.org/maven2/org/apache/maven/scm/maven-scm-provider-perforce/1.9.4/maven-scm-provider-perforce-1.9.4.jar (83 kB at 49 kB/s)
Downloading from central: https://repo1.maven.org/maven2/org/apache/maven/scm/maven-scm-provider-tfs/1.9.4/maven-scm-provider-tfs-1.9.4.jar
Progress (1): 7.7/78 kB
Progress (1): 16/78 kB 
Progress (1): 32/78 kB
Progress (1): 49/78 kB
Progress (1): 65/78 kB
Progress (1): 78 kB   
                   
Downloaded from central: https://repo1.maven.org/maven2/org/apache/maven/scm/maven-scm-provider-svnexe/1.9.4/maven-scm-provider-svnexe-1.9.4.jar (78 kB at 45 kB/s)
Downloading from central: https://repo1.maven.org/maven2/org/apache/maven/scm/maven-scm-provider-integrity/1.9.4/maven-scm-provider-integrity-1.9.4.jar
Progress (1): 7.8/69 kB
Progress (2): 7.8/69 kB | 7.7/43 kB
Progress (2): 16/69 kB | 7.7/43 kB 
Progress (2): 32/69 kB | 7.7/43 kB
Progress (2): 49/69 kB | 7.7/43 kB
Progress (2): 65/69 kB | 7.7/43 kB
Progress (3): 65/69 kB | 7.7/43 kB | 7.7/58 kB
Progress (3): 69 kB | 7.7/43 kB | 7.7/58 kB   
Progress (3): 69 kB | 7.7/43 kB | 16/58 kB 
Progress (3): 69 kB | 16/43 kB | 16/58 kB 
Progress (4): 69 kB | 16/43 kB | 16/58 kB | 7.8/37 kB
Progress (4): 69 kB | 16/43 kB | 25/58 kB | 7.8/37 kB
Progress (4): 69 kB | 24/43 kB | 25/58 kB | 7.8/37 kB
Progress (4): 69 kB | 24/43 kB | 41/58 kB | 7.8/37 kB
Progress (4): 69 kB | 41/43 kB | 41/58 kB | 7.8/37 kB
Progress (4): 69 kB | 41/43 kB | 57/58 kB | 7.8/37 kB
Progress (4): 69 kB | 43 kB | 57/58 kB | 7.8/37 kB   
Progress (4): 69 kB | 43 kB | 58 kB | 7.8/37 kB   
Progress (4): 69 kB | 43 kB | 58 kB | 16/37 kB 
Progress (4): 69 kB | 43 kB | 58 kB | 32/37 kB
Progress (4): 69 kB | 43 kB | 58 kB | 37 kB   
                                           
Downloaded from central: https://repo1.maven.org/maven2/org/apache/maven/scm/maven-scm-provider-vss/1.9.4/maven-scm-provider-vss-1.9.4.jar (69 kB at 39 kB/s)
Downloading from central: https://repo1.maven.org/maven2/com/mks/api/mksapi-jar/4.10.9049/mksapi-jar-4.10.9049.jar
Downloaded from central: https://repo1.maven.org/maven2/org/apache/maven/scm/maven-scm-provider-tfs/1.9.4/maven-scm-provider-tfs-1.9.4.jar (43 kB at 25 kB/s)
Downloading from central: https://repo1.maven.org/maven2/org/apache/maven/scm/maven-scm-provider-jazz/1.9.4/maven-scm-provider-jazz-1.9.4.jar
Downloaded from central: https://repo1.maven.org/maven2/org/apache/maven/scm/maven-scm-provider-svn-commons/1.9.4/maven-scm-provider-svn-commons-1.9.4.jar (37 kB at 21 kB/s)
Downloaded from central: https://repo1.maven.org/maven2/org/apache/maven/scm/maven-scm-provider-synergy/1.9.4/maven-scm-provider-synergy-1.9.4.jar (58 kB at 33 kB/s)
Downloading from central: https://repo1.maven.org/maven2/org/apache/maven/surefire/surefire-booter/2.17/surefire-booter-2.17.jar
Downloading from central: https://repo1.maven.org/maven2/org/apache/maven/surefire/surefire-api/2.17/surefire-api-2.17.jar
Progress (1): 8.2/78 kB
Progress (1): 25/78 kB 
Progress (1): 33/78 kB
Progress (1): 41/78 kB
Progress (1): 57/78 kB
Progress (1): 66/78 kB
Progress (1): 74/78 kB
Progress (1): 78 kB   
                   
Downloaded from central: https://repo1.maven.org/maven2/org/apache/maven/scm/maven-scm-provider-integrity/1.9.4/maven-scm-provider-integrity-1.9.4.jar (78 kB at 44 kB/s)
Downloading from central: https://repo1.maven.org/maven2/org/apache/maven/surefire/maven-surefire-common/2.17/maven-surefire-common-2.17.jar
Progress (1): 7.8/645 kB
Progress (1): 16/645 kB 
Progress (1): 32/645 kB
Progress (1): 49/645 kB
Progress (1): 65/645 kB
Progress (1): 81/645 kB
Progress (1): 98/645 kB
Progress (1): 114/645 kB
Progress (1): 131/645 kB
Progress (1): 147/645 kB
Progress (1): 163/645 kB
Progress (1): 180/645 kB
Progress (1): 196/645 kB
Progress (2): 196/645 kB | 7.8/40 kB
Progress (2): 213/645 kB | 7.8/40 kB
Progress (2): 213/645 kB | 16/40 kB 
Progress (2): 229/645 kB | 16/40 kB
Progress (2): 245/645 kB | 16/40 kB
Progress (2): 245/645 kB | 32/40 kB
Progress (3): 245/645 kB | 32/40 kB | 4.1/147 kB
Progress (3): 262/645 kB | 32/40 kB | 4.1/147 kB
Progress (3): 262/645 kB | 40 kB | 4.1/147 kB   
Progress (3): 278/645 kB | 40 kB | 4.1/147 kB
Progress (3): 278/645 kB | 40 kB | 16/147 kB 
Progress (3): 294/645 kB | 40 kB | 16/147 kB
Progress (3): 294/645 kB | 40 kB | 33/147 kB
Progress (3): 311/645 kB | 40 kB | 33/147 kB
Progress (3): 311/645 kB | 40 kB | 49/147 kB
Progress (3): 327/645 kB | 40 kB | 49/147 kB
Progress (3): 327/645 kB | 40 kB | 66/147 kB
Progress (3): 344/645 kB | 40 kB | 66/147 kB
Progress (3): 360/645 kB | 40 kB | 66/147 kB
Progress (3): 360/645 kB | 40 kB | 82/147 kB
Progress (3): 376/645 kB | 40 kB | 82/147 kB
Progress (3): 376/645 kB | 40 kB | 98/147 kB
Progress (4): 376/645 kB | 40 kB | 98/147 kB | 7.8/65 kB
Progress (4): 393/645 kB | 40 kB | 98/147 kB | 7.8/65 kB
Progress (4): 409/645 kB | 40 kB | 98/147 kB | 7.8/65 kB
Progress (4): 409/645 kB | 40 kB | 115/147 kB | 7.8/65 kB
Progress (4): 409/645 kB | 40 kB | 131/147 kB | 7.8/65 kB
Progress (4): 426/645 kB | 40 kB | 131/147 kB | 7.8/65 kB
Progress (4): 426/645 kB | 40 kB | 147 kB | 7.8/65 kB    
Progress (4): 442/645 kB | 40 kB | 147 kB | 7.8/65 kB
Progress (4): 458/645 kB | 40 kB | 147 kB | 7.8/65 kB
Progress (4): 475/645 kB | 40 kB | 147 kB | 7.8/65 kB
Progress (4): 491/645 kB | 40 kB | 147 kB | 7.8/65 kB
Progress (4): 491/645 kB | 40 kB | 147 kB | 16/65 kB 
Progress (4): 507/645 kB | 40 kB | 147 kB | 16/65 kB
Progress (4): 507/645 kB | 40 kB | 147 kB | 32/65 kB
Progress (4): 524/645 kB | 40 kB | 147 kB | 32/65 kB
Progress (4): 524/645 kB | 40 kB | 147 kB | 49/65 kB
Progress (4): 540/645 kB | 40 kB | 147 kB | 49/65 kB
Progress (4): 540/645 kB | 40 kB | 147 kB | 65 kB   
Progress (4): 557/645 kB | 40 kB | 147 kB | 65 kB
Progress (4): 573/645 kB | 40 kB | 147 kB | 65 kB
Progress (4): 589/645 kB | 40 kB | 147 kB | 65 kB
Progress (4): 606/645 kB | 40 kB | 147 kB | 65 kB
Progress (4): 622/645 kB | 40 kB | 147 kB | 65 kB
Progress (4): 639/645 kB | 40 kB | 147 kB | 65 kB
Progress (4): 645 kB | 40 kB | 147 kB | 65 kB    
                                             
Downloaded from central: https://repo1.maven.org/maven2/org/apache/maven/surefire/surefire-booter/2.17/surefire-booter-2.17.jar (40 kB at 22 kB/s)
Downloading from central: https://repo1.maven.org/maven2/org/apache/maven/plugin-tools/maven-plugin-annotations/3.2/maven-plugin-annotations-3.2.jar
Downloaded from central: https://repo1.maven.org/maven2/org/apache/maven/surefire/surefire-api/2.17/surefire-api-2.17.jar (147 kB at 80 kB/s)
Downloading from central: https://repo1.maven.org/maven2/org/apache/commons/commons-lang3/3.1/commons-lang3-3.1.jar
Downloaded from central: https://repo1.maven.org/maven2/org/apache/maven/scm/maven-scm-provider-jazz/1.9.4/maven-scm-provider-jazz-1.9.4.jar (65 kB at 35 kB/s)
Downloading from central: https://repo1.maven.org/maven2/org/apache/maven/maven-artifact/2.2.1/maven-artifact-2.2.1.jar
Progress (2): 645 kB | 7.7/265 kB
Progress (2): 645 kB | 16/265 kB 
Progress (2): 645 kB | 32/265 kB
                                
Downloaded from central: https://repo1.maven.org/maven2/com/mks/api/mksapi-jar/4.10.9049/mksapi-jar-4.10.9049.jar (645 kB at 349 kB/s)
Progress (1): 33/265 kB
                       
Downloading from central: https://repo1.maven.org/maven2/org/apache/maven/maven-toolchain/2.2.1/maven-toolchain-2.2.1.jar
Progress (1): 49/265 kB
Progress (1): 66/265 kB
Progress (1): 82/265 kB
Progress (1): 98/265 kB
Progress (1): 115/265 kB
Progress (1): 131/265 kB
Progress (1): 147/265 kB
Progress (1): 164/265 kB
Progress (1): 180/265 kB
Progress (1): 197/265 kB
Progress (1): 213/265 kB
Progress (1): 229/265 kB
Progress (1): 246/265 kB
Progress (1): 262/265 kB
Progress (1): 265 kB    
                    
Downloaded from central: https://repo1.maven.org/maven2/org/apache/maven/surefire/maven-surefire-common/2.17/maven-surefire-common-2.17.jar (265 kB at 142 kB/s)
Progress (1): 7.7/316 kB
Progress (1): 16/316 kB 
Progress (1): 32/316 kB
Progress (1): 48/316 kB
Progress (1): 65/316 kB
Progress (1): 81/316 kB
Progress (1): 98/316 kB
Progress (2): 98/316 kB | 7.7/15 kB
Progress (2): 98/316 kB | 15 kB    
Progress (2): 114/316 kB | 15 kB
Progress (2): 130/316 kB | 15 kB
Progress (2): 147/316 kB | 15 kB
Progress (2): 163/316 kB | 15 kB
Progress (2): 180/316 kB | 15 kB
Progress (2): 196/316 kB | 15 kB
Progress (2): 212/316 kB | 15 kB
Progress (2): 229/316 kB | 15 kB
Progress (2): 245/316 kB | 15 kB
Progress (2): 261/316 kB | 15 kB
Progress (2): 278/316 kB | 15 kB
Progress (2): 294/316 kB | 15 kB
Progress (2): 311/316 kB | 15 kB
Progress (2): 316 kB | 15 kB    
Progress (3): 316 kB | 15 kB | 7.7/38 kB
Progress (3): 316 kB | 15 kB | 16/38 kB 
Progress (3): 316 kB | 15 kB | 32/38 kB
Progress (3): 316 kB | 15 kB | 38 kB   
                                    
Downloaded from central: https://repo1.maven.org/maven2/org/apache/maven/plugin-tools/maven-plugin-annotations/3.2/maven-plugin-annotations-3.2.jar (15 kB at 8.0 kB/s)
Downloaded from central: https://repo1.maven.org/maven2/org/apache/maven/maven-toolchain/2.2.1/maven-toolchain-2.2.1.jar (38 kB at 20 kB/s)
Downloaded from central: https://repo1.maven.org/maven2/org/apache/commons/commons-lang3/3.1/commons-lang3-3.1.jar (316 kB at 167 kB/s)
Progress (1): 7.7/80 kB
Progress (1): 16/80 kB 
Progress (1): 25/80 kB
Progress (1): 41/80 kB
Progress (1): 57/80 kB
Progress (1): 74/80 kB
Progress (1): 80 kB   
                   
Downloaded from central: https://repo1.maven.org/maven2/org/apache/maven/maven-artifact/2.2.1/maven-artifact-2.2.1.jar (80 kB at 42 kB/s)
[INFO] Found plugin : Default csv report plugin
[INFO] Found plugin : Default xml report plugin
[INFO] Found plugin : Default html report plugin
[INFO] Found plugin : Static initializer code detector plugin
[INFO] Found plugin : Static initializer filter plugin
[INFO] Found plugin : Excluded annotations plugin
[INFO] Found plugin : Try with resources filter
[INFO] Found plugin : Inlined finally block filter plugin
[INFO] Found plugin : Implicit null check filter
[INFO] Found plugin : Method reference null check filter
[INFO] Found plugin : For each loop filter
[INFO] Found plugin : Enum constructor filter
[INFO] Found plugin : Record junk mutation filter
[INFO] Found plugin : Logging calls filter
[INFO] Found plugin : Infinite for loop filter
[INFO] Found plugin : Long running iterator loop filter
[INFO] Found plugin : For loop counter filter
[INFO] Found plugin : Kotlin junk mutations filter
[INFO] Found plugin : Max mutations per class limit
[INFO] Found plugin : Equals shortcut equivalent mutant filter
[INFO] Found plugin : Trivial return vals equivalence filter
[INFO] Found plugin : Null stream flatmap filter
[INFO] Found plugin : Mutant export plugin
[INFO] Found shared classpath plugin : Default mutation engine
[INFO] Found shared classpath plugin : JUnit plugin
[INFO] Found shared classpath plugin : TestNG plugin
[INFO] Adding org.pitest:pitest to SUT classpath
[INFO] Mutating from D:\Khedma\Mr wiem\mutation-test-pipeline\target-repos\103035\red5_base\target\classes
[INFO] ------------------------------------------------------------------------
[INFO] BUILD FAILURE
[INFO] ------------------------------------------------------------------------
[INFO] Total time:  14.341 s
[INFO] Finished at: 2026-02-23T22:57:07-05:00
[INFO] ------------------------------------------------------------------------
[ERROR] Failed to execute goal org.pitest:pitest-maven:1.6.9:mutationCoverage (default-cli) on project red5-base: Execution default-cli of goal org.pitest:pitest-maven:1.6.9:mutationCoverage failed: Coverage generation minion exited abnormally. Please check the classpath and/or enable test plugin for used test tool.
[ERROR] 
[ERROR] Please copy and paste the information and the complete stacktrace below when reporting an issue
[ERROR] VM : OpenJDK 64-Bit Server VM
[ERROR] Vendor : Temurin
[ERROR] Version : 25.472-b08
[ERROR] Uptime : 15311
[ERROR] Input -> 
[ERROR]  1 : -Dclassworlds.conf=C:\ProgramData\chocolatey\lib\maven\apache-maven-3.9.12\bin\m2.conf
[ERROR]  2 : -Dmaven.home=C:\ProgramData\chocolatey\lib\maven\apache-maven-3.9.12
[ERROR]  3 : -Dlibrary.jansi.path=C:\ProgramData\chocolatey\lib\maven\apache-maven-3.9.12\lib\jansi-native
[ERROR]  4 : -Dmaven.multiModuleProjectDirectory=D:\Khedma\Mr wiem\mutation-test-pipeline
[ERROR] BootClassPathSupported : true
[ERROR] 
[ERROR] 
[ERROR] Please copy and paste the information and the complete stacktrace below when reporting an issue
[ERROR] VM : OpenJDK 64-Bit Server VM
[ERROR] Vendor : Temurin
[ERROR] Version : 25.472-b08
[ERROR] Uptime : 15312
[ERROR] Input -> 
[ERROR]  1 : -Dclassworlds.conf=C:\ProgramData\chocolatey\lib\maven\apache-maven-3.9.12\bin\m2.conf
[ERROR]  2 : -Dmaven.home=C:\ProgramData\chocolatey\lib\maven\apache-maven-3.9.12
[ERROR]  3 : -Dlibrary.jansi.path=C:\ProgramData\chocolatey\lib\maven\apache-maven-3.9.12\lib\jansi-native
[ERROR]  4 : -Dmaven.multiModuleProjectDirectory=D:\Khedma\Mr wiem\mutation-test-pipeline
[ERROR] BootClassPathSupported : true
[ERROR] 
[ERROR] -> [Help 1]
[ERROR] 
[ERROR] To see the full stack trace of the errors, re-run Maven with the -e switch.
[ERROR] Re-run Maven using the -X switch to enable full debug logging.
[ERROR] 
[ERROR] For more information about the errors and possible solutions, please read the following articles:
[ERROR] [Help 1] http://cwiki.apache.org/confluence/display/MAVEN/PluginExecutionException

STDERR:
10:57:06 PM PIT >> INFO : Verbose logging is disabled. If you encounter a problem, please enable it before reporting an issue.
10:57:06 PM PIT >> INFO : Incremental analysis reduced number of mutations by 0
10:57:06 PM PIT >> INFO : Created  1 mutation test units in pre scan
10:57:07 PM PIT >> INFO : Sending 1 test classes to minion
10:57:07 PM PIT >> INFO : Sent tests to minion
10:57:07 PM PIT >> SEVERE : Error generating coverage. Please check that your classpath contains modern JUnit 4 or PIT test plugin for other test tool (JUnit 5, TestNG, ...) is enabled.
