COMMAND: mvn.cmd -s D:\Khedma\Mr wiem\mutation-test-pipeline\.mvn\settings.xml -DskipTests compile

STDOUT:
[INFO] Scanning for projects...
[WARNING] This build will only read from the build cache, since the clean lifecycle is not part of the build invocation.
[INFO] 
[INFO] ---------------< org.apache.hive.hcatalog:hive-webhcat >----------------
[INFO] Building Hive HCatalog Webhcat 4.3.0-SNAPSHOT
[INFO]   from pom.xml
[INFO] --------------------------------[ jar ]---------------------------------
Downloading from central: https://repo1.maven.org/maven2/org/apache/maven/plugins/maven-javadoc-plugin/3.11.2/maven-javadoc-plugin-3.11.2.pom
Progress (1): 736 B
Progress (1): 1.7 kB
Progress (1): 3.8 kB
Progress (1): 7.3 kB
Progress (1): 9.9 kB
Progress (1): 14 kB 
Progress (1): 17 kB
Progress (1): 18 kB
Progress (1): 21 kB
                   
Downloaded from central: https://repo1.maven.org/maven2/org/apache/maven/plugins/maven-javadoc-plugin/3.11.2/maven-javadoc-plugin-3.11.2.pom (21 kB at 55 kB/s)
Downloading from central: https://repo1.maven.org/maven2/org/apache/maven/plugins/maven-javadoc-plugin/3.11.2/maven-javadoc-plugin-3.11.2.jar
Progress (1): 0.9/524 kB
Progress (1): 2.3/524 kB
Progress (1): 3.6/524 kB
Progress (1): 5.0/524 kB
Progress (1): 6.4/524 kB
Progress (1): 7.7/524 kB
Progress (1): 8.2/524 kB
Progress (1): 9.6/524 kB
Progress (1): 11/524 kB 
Progress (1): 12/524 kB
Progress (1): 14/524 kB
Progress (1): 15/524 kB
Progress (1): 16/524 kB
Progress (1): 18/524 kB
Progress (1): 19/524 kB
Progress (1): 21/524 kB
Progress (1): 22/524 kB
Progress (1): 23/524 kB
Progress (1): 25/524 kB
Progress (1): 26/524 kB
Progress (1): 27/524 kB
Progress (1): 29/524 kB
Progress (1): 30/524 kB
Progress (1): 31/524 kB
Progress (1): 33/524 kB
Progress (1): 34/524 kB
Progress (1): 36/524 kB
Progress (1): 37/524 kB
Progress (1): 38/524 kB
Progress (1): 40/524 kB
Progress (1): 41/524 kB
Progress (1): 42/524 kB
Progress (1): 44/524 kB
Progress (1): 45/524 kB
Progress (1): 46/524 kB
Progress (1): 48/524 kB
Progress (1): 52/524 kB
Progress (1): 56/524 kB
Progress (1): 60/524 kB
Progress (1): 65/524 kB
Progress (1): 69/524 kB
Progress (1): 73/524 kB
Progress (1): 77/524 kB
Progress (1): 82/524 kB
Progress (1): 86/524 kB
Progress (1): 90/524 kB
Progress (1): 94/524 kB
Progress (1): 99/524 kB
Progress (1): 103/524 kB
Progress (1): 107/524 kB
Progress (1): 111/524 kB
Progress (1): 115/524 kB
Progress (1): 120/524 kB
Progress (1): 124/524 kB
Progress (1): 128/524 kB
Progress (1): 132/524 kB
Progress (1): 137/524 kB
Progress (1): 139/524 kB
Progress (1): 143/524 kB
Progress (1): 148/524 kB
Progress (1): 152/524 kB
Progress (1): 156/524 kB
Progress (1): 160/524 kB
Progress (1): 165/524 kB
Progress (1): 169/524 kB
Progress (1): 173/524 kB
Progress (1): 177/524 kB
Progress (1): 182/524 kB
Progress (1): 186/524 kB
Progress (1): 190/524 kB
Progress (1): 194/524 kB
Progress (1): 198/524 kB
Progress (1): 203/524 kB
Progress (1): 207/524 kB
Progress (1): 211/524 kB
Progress (1): 215/524 kB
Progress (1): 232/524 kB
Progress (1): 248/524 kB
Progress (1): 265/524 kB
Progress (1): 270/524 kB
Progress (1): 287/524 kB
Progress (1): 303/524 kB
Progress (1): 319/524 kB
Progress (1): 336/524 kB
Progress (1): 352/524 kB
Progress (1): 369/524 kB
Progress (1): 385/524 kB
Progress (1): 401/524 kB
Progress (1): 418/524 kB
Progress (1): 434/524 kB
Progress (1): 451/524 kB
Progress (1): 467/524 kB
Progress (1): 475/524 kB
Progress (1): 492/524 kB
Progress (1): 508/524 kB
Progress (1): 524 kB    
                    
Downloaded from central: https://repo1.maven.org/maven2/org/apache/maven/plugins/maven-javadoc-plugin/3.11.2/maven-javadoc-plugin-3.11.2.jar (524 kB at 4.9 MB/s)
Downloading from central: https://repo1.maven.org/maven2/org/apache/maven/plugins/maven-antrun-plugin/3.1.0/maven-antrun-plugin-3.1.0.pom
Progress (1): 759 B
Progress (1): 2.2 kB
Progress (1): 5.0 kB
Progress (1): 8.3 kB
Progress (1): 9.1 kB
                    
Downloaded from central: https://repo1.maven.org/maven2/org/apache/maven/plugins/maven-antrun-plugin/3.1.0/maven-antrun-plugin-3.1.0.pom (9.1 kB at 172 kB/s)
Downloading from central: https://repo1.maven.org/maven2/org/apache/maven/plugins/maven-antrun-plugin/3.1.0/maven-antrun-plugin-3.1.0.jar
Progress (1): 7.7/41 kB
Progress (1): 16/41 kB 
Progress (1): 32/41 kB
Progress (1): 41 kB   
                   
Downloaded from central: https://repo1.maven.org/maven2/org/apache/maven/plugins/maven-antrun-plugin/3.1.0/maven-antrun-plugin-3.1.0.jar (41 kB at 453 kB/s)
Downloading from central: https://repo1.maven.org/maven2/org/apache/rat/apache-rat-plugin/0.16.1/apache-rat-plugin-0.16.1.pom
Progress (1): 763 B
Progress (1): 2.2 kB
Progress (1): 4.4 kB
Progress (1): 7.4 kB
Progress (1): 13 kB 
Progress (1): 13 kB
                   
Downloaded from central: https://repo1.maven.org/maven2/org/apache/rat/apache-rat-plugin/0.16.1/apache-rat-plugin-0.16.1.pom (13 kB at 110 kB/s)
Downloading from central: https://repo1.maven.org/maven2/org/apache/rat/apache-rat-project/0.16.1/apache-rat-project-0.16.1.pom
Progress (1): 730 B
Progress (1): 1.8 kB
Progress (1): 3.3 kB
Progress (1): 7.4 kB
Progress (1): 9.0 kB
Progress (1): 12 kB 
Progress (1): 16 kB
Progress (1): 19 kB
Progress (1): 22 kB
Progress (1): 24 kB
Progress (1): 27 kB
Progress (1): 29 kB
                   
Downloaded from central: https://repo1.maven.org/maven2/org/apache/rat/apache-rat-project/0.16.1/apache-rat-project-0.16.1.pom (29 kB at 495 kB/s)
Downloading from central: https://repo1.maven.org/maven2/org/apache/rat/apache-rat-plugin/0.16.1/apache-rat-plugin-0.16.1.jar
Progress (1): 7.7/79 kB
Progress (1): 16/79 kB 
Progress (1): 32/79 kB
Progress (1): 49/79 kB
Progress (1): 65/79 kB
Progress (1): 79 kB   
                   
Downloaded from central: https://repo1.maven.org/maven2/org/apache/rat/apache-rat-plugin/0.16.1/apache-rat-plugin-0.16.1.jar (79 kB at 1.4 MB/s)
Downloading from central: https://repo1.maven.org/maven2/org/apache/maven/plugins/maven-compiler-plugin/3.14.0/maven-compiler-plugin-3.14.0.pom
Progress (1): 758 B
Progress (1): 2.3 kB
Progress (1): 5.2 kB
Progress (1): 8.3 kB
Progress (1): 9.5 kB
                    
Downloaded from central: https://repo1.maven.org/maven2/org/apache/maven/plugins/maven-compiler-plugin/3.14.0/maven-compiler-plugin-3.14.0.pom (9.5 kB at 183 kB/s)
Downloading from central: https://repo1.maven.org/maven2/org/apache/maven/plugins/maven-compiler-plugin/3.14.0/maven-compiler-plugin-3.14.0.jar
Progress (1): 7.7/83 kB
Progress (1): 16/83 kB 
Progress (1): 32/83 kB
Progress (1): 49/83 kB
Progress (1): 65/83 kB
Progress (1): 81/83 kB
Progress (1): 83 kB   
                   
Downloaded from central: https://repo1.maven.org/maven2/org/apache/maven/plugins/maven-compiler-plugin/3.14.0/maven-compiler-plugin-3.14.0.jar (83 kB at 1.8 MB/s)
Downloading from central: https://repo1.maven.org/maven2/org/apache/hive/hcatalog/hive-hcatalog-core/4.3.0-SNAPSHOT/maven-metadata.xml
Downloading from central: https://repo1.maven.org/maven2/org/apache/hive/hcatalog/hive-hcatalog-core/4.3.0-SNAPSHOT/hive-hcatalog-core-4.3.0-SNAPSHOT.pom
[WARNING] The POM for org.apache.hive.hcatalog:hive-hcatalog-core:jar:4.3.0-SNAPSHOT is missing, no dependency information available
Downloading from central: https://repo1.maven.org/maven2/org/eclipse/jetty/jetty-rewrite/9.4.57.v20241219/jetty-rewrite-9.4.57.v20241219.pom
Progress (1): 1.4 kB
                    
Downloaded from central: https://repo1.maven.org/maven2/org/eclipse/jetty/jetty-rewrite/9.4.57.v20241219/jetty-rewrite-9.4.57.v20241219.pom (1.4 kB at 20 kB/s)
Downloading from central: https://repo1.maven.org/maven2/org/eclipse/jetty/jetty-project/9.4.57.v20241219/jetty-project-9.4.57.v20241219.pom
Progress (1): 946 B
Progress (1): 2.7 kB
Progress (1): 4.7 kB
Progress (1): 7.1 kB
Progress (1): 9.0 kB
Progress (1): 11 kB 
Progress (1): 14 kB
Progress (1): 17 kB
Progress (1): 20 kB
Progress (1): 25 kB
Progress (1): 28 kB
Progress (1): 32 kB
Progress (1): 35 kB
Progress (1): 40 kB
Progress (1): 45 kB
Progress (1): 46 kB
Progress (1): 51 kB
Progress (1): 55 kB
Progress (1): 60 kB
Progress (1): 63 kB
Progress (1): 67 kB
Progress (1): 70 kB
Progress (1): 73 kB
Progress (1): 74 kB
                   
Downloaded from central: https://repo1.maven.org/maven2/org/eclipse/jetty/jetty-project/9.4.57.v20241219/jetty-project-9.4.57.v20241219.pom (74 kB at 829 kB/s)
Downloading from central: https://repo1.maven.org/maven2/org/eclipse/jetty/jetty-server/9.4.57.v20241219/jetty-server-9.4.57.v20241219.pom
Progress (1): 1.4 kB
Progress (1): 3.6 kB
                    
Downloaded from central: https://repo1.maven.org/maven2/org/eclipse/jetty/jetty-server/9.4.57.v20241219/jetty-server-9.4.57.v20241219.pom (3.6 kB at 74 kB/s)
Downloading from central: https://repo1.maven.org/maven2/org/eclipse/jetty/jetty-http/9.4.57.v20241219/jetty-http-9.4.57.v20241219.pom
Progress (1): 1.5 kB
Progress (1): 4.0 kB
Progress (1): 4.0 kB
                    
Downloaded from central: https://repo1.maven.org/maven2/org/eclipse/jetty/jetty-http/9.4.57.v20241219/jetty-http-9.4.57.v20241219.pom (4.0 kB at 82 kB/s)
Downloading from central: https://repo1.maven.org/maven2/org/eclipse/jetty/jetty-util/9.4.57.v20241219/jetty-util-9.4.57.v20241219.pom
Progress (1): 1.2 kB
Progress (1): 3.1 kB
Progress (1): 4.0 kB
                    
Downloaded from central: https://repo1.maven.org/maven2/org/eclipse/jetty/jetty-util/9.4.57.v20241219/jetty-util-9.4.57.v20241219.pom (4.0 kB at 82 kB/s)
Downloading from central: https://repo1.maven.org/maven2/org/eclipse/jetty/jetty-io/9.4.57.v20241219/jetty-io-9.4.57.v20241219.pom
Progress (1): 1.2 kB
                    
Downloaded from central: https://repo1.maven.org/maven2/org/eclipse/jetty/jetty-io/9.4.57.v20241219/jetty-io-9.4.57.v20241219.pom (1.2 kB at 25 kB/s)
Downloading from central: https://repo1.maven.org/maven2/org/eclipse/jetty/jetty-servlet/9.4.57.v20241219/jetty-servlet-9.4.57.v20241219.pom
Progress (1): 1.3 kB
Progress (1): 2.3 kB
                    
Downloaded from central: https://repo1.maven.org/maven2/org/eclipse/jetty/jetty-servlet/9.4.57.v20241219/jetty-servlet-9.4.57.v20241219.pom (2.3 kB at 43 kB/s)
Downloading from central: https://repo1.maven.org/maven2/org/eclipse/jetty/jetty-security/9.4.57.v20241219/jetty-security-9.4.57.v20241219.pom
Progress (1): 1.2 kB
Progress (1): 2.1 kB
                    
Downloaded from central: https://repo1.maven.org/maven2/org/eclipse/jetty/jetty-security/9.4.57.v20241219/jetty-security-9.4.57.v20241219.pom (2.1 kB at 45 kB/s)
Downloading from central: https://repo1.maven.org/maven2/org/eclipse/jetty/jetty-util-ajax/9.4.57.v20241219/jetty-util-ajax-9.4.57.v20241219.pom
Progress (1): 1.3 kB
                    
Downloaded from central: https://repo1.maven.org/maven2/org/eclipse/jetty/jetty-util-ajax/9.4.57.v20241219/jetty-util-ajax-9.4.57.v20241219.pom (1.3 kB at 27 kB/s)
Downloading from central: https://repo1.maven.org/maven2/net/java/jvnet-parent/4/jvnet-parent-4.pom
Progress (1): 834 B
Progress (1): 2.4 kB
Progress (1): 6.2 kB
Progress (1): 7.8 kB
                    
Downloaded from central: https://repo1.maven.org/maven2/net/java/jvnet-parent/4/jvnet-parent-4.pom (7.8 kB at 144 kB/s)
Downloading from central: https://repo1.maven.org/maven2/org/codehaus/jettison/jettison/1.5.4/jettison-1.5.4.pom
Progress (1): 1.1 kB
Progress (1): 3.4 kB
Progress (1): 5.9 kB
Progress (1): 7.8 kB
                    
Downloaded from central: https://repo1.maven.org/maven2/org/codehaus/jettison/jettison/1.5.4/jettison-1.5.4.pom (7.8 kB at 118 kB/s)
Downloading from central: https://repo1.maven.org/maven2/org/codehaus/jackson/jackson-core-asl/1.9.2/jackson-core-asl-1.9.2.pom
Progress (1): 1.0 kB
                    
Downloaded from central: https://repo1.maven.org/maven2/org/codehaus/jackson/jackson-core-asl/1.9.2/jackson-core-asl-1.9.2.pom (1.0 kB at 21 kB/s)
Downloading from central: https://repo1.maven.org/maven2/org/codehaus/jackson/jackson-mapper-asl/1.9.2/jackson-mapper-asl-1.9.2.pom
Progress (1): 1.1 kB
Progress (1): 1.2 kB
                    
Downloaded from central: https://repo1.maven.org/maven2/org/codehaus/jackson/jackson-mapper-asl/1.9.2/jackson-mapper-asl-1.9.2.pom (1.2 kB at 28 kB/s)
Downloading from central: https://repo1.maven.org/maven2/org/codehaus/jackson/jackson-jaxrs/1.9.2/jackson-jaxrs-1.9.2.pom
Progress (1): 1.2 kB
Progress (1): 1.6 kB
                    
Downloaded from central: https://repo1.maven.org/maven2/org/codehaus/jackson/jackson-jaxrs/1.9.2/jackson-jaxrs-1.9.2.pom (1.6 kB at 32 kB/s)
Downloading from central: https://repo1.maven.org/maven2/org/codehaus/jackson/jackson-xc/1.9.2/jackson-xc-1.9.2.pom
Progress (1): 1.2 kB
Progress (1): 1.6 kB
                    
Downloaded from central: https://repo1.maven.org/maven2/org/codehaus/jackson/jackson-xc/1.9.2/jackson-xc-1.9.2.pom (1.6 kB at 30 kB/s)
Downloading from central: https://repo1.maven.org/maven2/org/apache/commons/commons-exec/1.1/commons-exec-1.1.pom
Progress (1): 773 B
Progress (1): 2.3 kB
Progress (1): 5.4 kB
Progress (1): 7.9 kB
Progress (1): 11 kB 
Progress (1): 11 kB
                   
Downloaded from central: https://repo1.maven.org/maven2/org/apache/commons/commons-exec/1.1/commons-exec-1.1.pom (11 kB at 137 kB/s)
Downloading from central: https://repo1.maven.org/maven2/org/apache/commons/commons-parent/17/commons-parent-17.pom
Progress (1): 732 B
Progress (1): 2.1 kB
Progress (1): 5.7 kB
Progress (1): 8.9 kB
Progress (1): 13 kB 
Progress (1): 15 kB
Progress (1): 18 kB
Progress (1): 24 kB
Progress (1): 27 kB
Progress (1): 30 kB
Progress (1): 31 kB
                   
Downloaded from central: https://repo1.maven.org/maven2/org/apache/commons/commons-parent/17/commons-parent-17.pom (31 kB at 487 kB/s)
Downloading from central: https://repo1.maven.org/maven2/org/apache/curator/curator-framework/5.7.1/curator-framework-5.7.1.pom
Progress (1): 831 B
Progress (1): 3.0 kB
Progress (1): 3.9 kB
                    
Downloaded from central: https://repo1.maven.org/maven2/org/apache/curator/curator-framework/5.7.1/curator-framework-5.7.1.pom (3.9 kB at 77 kB/s)
Downloading from central: https://repo1.maven.org/maven2/org/apache/curator/apache-curator/5.7.1/apache-curator-5.7.1.pom
Progress (1): 736 B
Progress (1): 2.2 kB
Progress (1): 4.0 kB
Progress (1): 5.9 kB
Progress (1): 9.4 kB
Progress (1): 14 kB 
Progress (1): 22 kB
Progress (1): 27 kB
Progress (1): 31 kB
Progress (1): 36 kB
Progress (1): 40 kB
Progress (1): 40 kB
                   
Downloaded from central: https://repo1.maven.org/maven2/org/apache/curator/apache-curator/5.7.1/apache-curator-5.7.1.pom (40 kB at 501 kB/s)
Downloading from central: https://repo1.maven.org/maven2/org/apache/curator/curator-client/5.7.1/curator-client-5.7.1.pom
Progress (1): 824 B
Progress (1): 3.1 kB
Progress (1): 5.0 kB
                    
Downloaded from central: https://repo1.maven.org/maven2/org/apache/curator/curator-client/5.7.1/curator-client-5.7.1.pom (5.0 kB at 96 kB/s)
Downloading from central: https://repo1.maven.org/maven2/org/apache/zookeeper/zookeeper/3.8.4/zookeeper-3.8.4.pom
Progress (1): 889 B
Progress (1): 3.0 kB
Progress (1): 6.6 kB
Progress (1): 9.4 kB
Progress (1): 12 kB 
                   
Downloaded from central: https://repo1.maven.org/maven2/org/apache/zookeeper/zookeeper/3.8.4/zookeeper-3.8.4.pom (12 kB at 203 kB/s)
Downloading from central: https://repo1.maven.org/maven2/org/apache/zookeeper/parent/3.8.4/parent-3.8.4.pom
Progress (1): 791 B
Progress (1): 1.9 kB
Progress (1): 3.4 kB
Progress (1): 6.3 kB
Progress (1): 9.8 kB
Progress (1): 12 kB 
Progress (1): 17 kB
Progress (1): 19 kB
Progress (1): 25 kB
Progress (1): 29 kB
Progress (1): 32 kB
Progress (1): 35 kB
Progress (1): 38 kB
Progress (1): 42 kB
                   
Downloaded from central: https://repo1.maven.org/maven2/org/apache/zookeeper/parent/3.8.4/parent-3.8.4.pom (42 kB at 791 kB/s)
Downloading from central: https://repo1.maven.org/maven2/org/apache/zookeeper/zookeeper-jute/3.8.4/zookeeper-jute-3.8.4.pom
Progress (1): 890 B
Progress (1): 2.3 kB
Progress (1): 6.3 kB
Progress (1): 6.7 kB
                    
Downloaded from central: https://repo1.maven.org/maven2/org/apache/zookeeper/zookeeper-jute/3.8.4/zookeeper-jute-3.8.4.pom (6.7 kB at 124 kB/s)
Downloading from central: https://repo1.maven.org/maven2/org/apache/yetus/audience-annotations/0.12.0/audience-annotations-0.12.0.pom
Progress (1): 826 B
Progress (1): 2.2 kB
Progress (1): 2.8 kB
                    
Downloaded from central: https://repo1.maven.org/maven2/org/apache/yetus/audience-annotations/0.12.0/audience-annotations-0.12.0.pom (2.8 kB at 57 kB/s)
Downloading from central: https://repo1.maven.org/maven2/org/apache/yetus/yetus-project/0.12.0/yetus-project-0.12.0.pom
Progress (1): 767 B
Progress (1): 2.3 kB
Progress (1): 4.5 kB
Progress (1): 6.7 kB
Progress (1): 9.8 kB
Progress (1): 12 kB 
                   
Downloaded from central: https://repo1.maven.org/maven2/org/apache/yetus/yetus-project/0.12.0/yetus-project-0.12.0.pom (12 kB at 219 kB/s)
Downloading from central: https://repo1.maven.org/maven2/com/google/guava/guava/22.0/guava-22.0.pom
Progress (1): 1.0 kB
Progress (1): 2.9 kB
Progress (1): 5.2 kB
Progress (1): 5.7 kB
                    
Downloaded from central: https://repo1.maven.org/maven2/com/google/guava/guava/22.0/guava-22.0.pom (5.7 kB at 103 kB/s)
Downloading from central: https://repo1.maven.org/maven2/com/google/guava/guava-parent/22.0/guava-parent-22.0.pom
Progress (1): 980 B
Progress (1): 2.9 kB
Progress (1): 6.1 kB
Progress (1): 8.9 kB
                    
Downloaded from central: https://repo1.maven.org/maven2/com/google/guava/guava-parent/22.0/guava-parent-22.0.pom (8.9 kB at 181 kB/s)
Downloading from central: https://repo1.maven.org/maven2/com/google/errorprone/error_prone_annotations/2.0.18/error_prone_annotations-2.0.18.pom
Progress (1): 853 B
Progress (1): 1.6 kB
                    
Downloaded from central: https://repo1.maven.org/maven2/com/google/errorprone/error_prone_annotations/2.0.18/error_prone_annotations-2.0.18.pom (1.6 kB at 29 kB/s)
Downloading from central: https://repo1.maven.org/maven2/com/google/errorprone/error_prone_parent/2.0.18/error_prone_parent-2.0.18.pom
Progress (1): 760 B
Progress (1): 2.4 kB
Progress (1): 5.0 kB
                    
Downloaded from central: https://repo1.maven.org/maven2/com/google/errorprone/error_prone_parent/2.0.18/error_prone_parent-2.0.18.pom (5.0 kB at 91 kB/s)
Downloading from central: https://repo1.maven.org/maven2/com/fasterxml/jackson/core/jackson-annotations/2.16.1/jackson-annotations-2.16.1.pom
Progress (1): 946 B
Progress (1): 2.4 kB
Progress (1): 3.9 kB
Progress (1): 6.3 kB
Progress (1): 7.1 kB
                    
Downloaded from central: https://repo1.maven.org/maven2/com/fasterxml/jackson/core/jackson-annotations/2.16.1/jackson-annotations-2.16.1.pom (7.1 kB at 128 kB/s)
Downloading from central: https://repo1.maven.org/maven2/com/fasterxml/jackson/core/jackson-core/2.16.1/jackson-core-2.16.1.pom
Progress (1): 980 B
Progress (1): 2.9 kB
Progress (1): 6.8 kB
Progress (1): 9.4 kB
Progress (1): 9.9 kB
                    
Downloaded from central: https://repo1.maven.org/maven2/com/fasterxml/jackson/core/jackson-core/2.16.1/jackson-core-2.16.1.pom (9.9 kB at 153 kB/s)
Downloading from central: https://repo1.maven.org/maven2/com/fasterxml/jackson/jackson-base/2.16.1/jackson-base-2.16.1.pom
Progress (1): 921 B
Progress (1): 2.6 kB
Progress (1): 4.6 kB
Progress (1): 6.4 kB
Progress (1): 8.5 kB
Progress (1): 11 kB 
Progress (1): 11 kB
                   
Downloaded from central: https://repo1.maven.org/maven2/com/fasterxml/jackson/jackson-base/2.16.1/jackson-base-2.16.1.pom (11 kB at 223 kB/s)
Downloading from central: https://repo1.maven.org/maven2/com/fasterxml/jackson/core/jackson-databind/2.16.1/jackson-databind-2.16.1.pom
Progress (1): 976 B
Progress (1): 2.4 kB
Progress (1): 4.0 kB
Progress (1): 6.6 kB
Progress (1): 8.4 kB
Progress (1): 10 kB 
Progress (1): 14 kB
Progress (1): 18 kB
Progress (1): 20 kB
Progress (1): 21 kB
                   
Downloaded from central: https://repo1.maven.org/maven2/com/fasterxml/jackson/core/jackson-databind/2.16.1/jackson-databind-2.16.1.pom (21 kB at 381 kB/s)
Downloading from central: https://repo1.maven.org/maven2/org/junit/junit-bom/5.9.2/junit-bom-5.9.2.pom
Progress (1): 907 B
Progress (1): 4.1 kB
Progress (1): 5.6 kB
                    
Downloaded from central: https://repo1.maven.org/maven2/org/junit/junit-bom/5.9.2/junit-bom-5.9.2.pom (5.6 kB at 108 kB/s)
Downloading from central: https://repo1.maven.org/maven2/org/slf4j/jul-to-slf4j/1.7.30/jul-to-slf4j-1.7.30.pom
Progress (1): 990 B
                   
Downloaded from central: https://repo1.maven.org/maven2/org/slf4j/jul-to-slf4j/1.7.30/jul-to-slf4j-1.7.30.pom (990 B at 21 kB/s)
Downloading from central: https://repo1.maven.org/maven2/org/apache/hive/hive-jdbc/4.3.0-SNAPSHOT/maven-metadata.xml
Downloading from central: https://repo1.maven.org/maven2/org/apache/hive/hive-jdbc/4.3.0-SNAPSHOT/hive-jdbc-4.3.0-SNAPSHOT.pom
[WARNING] The POM for org.apache.hive:hive-jdbc:jar:4.3.0-SNAPSHOT is missing, no dependency information available
Downloading from central: https://repo1.maven.org/maven2/org/apache/hadoop/hadoop-auth/3.4.2/hadoop-auth-3.4.2.pom
Progress (1): 830 B
Progress (1): 3.6 kB
Progress (1): 7.9 kB
Progress (1): 8.7 kB
                    
Downloaded from central: https://repo1.maven.org/maven2/org/apache/hadoop/hadoop-auth/3.4.2/hadoop-auth-3.4.2.pom (8.7 kB at 157 kB/s)
Downloading from central: https://repo1.maven.org/maven2/org/apache/hadoop/hadoop-project/3.4.2/hadoop-project-3.4.2.pom
Progress (1): 695 B
Progress (1): 2.0 kB
Progress (1): 3.4 kB
Progress (1): 5.2 kB
Progress (1): 7.2 kB
Progress (1): 9.4 kB
Progress (1): 11 kB 
Progress (1): 17 kB
Progress (1): 30 kB
Progress (1): 36 kB
Progress (1): 43 kB
Progress (1): 49 kB
Progress (1): 55 kB
Progress (1): 61 kB
Progress (1): 68 kB
Progress (1): 69 kB
Progress (1): 75 kB
Progress (1): 77 kB
Progress (1): 82 kB
Progress (1): 87 kB
Progress (1): 89 kB
Progress (1): 93 kB
Progress (1): 95 kB
Progress (1): 99 kB
Progress (1): 100 kB
                    
Downloaded from central: https://repo1.maven.org/maven2/org/apache/hadoop/hadoop-project/3.4.2/hadoop-project-3.4.2.pom (100 kB at 1.6 MB/s)
Downloading from central: https://repo1.maven.org/maven2/org/apache/hadoop/hadoop-main/3.4.2/hadoop-main-3.4.2.pom
Progress (1): 708 B
Progress (1): 2.6 kB
Progress (1): 4.8 kB
Progress (1): 7.3 kB
Progress (1): 14 kB 
Progress (1): 19 kB
Progress (1): 24 kB
Progress (1): 27 kB
Progress (1): 30 kB
Progress (1): 34 kB
Progress (1): 36 kB
Progress (1): 37 kB
                   
Downloaded from central: https://repo1.maven.org/maven2/org/apache/hadoop/hadoop-main/3.4.2/hadoop-main-3.4.2.pom (37 kB at 679 kB/s)
Downloading from central: https://repo1.maven.org/maven2/org/apache/kerby/kerb-core/2.0.3/kerb-core-2.0.3.pom
Progress (1): 869 B
Progress (1): 1.5 kB
                    
Downloaded from central: https://repo1.maven.org/maven2/org/apache/kerby/kerb-core/2.0.3/kerb-core-2.0.3.pom (1.5 kB at 30 kB/s)
Downloading from central: https://repo1.maven.org/maven2/org/apache/kerby/kerby-kerb/2.0.3/kerby-kerb-2.0.3.pom
Progress (1): 874 B
Progress (1): 1.7 kB
                    
Downloaded from central: https://repo1.maven.org/maven2/org/apache/kerby/kerby-kerb/2.0.3/kerby-kerb-2.0.3.pom (1.7 kB at 27 kB/s)
Downloading from central: https://repo1.maven.org/maven2/org/apache/kerby/kerby-all/2.0.3/kerby-all-2.0.3.pom
Progress (1): 735 B
Progress (1): 2.2 kB
Progress (1): 4.2 kB
Progress (1): 6.8 kB
Progress (1): 9.9 kB
Progress (1): 14 kB 
Progress (1): 18 kB
Progress (1): 19 kB
                   
Downloaded from central: https://repo1.maven.org/maven2/org/apache/kerby/kerby-all/2.0.3/kerby-all-2.0.3.pom (19 kB at 325 kB/s)
Downloading from central: https://repo1.maven.org/maven2/org/apache/kerby/kerby-pkix/2.0.3/kerby-pkix-2.0.3.pom
Progress (1): 862 B
Progress (1): 2.2 kB
                    
Downloaded from central: https://repo1.maven.org/maven2/org/apache/kerby/kerby-pkix/2.0.3/kerby-pkix-2.0.3.pom (2.2 kB at 25 kB/s)
Downloading from central: https://repo1.maven.org/maven2/org/apache/kerby/kerby-asn1/2.0.3/kerby-asn1-2.0.3.pom
Progress (1): 881 B
Progress (1): 1.4 kB
                    
Downloaded from central: https://repo1.maven.org/maven2/org/apache/kerby/kerby-asn1/2.0.3/kerby-asn1-2.0.3.pom (1.4 kB at 26 kB/s)
Downloading from central: https://repo1.maven.org/maven2/org/apache/kerby/kerby-common/2.0.3/kerby-common-2.0.3.pom
Progress (1): 876 B
Progress (1): 1.3 kB
                    
Downloaded from central: https://repo1.maven.org/maven2/org/apache/kerby/kerby-common/2.0.3/kerby-common-2.0.3.pom (1.3 kB at 26 kB/s)
Downloading from central: https://repo1.maven.org/maven2/org/apache/kerby/kerby-util/2.0.3/kerby-util-2.0.3.pom
Progress (1): 877 B
Progress (1): 1.4 kB
                    
Downloaded from central: https://repo1.maven.org/maven2/org/apache/kerby/kerby-util/2.0.3/kerby-util-2.0.3.pom (1.4 kB at 27 kB/s)
Downloading from central: https://repo1.maven.org/maven2/org/apache/kerby/kerb-util/2.0.3/kerb-util-2.0.3.pom
Progress (1): 861 B
Progress (1): 2.1 kB
                    
Downloaded from central: https://repo1.maven.org/maven2/org/apache/kerby/kerb-util/2.0.3/kerb-util-2.0.3.pom (2.1 kB at 40 kB/s)
Downloading from central: https://repo1.maven.org/maven2/org/apache/kerby/kerby-config/2.0.3/kerby-config-2.0.3.pom
Progress (1): 863 B
Progress (1): 1.7 kB
                    
Downloaded from central: https://repo1.maven.org/maven2/org/apache/kerby/kerby-config/2.0.3/kerby-config-2.0.3.pom (1.7 kB at 35 kB/s)
Downloading from central: https://repo1.maven.org/maven2/org/apache/kerby/kerb-crypto/2.0.3/kerb-crypto-2.0.3.pom
Progress (1): 868 B
Progress (1): 1.7 kB
                    
Downloaded from central: https://repo1.maven.org/maven2/org/apache/kerby/kerb-crypto/2.0.3/kerb-crypto-2.0.3.pom (1.7 kB at 34 kB/s)
Downloading from central: https://repo1.maven.org/maven2/org/apache/hadoop/thirdparty/hadoop-shaded-guava/1.4.0/hadoop-shaded-guava-1.4.0.pom
Progress (1): 1.3 kB
Progress (1): 3.0 kB
                    
Downloaded from central: https://repo1.maven.org/maven2/org/apache/hadoop/thirdparty/hadoop-shaded-guava/1.4.0/hadoop-shaded-guava-1.4.0.pom (3.0 kB at 39 kB/s)
Downloading from central: https://repo1.maven.org/maven2/org/apache/hadoop/thirdparty/hadoop-thirdparty/1.4.0/hadoop-thirdparty-1.4.0.pom
Progress (1): 766 B
Progress (1): 2.3 kB
Progress (1): 4.4 kB
Progress (1): 7.9 kB
Progress (1): 11 kB 
Progress (1): 14 kB
Progress (1): 16 kB
                   
Downloaded from central: https://repo1.maven.org/maven2/org/apache/hadoop/thirdparty/hadoop-thirdparty/1.4.0/hadoop-thirdparty-1.4.0.pom (16 kB at 182 kB/s)
Downloading from central: https://repo1.maven.org/maven2/org/apache/hadoop/hadoop-common/3.4.2/hadoop-common-3.4.2.pom
Progress (1): 715 B
Progress (1): 3.5 kB
Progress (1): 8.3 kB
Progress (1): 13 kB 
Progress (1): 16 kB
Progress (1): 19 kB
Progress (1): 22 kB
Progress (1): 25 kB
Progress (1): 29 kB
Progress (1): 32 kB
Progress (1): 39 kB
Progress (1): 43 kB
Progress (1): 48 kB
Progress (1): 48 kB
                   
Downloaded from central: https://repo1.maven.org/maven2/org/apache/hadoop/hadoop-common/3.4.2/hadoop-common-3.4.2.pom (48 kB at 666 kB/s)
Downloading from central: https://repo1.maven.org/maven2/org/apache/hadoop/hadoop-project-dist/3.4.2/hadoop-project-dist-3.4.2.pom
Progress (1): 733 B
Progress (1): 2.6 kB
Progress (1): 4.8 kB
Progress (1): 8.4 kB
Progress (1): 10 kB 
Progress (1): 14 kB
Progress (1): 18 kB
Progress (1): 20 kB
                   
Downloaded from central: https://repo1.maven.org/maven2/org/apache/hadoop/hadoop-project-dist/3.4.2/hadoop-project-dist-3.4.2.pom (20 kB at 296 kB/s)
Downloading from central: https://repo1.maven.org/maven2/org/apache/hadoop/thirdparty/hadoop-shaded-protobuf_3_25/1.4.0/hadoop-shaded-protobuf_3_25-1.4.0.pom
Progress (1): 1.3 kB
Progress (1): 3.0 kB
                    
Downloaded from central: https://repo1.maven.org/maven2/org/apache/hadoop/thirdparty/hadoop-shaded-protobuf_3_25/1.4.0/hadoop-shaded-protobuf_3_25-1.4.0.pom (3.0 kB at 62 kB/s)
Downloading from central: https://repo1.maven.org/maven2/org/apache/hadoop/hadoop-annotations/3.4.2/hadoop-annotations-3.4.2.pom
Progress (1): 857 B
Progress (1): 2.6 kB
                    
Downloaded from central: https://repo1.maven.org/maven2/org/apache/hadoop/hadoop-annotations/3.4.2/hadoop-annotations-3.4.2.pom (2.6 kB at 47 kB/s)
Downloading from central: https://repo1.maven.org/maven2/org/apache/commons/commons-math3/3.6.1/commons-math3-3.6.1.pom
Progress (1): 771 B
Progress (1): 2.1 kB
Progress (1): 4.7 kB
Progress (1): 7.9 kB
Progress (1): 10 kB 
Progress (1): 12 kB
Progress (1): 14 kB
Progress (1): 17 kB
Progress (1): 19 kB
Progress (1): 22 kB
Progress (1): 25 kB
Progress (1): 28 kB
Progress (1): 29 kB
                   
Downloaded from central: https://repo1.maven.org/maven2/org/apache/commons/commons-math3/3.6.1/commons-math3-3.6.1.pom (29 kB at 503 kB/s)
Downloading from central: https://repo1.maven.org/maven2/org/apache/commons/commons-parent/54/commons-parent-54.pom
Progress (1): 734 B
Progress (1): 1.9 kB
Progress (1): 3.2 kB
Progress (1): 4.7 kB
Progress (1): 6.6 kB
Progress (1): 8.4 kB
Progress (1): 11 kB 
Progress (1): 13 kB
Progress (1): 15 kB
Progress (1): 17 kB
Progress (1): 19 kB
Progress (1): 23 kB
Progress (1): 25 kB
Progress (1): 27 kB
Progress (1): 31 kB
Progress (1): 34 kB
Progress (1): 39 kB
Progress (1): 42 kB
Progress (1): 45 kB
Progress (1): 48 kB
Progress (1): 51 kB
Progress (1): 53 kB
Progress (1): 57 kB
Progress (1): 59 kB
Progress (1): 62 kB
Progress (1): 65 kB
Progress (1): 69 kB
Progress (1): 75 kB
Progress (1): 78 kB
Progress (1): 82 kB
                   
Downloaded from central: https://repo1.maven.org/maven2/org/apache/commons/commons-parent/54/commons-parent-54.pom (82 kB at 900 kB/s)
Downloading from central: https://repo1.maven.org/maven2/org/apache/commons/commons-collections4/4.4/commons-collections4-4.4.pom
Progress (1): 763 B
Progress (1): 2.2 kB
Progress (1): 5.1 kB
Progress (1): 8.9 kB
Progress (1): 12 kB 
Progress (1): 14 kB
Progress (1): 16 kB
Progress (1): 19 kB
Progress (1): 22 kB
Progress (1): 24 kB
                   
Downloaded from central: https://repo1.maven.org/maven2/org/apache/commons/commons-collections4/4.4/commons-collections4-4.4.pom (24 kB at 440 kB/s)
Downloading from central: https://repo1.maven.org/maven2/org/eclipse/jetty/jetty-webapp/9.4.57.v20241219/jetty-webapp-9.4.57.v20241219.pom
Progress (1): 1.2 kB
Progress (1): 3.2 kB
                    
Downloaded from central: https://repo1.maven.org/maven2/org/eclipse/jetty/jetty-webapp/9.4.57.v20241219/jetty-webapp-9.4.57.v20241219.pom (3.2 kB at 65 kB/s)
Downloading from central: https://repo1.maven.org/maven2/org/eclipse/jetty/jetty-xml/9.4.57.v20241219/jetty-xml-9.4.57.v20241219.pom
Progress (1): 1.1 kB
Progress (1): 1.7 kB
                    
Downloaded from central: https://repo1.maven.org/maven2/org/eclipse/jetty/jetty-xml/9.4.57.v20241219/jetty-xml-9.4.57.v20241219.pom (1.7 kB at 27 kB/s)
Downloading from central: https://repo1.maven.org/maven2/org/apache/commons/commons-configuration2/2.10.1/commons-configuration2-2.10.1.pom
Progress (1): 740 B
Progress (1): 2.2 kB
Progress (1): 3.9 kB
Progress (1): 8.1 kB
Progress (1): 12 kB 
Progress (1): 14 kB
Progress (1): 16 kB
Progress (1): 19 kB
Progress (1): 22 kB
Progress (1): 25 kB
Progress (1): 27 kB
                   
Downloaded from central: https://repo1.maven.org/maven2/org/apache/commons/commons-configuration2/2.10.1/commons-configuration2-2.10.1.pom (27 kB at 507 kB/s)
Downloading from central: https://repo1.maven.org/maven2/org/apache/commons/commons-parent/67/commons-parent-67.pom
Progress (1): 708 B
Progress (1): 1.9 kB
Progress (1): 3.1 kB
Progress (1): 4.7 kB
Progress (1): 6.4 kB
Progress (1): 8.5 kB
Progress (1): 10 kB 
Progress (1): 13 kB
Progress (1): 14 kB
Progress (1): 17 kB
Progress (1): 19 kB
Progress (1): 22 kB
Progress (1): 25 kB
Progress (1): 28 kB
Progress (1): 31 kB
Progress (1): 32 kB
Progress (1): 35 kB
Progress (1): 40 kB
Progress (1): 43 kB
Progress (1): 45 kB
Progress (1): 48 kB
Progress (1): 51 kB
Progress (1): 55 kB
Progress (1): 57 kB
Progress (1): 59 kB
Progress (1): 63 kB
Progress (1): 67 kB
Progress (1): 70 kB
Progress (1): 73 kB
Progress (1): 75 kB
Progress (1): 77 kB
                   
Downloaded from central: https://repo1.maven.org/maven2/org/apache/commons/commons-parent/67/commons-parent-67.pom (77 kB at 1.3 MB/s)
Downloading from central: https://repo1.maven.org/maven2/org/apache/commons/commons-text/1.10.0/commons-text-1.10.0.pom
Progress (1): 742 B
Progress (1): 2.2 kB
Progress (1): 3.9 kB
Progress (1): 6.7 kB
Progress (1): 9.9 kB
Progress (1): 14 kB 
Progress (1): 17 kB
Progress (1): 19 kB
Progress (1): 21 kB
                   
Downloaded from central: https://repo1.maven.org/maven2/org/apache/commons/commons-text/1.10.0/commons-text-1.10.0.pom (21 kB at 365 kB/s)
Downloading from central: https://repo1.maven.org/maven2/org/apache/avro/avro/1.12.0/avro-1.12.0.pom
Progress (1): 782 B
Progress (1): 2.1 kB
Progress (1): 4.7 kB
Progress (1): 8.3 kB
                    
Downloaded from central: https://repo1.maven.org/maven2/org/apache/avro/avro/1.12.0/avro-1.12.0.pom (8.3 kB at 169 kB/s)
Downloading from central: https://repo1.maven.org/maven2/org/apache/avro/avro-parent/1.12.0/avro-parent-1.12.0.pom
Progress (1): 734 B
Progress (1): 2.1 kB
Progress (1): 4.0 kB
Progress (1): 6.2 kB
Progress (1): 8.1 kB
Progress (1): 11 kB 
Progress (1): 13 kB
Progress (1): 16 kB
Progress (1): 20 kB
Progress (1): 24 kB
Progress (1): 25 kB
                   
Downloaded from central: https://repo1.maven.org/maven2/org/apache/avro/avro-parent/1.12.0/avro-parent-1.12.0.pom (25 kB at 457 kB/s)
Downloading from central: https://repo1.maven.org/maven2/org/apache/avro/avro-toplevel/1.12.0/avro-toplevel-1.12.0.pom
Progress (1): 762 B
Progress (1): 2.0 kB
Progress (1): 4.0 kB
Progress (1): 7.9 kB
Progress (1): 11 kB 
Progress (1): 14 kB
Progress (1): 17 kB
Progress (1): 21 kB
Progress (1): 25 kB
Progress (1): 27 kB
                   
Downloaded from central: https://repo1.maven.org/maven2/org/apache/avro/avro-toplevel/1.12.0/avro-toplevel-1.12.0.pom (27 kB at 496 kB/s)
Downloading from central: https://repo1.maven.org/maven2/com/fasterxml/jackson/jackson-bom/2.17.2/jackson-bom-2.17.2.pom
Progress (1): 924 B
Progress (1): 2.7 kB
Progress (1): 8.1 kB
Progress (1): 17 kB 
Progress (1): 19 kB
                   
Downloaded from central: https://repo1.maven.org/maven2/com/fasterxml/jackson/jackson-bom/2.17.2/jackson-bom-2.17.2.pom (19 kB at 317 kB/s)
Downloading from central: https://repo1.maven.org/maven2/com/fasterxml/jackson/jackson-parent/2.17/jackson-parent-2.17.pom
Progress (1): 1.1 kB
Progress (1): 2.5 kB
Progress (1): 4.0 kB
Progress (1): 6.5 kB
                    
Downloaded from central: https://repo1.maven.org/maven2/com/fasterxml/jackson/jackson-parent/2.17/jackson-parent-2.17.pom (6.5 kB at 128 kB/s)
Downloading from central: https://repo1.maven.org/maven2/com/fasterxml/oss-parent/58/oss-parent-58.pom
Progress (1): 950 B
Progress (1): 2.6 kB
Progress (1): 4.0 kB
Progress (1): 6.0 kB
Progress (1): 9.7 kB
Progress (1): 12 kB 
Progress (1): 15 kB
Progress (1): 18 kB
Progress (1): 21 kB
Progress (1): 24 kB
                   
Downloaded from central: https://repo1.maven.org/maven2/com/fasterxml/oss-parent/58/oss-parent-58.pom (24 kB at 438 kB/s)
Downloading from central: https://repo1.maven.org/maven2/org/apache/commons/commons-compress/1.26.0/commons-compress-1.26.0.pom
Progress (1): 753 B
Progress (1): 1.9 kB
Progress (1): 3.6 kB
Progress (1): 5.8 kB
Progress (1): 9.1 kB
Progress (1): 12 kB 
Progress (1): 15 kB
Progress (1): 19 kB
Progress (1): 21 kB
Progress (1): 22 kB
                   
Downloaded from central: https://repo1.maven.org/maven2/org/apache/commons/commons-compress/1.26.0/commons-compress-1.26.0.pom (22 kB at 243 kB/s)
Downloading from central: https://repo1.maven.org/maven2/com/google/re2j/re2j/1.2/re2j-1.2.pom
Progress (1): 933 B
                   
Downloaded from central: https://repo1.maven.org/maven2/com/google/re2j/re2j/1.2/re2j-1.2.pom (933 B at 19 kB/s)
Downloading from central: https://repo1.maven.org/maven2/com/google/code/gson/gson/2.9.0/gson-2.9.0.pom
Progress (1): 1.2 kB
Progress (1): 2.7 kB
Progress (1): 5.4 kB
Progress (1): 8.1 kB
                    
Downloaded from central: https://repo1.maven.org/maven2/com/google/code/gson/gson/2.9.0/gson-2.9.0.pom (8.1 kB at 147 kB/s)
Downloading from central: https://repo1.maven.org/maven2/com/google/code/gson/gson-parent/2.9.0/gson-parent-2.9.0.pom
Progress (1): 1.2 kB
Progress (1): 3.0 kB
Progress (1): 4.5 kB
                    
Downloaded from central: https://repo1.maven.org/maven2/com/google/code/gson/gson-parent/2.9.0/gson-parent-2.9.0.pom (4.5 kB at 81 kB/s)
Downloading from central: https://repo1.maven.org/maven2/org/codehaus/woodstox/stax2-api/4.2.1/stax2-api-4.2.1.pom
Progress (1): 958 B
Progress (1): 2.7 kB
Progress (1): 4.5 kB
Progress (1): 6.3 kB
                    
Downloaded from central: https://repo1.maven.org/maven2/org/codehaus/woodstox/stax2-api/4.2.1/stax2-api-4.2.1.pom (6.3 kB at 114 kB/s)
Downloading from central: https://repo1.maven.org/maven2/com/fasterxml/oss-parent/38/oss-parent-38.pom
Progress (1): 952 B
Progress (1): 2.6 kB
Progress (1): 4.0 kB
Progress (1): 6.0 kB
Progress (1): 9.2 kB
Progress (1): 12 kB 
Progress (1): 14 kB
Progress (1): 18 kB
Progress (1): 21 kB
Progress (1): 23 kB
                   
Downloaded from central: https://repo1.maven.org/maven2/com/fasterxml/oss-parent/38/oss-parent-38.pom (23 kB at 412 kB/s)
Downloading from central: https://repo1.maven.org/maven2/com/fasterxml/woodstox/woodstox-core/5.4.0/woodstox-core-5.4.0.pom
Progress (1): 1.0 kB
Progress (1): 2.5 kB
Progress (1): 3.7 kB
Progress (1): 6.7 kB
Progress (1): 9.2 kB
Progress (1): 9.7 kB
                    
Downloaded from central: https://repo1.maven.org/maven2/com/fasterxml/woodstox/woodstox-core/5.4.0/woodstox-core-5.4.0.pom (9.7 kB at 153 kB/s)
Downloading from central: https://repo1.maven.org/maven2/com/fasterxml/oss-parent/37/oss-parent-37.pom
Progress (1): 954 B
Progress (1): 2.6 kB
Progress (1): 4.0 kB
Progress (1): 6.0 kB
Progress (1): 9.1 kB
Progress (1): 12 kB 
Progress (1): 14 kB
Progress (1): 18 kB
Progress (1): 21 kB
Progress (1): 23 kB
                   
Downloaded from central: https://repo1.maven.org/maven2/com/fasterxml/oss-parent/37/oss-parent-37.pom (23 kB at 416 kB/s)
Downloading from central: https://repo1.maven.org/maven2/org/codehaus/woodstox/stax2-api/4.2/stax2-api-4.2.pom
Progress (1): 957 B
Progress (1): 2.7 kB
Progress (1): 4.5 kB
Progress (1): 6.3 kB
                    
Downloaded from central: https://repo1.maven.org/maven2/org/codehaus/woodstox/stax2-api/4.2/stax2-api-4.2.pom (6.3 kB at 128 kB/s)
Downloading from central: https://repo1.maven.org/maven2/com/fasterxml/oss-parent/35/oss-parent-35.pom
Progress (1): 952 B
Progress (1): 2.6 kB
Progress (1): 4.0 kB
Progress (1): 6.1 kB
Progress (1): 9.1 kB
Progress (1): 12 kB 
Progress (1): 14 kB
Progress (1): 18 kB
Progress (1): 21 kB
Progress (1): 23 kB
                   
Downloaded from central: https://repo1.maven.org/maven2/com/fasterxml/oss-parent/35/oss-parent-35.pom (23 kB at 415 kB/s)
Downloading from central: https://repo1.maven.org/maven2/org/apache/hadoop/hadoop-hdfs/3.4.2/hadoop-hdfs-3.4.2.pom
Progress (1): 728 B
Progress (1): 4.3 kB
Progress (1): 7.7 kB
Progress (1): 11 kB 
Progress (1): 15 kB
Progress (1): 18 kB
Progress (1): 20 kB
                   
Downloaded from central: https://repo1.maven.org/maven2/org/apache/hadoop/hadoop-hdfs/3.4.2/hadoop-hdfs-3.4.2.pom (20 kB at 395 kB/s)
Downloading from central: https://repo1.maven.org/maven2/org/apache/commons/commons-parent/23/commons-parent-23.pom
Progress (1): 812 B
Progress (1): 2.0 kB
Progress (1): 3.4 kB
Progress (1): 4.8 kB
Progress (1): 8.7 kB
Progress (1): 12 kB 
Progress (1): 16 kB
Progress (1): 18 kB
Progress (1): 22 kB
Progress (1): 29 kB
Progress (1): 33 kB
Progress (1): 36 kB
Progress (1): 39 kB
Progress (1): 41 kB
Progress (1): 43 kB
Progress (1): 43 kB
Progress (1): 44 kB
                   
Downloaded from central: https://repo1.maven.org/maven2/org/apache/commons/commons-parent/23/commons-parent-23.pom (44 kB at 822 kB/s)
Downloading from central: https://repo1.maven.org/maven2/org/apache/hadoop/hadoop-mapreduce-client-core/3.4.2/hadoop-mapreduce-client-core-3.4.2.pom
Progress (1): 851 B
Progress (1): 3.0 kB
Progress (1): 5.7 kB
Progress (1): 6.2 kB
                    
Downloaded from central: https://repo1.maven.org/maven2/org/apache/hadoop/hadoop-mapreduce-client-core/3.4.2/hadoop-mapreduce-client-core-3.4.2.pom (6.2 kB at 123 kB/s)
Downloading from central: https://repo1.maven.org/maven2/org/apache/hadoop/hadoop-mapreduce-client/3.4.2/hadoop-mapreduce-client-3.4.2.pom
Progress (1): 822 B
Progress (1): 2.8 kB
Progress (1): 6.2 kB
Progress (1): 9.7 kB
Progress (1): 13 kB 
                   
Downloaded from central: https://repo1.maven.org/maven2/org/apache/hadoop/hadoop-mapreduce-client/3.4.2/hadoop-mapreduce-client-3.4.2.pom (13 kB at 237 kB/s)
Downloading from central: https://repo1.maven.org/maven2/org/apache/hadoop/hadoop-yarn-client/3.4.2/hadoop-yarn-client-3.4.2.pom
Progress (1): 802 B
Progress (1): 3.9 kB
Progress (1): 7.8 kB
Progress (1): 8.2 kB
                    
Downloaded from central: https://repo1.maven.org/maven2/org/apache/hadoop/hadoop-yarn-client/3.4.2/hadoop-yarn-client-3.4.2.pom (8.2 kB at 89 kB/s)
Downloading from central: https://repo1.maven.org/maven2/org/apache/hadoop/hadoop-yarn/3.4.2/hadoop-yarn-3.4.2.pom
Progress (1): 777 B
Progress (1): 2.3 kB
Progress (1): 5.1 kB
Progress (1): 9.1 kB
Progress (1): 10 kB 
                   
Downloaded from central: https://repo1.maven.org/maven2/org/apache/hadoop/hadoop-yarn/3.4.2/hadoop-yarn-3.4.2.pom (10 kB at 182 kB/s)
Downloading from central: https://repo1.maven.org/maven2/org/eclipse/jetty/websocket/websocket-client/9.4.57.v20241219/websocket-client-9.4.57.v20241219.pom
Progress (1): 2.2 kB
Progress (1): 4.6 kB
                    
Downloaded from central: https://repo1.maven.org/maven2/org/eclipse/jetty/websocket/websocket-client/9.4.57.v20241219/websocket-client-9.4.57.v20241219.pom (4.6 kB at 68 kB/s)
Downloading from central: https://repo1.maven.org/maven2/org/eclipse/jetty/websocket/websocket-parent/9.4.57.v20241219/websocket-parent-9.4.57.v20241219.pom
Progress (1): 1.3 kB
Progress (1): 1.4 kB
                    
Downloaded from central: https://repo1.maven.org/maven2/org/eclipse/jetty/websocket/websocket-parent/9.4.57.v20241219/websocket-parent-9.4.57.v20241219.pom (1.4 kB at 27 kB/s)
Downloading from central: https://repo1.maven.org/maven2/org/eclipse/jetty/jetty-client/9.4.57.v20241219/jetty-client-9.4.57.v20241219.pom
Progress (1): 1.2 kB
Progress (1): 4.7 kB
Progress (1): 5.3 kB
                    
Downloaded from central: https://repo1.maven.org/maven2/org/eclipse/jetty/jetty-client/9.4.57.v20241219/jetty-client-9.4.57.v20241219.pom (5.3 kB at 91 kB/s)
Downloading from central: https://repo1.maven.org/maven2/org/eclipse/jetty/websocket/websocket-common/9.4.57.v20241219/websocket-common-9.4.57.v20241219.pom
Progress (1): 1.9 kB
Progress (1): 3.6 kB
                    
Downloaded from central: https://repo1.maven.org/maven2/org/eclipse/jetty/websocket/websocket-common/9.4.57.v20241219/websocket-common-9.4.57.v20241219.pom (3.6 kB at 69 kB/s)
Downloading from central: https://repo1.maven.org/maven2/org/eclipse/jetty/websocket/websocket-api/9.4.57.v20241219/websocket-api-9.4.57.v20241219.pom
Progress (1): 1.1 kB
Progress (1): 2.5 kB
                    
Downloaded from central: https://repo1.maven.org/maven2/org/eclipse/jetty/websocket/websocket-api/9.4.57.v20241219/websocket-api-9.4.57.v20241219.pom (2.5 kB at 48 kB/s)
Downloading from central: https://repo1.maven.org/maven2/org/apache/hadoop/hadoop-yarn-api/3.4.2/hadoop-yarn-api-3.4.2.pom
Progress (1): 838 B
Progress (1): 3.5 kB
Progress (1): 6.1 kB
                    
Downloaded from central: https://repo1.maven.org/maven2/org/apache/hadoop/hadoop-yarn-api/3.4.2/hadoop-yarn-api-3.4.2.pom (6.1 kB at 109 kB/s)
Downloading from central: https://repo1.maven.org/maven2/org/apache/hadoop/hadoop-yarn-common/3.4.2/hadoop-yarn-common-3.4.2.pom
Progress (1): 821 B
Progress (1): 3.6 kB
Progress (1): 7.5 kB
Progress (1): 11 kB 
Progress (1): 15 kB
Progress (1): 15 kB
                   
Downloaded from central: https://repo1.maven.org/maven2/org/apache/hadoop/hadoop-yarn-common/3.4.2/hadoop-yarn-common-3.4.2.pom (15 kB at 283 kB/s)
Downloading from central: https://repo1.maven.org/maven2/org/apache/hadoop/hadoop-hdfs-client/3.4.2/hadoop-hdfs-client-3.4.2.pom
Progress (1): 822 B
Progress (1): 4.1 kB
Progress (1): 6.3 kB
                    
Downloaded from central: https://repo1.maven.org/maven2/org/apache/hadoop/hadoop-hdfs-client/3.4.2/hadoop-hdfs-client-3.4.2.pom (6.3 kB at 125 kB/s)
Downloading from central: https://repo1.maven.org/maven2/com/google/inject/extensions/guice-servlet/4.2.3/guice-servlet-4.2.3.pom
Progress (1): 1.3 kB
                    
Downloaded from central: https://repo1.maven.org/maven2/com/google/inject/extensions/guice-servlet/4.2.3/guice-servlet-4.2.3.pom (1.3 kB at 24 kB/s)
Downloading from central: https://repo1.maven.org/maven2/com/google/inject/extensions/extensions-parent/4.2.3/extensions-parent-4.2.3.pom
Progress (1): 1.3 kB
Progress (1): 3.4 kB
                    
Downloaded from central: https://repo1.maven.org/maven2/com/google/inject/extensions/extensions-parent/4.2.3/extensions-parent-4.2.3.pom (3.4 kB at 69 kB/s)
Downloading from central: https://repo1.maven.org/maven2/com/google/inject/guice-parent/4.2.3/guice-parent-4.2.3.pom
Progress (1): 793 B
Progress (1): 2.8 kB
Progress (1): 4.4 kB
Progress (1): 7.4 kB
Progress (1): 9.9 kB
Progress (1): 13 kB 
Progress (1): 16 kB
Progress (1): 16 kB
                   
Downloaded from central: https://repo1.maven.org/maven2/com/google/inject/guice-parent/4.2.3/guice-parent-4.2.3.pom (16 kB at 291 kB/s)
Downloading from central: https://repo1.maven.org/maven2/com/google/inject/guice/4.2.3/guice-4.2.3.pom
Progress (1): 1.6 kB
Progress (1): 3.6 kB
Progress (1): 6.2 kB
Progress (1): 9.9 kB
Progress (1): 11 kB 
                   
Downloaded from central: https://repo1.maven.org/maven2/com/google/inject/guice/4.2.3/guice-4.2.3.pom (11 kB at 215 kB/s)
Downloading from central: https://repo1.maven.org/maven2/com/google/inject/extensions/guice-servlet/3.0/guice-servlet-3.0.pom
Progress (1): 915 B
                   
Downloaded from central: https://repo1.maven.org/maven2/com/google/inject/extensions/guice-servlet/3.0/guice-servlet-3.0.pom (915 B at 20 kB/s)
Downloading from central: https://repo1.maven.org/maven2/com/fasterxml/jackson/module/jackson-module-jaxb-annotations/2.16.1/jackson-module-jaxb-annotations-2.16.1.pom
Progress (1): 943 B
Progress (1): 2.5 kB
Progress (1): 3.8 kB
                    
Downloaded from central: https://repo1.maven.org/maven2/com/fasterxml/jackson/module/jackson-module-jaxb-annotations/2.16.1/jackson-module-jaxb-annotations-2.16.1.pom (3.8 kB at 57 kB/s)
Downloading from central: https://repo1.maven.org/maven2/com/fasterxml/jackson/module/jackson-modules-base/2.16.1/jackson-modules-base-2.16.1.pom
Progress (1): 1.1 kB
Progress (1): 2.9 kB
Progress (1): 4.1 kB
                    
Downloaded from central: https://repo1.maven.org/maven2/com/fasterxml/jackson/module/jackson-modules-base/2.16.1/jackson-modules-base-2.16.1.pom (4.1 kB at 80 kB/s)
Downloading from central: https://repo1.maven.org/maven2/com/fasterxml/jackson/jaxrs/jackson-jaxrs-json-provider/2.16.1/jackson-jaxrs-json-provider-2.16.1.pom
Progress (1): 933 B
Progress (1): 2.5 kB
Progress (1): 4.5 kB
                    
Downloaded from central: https://repo1.maven.org/maven2/com/fasterxml/jackson/jaxrs/jackson-jaxrs-json-provider/2.16.1/jackson-jaxrs-json-provider-2.16.1.pom (4.5 kB at 88 kB/s)
Downloading from central: https://repo1.maven.org/maven2/com/fasterxml/jackson/jaxrs/jackson-jaxrs-providers/2.16.1/jackson-jaxrs-providers-2.16.1.pom
Progress (1): 1.2 kB
Progress (1): 2.6 kB
Progress (1): 4.9 kB
Progress (1): 5.8 kB
                    
Downloaded from central: https://repo1.maven.org/maven2/com/fasterxml/jackson/jaxrs/jackson-jaxrs-providers/2.16.1/jackson-jaxrs-providers-2.16.1.pom (5.8 kB at 114 kB/s)
Downloading from central: https://repo1.maven.org/maven2/com/fasterxml/jackson/jaxrs/jackson-jaxrs-base/2.16.1/jackson-jaxrs-base-2.16.1.pom
Progress (1): 959 B
Progress (1): 2.3 kB
                    
Downloaded from central: https://repo1.maven.org/maven2/com/fasterxml/jackson/jaxrs/jackson-jaxrs-base/2.16.1/jackson-jaxrs-base-2.16.1.pom (2.3 kB at 46 kB/s)
Downloading from central: https://repo1.maven.org/maven2/org/apache/hive/hive-standalone-metastore-common/4.3.0-SNAPSHOT/maven-metadata.xml
Downloading from central: https://repo1.maven.org/maven2/org/apache/hive/hive-standalone-metastore-common/4.3.0-SNAPSHOT/hive-standalone-metastore-common-4.3.0-SNAPSHOT.pom
[WARNING] The POM for org.apache.hive:hive-standalone-metastore-common:jar:tests:4.3.0-SNAPSHOT is missing, no dependency information available
Downloading from central: https://repo1.maven.org/maven2/org/apache/hive/hive-standalone-metastore-server/4.3.0-SNAPSHOT/maven-metadata.xml
Downloading from central: https://repo1.maven.org/maven2/org/apache/hive/hive-standalone-metastore-server/4.3.0-SNAPSHOT/hive-standalone-metastore-server-4.3.0-SNAPSHOT.pom
[WARNING] The POM for org.apache.hive:hive-standalone-metastore-server:jar:tests:4.3.0-SNAPSHOT is missing, no dependency information available
Downloading from central: https://repo1.maven.org/maven2/org/junit/jupiter/junit-jupiter-engine/5.13.3/junit-jupiter-engine-5.13.3.pom
Progress (1): 960 B
Progress (1): 3.2 kB
                    
Downloaded from central: https://repo1.maven.org/maven2/org/junit/jupiter/junit-jupiter-engine/5.13.3/junit-jupiter-engine-5.13.3.pom (3.2 kB at 62 kB/s)
Downloading from central: https://repo1.maven.org/maven2/org/junit/junit-bom/5.13.3/junit-bom-5.13.3.pom
Progress (1): 908 B
Progress (1): 4.1 kB
Progress (1): 5.7 kB
                    
Downloaded from central: https://repo1.maven.org/maven2/org/junit/junit-bom/5.13.3/junit-bom-5.13.3.pom (5.7 kB at 121 kB/s)
Downloading from central: https://repo1.maven.org/maven2/org/junit/platform/junit-platform-engine/1.13.3/junit-platform-engine-1.13.3.pom
Progress (1): 953 B
Progress (1): 3.2 kB
                    
Downloaded from central: https://repo1.maven.org/maven2/org/junit/platform/junit-platform-engine/1.13.3/junit-platform-engine-1.13.3.pom (3.2 kB at 67 kB/s)
Downloading from central: https://repo1.maven.org/maven2/org/junit/platform/junit-platform-commons/1.13.3/junit-platform-commons-1.13.3.pom
Progress (1): 967 B
Progress (1): 2.9 kB
                    
Downloaded from central: https://repo1.maven.org/maven2/org/junit/platform/junit-platform-commons/1.13.3/junit-platform-commons-1.13.3.pom (2.9 kB at 57 kB/s)
Downloading from central: https://repo1.maven.org/maven2/org/junit/jupiter/junit-jupiter-api/5.13.3/junit-jupiter-api-5.13.3.pom
Progress (1): 951 B
Progress (1): 3.2 kB
                    
Downloaded from central: https://repo1.maven.org/maven2/org/junit/jupiter/junit-jupiter-api/5.13.3/junit-jupiter-api-5.13.3.pom (3.2 kB at 70 kB/s)
Downloading from central: https://repo1.maven.org/maven2/org/junit/vintage/junit-vintage-engine/5.13.3/junit-vintage-engine-5.13.3.pom
Progress (1): 960 B
Progress (1): 3.2 kB
                    
Downloaded from central: https://repo1.maven.org/maven2/org/junit/vintage/junit-vintage-engine/5.13.3/junit-vintage-engine-5.13.3.pom (3.2 kB at 64 kB/s)
Downloading from central: https://repo1.maven.org/maven2/org/apache/hive/hive-common/4.3.0-SNAPSHOT/maven-metadata.xml
Downloading from central: https://repo1.maven.org/maven2/org/apache/hive/hive-common/4.3.0-SNAPSHOT/hive-common-4.3.0-SNAPSHOT.pom
[WARNING] The POM for org.apache.hive:hive-common:jar:tests:4.3.0-SNAPSHOT is missing, no dependency information available
Downloading from central: https://repo1.maven.org/maven2/org/apache/pig/pig/0.16.0/pig-0.16.0.pom
Progress (1): 806 B
Progress (1): 4.4 kB
Progress (1): 6.1 kB
                    
Downloaded from central: https://repo1.maven.org/maven2/org/apache/pig/pig/0.16.0/pig-0.16.0.pom (6.1 kB at 116 kB/s)
Downloading from central: https://repo1.maven.org/maven2/org/mortbay/jetty/jetty/6.1.26/jetty-6.1.26.pom
Progress (1): 1.6 kB
Progress (1): 4.7 kB
Progress (1): 6.3 kB
                    
Downloaded from central: https://repo1.maven.org/maven2/org/mortbay/jetty/jetty/6.1.26/jetty-6.1.26.pom (6.3 kB at 120 kB/s)
Downloading from central: https://repo1.maven.org/maven2/org/mortbay/jetty/project/6.1.26/project-6.1.26.pom
Progress (1): 1.2 kB
Progress (1): 4.0 kB
Progress (1): 6.9 kB
Progress (1): 9.2 kB
                    
Downloaded from central: https://repo1.maven.org/maven2/org/mortbay/jetty/project/6.1.26/project-6.1.26.pom (9.2 kB at 108 kB/s)
Downloading from central: https://repo1.maven.org/maven2/org/mortbay/jetty/jetty-parent/10/jetty-parent-10.pom
Progress (1): 1.4 kB
Progress (1): 3.3 kB
                    
Downloaded from central: https://repo1.maven.org/maven2/org/mortbay/jetty/jetty-parent/10/jetty-parent-10.pom (3.3 kB at 60 kB/s)
Downloading from central: https://repo1.maven.org/maven2/org/eclipse/jetty/jetty-parent/14/jetty-parent-14.pom
Progress (1): 1.1 kB
Progress (1): 5.4 kB
Progress (1): 8.2 kB
Progress (1): 11 kB 
Progress (1): 15 kB
Progress (1): 16 kB
                   
Downloaded from central: https://repo1.maven.org/maven2/org/eclipse/jetty/jetty-parent/14/jetty-parent-14.pom (16 kB at 29 kB/s)
Downloading from central: https://repo1.maven.org/maven2/org/mortbay/jetty/jetty-util/6.1.26/jetty-util-6.1.26.pom
Progress (1): 1.3 kB
Progress (1): 3.7 kB
Progress (1): 3.9 kB
                    
Downloaded from central: https://repo1.maven.org/maven2/org/mortbay/jetty/jetty-util/6.1.26/jetty-util-6.1.26.pom (3.9 kB at 58 kB/s)
Downloading from central: https://repo1.maven.org/maven2/org/mortbay/jetty/servlet-api/2.5-20081211/servlet-api-2.5-20081211.pom
Progress (1): 1.4 kB
Progress (1): 2.7 kB
                    
Downloaded from central: https://repo1.maven.org/maven2/org/mortbay/jetty/servlet-api/2.5-20081211/servlet-api-2.5-20081211.pom (2.7 kB at 46 kB/s)
Downloading from central: https://repo1.maven.org/maven2/org/mortbay/jetty/jetty-parent/7/jetty-parent-7.pom
Progress (1): 1.8 kB
Progress (1): 4.8 kB
Progress (1): 7.7 kB
Progress (1): 12 kB 
Progress (1): 13 kB
                   
Downloaded from central: https://repo1.maven.org/maven2/org/mortbay/jetty/jetty-parent/7/jetty-parent-7.pom (13 kB at 218 kB/s)
Downloading from central: https://repo1.maven.org/maven2/org/mortbay/jetty/jsp-api-2.1/6.1.14/jsp-api-2.1-6.1.14.pom
Progress (1): 1.3 kB
Progress (1): 3.7 kB
Progress (1): 4.3 kB
                    
Downloaded from central: https://repo1.maven.org/maven2/org/mortbay/jetty/jsp-api-2.1/6.1.14/jsp-api-2.1-6.1.14.pom (4.3 kB at 75 kB/s)
Downloading from central: https://repo1.maven.org/maven2/org/mortbay/jetty/project/6.1.14/project-6.1.14.pom
Progress (1): 1.2 kB
Progress (1): 3.9 kB
Progress (1): 6.8 kB
Progress (1): 8.8 kB
                    
Downloaded from central: https://repo1.maven.org/maven2/org/mortbay/jetty/project/6.1.14/project-6.1.14.pom (8.8 kB at 157 kB/s)
Downloading from central: https://repo1.maven.org/maven2/org/mortbay/jetty/servlet-api-2.5/6.1.14/servlet-api-2.5-6.1.14.pom
Progress (1): 1.1 kB
Progress (1): 3.4 kB
                    
Downloaded from central: https://repo1.maven.org/maven2/org/mortbay/jetty/servlet-api-2.5/6.1.14/servlet-api-2.5-6.1.14.pom (3.4 kB at 36 kB/s)
Downloading from central: https://repo1.maven.org/maven2/org/mortbay/jetty/jsp-2.1/6.1.14/jsp-2.1-6.1.14.pom
Progress (1): 1.1 kB
Progress (1): 3.9 kB
Progress (1): 6.2 kB
                    
Downloaded from central: https://repo1.maven.org/maven2/org/mortbay/jetty/jsp-2.1/6.1.14/jsp-2.1-6.1.14.pom (6.2 kB at 123 kB/s)
Downloading from central: https://repo1.maven.org/maven2/net/java/dev/jets3t/jets3t/0.7.1/jets3t-0.7.1.pom
Progress (1): 933 B
Progress (1): 1.5 kB
                    
Downloaded from central: https://repo1.maven.org/maven2/net/java/dev/jets3t/jets3t/0.7.1/jets3t-0.7.1.pom (1.5 kB at 23 kB/s)
Downloading from central: https://repo1.maven.org/maven2/org/codehaus/jackson/jackson-mapper-asl/1.8.8/jackson-mapper-asl-1.8.8.pom
Progress (1): 1.1 kB
Progress (1): 1.2 kB
                    
Downloaded from central: https://repo1.maven.org/maven2/org/codehaus/jackson/jackson-mapper-asl/1.8.8/jackson-mapper-asl-1.8.8.pom (1.2 kB at 19 kB/s)
Downloading from central: https://repo1.maven.org/maven2/org/codehaus/jackson/jackson-core-asl/1.8.8/jackson-core-asl-1.8.8.pom
Progress (1): 1.0 kB
                    
Downloaded from central: https://repo1.maven.org/maven2/org/codehaus/jackson/jackson-core-asl/1.8.8/jackson-core-asl-1.8.8.pom (1.0 kB at 23 kB/s)
Downloading from central: https://repo1.maven.org/maven2/org/mockito/mockito-core/5.17.0/mockito-core-5.17.0.pom
Progress (1): 1.6 kB
Progress (1): 2.5 kB
                    
Downloaded from central: https://repo1.maven.org/maven2/org/mockito/mockito-core/5.17.0/mockito-core-5.17.0.pom (2.5 kB at 43 kB/s)
Downloading from central: https://repo1.maven.org/maven2/org/apache/hive/hcatalog/hive-hcatalog-core/4.3.0-SNAPSHOT/hive-hcatalog-core-4.3.0-SNAPSHOT.jar
Downloading from central: https://repo1.maven.org/maven2/org/eclipse/jetty/jetty-rewrite/9.4.57.v20241219/jetty-rewrite-9.4.57.v20241219.jar
Downloading from central: https://repo1.maven.org/maven2/org/eclipse/jetty/jetty-server/9.4.57.v20241219/jetty-server-9.4.57.v20241219.jar
Downloading from central: https://repo1.maven.org/maven2/org/eclipse/jetty/jetty-util/9.4.57.v20241219/jetty-util-9.4.57.v20241219.jar
Downloading from central: https://repo1.maven.org/maven2/org/eclipse/jetty/jetty-http/9.4.57.v20241219/jetty-http-9.4.57.v20241219.jar
Progress (1): 0.9/739 kB
Progress (1): 2.3/739 kB
Progress (1): 3.6/739 kB
Progress (1): 5.0/739 kB
Progress (1): 6.4/739 kB
Progress (1): 7.7/739 kB
Progress (1): 9.1/739 kB
Progress (1): 10/739 kB 
Progress (1): 12/739 kB
Progress (1): 13/739 kB
Progress (1): 15/739 kB
Progress (1): 16/739 kB
Progress (1): 17/739 kB
Progress (1): 19/739 kB
Progress (1): 20/739 kB
Progress (1): 21/739 kB
Progress (1): 23/739 kB
Progress (1): 24/739 kB
Progress (1): 26/739 kB
Progress (2): 26/739 kB | 0.9/45 kB
Progress (2): 27/739 kB | 0.9/45 kB
Progress (2): 28/739 kB | 0.9/45 kB
Progress (2): 30/739 kB | 0.9/45 kB
Progress (2): 31/739 kB | 0.9/45 kB
Progress (2): 32/739 kB | 0.9/45 kB
Progress (2): 34/739 kB | 0.9/45 kB
Progress (2): 35/739 kB | 0.9/45 kB
Progress (2): 36/739 kB | 0.9/45 kB
Progress (2): 36/739 kB | 2.3/45 kB
Progress (2): 38/739 kB | 2.3/45 kB
Progress (2): 39/739 kB | 2.3/45 kB
Progress (2): 41/739 kB | 2.3/45 kB
Progress (2): 42/739 kB | 2.3/45 kB
Progress (2): 43/739 kB | 2.3/45 kB
Progress (2): 45/739 kB | 2.3/45 kB
Progress (2): 46/739 kB | 2.3/45 kB
Progress (2): 47/739 kB | 2.3/45 kB
Progress (2): 49/739 kB | 2.3/45 kB
Progress (2): 50/739 kB | 2.3/45 kB
Progress (2): 52/739 kB | 2.3/45 kB
Progress (2): 53/739 kB | 2.3/45 kB
Progress (2): 54/739 kB | 2.3/45 kB
Progress (2): 56/739 kB | 2.3/45 kB
Progress (2): 56/739 kB | 3.6/45 kB
Progress (2): 60/739 kB | 3.6/45 kB
Progress (3): 60/739 kB | 3.6/45 kB | 0.9/589 kB
Progress (3): 60/739 kB | 3.6/45 kB | 2.3/589 kB
Progress (3): 60/739 kB | 3.6/45 kB | 3.6/589 kB
Progress (3): 60/739 kB | 3.6/45 kB | 5.0/589 kB
Progress (3): 60/739 kB | 3.6/45 kB | 6.4/589 kB
Progress (3): 60/739 kB | 3.6/45 kB | 7.7/589 kB
Progress (3): 60/739 kB | 3.6/45 kB | 8.2/589 kB
Progress (3): 60/739 kB | 3.6/45 kB | 9.6/589 kB
Progress (3): 60/739 kB | 3.6/45 kB | 11/589 kB 
Progress (3): 60/739 kB | 5.0/45 kB | 11/589 kB
Progress (3): 60/739 kB | 5.0/45 kB | 12/589 kB
Progress (3): 60/739 kB | 6.4/45 kB | 12/589 kB
Progress (3): 60/739 kB | 6.4/45 kB | 14/589 kB
Progress (3): 60/739 kB | 7.7/45 kB | 14/589 kB
Progress (3): 60/739 kB | 7.7/45 kB | 15/589 kB
Progress (3): 60/739 kB | 9.1/45 kB | 15/589 kB
Progress (3): 60/739 kB | 9.1/45 kB | 16/589 kB
Progress (3): 60/739 kB | 10/45 kB | 16/589 kB 
Progress (3): 60/739 kB | 10/45 kB | 18/589 kB
Progress (3): 60/739 kB | 12/45 kB | 18/589 kB
Progress (3): 60/739 kB | 12/45 kB | 19/589 kB
Progress (3): 60/739 kB | 13/45 kB | 19/589 kB
Progress (3): 60/739 kB | 13/45 kB | 21/589 kB
Progress (3): 60/739 kB | 15/45 kB | 21/589 kB
Progress (3): 60/739 kB | 16/45 kB | 21/589 kB
Progress (3): 60/739 kB | 16/45 kB | 22/589 kB
Progress (3): 60/739 kB | 16/45 kB | 22/589 kB
Progress (3): 60/739 kB | 16/45 kB | 23/589 kB
Progress (4): 60/739 kB | 16/45 kB | 23/589 kB | 0.9/250 kB
Progress (4): 60/739 kB | 18/45 kB | 23/589 kB | 0.9/250 kB
Progress (4): 60/739 kB | 18/45 kB | 25/589 kB | 0.9/250 kB
Progress (4): 60/739 kB | 18/45 kB | 26/589 kB | 0.9/250 kB
Progress (4): 60/739 kB | 19/45 kB | 26/589 kB | 0.9/250 kB
Progress (4): 60/739 kB | 19/45 kB | 27/589 kB | 0.9/250 kB
Progress (4): 60/739 kB | 20/45 kB | 27/589 kB | 0.9/250 kB
Progress (4): 60/739 kB | 20/45 kB | 29/589 kB | 0.9/250 kB
Progress (4): 60/739 kB | 22/45 kB | 29/589 kB | 0.9/250 kB
Progress (4): 60/739 kB | 22/45 kB | 30/589 kB | 0.9/250 kB
Progress (4): 60/739 kB | 23/45 kB | 30/589 kB | 0.9/250 kB
Progress (4): 60/739 kB | 23/45 kB | 31/589 kB | 0.9/250 kB
Progress (4): 60/739 kB | 25/45 kB | 31/589 kB | 0.9/250 kB
Progress (4): 60/739 kB | 25/45 kB | 33/589 kB | 0.9/250 kB
Progress (4): 60/739 kB | 26/45 kB | 33/589 kB | 0.9/250 kB
Progress (4): 60/739 kB | 26/45 kB | 34/589 kB | 0.9/250 kB
Progress (4): 60/739 kB | 27/45 kB | 34/589 kB | 0.9/250 kB
Progress (4): 60/739 kB | 27/45 kB | 34/589 kB | 2.3/250 kB
Progress (4): 60/739 kB | 27/45 kB | 36/589 kB | 2.3/250 kB
Progress (4): 60/739 kB | 27/45 kB | 37/589 kB | 2.3/250 kB
Progress (4): 60/739 kB | 29/45 kB | 37/589 kB | 2.3/250 kB
Progress (4): 60/739 kB | 30/45 kB | 37/589 kB | 2.3/250 kB
Progress (4): 60/739 kB | 30/45 kB | 38/589 kB | 2.3/250 kB
Progress (4): 60/739 kB | 31/45 kB | 38/589 kB | 2.3/250 kB
Progress (4): 60/739 kB | 31/45 kB | 40/589 kB | 2.3/250 kB
Progress (4): 60/739 kB | 33/45 kB | 40/589 kB | 2.3/250 kB
Progress (4): 60/739 kB | 33/45 kB | 41/589 kB | 2.3/250 kB
Progress (4): 60/739 kB | 34/45 kB | 41/589 kB | 2.3/250 kB
Progress (4): 60/739 kB | 34/45 kB | 42/589 kB | 2.3/250 kB
Progress (4): 60/739 kB | 36/45 kB | 42/589 kB | 2.3/250 kB
Progress (4): 60/739 kB | 36/45 kB | 44/589 kB | 2.3/250 kB
Progress (4): 60/739 kB | 37/45 kB | 44/589 kB | 2.3/250 kB
Progress (4): 60/739 kB | 37/45 kB | 45/589 kB | 2.3/250 kB
Progress (4): 60/739 kB | 38/45 kB | 45/589 kB | 2.3/250 kB
Progress (4): 60/739 kB | 40/45 kB | 45/589 kB | 2.3/250 kB
Progress (4): 60/739 kB | 40/45 kB | 47/589 kB | 2.3/250 kB
Progress (4): 60/739 kB | 40/45 kB | 47/589 kB | 3.4/250 kB
Progress (4): 60/739 kB | 41/45 kB | 47/589 kB | 3.4/250 kB
Progress (4): 60/739 kB | 41/45 kB | 48/589 kB | 3.4/250 kB
Progress (4): 60/739 kB | 41/45 kB | 49/589 kB | 3.4/250 kB
Progress (4): 60/739 kB | 42/45 kB | 49/589 kB | 3.4/250 kB
Progress (4): 60/739 kB | 42/45 kB | 49/589 kB | 4.8/250 kB
Progress (4): 60/739 kB | 42/45 kB | 49/589 kB | 6.1/250 kB
Progress (4): 60/739 kB | 42/45 kB | 51/589 kB | 6.1/250 kB
Progress (4): 60/739 kB | 44/45 kB | 51/589 kB | 6.1/250 kB
Progress (4): 60/739 kB | 44/45 kB | 51/589 kB | 7.5/250 kB
Progress (4): 60/739 kB | 44/45 kB | 52/589 kB | 7.5/250 kB
Progress (4): 60/739 kB | 45 kB | 52/589 kB | 7.5/250 kB   
Progress (4): 60/739 kB | 45 kB | 53/589 kB | 7.5/250 kB
Progress (4): 60/739 kB | 45 kB | 53/589 kB | 8.9/250 kB
Progress (4): 60/739 kB | 45 kB | 55/589 kB | 8.9/250 kB
Progress (4): 60/739 kB | 45 kB | 55/589 kB | 10/250 kB 
Progress (4): 60/739 kB | 45 kB | 59/589 kB | 10/250 kB
Progress (4): 60/739 kB | 45 kB | 59/589 kB | 12/250 kB
Progress (4): 60/739 kB | 45 kB | 59/589 kB | 13/250 kB
Progress (4): 60/739 kB | 45 kB | 59/589 kB | 14/250 kB
Progress (4): 60/739 kB | 45 kB | 59/589 kB | 16/250 kB
Progress (4): 60/739 kB | 45 kB | 59/589 kB | 17/250 kB
Progress (4): 60/739 kB | 45 kB | 59/589 kB | 18/250 kB
Progress (4): 60/739 kB | 45 kB | 59/589 kB | 20/250 kB
Progress (4): 60/739 kB | 45 kB | 59/589 kB | 21/250 kB
Progress (4): 60/739 kB | 45 kB | 59/589 kB | 23/250 kB
Progress (4): 60/739 kB | 45 kB | 59/589 kB | 24/250 kB
Progress (4): 60/739 kB | 45 kB | 59/589 kB | 25/250 kB
Progress (4): 60/739 kB | 45 kB | 59/589 kB | 27/250 kB
Progress (4): 60/739 kB | 45 kB | 59/589 kB | 28/250 kB
Progress (4): 60/739 kB | 45 kB | 59/589 kB | 29/250 kB
Progress (4): 64/739 kB | 45 kB | 59/589 kB | 29/250 kB
Progress (4): 64/739 kB | 45 kB | 59/589 kB | 31/250 kB
Progress (4): 64/739 kB | 45 kB | 59/589 kB | 32/250 kB
Progress (4): 64/739 kB | 45 kB | 59/589 kB | 34/250 kB
Progress (4): 64/739 kB | 45 kB | 59/589 kB | 35/250 kB
Progress (4): 64/739 kB | 45 kB | 59/589 kB | 36/250 kB
Progress (4): 64/739 kB | 45 kB | 59/589 kB | 38/250 kB
Progress (4): 64/739 kB | 45 kB | 59/589 kB | 39/250 kB
Progress (4): 64/739 kB | 45 kB | 59/589 kB | 40/250 kB
Progress (4): 64/739 kB | 45 kB | 59/589 kB | 42/250 kB
Progress (4): 64/739 kB | 45 kB | 59/589 kB | 43/250 kB
Progress (4): 64/739 kB | 45 kB | 59/589 kB | 44/250 kB
Progress (4): 64/739 kB | 45 kB | 59/589 kB | 46/250 kB
Progress (4): 64/739 kB | 45 kB | 59/589 kB | 47/250 kB
Progress (4): 64/739 kB | 45 kB | 59/589 kB | 49/250 kB
Progress (4): 64/739 kB | 45 kB | 59/589 kB | 50/250 kB
Progress (4): 64/739 kB | 45 kB | 59/589 kB | 51/250 kB
Progress (4): 64/739 kB | 45 kB | 59/589 kB | 53/250 kB
Progress (4): 64/739 kB | 45 kB | 59/589 kB | 54/250 kB
Progress (4): 64/739 kB | 45 kB | 59/589 kB | 55/250 kB
Progress (4): 64/739 kB | 45 kB | 59/589 kB | 60/250 kB
Progress (4): 68/739 kB | 45 kB | 59/589 kB | 60/250 kB
Progress (4): 73/739 kB | 45 kB | 59/589 kB | 60/250 kB
Progress (4): 77/739 kB | 45 kB | 59/589 kB | 60/250 kB
Progress (4): 81/739 kB | 45 kB | 59/589 kB | 60/250 kB
                                                       
Downloaded from central: https://repo1.maven.org/maven2/org/eclipse/jetty/jetty-rewrite/9.4.57.v20241219/jetty-rewrite-9.4.57.v20241219.jar (45 kB at 414 kB/s)
Downloading from central: https://repo1.maven.org/maven2/org/eclipse/jetty/jetty-io/9.4.57.v20241219/jetty-io-9.4.57.v20241219.jar
Progress (3): 85/739 kB | 59/589 kB | 60/250 kB
Progress (3): 89/739 kB | 59/589 kB | 60/250 kB
Progress (3): 94/739 kB | 59/589 kB | 60/250 kB
Progress (3): 98/739 kB | 59/589 kB | 60/250 kB
Progress (3): 102/739 kB | 59/589 kB | 60/250 kB
Progress (3): 106/739 kB | 59/589 kB | 60/250 kB
Progress (3): 111/739 kB | 59/589 kB | 60/250 kB
Progress (3): 115/739 kB | 59/589 kB | 60/250 kB
Progress (3): 119/739 kB | 59/589 kB | 60/250 kB
Progress (3): 123/739 kB | 59/589 kB | 60/250 kB
Progress (3): 128/739 kB | 59/589 kB | 60/250 kB
Progress (3): 132/739 kB | 59/589 kB | 60/250 kB
Progress (3): 136/739 kB | 59/589 kB | 60/250 kB
Progress (3): 140/739 kB | 59/589 kB | 60/250 kB
Progress (3): 144/739 kB | 59/589 kB | 60/250 kB
Progress (3): 149/739 kB | 59/589 kB | 60/250 kB
Progress (3): 153/739 kB | 59/589 kB | 60/250 kB
Progress (3): 157/739 kB | 59/589 kB | 60/250 kB
Progress (3): 161/739 kB | 59/589 kB | 60/250 kB
Progress (3): 166/739 kB | 59/589 kB | 60/250 kB
Progress (3): 170/739 kB | 59/589 kB | 60/250 kB
Progress (3): 174/739 kB | 59/589 kB | 60/250 kB
Progress (3): 178/739 kB | 59/589 kB | 60/250 kB
Progress (3): 183/739 kB | 59/589 kB | 60/250 kB
Progress (3): 187/739 kB | 59/589 kB | 60/250 kB
Progress (3): 191/739 kB | 59/589 kB | 60/250 kB
Progress (3): 191/739 kB | 63/589 kB | 60/250 kB
Progress (3): 191/739 kB | 66/589 kB | 60/250 kB
Progress (3): 191/739 kB | 70/589 kB | 60/250 kB
Progress (3): 195/739 kB | 70/589 kB | 60/250 kB
Progress (3): 195/739 kB | 74/589 kB | 60/250 kB
Progress (3): 195/739 kB | 74/589 kB | 64/250 kB
Progress (3): 195/739 kB | 78/589 kB | 64/250 kB
Progress (3): 195/739 kB | 78/589 kB | 68/250 kB
Progress (3): 199/739 kB | 78/589 kB | 68/250 kB
Progress (3): 199/739 kB | 82/589 kB | 68/250 kB
Progress (3): 199/739 kB | 82/589 kB | 72/250 kB
Progress (3): 204/739 kB | 82/589 kB | 72/250 kB
Progress (3): 204/739 kB | 87/589 kB | 72/250 kB
Progress (3): 204/739 kB | 87/589 kB | 77/250 kB
Progress (3): 208/739 kB | 87/589 kB | 77/250 kB
Progress (3): 208/739 kB | 91/589 kB | 77/250 kB
Progress (3): 208/739 kB | 91/589 kB | 81/250 kB
Progress (3): 212/739 kB | 91/589 kB | 81/250 kB
Progress (3): 212/739 kB | 95/589 kB | 81/250 kB
Progress (3): 216/739 kB | 95/589 kB | 81/250 kB
Progress (3): 216/739 kB | 95/589 kB | 85/250 kB
Progress (3): 221/739 kB | 95/589 kB | 85/250 kB
Progress (3): 221/739 kB | 95/589 kB | 89/250 kB
Progress (3): 225/739 kB | 95/589 kB | 89/250 kB
Progress (3): 225/739 kB | 99/589 kB | 89/250 kB
Progress (3): 225/739 kB | 104/589 kB | 89/250 kB
Progress (3): 225/739 kB | 104/589 kB | 93/250 kB
Progress (3): 225/739 kB | 104/589 kB | 98/250 kB
Progress (3): 241/739 kB | 104/589 kB | 98/250 kB
Progress (3): 241/739 kB | 108/589 kB | 98/250 kB
Progress (3): 241/739 kB | 112/589 kB | 98/250 kB
Progress (3): 258/739 kB | 112/589 kB | 98/250 kB
Progress (3): 258/739 kB | 112/589 kB | 102/250 kB
Progress (3): 258/739 kB | 112/589 kB | 106/250 kB
Progress (3): 258/739 kB | 116/589 kB | 106/250 kB
Progress (3): 258/739 kB | 121/589 kB | 106/250 kB
Progress (3): 274/739 kB | 121/589 kB | 106/250 kB
Progress (3): 274/739 kB | 121/589 kB | 110/250 kB
Progress (3): 274/739 kB | 121/589 kB | 115/250 kB
Progress (3): 274/739 kB | 125/589 kB | 115/250 kB
Progress (3): 274/739 kB | 129/589 kB | 115/250 kB
Progress (3): 274/739 kB | 129/589 kB | 119/250 kB
Progress (3): 290/739 kB | 129/589 kB | 119/250 kB
Progress (3): 290/739 kB | 129/589 kB | 123/250 kB
Progress (3): 290/739 kB | 133/589 kB | 123/250 kB
Progress (3): 307/739 kB | 133/589 kB | 123/250 kB
Progress (3): 307/739 kB | 137/589 kB | 123/250 kB
Progress (3): 323/739 kB | 137/589 kB | 123/250 kB
Progress (3): 323/739 kB | 137/589 kB | 127/250 kB
Progress (3): 323/739 kB | 142/589 kB | 127/250 kB
Progress (3): 323/739 kB | 142/589 kB | 132/250 kB
Progress (3): 323/739 kB | 146/589 kB | 132/250 kB
Progress (3): 339/739 kB | 146/589 kB | 132/250 kB
Progress (3): 339/739 kB | 146/589 kB | 134/250 kB
Progress (3): 339/739 kB | 150/589 kB | 134/250 kB
Progress (3): 356/739 kB | 150/589 kB | 134/250 kB
Progress (3): 356/739 kB | 150/589 kB | 139/250 kB
Progress (3): 356/739 kB | 154/589 kB | 139/250 kB
Progress (3): 356/739 kB | 154/589 kB | 143/250 kB
Progress (3): 356/739 kB | 159/589 kB | 143/250 kB
Progress (3): 372/739 kB | 159/589 kB | 143/250 kB
Progress (3): 372/739 kB | 163/589 kB | 143/250 kB
Progress (3): 372/739 kB | 163/589 kB | 147/250 kB
Progress (3): 372/739 kB | 163/589 kB | 151/250 kB
Progress (3): 372/739 kB | 163/589 kB | 155/250 kB
Progress (3): 372/739 kB | 163/589 kB | 159/250 kB
Progress (3): 372/739 kB | 167/589 kB | 159/250 kB
Progress (3): 389/739 kB | 167/589 kB | 159/250 kB
Progress (3): 389/739 kB | 171/589 kB | 159/250 kB
Progress (3): 389/739 kB | 175/589 kB | 159/250 kB
Progress (3): 389/739 kB | 175/589 kB | 163/250 kB
Progress (3): 389/739 kB | 175/589 kB | 168/250 kB
Progress (3): 405/739 kB | 175/589 kB | 168/250 kB
Progress (3): 405/739 kB | 180/589 kB | 168/250 kB
Progress (3): 405/739 kB | 184/589 kB | 168/250 kB
Progress (3): 405/739 kB | 184/589 kB | 172/250 kB
Progress (3): 421/739 kB | 184/589 kB | 172/250 kB
Progress (3): 421/739 kB | 184/589 kB | 176/250 kB
Progress (3): 421/739 kB | 188/589 kB | 176/250 kB
Progress (3): 421/739 kB | 192/589 kB | 176/250 kB
Progress (3): 421/739 kB | 192/589 kB | 180/250 kB
Progress (3): 421/739 kB | 192/589 kB | 184/250 kB
Progress (3): 421/739 kB | 197/589 kB | 184/250 kB
Progress (3): 421/739 kB | 197/589 kB | 188/250 kB
Progress (3): 421/739 kB | 201/589 kB | 188/250 kB
Progress (3): 421/739 kB | 201/589 kB | 192/250 kB
Progress (3): 421/739 kB | 205/589 kB | 192/250 kB
Progress (3): 421/739 kB | 209/589 kB | 192/250 kB
Progress (3): 421/739 kB | 214/589 kB | 192/250 kB
Progress (3): 421/739 kB | 218/589 kB | 192/250 kB
Progress (3): 421/739 kB | 222/589 kB | 192/250 kB
Progress (3): 438/739 kB | 222/589 kB | 192/250 kB
Progress (3): 438/739 kB | 222/589 kB | 196/250 kB
Progress (3): 438/739 kB | 238/589 kB | 196/250 kB
Progress (3): 438/739 kB | 238/589 kB | 201/250 kB
Progress (3): 438/739 kB | 238/589 kB | 205/250 kB
Progress (3): 454/739 kB | 238/589 kB | 205/250 kB
Progress (3): 454/739 kB | 238/589 kB | 209/250 kB
Progress (3): 471/739 kB | 238/589 kB | 209/250 kB
Progress (3): 471/739 kB | 238/589 kB | 213/250 kB
Progress (3): 471/739 kB | 238/589 kB | 217/250 kB
Progress (3): 487/739 kB | 238/589 kB | 217/250 kB
Progress (3): 487/739 kB | 238/589 kB | 222/250 kB
Progress (3): 487/739 kB | 255/589 kB | 222/250 kB
Progress (3): 503/739 kB | 255/589 kB | 222/250 kB
Progress (3): 520/739 kB | 255/589 kB | 222/250 kB
Progress (3): 536/739 kB | 255/589 kB | 222/250 kB
Progress (3): 552/739 kB | 255/589 kB | 222/250 kB
Progress (3): 552/739 kB | 271/589 kB | 222/250 kB
Progress (3): 569/739 kB | 271/589 kB | 222/250 kB
Progress (3): 569/739 kB | 288/589 kB | 222/250 kB
Progress (3): 569/739 kB | 288/589 kB | 238/250 kB
Progress (3): 569/739 kB | 288/589 kB | 250 kB    
Progress (3): 585/739 kB | 288/589 kB | 250 kB
Progress (3): 585/739 kB | 304/589 kB | 250 kB
Progress (3): 585/739 kB | 320/589 kB | 250 kB
Progress (3): 585/739 kB | 328/589 kB | 250 kB
Progress (3): 602/739 kB | 328/589 kB | 250 kB
Progress (3): 602/739 kB | 344/589 kB | 250 kB
Progress (3): 618/739 kB | 344/589 kB | 250 kB
Progress (3): 618/739 kB | 360/589 kB | 250 kB
Progress (3): 634/739 kB | 360/589 kB | 250 kB
Progress (3): 634/739 kB | 377/589 kB | 250 kB
Progress (3): 651/739 kB | 377/589 kB | 250 kB
Progress (3): 651/739 kB | 393/589 kB | 250 kB
Progress (3): 667/739 kB | 393/589 kB | 250 kB
Progress (3): 667/739 kB | 410/589 kB | 250 kB
Progress (3): 684/739 kB | 410/589 kB | 250 kB
Progress (3): 684/739 kB | 426/589 kB | 250 kB
Progress (3): 700/739 kB | 426/589 kB | 250 kB
Progress (3): 700/739 kB | 442/589 kB | 250 kB
Progress (4): 700/739 kB | 442/589 kB | 250 kB | 0.9/183 kB
Progress (4): 716/739 kB | 442/589 kB | 250 kB | 0.9/183 kB
Progress (4): 716/739 kB | 459/589 kB | 250 kB | 0.9/183 kB
Progress (4): 733/739 kB | 459/589 kB | 250 kB | 0.9/183 kB
Progress (4): 733/739 kB | 475/589 kB | 250 kB | 0.9/183 kB
Progress (4): 739 kB | 475/589 kB | 250 kB | 0.9/183 kB    
Progress (4): 739 kB | 475/589 kB | 250 kB | 2.3/183 kB
Progress (4): 739 kB | 475/589 kB | 250 kB | 3.6/183 kB
Progress (4): 739 kB | 492/589 kB | 250 kB | 3.6/183 kB
Progress (4): 739 kB | 492/589 kB | 250 kB | 5.0/183 kB
Progress (4): 739 kB | 492/589 kB | 250 kB | 6.4/183 kB
Progress (4): 739 kB | 508/589 kB | 250 kB | 6.4/183 kB
Progress (4): 739 kB | 508/589 kB | 250 kB | 7.7/183 kB
Progress (4): 739 kB | 508/589 kB | 250 kB | 9.1/183 kB
Progress (4): 739 kB | 524/589 kB | 250 kB | 9.1/183 kB
Progress (4): 739 kB | 524/589 kB | 250 kB | 13/183 kB 
Progress (4): 739 kB | 524/589 kB | 250 kB | 18/183 kB
Progress (4): 739 kB | 524/589 kB | 250 kB | 22/183 kB
Progress (4): 739 kB | 541/589 kB | 250 kB | 22/183 kB
Progress (4): 739 kB | 541/589 kB | 250 kB | 25/183 kB
Progress (4): 739 kB | 541/589 kB | 250 kB | 29/183 kB
Progress (4): 739 kB | 541/589 kB | 250 kB | 33/183 kB
Progress (4): 739 kB | 557/589 kB | 250 kB | 33/183 kB
Progress (4): 739 kB | 557/589 kB | 250 kB | 37/183 kB
Progress (4): 739 kB | 557/589 kB | 250 kB | 41/183 kB
Progress (4): 739 kB | 557/589 kB | 250 kB | 46/183 kB
Progress (4): 739 kB | 557/589 kB | 250 kB | 50/183 kB
Progress (4): 739 kB | 557/589 kB | 250 kB | 54/183 kB
Progress (4): 739 kB | 557/589 kB | 250 kB | 58/183 kB
Progress (4): 739 kB | 557/589 kB | 250 kB | 63/183 kB
Progress (4): 739 kB | 557/589 kB | 250 kB | 67/183 kB
Progress (4): 739 kB | 557/589 kB | 250 kB | 71/183 kB
Progress (4): 739 kB | 557/589 kB | 250 kB | 75/183 kB
Progress (4): 739 kB | 557/589 kB | 250 kB | 80/183 kB
Progress (4): 739 kB | 557/589 kB | 250 kB | 84/183 kB
Progress (4): 739 kB | 557/589 kB | 250 kB | 88/183 kB
Progress (4): 739 kB | 573/589 kB | 250 kB | 88/183 kB
Progress (4): 739 kB | 573/589 kB | 250 kB | 92/183 kB
                                                      
Downloading from central: https://repo1.maven.org/maven2/org/eclipse/jetty/jetty-servlet/9.4.57.v20241219/jetty-servlet-9.4.57.v20241219.jar
Progress (4): 739 kB | 573/589 kB | 250 kB | 96/183 kB
Progress (4): 739 kB | 589 kB | 250 kB | 96/183 kB    
Progress (4): 739 kB | 589 kB | 250 kB | 101/183 kB
Progress (4): 739 kB | 589 kB | 250 kB | 105/183 kB
Progress (4): 739 kB | 589 kB | 250 kB | 109/183 kB
Progress (4): 739 kB | 589 kB | 250 kB | 113/183 kB
Progress (4): 739 kB | 589 kB | 250 kB | 118/183 kB
Progress (4): 739 kB | 589 kB | 250 kB | 122/183 kB
Progress (4): 739 kB | 589 kB | 250 kB | 126/183 kB
Progress (4): 739 kB | 589 kB | 250 kB | 130/183 kB
Progress (4): 739 kB | 589 kB | 250 kB | 131/183 kB
Progress (4): 739 kB | 589 kB | 250 kB | 135/183 kB
Progress (4): 739 kB | 589 kB | 250 kB | 140/183 kB
Progress (4): 739 kB | 589 kB | 250 kB | 144/183 kB
Progress (4): 739 kB | 589 kB | 250 kB | 148/183 kB
Progress (4): 739 kB | 589 kB | 250 kB | 152/183 kB
Progress (4): 739 kB | 589 kB | 250 kB | 156/183 kB
Progress (4): 739 kB | 589 kB | 250 kB | 161/183 kB
Progress (4): 739 kB | 589 kB | 250 kB | 165/183 kB
Progress (4): 739 kB | 589 kB | 250 kB | 169/183 kB
                                                   
Downloaded from central: https://repo1.maven.org/maven2/org/eclipse/jetty/jetty-http/9.4.57.v20241219/jetty-http-9.4.57.v20241219.jar (250 kB at 1.5 MB/s)
Downloading from central: https://repo1.maven.org/maven2/org/eclipse/jetty/jetty-security/9.4.57.v20241219/jetty-security-9.4.57.v20241219.jar
Progress (3): 739 kB | 589 kB | 173/183 kB
Progress (3): 739 kB | 589 kB | 183 kB    
                                      
Downloaded from central: https://repo1.maven.org/maven2/org/eclipse/jetty/jetty-server/9.4.57.v20241219/jetty-server-9.4.57.v20241219.jar (739 kB at 4.1 MB/s)
Downloading from central: https://repo1.maven.org/maven2/org/eclipse/jetty/jetty-util-ajax/9.4.57.v20241219/jetty-util-ajax-9.4.57.v20241219.jar
Downloaded from central: https://repo1.maven.org/maven2/org/eclipse/jetty/jetty-util/9.4.57.v20241219/jetty-util-9.4.57.v20241219.jar (589 kB at 3.2 MB/s)
Downloading from central: https://repo1.maven.org/maven2/org/codehaus/jettison/jettison/1.5.4/jettison-1.5.4.jar
Downloaded from central: https://repo1.maven.org/maven2/org/eclipse/jetty/jetty-io/9.4.57.v20241219/jetty-io-9.4.57.v20241219.jar (183 kB at 973 kB/s)
Downloading from central: https://repo1.maven.org/maven2/org/codehaus/jackson/jackson-core-asl/1.9.2/jackson-core-asl-1.9.2.jar
Progress (1): 7.7/118 kB
Progress (1): 8.2/118 kB
Progress (1): 16/118 kB 
Progress (2): 16/118 kB | 7.7/67 kB
Progress (3): 16/118 kB | 7.7/67 kB | 7.7/90 kB
Progress (3): 16/118 kB | 16/67 kB | 7.7/90 kB 
Progress (3): 33/118 kB | 16/67 kB | 7.7/90 kB
Progress (4): 33/118 kB | 16/67 kB | 7.7/90 kB | 7.7/146 kB
Progress (5): 33/118 kB | 16/67 kB | 7.7/90 kB | 7.7/146 kB | 7.7/228 kB
Progress (5): 41/118 kB | 16/67 kB | 7.7/90 kB | 7.7/146 kB | 7.7/228 kB
Progress (5): 41/118 kB | 32/67 kB | 7.7/90 kB | 7.7/146 kB | 7.7/228 kB
Progress (5): 41/118 kB | 32/67 kB | 7.7/90 kB | 7.7/146 kB | 8.2/228 kB
Progress (5): 57/118 kB | 32/67 kB | 7.7/90 kB | 7.7/146 kB | 8.2/228 kB
Progress (5): 57/118 kB | 49/67 kB | 7.7/90 kB | 7.7/146 kB | 8.2/228 kB
Progress (5): 57/118 kB | 49/67 kB | 7.7/90 kB | 7.7/146 kB | 25/228 kB 
Progress (5): 74/118 kB | 49/67 kB | 7.7/90 kB | 7.7/146 kB | 25/228 kB
Progress (5): 74/118 kB | 65/67 kB | 7.7/90 kB | 7.7/146 kB | 25/228 kB
Progress (5): 74/118 kB | 65/67 kB | 7.7/90 kB | 7.7/146 kB | 41/228 kB
Progress (5): 74/118 kB | 67 kB | 7.7/90 kB | 7.7/146 kB | 41/228 kB   
Progress (5): 74/118 kB | 67 kB | 8.2/90 kB | 7.7/146 kB | 41/228 kB
Progress (5): 90/118 kB | 67 kB | 8.2/90 kB | 7.7/146 kB | 41/228 kB
Progress (5): 90/118 kB | 67 kB | 8.2/90 kB | 7.7/146 kB | 57/228 kB
Progress (5): 90/118 kB | 67 kB | 25/90 kB | 7.7/146 kB | 57/228 kB 
Progress (5): 106/118 kB | 67 kB | 25/90 kB | 7.7/146 kB | 57/228 kB
Progress (5): 106/118 kB | 67 kB | 25/90 kB | 7.7/146 kB | 66/228 kB
Progress (5): 106/118 kB | 67 kB | 25/90 kB | 16/146 kB | 66/228 kB 
Progress (5): 106/118 kB | 67 kB | 41/90 kB | 16/146 kB | 66/228 kB
Progress (5): 118 kB | 67 kB | 41/90 kB | 16/146 kB | 66/228 kB    
Progress (5): 118 kB | 67 kB | 41/90 kB | 16/146 kB | 82/228 kB
Progress (5): 118 kB | 67 kB | 57/90 kB | 16/146 kB | 82/228 kB
Progress (5): 118 kB | 67 kB | 57/90 kB | 32/146 kB | 82/228 kB
Progress (5): 118 kB | 67 kB | 57/90 kB | 32/146 kB | 90/228 kB
Progress (5): 118 kB | 67 kB | 74/90 kB | 32/146 kB | 90/228 kB
Progress (5): 118 kB | 67 kB | 74/90 kB | 32/146 kB | 98/228 kB
Progress (5): 118 kB | 67 kB | 74/90 kB | 49/146 kB | 98/228 kB
Progress (5): 118 kB | 67 kB | 90/90 kB | 49/146 kB | 98/228 kB
Progress (5): 118 kB | 67 kB | 90 kB | 49/146 kB | 98/228 kB   
Progress (5): 118 kB | 67 kB | 90 kB | 49/146 kB | 115/228 kB
Progress (5): 118 kB | 67 kB | 90 kB | 65/146 kB | 115/228 kB
Progress (5): 118 kB | 67 kB | 90 kB | 65/146 kB | 123/228 kB
Progress (5): 118 kB | 67 kB | 90 kB | 65/146 kB | 131/228 kB
Progress (5): 118 kB | 67 kB | 90 kB | 81/146 kB | 131/228 kB
Progress (5): 118 kB | 67 kB | 90 kB | 81/146 kB | 139/228 kB
Progress (5): 118 kB | 67 kB | 90 kB | 98/146 kB | 139/228 kB
Progress (5): 118 kB | 67 kB | 90 kB | 98/146 kB | 156/228 kB
Progress (5): 118 kB | 67 kB | 90 kB | 114/146 kB | 156/228 kB
Progress (5): 118 kB | 67 kB | 90 kB | 114/146 kB | 164/228 kB
Progress (5): 118 kB | 67 kB | 90 kB | 131/146 kB | 164/228 kB
Progress (5): 118 kB | 67 kB | 90 kB | 131/146 kB | 180/228 kB
Progress (5): 118 kB | 67 kB | 90 kB | 131/146 kB | 197/228 kB
Progress (5): 118 kB | 67 kB | 90 kB | 146 kB | 197/228 kB    
Progress (5): 118 kB | 67 kB | 90 kB | 146 kB | 213/228 kB
Progress (5): 118 kB | 67 kB | 90 kB | 146 kB | 221/228 kB
Progress (5): 118 kB | 67 kB | 90 kB | 146 kB | 228 kB    
                                                      
Downloaded from central: https://repo1.maven.org/maven2/org/eclipse/jetty/jetty-util-ajax/9.4.57.v20241219/jetty-util-ajax-9.4.57.v20241219.jar (67 kB at 274 kB/s)
Downloading from central: https://repo1.maven.org/maven2/org/codehaus/jackson/jackson-mapper-asl/1.9.2/jackson-mapper-asl-1.9.2.jar
Downloaded from central: https://repo1.maven.org/maven2/org/eclipse/jetty/jetty-security/9.4.57.v20241219/jetty-security-9.4.57.v20241219.jar (118 kB at 488 kB/s)
Downloading from central: https://repo1.maven.org/maven2/org/codehaus/jackson/jackson-jaxrs/1.9.2/jackson-jaxrs-1.9.2.jar
Downloaded from central: https://repo1.maven.org/maven2/org/codehaus/jettison/jettison/1.5.4/jettison-1.5.4.jar (90 kB at 370 kB/s)
Downloading from central: https://repo1.maven.org/maven2/org/codehaus/jackson/jackson-xc/1.9.2/jackson-xc-1.9.2.jar
Downloaded from central: https://repo1.maven.org/maven2/org/eclipse/jetty/jetty-servlet/9.4.57.v20241219/jetty-servlet-9.4.57.v20241219.jar (146 kB at 589 kB/s)
Downloading from central: https://repo1.maven.org/maven2/org/apache/commons/commons-exec/1.1/commons-exec-1.1.jar
Downloaded from central: https://repo1.maven.org/maven2/org/codehaus/jackson/jackson-core-asl/1.9.2/jackson-core-asl-1.9.2.jar (228 kB at 917 kB/s)
Downloading from central: https://repo1.maven.org/maven2/org/apache/curator/curator-framework/5.7.1/curator-framework-5.7.1.jar
Progress (1): 7.7/27 kB
Progress (2): 7.7/27 kB | 7.7/766 kB
Progress (2): 16/27 kB | 7.7/766 kB 
Progress (2): 27 kB | 7.7/766 kB   
Progress (2): 27 kB | 8.2/766 kB
Progress (3): 27 kB | 8.2/766 kB | 7.7/18 kB
Progress (3): 27 kB | 8.2/766 kB | 8.2/18 kB
Progress (3): 27 kB | 8.2/766 kB | 18 kB    
Progress (4): 27 kB | 8.2/766 kB | 18 kB | 7.7/53 kB
Progress (4): 27 kB | 25/766 kB | 18 kB | 7.7/53 kB 
Progress (4): 27 kB | 41/766 kB | 18 kB | 7.7/53 kB
Progress (4): 27 kB | 57/766 kB | 18 kB | 7.7/53 kB
Progress (5): 27 kB | 57/766 kB | 18 kB | 7.7/53 kB | 7.7/339 kB
Progress (5): 27 kB | 57/766 kB | 18 kB | 16/53 kB | 7.7/339 kB 
Progress (5): 27 kB | 66/766 kB | 18 kB | 16/53 kB | 7.7/339 kB
Progress (5): 27 kB | 66/766 kB | 18 kB | 32/53 kB | 7.7/339 kB
Progress (5): 27 kB | 74/766 kB | 18 kB | 32/53 kB | 7.7/339 kB
Progress (5): 27 kB | 74/766 kB | 18 kB | 49/53 kB | 7.7/339 kB
Progress (5): 27 kB | 74/766 kB | 18 kB | 53 kB | 7.7/339 kB   
Progress (5): 27 kB | 90/766 kB | 18 kB | 53 kB | 7.7/339 kB
Progress (5): 27 kB | 106/766 kB | 18 kB | 53 kB | 7.7/339 kB
Progress (5): 27 kB | 115/766 kB | 18 kB | 53 kB | 7.7/339 kB
Progress (5): 27 kB | 131/766 kB | 18 kB | 53 kB | 7.7/339 kB
Progress (5): 27 kB | 131/766 kB | 18 kB | 53 kB | 16/339 kB 
Progress (5): 27 kB | 139/766 kB | 18 kB | 53 kB | 16/339 kB
Progress (5): 27 kB | 139/766 kB | 18 kB | 53 kB | 25/339 kB
Progress (5): 27 kB | 147/766 kB | 18 kB | 53 kB | 25/339 kB
Progress (5): 27 kB | 156/766 kB | 18 kB | 53 kB | 25/339 kB
Progress (5): 27 kB | 156/766 kB | 18 kB | 53 kB | 41/339 kB
Progress (5): 27 kB | 172/766 kB | 18 kB | 53 kB | 41/339 kB
Progress (5): 27 kB | 172/766 kB | 18 kB | 53 kB | 57/339 kB
Progress (5): 27 kB | 188/766 kB | 18 kB | 53 kB | 57/339 kB
Progress (5): 27 kB | 188/766 kB | 18 kB | 53 kB | 74/339 kB
Progress (5): 27 kB | 205/766 kB | 18 kB | 53 kB | 74/339 kB
Progress (5): 27 kB | 205/766 kB | 18 kB | 53 kB | 90/339 kB
Progress (5): 27 kB | 221/766 kB | 18 kB | 53 kB | 90/339 kB
Progress (5): 27 kB | 233/766 kB | 18 kB | 53 kB | 90/339 kB
Progress (5): 27 kB | 233/766 kB | 18 kB | 53 kB | 106/339 kB
Progress (5): 27 kB | 233/766 kB | 18 kB | 53 kB | 123/339 kB
Progress (5): 27 kB | 250/766 kB | 18 kB | 53 kB | 123/339 kB
Progress (5): 27 kB | 250/766 kB | 18 kB | 53 kB | 139/339 kB
Progress (5): 27 kB | 266/766 kB | 18 kB | 53 kB | 139/339 kB
Progress (5): 27 kB | 266/766 kB | 18 kB | 53 kB | 156/339 kB
Progress (5): 27 kB | 282/766 kB | 18 kB | 53 kB | 156/339 kB
Progress (5): 27 kB | 290/766 kB | 18 kB | 53 kB | 156/339 kB
Progress (5): 27 kB | 307/766 kB | 18 kB | 53 kB | 156/339 kB
Progress (5): 27 kB | 323/766 kB | 18 kB | 53 kB | 156/339 kB
Progress (5): 27 kB | 323/766 kB | 18 kB | 53 kB | 172/339 kB
Progress (5): 27 kB | 340/766 kB | 18 kB | 53 kB | 172/339 kB
Progress (5): 27 kB | 340/766 kB | 18 kB | 53 kB | 188/339 kB
Progress (5): 27 kB | 356/766 kB | 18 kB | 53 kB | 188/339 kB
Progress (5): 27 kB | 372/766 kB | 18 kB | 53 kB | 188/339 kB
Progress (5): 27 kB | 389/766 kB | 18 kB | 53 kB | 188/339 kB
                                                             
Downloaded from central: https://repo1.maven.org/maven2/org/codehaus/jackson/jackson-xc/1.9.2/jackson-xc-1.9.2.jar (27 kB at 89 kB/s)
Downloading from central: https://repo1.maven.org/maven2/org/apache/curator/curator-client/5.7.1/curator-client-5.7.1.jar
Progress (4): 405/766 kB | 18 kB | 53 kB | 188/339 kB
Progress (4): 405/766 kB | 18 kB | 53 kB | 205/339 kB
Progress (4): 422/766 kB | 18 kB | 53 kB | 205/339 kB
Progress (4): 422/766 kB | 18 kB | 53 kB | 221/339 kB
Progress (4): 438/766 kB | 18 kB | 53 kB | 221/339 kB
Progress (4): 454/766 kB | 18 kB | 53 kB | 221/339 kB
                                                     
Downloaded from central: https://repo1.maven.org/maven2/org/codehaus/jackson/jackson-jaxrs/1.9.2/jackson-jaxrs-1.9.2.jar (18 kB at 60 kB/s)
Downloading from central: https://repo1.maven.org/maven2/org/apache/zookeeper/zookeeper/3.8.4/zookeeper-3.8.4.jar
Progress (3): 471/766 kB | 53 kB | 221/339 kB
Progress (3): 471/766 kB | 53 kB | 238/339 kB
Progress (3): 487/766 kB | 53 kB | 238/339 kB
Progress (3): 503/766 kB | 53 kB | 238/339 kB
                                             
Downloaded from central: https://repo1.maven.org/maven2/org/apache/commons/commons-exec/1.1/commons-exec-1.1.jar (53 kB at 172 kB/s)
Downloading from central: https://repo1.maven.org/maven2/org/apache/zookeeper/zookeeper-jute/3.8.4/zookeeper-jute-3.8.4.jar
Progress (2): 520/766 kB | 238/339 kB
Progress (2): 520/766 kB | 254/339 kB
Progress (2): 536/766 kB | 254/339 kB
Progress (2): 536/766 kB | 270/339 kB
Progress (2): 553/766 kB | 270/339 kB
Progress (2): 569/766 kB | 270/339 kB
Progress (2): 585/766 kB | 270/339 kB
Progress (2): 602/766 kB | 270/339 kB
Progress (2): 602/766 kB | 287/339 kB
Progress (2): 618/766 kB | 287/339 kB
Progress (2): 623/766 kB | 287/339 kB
Progress (2): 639/766 kB | 287/339 kB
Progress (2): 639/766 kB | 303/339 kB
Progress (2): 655/766 kB | 303/339 kB
Progress (2): 655/766 kB | 319/339 kB
Progress (2): 672/766 kB | 319/339 kB
Progress (2): 688/766 kB | 319/339 kB
Progress (2): 705/766 kB | 319/339 kB
Progress (2): 721/766 kB | 319/339 kB
Progress (2): 737/766 kB | 319/339 kB
Progress (2): 754/766 kB | 319/339 kB
Progress (2): 766 kB | 319/339 kB    
Progress (2): 766 kB | 336/339 kB
Progress (2): 766 kB | 339 kB    
                             
Downloaded from central: https://repo1.maven.org/maven2/org/apache/curator/curator-framework/5.7.1/curator-framework-5.7.1.jar (339 kB at 1.0 MB/s)
Downloading from central: https://repo1.maven.org/maven2/org/apache/yetus/audience-annotations/0.12.0/audience-annotations-0.12.0.jar
Downloaded from central: https://repo1.maven.org/maven2/org/codehaus/jackson/jackson-mapper-asl/1.9.2/jackson-mapper-asl-1.9.2.jar (766 kB at 2.3 MB/s)
Downloading from central: https://repo1.maven.org/maven2/com/fasterxml/jackson/core/jackson-annotations/2.16.1/jackson-annotations-2.16.1.jar
Progress (1): 7.7/255 kB
Progress (2): 7.7/255 kB | 0/3.3 MB
Progress (2): 8.2/255 kB | 0/3.3 MB
Progress (2): 8.2/255 kB | 0/3.3 MB
Progress (3): 8.2/255 kB | 0/3.3 MB | 0/1.3 MB
Progress (3): 25/255 kB | 0/3.3 MB | 0/1.3 MB 
Progress (3): 25/255 kB | 0/3.3 MB | 0/1.3 MB
Progress (3): 41/255 kB | 0/3.3 MB | 0/1.3 MB
Progress (3): 41/255 kB | 0/3.3 MB | 0/1.3 MB
Progress (3): 57/255 kB | 0/3.3 MB | 0/1.3 MB
Progress (3): 57/255 kB | 0/3.3 MB | 0/1.3 MB
Progress (3): 57/255 kB | 0/3.3 MB | 0/1.3 MB
Progress (3): 74/255 kB | 0/3.3 MB | 0/1.3 MB
Progress (3): 74/255 kB | 0.1/3.3 MB | 0/1.3 MB
Progress (3): 90/255 kB | 0.1/3.3 MB | 0/1.3 MB
Progress (3): 90/255 kB | 0.1/3.3 MB | 0/1.3 MB
Progress (3): 90/255 kB | 0.1/3.3 MB | 0/1.3 MB
Progress (3): 106/255 kB | 0.1/3.3 MB | 0/1.3 MB
Progress (3): 106/255 kB | 0.1/3.3 MB | 0/1.3 MB
Progress (3): 106/255 kB | 0.1/3.3 MB | 0/1.3 MB
Progress (3): 123/255 kB | 0.1/3.3 MB | 0/1.3 MB
Progress (3): 123/255 kB | 0.1/3.3 MB | 0.1/1.3 MB
Progress (3): 123/255 kB | 0.1/3.3 MB | 0.1/1.3 MB
Progress (3): 139/255 kB | 0.1/3.3 MB | 0.1/1.3 MB
Progress (3): 139/255 kB | 0.1/3.3 MB | 0.1/1.3 MB
Progress (3): 139/255 kB | 0.1/3.3 MB | 0.1/1.3 MB
Progress (3): 156/255 kB | 0.1/3.3 MB | 0.1/1.3 MB
Progress (3): 156/255 kB | 0.1/3.3 MB | 0.1/1.3 MB
Progress (3): 164/255 kB | 0.1/3.3 MB | 0.1/1.3 MB
Progress (3): 164/255 kB | 0.1/3.3 MB | 0.1/1.3 MB
Progress (3): 164/255 kB | 0.1/3.3 MB | 0.1/1.3 MB
Progress (3): 180/255 kB | 0.1/3.3 MB | 0.1/1.3 MB
Progress (3): 180/255 kB | 0.1/3.3 MB | 0.1/1.3 MB
Progress (3): 197/255 kB | 0.1/3.3 MB | 0.1/1.3 MB
Progress (3): 197/255 kB | 0.1/3.3 MB | 0.1/1.3 MB
Progress (3): 197/255 kB | 0.2/3.3 MB | 0.1/1.3 MB
Progress (3): 197/255 kB | 0.2/3.3 MB | 0.1/1.3 MB
Progress (3): 197/255 kB | 0.2/3.3 MB | 0.1/1.3 MB
Progress (3): 213/255 kB | 0.2/3.3 MB | 0.1/1.3 MB
Progress (3): 213/255 kB | 0.2/3.3 MB | 0.1/1.3 MB
Progress (3): 213/255 kB | 0.2/3.3 MB | 0.2/1.3 MB
Progress (3): 229/255 kB | 0.2/3.3 MB | 0.2/1.3 MB
Progress (3): 229/255 kB | 0.2/3.3 MB | 0.2/1.3 MB
Progress (3): 229/255 kB | 0.2/3.3 MB | 0.2/1.3 MB
Progress (3): 246/255 kB | 0.2/3.3 MB | 0.2/1.3 MB
Progress (3): 246/255 kB | 0.2/3.3 MB | 0.2/1.3 MB
Progress (3): 255 kB | 0.2/3.3 MB | 0.2/1.3 MB    
Progress (3): 255 kB | 0.2/3.3 MB | 0.2/1.3 MB
Progress (3): 255 kB | 0.2/3.3 MB | 0.2/1.3 MB
Progress (3): 255 kB | 0.2/3.3 MB | 0.2/1.3 MB
Progress (3): 255 kB | 0.2/3.3 MB | 0.2/1.3 MB
Progress (3): 255 kB | 0.3/3.3 MB | 0.2/1.3 MB
Progress (3): 255 kB | 0.3/3.3 MB | 0.2/1.3 MB
Progress (3): 255 kB | 0.3/3.3 MB | 0.2/1.3 MB
Progress (3): 255 kB | 0.3/3.3 MB | 0.2/1.3 MB
Progress (3): 255 kB | 0.3/3.3 MB | 0.2/1.3 MB
Progress (3): 255 kB | 0.3/3.3 MB | 0.2/1.3 MB
Progress (3): 255 kB | 0.3/3.3 MB | 0.2/1.3 MB
Progress (3): 255 kB | 0.3/3.3 MB | 0.3/1.3 MB
Progress (3): 255 kB | 0.3/3.3 MB | 0.3/1.3 MB
Progress (3): 255 kB | 0.3/3.3 MB | 0.3/1.3 MB
Progress (3): 255 kB | 0.3/3.3 MB | 0.3/1.3 MB
Progress (3): 255 kB | 0.3/3.3 MB | 0.3/1.3 MB
Progress (3): 255 kB | 0.3/3.3 MB | 0.3/1.3 MB
Progress (3): 255 kB | 0.3/3.3 MB | 0.3/1.3 MB
Progress (3): 255 kB | 0.3/3.3 MB | 0.3/1.3 MB
Progress (3): 255 kB | 0.4/3.3 MB | 0.3/1.3 MB
Progress (3): 255 kB | 0.4/3.3 MB | 0.3/1.3 MB
Progress (3): 255 kB | 0.4/3.3 MB | 0.3/1.3 MB
Progress (3): 255 kB | 0.4/3.3 MB | 0.3/1.3 MB
Progress (3): 255 kB | 0.4/3.3 MB | 0.3/1.3 MB
Progress (3): 255 kB | 0.4/3.3 MB | 0.3/1.3 MB
Progress (3): 255 kB | 0.4/3.3 MB | 0.3/1.3 MB
Progress (3): 255 kB | 0.4/3.3 MB | 0.3/1.3 MB
Progress (3): 255 kB | 0.4/3.3 MB | 0.3/1.3 MB
Progress (3): 255 kB | 0.4/3.3 MB | 0.4/1.3 MB
Progress (3): 255 kB | 0.4/3.3 MB | 0.4/1.3 MB
Progress (3): 255 kB | 0.4/3.3 MB | 0.4/1.3 MB
Progress (3): 255 kB | 0.5/3.3 MB | 0.4/1.3 MB
Progress (3): 255 kB | 0.5/3.3 MB | 0.4/1.3 MB
Progress (3): 255 kB | 0.5/3.3 MB | 0.4/1.3 MB
Progress (3): 255 kB | 0.5/3.3 MB | 0.4/1.3 MB
Progress (3): 255 kB | 0.5/3.3 MB | 0.4/1.3 MB
Progress (3): 255 kB | 0.5/3.3 MB | 0.4/1.3 MB
Progress (3): 255 kB | 0.5/3.3 MB | 0.4/1.3 MB
Progress (3): 255 kB | 0.5/3.3 MB | 0.4/1.3 MB
Progress (3): 255 kB | 0.5/3.3 MB | 0.4/1.3 MB
Progress (3): 255 kB | 0.5/3.3 MB | 0.4/1.3 MB
Progress (3): 255 kB | 0.5/3.3 MB | 0.5/1.3 MB
Progress (3): 255 kB | 0.5/3.3 MB | 0.5/1.3 MB
Progress (3): 255 kB | 0.5/3.3 MB | 0.5/1.3 MB
Progress (3): 255 kB | 0.6/3.3 MB | 0.5/1.3 MB
Progress (3): 255 kB | 0.6/3.3 MB | 0.5/1.3 MB
Progress (3): 255 kB | 0.6/3.3 MB | 0.5/1.3 MB
Progress (3): 255 kB | 0.6/3.3 MB | 0.5/1.3 MB
Progress (3): 255 kB | 0.6/3.3 MB | 0.5/1.3 MB
Progress (3): 255 kB | 0.6/3.3 MB | 0.5/1.3 MB
Progress (3): 255 kB | 0.6/3.3 MB | 0.5/1.3 MB
Progress (3): 255 kB | 0.6/3.3 MB | 0.5/1.3 MB
Progress (3): 255 kB | 0.6/3.3 MB | 0.5/1.3 MB
Progress (3): 255 kB | 0.6/3.3 MB | 0.5/1.3 MB
Progress (3): 255 kB | 0.6/3.3 MB | 0.6/1.3 MB
Progress (3): 255 kB | 0.7/3.3 MB | 0.6/1.3 MB
Progress (3): 255 kB | 0.7/3.3 MB | 0.6/1.3 MB
Progress (3): 255 kB | 0.7/3.3 MB | 0.6/1.3 MB
                                              
Downloaded from central: https://repo1.maven.org/maven2/org/apache/zookeeper/zookeeper-jute/3.8.4/zookeeper-jute-3.8.4.jar (255 kB at 706 kB/s)
Downloading from central: https://repo1.maven.org/maven2/com/fasterxml/jackson/core/jackson-core/2.16.1/jackson-core-2.16.1.jar
Progress (2): 0.7/3.3 MB | 0.6/1.3 MB
Progress (2): 0.7/3.3 MB | 0.6/1.3 MB
Progress (2): 0.7/3.3 MB | 0.6/1.3 MB
Progress (2): 0.7/3.3 MB | 0.6/1.3 MB
Progress (2): 0.7/3.3 MB | 0.6/1.3 MB
Progress (2): 0.7/3.3 MB | 0.6/1.3 MB
Progress (2): 0.7/3.3 MB | 0.6/1.3 MB
Progress (2): 0.7/3.3 MB | 0.6/1.3 MB
Progress (2): 0.7/3.3 MB | 0.7/1.3 MB
Progress (2): 0.8/3.3 MB | 0.7/1.3 MB
Progress (2): 0.8/3.3 MB | 0.7/1.3 MB
Progress (2): 0.8/3.3 MB | 0.7/1.3 MB
Progress (2): 0.8/3.3 MB | 0.7/1.3 MB
Progress (2): 0.8/3.3 MB | 0.7/1.3 MB
Progress (2): 0.8/3.3 MB | 0.7/1.3 MB
Progress (2): 0.8/3.3 MB | 0.7/1.3 MB
Progress (2): 0.8/3.3 MB | 0.8/1.3 MB
Progress (2): 0.8/3.3 MB | 0.8/1.3 MB
Progress (2): 0.8/3.3 MB | 0.8/1.3 MB
Progress (2): 0.8/3.3 MB | 0.8/1.3 MB
Progress (2): 0.8/3.3 MB | 0.8/1.3 MB
Progress (2): 0.8/3.3 MB | 0.8/1.3 MB
Progress (2): 0.8/3.3 MB | 0.8/1.3 MB
Progress (2): 0.8/3.3 MB | 0.8/1.3 MB
Progress (2): 0.8/3.3 MB | 0.8/1.3 MB
Progress (2): 0.8/3.3 MB | 0.8/1.3 MB
Progress (2): 0.9/3.3 MB | 0.8/1.3 MB
Progress (2): 0.9/3.3 MB | 0.9/1.3 MB
Progress (2): 0.9/3.3 MB | 0.9/1.3 MB
Progress (2): 0.9/3.3 MB | 0.9/1.3 MB
Progress (2): 0.9/3.3 MB | 0.9/1.3 MB
Progress (2): 0.9/3.3 MB | 0.9/1.3 MB
Progress (2): 0.9/3.3 MB | 0.9/1.3 MB
Progress (2): 0.9/3.3 MB | 0.9/1.3 MB
Progress (2): 0.9/3.3 MB | 0.9/1.3 MB
Progress (2): 0.9/3.3 MB | 0.9/1.3 MB
Progress (2): 0.9/3.3 MB | 0.9/1.3 MB
Progress (2): 0.9/3.3 MB | 0.9/1.3 MB
Progress (2): 1.0/3.3 MB | 0.9/1.3 MB
Progress (2): 1.0/3.3 MB | 0.9/1.3 MB
Progress (2): 1.0/3.3 MB | 0.9/1.3 MB
Progress (2): 1.0/3.3 MB | 1.0/1.3 MB
Progress (2): 1.0/3.3 MB | 1.0/1.3 MB
Progress (2): 1.0/3.3 MB | 1.0/1.3 MB
Progress (2): 1.0/3.3 MB | 1.0/1.3 MB
Progress (2): 1.0/3.3 MB | 1.0/1.3 MB
Progress (2): 1.0/3.3 MB | 1.0/1.3 MB
Progress (2): 1.0/3.3 MB | 1.0/1.3 MB
Progress (2): 1.0/3.3 MB | 1.0/1.3 MB
Progress (2): 1.0/3.3 MB | 1.0/1.3 MB
Progress (2): 1.0/3.3 MB | 1.0/1.3 MB
Progress (2): 1.1/3.3 MB | 1.0/1.3 MB
Progress (2): 1.1/3.3 MB | 1.0/1.3 MB
Progress (2): 1.1/3.3 MB | 1.1/1.3 MB
Progress (2): 1.1/3.3 MB | 1.1/1.3 MB
Progress (2): 1.1/3.3 MB | 1.1/1.3 MB
Progress (2): 1.1/3.3 MB | 1.1/1.3 MB
Progress (2): 1.1/3.3 MB | 1.1/1.3 MB
Progress (2): 1.1/3.3 MB | 1.1/1.3 MB
Progress (2): 1.1/3.3 MB | 1.1/1.3 MB
Progress (3): 1.1/3.3 MB | 1.1/1.3 MB | 7.7/21 kB
Progress (3): 1.1/3.3 MB | 1.1/1.3 MB | 7.7/21 kB
Progress (3): 1.2/3.3 MB | 1.1/1.3 MB | 7.7/21 kB
Progress (3): 1.2/3.3 MB | 1.1/1.3 MB | 7.7/21 kB
Progress (3): 1.2/3.3 MB | 1.1/1.3 MB | 7.7/21 kB
Progress (3): 1.2/3.3 MB | 1.1/1.3 MB | 7.7/21 kB
Progress (3): 1.2/3.3 MB | 1.1/1.3 MB | 7.7/21 kB
Progress (3): 1.2/3.3 MB | 1.2/1.3 MB | 7.7/21 kB
Progress (3): 1.2/3.3 MB | 1.2/1.3 MB | 7.7/21 kB
Progress (3): 1.2/3.3 MB | 1.2/1.3 MB | 7.7/21 kB
Progress (3): 1.2/3.3 MB | 1.2/1.3 MB | 16/21 kB 
Progress (3): 1.2/3.3 MB | 1.2/1.3 MB | 16/21 kB
Progress (3): 1.2/3.3 MB | 1.2/1.3 MB | 21 kB   
Progress (3): 1.2/3.3 MB | 1.2/1.3 MB | 21 kB
Progress (3): 1.2/3.3 MB | 1.2/1.3 MB | 21 kB
Progress (3): 1.2/3.3 MB | 1.2/1.3 MB | 21 kB
Progress (3): 1.3/3.3 MB | 1.2/1.3 MB | 21 kB
Progress (3): 1.3/3.3 MB | 1.2/1.3 MB | 21 kB
Progress (3): 1.3/3.3 MB | 1.2/1.3 MB | 21 kB
Progress (3): 1.3/3.3 MB | 1.2/1.3 MB | 21 kB
Progress (3): 1.3/3.3 MB | 1.2/1.3 MB | 21 kB
Progress (3): 1.3/3.3 MB | 1.2/1.3 MB | 21 kB
Progress (3): 1.3/3.3 MB | 1.2/1.3 MB | 21 kB
Progress (3): 1.3/3.3 MB | 1.3/1.3 MB | 21 kB
Progress (3): 1.3/3.3 MB | 1.3/1.3 MB | 21 kB
Progress (3): 1.3/3.3 MB | 1.3/1.3 MB | 21 kB
Progress (3): 1.3/3.3 MB | 1.3/1.3 MB | 21 kB
Progress (3): 1.3/3.3 MB | 1.3/1.3 MB | 21 kB
Progress (3): 1.4/3.3 MB | 1.3/1.3 MB | 21 kB
Progress (3): 1.4/3.3 MB | 1.3/1.3 MB | 21 kB
Progress (3): 1.4/3.3 MB | 1.3/1.3 MB | 21 kB
Progress (3): 1.4/3.3 MB | 1.3 MB | 21 kB    
Progress (4): 1.4/3.3 MB | 1.3 MB | 21 kB | 7.7/78 kB
Progress (4): 1.4/3.3 MB | 1.3 MB | 21 kB | 7.7/78 kB
Progress (4): 1.4/3.3 MB | 1.3 MB | 21 kB | 7.7/78 kB
Progress (4): 1.4/3.3 MB | 1.3 MB | 21 kB | 7.7/78 kB
Progress (4): 1.4/3.3 MB | 1.3 MB | 21 kB | 7.7/78 kB
Progress (4): 1.4/3.3 MB | 1.3 MB | 21 kB | 8.2/78 kB
Progress (4): 1.4/3.3 MB | 1.3 MB | 21 kB | 8.2/78 kB
Progress (4): 1.5/3.3 MB | 1.3 MB | 21 kB | 8.2/78 kB
Progress (4): 1.5/3.3 MB | 1.3 MB | 21 kB | 8.2/78 kB
Progress (4): 1.5/3.3 MB | 1.3 MB | 21 kB | 25/78 kB 
Progress (4): 1.5/3.3 MB | 1.3 MB | 21 kB | 25/78 kB
Progress (4): 1.5/3.3 MB | 1.3 MB | 21 kB | 41/78 kB
Progress (4): 1.5/3.3 MB | 1.3 MB | 21 kB | 41/78 kB
Progress (4): 1.5/3.3 MB | 1.3 MB | 21 kB | 41/78 kB
Progress (4): 1.5/3.3 MB | 1.3 MB | 21 kB | 57/78 kB
Progress (4): 1.5/3.3 MB | 1.3 MB | 21 kB | 57/78 kB
Progress (4): 1.5/3.3 MB | 1.3 MB | 21 kB | 74/78 kB
Progress (4): 1.6/3.3 MB | 1.3 MB | 21 kB | 74/78 kB
Progress (4): 1.6/3.3 MB | 1.3 MB | 21 kB | 78 kB   
Progress (4): 1.6/3.3 MB | 1.3 MB | 21 kB | 78 kB
Progress (4): 1.6/3.3 MB | 1.3 MB | 21 kB | 78 kB
Progress (4): 1.6/3.3 MB | 1.3 MB | 21 kB | 78 kB
Progress (4): 1.6/3.3 MB | 1.3 MB | 21 kB | 78 kB
Progress (4): 1.6/3.3 MB | 1.3 MB | 21 kB | 78 kB
Progress (4): 1.7/3.3 MB | 1.3 MB | 21 kB | 78 kB
Progress (4): 1.7/3.3 MB | 1.3 MB | 21 kB | 78 kB
Progress (4): 1.7/3.3 MB | 1.3 MB | 21 kB | 78 kB
Progress (4): 1.7/3.3 MB | 1.3 MB | 21 kB | 78 kB
Progress (4): 1.7/3.3 MB | 1.3 MB | 21 kB | 78 kB
                                                 
Downloaded from central: https://repo1.maven.org/maven2/org/apache/yetus/audience-annotations/0.12.0/audience-annotations-0.12.0.jar (21 kB at 53 kB/s)
Downloading from central: https://repo1.maven.org/maven2/com/fasterxml/jackson/core/jackson-databind/2.16.1/jackson-databind-2.16.1.jar
Progress (3): 1.7/3.3 MB | 1.3 MB | 78 kB
Progress (3): 1.8/3.3 MB | 1.3 MB | 78 kB
Progress (3): 1.8/3.3 MB | 1.3 MB | 78 kB
Progress (3): 1.8/3.3 MB | 1.3 MB | 78 kB
Progress (3): 1.8/3.3 MB | 1.3 MB | 78 kB
Progress (3): 1.8/3.3 MB | 1.3 MB | 78 kB
Progress (3): 1.8/3.3 MB | 1.3 MB | 78 kB
Progress (3): 1.9/3.3 MB | 1.3 MB | 78 kB
Progress (3): 1.9/3.3 MB | 1.3 MB | 78 kB
Progress (3): 1.9/3.3 MB | 1.3 MB | 78 kB
Progress (4): 1.9/3.3 MB | 1.3 MB | 78 kB | 16/578 kB
Progress (4): 1.9/3.3 MB | 1.3 MB | 78 kB | 16/578 kB
Progress (4): 1.9/3.3 MB | 1.3 MB | 78 kB | 33/578 kB
Progress (4): 1.9/3.3 MB | 1.3 MB | 78 kB | 33/578 kB
Progress (4): 1.9/3.3 MB | 1.3 MB | 78 kB | 49/578 kB
Progress (4): 1.9/3.3 MB | 1.3 MB | 78 kB | 49/578 kB
Progress (4): 2.0/3.3 MB | 1.3 MB | 78 kB | 49/578 kB
Progress (4): 2.0/3.3 MB | 1.3 MB | 78 kB | 66/578 kB
Progress (4): 2.0/3.3 MB | 1.3 MB | 78 kB | 82/578 kB
Progress (4): 2.0/3.3 MB | 1.3 MB | 78 kB | 82/578 kB
Progress (4): 2.0/3.3 MB | 1.3 MB | 78 kB | 82/578 kB
Progress (4): 2.0/3.3 MB | 1.3 MB | 78 kB | 98/578 kB
Progress (4): 2.0/3.3 MB | 1.3 MB | 78 kB | 98/578 kB
                                                     
Downloaded from central: https://repo1.maven.org/maven2/com/fasterxml/jackson/core/jackson-annotations/2.16.1/jackson-annotations-2.16.1.jar (78 kB at 197 kB/s)
Progress (3): 2.0/3.3 MB | 1.3 MB | 115/578 kB
                                              
Downloading from central: https://repo1.maven.org/maven2/org/slf4j/jul-to-slf4j/1.7.30/jul-to-slf4j-1.7.30.jar
Progress (3): 2.0/3.3 MB | 1.3 MB | 115/578 kB
Progress (3): 2.0/3.3 MB | 1.3 MB | 115/578 kB
Progress (3): 2.0/3.3 MB | 1.3 MB | 131/578 kB
Progress (3): 2.0/3.3 MB | 1.3 MB | 147/578 kB
Progress (3): 2.1/3.3 MB | 1.3 MB | 147/578 kB
Progress (3): 2.1/3.3 MB | 1.3 MB | 164/578 kB
Progress (3): 2.1/3.3 MB | 1.3 MB | 164/578 kB
Progress (3): 2.1/3.3 MB | 1.3 MB | 180/578 kB
Progress (3): 2.1/3.3 MB | 1.3 MB | 180/578 kB
Progress (3): 2.1/3.3 MB | 1.3 MB | 197/578 kB
Progress (3): 2.1/3.3 MB | 1.3 MB | 197/578 kB
Progress (3): 2.1/3.3 MB | 1.3 MB | 213/578 kB
Progress (3): 2.1/3.3 MB | 1.3 MB | 213/578 kB
Progress (3): 2.1/3.3 MB | 1.3 MB | 229/578 kB
Progress (3): 2.1/3.3 MB | 1.3 MB | 229/578 kB
Progress (3): 2.1/3.3 MB | 1.3 MB | 246/578 kB
Progress (3): 2.1/3.3 MB | 1.3 MB | 246/578 kB
Progress (3): 2.1/3.3 MB | 1.3 MB | 262/578 kB
                                              
Downloaded from central: https://repo1.maven.org/maven2/org/apache/zookeeper/zookeeper/3.8.4/zookeeper-3.8.4.jar (1.3 MB at 3.3 MB/s)
Downloading from central: https://repo1.maven.org/maven2/org/apache/hive/hive-jdbc/4.3.0-SNAPSHOT/hive-jdbc-4.3.0-SNAPSHOT.jar
Progress (2): 2.2/3.3 MB | 262/578 kB
Progress (2): 2.2/3.3 MB | 279/578 kB
Progress (2): 2.2/3.3 MB | 279/578 kB
Progress (2): 2.2/3.3 MB | 295/578 kB
Progress (2): 2.2/3.3 MB | 295/578 kB
Progress (2): 2.2/3.3 MB | 295/578 kB
Progress (2): 2.2/3.3 MB | 311/578 kB
Progress (2): 2.2/3.3 MB | 311/578 kB
Progress (2): 2.2/3.3 MB | 328/578 kB
Progress (2): 2.2/3.3 MB | 344/578 kB
Progress (2): 2.2/3.3 MB | 344/578 kB
Progress (2): 2.2/3.3 MB | 360/578 kB
Progress (2): 2.3/3.3 MB | 360/578 kB
Progress (2): 2.3/3.3 MB | 377/578 kB
Progress (2): 2.3/3.3 MB | 377/578 kB
Progress (2): 2.3/3.3 MB | 377/578 kB
Progress (2): 2.3/3.3 MB | 377/578 kB
Progress (2): 2.3/3.3 MB | 377/578 kB
Progress (2): 2.3/3.3 MB | 393/578 kB
Progress (2): 2.3/3.3 MB | 393/578 kB
Progress (2): 2.3/3.3 MB | 410/578 kB
Progress (2): 2.4/3.3 MB | 410/578 kB
Progress (2): 2.4/3.3 MB | 426/578 kB
Progress (2): 2.4/3.3 MB | 426/578 kB
Progress (2): 2.4/3.3 MB | 426/578 kB
Progress (2): 2.4/3.3 MB | 426/578 kB
Progress (2): 2.4/3.3 MB | 426/578 kB
Progress (2): 2.4/3.3 MB | 442/578 kB
Progress (2): 2.4/3.3 MB | 459/578 kB
Progress (2): 2.4/3.3 MB | 459/578 kB
Progress (2): 2.4/3.3 MB | 475/578 kB
Progress (2): 2.4/3.3 MB | 475/578 kB
Progress (2): 2.4/3.3 MB | 492/578 kB
Progress (2): 2.5/3.3 MB | 492/578 kB
Progress (2): 2.5/3.3 MB | 492/578 kB
Progress (2): 2.5/3.3 MB | 492/578 kB
Progress (2): 2.5/3.3 MB | 508/578 kB
Progress (2): 2.5/3.3 MB | 508/578 kB
Progress (2): 2.5/3.3 MB | 524/578 kB
Progress (2): 2.5/3.3 MB | 524/578 kB
Progress (2): 2.5/3.3 MB | 541/578 kB
Progress (2): 2.5/3.3 MB | 541/578 kB
Progress (2): 2.6/3.3 MB | 541/578 kB
Progress (2): 2.6/3.3 MB | 557/578 kB
Progress (2): 2.6/3.3 MB | 557/578 kB
Progress (2): 2.6/3.3 MB | 557/578 kB
Progress (2): 2.6/3.3 MB | 573/578 kB
Progress (2): 2.6/3.3 MB | 573/578 kB
Progress (2): 2.6/3.3 MB | 578 kB    
Progress (2): 2.6/3.3 MB | 578 kB
Progress (2): 2.6/3.3 MB | 578 kB
Progress (2): 2.6/3.3 MB | 578 kB
Progress (2): 2.7/3.3 MB | 578 kB
Progress (2): 2.7/3.3 MB | 578 kB
Progress (2): 2.7/3.3 MB | 578 kB
Progress (2): 2.7/3.3 MB | 578 kB
Progress (2): 2.7/3.3 MB | 578 kB
Progress (2): 2.7/3.3 MB | 578 kB
Progress (2): 2.8/3.3 MB | 578 kB
Progress (2): 2.8/3.3 MB | 578 kB
Progress (2): 2.8/3.3 MB | 578 kB
Progress (2): 2.8/3.3 MB | 578 kB
Progress (2): 2.8/3.3 MB | 578 kB
Progress (2): 2.8/3.3 MB | 578 kB
Progress (2): 2.9/3.3 MB | 578 kB
Progress (2): 2.9/3.3 MB | 578 kB
Progress (2): 2.9/3.3 MB | 578 kB
Progress (2): 2.9/3.3 MB | 578 kB
Progress (2): 2.9/3.3 MB | 578 kB
Progress (2): 2.9/3.3 MB | 578 kB
Progress (2): 3.0/3.3 MB | 578 kB
Progress (2): 3.0/3.3 MB | 578 kB
Progress (2): 3.0/3.3 MB | 578 kB
Progress (2): 3.0/3.3 MB | 578 kB
Progress (2): 3.0/3.3 MB | 578 kB
Progress (2): 3.0/3.3 MB | 578 kB
Progress (2): 3.1/3.3 MB | 578 kB
Progress (2): 3.1/3.3 MB | 578 kB
Progress (3): 3.1/3.3 MB | 578 kB | 0/1.6 MB
Progress (3): 3.1/3.3 MB | 578 kB | 0/1.6 MB
Progress (3): 3.1/3.3 MB | 578 kB | 0/1.6 MB
Progress (3): 3.1/3.3 MB | 578 kB | 0/1.6 MB
Progress (3): 3.1/3.3 MB | 578 kB | 0/1.6 MB
Progress (3): 3.1/3.3 MB | 578 kB | 0/1.6 MB
Progress (3): 3.2/3.3 MB | 578 kB | 0/1.6 MB
Progress (3): 3.2/3.3 MB | 578 kB | 0/1.6 MB
                                            
Downloaded from central: https://repo1.maven.org/maven2/com/fasterxml/jackson/core/jackson-core/2.16.1/jackson-core-2.16.1.jar (578 kB at 1.3 MB/s)
Progress (2): 3.2/3.3 MB | 0/1.6 MB
                                   
Downloading from central: https://repo1.maven.org/maven2/org/apache/hadoop/hadoop-auth/3.4.2/hadoop-auth-3.4.2.jar
Progress (2): 3.2/3.3 MB | 0/1.6 MB
Progress (2): 3.2/3.3 MB | 0/1.6 MB
Progress (2): 3.2/3.3 MB | 0.1/1.6 MB
Progress (2): 3.2/3.3 MB | 0.1/1.6 MB
Progress (2): 3.2/3.3 MB | 0.1/1.6 MB
Progress (2): 3.2/3.3 MB | 0.1/1.6 MB
Progress (2): 3.2/3.3 MB | 0.1/1.6 MB
Progress (2): 3.2/3.3 MB | 0.1/1.6 MB
Progress (2): 3.3/3.3 MB | 0.1/1.6 MB
Progress (2): 3.3/3.3 MB | 0.1/1.6 MB
Progress (2): 3.3/3.3 MB | 0.1/1.6 MB
Progress (2): 3.3/3.3 MB | 0.1/1.6 MB
Progress (2): 3.3 MB | 0.1/1.6 MB    
Progress (2): 3.3 MB | 0.1/1.6 MB
Progress (2): 3.3 MB | 0.2/1.6 MB
Progress (2): 3.3 MB | 0.2/1.6 MB
Progress (2): 3.3 MB | 0.2/1.6 MB
Progress (2): 3.3 MB | 0.2/1.6 MB
Progress (2): 3.3 MB | 0.2/1.6 MB
Progress (2): 3.3 MB | 0.2/1.6 MB
Progress (2): 3.3 MB | 0.2/1.6 MB
Progress (2): 3.3 MB | 0.3/1.6 MB
Progress (2): 3.3 MB | 0.3/1.6 MB
Progress (3): 3.3 MB | 0.3/1.6 MB | 4.6 kB
Progress (3): 3.3 MB | 0.3/1.6 MB | 4.6 kB
Progress (3): 3.3 MB | 0.3/1.6 MB | 4.6 kB
Progress (3): 3.3 MB | 0.3/1.6 MB | 4.6 kB
Progress (3): 3.3 MB | 0.3/1.6 MB | 4.6 kB
Progress (3): 3.3 MB | 0.4/1.6 MB | 4.6 kB
Progress (3): 3.3 MB | 0.4/1.6 MB | 4.6 kB
Progress (3): 3.3 MB | 0.4/1.6 MB | 4.6 kB
Progress (3): 3.3 MB | 0.4/1.6 MB | 4.6 kB
Progress (3): 3.3 MB | 0.4/1.6 MB | 4.6 kB
Progress (3): 3.3 MB | 0.4/1.6 MB | 4.6 kB
Progress (3): 3.3 MB | 0.4/1.6 MB | 4.6 kB
Progress (3): 3.3 MB | 0.4/1.6 MB | 4.6 kB
Progress (3): 3.3 MB | 0.5/1.6 MB | 4.6 kB
Progress (3): 3.3 MB | 0.5/1.6 MB | 4.6 kB
Progress (3): 3.3 MB | 0.5/1.6 MB | 4.6 kB
Progress (3): 3.3 MB | 0.5/1.6 MB | 4.6 kB
Progress (3): 3.3 MB | 0.5/1.6 MB | 4.6 kB
Progress (3): 3.3 MB | 0.5/1.6 MB | 4.6 kB
Progress (3): 3.3 MB | 0.5/1.6 MB | 4.6 kB
Progress (3): 3.3 MB | 0.6/1.6 MB | 4.6 kB
Progress (3): 3.3 MB | 0.6/1.6 MB | 4.6 kB
Progress (3): 3.3 MB | 0.6/1.6 MB | 4.6 kB
                                          
Downloaded from central: https://repo1.maven.org/maven2/org/slf4j/jul-to-slf4j/1.7.30/jul-to-slf4j-1.7.30.jar (4.6 kB at 10 kB/s)
Downloading from central: https://repo1.maven.org/maven2/org/apache/httpcomponents/httpcore/4.4.13/httpcore-4.4.13.jar
Progress (2): 3.3 MB | 0.6/1.6 MB
Progress (2): 3.3 MB | 0.6/1.6 MB
Progress (2): 3.3 MB | 0.6/1.6 MB
Progress (2): 3.3 MB | 0.7/1.6 MB
Progress (2): 3.3 MB | 0.7/1.6 MB
Progress (2): 3.3 MB | 0.7/1.6 MB
Progress (2): 3.3 MB | 0.7/1.6 MB
Progress (2): 3.3 MB | 0.7/1.6 MB
Progress (2): 3.3 MB | 0.7/1.6 MB
Progress (2): 3.3 MB | 0.8/1.6 MB
Progress (2): 3.3 MB | 0.8/1.6 MB
Progress (2): 3.3 MB | 0.8/1.6 MB
Progress (2): 3.3 MB | 0.8/1.6 MB
Progress (2): 3.3 MB | 0.8/1.6 MB
Progress (2): 3.3 MB | 0.8/1.6 MB
Progress (2): 3.3 MB | 0.9/1.6 MB
Progress (2): 3.3 MB | 0.9/1.6 MB
Progress (2): 3.3 MB | 0.9/1.6 MB
Progress (2): 3.3 MB | 0.9/1.6 MB
Progress (2): 3.3 MB | 0.9/1.6 MB
Progress (2): 3.3 MB | 0.9/1.6 MB
Progress (2): 3.3 MB | 0.9/1.6 MB
Progress (2): 3.3 MB | 1.0/1.6 MB
Progress (2): 3.3 MB | 1.0/1.6 MB
Progress (2): 3.3 MB | 1.0/1.6 MB
Progress (2): 3.3 MB | 1.0/1.6 MB
Progress (2): 3.3 MB | 1.0/1.6 MB
Progress (2): 3.3 MB | 1.0/1.6 MB
Progress (2): 3.3 MB | 1.1/1.6 MB
Progress (2): 3.3 MB | 1.1/1.6 MB
Progress (2): 3.3 MB | 1.1/1.6 MB
Progress (2): 3.3 MB | 1.1/1.6 MB
Progress (2): 3.3 MB | 1.1/1.6 MB
Progress (2): 3.3 MB | 1.1/1.6 MB
Progress (2): 3.3 MB | 1.2/1.6 MB
Progress (2): 3.3 MB | 1.2/1.6 MB
Progress (2): 3.3 MB | 1.2/1.6 MB
Progress (2): 3.3 MB | 1.2/1.6 MB
Progress (2): 3.3 MB | 1.2/1.6 MB
Progress (2): 3.3 MB | 1.2/1.6 MB
Progress (3): 3.3 MB | 1.2/1.6 MB | 7.7/110 kB
Progress (3): 3.3 MB | 1.2/1.6 MB | 7.7/110 kB
Progress (3): 3.3 MB | 1.3/1.6 MB | 7.7/110 kB
                                              
Downloaded from central: https://repo1.maven.org/maven2/org/apache/curator/curator-client/5.7.1/curator-client-5.7.1.jar (3.3 MB at 7.1 MB/s)
Downloading from central: https://repo1.maven.org/maven2/org/apache/kerby/kerb-core/2.0.3/kerb-core-2.0.3.jar
Progress (2): 1.3/1.6 MB | 7.7/110 kB
Progress (2): 1.3/1.6 MB | 7.7/110 kB
Progress (2): 1.3/1.6 MB | 12/110 kB 
Progress (2): 1.3/1.6 MB | 12/110 kB
Progress (2): 1.3/1.6 MB | 29/110 kB
Progress (2): 1.3/1.6 MB | 29/110 kB
Progress (2): 1.3/1.6 MB | 45/110 kB
Progress (2): 1.3/1.6 MB | 45/110 kB
Progress (2): 1.3/1.6 MB | 61/110 kB
Progress (2): 1.4/1.6 MB | 61/110 kB
Progress (2): 1.4/1.6 MB | 78/110 kB
Progress (2): 1.4/1.6 MB | 78/110 kB
Progress (2): 1.4/1.6 MB | 94/110 kB
Progress (2): 1.4/1.6 MB | 94/110 kB
Progress (2): 1.4/1.6 MB | 110 kB   
Progress (2): 1.4/1.6 MB | 110 kB
Progress (2): 1.4/1.6 MB | 110 kB
Progress (2): 1.4/1.6 MB | 110 kB
Progress (2): 1.5/1.6 MB | 110 kB
Progress (2): 1.5/1.6 MB | 110 kB
Progress (2): 1.5/1.6 MB | 110 kB
Progress (2): 1.5/1.6 MB | 110 kB
Progress (2): 1.5/1.6 MB | 110 kB
Progress (2): 1.5/1.6 MB | 110 kB
Progress (2): 1.6/1.6 MB | 110 kB
Progress (2): 1.6/1.6 MB | 110 kB
Progress (2): 1.6/1.6 MB | 110 kB
Progress (2): 1.6/1.6 MB | 110 kB
Progress (2): 1.6/1.6 MB | 110 kB
Progress (2): 1.6/1.6 MB | 110 kB
Progress (2): 1.6 MB | 110 kB    
                             
Downloaded from central: https://repo1.maven.org/maven2/org/apache/hadoop/hadoop-auth/3.4.2/hadoop-auth-3.4.2.jar (110 kB at 230 kB/s)
Downloading from central: https://repo1.maven.org/maven2/org/apache/kerby/kerby-pkix/2.0.3/kerby-pkix-2.0.3.jar
Progress (2): 1.6 MB | 7.7/329 kB
Progress (2): 1.6 MB | 16/329 kB 
Progress (2): 1.6 MB | 32/329 kB
Progress (2): 1.6 MB | 49/329 kB
Progress (2): 1.6 MB | 65/329 kB
Progress (2): 1.6 MB | 81/329 kB
Progress (2): 1.6 MB | 98/329 kB
Progress (2): 1.6 MB | 114/329 kB
Progress (2): 1.6 MB | 131/329 kB
Progress (2): 1.6 MB | 147/329 kB
Progress (2): 1.6 MB | 163/329 kB
Progress (2): 1.6 MB | 180/329 kB
Progress (2): 1.6 MB | 196/329 kB
Progress (2): 1.6 MB | 213/329 kB
Progress (2): 1.6 MB | 229/329 kB
Progress (2): 1.6 MB | 245/329 kB
Progress (2): 1.6 MB | 262/329 kB
Progress (2): 1.6 MB | 278/329 kB
Progress (2): 1.6 MB | 294/329 kB
Progress (2): 1.6 MB | 311/329 kB
Progress (2): 1.6 MB | 327/329 kB
Progress (2): 1.6 MB | 329 kB    
                             
Downloaded from central: https://repo1.maven.org/maven2/com/fasterxml/jackson/core/jackson-databind/2.16.1/jackson-databind-2.16.1.jar (1.6 MB at 3.3 MB/s)
Downloading from central: https://repo1.maven.org/maven2/org/apache/kerby/kerby-asn1/2.0.3/kerby-asn1-2.0.3.jar
Progress (2): 329 kB | 7.7/223 kB
Progress (2): 329 kB | 16/223 kB 
Progress (2): 329 kB | 32/223 kB
Progress (2): 329 kB | 49/223 kB
Progress (2): 329 kB | 65/223 kB
Progress (2): 329 kB | 81/223 kB
Progress (2): 329 kB | 98/223 kB
Progress (2): 329 kB | 114/223 kB
Progress (2): 329 kB | 131/223 kB
Progress (2): 329 kB | 147/223 kB
Progress (2): 329 kB | 163/223 kB
Progress (2): 329 kB | 180/223 kB
Progress (2): 329 kB | 196/223 kB
Progress (2): 329 kB | 213/223 kB
Progress (2): 329 kB | 223 kB    
                             
Downloaded from central: https://repo1.maven.org/maven2/org/apache/httpcomponents/httpcore/4.4.13/httpcore-4.4.13.jar (329 kB at 647 kB/s)
Downloading from central: https://repo1.maven.org/maven2/org/apache/kerby/kerby-util/2.0.3/kerby-util-2.0.3.jar
Progress (2): 223 kB | 7.7/201 kB
Progress (2): 223 kB | 8.2/201 kB
                                 
Downloaded from central: https://repo1.maven.org/maven2/org/apache/kerby/kerb-core/2.0.3/kerb-core-2.0.3.jar (223 kB at 432 kB/s)
Downloading from central: https://repo1.maven.org/maven2/org/apache/kerby/kerb-util/2.0.3/kerb-util-2.0.3.jar
Progress (1): 16/201 kB
Progress (1): 33/201 kB
Progress (1): 49/201 kB
Progress (1): 66/201 kB
Progress (1): 82/201 kB
Progress (1): 98/201 kB
Progress (1): 115/201 kB
Progress (1): 131/201 kB
Progress (1): 147/201 kB
Progress (1): 164/201 kB
Progress (1): 180/201 kB
Progress (1): 197/201 kB
Progress (1): 201 kB    
Progress (2): 201 kB | 8.2/100 kB
Progress (2): 201 kB | 16/100 kB 
Progress (2): 201 kB | 33/100 kB
Progress (2): 201 kB | 49/100 kB
Progress (2): 201 kB | 57/100 kB
Progress (2): 201 kB | 74/100 kB
                                
Downloaded from central: https://repo1.maven.org/maven2/org/apache/kerby/kerby-pkix/2.0.3/kerby-pkix-2.0.3.jar (201 kB at 376 kB/s)
Downloading from central: https://repo1.maven.org/maven2/org/apache/kerby/kerby-config/2.0.3/kerby-config-2.0.3.jar
Progress (1): 82/100 kB
Progress (1): 98/100 kB
Progress (1): 100 kB   
                    
Downloaded from central: https://repo1.maven.org/maven2/org/apache/kerby/kerby-asn1/2.0.3/kerby-asn1-2.0.3.jar (100 kB at 184 kB/s)
Downloading from central: https://repo1.maven.org/maven2/org/apache/kerby/kerb-crypto/2.0.3/kerb-crypto-2.0.3.jar
Progress (1): 7.7/36 kB
Progress (1): 16/36 kB 
Progress (1): 25/36 kB
Progress (1): 36 kB   
Progress (2): 36 kB | 7.7/41 kB
Progress (2): 36 kB | 16/41 kB 
Progress (2): 36 kB | 32/41 kB
Progress (2): 36 kB | 41 kB   
                           
Downloaded from central: https://repo1.maven.org/maven2/org/apache/kerby/kerb-util/2.0.3/kerb-util-2.0.3.jar (36 kB at 65 kB/s)
Downloading from central: https://repo1.maven.org/maven2/org/apache/hadoop/thirdparty/hadoop-shaded-guava/1.4.0/hadoop-shaded-guava-1.4.0.jar
Progress (2): 41 kB | 7.7/30 kB
Progress (2): 41 kB | 16/30 kB 
Progress (2): 41 kB | 30 kB   
                           
Downloaded from central: https://repo1.maven.org/maven2/org/apache/kerby/kerby-util/2.0.3/kerby-util-2.0.3.jar (41 kB at 72 kB/s)
Downloading from central: https://repo1.maven.org/maven2/org/apache/hadoop/hadoop-common/3.4.2/hadoop-common-3.4.2.jar
Progress (2): 30 kB | 7.7/115 kB
Progress (2): 30 kB | 16/115 kB 
Progress (2): 30 kB | 32/115 kB
Progress (2): 30 kB | 49/115 kB
Progress (2): 30 kB | 65/115 kB
Progress (2): 30 kB | 81/115 kB
Progress (2): 30 kB | 98/115 kB
Progress (2): 30 kB | 114/115 kB
Progress (2): 30 kB | 115 kB    
                            
Downloaded from central: https://repo1.maven.org/maven2/org/apache/kerby/kerby-config/2.0.3/kerby-config-2.0.3.jar (30 kB at 52 kB/s)
Downloading from central: https://repo1.maven.org/maven2/org/apache/hadoop/thirdparty/hadoop-shaded-protobuf_3_25/1.4.0/hadoop-shaded-protobuf_3_25-1.4.0.jar
Downloaded from central: https://repo1.maven.org/maven2/org/apache/kerby/kerb-crypto/2.0.3/kerb-crypto-2.0.3.jar (115 kB at 194 kB/s)
Downloading from central: https://repo1.maven.org/maven2/org/apache/hadoop/hadoop-annotations/3.4.2/hadoop-annotations-3.4.2.jar
Progress (1): 0/3.5 MB
Progress (1): 0/3.5 MB
Progress (1): 0/3.5 MB
Progress (1): 0/3.5 MB
Progress (1): 0.1/3.5 MB
Progress (1): 0.1/3.5 MB
Progress (1): 0.1/3.5 MB
Progress (1): 0.1/3.5 MB
Progress (1): 0.1/3.5 MB
Progress (1): 0.1/3.5 MB
Progress (1): 0.2/3.5 MB
Progress (1): 0.2/3.5 MB
Progress (1): 0.2/3.5 MB
Progress (1): 0.2/3.5 MB
Progress (1): 0.2/3.5 MB
Progress (1): 0.2/3.5 MB
Progress (1): 0.3/3.5 MB
Progress (1): 0.3/3.5 MB
Progress (1): 0.3/3.5 MB
Progress (1): 0.3/3.5 MB
Progress (1): 0.3/3.5 MB
Progress (1): 0.3/3.5 MB
Progress (1): 0.4/3.5 MB
Progress (1): 0.4/3.5 MB
Progress (1): 0.4/3.5 MB
Progress (1): 0.4/3.5 MB
Progress (1): 0.4/3.5 MB
Progress (1): 0.4/3.5 MB
Progress (1): 0.5/3.5 MB
Progress (1): 0.5/3.5 MB
Progress (1): 0.5/3.5 MB
Progress (1): 0.5/3.5 MB
Progress (1): 0.5/3.5 MB
Progress (1): 0.5/3.5 MB
Progress (1): 0.6/3.5 MB
Progress (1): 0.6/3.5 MB
Progress (1): 0.6/3.5 MB
Progress (1): 0.6/3.5 MB
Progress (1): 0.6/3.5 MB
Progress (1): 0.6/3.5 MB
Progress (1): 0.7/3.5 MB
Progress (1): 0.7/3.5 MB
Progress (1): 0.7/3.5 MB
Progress (1): 0.7/3.5 MB
Progress (1): 0.7/3.5 MB
Progress (1): 0.7/3.5 MB
Progress (1): 0.8/3.5 MB
Progress (1): 0.8/3.5 MB
Progress (1): 0.8/3.5 MB
Progress (1): 0.8/3.5 MB
Progress (1): 0.8/3.5 MB
Progress (1): 0.8/3.5 MB
Progress (1): 0.9/3.5 MB
Progress (1): 0.9/3.5 MB
Progress (1): 0.9/3.5 MB
Progress (1): 0.9/3.5 MB
Progress (1): 0.9/3.5 MB
Progress (1): 0.9/3.5 MB
Progress (1): 0.9/3.5 MB
Progress (1): 1.0/3.5 MB
Progress (1): 1.0/3.5 MB
Progress (1): 1.0/3.5 MB
Progress (1): 1.0/3.5 MB
Progress (1): 1.0/3.5 MB
Progress (1): 1.0/3.5 MB
Progress (1): 1.1/3.5 MB
Progress (1): 1.1/3.5 MB
Progress (1): 1.1/3.5 MB
Progress (1): 1.1/3.5 MB
Progress (1): 1.1/3.5 MB
Progress (1): 1.1/3.5 MB
Progress (1): 1.2/3.5 MB
Progress (1): 1.2/3.5 MB
Progress (1): 1.2/3.5 MB
Progress (1): 1.2/3.5 MB
Progress (1): 1.2/3.5 MB
Progress (1): 1.2/3.5 MB
Progress (1): 1.3/3.5 MB
Progress (1): 1.3/3.5 MB
Progress (1): 1.3/3.5 MB
Progress (1): 1.3/3.5 MB
Progress (1): 1.3/3.5 MB
Progress (1): 1.3/3.5 MB
Progress (1): 1.4/3.5 MB
Progress (1): 1.4/3.5 MB
Progress (1): 1.4/3.5 MB
Progress (1): 1.4/3.5 MB
Progress (1): 1.4/3.5 MB
Progress (1): 1.4/3.5 MB
Progress (1): 1.5/3.5 MB
Progress (1): 1.5/3.5 MB
Progress (1): 1.5/3.5 MB
Progress (1): 1.5/3.5 MB
Progress (1): 1.5/3.5 MB
Progress (1): 1.5/3.5 MB
Progress (1): 1.6/3.5 MB
Progress (1): 1.6/3.5 MB
Progress (1): 1.6/3.5 MB
Progress (1): 1.6/3.5 MB
Progress (1): 1.6/3.5 MB
Progress (1): 1.6/3.5 MB
Progress (1): 1.7/3.5 MB
Progress (1): 1.7/3.5 MB
Progress (1): 1.7/3.5 MB
Progress (1): 1.7/3.5 MB
Progress (1): 1.7/3.5 MB
Progress (1): 1.7/3.5 MB
Progress (1): 1.8/3.5 MB
Progress (1): 1.8/3.5 MB
Progress (1): 1.8/3.5 MB
Progress (1): 1.8/3.5 MB
Progress (1): 1.8/3.5 MB
Progress (1): 1.8/3.5 MB
Progress (1): 1.9/3.5 MB
Progress (1): 1.9/3.5 MB
Progress (1): 1.9/3.5 MB
Progress (1): 1.9/3.5 MB
Progress (1): 1.9/3.5 MB
Progress (1): 1.9/3.5 MB
Progress (1): 1.9/3.5 MB
Progress (1): 2.0/3.5 MB
Progress (1): 2.0/3.5 MB
Progress (1): 2.0/3.5 MB
Progress (2): 2.0/3.5 MB | 0/4.7 MB
Progress (2): 2.0/3.5 MB | 0/4.7 MB
Progress (2): 2.0/3.5 MB | 0/4.7 MB
Progress (2): 2.0/3.5 MB | 0/4.7 MB
Progress (2): 2.1/3.5 MB | 0/4.7 MB
Progress (2): 2.1/3.5 MB | 0/4.7 MB
Progress (2): 2.1/3.5 MB | 0/4.7 MB
Progress (2): 2.1/3.5 MB | 0/4.7 MB
Progress (2): 2.1/3.5 MB | 0/4.7 MB
Progress (2): 2.1/3.5 MB | 0/4.7 MB
Progress (2): 2.1/3.5 MB | 0/4.7 MB
Progress (2): 2.1/3.5 MB | 0/4.7 MB
Progress (2): 2.1/3.5 MB | 0.1/4.7 MB
Progress (2): 2.1/3.5 MB | 0.1/4.7 MB
Progress (2): 2.1/3.5 MB | 0.1/4.7 MB
Progress (2): 2.1/3.5 MB | 0.1/4.7 MB
Progress (2): 2.2/3.5 MB | 0.1/4.7 MB
Progress (2): 2.2/3.5 MB | 0.1/4.7 MB
Progress (2): 2.2/3.5 MB | 0.1/4.7 MB
Progress (2): 2.2/3.5 MB | 0.1/4.7 MB
Progress (2): 2.2/3.5 MB | 0.1/4.7 MB
Progress (2): 2.2/3.5 MB | 0.1/4.7 MB
Progress (2): 2.2/3.5 MB | 0.1/4.7 MB
Progress (2): 2.2/3.5 MB | 0.1/4.7 MB
Progress (2): 2.2/3.5 MB | 0.2/4.7 MB
Progress (2): 2.2/3.5 MB | 0.2/4.7 MB
Progress (2): 2.2/3.5 MB | 0.2/4.7 MB
Progress (2): 2.2/3.5 MB | 0.2/4.7 MB
Progress (2): 2.2/3.5 MB | 0.2/4.7 MB
Progress (2): 2.2/3.5 MB | 0.2/4.7 MB
Progress (2): 2.3/3.5 MB | 0.2/4.7 MB
Progress (2): 2.3/3.5 MB | 0.2/4.7 MB
Progress (2): 2.3/3.5 MB | 0.3/4.7 MB
Progress (2): 2.3/3.5 MB | 0.3/4.7 MB
Progress (2): 2.3/3.5 MB | 0.3/4.7 MB
Progress (2): 2.3/3.5 MB | 0.3/4.7 MB
Progress (2): 2.3/3.5 MB | 0.3/4.7 MB
Progress (2): 2.3/3.5 MB | 0.3/4.7 MB
Progress (2): 2.3/3.5 MB | 0.3/4.7 MB
Progress (2): 2.3/3.5 MB | 0.3/4.7 MB
Progress (2): 2.3/3.5 MB | 0.3/4.7 MB
Progress (2): 2.3/3.5 MB | 0.3/4.7 MB
Progress (2): 2.3/3.5 MB | 0.4/4.7 MB
Progress (2): 2.3/3.5 MB | 0.4/4.7 MB
Progress (2): 2.3/3.5 MB | 0.4/4.7 MB
Progress (2): 2.3/3.5 MB | 0.4/4.7 MB
Progress (2): 2.4/3.5 MB | 0.4/4.7 MB
Progress (2): 2.4/3.5 MB | 0.4/4.7 MB
Progress (2): 2.4/3.5 MB | 0.4/4.7 MB
Progress (2): 2.4/3.5 MB | 0.4/4.7 MB
Progress (2): 2.4/3.5 MB | 0.4/4.7 MB
Progress (2): 2.4/3.5 MB | 0.4/4.7 MB
Progress (2): 2.4/3.5 MB | 0.4/4.7 MB
Progress (2): 2.4/3.5 MB | 0.4/4.7 MB
Progress (2): 2.4/3.5 MB | 0.4/4.7 MB
Progress (2): 2.4/3.5 MB | 0.5/4.7 MB
Progress (2): 2.5/3.5 MB | 0.5/4.7 MB
Progress (2): 2.5/3.5 MB | 0.5/4.7 MB
Progress (2): 2.5/3.5 MB | 0.5/4.7 MB
Progress (2): 2.5/3.5 MB | 0.5/4.7 MB
Progress (2): 2.5/3.5 MB | 0.5/4.7 MB
Progress (2): 2.5/3.5 MB | 0.5/4.7 MB
Progress (2): 2.5/3.5 MB | 0.5/4.7 MB
Progress (2): 2.5/3.5 MB | 0.5/4.7 MB
Progress (2): 2.5/3.5 MB | 0.5/4.7 MB
Progress (2): 2.5/3.5 MB | 0.6/4.7 MB
Progress (2): 2.5/3.5 MB | 0.6/4.7 MB
Progress (2): 2.5/3.5 MB | 0.6/4.7 MB
Progress (2): 2.5/3.5 MB | 0.6/4.7 MB
Progress (2): 2.5/3.5 MB | 0.6/4.7 MB
Progress (2): 2.5/3.5 MB | 0.6/4.7 MB
Progress (2): 2.5/3.5 MB | 0.7/4.7 MB
Progress (2): 2.5/3.5 MB | 0.7/4.7 MB
Progress (2): 2.5/3.5 MB | 0.7/4.7 MB
Progress (2): 2.5/3.5 MB | 0.7/4.7 MB
Progress (3): 2.5/3.5 MB | 0.7/4.7 MB | 0/2.0 MB
Progress (3): 2.5/3.5 MB | 0.7/4.7 MB | 0/2.0 MB
Progress (3): 2.5/3.5 MB | 0.7/4.7 MB | 0/2.0 MB
Progress (3): 2.5/3.5 MB | 0.8/4.7 MB | 0/2.0 MB
Progress (3): 2.5/3.5 MB | 0.8/4.7 MB | 0/2.0 MB
Progress (3): 2.5/3.5 MB | 0.8/4.7 MB | 0/2.0 MB
Progress (3): 2.5/3.5 MB | 0.8/4.7 MB | 0/2.0 MB
Progress (3): 2.5/3.5 MB | 0.8/4.7 MB | 0/2.0 MB
Progress (3): 2.5/3.5 MB | 0.8/4.7 MB | 0/2.0 MB
Progress (3): 2.5/3.5 MB | 0.8/4.7 MB | 0/2.0 MB
Progress (3): 2.5/3.5 MB | 0.8/4.7 MB | 0/2.0 MB
Progress (3): 2.5/3.5 MB | 0.8/4.7 MB | 0/2.0 MB
Progress (3): 2.5/3.5 MB | 0.9/4.7 MB | 0/2.0 MB
Progress (3): 2.5/3.5 MB | 0.9/4.7 MB | 0/2.0 MB
Progress (3): 2.5/3.5 MB | 0.9/4.7 MB | 0/2.0 MB
Progress (3): 2.5/3.5 MB | 0.9/4.7 MB | 0.1/2.0 MB
Progress (3): 2.5/3.5 MB | 0.9/4.7 MB | 0.1/2.0 MB
Progress (3): 2.5/3.5 MB | 0.9/4.7 MB | 0.1/2.0 MB
Progress (3): 2.5/3.5 MB | 0.9/4.7 MB | 0.1/2.0 MB
Progress (3): 2.5/3.5 MB | 0.9/4.7 MB | 0.1/2.0 MB
Progress (3): 2.5/3.5 MB | 0.9/4.7 MB | 0.1/2.0 MB
Progress (3): 2.5/3.5 MB | 0.9/4.7 MB | 0.1/2.0 MB
Progress (3): 2.5/3.5 MB | 0.9/4.7 MB | 0.1/2.0 MB
Progress (3): 2.5/3.5 MB | 0.9/4.7 MB | 0.1/2.0 MB
Progress (3): 2.5/3.5 MB | 0.9/4.7 MB | 0.1/2.0 MB
Progress (3): 2.5/3.5 MB | 0.9/4.7 MB | 0.1/2.0 MB
Progress (3): 2.5/3.5 MB | 1.0/4.7 MB | 0.1/2.0 MB
Progress (3): 2.5/3.5 MB | 1.0/4.7 MB | 0.2/2.0 MB
Progress (3): 2.5/3.5 MB | 1.0/4.7 MB | 0.2/2.0 MB
Progress (3): 2.5/3.5 MB | 1.0/4.7 MB | 0.2/2.0 MB
Progress (3): 2.5/3.5 MB | 1.0/4.7 MB | 0.2/2.0 MB
Progress (3): 2.5/3.5 MB | 1.0/4.7 MB | 0.2/2.0 MB
Progress (3): 2.5/3.5 MB | 1.0/4.7 MB | 0.2/2.0 MB
Progress (3): 2.5/3.5 MB | 1.0/4.7 MB | 0.2/2.0 MB
Progress (3): 2.5/3.5 MB | 1.0/4.7 MB | 0.2/2.0 MB
Progress (3): 2.5/3.5 MB | 1.0/4.7 MB | 0.2/2.0 MB
Progress (3): 2.5/3.5 MB | 1.0/4.7 MB | 0.2/2.0 MB
Progress (3): 2.5/3.5 MB | 1.1/4.7 MB | 0.2/2.0 MB
Progress (3): 2.5/3.5 MB | 1.1/4.7 MB | 0.2/2.0 MB
Progress (3): 2.5/3.5 MB | 1.1/4.7 MB | 0.2/2.0 MB
Progress (3): 2.5/3.5 MB | 1.1/4.7 MB | 0.2/2.0 MB
Progress (3): 2.5/3.5 MB | 1.1/4.7 MB | 0.2/2.0 MB
Progress (3): 2.5/3.5 MB | 1.1/4.7 MB | 0.2/2.0 MB
Progress (3): 2.5/3.5 MB | 1.1/4.7 MB | 0.2/2.0 MB
Progress (3): 2.5/3.5 MB | 1.1/4.7 MB | 0.3/2.0 MB
Progress (3): 2.5/3.5 MB | 1.1/4.7 MB | 0.3/2.0 MB
Progress (3): 2.6/3.5 MB | 1.1/4.7 MB | 0.3/2.0 MB
Progress (3): 2.6/3.5 MB | 1.1/4.7 MB | 0.3/2.0 MB
Progress (3): 2.6/3.5 MB | 1.1/4.7 MB | 0.3/2.0 MB
Progress (3): 2.6/3.5 MB | 1.1/4.7 MB | 0.3/2.0 MB
Progress (3): 2.6/3.5 MB | 1.1/4.7 MB | 0.3/2.0 MB
Progress (3): 2.6/3.5 MB | 1.1/4.7 MB | 0.3/2.0 MB
Progress (3): 2.6/3.5 MB | 1.2/4.7 MB | 0.3/2.0 MB
Progress (3): 2.6/3.5 MB | 1.2/4.7 MB | 0.3/2.0 MB
Progress (3): 2.6/3.5 MB | 1.2/4.7 MB | 0.3/2.0 MB
Progress (3): 2.6/3.5 MB | 1.2/4.7 MB | 0.3/2.0 MB
Progress (3): 2.6/3.5 MB | 1.2/4.7 MB | 0.3/2.0 MB
Progress (3): 2.6/3.5 MB | 1.2/4.7 MB | 0.3/2.0 MB
Progress (3): 2.6/3.5 MB | 1.2/4.7 MB | 0.3/2.0 MB
Progress (3): 2.6/3.5 MB | 1.2/4.7 MB | 0.4/2.0 MB
Progress (3): 2.6/3.5 MB | 1.2/4.7 MB | 0.4/2.0 MB
Progress (3): 2.6/3.5 MB | 1.2/4.7 MB | 0.4/2.0 MB
Progress (3): 2.6/3.5 MB | 1.2/4.7 MB | 0.4/2.0 MB
Progress (3): 2.6/3.5 MB | 1.2/4.7 MB | 0.4/2.0 MB
Progress (3): 2.6/3.5 MB | 1.2/4.7 MB | 0.4/2.0 MB
Progress (3): 2.6/3.5 MB | 1.2/4.7 MB | 0.4/2.0 MB
Progress (3): 2.6/3.5 MB | 1.2/4.7 MB | 0.4/2.0 MB
Progress (3): 2.6/3.5 MB | 1.2/4.7 MB | 0.4/2.0 MB
Progress (3): 2.6/3.5 MB | 1.2/4.7 MB | 0.4/2.0 MB
Progress (3): 2.6/3.5 MB | 1.2/4.7 MB | 0.4/2.0 MB
Progress (3): 2.6/3.5 MB | 1.3/4.7 MB | 0.4/2.0 MB
Progress (3): 2.6/3.5 MB | 1.3/4.7 MB | 0.4/2.0 MB
Progress (3): 2.6/3.5 MB | 1.3/4.7 MB | 0.4/2.0 MB
Progress (3): 2.6/3.5 MB | 1.3/4.7 MB | 0.4/2.0 MB
Progress (3): 2.6/3.5 MB | 1.3/4.7 MB | 0.5/2.0 MB
Progress (3): 2.7/3.5 MB | 1.3/4.7 MB | 0.5/2.0 MB
Progress (3): 2.7/3.5 MB | 1.3/4.7 MB | 0.5/2.0 MB
Progress (3): 2.7/3.5 MB | 1.3/4.7 MB | 0.5/2.0 MB
Progress (3): 2.7/3.5 MB | 1.3/4.7 MB | 0.5/2.0 MB
Progress (3): 2.7/3.5 MB | 1.3/4.7 MB | 0.5/2.0 MB
Progress (3): 2.7/3.5 MB | 1.3/4.7 MB | 0.5/2.0 MB
Progress (3): 2.7/3.5 MB | 1.3/4.7 MB | 0.5/2.0 MB
Progress (3): 2.7/3.5 MB | 1.3/4.7 MB | 0.5/2.0 MB
Progress (3): 2.7/3.5 MB | 1.3/4.7 MB | 0.5/2.0 MB
Progress (3): 2.7/3.5 MB | 1.3/4.7 MB | 0.5/2.0 MB
Progress (3): 2.7/3.5 MB | 1.3/4.7 MB | 0.5/2.0 MB
Progress (3): 2.7/3.5 MB | 1.3/4.7 MB | 0.5/2.0 MB
Progress (3): 2.7/3.5 MB | 1.3/4.7 MB | 0.5/2.0 MB
Progress (3): 2.7/3.5 MB | 1.3/4.7 MB | 0.5/2.0 MB
Progress (3): 2.7/3.5 MB | 1.3/4.7 MB | 0.6/2.0 MB
Progress (3): 2.7/3.5 MB | 1.3/4.7 MB | 0.6/2.0 MB
Progress (3): 2.7/3.5 MB | 1.3/4.7 MB | 0.6/2.0 MB
Progress (3): 2.7/3.5 MB | 1.3/4.7 MB | 0.6/2.0 MB
Progress (3): 2.7/3.5 MB | 1.3/4.7 MB | 0.6/2.0 MB
Progress (3): 2.8/3.5 MB | 1.3/4.7 MB | 0.6/2.0 MB
Progress (3): 2.8/3.5 MB | 1.3/4.7 MB | 0.6/2.0 MB
Progress (3): 2.8/3.5 MB | 1.3/4.7 MB | 0.6/2.0 MB
Progress (3): 2.8/3.5 MB | 1.3/4.7 MB | 0.6/2.0 MB
Progress (3): 2.8/3.5 MB | 1.3/4.7 MB | 0.6/2.0 MB
Progress (3): 2.8/3.5 MB | 1.3/4.7 MB | 0.6/2.0 MB
Progress (3): 2.8/3.5 MB | 1.3/4.7 MB | 0.6/2.0 MB
Progress (3): 2.8/3.5 MB | 1.3/4.7 MB | 0.6/2.0 MB
Progress (3): 2.8/3.5 MB | 1.3/4.7 MB | 0.7/2.0 MB
Progress (3): 2.8/3.5 MB | 1.3/4.7 MB | 0.7/2.0 MB
Progress (3): 2.8/3.5 MB | 1.3/4.7 MB | 0.7/2.0 MB
Progress (3): 2.8/3.5 MB | 1.3/4.7 MB | 0.7/2.0 MB
Progress (3): 2.8/3.5 MB | 1.3/4.7 MB | 0.7/2.0 MB
Progress (3): 2.8/3.5 MB | 1.3/4.7 MB | 0.7/2.0 MB
Progress (3): 2.8/3.5 MB | 1.3/4.7 MB | 0.7/2.0 MB
Progress (3): 2.8/3.5 MB | 1.3/4.7 MB | 0.7/2.0 MB
Progress (3): 2.9/3.5 MB | 1.3/4.7 MB | 0.7/2.0 MB
Progress (3): 2.9/3.5 MB | 1.3/4.7 MB | 0.7/2.0 MB
Progress (3): 2.9/3.5 MB | 1.3/4.7 MB | 0.7/2.0 MB
Progress (3): 2.9/3.5 MB | 1.3/4.7 MB | 0.7/2.0 MB
Progress (3): 2.9/3.5 MB | 1.3/4.7 MB | 0.7/2.0 MB
Progress (3): 2.9/3.5 MB | 1.3/4.7 MB | 0.8/2.0 MB
Progress (3): 2.9/3.5 MB | 1.3/4.7 MB | 0.8/2.0 MB
Progress (3): 2.9/3.5 MB | 1.3/4.7 MB | 0.8/2.0 MB
Progress (3): 2.9/3.5 MB | 1.3/4.7 MB | 0.8/2.0 MB
Progress (3): 2.9/3.5 MB | 1.3/4.7 MB | 0.8/2.0 MB
Progress (3): 2.9/3.5 MB | 1.3/4.7 MB | 0.8/2.0 MB
Progress (3): 2.9/3.5 MB | 1.3/4.7 MB | 0.8/2.0 MB
Progress (3): 2.9/3.5 MB | 1.3/4.7 MB | 0.8/2.0 MB
Progress (3): 3.0/3.5 MB | 1.3/4.7 MB | 0.8/2.0 MB
Progress (3): 3.0/3.5 MB | 1.3/4.7 MB | 0.8/2.0 MB
Progress (3): 3.0/3.5 MB | 1.3/4.7 MB | 0.9/2.0 MB
Progress (3): 3.0/3.5 MB | 1.3/4.7 MB | 0.9/2.0 MB
Progress (3): 3.0/3.5 MB | 1.3/4.7 MB | 0.9/2.0 MB
Progress (3): 3.0/3.5 MB | 1.3/4.7 MB | 0.9/2.0 MB
Progress (3): 3.0/3.5 MB | 1.3/4.7 MB | 0.9/2.0 MB
Progress (3): 3.0/3.5 MB | 1.3/4.7 MB | 0.9/2.0 MB
Progress (3): 3.0/3.5 MB | 1.3/4.7 MB | 1.0/2.0 MB
Progress (3): 3.0/3.5 MB | 1.3/4.7 MB | 1.0/2.0 MB
Progress (3): 3.0/3.5 MB | 1.3/4.7 MB | 1.0/2.0 MB
Progress (3): 3.0/3.5 MB | 1.3/4.7 MB | 1.0/2.0 MB
Progress (3): 3.0/3.5 MB | 1.3/4.7 MB | 1.0/2.0 MB
Progress (3): 3.0/3.5 MB | 1.3/4.7 MB | 1.0/2.0 MB
Progress (3): 3.0/3.5 MB | 1.3/4.7 MB | 1.1/2.0 MB
Progress (3): 3.0/3.5 MB | 1.3/4.7 MB | 1.1/2.0 MB
Progress (3): 3.0/3.5 MB | 1.4/4.7 MB | 1.1/2.0 MB
Progress (3): 3.0/3.5 MB | 1.4/4.7 MB | 1.1/2.0 MB
Progress (3): 3.0/3.5 MB | 1.4/4.7 MB | 1.1/2.0 MB
Progress (3): 3.0/3.5 MB | 1.4/4.7 MB | 1.1/2.0 MB
Progress (3): 3.0/3.5 MB | 1.4/4.7 MB | 1.1/2.0 MB
Progress (3): 3.0/3.5 MB | 1.4/4.7 MB | 1.1/2.0 MB
Progress (3): 3.0/3.5 MB | 1.4/4.7 MB | 1.1/2.0 MB
Progress (3): 3.0/3.5 MB | 1.4/4.7 MB | 1.1/2.0 MB
Progress (3): 3.1/3.5 MB | 1.4/4.7 MB | 1.1/2.0 MB
Progress (3): 3.1/3.5 MB | 1.4/4.7 MB | 1.1/2.0 MB
Progress (3): 3.1/3.5 MB | 1.4/4.7 MB | 1.1/2.0 MB
Progress (3): 3.1/3.5 MB | 1.4/4.7 MB | 1.1/2.0 MB
Progress (3): 3.1/3.5 MB | 1.4/4.7 MB | 1.1/2.0 MB
Progress (3): 3.1/3.5 MB | 1.5/4.7 MB | 1.1/2.0 MB
Progress (3): 3.1/3.5 MB | 1.5/4.7 MB | 1.1/2.0 MB
Progress (3): 3.1/3.5 MB | 1.5/4.7 MB | 1.1/2.0 MB
Progress (3): 3.1/3.5 MB | 1.5/4.7 MB | 1.1/2.0 MB
Progress (3): 3.1/3.5 MB | 1.5/4.7 MB | 1.1/2.0 MB
Progress (3): 3.1/3.5 MB | 1.5/4.7 MB | 1.1/2.0 MB
Progress (3): 3.1/3.5 MB | 1.5/4.7 MB | 1.1/2.0 MB
Progress (3): 3.1/3.5 MB | 1.5/4.7 MB | 1.1/2.0 MB
Progress (3): 3.1/3.5 MB | 1.5/4.7 MB | 1.1/2.0 MB
Progress (3): 3.2/3.5 MB | 1.5/4.7 MB | 1.1/2.0 MB
Progress (3): 3.2/3.5 MB | 1.5/4.7 MB | 1.1/2.0 MB
Progress (3): 3.2/3.5 MB | 1.5/4.7 MB | 1.1/2.0 MB
Progress (3): 3.2/3.5 MB | 1.5/4.7 MB | 1.1/2.0 MB
Progress (3): 3.2/3.5 MB | 1.5/4.7 MB | 1.1/2.0 MB
Progress (3): 3.2/3.5 MB | 1.5/4.7 MB | 1.1/2.0 MB
Progress (3): 3.2/3.5 MB | 1.5/4.7 MB | 1.2/2.0 MB
Progress (3): 3.2/3.5 MB | 1.5/4.7 MB | 1.2/2.0 MB
Progress (3): 3.2/3.5 MB | 1.5/4.7 MB | 1.2/2.0 MB
Progress (3): 3.2/3.5 MB | 1.5/4.7 MB | 1.2/2.0 MB
Progress (3): 3.2/3.5 MB | 1.5/4.7 MB | 1.2/2.0 MB
Progress (3): 3.3/3.5 MB | 1.5/4.7 MB | 1.2/2.0 MB
Progress (3): 3.3/3.5 MB | 1.5/4.7 MB | 1.2/2.0 MB
Progress (3): 3.3/3.5 MB | 1.5/4.7 MB | 1.2/2.0 MB
Progress (3): 3.3/3.5 MB | 1.5/4.7 MB | 1.2/2.0 MB
Progress (3): 3.3/3.5 MB | 1.5/4.7 MB | 1.2/2.0 MB
Progress (3): 3.3/3.5 MB | 1.5/4.7 MB | 1.2/2.0 MB
Progress (3): 3.3/3.5 MB | 1.5/4.7 MB | 1.2/2.0 MB
Progress (3): 3.3/3.5 MB | 1.5/4.7 MB | 1.2/2.0 MB
Progress (3): 3.3/3.5 MB | 1.5/4.7 MB | 1.2/2.0 MB
Progress (3): 3.3/3.5 MB | 1.5/4.7 MB | 1.2/2.0 MB
Progress (3): 3.3/3.5 MB | 1.5/4.7 MB | 1.2/2.0 MB
Progress (3): 3.3/3.5 MB | 1.5/4.7 MB | 1.2/2.0 MB
Progress (3): 3.3/3.5 MB | 1.5/4.7 MB | 1.2/2.0 MB
Progress (3): 3.4/3.5 MB | 1.5/4.7 MB | 1.2/2.0 MB
Progress (3): 3.4/3.5 MB | 1.5/4.7 MB | 1.2/2.0 MB
Progress (3): 3.4/3.5 MB | 1.6/4.7 MB | 1.2/2.0 MB
Progress (3): 3.4/3.5 MB | 1.6/4.7 MB | 1.2/2.0 MB
Progress (3): 3.4/3.5 MB | 1.6/4.7 MB | 1.2/2.0 MB
Progress (3): 3.4/3.5 MB | 1.6/4.7 MB | 1.2/2.0 MB
Progress (3): 3.4/3.5 MB | 1.6/4.7 MB | 1.2/2.0 MB
Progress (3): 3.4/3.5 MB | 1.6/4.7 MB | 1.2/2.0 MB
Progress (3): 3.4/3.5 MB | 1.6/4.7 MB | 1.2/2.0 MB
Progress (3): 3.4/3.5 MB | 1.6/4.7 MB | 1.2/2.0 MB
Progress (3): 3.5/3.5 MB | 1.6/4.7 MB | 1.2/2.0 MB
Progress (3): 3.5/3.5 MB | 1.6/4.7 MB | 1.2/2.0 MB
Progress (3): 3.5/3.5 MB | 1.6/4.7 MB | 1.2/2.0 MB
Progress (3): 3.5/3.5 MB | 1.6/4.7 MB | 1.2/2.0 MB
Progress (3): 3.5/3.5 MB | 1.6/4.7 MB | 1.2/2.0 MB
Progress (3): 3.5/3.5 MB | 1.6/4.7 MB | 1.2/2.0 MB
Progress (3): 3.5/3.5 MB | 1.7/4.7 MB | 1.2/2.0 MB
Progress (3): 3.5/3.5 MB | 1.7/4.7 MB | 1.2/2.0 MB
Progress (3): 3.5/3.5 MB | 1.7/4.7 MB | 1.2/2.0 MB
Progress (3): 3.5/3.5 MB | 1.7/4.7 MB | 1.2/2.0 MB
Progress (3): 3.5/3.5 MB | 1.7/4.7 MB | 1.2/2.0 MB
Progress (3): 3.5/3.5 MB | 1.7/4.7 MB | 1.2/2.0 MB
Progress (3): 3.5/3.5 MB | 1.8/4.7 MB | 1.2/2.0 MB
Progress (3): 3.5/3.5 MB | 1.8/4.7 MB | 1.2/2.0 MB
Progress (3): 3.5 MB | 1.8/4.7 MB | 1.2/2.0 MB    
Progress (3): 3.5 MB | 1.8/4.7 MB | 1.3/2.0 MB
Progress (3): 3.5 MB | 1.8/4.7 MB | 1.3/2.0 MB
Progress (3): 3.5 MB | 1.8/4.7 MB | 1.3/2.0 MB
Progress (3): 3.5 MB | 1.8/4.7 MB | 1.3/2.0 MB
Progress (3): 3.5 MB | 1.8/4.7 MB | 1.3/2.0 MB
Progress (3): 3.5 MB | 1.8/4.7 MB | 1.3/2.0 MB
Progress (3): 3.5 MB | 1.8/4.7 MB | 1.4/2.0 MB
Progress (3): 3.5 MB | 1.8/4.7 MB | 1.4/2.0 MB
Progress (3): 3.5 MB | 1.8/4.7 MB | 1.4/2.0 MB
Progress (3): 3.5 MB | 1.8/4.7 MB | 1.4/2.0 MB
Progress (3): 3.5 MB | 1.8/4.7 MB | 1.4/2.0 MB
Progress (3): 3.5 MB | 1.8/4.7 MB | 1.4/2.0 MB
Progress (3): 3.5 MB | 1.8/4.7 MB | 1.4/2.0 MB
Progress (3): 3.5 MB | 1.8/4.7 MB | 1.5/2.0 MB
Progress (3): 3.5 MB | 1.8/4.7 MB | 1.5/2.0 MB
                                              
Downloading from central: https://repo1.maven.org/maven2/com/google/guava/guava/22.0/guava-22.0.jar
Progress (3): 3.5 MB | 1.8/4.7 MB | 1.5/2.0 MB
Progress (3): 3.5 MB | 1.8/4.7 MB | 1.5/2.0 MB
Progress (3): 3.5 MB | 1.8/4.7 MB | 1.5/2.0 MB
Progress (3): 3.5 MB | 1.8/4.7 MB | 1.5/2.0 MB
Progress (3): 3.5 MB | 1.8/4.7 MB | 1.5/2.0 MB
Progress (3): 3.5 MB | 1.8/4.7 MB | 1.5/2.0 MB
Progress (3): 3.5 MB | 1.8/4.7 MB | 1.5/2.0 MB
Progress (3): 3.5 MB | 1.9/4.7 MB | 1.5/2.0 MB
Progress (3): 3.5 MB | 1.9/4.7 MB | 1.5/2.0 MB
Progress (3): 3.5 MB | 1.9/4.7 MB | 1.5/2.0 MB
Progress (3): 3.5 MB | 1.9/4.7 MB | 1.6/2.0 MB
Progress (3): 3.5 MB | 1.9/4.7 MB | 1.6/2.0 MB
Progress (3): 3.5 MB | 1.9/4.7 MB | 1.6/2.0 MB
Progress (3): 3.5 MB | 1.9/4.7 MB | 1.6/2.0 MB
Progress (3): 3.5 MB | 1.9/4.7 MB | 1.6/2.0 MB
Progress (3): 3.5 MB | 1.9/4.7 MB | 1.6/2.0 MB
Progress (3): 3.5 MB | 1.9/4.7 MB | 1.6/2.0 MB
Progress (3): 3.5 MB | 1.9/4.7 MB | 1.6/2.0 MB
Progress (3): 3.5 MB | 1.9/4.7 MB | 1.6/2.0 MB
Progress (3): 3.5 MB | 1.9/4.7 MB | 1.6/2.0 MB
Progress (3): 3.5 MB | 2.0/4.7 MB | 1.6/2.0 MB
Progress (3): 3.5 MB | 2.0/4.7 MB | 1.6/2.0 MB
Progress (3): 3.5 MB | 2.0/4.7 MB | 1.6/2.0 MB
Progress (3): 3.5 MB | 2.0/4.7 MB | 1.7/2.0 MB
Progress (3): 3.5 MB | 2.0/4.7 MB | 1.7/2.0 MB
Progress (3): 3.5 MB | 2.0/4.7 MB | 1.7/2.0 MB
Progress (3): 3.5 MB | 2.0/4.7 MB | 1.7/2.0 MB
Progress (3): 3.5 MB | 2.0/4.7 MB | 1.7/2.0 MB
Progress (3): 3.5 MB | 2.0/4.7 MB | 1.7/2.0 MB
Progress (3): 3.5 MB | 2.0/4.7 MB | 1.7/2.0 MB
Progress (3): 3.5 MB | 2.0/4.7 MB | 1.7/2.0 MB
Progress (3): 3.5 MB | 2.0/4.7 MB | 1.7/2.0 MB
Progress (3): 3.5 MB | 2.0/4.7 MB | 1.7/2.0 MB
Progress (3): 3.5 MB | 2.1/4.7 MB | 1.7/2.0 MB
Progress (3): 3.5 MB | 2.1/4.7 MB | 1.8/2.0 MB
Progress (3): 3.5 MB | 2.1/4.7 MB | 1.8/2.0 MB
Progress (3): 3.5 MB | 2.1/4.7 MB | 1.8/2.0 MB
Progress (3): 3.5 MB | 2.1/4.7 MB | 1.8/2.0 MB
Progress (3): 3.5 MB | 2.1/4.7 MB | 1.8/2.0 MB
Progress (3): 3.5 MB | 2.1/4.7 MB | 1.8/2.0 MB
Progress (3): 3.5 MB | 2.1/4.7 MB | 1.8/2.0 MB
Progress (3): 3.5 MB | 2.1/4.7 MB | 1.8/2.0 MB
Progress (3): 3.5 MB | 2.1/4.7 MB | 1.8/2.0 MB
Progress (3): 3.5 MB | 2.1/4.7 MB | 1.8/2.0 MB
Progress (3): 3.5 MB | 2.1/4.7 MB | 1.9/2.0 MB
Progress (3): 3.5 MB | 2.1/4.7 MB | 1.9/2.0 MB
Progress (3): 3.5 MB | 2.1/4.7 MB | 1.9/2.0 MB
Progress (3): 3.5 MB | 2.2/4.7 MB | 1.9/2.0 MB
Progress (3): 3.5 MB | 2.2/4.7 MB | 1.9/2.0 MB
Progress (3): 3.5 MB | 2.2/4.7 MB | 1.9/2.0 MB
Progress (3): 3.5 MB | 2.2/4.7 MB | 1.9/2.0 MB
Progress (3): 3.5 MB | 2.2/4.7 MB | 1.9/2.0 MB
Progress (3): 3.5 MB | 2.2/4.7 MB | 1.9/2.0 MB
Progress (3): 3.5 MB | 2.2/4.7 MB | 1.9/2.0 MB
Progress (3): 3.5 MB | 2.2/4.7 MB | 1.9/2.0 MB
Progress (3): 3.5 MB | 2.2/4.7 MB | 2.0 MB    
Progress (3): 3.5 MB | 2.2/4.7 MB | 2.0 MB
Progress (3): 3.5 MB | 2.2/4.7 MB | 2.0 MB
Progress (3): 3.5 MB | 2.3/4.7 MB | 2.0 MB
Progress (3): 3.5 MB | 2.3/4.7 MB | 2.0 MB
Progress (3): 3.5 MB | 2.3/4.7 MB | 2.0 MB
Progress (3): 3.5 MB | 2.3/4.7 MB | 2.0 MB
Progress (3): 3.5 MB | 2.3/4.7 MB | 2.0 MB
Progress (3): 3.5 MB | 2.3/4.7 MB | 2.0 MB
Progress (3): 3.5 MB | 2.4/4.7 MB | 2.0 MB
Progress (3): 3.5 MB | 2.4/4.7 MB | 2.0 MB
Progress (3): 3.5 MB | 2.4/4.7 MB | 2.0 MB
Progress (3): 3.5 MB | 2.4/4.7 MB | 2.0 MB
Progress (3): 3.5 MB | 2.4/4.7 MB | 2.0 MB
Progress (3): 3.5 MB | 2.4/4.7 MB | 2.0 MB
Progress (3): 3.5 MB | 2.5/4.7 MB | 2.0 MB
Progress (3): 3.5 MB | 2.5/4.7 MB | 2.0 MB
Progress (3): 3.5 MB | 2.5/4.7 MB | 2.0 MB
Progress (3): 3.5 MB | 2.5/4.7 MB | 2.0 MB
Progress (3): 3.5 MB | 2.5/4.7 MB | 2.0 MB
Progress (3): 3.5 MB | 2.5/4.7 MB | 2.0 MB
Progress (3): 3.5 MB | 2.6/4.7 MB | 2.0 MB
Progress (3): 3.5 MB | 2.6/4.7 MB | 2.0 MB
Progress (3): 3.5 MB | 2.6/4.7 MB | 2.0 MB
Progress (3): 3.5 MB | 2.6/4.7 MB | 2.0 MB
Progress (3): 3.5 MB | 2.6/4.7 MB | 2.0 MB
Progress (3): 3.5 MB | 2.6/4.7 MB | 2.0 MB
Progress (3): 3.5 MB | 2.7/4.7 MB | 2.0 MB
Progress (3): 3.5 MB | 2.7/4.7 MB | 2.0 MB
Progress (3): 3.5 MB | 2.7/4.7 MB | 2.0 MB
Progress (3): 3.5 MB | 2.7/4.7 MB | 2.0 MB
Progress (3): 3.5 MB | 2.7/4.7 MB | 2.0 MB
Progress (3): 3.5 MB | 2.7/4.7 MB | 2.0 MB
Progress (3): 3.5 MB | 2.8/4.7 MB | 2.0 MB
Progress (3): 3.5 MB | 2.8/4.7 MB | 2.0 MB
Progress (3): 3.5 MB | 2.8/4.7 MB | 2.0 MB
Progress (3): 3.5 MB | 2.8/4.7 MB | 2.0 MB
Progress (3): 3.5 MB | 2.8/4.7 MB | 2.0 MB
Progress (3): 3.5 MB | 2.8/4.7 MB | 2.0 MB
Progress (3): 3.5 MB | 2.9/4.7 MB | 2.0 MB
Progress (3): 3.5 MB | 2.9/4.7 MB | 2.0 MB
Progress (3): 3.5 MB | 2.9/4.7 MB | 2.0 MB
Progress (3): 3.5 MB | 2.9/4.7 MB | 2.0 MB
Progress (3): 3.5 MB | 2.9/4.7 MB | 2.0 MB
Progress (3): 3.5 MB | 2.9/4.7 MB | 2.0 MB
Progress (3): 3.5 MB | 2.9/4.7 MB | 2.0 MB
Progress (3): 3.5 MB | 3.0/4.7 MB | 2.0 MB
Progress (3): 3.5 MB | 3.0/4.7 MB | 2.0 MB
Progress (3): 3.5 MB | 3.0/4.7 MB | 2.0 MB
Progress (3): 3.5 MB | 3.0/4.7 MB | 2.0 MB
Progress (3): 3.5 MB | 3.0/4.7 MB | 2.0 MB
Progress (3): 3.5 MB | 3.0/4.7 MB | 2.0 MB
Progress (3): 3.5 MB | 3.1/4.7 MB | 2.0 MB
Progress (3): 3.5 MB | 3.1/4.7 MB | 2.0 MB
Progress (3): 3.5 MB | 3.1/4.7 MB | 2.0 MB
Progress (3): 3.5 MB | 3.1/4.7 MB | 2.0 MB
Progress (3): 3.5 MB | 3.1/4.7 MB | 2.0 MB
Progress (3): 3.5 MB | 3.1/4.7 MB | 2.0 MB
Progress (3): 3.5 MB | 3.2/4.7 MB | 2.0 MB
Progress (3): 3.5 MB | 3.2/4.7 MB | 2.0 MB
Progress (3): 3.5 MB | 3.2/4.7 MB | 2.0 MB
Progress (3): 3.5 MB | 3.2/4.7 MB | 2.0 MB
Progress (3): 3.5 MB | 3.2/4.7 MB | 2.0 MB
Progress (3): 3.5 MB | 3.2/4.7 MB | 2.0 MB
Progress (3): 3.5 MB | 3.3/4.7 MB | 2.0 MB
Progress (3): 3.5 MB | 3.3/4.7 MB | 2.0 MB
Progress (3): 3.5 MB | 3.3/4.7 MB | 2.0 MB
Progress (3): 3.5 MB | 3.3/4.7 MB | 2.0 MB
Progress (3): 3.5 MB | 3.3/4.7 MB | 2.0 MB
Progress (3): 3.5 MB | 3.3/4.7 MB | 2.0 MB
Progress (3): 3.5 MB | 3.4/4.7 MB | 2.0 MB
Progress (3): 3.5 MB | 3.4/4.7 MB | 2.0 MB
Progress (3): 3.5 MB | 3.4/4.7 MB | 2.0 MB
Progress (4): 3.5 MB | 3.4/4.7 MB | 2.0 MB | 7.7/26 kB
Progress (4): 3.5 MB | 3.4/4.7 MB | 2.0 MB | 7.7/26 kB
Progress (4): 3.5 MB | 3.4/4.7 MB | 2.0 MB | 7.7/26 kB
Progress (4): 3.5 MB | 3.4/4.7 MB | 2.0 MB | 7.7/26 kB
Progress (4): 3.5 MB | 3.5/4.7 MB | 2.0 MB | 7.7/26 kB
Progress (4): 3.5 MB | 3.5/4.7 MB | 2.0 MB | 7.7/26 kB
Progress (4): 3.5 MB | 3.5/4.7 MB | 2.0 MB | 7.7/26 kB
Progress (4): 3.5 MB | 3.5/4.7 MB | 2.0 MB | 7.7/26 kB
Progress (4): 3.5 MB | 3.5/4.7 MB | 2.0 MB | 7.7/26 kB
Progress (4): 3.5 MB | 3.5/4.7 MB | 2.0 MB | 7.7/26 kB
Progress (4): 3.5 MB | 3.6/4.7 MB | 2.0 MB | 7.7/26 kB
Progress (4): 3.5 MB | 3.6/4.7 MB | 2.0 MB | 7.7/26 kB
Progress (4): 3.5 MB | 3.6/4.7 MB | 2.0 MB | 7.7/26 kB
Progress (4): 3.5 MB | 3.6/4.7 MB | 2.0 MB | 7.7/26 kB
Progress (4): 3.5 MB | 3.6/4.7 MB | 2.0 MB | 7.7/26 kB
Progress (4): 3.5 MB | 3.6/4.7 MB | 2.0 MB | 7.7/26 kB
Progress (4): 3.5 MB | 3.7/4.7 MB | 2.0 MB | 7.7/26 kB
Progress (4): 3.5 MB | 3.7/4.7 MB | 2.0 MB | 7.7/26 kB
Progress (4): 3.5 MB | 3.7/4.7 MB | 2.0 MB | 7.7/26 kB
Progress (4): 3.5 MB | 3.7/4.7 MB | 2.0 MB | 7.7/26 kB
Progress (4): 3.5 MB | 3.7/4.7 MB | 2.0 MB | 7.7/26 kB
Progress (4): 3.5 MB | 3.7/4.7 MB | 2.0 MB | 7.7/26 kB
Progress (4): 3.5 MB | 3.8/4.7 MB | 2.0 MB | 7.7/26 kB
Progress (4): 3.5 MB | 3.8/4.7 MB | 2.0 MB | 7.7/26 kB
Progress (4): 3.5 MB | 3.8/4.7 MB | 2.0 MB | 7.7/26 kB
Progress (4): 3.5 MB | 3.8/4.7 MB | 2.0 MB | 7.7/26 kB
Progress (4): 3.5 MB | 3.8/4.7 MB | 2.0 MB | 7.7/26 kB
Progress (4): 3.5 MB | 3.8/4.7 MB | 2.0 MB | 7.7/26 kB
Progress (4): 3.5 MB | 3.8/4.7 MB | 2.0 MB | 7.7/26 kB
Progress (4): 3.5 MB | 3.9/4.7 MB | 2.0 MB | 7.7/26 kB
Progress (4): 3.5 MB | 3.9/4.7 MB | 2.0 MB | 7.7/26 kB
Progress (4): 3.5 MB | 3.9/4.7 MB | 2.0 MB | 7.7/26 kB
Progress (4): 3.5 MB | 3.9/4.7 MB | 2.0 MB | 7.7/26 kB
Progress (4): 3.5 MB | 3.9/4.7 MB | 2.0 MB | 7.7/26 kB
Progress (4): 3.5 MB | 3.9/4.7 MB | 2.0 MB | 7.7/26 kB
Progress (4): 3.5 MB | 4.0/4.7 MB | 2.0 MB | 7.7/26 kB
Progress (4): 3.5 MB | 4.0/4.7 MB | 2.0 MB | 7.7/26 kB
Progress (4): 3.5 MB | 4.0/4.7 MB | 2.0 MB | 7.7/26 kB
Progress (4): 3.5 MB | 4.0/4.7 MB | 2.0 MB | 7.7/26 kB
Progress (4): 3.5 MB | 4.0/4.7 MB | 2.0 MB | 7.7/26 kB
Progress (4): 3.5 MB | 4.0/4.7 MB | 2.0 MB | 7.7/26 kB
Progress (4): 3.5 MB | 4.1/4.7 MB | 2.0 MB | 7.7/26 kB
Progress (4): 3.5 MB | 4.1/4.7 MB | 2.0 MB | 7.7/26 kB
Progress (4): 3.5 MB | 4.1/4.7 MB | 2.0 MB | 7.7/26 kB
Progress (4): 3.5 MB | 4.1/4.7 MB | 2.0 MB | 16/26 kB 
Progress (4): 3.5 MB | 4.1/4.7 MB | 2.0 MB | 16/26 kB
Progress (4): 3.5 MB | 4.1/4.7 MB | 2.0 MB | 26 kB   
Progress (4): 3.5 MB | 4.1/4.7 MB | 2.0 MB | 26 kB
Progress (4): 3.5 MB | 4.1/4.7 MB | 2.0 MB | 26 kB
Progress (4): 3.5 MB | 4.2/4.7 MB | 2.0 MB | 26 kB
Progress (4): 3.5 MB | 4.2/4.7 MB | 2.0 MB | 26 kB
Progress (4): 3.5 MB | 4.2/4.7 MB | 2.0 MB | 26 kB
Progress (4): 3.5 MB | 4.2/4.7 MB | 2.0 MB | 26 kB
Progress (4): 3.5 MB | 4.2/4.7 MB | 2.0 MB | 26 kB
Progress (4): 3.5 MB | 4.2/4.7 MB | 2.0 MB | 26 kB
Progress (4): 3.5 MB | 4.3/4.7 MB | 2.0 MB | 26 kB
Progress (4): 3.5 MB | 4.3/4.7 MB | 2.0 MB | 26 kB
Progress (4): 3.5 MB | 4.3/4.7 MB | 2.0 MB | 26 kB
Progress (4): 3.5 MB | 4.3/4.7 MB | 2.0 MB | 26 kB
Progress (4): 3.5 MB | 4.3/4.7 MB | 2.0 MB | 26 kB
Progress (4): 3.5 MB | 4.3/4.7 MB | 2.0 MB | 26 kB
Progress (4): 3.5 MB | 4.4/4.7 MB | 2.0 MB | 26 kB
Progress (4): 3.5 MB | 4.4/4.7 MB | 2.0 MB | 26 kB
Progress (4): 3.5 MB | 4.4/4.7 MB | 2.0 MB | 26 kB
Progress (4): 3.5 MB | 4.4/4.7 MB | 2.0 MB | 26 kB
Progress (4): 3.5 MB | 4.4/4.7 MB | 2.0 MB | 26 kB
Progress (4): 3.5 MB | 4.4/4.7 MB | 2.0 MB | 26 kB
Progress (4): 3.5 MB | 4.5/4.7 MB | 2.0 MB | 26 kB
Progress (4): 3.5 MB | 4.5/4.7 MB | 2.0 MB | 26 kB
Progress (4): 3.5 MB | 4.5/4.7 MB | 2.0 MB | 26 kB
Progress (4): 3.5 MB | 4.5/4.7 MB | 2.0 MB | 26 kB
Progress (4): 3.5 MB | 4.5/4.7 MB | 2.0 MB | 26 kB
Progress (4): 3.5 MB | 4.5/4.7 MB | 2.0 MB | 26 kB
Progress (4): 3.5 MB | 4.6/4.7 MB | 2.0 MB | 26 kB
Progress (4): 3.5 MB | 4.6/4.7 MB | 2.0 MB | 26 kB
Progress (4): 3.5 MB | 4.6/4.7 MB | 2.0 MB | 26 kB
Progress (4): 3.5 MB | 4.6/4.7 MB | 2.0 MB | 26 kB
Progress (4): 3.5 MB | 4.6/4.7 MB | 2.0 MB | 26 kB
Progress (4): 3.5 MB | 4.6/4.7 MB | 2.0 MB | 26 kB
Progress (4): 3.5 MB | 4.7/4.7 MB | 2.0 MB | 26 kB
Progress (4): 3.5 MB | 4.7/4.7 MB | 2.0 MB | 26 kB
Progress (4): 3.5 MB | 4.7/4.7 MB | 2.0 MB | 26 kB
Progress (4): 3.5 MB | 4.7/4.7 MB | 2.0 MB | 26 kB
Progress (4): 3.5 MB | 4.7 MB | 2.0 MB | 26 kB    
Progress (5): 3.5 MB | 4.7 MB | 2.0 MB | 26 kB | 0/2.6 MB
Progress (5): 3.5 MB | 4.7 MB | 2.0 MB | 26 kB | 0/2.6 MB
Progress (5): 3.5 MB | 4.7 MB | 2.0 MB | 26 kB | 0/2.6 MB
Progress (5): 3.5 MB | 4.7 MB | 2.0 MB | 26 kB | 0/2.6 MB
Progress (5): 3.5 MB | 4.7 MB | 2.0 MB | 26 kB | 0.1/2.6 MB
Progress (5): 3.5 MB | 4.7 MB | 2.0 MB | 26 kB | 0.1/2.6 MB
Progress (5): 3.5 MB | 4.7 MB | 2.0 MB | 26 kB | 0.1/2.6 MB
Progress (5): 3.5 MB | 4.7 MB | 2.0 MB | 26 kB | 0.1/2.6 MB
Progress (5): 3.5 MB | 4.7 MB | 2.0 MB | 26 kB | 0.1/2.6 MB
Progress (5): 3.5 MB | 4.7 MB | 2.0 MB | 26 kB | 0.1/2.6 MB
Progress (5): 3.5 MB | 4.7 MB | 2.0 MB | 26 kB | 0.1/2.6 MB
Progress (5): 3.5 MB | 4.7 MB | 2.0 MB | 26 kB | 0.1/2.6 MB
Progress (5): 3.5 MB | 4.7 MB | 2.0 MB | 26 kB | 0.2/2.6 MB
Progress (5): 3.5 MB | 4.7 MB | 2.0 MB | 26 kB | 0.2/2.6 MB
Progress (5): 3.5 MB | 4.7 MB | 2.0 MB | 26 kB | 0.2/2.6 MB
Progress (5): 3.5 MB | 4.7 MB | 2.0 MB | 26 kB | 0.2/2.6 MB
Progress (5): 3.5 MB | 4.7 MB | 2.0 MB | 26 kB | 0.2/2.6 MB
Progress (5): 3.5 MB | 4.7 MB | 2.0 MB | 26 kB | 0.2/2.6 MB
Progress (5): 3.5 MB | 4.7 MB | 2.0 MB | 26 kB | 0.2/2.6 MB
Progress (5): 3.5 MB | 4.7 MB | 2.0 MB | 26 kB | 0.2/2.6 MB
Progress (5): 3.5 MB | 4.7 MB | 2.0 MB | 26 kB | 0.3/2.6 MB
Progress (5): 3.5 MB | 4.7 MB | 2.0 MB | 26 kB | 0.3/2.6 MB
Progress (5): 3.5 MB | 4.7 MB | 2.0 MB | 26 kB | 0.3/2.6 MB
Progress (5): 3.5 MB | 4.7 MB | 2.0 MB | 26 kB | 0.3/2.6 MB
Progress (5): 3.5 MB | 4.7 MB | 2.0 MB | 26 kB | 0.3/2.6 MB
Progress (5): 3.5 MB | 4.7 MB | 2.0 MB | 26 kB | 0.3/2.6 MB
Progress (5): 3.5 MB | 4.7 MB | 2.0 MB | 26 kB | 0.3/2.6 MB
Progress (5): 3.5 MB | 4.7 MB | 2.0 MB | 26 kB | 0.4/2.6 MB
Progress (5): 3.5 MB | 4.7 MB | 2.0 MB | 26 kB | 0.4/2.6 MB
Progress (5): 3.5 MB | 4.7 MB | 2.0 MB | 26 kB | 0.4/2.6 MB
Progress (5): 3.5 MB | 4.7 MB | 2.0 MB | 26 kB | 0.4/2.6 MB
Progress (5): 3.5 MB | 4.7 MB | 2.0 MB | 26 kB | 0.4/2.6 MB
Progress (5): 3.5 MB | 4.7 MB | 2.0 MB | 26 kB | 0.4/2.6 MB
Progress (5): 3.5 MB | 4.7 MB | 2.0 MB | 26 kB | 0.5/2.6 MB
Progress (5): 3.5 MB | 4.7 MB | 2.0 MB | 26 kB | 0.5/2.6 MB
Progress (5): 3.5 MB | 4.7 MB | 2.0 MB | 26 kB | 0.5/2.6 MB
Progress (5): 3.5 MB | 4.7 MB | 2.0 MB | 26 kB | 0.5/2.6 MB
Progress (5): 3.5 MB | 4.7 MB | 2.0 MB | 26 kB | 0.5/2.6 MB
Progress (5): 3.5 MB | 4.7 MB | 2.0 MB | 26 kB | 0.5/2.6 MB
                                                           
Downloaded from central: https://repo1.maven.org/maven2/org/apache/hadoop/hadoop-annotations/3.4.2/hadoop-annotations-3.4.2.jar (26 kB at 34 kB/s)
Downloading from central: https://repo1.maven.org/maven2/org/apache/commons/commons-math3/3.6.1/commons-math3-3.6.1.jar
Progress (4): 3.5 MB | 4.7 MB | 2.0 MB | 0.6/2.6 MB
Progress (4): 3.5 MB | 4.7 MB | 2.0 MB | 0.6/2.6 MB
Progress (4): 3.5 MB | 4.7 MB | 2.0 MB | 0.6/2.6 MB
Progress (4): 3.5 MB | 4.7 MB | 2.0 MB | 0.6/2.6 MB
Progress (4): 3.5 MB | 4.7 MB | 2.0 MB | 0.6/2.6 MB
Progress (4): 3.5 MB | 4.7 MB | 2.0 MB | 0.6/2.6 MB
Progress (4): 3.5 MB | 4.7 MB | 2.0 MB | 0.7/2.6 MB
Progress (4): 3.5 MB | 4.7 MB | 2.0 MB | 0.7/2.6 MB
Progress (4): 3.5 MB | 4.7 MB | 2.0 MB | 0.7/2.6 MB
Progress (4): 3.5 MB | 4.7 MB | 2.0 MB | 0.7/2.6 MB
Progress (4): 3.5 MB | 4.7 MB | 2.0 MB | 0.7/2.6 MB
Progress (4): 3.5 MB | 4.7 MB | 2.0 MB | 0.7/2.6 MB
Progress (4): 3.5 MB | 4.7 MB | 2.0 MB | 0.8/2.6 MB
Progress (4): 3.5 MB | 4.7 MB | 2.0 MB | 0.8/2.6 MB
Progress (4): 3.5 MB | 4.7 MB | 2.0 MB | 0.8/2.6 MB
Progress (4): 3.5 MB | 4.7 MB | 2.0 MB | 0.8/2.6 MB
Progress (4): 3.5 MB | 4.7 MB | 2.0 MB | 0.8/2.6 MB
Progress (4): 3.5 MB | 4.7 MB | 2.0 MB | 0.8/2.6 MB
Progress (4): 3.5 MB | 4.7 MB | 2.0 MB | 0.9/2.6 MB
                                                   
Downloaded from central: https://repo1.maven.org/maven2/org/apache/hadoop/thirdparty/hadoop-shaded-protobuf_3_25/1.4.0/hadoop-shaded-protobuf_3_25-1.4.0.jar (2.0 MB at 2.6 MB/s)
Downloading from central: https://repo1.maven.org/maven2/org/apache/commons/commons-collections4/4.4/commons-collections4-4.4.jar
Progress (3): 3.5 MB | 4.7 MB | 0.9/2.6 MB
Progress (3): 3.5 MB | 4.7 MB | 0.9/2.6 MB
Progress (3): 3.5 MB | 4.7 MB | 0.9/2.6 MB
Progress (3): 3.5 MB | 4.7 MB | 0.9/2.6 MB
                                          
Downloaded from central: https://repo1.maven.org/maven2/org/apache/hadoop/thirdparty/hadoop-shaded-guava/1.4.0/hadoop-shaded-guava-1.4.0.jar (3.5 MB at 4.6 MB/s)
Downloading from central: https://repo1.maven.org/maven2/org/eclipse/jetty/jetty-webapp/9.4.57.v20241219/jetty-webapp-9.4.57.v20241219.jar
Progress (2): 4.7 MB | 0.9/2.6 MB
Progress (2): 4.7 MB | 1.0/2.6 MB
Progress (2): 4.7 MB | 1.0/2.6 MB
Progress (2): 4.7 MB | 1.0/2.6 MB
Progress (2): 4.7 MB | 1.0/2.6 MB
Progress (2): 4.7 MB | 1.0/2.6 MB
Progress (2): 4.7 MB | 1.0/2.6 MB
Progress (2): 4.7 MB | 1.0/2.6 MB
Progress (2): 4.7 MB | 1.1/2.6 MB
Progress (2): 4.7 MB | 1.1/2.6 MB
Progress (2): 4.7 MB | 1.1/2.6 MB
Progress (2): 4.7 MB | 1.1/2.6 MB
Progress (2): 4.7 MB | 1.1/2.6 MB
Progress (2): 4.7 MB | 1.1/2.6 MB
Progress (2): 4.7 MB | 1.2/2.6 MB
Progress (2): 4.7 MB | 1.2/2.6 MB
Progress (2): 4.7 MB | 1.2/2.6 MB
Progress (2): 4.7 MB | 1.2/2.6 MB
Progress (2): 4.7 MB | 1.2/2.6 MB
Progress (2): 4.7 MB | 1.2/2.6 MB
Progress (2): 4.7 MB | 1.3/2.6 MB
Progress (2): 4.7 MB | 1.3/2.6 MB
Progress (2): 4.7 MB | 1.3/2.6 MB
Progress (2): 4.7 MB | 1.3/2.6 MB
Progress (2): 4.7 MB | 1.3/2.6 MB
Progress (2): 4.7 MB | 1.3/2.6 MB
Progress (2): 4.7 MB | 1.4/2.6 MB
Progress (2): 4.7 MB | 1.4/2.6 MB
Progress (2): 4.7 MB | 1.4/2.6 MB
Progress (2): 4.7 MB | 1.4/2.6 MB
Progress (2): 4.7 MB | 1.4/2.6 MB
Progress (2): 4.7 MB | 1.4/2.6 MB
Progress (2): 4.7 MB | 1.5/2.6 MB
Progress (2): 4.7 MB | 1.5/2.6 MB
Progress (2): 4.7 MB | 1.5/2.6 MB
Progress (2): 4.7 MB | 1.5/2.6 MB
Progress (2): 4.7 MB | 1.5/2.6 MB
Progress (2): 4.7 MB | 1.5/2.6 MB
Progress (2): 4.7 MB | 1.6/2.6 MB
Progress (2): 4.7 MB | 1.6/2.6 MB
Progress (2): 4.7 MB | 1.6/2.6 MB
Progress (2): 4.7 MB | 1.6/2.6 MB
Progress (2): 4.7 MB | 1.6/2.6 MB
Progress (2): 4.7 MB | 1.6/2.6 MB
Progress (2): 4.7 MB | 1.7/2.6 MB
Progress (2): 4.7 MB | 1.7/2.6 MB
Progress (2): 4.7 MB | 1.7/2.6 MB
Progress (2): 4.7 MB | 1.7/2.6 MB
Progress (2): 4.7 MB | 1.7/2.6 MB
Progress (2): 4.7 MB | 1.7/2.6 MB
Progress (2): 4.7 MB | 1.8/2.6 MB
Progress (2): 4.7 MB | 1.8/2.6 MB
Progress (2): 4.7 MB | 1.8/2.6 MB
Progress (2): 4.7 MB | 1.8/2.6 MB
Progress (2): 4.7 MB | 1.8/2.6 MB
Progress (2): 4.7 MB | 1.8/2.6 MB
Progress (2): 4.7 MB | 1.9/2.6 MB
Progress (2): 4.7 MB | 1.9/2.6 MB
Progress (2): 4.7 MB | 1.9/2.6 MB
Progress (2): 4.7 MB | 1.9/2.6 MB
Progress (2): 4.7 MB | 1.9/2.6 MB
Progress (2): 4.7 MB | 1.9/2.6 MB
Progress (2): 4.7 MB | 1.9/2.6 MB
Progress (2): 4.7 MB | 2.0/2.6 MB
                                 
Downloaded from central: https://repo1.maven.org/maven2/org/apache/hadoop/hadoop-common/3.4.2/hadoop-common-3.4.2.jar (4.7 MB at 6.0 MB/s)
Downloading from central: https://repo1.maven.org/maven2/org/eclipse/jetty/jetty-xml/9.4.57.v20241219/jetty-xml-9.4.57.v20241219.jar
Progress (1): 2.0/2.6 MB
Progress (1): 2.0/2.6 MB
Progress (1): 2.0/2.6 MB
Progress (1): 2.0/2.6 MB
Progress (1): 2.0/2.6 MB
Progress (1): 2.1/2.6 MB
Progress (1): 2.1/2.6 MB
Progress (1): 2.1/2.6 MB
Progress (1): 2.1/2.6 MB
Progress (1): 2.1/2.6 MB
Progress (1): 2.1/2.6 MB
Progress (1): 2.2/2.6 MB
Progress (1): 2.2/2.6 MB
Progress (1): 2.2/2.6 MB
Progress (1): 2.2/2.6 MB
Progress (1): 2.2/2.6 MB
Progress (1): 2.2/2.6 MB
Progress (1): 2.3/2.6 MB
Progress (1): 2.3/2.6 MB
Progress (1): 2.3/2.6 MB
Progress (1): 2.3/2.6 MB
Progress (1): 2.3/2.6 MB
Progress (1): 2.3/2.6 MB
Progress (1): 2.4/2.6 MB
Progress (1): 2.4/2.6 MB
Progress (1): 2.4/2.6 MB
Progress (1): 2.4/2.6 MB
Progress (1): 2.4/2.6 MB
Progress (2): 2.4/2.6 MB | 7.7/752 kB
Progress (2): 2.4/2.6 MB | 7.7/752 kB
Progress (2): 2.5/2.6 MB | 7.7/752 kB
Progress (2): 2.5/2.6 MB | 7.7/752 kB
Progress (2): 2.5/2.6 MB | 7.7/752 kB
Progress (2): 2.5/2.6 MB | 7.7/752 kB
Progress (2): 2.5/2.6 MB | 7.7/752 kB
Progress (2): 2.5/2.6 MB | 7.7/752 kB
Progress (2): 2.5/2.6 MB | 7.7/752 kB
Progress (2): 2.6/2.6 MB | 7.7/752 kB
Progress (2): 2.6 MB | 7.7/752 kB    
Progress (2): 2.6 MB | 16/752 kB 
Progress (2): 2.6 MB | 25/752 kB
Progress (2): 2.6 MB | 41/752 kB
Progress (2): 2.6 MB | 57/752 kB
Progress (2): 2.6 MB | 66/752 kB
Progress (2): 2.6 MB | 82/752 kB
Progress (2): 2.6 MB | 98/752 kB
Progress (2): 2.6 MB | 115/752 kB
Progress (2): 2.6 MB | 131/752 kB
Progress (2): 2.6 MB | 147/752 kB
Progress (2): 2.6 MB | 164/752 kB
Progress (3): 2.6 MB | 164/752 kB | 0/2.2 MB
Progress (3): 2.6 MB | 180/752 kB | 0/2.2 MB
Progress (3): 2.6 MB | 188/752 kB | 0/2.2 MB
Progress (3): 2.6 MB | 205/752 kB | 0/2.2 MB
Progress (3): 2.6 MB | 221/752 kB | 0/2.2 MB
Progress (3): 2.6 MB | 238/752 kB | 0/2.2 MB
Progress (3): 2.6 MB | 254/752 kB | 0/2.2 MB
Progress (3): 2.6 MB | 270/752 kB | 0/2.2 MB
Progress (3): 2.6 MB | 287/752 kB | 0/2.2 MB
Progress (3): 2.6 MB | 303/752 kB | 0/2.2 MB
Progress (3): 2.6 MB | 319/752 kB | 0/2.2 MB
Progress (3): 2.6 MB | 336/752 kB | 0/2.2 MB
Progress (3): 2.6 MB | 352/752 kB | 0/2.2 MB
Progress (3): 2.6 MB | 369/752 kB | 0/2.2 MB
Progress (3): 2.6 MB | 385/752 kB | 0/2.2 MB
Progress (3): 2.6 MB | 389/752 kB | 0/2.2 MB
Progress (3): 2.6 MB | 389/752 kB | 0/2.2 MB
Progress (3): 2.6 MB | 393/752 kB | 0/2.2 MB
Progress (3): 2.6 MB | 393/752 kB | 0/2.2 MB
Progress (3): 2.6 MB | 393/752 kB | 0/2.2 MB
Progress (3): 2.6 MB | 410/752 kB | 0/2.2 MB
Progress (3): 2.6 MB | 410/752 kB | 0.1/2.2 MB
Progress (3): 2.6 MB | 426/752 kB | 0.1/2.2 MB
Progress (3): 2.6 MB | 426/752 kB | 0.1/2.2 MB
Progress (3): 2.6 MB | 426/752 kB | 0.1/2.2 MB
Progress (3): 2.6 MB | 426/752 kB | 0.1/2.2 MB
Progress (3): 2.6 MB | 426/752 kB | 0.1/2.2 MB
Progress (3): 2.6 MB | 426/752 kB | 0.1/2.2 MB
Progress (3): 2.6 MB | 442/752 kB | 0.1/2.2 MB
Progress (3): 2.6 MB | 442/752 kB | 0.2/2.2 MB
Progress (3): 2.6 MB | 459/752 kB | 0.2/2.2 MB
Progress (3): 2.6 MB | 459/752 kB | 0.2/2.2 MB
Progress (3): 2.6 MB | 475/752 kB | 0.2/2.2 MB
Progress (3): 2.6 MB | 475/752 kB | 0.2/2.2 MB
Progress (3): 2.6 MB | 475/752 kB | 0.2/2.2 MB
Progress (3): 2.6 MB | 492/752 kB | 0.2/2.2 MB
Progress (3): 2.6 MB | 492/752 kB | 0.2/2.2 MB
Progress (3): 2.6 MB | 492/752 kB | 0.2/2.2 MB
Progress (3): 2.6 MB | 492/752 kB | 0.3/2.2 MB
Progress (3): 2.6 MB | 492/752 kB | 0.3/2.2 MB
Progress (3): 2.6 MB | 492/752 kB | 0.3/2.2 MB
Progress (3): 2.6 MB | 492/752 kB | 0.3/2.2 MB
Progress (3): 2.6 MB | 492/752 kB | 0.3/2.2 MB
Progress (3): 2.6 MB | 492/752 kB | 0.3/2.2 MB
Progress (3): 2.6 MB | 508/752 kB | 0.3/2.2 MB
Progress (3): 2.6 MB | 508/752 kB | 0.4/2.2 MB
Progress (3): 2.6 MB | 524/752 kB | 0.4/2.2 MB
Progress (3): 2.6 MB | 524/752 kB | 0.4/2.2 MB
Progress (3): 2.6 MB | 541/752 kB | 0.4/2.2 MB
Progress (3): 2.6 MB | 541/752 kB | 0.4/2.2 MB
Progress (3): 2.6 MB | 541/752 kB | 0.4/2.2 MB
Progress (3): 2.6 MB | 541/752 kB | 0.4/2.2 MB
Progress (3): 2.6 MB | 541/752 kB | 0.4/2.2 MB
Progress (3): 2.6 MB | 541/752 kB | 0.5/2.2 MB
Progress (3): 2.6 MB | 541/752 kB | 0.5/2.2 MB
Progress (3): 2.6 MB | 541/752 kB | 0.5/2.2 MB
Progress (3): 2.6 MB | 541/752 kB | 0.5/2.2 MB
Progress (3): 2.6 MB | 541/752 kB | 0.5/2.2 MB
Progress (3): 2.6 MB | 541/752 kB | 0.5/2.2 MB
Progress (3): 2.6 MB | 557/752 kB | 0.5/2.2 MB
Progress (3): 2.6 MB | 573/752 kB | 0.5/2.2 MB
Progress (3): 2.6 MB | 573/752 kB | 0.6/2.2 MB
Progress (3): 2.6 MB | 590/752 kB | 0.6/2.2 MB
Progress (3): 2.6 MB | 590/752 kB | 0.6/2.2 MB
Progress (3): 2.6 MB | 590/752 kB | 0.6/2.2 MB
Progress (3): 2.6 MB | 606/752 kB | 0.6/2.2 MB
Progress (3): 2.6 MB | 606/752 kB | 0.6/2.2 MB
Progress (3): 2.6 MB | 606/752 kB | 0.6/2.2 MB
Progress (3): 2.6 MB | 606/752 kB | 0.6/2.2 MB
Progress (3): 2.6 MB | 606/752 kB | 0.7/2.2 MB
Progress (3): 2.6 MB | 606/752 kB | 0.7/2.2 MB
Progress (3): 2.6 MB | 606/752 kB | 0.7/2.2 MB
Progress (3): 2.6 MB | 623/752 kB | 0.7/2.2 MB
Progress (3): 2.6 MB | 623/752 kB | 0.7/2.2 MB
Progress (3): 2.6 MB | 639/752 kB | 0.7/2.2 MB
Progress (3): 2.6 MB | 655/752 kB | 0.7/2.2 MB
Progress (3): 2.6 MB | 655/752 kB | 0.7/2.2 MB
Progress (3): 2.6 MB | 655/752 kB | 0.7/2.2 MB
Progress (3): 2.6 MB | 655/752 kB | 0.8/2.2 MB
Progress (3): 2.6 MB | 655/752 kB | 0.8/2.2 MB
Progress (3): 2.6 MB | 655/752 kB | 0.8/2.2 MB
Progress (3): 2.6 MB | 655/752 kB | 0.8/2.2 MB
Progress (3): 2.6 MB | 655/752 kB | 0.8/2.2 MB
Progress (3): 2.6 MB | 655/752 kB | 0.8/2.2 MB
Progress (3): 2.6 MB | 655/752 kB | 0.9/2.2 MB
Progress (3): 2.6 MB | 655/752 kB | 0.9/2.2 MB
Progress (3): 2.6 MB | 655/752 kB | 0.9/2.2 MB
Progress (3): 2.6 MB | 672/752 kB | 0.9/2.2 MB
Progress (3): 2.6 MB | 672/752 kB | 0.9/2.2 MB
Progress (3): 2.6 MB | 688/752 kB | 0.9/2.2 MB
Progress (3): 2.6 MB | 688/752 kB | 0.9/2.2 MB
Progress (3): 2.6 MB | 705/752 kB | 0.9/2.2 MB
Progress (3): 2.6 MB | 705/752 kB | 0.9/2.2 MB
Progress (3): 2.6 MB | 721/752 kB | 0.9/2.2 MB
Progress (3): 2.6 MB | 721/752 kB | 0.9/2.2 MB
Progress (3): 2.6 MB | 721/752 kB | 1.0/2.2 MB
Progress (3): 2.6 MB | 721/752 kB | 1.0/2.2 MB
Progress (3): 2.6 MB | 721/752 kB | 1.0/2.2 MB
Progress (3): 2.6 MB | 721/752 kB | 1.0/2.2 MB
Progress (4): 2.6 MB | 721/752 kB | 1.0/2.2 MB | 7.7/140 kB
Progress (4): 2.6 MB | 721/752 kB | 1.0/2.2 MB | 7.7/140 kB
Progress (4): 2.6 MB | 721/752 kB | 1.0/2.2 MB | 7.7/140 kB
Progress (4): 2.6 MB | 721/752 kB | 1.1/2.2 MB | 7.7/140 kB
Progress (4): 2.6 MB | 721/752 kB | 1.1/2.2 MB | 7.7/140 kB
Progress (4): 2.6 MB | 721/752 kB | 1.1/2.2 MB | 7.7/140 kB
Progress (4): 2.6 MB | 721/752 kB | 1.1/2.2 MB | 7.7/140 kB
Progress (4): 2.6 MB | 721/752 kB | 1.1/2.2 MB | 7.7/140 kB
Progress (4): 2.6 MB | 721/752 kB | 1.1/2.2 MB | 7.7/140 kB
Progress (4): 2.6 MB | 721/752 kB | 1.1/2.2 MB | 12/140 kB 
Progress (4): 2.6 MB | 721/752 kB | 1.2/2.2 MB | 12/140 kB
Progress (4): 2.6 MB | 721/752 kB | 1.2/2.2 MB | 28/140 kB
Progress (4): 2.6 MB | 721/752 kB | 1.2/2.2 MB | 44/140 kB
Progress (4): 2.6 MB | 737/752 kB | 1.2/2.2 MB | 44/140 kB
Progress (4): 2.6 MB | 737/752 kB | 1.2/2.2 MB | 44/140 kB
Progress (4): 2.6 MB | 737/752 kB | 1.2/2.2 MB | 61/140 kB
Progress (4): 2.6 MB | 752 kB | 1.2/2.2 MB | 61/140 kB    
Progress (4): 2.6 MB | 752 kB | 1.2/2.2 MB | 61/140 kB
Progress (4): 2.6 MB | 752 kB | 1.2/2.2 MB | 77/140 kB
Progress (4): 2.6 MB | 752 kB | 1.2/2.2 MB | 77/140 kB
Progress (4): 2.6 MB | 752 kB | 1.2/2.2 MB | 93/140 kB
Progress (4): 2.6 MB | 752 kB | 1.2/2.2 MB | 93/140 kB
Progress (4): 2.6 MB | 752 kB | 1.2/2.2 MB | 110/140 kB
Progress (4): 2.6 MB | 752 kB | 1.2/2.2 MB | 110/140 kB
Progress (4): 2.6 MB | 752 kB | 1.2/2.2 MB | 126/140 kB
Progress (4): 2.6 MB | 752 kB | 1.3/2.2 MB | 126/140 kB
Progress (4): 2.6 MB | 752 kB | 1.3/2.2 MB | 140 kB    
Progress (4): 2.6 MB | 752 kB | 1.3/2.2 MB | 140 kB
Progress (4): 2.6 MB | 752 kB | 1.3/2.2 MB | 140 kB
Progress (4): 2.6 MB | 752 kB | 1.3/2.2 MB | 140 kB
Progress (4): 2.6 MB | 752 kB | 1.3/2.2 MB | 140 kB
Progress (4): 2.6 MB | 752 kB | 1.3/2.2 MB | 140 kB
Progress (4): 2.6 MB | 752 kB | 1.4/2.2 MB | 140 kB
Progress (4): 2.6 MB | 752 kB | 1.4/2.2 MB | 140 kB
Progress (4): 2.6 MB | 752 kB | 1.4/2.2 MB | 140 kB
Progress (4): 2.6 MB | 752 kB | 1.4/2.2 MB | 140 kB
Progress (4): 2.6 MB | 752 kB | 1.4/2.2 MB | 140 kB
Progress (4): 2.6 MB | 752 kB | 1.4/2.2 MB | 140 kB
Progress (4): 2.6 MB | 752 kB | 1.5/2.2 MB | 140 kB
Progress (4): 2.6 MB | 752 kB | 1.5/2.2 MB | 140 kB
Progress (4): 2.6 MB | 752 kB | 1.5/2.2 MB | 140 kB
Progress (4): 2.6 MB | 752 kB | 1.5/2.2 MB | 140 kB
Progress (4): 2.6 MB | 752 kB | 1.5/2.2 MB | 140 kB
                                                   
Downloaded from central: https://repo1.maven.org/maven2/com/google/guava/guava/22.0/guava-22.0.jar (2.6 MB at 3.1 MB/s)
Downloading from central: https://repo1.maven.org/maven2/org/apache/commons/commons-configuration2/2.10.1/commons-configuration2-2.10.1.jar
Progress (3): 752 kB | 1.5/2.2 MB | 140 kB
Progress (3): 752 kB | 1.6/2.2 MB | 140 kB
Progress (3): 752 kB | 1.6/2.2 MB | 140 kB
Progress (3): 752 kB | 1.6/2.2 MB | 140 kB
Progress (3): 752 kB | 1.6/2.2 MB | 140 kB
Progress (3): 752 kB | 1.6/2.2 MB | 140 kB
Progress (3): 752 kB | 1.6/2.2 MB | 140 kB
Progress (3): 752 kB | 1.7/2.2 MB | 140 kB
Progress (3): 752 kB | 1.7/2.2 MB | 140 kB
Progress (3): 752 kB | 1.7/2.2 MB | 140 kB
Progress (3): 752 kB | 1.7/2.2 MB | 140 kB
Progress (3): 752 kB | 1.7/2.2 MB | 140 kB
Progress (3): 752 kB | 1.7/2.2 MB | 140 kB
Progress (3): 752 kB | 1.8/2.2 MB | 140 kB
Progress (3): 752 kB | 1.8/2.2 MB | 140 kB
Progress (3): 752 kB | 1.8/2.2 MB | 140 kB
Progress (3): 752 kB | 1.8/2.2 MB | 140 kB
Progress (3): 752 kB | 1.8/2.2 MB | 140 kB
Progress (3): 752 kB | 1.8/2.2 MB | 140 kB
Progress (3): 752 kB | 1.9/2.2 MB | 140 kB
Progress (3): 752 kB | 1.9/2.2 MB | 140 kB
Progress (3): 752 kB | 1.9/2.2 MB | 140 kB
Progress (3): 752 kB | 1.9/2.2 MB | 140 kB
Progress (3): 752 kB | 1.9/2.2 MB | 140 kB
Progress (3): 752 kB | 1.9/2.2 MB | 140 kB
Progress (3): 752 kB | 1.9/2.2 MB | 140 kB
Progress (3): 752 kB | 2.0/2.2 MB | 140 kB
Progress (3): 752 kB | 2.0/2.2 MB | 140 kB
Progress (3): 752 kB | 2.0/2.2 MB | 140 kB
                                          
Downloaded from central: https://repo1.maven.org/maven2/org/eclipse/jetty/jetty-webapp/9.4.57.v20241219/jetty-webapp-9.4.57.v20241219.jar (140 kB at 168 kB/s)
Downloading from central: https://repo1.maven.org/maven2/org/apache/commons/commons-text/1.10.0/commons-text-1.10.0.jar
Progress (2): 752 kB | 2.0/2.2 MB
Progress (2): 752 kB | 2.0/2.2 MB
Progress (2): 752 kB | 2.0/2.2 MB
Progress (2): 752 kB | 2.1/2.2 MB
Progress (2): 752 kB | 2.1/2.2 MB
Progress (2): 752 kB | 2.1/2.2 MB
Progress (2): 752 kB | 2.1/2.2 MB
Progress (2): 752 kB | 2.1/2.2 MB
Progress (2): 752 kB | 2.1/2.2 MB
Progress (2): 752 kB | 2.2/2.2 MB
Progress (2): 752 kB | 2.2/2.2 MB
Progress (2): 752 kB | 2.2/2.2 MB
Progress (2): 752 kB | 2.2/2.2 MB
Progress (2): 752 kB | 2.2 MB    
                             
Downloaded from central: https://repo1.maven.org/maven2/org/apache/commons/commons-collections4/4.4/commons-collections4-4.4.jar (752 kB at 893 kB/s)
Downloading from central: https://repo1.maven.org/maven2/org/apache/avro/avro/1.12.0/avro-1.12.0.jar
Progress (2): 2.2 MB | 7.7/69 kB
Progress (2): 2.2 MB | 16/69 kB 
Progress (2): 2.2 MB | 32/69 kB
Progress (2): 2.2 MB | 49/69 kB
Progress (2): 2.2 MB | 65/69 kB
Progress (2): 2.2 MB | 69 kB   
                            
Downloaded from central: https://repo1.maven.org/maven2/org/eclipse/jetty/jetty-xml/9.4.57.v20241219/jetty-xml-9.4.57.v20241219.jar (69 kB at 81 kB/s)
Downloading from central: https://repo1.maven.org/maven2/com/google/re2j/re2j/1.2/re2j-1.2.jar
Downloaded from central: https://repo1.maven.org/maven2/org/apache/commons/commons-math3/3.6.1/commons-math3-3.6.1.jar (2.2 MB at 2.6 MB/s)
Downloading from central: https://repo1.maven.org/maven2/com/google/code/gson/gson/2.9.0/gson-2.9.0.jar
Progress (1): 7.7/238 kB
Progress (1): 12/238 kB 
Progress (1): 29/238 kB
Progress (1): 45/238 kB
Progress (1): 61/238 kB
Progress (1): 78/238 kB
Progress (1): 94/238 kB
Progress (1): 111/238 kB
Progress (1): 127/238 kB
Progress (1): 131/238 kB
Progress (1): 147/238 kB
Progress (1): 164/238 kB
Progress (1): 180/238 kB
Progress (1): 197/238 kB
Progress (1): 213/238 kB
Progress (1): 229/238 kB
Progress (1): 238 kB    
Progress (2): 238 kB | 7.7/713 kB
Progress (3): 238 kB | 7.7/713 kB | 7.7/658 kB
Progress (3): 238 kB | 7.8/713 kB | 7.7/658 kB
Progress (3): 238 kB | 7.8/713 kB | 8.2/658 kB
Progress (3): 238 kB | 24/713 kB | 8.2/658 kB 
Progress (3): 238 kB | 24/713 kB | 25/658 kB 
Progress (3): 238 kB | 24/713 kB | 41/658 kB
Progress (3): 238 kB | 41/713 kB | 41/658 kB
Progress (3): 238 kB | 57/713 kB | 41/658 kB
Progress (3): 238 kB | 57/713 kB | 57/658 kB
Progress (3): 238 kB | 73/713 kB | 57/658 kB
Progress (3): 238 kB | 73/713 kB | 74/658 kB
Progress (3): 238 kB | 90/713 kB | 74/658 kB
Progress (3): 238 kB | 90/713 kB | 90/658 kB
Progress (3): 238 kB | 106/713 kB | 90/658 kB
Progress (3): 238 kB | 106/713 kB | 106/658 kB
Progress (3): 238 kB | 122/713 kB | 106/658 kB
Progress (3): 238 kB | 122/713 kB | 123/658 kB
Progress (3): 238 kB | 123/713 kB | 123/658 kB
Progress (3): 238 kB | 123/713 kB | 131/658 kB
Progress (3): 238 kB | 139/713 kB | 131/658 kB
Progress (3): 238 kB | 139/713 kB | 147/658 kB
Progress (3): 238 kB | 139/713 kB | 156/658 kB
Progress (3): 238 kB | 156/713 kB | 156/658 kB
Progress (3): 238 kB | 156/713 kB | 164/658 kB
Progress (3): 238 kB | 172/713 kB | 164/658 kB
Progress (3): 238 kB | 172/713 kB | 180/658 kB
Progress (3): 238 kB | 172/713 kB | 197/658 kB
Progress (3): 238 kB | 188/713 kB | 197/658 kB
Progress (3): 238 kB | 205/713 kB | 197/658 kB
Progress (3): 238 kB | 205/713 kB | 213/658 kB
Progress (3): 238 kB | 221/713 kB | 213/658 kB
Progress (3): 238 kB | 221/713 kB | 229/658 kB
Progress (3): 238 kB | 238/713 kB | 229/658 kB
Progress (3): 238 kB | 238/713 kB | 246/658 kB
Progress (3): 238 kB | 254/713 kB | 246/658 kB
Progress (3): 238 kB | 254/713 kB | 262/658 kB
Progress (3): 238 kB | 262/713 kB | 262/658 kB
Progress (3): 238 kB | 279/713 kB | 262/658 kB
Progress (3): 238 kB | 279/713 kB | 279/658 kB
Progress (3): 238 kB | 279/713 kB | 295/658 kB
Progress (3): 238 kB | 295/713 kB | 295/658 kB
Progress (3): 238 kB | 311/713 kB | 295/658 kB
Progress (3): 238 kB | 311/713 kB | 311/658 kB
Progress (3): 238 kB | 311/713 kB | 328/658 kB
Progress (3): 238 kB | 328/713 kB | 328/658 kB
Progress (3): 238 kB | 328/713 kB | 344/658 kB
Progress (3): 238 kB | 328/713 kB | 352/658 kB
Progress (3): 238 kB | 344/713 kB | 352/658 kB
Progress (3): 238 kB | 344/713 kB | 369/658 kB
Progress (3): 238 kB | 352/713 kB | 369/658 kB
Progress (3): 238 kB | 352/713 kB | 385/658 kB
Progress (3): 238 kB | 369/713 kB | 385/658 kB
Progress (3): 238 kB | 369/713 kB | 401/658 kB
Progress (3): 238 kB | 385/713 kB | 401/658 kB
Progress (3): 238 kB | 385/713 kB | 418/658 kB
Progress (3): 238 kB | 393/713 kB | 418/658 kB
Progress (3): 238 kB | 393/713 kB | 426/658 kB
Progress (3): 238 kB | 410/713 kB | 426/658 kB
Progress (3): 238 kB | 410/713 kB | 434/658 kB
Progress (3): 238 kB | 426/713 kB | 434/658 kB
Progress (3): 238 kB | 426/713 kB | 442/658 kB
Progress (3): 238 kB | 442/713 kB | 442/658 kB
Progress (3): 238 kB | 442/713 kB | 459/658 kB
Progress (3): 238 kB | 451/713 kB | 459/658 kB
Progress (3): 238 kB | 467/713 kB | 459/658 kB
Progress (3): 238 kB | 467/713 kB | 475/658 kB
Progress (3): 238 kB | 483/713 kB | 475/658 kB
Progress (3): 238 kB | 483/713 kB | 483/658 kB
Progress (3): 238 kB | 492/713 kB | 483/658 kB
                                              
Downloaded from central: https://repo1.maven.org/maven2/org/apache/commons/commons-text/1.10.0/commons-text-1.10.0.jar (238 kB at 268 kB/s)
Downloading from central: https://repo1.maven.org/maven2/org/apache/commons/commons-compress/1.26.0/commons-compress-1.26.0.jar
Progress (2): 508/713 kB | 483/658 kB
Progress (2): 508/713 kB | 500/658 kB
Progress (2): 524/713 kB | 500/658 kB
Progress (2): 532/713 kB | 500/658 kB
Progress (2): 532/713 kB | 516/658 kB
Progress (2): 541/713 kB | 516/658 kB
Progress (2): 541/713 kB | 532/658 kB
Progress (2): 557/713 kB | 532/658 kB
Progress (2): 557/713 kB | 549/658 kB
Progress (2): 573/713 kB | 549/658 kB
Progress (2): 573/713 kB | 565/658 kB
Progress (2): 582/713 kB | 565/658 kB
Progress (2): 582/713 kB | 582/658 kB
Progress (2): 582/713 kB | 598/658 kB
Progress (2): 598/713 kB | 598/658 kB
Progress (2): 598/713 kB | 614/658 kB
Progress (2): 606/713 kB | 614/658 kB
Progress (2): 606/713 kB | 631/658 kB
Progress (2): 623/713 kB | 631/658 kB
Progress (2): 623/713 kB | 647/658 kB
Progress (2): 639/713 kB | 647/658 kB
Progress (2): 639/713 kB | 658 kB    
Progress (2): 655/713 kB | 658 kB
Progress (2): 672/713 kB | 658 kB
Progress (2): 688/713 kB | 658 kB
Progress (2): 696/713 kB | 658 kB
Progress (2): 713/713 kB | 658 kB
Progress (2): 713 kB | 658 kB    
Progress (3): 713 kB | 658 kB | 8.2/127 kB
Progress (3): 713 kB | 658 kB | 16/127 kB 
Progress (3): 713 kB | 658 kB | 33/127 kB
Progress (3): 713 kB | 658 kB | 49/127 kB
Progress (3): 713 kB | 658 kB | 57/127 kB
Progress (3): 713 kB | 658 kB | 66/127 kB
Progress (3): 713 kB | 658 kB | 82/127 kB
Progress (3): 713 kB | 658 kB | 98/127 kB
Progress (3): 713 kB | 658 kB | 115/127 kB
Progress (3): 713 kB | 658 kB | 127 kB    
Progress (4): 713 kB | 658 kB | 127 kB | 7.7/249 kB
Progress (4): 713 kB | 658 kB | 127 kB | 16/249 kB 
Progress (4): 713 kB | 658 kB | 127 kB | 25/249 kB
Progress (4): 713 kB | 658 kB | 127 kB | 41/249 kB
Progress (4): 713 kB | 658 kB | 127 kB | 57/249 kB
Progress (4): 713 kB | 658 kB | 127 kB | 74/249 kB
Progress (4): 713 kB | 658 kB | 127 kB | 90/249 kB
Progress (4): 713 kB | 658 kB | 127 kB | 106/249 kB
Progress (4): 713 kB | 658 kB | 127 kB | 123/249 kB
Progress (4): 713 kB | 658 kB | 127 kB | 131/249 kB
Progress (4): 713 kB | 658 kB | 127 kB | 147/249 kB
Progress (4): 713 kB | 658 kB | 127 kB | 156/249 kB
Progress (4): 713 kB | 658 kB | 127 kB | 164/249 kB
Progress (4): 713 kB | 658 kB | 127 kB | 172/249 kB
Progress (4): 713 kB | 658 kB | 127 kB | 188/249 kB
Progress (4): 713 kB | 658 kB | 127 kB | 197/249 kB
Progress (4): 713 kB | 658 kB | 127 kB | 213/249 kB
                                                   
Downloaded from central: https://repo1.maven.org/maven2/org/apache/commons/commons-configuration2/2.10.1/commons-configuration2-2.10.1.jar (658 kB at 726 kB/s)
Downloading from central: https://repo1.maven.org/maven2/org/codehaus/woodstox/stax2-api/4.2.1/stax2-api-4.2.1.jar
Progress (3): 713 kB | 127 kB | 229/249 kB
Progress (3): 713 kB | 127 kB | 246/249 kB
Progress (3): 713 kB | 127 kB | 249 kB    
                                      
Downloaded from central: https://repo1.maven.org/maven2/com/google/re2j/re2j/1.2/re2j-1.2.jar (127 kB at 140 kB/s)
Downloading from central: https://repo1.maven.org/maven2/com/fasterxml/woodstox/woodstox-core/5.4.0/woodstox-core-5.4.0.jar
Downloaded from central: https://repo1.maven.org/maven2/org/apache/avro/avro/1.12.0/avro-1.12.0.jar (713 kB at 786 kB/s)
Downloading from central: https://repo1.maven.org/maven2/org/apache/hadoop/hadoop-hdfs/3.4.2/hadoop-hdfs-3.4.2.jar
Downloaded from central: https://repo1.maven.org/maven2/com/google/code/gson/gson/2.9.0/gson-2.9.0.jar (249 kB at 271 kB/s)
Downloading from central: https://repo1.maven.org/maven2/org/apache/hadoop/hadoop-mapreduce-client-core/3.4.2/hadoop-mapreduce-client-core-3.4.2.jar
Progress (1): 0/1.1 MB
Progress (1): 0/1.1 MB
Progress (1): 0/1.1 MB
Progress (1): 0/1.1 MB
Progress (1): 0.1/1.1 MB
Progress (1): 0.1/1.1 MB
Progress (1): 0.1/1.1 MB
Progress (1): 0.1/1.1 MB
Progress (1): 0.1/1.1 MB
Progress (1): 0.1/1.1 MB
Progress (1): 0.2/1.1 MB
Progress (1): 0.2/1.1 MB
Progress (1): 0.2/1.1 MB
Progress (1): 0.2/1.1 MB
Progress (1): 0.2/1.1 MB
Progress (1): 0.2/1.1 MB
Progress (1): 0.3/1.1 MB
Progress (1): 0.3/1.1 MB
Progress (1): 0.3/1.1 MB
Progress (1): 0.3/1.1 MB
Progress (1): 0.3/1.1 MB
Progress (1): 0.3/1.1 MB
Progress (1): 0.4/1.1 MB
Progress (1): 0.4/1.1 MB
Progress (1): 0.4/1.1 MB
Progress (1): 0.4/1.1 MB
Progress (1): 0.4/1.1 MB
Progress (1): 0.4/1.1 MB
Progress (1): 0.5/1.1 MB
Progress (1): 0.5/1.1 MB
Progress (1): 0.5/1.1 MB
Progress (1): 0.5/1.1 MB
Progress (1): 0.5/1.1 MB
Progress (1): 0.5/1.1 MB
Progress (1): 0.6/1.1 MB
Progress (1): 0.6/1.1 MB
Progress (1): 0.6/1.1 MB
Progress (1): 0.6/1.1 MB
Progress (1): 0.6/1.1 MB
Progress (1): 0.6/1.1 MB
Progress (1): 0.7/1.1 MB
Progress (1): 0.7/1.1 MB
Progress (1): 0.7/1.1 MB
Progress (1): 0.7/1.1 MB
Progress (1): 0.7/1.1 MB
Progress (1): 0.7/1.1 MB
Progress (1): 0.8/1.1 MB
Progress (1): 0.8/1.1 MB
Progress (1): 0.8/1.1 MB
Progress (1): 0.8/1.1 MB
Progress (1): 0.8/1.1 MB
Progress (1): 0.8/1.1 MB
Progress (1): 0.9/1.1 MB
Progress (1): 0.9/1.1 MB
Progress (1): 0.9/1.1 MB
Progress (1): 0.9/1.1 MB
Progress (1): 0.9/1.1 MB
Progress (1): 0.9/1.1 MB
Progress (1): 0.9/1.1 MB
Progress (1): 1.0/1.1 MB
Progress (1): 1.0/1.1 MB
Progress (1): 1.0/1.1 MB
Progress (1): 1.0/1.1 MB
Progress (1): 1.0/1.1 MB
Progress (1): 1.0/1.1 MB
Progress (1): 1.1/1.1 MB
Progress (1): 1.1 MB    
Progress (2): 1.1 MB | 7.7/523 kB
Progress (2): 1.1 MB | 8.2/523 kB
Progress (2): 1.1 MB | 16/523 kB 
Progress (3): 1.1 MB | 16/523 kB | 7.7/196 kB
Progress (4): 1.1 MB | 16/523 kB | 7.7/196 kB | 0/6.4 MB
Progress (4): 1.1 MB | 33/523 kB | 7.7/196 kB | 0/6.4 MB
Progress (4): 1.1 MB | 49/523 kB | 7.7/196 kB | 0/6.4 MB
Progress (4): 1.1 MB | 66/523 kB | 7.7/196 kB | 0/6.4 MB
Progress (4): 1.1 MB | 82/523 kB | 7.7/196 kB | 0/6.4 MB
Progress (4): 1.1 MB | 98/523 kB | 7.7/196 kB | 0/6.4 MB
Progress (4): 1.1 MB | 98/523 kB | 7.7/196 kB | 0/6.4 MB
Progress (4): 1.1 MB | 115/523 kB | 7.7/196 kB | 0/6.4 MB
Progress (4): 1.1 MB | 115/523 kB | 16/196 kB | 0/6.4 MB 
Progress (4): 1.1 MB | 131/523 kB | 16/196 kB | 0/6.4 MB
Progress (4): 1.1 MB | 131/523 kB | 32/196 kB | 0/6.4 MB
Progress (4): 1.1 MB | 147/523 kB | 32/196 kB | 0/6.4 MB
Progress (4): 1.1 MB | 164/523 kB | 32/196 kB | 0/6.4 MB
Progress (4): 1.1 MB | 164/523 kB | 49/196 kB | 0/6.4 MB
Progress (4): 1.1 MB | 164/523 kB | 49/196 kB | 0/6.4 MB
Progress (4): 1.1 MB | 180/523 kB | 49/196 kB | 0/6.4 MB
Progress (4): 1.1 MB | 180/523 kB | 65/196 kB | 0/6.4 MB
Progress (4): 1.1 MB | 180/523 kB | 65/196 kB | 0/6.4 MB
Progress (4): 1.1 MB | 197/523 kB | 65/196 kB | 0/6.4 MB
Progress (4): 1.1 MB | 197/523 kB | 65/196 kB | 0.1/6.4 MB
Progress (4): 1.1 MB | 197/523 kB | 81/196 kB | 0.1/6.4 MB
Progress (4): 1.1 MB | 197/523 kB | 81/196 kB | 0.1/6.4 MB
Progress (4): 1.1 MB | 197/523 kB | 98/196 kB | 0.1/6.4 MB
Progress (4): 1.1 MB | 197/523 kB | 98/196 kB | 0.1/6.4 MB
Progress (4): 1.1 MB | 205/523 kB | 98/196 kB | 0.1/6.4 MB
Progress (4): 1.1 MB | 205/523 kB | 114/196 kB | 0.1/6.4 MB
Progress (4): 1.1 MB | 205/523 kB | 114/196 kB | 0.1/6.4 MB
Progress (4): 1.1 MB | 213/523 kB | 114/196 kB | 0.1/6.4 MB
Progress (4): 1.1 MB | 213/523 kB | 114/196 kB | 0.1/6.4 MB
Progress (4): 1.1 MB | 213/523 kB | 131/196 kB | 0.1/6.4 MB
Progress (4): 1.1 MB | 229/523 kB | 131/196 kB | 0.1/6.4 MB
Progress (4): 1.1 MB | 229/523 kB | 131/196 kB | 0.1/6.4 MB
Progress (4): 1.1 MB | 229/523 kB | 147/196 kB | 0.1/6.4 MB
Progress (4): 1.1 MB | 246/523 kB | 147/196 kB | 0.1/6.4 MB
Progress (4): 1.1 MB | 254/523 kB | 147/196 kB | 0.1/6.4 MB
Progress (4): 1.1 MB | 254/523 kB | 163/196 kB | 0.1/6.4 MB
Progress (4): 1.1 MB | 254/523 kB | 163/196 kB | 0.1/6.4 MB
Progress (4): 1.1 MB | 270/523 kB | 163/196 kB | 0.1/6.4 MB
Progress (4): 1.1 MB | 270/523 kB | 180/196 kB | 0.1/6.4 MB
Progress (4): 1.1 MB | 270/523 kB | 180/196 kB | 0.1/6.4 MB
Progress (4): 1.1 MB | 287/523 kB | 180/196 kB | 0.1/6.4 MB
Progress (4): 1.1 MB | 287/523 kB | 196 kB | 0.1/6.4 MB    
Progress (4): 1.1 MB | 287/523 kB | 196 kB | 0.2/6.4 MB
Progress (4): 1.1 MB | 303/523 kB | 196 kB | 0.2/6.4 MB
Progress (4): 1.1 MB | 303/523 kB | 196 kB | 0.2/6.4 MB
Progress (4): 1.1 MB | 319/523 kB | 196 kB | 0.2/6.4 MB
Progress (4): 1.1 MB | 319/523 kB | 196 kB | 0.2/6.4 MB
Progress (4): 1.1 MB | 336/523 kB | 196 kB | 0.2/6.4 MB
Progress (4): 1.1 MB | 336/523 kB | 196 kB | 0.2/6.4 MB
Progress (4): 1.1 MB | 352/523 kB | 196 kB | 0.2/6.4 MB
Progress (4): 1.1 MB | 352/523 kB | 196 kB | 0.2/6.4 MB
Progress (4): 1.1 MB | 360/523 kB | 196 kB | 0.2/6.4 MB
Progress (4): 1.1 MB | 360/523 kB | 196 kB | 0.2/6.4 MB
Progress (4): 1.1 MB | 377/523 kB | 196 kB | 0.2/6.4 MB
Progress (4): 1.1 MB | 377/523 kB | 196 kB | 0.2/6.4 MB
Progress (4): 1.1 MB | 385/523 kB | 196 kB | 0.2/6.4 MB
Progress (4): 1.1 MB | 385/523 kB | 196 kB | 0.3/6.4 MB
Progress (4): 1.1 MB | 401/523 kB | 196 kB | 0.3/6.4 MB
Progress (4): 1.1 MB | 401/523 kB | 196 kB | 0.3/6.4 MB
Progress (4): 1.1 MB | 418/523 kB | 196 kB | 0.3/6.4 MB
Progress (4): 1.1 MB | 418/523 kB | 196 kB | 0.3/6.4 MB
Progress (4): 1.1 MB | 434/523 kB | 196 kB | 0.3/6.4 MB
Progress (4): 1.1 MB | 434/523 kB | 196 kB | 0.3/6.4 MB
Progress (4): 1.1 MB | 451/523 kB | 196 kB | 0.3/6.4 MB
Progress (4): 1.1 MB | 467/523 kB | 196 kB | 0.3/6.4 MB
Progress (4): 1.1 MB | 467/523 kB | 196 kB | 0.3/6.4 MB
Progress (4): 1.1 MB | 483/523 kB | 196 kB | 0.3/6.4 MB
Progress (4): 1.1 MB | 483/523 kB | 196 kB | 0.3/6.4 MB
Progress (4): 1.1 MB | 500/523 kB | 196 kB | 0.3/6.4 MB
Progress (4): 1.1 MB | 500/523 kB | 196 kB | 0.3/6.4 MB
Progress (4): 1.1 MB | 516/523 kB | 196 kB | 0.3/6.4 MB
Progress (4): 1.1 MB | 516/523 kB | 196 kB | 0.4/6.4 MB
Progress (4): 1.1 MB | 523 kB | 196 kB | 0.4/6.4 MB    
Progress (4): 1.1 MB | 523 kB | 196 kB | 0.4/6.4 MB
Progress (4): 1.1 MB | 523 kB | 196 kB | 0.4/6.4 MB
Progress (4): 1.1 MB | 523 kB | 196 kB | 0.4/6.4 MB
Progress (4): 1.1 MB | 523 kB | 196 kB | 0.4/6.4 MB
Progress (4): 1.1 MB | 523 kB | 196 kB | 0.4/6.4 MB
Progress (4): 1.1 MB | 523 kB | 196 kB | 0.4/6.4 MB
Progress (4): 1.1 MB | 523 kB | 196 kB | 0.5/6.4 MB
Progress (4): 1.1 MB | 523 kB | 196 kB | 0.5/6.4 MB
Progress (4): 1.1 MB | 523 kB | 196 kB | 0.5/6.4 MB
Progress (4): 1.1 MB | 523 kB | 196 kB | 0.5/6.4 MB
Progress (4): 1.1 MB | 523 kB | 196 kB | 0.5/6.4 MB
Progress (4): 1.1 MB | 523 kB | 196 kB | 0.5/6.4 MB
Progress (4): 1.1 MB | 523 kB | 196 kB | 0.6/6.4 MB
Progress (4): 1.1 MB | 523 kB | 196 kB | 0.6/6.4 MB
Progress (4): 1.1 MB | 523 kB | 196 kB | 0.6/6.4 MB
Progress (4): 1.1 MB | 523 kB | 196 kB | 0.6/6.4 MB
Progress (4): 1.1 MB | 523 kB | 196 kB | 0.6/6.4 MB
Progress (4): 1.1 MB | 523 kB | 196 kB | 0.6/6.4 MB
Progress (4): 1.1 MB | 523 kB | 196 kB | 0.6/6.4 MB
Progress (4): 1.1 MB | 523 kB | 196 kB | 0.7/6.4 MB
Progress (4): 1.1 MB | 523 kB | 196 kB | 0.7/6.4 MB
Progress (4): 1.1 MB | 523 kB | 196 kB | 0.7/6.4 MB
Progress (4): 1.1 MB | 523 kB | 196 kB | 0.7/6.4 MB
Progress (4): 1.1 MB | 523 kB | 196 kB | 0.7/6.4 MB
Progress (4): 1.1 MB | 523 kB | 196 kB | 0.7/6.4 MB
Progress (4): 1.1 MB | 523 kB | 196 kB | 0.7/6.4 MB
Progress (4): 1.1 MB | 523 kB | 196 kB | 0.8/6.4 MB
Progress (4): 1.1 MB | 523 kB | 196 kB | 0.8/6.4 MB
Progress (4): 1.1 MB | 523 kB | 196 kB | 0.8/6.4 MB
Progress (4): 1.1 MB | 523 kB | 196 kB | 0.8/6.4 MB
Progress (4): 1.1 MB | 523 kB | 196 kB | 0.8/6.4 MB
Progress (4): 1.1 MB | 523 kB | 196 kB | 0.8/6.4 MB
Progress (4): 1.1 MB | 523 kB | 196 kB | 0.8/6.4 MB
Progress (4): 1.1 MB | 523 kB | 196 kB | 0.9/6.4 MB
Progress (4): 1.1 MB | 523 kB | 196 kB | 0.9/6.4 MB
Progress (4): 1.1 MB | 523 kB | 196 kB | 0.9/6.4 MB
Progress (4): 1.1 MB | 523 kB | 196 kB | 0.9/6.4 MB
                                                   
Downloaded from central: https://repo1.maven.org/maven2/org/codehaus/woodstox/stax2-api/4.2.1/stax2-api-4.2.1.jar (196 kB at 202 kB/s)
Downloading from central: https://repo1.maven.org/maven2/org/apache/hadoop/hadoop-yarn-client/3.4.2/hadoop-yarn-client-3.4.2.jar
Progress (3): 1.1 MB | 523 kB | 0.9/6.4 MB
                                          
Downloaded from central: https://repo1.maven.org/maven2/org/apache/commons/commons-compress/1.26.0/commons-compress-1.26.0.jar (1.1 MB at 1.1 MB/s)
Downloading from central: https://repo1.maven.org/maven2/org/eclipse/jetty/websocket/websocket-client/9.4.57.v20241219/websocket-client-9.4.57.v20241219.jar
Progress (2): 523 kB | 0.9/6.4 MB
Progress (2): 523 kB | 1.0/6.4 MB
Progress (2): 523 kB | 1.0/6.4 MB
Progress (2): 523 kB | 1.0/6.4 MB
Progress (2): 523 kB | 1.0/6.4 MB
Progress (2): 523 kB | 1.0/6.4 MB
Progress (2): 523 kB | 1.0/6.4 MB
Progress (2): 523 kB | 1.0/6.4 MB
Progress (2): 523 kB | 1.0/6.4 MB
Progress (2): 523 kB | 1.1/6.4 MB
Progress (2): 523 kB | 1.1/6.4 MB
Progress (2): 523 kB | 1.1/6.4 MB
Progress (2): 523 kB | 1.1/6.4 MB
Progress (2): 523 kB | 1.1/6.4 MB
Progress (3): 523 kB | 1.1/6.4 MB | 0/1.8 MB
Progress (3): 523 kB | 1.1/6.4 MB | 0/1.8 MB
Progress (3): 523 kB | 1.2/6.4 MB | 0/1.8 MB
Progress (3): 523 kB | 1.2/6.4 MB | 0/1.8 MB
Progress (3): 523 kB | 1.2/6.4 MB | 0/1.8 MB
Progress (3): 523 kB | 1.2/6.4 MB | 0/1.8 MB
Progress (3): 523 kB | 1.2/6.4 MB | 0/1.8 MB
Progress (3): 523 kB | 1.2/6.4 MB | 0/1.8 MB
Progress (3): 523 kB | 1.2/6.4 MB | 0/1.8 MB
Progress (3): 523 kB | 1.2/6.4 MB | 0/1.8 MB
Progress (3): 523 kB | 1.3/6.4 MB | 0/1.8 MB
Progress (3): 523 kB | 1.3/6.4 MB | 0/1.8 MB
Progress (3): 523 kB | 1.3/6.4 MB | 0/1.8 MB
Progress (3): 523 kB | 1.3/6.4 MB | 0.1/1.8 MB
Progress (3): 523 kB | 1.3/6.4 MB | 0.1/1.8 MB
Progress (3): 523 kB | 1.3/6.4 MB | 0.1/1.8 MB
Progress (3): 523 kB | 1.3/6.4 MB | 0.1/1.8 MB
Progress (3): 523 kB | 1.3/6.4 MB | 0.1/1.8 MB
Progress (3): 523 kB | 1.3/6.4 MB | 0.1/1.8 MB
Progress (3): 523 kB | 1.3/6.4 MB | 0.1/1.8 MB
Progress (3): 523 kB | 1.3/6.4 MB | 0.1/1.8 MB
Progress (3): 523 kB | 1.4/6.4 MB | 0.1/1.8 MB
Progress (3): 523 kB | 1.4/6.4 MB | 0.1/1.8 MB
                                              
Downloaded from central: https://repo1.maven.org/maven2/com/fasterxml/woodstox/woodstox-core/5.4.0/woodstox-core-5.4.0.jar (523 kB at 534 kB/s)
Downloading from central: https://repo1.maven.org/maven2/org/eclipse/jetty/jetty-client/9.4.57.v20241219/jetty-client-9.4.57.v20241219.jar
Progress (2): 1.4/6.4 MB | 0.1/1.8 MB
Progress (2): 1.4/6.4 MB | 0.1/1.8 MB
Progress (2): 1.4/6.4 MB | 0.1/1.8 MB
Progress (2): 1.4/6.4 MB | 0.1/1.8 MB
Progress (2): 1.4/6.4 MB | 0.1/1.8 MB
Progress (2): 1.4/6.4 MB | 0.1/1.8 MB
Progress (2): 1.4/6.4 MB | 0.2/1.8 MB
Progress (2): 1.4/6.4 MB | 0.2/1.8 MB
Progress (2): 1.4/6.4 MB | 0.2/1.8 MB
Progress (2): 1.4/6.4 MB | 0.2/1.8 MB
Progress (2): 1.4/6.4 MB | 0.2/1.8 MB
Progress (2): 1.4/6.4 MB | 0.2/1.8 MB
Progress (2): 1.4/6.4 MB | 0.2/1.8 MB
Progress (2): 1.5/6.4 MB | 0.2/1.8 MB
Progress (2): 1.5/6.4 MB | 0.2/1.8 MB
Progress (2): 1.5/6.4 MB | 0.2/1.8 MB
Progress (2): 1.5/6.4 MB | 0.2/1.8 MB
Progress (2): 1.5/6.4 MB | 0.2/1.8 MB
Progress (2): 1.5/6.4 MB | 0.2/1.8 MB
Progress (2): 1.5/6.4 MB | 0.2/1.8 MB
Progress (2): 1.5/6.4 MB | 0.3/1.8 MB
Progress (2): 1.5/6.4 MB | 0.3/1.8 MB
Progress (2): 1.5/6.4 MB | 0.3/1.8 MB
Progress (2): 1.5/6.4 MB | 0.3/1.8 MB
Progress (2): 1.5/6.4 MB | 0.3/1.8 MB
Progress (2): 1.5/6.4 MB | 0.3/1.8 MB
Progress (2): 1.5/6.4 MB | 0.3/1.8 MB
Progress (2): 1.6/6.4 MB | 0.3/1.8 MB
Progress (2): 1.6/6.4 MB | 0.3/1.8 MB
Progress (2): 1.6/6.4 MB | 0.3/1.8 MB
Progress (2): 1.6/6.4 MB | 0.3/1.8 MB
Progress (2): 1.6/6.4 MB | 0.3/1.8 MB
Progress (2): 1.6/6.4 MB | 0.3/1.8 MB
Progress (2): 1.6/6.4 MB | 0.3/1.8 MB
Progress (2): 1.6/6.4 MB | 0.3/1.8 MB
Progress (2): 1.6/6.4 MB | 0.3/1.8 MB
Progress (2): 1.6/6.4 MB | 0.4/1.8 MB
Progress (2): 1.6/6.4 MB | 0.4/1.8 MB
Progress (2): 1.6/6.4 MB | 0.4/1.8 MB
Progress (2): 1.6/6.4 MB | 0.4/1.8 MB
Progress (2): 1.6/6.4 MB | 0.4/1.8 MB
Progress (2): 1.7/6.4 MB | 0.4/1.8 MB
Progress (2): 1.7/6.4 MB | 0.4/1.8 MB
Progress (2): 1.7/6.4 MB | 0.4/1.8 MB
Progress (2): 1.7/6.4 MB | 0.4/1.8 MB
Progress (2): 1.7/6.4 MB | 0.4/1.8 MB
Progress (2): 1.7/6.4 MB | 0.4/1.8 MB
Progress (2): 1.7/6.4 MB | 0.4/1.8 MB
Progress (2): 1.7/6.4 MB | 0.4/1.8 MB
Progress (2): 1.7/6.4 MB | 0.4/1.8 MB
Progress (2): 1.7/6.4 MB | 0.4/1.8 MB
Progress (2): 1.7/6.4 MB | 0.4/1.8 MB
Progress (2): 1.7/6.4 MB | 0.4/1.8 MB
Progress (2): 1.8/6.4 MB | 0.4/1.8 MB
Progress (2): 1.8/6.4 MB | 0.5/1.8 MB
Progress (2): 1.8/6.4 MB | 0.5/1.8 MB
Progress (2): 1.8/6.4 MB | 0.5/1.8 MB
Progress (2): 1.8/6.4 MB | 0.5/1.8 MB
Progress (2): 1.8/6.4 MB | 0.5/1.8 MB
Progress (2): 1.8/6.4 MB | 0.5/1.8 MB
Progress (2): 1.8/6.4 MB | 0.5/1.8 MB
Progress (2): 1.8/6.4 MB | 0.5/1.8 MB
Progress (2): 1.8/6.4 MB | 0.5/1.8 MB
Progress (2): 1.8/6.4 MB | 0.5/1.8 MB
Progress (2): 1.8/6.4 MB | 0.5/1.8 MB
Progress (2): 1.8/6.4 MB | 0.5/1.8 MB
Progress (2): 1.9/6.4 MB | 0.5/1.8 MB
Progress (2): 1.9/6.4 MB | 0.6/1.8 MB
Progress (2): 1.9/6.4 MB | 0.6/1.8 MB
Progress (2): 1.9/6.4 MB | 0.6/1.8 MB
Progress (2): 1.9/6.4 MB | 0.6/1.8 MB
Progress (2): 1.9/6.4 MB | 0.6/1.8 MB
Progress (2): 1.9/6.4 MB | 0.6/1.8 MB
Progress (2): 1.9/6.4 MB | 0.6/1.8 MB
Progress (2): 1.9/6.4 MB | 0.6/1.8 MB
Progress (2): 1.9/6.4 MB | 0.6/1.8 MB
Progress (2): 1.9/6.4 MB | 0.6/1.8 MB
Progress (2): 1.9/6.4 MB | 0.6/1.8 MB
Progress (2): 2.0/6.4 MB | 0.6/1.8 MB
Progress (2): 2.0/6.4 MB | 0.6/1.8 MB
Progress (2): 2.0/6.4 MB | 0.7/1.8 MB
Progress (2): 2.0/6.4 MB | 0.7/1.8 MB
Progress (2): 2.0/6.4 MB | 0.7/1.8 MB
Progress (2): 2.0/6.4 MB | 0.7/1.8 MB
Progress (2): 2.0/6.4 MB | 0.7/1.8 MB
Progress (2): 2.0/6.4 MB | 0.7/1.8 MB
Progress (2): 2.0/6.4 MB | 0.7/1.8 MB
Progress (2): 2.0/6.4 MB | 0.7/1.8 MB
Progress (2): 2.0/6.4 MB | 0.7/1.8 MB
Progress (2): 2.1/6.4 MB | 0.7/1.8 MB
Progress (2): 2.1/6.4 MB | 0.7/1.8 MB
Progress (2): 2.1/6.4 MB | 0.7/1.8 MB
Progress (2): 2.1/6.4 MB | 0.7/1.8 MB
Progress (2): 2.1/6.4 MB | 0.7/1.8 MB
Progress (2): 2.1/6.4 MB | 0.8/1.8 MB
Progress (2): 2.1/6.4 MB | 0.8/1.8 MB
Progress (2): 2.1/6.4 MB | 0.8/1.8 MB
Progress (2): 2.1/6.4 MB | 0.8/1.8 MB
Progress (2): 2.1/6.4 MB | 0.8/1.8 MB
Progress (2): 2.1/6.4 MB | 0.8/1.8 MB
Progress (2): 2.1/6.4 MB | 0.8/1.8 MB
Progress (2): 2.2/6.4 MB | 0.8/1.8 MB
Progress (2): 2.2/6.4 MB | 0.8/1.8 MB
Progress (2): 2.2/6.4 MB | 0.8/1.8 MB
Progress (2): 2.2/6.4 MB | 0.8/1.8 MB
Progress (2): 2.2/6.4 MB | 0.8/1.8 MB
Progress (2): 2.2/6.4 MB | 0.9/1.8 MB
Progress (2): 2.2/6.4 MB | 0.9/1.8 MB
Progress (2): 2.2/6.4 MB | 0.9/1.8 MB
Progress (2): 2.2/6.4 MB | 0.9/1.8 MB
Progress (2): 2.2/6.4 MB | 0.9/1.8 MB
Progress (2): 2.2/6.4 MB | 0.9/1.8 MB
Progress (2): 2.2/6.4 MB | 0.9/1.8 MB
Progress (2): 2.2/6.4 MB | 0.9/1.8 MB
Progress (2): 2.2/6.4 MB | 0.9/1.8 MB
Progress (2): 2.2/6.4 MB | 0.9/1.8 MB
Progress (2): 2.3/6.4 MB | 0.9/1.8 MB
Progress (2): 2.3/6.4 MB | 1.0/1.8 MB
Progress (2): 2.3/6.4 MB | 1.0/1.8 MB
Progress (2): 2.3/6.4 MB | 1.0/1.8 MB
Progress (2): 2.3/6.4 MB | 1.0/1.8 MB
Progress (2): 2.3/6.4 MB | 1.0/1.8 MB
Progress (2): 2.3/6.4 MB | 1.0/1.8 MB
Progress (2): 2.3/6.4 MB | 1.0/1.8 MB
Progress (2): 2.3/6.4 MB | 1.0/1.8 MB
Progress (2): 2.3/6.4 MB | 1.0/1.8 MB
Progress (2): 2.3/6.4 MB | 1.0/1.8 MB
Progress (2): 2.4/6.4 MB | 1.0/1.8 MB
Progress (2): 2.4/6.4 MB | 1.0/1.8 MB
Progress (2): 2.4/6.4 MB | 1.0/1.8 MB
Progress (2): 2.4/6.4 MB | 1.0/1.8 MB
Progress (2): 2.4/6.4 MB | 1.0/1.8 MB
Progress (2): 2.4/6.4 MB | 1.0/1.8 MB
Progress (2): 2.4/6.4 MB | 1.0/1.8 MB
Progress (2): 2.4/6.4 MB | 1.0/1.8 MB
Progress (2): 2.4/6.4 MB | 1.1/1.8 MB
Progress (2): 2.4/6.4 MB | 1.1/1.8 MB
Progress (2): 2.5/6.4 MB | 1.1/1.8 MB
Progress (2): 2.5/6.4 MB | 1.1/1.8 MB
Progress (2): 2.5/6.4 MB | 1.1/1.8 MB
Progress (2): 2.5/6.4 MB | 1.1/1.8 MB
Progress (2): 2.5/6.4 MB | 1.1/1.8 MB
Progress (2): 2.5/6.4 MB | 1.1/1.8 MB
Progress (2): 2.5/6.4 MB | 1.1/1.8 MB
Progress (2): 2.5/6.4 MB | 1.2/1.8 MB
Progress (2): 2.5/6.4 MB | 1.2/1.8 MB
Progress (2): 2.5/6.4 MB | 1.2/1.8 MB
Progress (2): 2.5/6.4 MB | 1.2/1.8 MB
Progress (2): 2.5/6.4 MB | 1.2/1.8 MB
Progress (2): 2.5/6.4 MB | 1.2/1.8 MB
Progress (2): 2.5/6.4 MB | 1.2/1.8 MB
Progress (2): 2.5/6.4 MB | 1.2/1.8 MB
Progress (2): 2.5/6.4 MB | 1.2/1.8 MB
Progress (2): 2.6/6.4 MB | 1.2/1.8 MB
Progress (2): 2.6/6.4 MB | 1.2/1.8 MB
Progress (2): 2.6/6.4 MB | 1.2/1.8 MB
Progress (2): 2.6/6.4 MB | 1.2/1.8 MB
Progress (2): 2.6/6.4 MB | 1.2/1.8 MB
Progress (2): 2.6/6.4 MB | 1.2/1.8 MB
Progress (2): 2.7/6.4 MB | 1.2/1.8 MB
Progress (2): 2.7/6.4 MB | 1.2/1.8 MB
Progress (2): 2.7/6.4 MB | 1.2/1.8 MB
Progress (2): 2.7/6.4 MB | 1.2/1.8 MB
Progress (2): 2.7/6.4 MB | 1.2/1.8 MB
Progress (2): 2.7/6.4 MB | 1.2/1.8 MB
Progress (2): 2.8/6.4 MB | 1.2/1.8 MB
Progress (2): 2.8/6.4 MB | 1.2/1.8 MB
Progress (2): 2.8/6.4 MB | 1.2/1.8 MB
Progress (2): 2.8/6.4 MB | 1.2/1.8 MB
Progress (2): 2.8/6.4 MB | 1.2/1.8 MB
Progress (2): 2.8/6.4 MB | 1.2/1.8 MB
Progress (2): 2.8/6.4 MB | 1.2/1.8 MB
Progress (2): 2.9/6.4 MB | 1.2/1.8 MB
Progress (2): 2.9/6.4 MB | 1.2/1.8 MB
Progress (2): 2.9/6.4 MB | 1.2/1.8 MB
Progress (2): 2.9/6.4 MB | 1.2/1.8 MB
Progress (2): 2.9/6.4 MB | 1.2/1.8 MB
Progress (2): 2.9/6.4 MB | 1.2/1.8 MB
Progress (2): 3.0/6.4 MB | 1.2/1.8 MB
Progress (2): 3.0/6.4 MB | 1.2/1.8 MB
Progress (2): 3.0/6.4 MB | 1.2/1.8 MB
Progress (2): 3.0/6.4 MB | 1.2/1.8 MB
Progress (2): 3.0/6.4 MB | 1.2/1.8 MB
Progress (2): 3.0/6.4 MB | 1.2/1.8 MB
Progress (2): 3.1/6.4 MB | 1.2/1.8 MB
Progress (2): 3.1/6.4 MB | 1.2/1.8 MB
Progress (2): 3.1/6.4 MB | 1.2/1.8 MB
Progress (2): 3.1/6.4 MB | 1.2/1.8 MB
Progress (2): 3.1/6.4 MB | 1.2/1.8 MB
Progress (2): 3.1/6.4 MB | 1.2/1.8 MB
Progress (2): 3.2/6.4 MB | 1.2/1.8 MB
Progress (2): 3.2/6.4 MB | 1.2/1.8 MB
Progress (2): 3.2/6.4 MB | 1.2/1.8 MB
Progress (2): 3.2/6.4 MB | 1.2/1.8 MB
Progress (2): 3.2/6.4 MB | 1.2/1.8 MB
Progress (2): 3.2/6.4 MB | 1.2/1.8 MB
Progress (2): 3.2/6.4 MB | 1.2/1.8 MB
Progress (2): 3.3/6.4 MB | 1.2/1.8 MB
Progress (2): 3.3/6.4 MB | 1.2/1.8 MB
Progress (2): 3.3/6.4 MB | 1.2/1.8 MB
Progress (2): 3.3/6.4 MB | 1.2/1.8 MB
Progress (2): 3.3/6.4 MB | 1.2/1.8 MB
Progress (2): 3.3/6.4 MB | 1.2/1.8 MB
Progress (2): 3.3/6.4 MB | 1.2/1.8 MB
Progress (2): 3.4/6.4 MB | 1.2/1.8 MB
Progress (2): 3.4/6.4 MB | 1.2/1.8 MB
Progress (2): 3.4/6.4 MB | 1.2/1.8 MB
Progress (2): 3.4/6.4 MB | 1.2/1.8 MB
Progress (2): 3.4/6.4 MB | 1.2/1.8 MB
Progress (2): 3.4/6.4 MB | 1.2/1.8 MB
Progress (2): 3.5/6.4 MB | 1.2/1.8 MB
Progress (2): 3.5/6.4 MB | 1.2/1.8 MB
Progress (2): 3.5/6.4 MB | 1.2/1.8 MB
Progress (2): 3.5/6.4 MB | 1.2/1.8 MB
Progress (2): 3.5/6.4 MB | 1.2/1.8 MB
Progress (2): 3.5/6.4 MB | 1.2/1.8 MB
Progress (2): 3.6/6.4 MB | 1.2/1.8 MB
Progress (2): 3.6/6.4 MB | 1.2/1.8 MB
Progress (2): 3.6/6.4 MB | 1.2/1.8 MB
Progress (2): 3.6/6.4 MB | 1.2/1.8 MB
Progress (2): 3.6/6.4 MB | 1.2/1.8 MB
Progress (2): 3.6/6.4 MB | 1.2/1.8 MB
Progress (2): 3.6/6.4 MB | 1.3/1.8 MB
Progress (2): 3.6/6.4 MB | 1.3/1.8 MB
Progress (2): 3.6/6.4 MB | 1.3/1.8 MB
Progress (2): 3.6/6.4 MB | 1.3/1.8 MB
Progress (2): 3.6/6.4 MB | 1.3/1.8 MB
Progress (2): 3.6/6.4 MB | 1.3/1.8 MB
Progress (2): 3.6/6.4 MB | 1.4/1.8 MB
Progress (2): 3.6/6.4 MB | 1.4/1.8 MB
Progress (2): 3.6/6.4 MB | 1.4/1.8 MB
Progress (2): 3.6/6.4 MB | 1.4/1.8 MB
Progress (2): 3.6/6.4 MB | 1.4/1.8 MB
Progress (2): 3.6/6.4 MB | 1.4/1.8 MB
Progress (2): 3.7/6.4 MB | 1.4/1.8 MB
Progress (2): 3.7/6.4 MB | 1.4/1.8 MB
Progress (2): 3.7/6.4 MB | 1.4/1.8 MB
Progress (2): 3.7/6.4 MB | 1.4/1.8 MB
Progress (2): 3.7/6.4 MB | 1.4/1.8 MB
Progress (2): 3.7/6.4 MB | 1.4/1.8 MB
Progress (2): 3.7/6.4 MB | 1.4/1.8 MB
Progress (2): 3.8/6.4 MB | 1.4/1.8 MB
Progress (2): 3.8/6.4 MB | 1.5/1.8 MB
Progress (2): 3.8/6.4 MB | 1.5/1.8 MB
Progress (2): 3.8/6.4 MB | 1.5/1.8 MB
Progress (2): 3.8/6.4 MB | 1.5/1.8 MB
Progress (2): 3.8/6.4 MB | 1.5/1.8 MB
Progress (2): 3.8/6.4 MB | 1.5/1.8 MB
Progress (2): 3.8/6.4 MB | 1.5/1.8 MB
Progress (2): 3.8/6.4 MB | 1.5/1.8 MB
Progress (2): 3.8/6.4 MB | 1.5/1.8 MB
Progress (2): 3.8/6.4 MB | 1.6/1.8 MB
Progress (2): 3.8/6.4 MB | 1.6/1.8 MB
Progress (2): 3.8/6.4 MB | 1.6/1.8 MB
Progress (2): 3.8/6.4 MB | 1.6/1.8 MB
Progress (2): 3.8/6.4 MB | 1.6/1.8 MB
Progress (2): 3.8/6.4 MB | 1.6/1.8 MB
Progress (2): 3.8/6.4 MB | 1.6/1.8 MB
Progress (2): 3.8/6.4 MB | 1.7/1.8 MB
Progress (2): 3.8/6.4 MB | 1.7/1.8 MB
Progress (2): 3.8/6.4 MB | 1.7/1.8 MB
Progress (2): 3.8/6.4 MB | 1.7/1.8 MB
Progress (2): 3.8/6.4 MB | 1.7/1.8 MB
Progress (2): 3.8/6.4 MB | 1.7/1.8 MB
Progress (2): 3.8/6.4 MB | 1.8/1.8 MB
Progress (2): 3.8/6.4 MB | 1.8/1.8 MB
Progress (2): 3.8/6.4 MB | 1.8/1.8 MB
Progress (2): 3.8/6.4 MB | 1.8/1.8 MB
Progress (2): 3.8/6.4 MB | 1.8/1.8 MB
Progress (2): 3.8/6.4 MB | 1.8/1.8 MB
Progress (2): 3.8/6.4 MB | 1.8/1.8 MB
Progress (2): 3.8/6.4 MB | 1.8/1.8 MB
Progress (2): 3.8/6.4 MB | 1.8/1.8 MB
Progress (2): 3.8/6.4 MB | 1.8 MB    
Progress (2): 3.8/6.4 MB | 1.8 MB
Progress (2): 3.9/6.4 MB | 1.8 MB
Progress (2): 3.9/6.4 MB | 1.8 MB
Progress (2): 3.9/6.4 MB | 1.8 MB
Progress (2): 3.9/6.4 MB | 1.8 MB
Progress (2): 3.9/6.4 MB | 1.8 MB
Progress (2): 3.9/6.4 MB | 1.8 MB
Progress (2): 4.0/6.4 MB | 1.8 MB
Progress (2): 4.0/6.4 MB | 1.8 MB
Progress (2): 4.0/6.4 MB | 1.8 MB
Progress (2): 4.0/6.4 MB | 1.8 MB
Progress (2): 4.0/6.4 MB | 1.8 MB
Progress (2): 4.0/6.4 MB | 1.8 MB
Progress (2): 4.1/6.4 MB | 1.8 MB
Progress (2): 4.1/6.4 MB | 1.8 MB
Progress (2): 4.1/6.4 MB | 1.8 MB
Progress (2): 4.1/6.4 MB | 1.8 MB
Progress (2): 4.1/6.4 MB | 1.8 MB
Progress (2): 4.1/6.4 MB | 1.8 MB
Progress (2): 4.1/6.4 MB | 1.8 MB
Progress (2): 4.2/6.4 MB | 1.8 MB
Progress (2): 4.2/6.4 MB | 1.8 MB
Progress (2): 4.2/6.4 MB | 1.8 MB
Progress (2): 4.2/6.4 MB | 1.8 MB
Progress (2): 4.2/6.4 MB | 1.8 MB
Progress (2): 4.2/6.4 MB | 1.8 MB
Progress (2): 4.2/6.4 MB | 1.8 MB
Progress (2): 4.3/6.4 MB | 1.8 MB
Progress (2): 4.3/6.4 MB | 1.8 MB
Progress (2): 4.3/6.4 MB | 1.8 MB
Progress (2): 4.3/6.4 MB | 1.8 MB
Progress (2): 4.3/6.4 MB | 1.8 MB
Progress (2): 4.3/6.4 MB | 1.8 MB
Progress (2): 4.4/6.4 MB | 1.8 MB
Progress (2): 4.4/6.4 MB | 1.8 MB
Progress (2): 4.4/6.4 MB | 1.8 MB
Progress (2): 4.4/6.4 MB | 1.8 MB
Progress (2): 4.4/6.4 MB | 1.8 MB
Progress (2): 4.4/6.4 MB | 1.8 MB
Progress (2): 4.5/6.4 MB | 1.8 MB
Progress (3): 4.5/6.4 MB | 1.8 MB | 7.7/328 kB
Progress (3): 4.5/6.4 MB | 1.8 MB | 16/328 kB 
Progress (3): 4.5/6.4 MB | 1.8 MB | 32/328 kB
Progress (3): 4.5/6.4 MB | 1.8 MB | 49/328 kB
Progress (3): 4.5/6.4 MB | 1.8 MB | 65/328 kB
Progress (3): 4.5/6.4 MB | 1.8 MB | 81/328 kB
Progress (3): 4.5/6.4 MB | 1.8 MB | 98/328 kB
Progress (3): 4.5/6.4 MB | 1.8 MB | 98/328 kB
Progress (3): 4.5/6.4 MB | 1.8 MB | 114/328 kB
Progress (3): 4.5/6.4 MB | 1.8 MB | 114/328 kB
Progress (3): 4.5/6.4 MB | 1.8 MB | 131/328 kB
Progress (3): 4.5/6.4 MB | 1.8 MB | 131/328 kB
Progress (3): 4.5/6.4 MB | 1.8 MB | 147/328 kB
Progress (3): 4.5/6.4 MB | 1.8 MB | 147/328 kB
Progress (3): 4.5/6.4 MB | 1.8 MB | 147/328 kB
Progress (3): 4.5/6.4 MB | 1.8 MB | 163/328 kB
Progress (3): 4.6/6.4 MB | 1.8 MB | 163/328 kB
Progress (3): 4.6/6.4 MB | 1.8 MB | 180/328 kB
Progress (3): 4.6/6.4 MB | 1.8 MB | 180/328 kB
Progress (3): 4.6/6.4 MB | 1.8 MB | 196/328 kB
Progress (3): 4.6/6.4 MB | 1.8 MB | 196/328 kB
Progress (3): 4.6/6.4 MB | 1.8 MB | 213/328 kB
Progress (3): 4.6/6.4 MB | 1.8 MB | 213/328 kB
Progress (3): 4.6/6.4 MB | 1.8 MB | 229/328 kB
Progress (3): 4.6/6.4 MB | 1.8 MB | 245/328 kB
Progress (3): 4.6/6.4 MB | 1.8 MB | 262/328 kB
Progress (3): 4.6/6.4 MB | 1.8 MB | 278/328 kB
Progress (3): 4.6/6.4 MB | 1.8 MB | 294/328 kB
Progress (3): 4.6/6.4 MB | 1.8 MB | 294/328 kB
Progress (3): 4.6/6.4 MB | 1.8 MB | 311/328 kB
Progress (3): 4.6/6.4 MB | 1.8 MB | 311/328 kB
Progress (3): 4.6/6.4 MB | 1.8 MB | 327/328 kB
Progress (3): 4.6/6.4 MB | 1.8 MB | 327/328 kB
Progress (3): 4.6/6.4 MB | 1.8 MB | 328 kB    
Progress (3): 4.7/6.4 MB | 1.8 MB | 328 kB
Progress (3): 4.7/6.4 MB | 1.8 MB | 328 kB
Progress (3): 4.7/6.4 MB | 1.8 MB | 328 kB
Progress (3): 4.7/6.4 MB | 1.8 MB | 328 kB
Progress (3): 4.7/6.4 MB | 1.8 MB | 328 kB
Progress (3): 4.7/6.4 MB | 1.8 MB | 328 kB
Progress (3): 4.8/6.4 MB | 1.8 MB | 328 kB
Progress (3): 4.8/6.4 MB | 1.8 MB | 328 kB
Progress (3): 4.8/6.4 MB | 1.8 MB | 328 kB
Progress (3): 4.8/6.4 MB | 1.8 MB | 328 kB
Progress (3): 4.8/6.4 MB | 1.8 MB | 328 kB
Progress (3): 4.8/6.4 MB | 1.8 MB | 328 kB
Progress (3): 4.9/6.4 MB | 1.8 MB | 328 kB
Progress (4): 4.9/6.4 MB | 1.8 MB | 328 kB | 3.4/46 kB
Progress (4): 4.9/6.4 MB | 1.8 MB | 328 kB | 3.4/46 kB
Progress (4): 4.9/6.4 MB | 1.8 MB | 328 kB | 3.4/46 kB
Progress (4): 4.9/6.4 MB | 1.8 MB | 328 kB | 3.4/46 kB
Progress (4): 4.9/6.4 MB | 1.8 MB | 328 kB | 3.4/46 kB
Progress (4): 4.9/6.4 MB | 1.8 MB | 328 kB | 3.4/46 kB
Progress (4): 5.0/6.4 MB | 1.8 MB | 328 kB | 3.4/46 kB
Progress (4): 5.0/6.4 MB | 1.8 MB | 328 kB | 3.4/46 kB
Progress (4): 5.0/6.4 MB | 1.8 MB | 328 kB | 3.4/46 kB
Progress (4): 5.0/6.4 MB | 1.8 MB | 328 kB | 3.4/46 kB
Progress (4): 5.0/6.4 MB | 1.8 MB | 328 kB | 3.4/46 kB
Progress (4): 5.0/6.4 MB | 1.8 MB | 328 kB | 3.4/46 kB
Progress (4): 5.0/6.4 MB | 1.8 MB | 328 kB | 3.4/46 kB
Progress (4): 5.1/6.4 MB | 1.8 MB | 328 kB | 3.4/46 kB
Progress (4): 5.1/6.4 MB | 1.8 MB | 328 kB | 3.4/46 kB
Progress (4): 5.1/6.4 MB | 1.8 MB | 328 kB | 3.4/46 kB
Progress (4): 5.1/6.4 MB | 1.8 MB | 328 kB | 3.4/46 kB
Progress (4): 5.1/6.4 MB | 1.8 MB | 328 kB | 20/46 kB 
Progress (4): 5.1/6.4 MB | 1.8 MB | 328 kB | 20/46 kB
Progress (4): 5.1/6.4 MB | 1.8 MB | 328 kB | 36/46 kB
Progress (4): 5.1/6.4 MB | 1.8 MB | 328 kB | 36/46 kB
Progress (4): 5.1/6.4 MB | 1.8 MB | 328 kB | 46 kB   
Progress (4): 5.2/6.4 MB | 1.8 MB | 328 kB | 46 kB
Progress (4): 5.2/6.4 MB | 1.8 MB | 328 kB | 46 kB
Progress (4): 5.2/6.4 MB | 1.8 MB | 328 kB | 46 kB
Progress (4): 5.2/6.4 MB | 1.8 MB | 328 kB | 46 kB
Progress (4): 5.2/6.4 MB | 1.8 MB | 328 kB | 46 kB
Progress (4): 5.2/6.4 MB | 1.8 MB | 328 kB | 46 kB
Progress (4): 5.3/6.4 MB | 1.8 MB | 328 kB | 46 kB
Progress (4): 5.3/6.4 MB | 1.8 MB | 328 kB | 46 kB
Progress (4): 5.3/6.4 MB | 1.8 MB | 328 kB | 46 kB
Progress (4): 5.3/6.4 MB | 1.8 MB | 328 kB | 46 kB
Progress (4): 5.3/6.4 MB | 1.8 MB | 328 kB | 46 kB
Progress (4): 5.3/6.4 MB | 1.8 MB | 328 kB | 46 kB
Progress (4): 5.3/6.4 MB | 1.8 MB | 328 kB | 46 kB
Progress (4): 5.4/6.4 MB | 1.8 MB | 328 kB | 46 kB
Progress (4): 5.4/6.4 MB | 1.8 MB | 328 kB | 46 kB
Progress (4): 5.4/6.4 MB | 1.8 MB | 328 kB | 46 kB
Progress (4): 5.4/6.4 MB | 1.8 MB | 328 kB | 46 kB
Progress (4): 5.4/6.4 MB | 1.8 MB | 328 kB | 46 kB
Progress (4): 5.4/6.4 MB | 1.8 MB | 328 kB | 46 kB
Progress (4): 5.5/6.4 MB | 1.8 MB | 328 kB | 46 kB
Progress (4): 5.5/6.4 MB | 1.8 MB | 328 kB | 46 kB
Progress (4): 5.5/6.4 MB | 1.8 MB | 328 kB | 46 kB
Progress (4): 5.5/6.4 MB | 1.8 MB | 328 kB | 46 kB
Progress (4): 5.5/6.4 MB | 1.8 MB | 328 kB | 46 kB
                                                  
Downloaded from central: https://repo1.maven.org/maven2/org/apache/hadoop/hadoop-mapreduce-client-core/3.4.2/hadoop-mapreduce-client-core-3.4.2.jar (1.8 MB at 1.8 MB/s)
Downloading from central: https://repo1.maven.org/maven2/org/eclipse/jetty/websocket/websocket-common/9.4.57.v20241219/websocket-common-9.4.57.v20241219.jar
Progress (3): 5.5/6.4 MB | 328 kB | 46 kB
Progress (3): 5.6/6.4 MB | 328 kB | 46 kB
Progress (3): 5.6/6.4 MB | 328 kB | 46 kB
Progress (3): 5.6/6.4 MB | 328 kB | 46 kB
Progress (3): 5.6/6.4 MB | 328 kB | 46 kB
Progress (3): 5.6/6.4 MB | 328 kB | 46 kB
Progress (3): 5.6/6.4 MB | 328 kB | 46 kB
                                         
Downloaded from central: https://repo1.maven.org/maven2/org/eclipse/jetty/jetty-client/9.4.57.v20241219/jetty-client-9.4.57.v20241219.jar (328 kB at 311 kB/s)
Downloading from central: https://repo1.maven.org/maven2/org/eclipse/jetty/websocket/websocket-api/9.4.57.v20241219/websocket-api-9.4.57.v20241219.jar
Progress (2): 5.7/6.4 MB | 46 kB
Progress (2): 5.7/6.4 MB | 46 kB
Progress (2): 5.7/6.4 MB | 46 kB
Progress (2): 5.7/6.4 MB | 46 kB
Progress (2): 5.7/6.4 MB | 46 kB
Progress (2): 5.7/6.4 MB | 46 kB
Progress (3): 5.7/6.4 MB | 46 kB | 8.2/317 kB
                                             
Downloaded from central: https://repo1.maven.org/maven2/org/eclipse/jetty/websocket/websocket-client/9.4.57.v20241219/websocket-client-9.4.57.v20241219.jar (46 kB at 43 kB/s)
Downloading from central: https://repo1.maven.org/maven2/org/apache/hadoop/hadoop-yarn-api/3.4.2/hadoop-yarn-api-3.4.2.jar
Progress (2): 5.7/6.4 MB | 16/317 kB
Progress (2): 5.7/6.4 MB | 33/317 kB
Progress (2): 5.8/6.4 MB | 33/317 kB
Progress (2): 5.8/6.4 MB | 49/317 kB
Progress (2): 5.8/6.4 MB | 49/317 kB
Progress (2): 5.8/6.4 MB | 57/317 kB
Progress (2): 5.8/6.4 MB | 57/317 kB
Progress (2): 5.8/6.4 MB | 74/317 kB
Progress (2): 5.8/6.4 MB | 74/317 kB
Progress (2): 5.8/6.4 MB | 90/317 kB
Progress (2): 5.8/6.4 MB | 90/317 kB
Progress (2): 5.8/6.4 MB | 106/317 kB
Progress (2): 5.8/6.4 MB | 106/317 kB
Progress (2): 5.8/6.4 MB | 123/317 kB
Progress (2): 5.8/6.4 MB | 123/317 kB
Progress (2): 5.8/6.4 MB | 131/317 kB
Progress (2): 5.9/6.4 MB | 131/317 kB
Progress (2): 5.9/6.4 MB | 139/317 kB
Progress (2): 5.9/6.4 MB | 156/317 kB
Progress (2): 5.9/6.4 MB | 156/317 kB
Progress (2): 5.9/6.4 MB | 164/317 kB
Progress (2): 5.9/6.4 MB | 164/317 kB
Progress (2): 5.9/6.4 MB | 180/317 kB
Progress (2): 5.9/6.4 MB | 188/317 kB
Progress (2): 5.9/6.4 MB | 188/317 kB
Progress (2): 5.9/6.4 MB | 205/317 kB
Progress (2): 5.9/6.4 MB | 213/317 kB
Progress (2): 5.9/6.4 MB | 213/317 kB
Progress (2): 5.9/6.4 MB | 229/317 kB
Progress (2): 5.9/6.4 MB | 238/317 kB
Progress (2): 5.9/6.4 MB | 238/317 kB
Progress (2): 5.9/6.4 MB | 246/317 kB
Progress (2): 6.0/6.4 MB | 246/317 kB
Progress (2): 6.0/6.4 MB | 262/317 kB
Progress (2): 6.0/6.4 MB | 262/317 kB
Progress (2): 6.0/6.4 MB | 279/317 kB
Progress (2): 6.0/6.4 MB | 279/317 kB
Progress (2): 6.0/6.4 MB | 295/317 kB
Progress (2): 6.0/6.4 MB | 295/317 kB
Progress (2): 6.0/6.4 MB | 303/317 kB
Progress (2): 6.0/6.4 MB | 303/317 kB
Progress (2): 6.0/6.4 MB | 317 kB    
Progress (2): 6.0/6.4 MB | 317 kB
Progress (2): 6.1/6.4 MB | 317 kB
Progress (2): 6.1/6.4 MB | 317 kB
Progress (2): 6.1/6.4 MB | 317 kB
Progress (2): 6.1/6.4 MB | 317 kB
Progress (2): 6.1/6.4 MB | 317 kB
Progress (2): 6.1/6.4 MB | 317 kB
Progress (2): 6.2/6.4 MB | 317 kB
Progress (2): 6.2/6.4 MB | 317 kB
Progress (2): 6.2/6.4 MB | 317 kB
Progress (2): 6.2/6.4 MB | 317 kB
Progress (2): 6.2/6.4 MB | 317 kB
Progress (2): 6.2/6.4 MB | 317 kB
Progress (2): 6.3/6.4 MB | 317 kB
Progress (2): 6.3/6.4 MB | 317 kB
Progress (2): 6.3/6.4 MB | 317 kB
Progress (2): 6.3/6.4 MB | 317 kB
Progress (2): 6.3/6.4 MB | 317 kB
Progress (2): 6.3/6.4 MB | 317 kB
Progress (2): 6.4/6.4 MB | 317 kB
Progress (2): 6.4 MB | 317 kB    
                             
Downloaded from central: https://repo1.maven.org/maven2/org/apache/hadoop/hadoop-yarn-client/3.4.2/hadoop-yarn-client-3.4.2.jar (317 kB at 296 kB/s)
Downloading from central: https://repo1.maven.org/maven2/org/apache/hadoop/hadoop-yarn-common/3.4.2/hadoop-yarn-common-3.4.2.jar
Progress (2): 6.4 MB | 7.7/52 kB
Progress (2): 6.4 MB | 16/52 kB 
Progress (2): 6.4 MB | 32/52 kB
Progress (2): 6.4 MB | 49/52 kB
Progress (2): 6.4 MB | 52 kB   
Progress (3): 6.4 MB | 52 kB | 7.7/215 kB
Progress (3): 6.4 MB | 52 kB | 16/215 kB 
Progress (3): 6.4 MB | 52 kB | 25/215 kB
Progress (3): 6.4 MB | 52 kB | 41/215 kB
Progress (3): 6.4 MB | 52 kB | 57/215 kB
Progress (3): 6.4 MB | 52 kB | 74/215 kB
Progress (3): 6.4 MB | 52 kB | 90/215 kB
Progress (3): 6.4 MB | 52 kB | 106/215 kB
Progress (3): 6.4 MB | 52 kB | 123/215 kB
Progress (3): 6.4 MB | 52 kB | 139/215 kB
Progress (3): 6.4 MB | 52 kB | 156/215 kB
Progress (3): 6.4 MB | 52 kB | 172/215 kB
Progress (3): 6.4 MB | 52 kB | 188/215 kB
Progress (3): 6.4 MB | 52 kB | 205/215 kB
Progress (3): 6.4 MB | 52 kB | 215 kB    
                                     
Downloaded from central: https://repo1.maven.org/maven2/org/eclipse/jetty/websocket/websocket-api/9.4.57.v20241219/websocket-api-9.4.57.v20241219.jar (52 kB at 47 kB/s)
Downloading from central: https://repo1.maven.org/maven2/com/google/inject/guice/4.2.3/guice-4.2.3.jar
Progress (3): 6.4 MB | 215 kB | 0/3.8 MB
Progress (3): 6.4 MB | 215 kB | 0/3.8 MB
Progress (3): 6.4 MB | 215 kB | 0/3.8 MB
Progress (3): 6.4 MB | 215 kB | 0/3.8 MB
Progress (3): 6.4 MB | 215 kB | 0.1/3.8 MB
Progress (3): 6.4 MB | 215 kB | 0.1/3.8 MB
Progress (3): 6.4 MB | 215 kB | 0.1/3.8 MB
Progress (3): 6.4 MB | 215 kB | 0.1/3.8 MB
Progress (3): 6.4 MB | 215 kB | 0.1/3.8 MB
Progress (3): 6.4 MB | 215 kB | 0.1/3.8 MB
Progress (3): 6.4 MB | 215 kB | 0.2/3.8 MB
Progress (3): 6.4 MB | 215 kB | 0.2/3.8 MB
Progress (3): 6.4 MB | 215 kB | 0.2/3.8 MB
Progress (3): 6.4 MB | 215 kB | 0.2/3.8 MB
Progress (3): 6.4 MB | 215 kB | 0.2/3.8 MB
Progress (3): 6.4 MB | 215 kB | 0.2/3.8 MB
Progress (3): 6.4 MB | 215 kB | 0.3/3.8 MB
Progress (3): 6.4 MB | 215 kB | 0.3/3.8 MB
Progress (3): 6.4 MB | 215 kB | 0.3/3.8 MB
Progress (3): 6.4 MB | 215 kB | 0.3/3.8 MB
Progress (3): 6.4 MB | 215 kB | 0.3/3.8 MB
Progress (4): 6.4 MB | 215 kB | 0.3/3.8 MB | 0/2.5 MB
Progress (4): 6.4 MB | 215 kB | 0.3/3.8 MB | 0/2.5 MB
Progress (4): 6.4 MB | 215 kB | 0.4/3.8 MB | 0/2.5 MB
                                                     
Downloaded from central: https://repo1.maven.org/maven2/org/apache/hadoop/hadoop-hdfs/3.4.2/hadoop-hdfs-3.4.2.jar (6.4 MB at 5.7 MB/s)
Downloading from central: https://repo1.maven.org/maven2/com/fasterxml/jackson/module/jackson-module-jaxb-annotations/2.16.1/jackson-module-jaxb-annotations-2.16.1.jar
Progress (3): 215 kB | 0.4/3.8 MB | 0/2.5 MB
Progress (3): 215 kB | 0.4/3.8 MB | 0/2.5 MB
                                            
Downloaded from central: https://repo1.maven.org/maven2/org/eclipse/jetty/websocket/websocket-common/9.4.57.v20241219/websocket-common-9.4.57.v20241219.jar (215 kB at 193 kB/s)
Downloading from central: https://repo1.maven.org/maven2/com/fasterxml/jackson/jaxrs/jackson-jaxrs-json-provider/2.16.1/jackson-jaxrs-json-provider-2.16.1.jar
Progress (2): 0.4/3.8 MB | 0.1/2.5 MB
Progress (2): 0.4/3.8 MB | 0.1/2.5 MB
Progress (2): 0.4/3.8 MB | 0.1/2.5 MB
Progress (2): 0.4/3.8 MB | 0.1/2.5 MB
Progress (2): 0.4/3.8 MB | 0.1/2.5 MB
Progress (2): 0.4/3.8 MB | 0.1/2.5 MB
Progress (2): 0.4/3.8 MB | 0.1/2.5 MB
Progress (2): 0.4/3.8 MB | 0.1/2.5 MB
Progress (2): 0.4/3.8 MB | 0.1/2.5 MB
Progress (2): 0.4/3.8 MB | 0.2/2.5 MB
Progress (2): 0.4/3.8 MB | 0.2/2.5 MB
Progress (2): 0.4/3.8 MB | 0.2/2.5 MB
Progress (2): 0.4/3.8 MB | 0.2/2.5 MB
Progress (2): 0.4/3.8 MB | 0.2/2.5 MB
Progress (2): 0.4/3.8 MB | 0.2/2.5 MB
Progress (2): 0.4/3.8 MB | 0.2/2.5 MB
Progress (2): 0.4/3.8 MB | 0.2/2.5 MB
Progress (2): 0.4/3.8 MB | 0.2/2.5 MB
Progress (2): 0.4/3.8 MB | 0.2/2.5 MB
Progress (2): 0.4/3.8 MB | 0.2/2.5 MB
Progress (2): 0.4/3.8 MB | 0.3/2.5 MB
Progress (2): 0.4/3.8 MB | 0.3/2.5 MB
Progress (2): 0.4/3.8 MB | 0.3/2.5 MB
Progress (2): 0.4/3.8 MB | 0.3/2.5 MB
Progress (2): 0.4/3.8 MB | 0.3/2.5 MB
Progress (2): 0.4/3.8 MB | 0.3/2.5 MB
Progress (2): 0.4/3.8 MB | 0.3/2.5 MB
Progress (2): 0.4/3.8 MB | 0.4/2.5 MB
Progress (2): 0.4/3.8 MB | 0.4/2.5 MB
Progress (2): 0.4/3.8 MB | 0.4/2.5 MB
Progress (2): 0.4/3.8 MB | 0.4/2.5 MB
Progress (2): 0.4/3.8 MB | 0.4/2.5 MB
Progress (2): 0.4/3.8 MB | 0.4/2.5 MB
Progress (2): 0.4/3.8 MB | 0.4/2.5 MB
Progress (2): 0.4/3.8 MB | 0.4/2.5 MB
Progress (2): 0.4/3.8 MB | 0.4/2.5 MB
Progress (2): 0.5/3.8 MB | 0.4/2.5 MB
Progress (2): 0.5/3.8 MB | 0.5/2.5 MB
Progress (2): 0.5/3.8 MB | 0.5/2.5 MB
Progress (2): 0.5/3.8 MB | 0.5/2.5 MB
Progress (2): 0.5/3.8 MB | 0.5/2.5 MB
Progress (2): 0.5/3.8 MB | 0.5/2.5 MB
Progress (2): 0.5/3.8 MB | 0.5/2.5 MB
Progress (2): 0.5/3.8 MB | 0.5/2.5 MB
Progress (2): 0.5/3.8 MB | 0.6/2.5 MB
Progress (2): 0.5/3.8 MB | 0.6/2.5 MB
Progress (2): 0.5/3.8 MB | 0.6/2.5 MB
Progress (2): 0.5/3.8 MB | 0.6/2.5 MB
Progress (2): 0.5/3.8 MB | 0.6/2.5 MB
Progress (2): 0.5/3.8 MB | 0.6/2.5 MB
Progress (2): 0.5/3.8 MB | 0.6/2.5 MB
Progress (2): 0.5/3.8 MB | 0.6/2.5 MB
Progress (2): 0.5/3.8 MB | 0.6/2.5 MB
Progress (2): 0.5/3.8 MB | 0.7/2.5 MB
Progress (2): 0.5/3.8 MB | 0.7/2.5 MB
Progress (2): 0.5/3.8 MB | 0.7/2.5 MB
Progress (2): 0.5/3.8 MB | 0.7/2.5 MB
Progress (2): 0.5/3.8 MB | 0.7/2.5 MB
Progress (2): 0.5/3.8 MB | 0.7/2.5 MB
Progress (2): 0.5/3.8 MB | 0.7/2.5 MB
Progress (2): 0.5/3.8 MB | 0.7/2.5 MB
Progress (2): 0.5/3.8 MB | 0.7/2.5 MB
Progress (2): 0.5/3.8 MB | 0.8/2.5 MB
Progress (2): 0.5/3.8 MB | 0.8/2.5 MB
Progress (2): 0.5/3.8 MB | 0.8/2.5 MB
Progress (2): 0.5/3.8 MB | 0.8/2.5 MB
Progress (2): 0.5/3.8 MB | 0.8/2.5 MB
Progress (2): 0.5/3.8 MB | 0.8/2.5 MB
Progress (2): 0.5/3.8 MB | 0.8/2.5 MB
Progress (2): 0.5/3.8 MB | 0.9/2.5 MB
Progress (2): 0.5/3.8 MB | 0.9/2.5 MB
Progress (2): 0.5/3.8 MB | 0.9/2.5 MB
Progress (2): 0.5/3.8 MB | 0.9/2.5 MB
Progress (2): 0.5/3.8 MB | 0.9/2.5 MB
Progress (2): 0.5/3.8 MB | 0.9/2.5 MB
Progress (2): 0.5/3.8 MB | 0.9/2.5 MB
Progress (2): 0.5/3.8 MB | 0.9/2.5 MB
Progress (2): 0.5/3.8 MB | 0.9/2.5 MB
Progress (2): 0.5/3.8 MB | 1.0/2.5 MB
Progress (2): 0.5/3.8 MB | 1.0/2.5 MB
Progress (2): 0.5/3.8 MB | 1.0/2.5 MB
Progress (2): 0.5/3.8 MB | 1.0/2.5 MB
Progress (2): 0.5/3.8 MB | 1.0/2.5 MB
Progress (2): 0.5/3.8 MB | 1.0/2.5 MB
Progress (2): 0.5/3.8 MB | 1.1/2.5 MB
Progress (2): 0.5/3.8 MB | 1.1/2.5 MB
Progress (2): 0.5/3.8 MB | 1.1/2.5 MB
Progress (2): 0.5/3.8 MB | 1.1/2.5 MB
Progress (2): 0.5/3.8 MB | 1.1/2.5 MB
Progress (2): 0.5/3.8 MB | 1.1/2.5 MB
Progress (2): 0.5/3.8 MB | 1.2/2.5 MB
Progress (2): 0.5/3.8 MB | 1.2/2.5 MB
Progress (2): 0.5/3.8 MB | 1.2/2.5 MB
Progress (2): 0.5/3.8 MB | 1.2/2.5 MB
Progress (2): 0.6/3.8 MB | 1.2/2.5 MB
Progress (2): 0.6/3.8 MB | 1.2/2.5 MB
Progress (2): 0.6/3.8 MB | 1.2/2.5 MB
Progress (2): 0.6/3.8 MB | 1.2/2.5 MB
Progress (2): 0.6/3.8 MB | 1.3/2.5 MB
Progress (2): 0.6/3.8 MB | 1.3/2.5 MB
Progress (2): 0.6/3.8 MB | 1.3/2.5 MB
Progress (2): 0.6/3.8 MB | 1.3/2.5 MB
Progress (2): 0.6/3.8 MB | 1.3/2.5 MB
Progress (2): 0.6/3.8 MB | 1.3/2.5 MB
Progress (2): 0.6/3.8 MB | 1.4/2.5 MB
Progress (2): 0.6/3.8 MB | 1.4/2.5 MB
Progress (2): 0.6/3.8 MB | 1.4/2.5 MB
Progress (2): 0.6/3.8 MB | 1.4/2.5 MB
Progress (2): 0.6/3.8 MB | 1.4/2.5 MB
Progress (2): 0.6/3.8 MB | 1.4/2.5 MB
Progress (2): 0.6/3.8 MB | 1.4/2.5 MB
Progress (2): 0.6/3.8 MB | 1.4/2.5 MB
Progress (2): 0.6/3.8 MB | 1.4/2.5 MB
Progress (2): 0.6/3.8 MB | 1.5/2.5 MB
Progress (2): 0.6/3.8 MB | 1.5/2.5 MB
Progress (2): 0.6/3.8 MB | 1.5/2.5 MB
Progress (2): 0.6/3.8 MB | 1.5/2.5 MB
Progress (2): 0.6/3.8 MB | 1.5/2.5 MB
Progress (2): 0.6/3.8 MB | 1.5/2.5 MB
Progress (2): 0.6/3.8 MB | 1.6/2.5 MB
Progress (2): 0.6/3.8 MB | 1.6/2.5 MB
Progress (2): 0.6/3.8 MB | 1.6/2.5 MB
Progress (2): 0.6/3.8 MB | 1.6/2.5 MB
Progress (2): 0.6/3.8 MB | 1.6/2.5 MB
Progress (2): 0.6/3.8 MB | 1.6/2.5 MB
Progress (2): 0.6/3.8 MB | 1.6/2.5 MB
Progress (2): 0.6/3.8 MB | 1.6/2.5 MB
Progress (2): 0.6/3.8 MB | 1.7/2.5 MB
Progress (2): 0.6/3.8 MB | 1.7/2.5 MB
Progress (2): 0.6/3.8 MB | 1.7/2.5 MB
Progress (2): 0.6/3.8 MB | 1.7/2.5 MB
Progress (2): 0.6/3.8 MB | 1.7/2.5 MB
Progress (2): 0.6/3.8 MB | 1.7/2.5 MB
Progress (2): 0.6/3.8 MB | 1.8/2.5 MB
Progress (2): 0.6/3.8 MB | 1.8/2.5 MB
Progress (2): 0.6/3.8 MB | 1.8/2.5 MB
Progress (2): 0.7/3.8 MB | 1.8/2.5 MB
Progress (2): 0.7/3.8 MB | 1.8/2.5 MB
Progress (2): 0.7/3.8 MB | 1.8/2.5 MB
Progress (2): 0.7/3.8 MB | 1.8/2.5 MB
Progress (2): 0.7/3.8 MB | 1.8/2.5 MB
Progress (2): 0.7/3.8 MB | 1.8/2.5 MB
Progress (2): 0.7/3.8 MB | 1.8/2.5 MB
Progress (2): 0.7/3.8 MB | 1.8/2.5 MB
Progress (2): 0.8/3.8 MB | 1.8/2.5 MB
Progress (2): 0.8/3.8 MB | 1.8/2.5 MB
Progress (2): 0.8/3.8 MB | 1.8/2.5 MB
Progress (2): 0.8/3.8 MB | 1.8/2.5 MB
Progress (2): 0.8/3.8 MB | 1.8/2.5 MB
Progress (2): 0.8/3.8 MB | 1.8/2.5 MB
Progress (2): 0.8/3.8 MB | 1.9/2.5 MB
Progress (2): 0.8/3.8 MB | 1.9/2.5 MB
Progress (2): 0.8/3.8 MB | 1.9/2.5 MB
Progress (2): 0.8/3.8 MB | 1.9/2.5 MB
Progress (2): 0.8/3.8 MB | 1.9/2.5 MB
Progress (2): 0.8/3.8 MB | 1.9/2.5 MB
Progress (2): 0.8/3.8 MB | 2.0/2.5 MB
Progress (2): 0.8/3.8 MB | 2.0/2.5 MB
Progress (2): 0.8/3.8 MB | 2.0/2.5 MB
Progress (2): 0.9/3.8 MB | 2.0/2.5 MB
Progress (2): 0.9/3.8 MB | 2.0/2.5 MB
Progress (2): 0.9/3.8 MB | 2.0/2.5 MB
Progress (2): 0.9/3.8 MB | 2.0/2.5 MB
Progress (2): 0.9/3.8 MB | 2.0/2.5 MB
Progress (2): 0.9/3.8 MB | 2.0/2.5 MB
Progress (2): 0.9/3.8 MB | 2.0/2.5 MB
Progress (2): 0.9/3.8 MB | 2.0/2.5 MB
Progress (2): 0.9/3.8 MB | 2.0/2.5 MB
Progress (2): 0.9/3.8 MB | 2.0/2.5 MB
Progress (2): 0.9/3.8 MB | 2.0/2.5 MB
Progress (2): 0.9/3.8 MB | 2.0/2.5 MB
Progress (2): 1.0/3.8 MB | 2.0/2.5 MB
Progress (2): 1.0/3.8 MB | 2.1/2.5 MB
Progress (2): 1.0/3.8 MB | 2.1/2.5 MB
Progress (2): 1.0/3.8 MB | 2.1/2.5 MB
Progress (2): 1.0/3.8 MB | 2.1/2.5 MB
Progress (2): 1.0/3.8 MB | 2.1/2.5 MB
Progress (2): 1.0/3.8 MB | 2.1/2.5 MB
Progress (2): 1.0/3.8 MB | 2.1/2.5 MB
Progress (2): 1.0/3.8 MB | 2.1/2.5 MB
Progress (2): 1.0/3.8 MB | 2.2/2.5 MB
Progress (2): 1.0/3.8 MB | 2.2/2.5 MB
Progress (2): 1.0/3.8 MB | 2.2/2.5 MB
Progress (2): 1.0/3.8 MB | 2.2/2.5 MB
Progress (2): 1.0/3.8 MB | 2.2/2.5 MB
Progress (2): 1.0/3.8 MB | 2.2/2.5 MB
Progress (2): 1.0/3.8 MB | 2.2/2.5 MB
Progress (2): 1.0/3.8 MB | 2.3/2.5 MB
Progress (2): 1.0/3.8 MB | 2.3/2.5 MB
Progress (2): 1.0/3.8 MB | 2.3/2.5 MB
Progress (2): 1.0/3.8 MB | 2.3/2.5 MB
Progress (2): 1.0/3.8 MB | 2.3/2.5 MB
Progress (2): 1.0/3.8 MB | 2.3/2.5 MB
Progress (2): 1.0/3.8 MB | 2.3/2.5 MB
Progress (2): 1.0/3.8 MB | 2.3/2.5 MB
Progress (2): 1.0/3.8 MB | 2.4/2.5 MB
Progress (2): 1.0/3.8 MB | 2.4/2.5 MB
Progress (2): 1.0/3.8 MB | 2.4/2.5 MB
Progress (2): 1.0/3.8 MB | 2.4/2.5 MB
Progress (2): 1.0/3.8 MB | 2.4/2.5 MB
Progress (2): 1.0/3.8 MB | 2.4/2.5 MB
Progress (2): 1.1/3.8 MB | 2.4/2.5 MB
Progress (2): 1.1/3.8 MB | 2.4/2.5 MB
Progress (2): 1.1/3.8 MB | 2.4/2.5 MB
Progress (2): 1.1/3.8 MB | 2.5/2.5 MB
Progress (2): 1.1/3.8 MB | 2.5/2.5 MB
Progress (2): 1.1/3.8 MB | 2.5/2.5 MB
Progress (2): 1.1/3.8 MB | 2.5/2.5 MB
Progress (2): 1.1/3.8 MB | 2.5/2.5 MB
Progress (2): 1.1/3.8 MB | 2.5/2.5 MB
Progress (2): 1.1/3.8 MB | 2.5/2.5 MB
Progress (2): 1.1/3.8 MB | 2.5/2.5 MB
Progress (2): 1.2/3.8 MB | 2.5/2.5 MB
Progress (2): 1.2/3.8 MB | 2.5/2.5 MB
Progress (2): 1.2/3.8 MB | 2.5 MB    
Progress (2): 1.2/3.8 MB | 2.5 MB
Progress (2): 1.2/3.8 MB | 2.5 MB
Progress (2): 1.2/3.8 MB | 2.5 MB
Progress (2): 1.2/3.8 MB | 2.5 MB
Progress (2): 1.2/3.8 MB | 2.5 MB
Progress (2): 1.3/3.8 MB | 2.5 MB
Progress (2): 1.3/3.8 MB | 2.5 MB
Progress (2): 1.3/3.8 MB | 2.5 MB
Progress (2): 1.3/3.8 MB | 2.5 MB
Progress (2): 1.3/3.8 MB | 2.5 MB
Progress (2): 1.3/3.8 MB | 2.5 MB
Progress (2): 1.4/3.8 MB | 2.5 MB
Progress (2): 1.4/3.8 MB | 2.5 MB
Progress (2): 1.4/3.8 MB | 2.5 MB
Progress (2): 1.4/3.8 MB | 2.5 MB
Progress (2): 1.4/3.8 MB | 2.5 MB
Progress (2): 1.4/3.8 MB | 2.5 MB
Progress (2): 1.5/3.8 MB | 2.5 MB
Progress (2): 1.5/3.8 MB | 2.5 MB
Progress (2): 1.5/3.8 MB | 2.5 MB
Progress (2): 1.5/3.8 MB | 2.5 MB
Progress (2): 1.5/3.8 MB | 2.5 MB
Progress (2): 1.5/3.8 MB | 2.5 MB
Progress (2): 1.6/3.8 MB | 2.5 MB
Progress (2): 1.6/3.8 MB | 2.5 MB
Progress (3): 1.6/3.8 MB | 2.5 MB | 7.7/857 kB
Progress (3): 1.6/3.8 MB | 2.5 MB | 7.7/857 kB
Progress (3): 1.6/3.8 MB | 2.5 MB | 7.7/857 kB
Progress (3): 1.6/3.8 MB | 2.5 MB | 7.7/857 kB
Progress (3): 1.6/3.8 MB | 2.5 MB | 7.7/857 kB
Progress (3): 1.7/3.8 MB | 2.5 MB | 7.7/857 kB
Progress (4): 1.7/3.8 MB | 2.5 MB | 7.7/857 kB | 7.7/37 kB
Progress (4): 1.7/3.8 MB | 2.5 MB | 7.7/857 kB | 7.7/37 kB
Progress (4): 1.7/3.8 MB | 2.5 MB | 7.7/857 kB | 7.7/37 kB
Progress (4): 1.7/3.8 MB | 2.5 MB | 7.7/857 kB | 7.7/37 kB
Progress (4): 1.7/3.8 MB | 2.5 MB | 7.7/857 kB | 7.7/37 kB
Progress (4): 1.7/3.8 MB | 2.5 MB | 16/857 kB | 7.7/37 kB 
Progress (4): 1.7/3.8 MB | 2.5 MB | 16/857 kB | 7.7/37 kB
Progress (4): 1.8/3.8 MB | 2.5 MB | 16/857 kB | 7.7/37 kB
Progress (4): 1.8/3.8 MB | 2.5 MB | 16/857 kB | 7.7/37 kB
Progress (4): 1.8/3.8 MB | 2.5 MB | 32/857 kB | 7.7/37 kB
Progress (4): 1.8/3.8 MB | 2.5 MB | 32/857 kB | 7.7/37 kB
Progress (4): 1.8/3.8 MB | 2.5 MB | 49/857 kB | 7.7/37 kB
Progress (4): 1.8/3.8 MB | 2.5 MB | 65/857 kB | 7.7/37 kB
Progress (4): 1.8/3.8 MB | 2.5 MB | 65/857 kB | 12/37 kB 
Progress (4): 1.8/3.8 MB | 2.5 MB | 65/857 kB | 12/37 kB
Progress (4): 1.8/3.8 MB | 2.5 MB | 65/857 kB | 29/37 kB
Progress (4): 1.8/3.8 MB | 2.5 MB | 81/857 kB | 29/37 kB
Progress (4): 1.8/3.8 MB | 2.5 MB | 81/857 kB | 37 kB   
Progress (4): 1.8/3.8 MB | 2.5 MB | 98/857 kB | 37 kB
Progress (4): 1.8/3.8 MB | 2.5 MB | 98/857 kB | 37 kB
Progress (4): 1.8/3.8 MB | 2.5 MB | 114/857 kB | 37 kB
Progress (5): 1.8/3.8 MB | 2.5 MB | 114/857 kB | 37 kB | 7.7/17 kB
Progress (5): 1.8/3.8 MB | 2.5 MB | 114/857 kB | 37 kB | 7.7/17 kB
Progress (5): 1.9/3.8 MB | 2.5 MB | 114/857 kB | 37 kB | 7.7/17 kB
Progress (5): 1.9/3.8 MB | 2.5 MB | 131/857 kB | 37 kB | 7.7/17 kB
Progress (5): 1.9/3.8 MB | 2.5 MB | 131/857 kB | 37 kB | 7.7/17 kB
Progress (5): 1.9/3.8 MB | 2.5 MB | 147/857 kB | 37 kB | 7.7/17 kB
Progress (5): 1.9/3.8 MB | 2.5 MB | 147/857 kB | 37 kB | 7.7/17 kB
Progress (5): 1.9/3.8 MB | 2.5 MB | 163/857 kB | 37 kB | 7.7/17 kB
Progress (5): 1.9/3.8 MB | 2.5 MB | 163/857 kB | 37 kB | 7.7/17 kB
Progress (5): 1.9/3.8 MB | 2.5 MB | 163/857 kB | 37 kB | 7.7/17 kB
Progress (5): 1.9/3.8 MB | 2.5 MB | 180/857 kB | 37 kB | 7.7/17 kB
Progress (5): 1.9/3.8 MB | 2.5 MB | 180/857 kB | 37 kB | 7.7/17 kB
Progress (5): 1.9/3.8 MB | 2.5 MB | 180/857 kB | 37 kB | 8.2/17 kB
Progress (5): 1.9/3.8 MB | 2.5 MB | 180/857 kB | 37 kB | 8.2/17 kB
Progress (5): 1.9/3.8 MB | 2.5 MB | 196/857 kB | 37 kB | 8.2/17 kB
Progress (5): 2.0/3.8 MB | 2.5 MB | 196/857 kB | 37 kB | 8.2/17 kB
Progress (5): 2.0/3.8 MB | 2.5 MB | 213/857 kB | 37 kB | 8.2/17 kB
Progress (5): 2.0/3.8 MB | 2.5 MB | 213/857 kB | 37 kB | 8.2/17 kB
Progress (5): 2.0/3.8 MB | 2.5 MB | 229/857 kB | 37 kB | 8.2/17 kB
Progress (5): 2.0/3.8 MB | 2.5 MB | 229/857 kB | 37 kB | 8.2/17 kB
Progress (5): 2.0/3.8 MB | 2.5 MB | 245/857 kB | 37 kB | 8.2/17 kB
Progress (5): 2.0/3.8 MB | 2.5 MB | 245/857 kB | 37 kB | 8.2/17 kB
Progress (5): 2.0/3.8 MB | 2.5 MB | 262/857 kB | 37 kB | 8.2/17 kB
Progress (5): 2.0/3.8 MB | 2.5 MB | 262/857 kB | 37 kB | 8.2/17 kB
Progress (5): 2.0/3.8 MB | 2.5 MB | 278/857 kB | 37 kB | 8.2/17 kB
Progress (5): 2.0/3.8 MB | 2.5 MB | 278/857 kB | 37 kB | 8.2/17 kB
Progress (5): 2.0/3.8 MB | 2.5 MB | 294/857 kB | 37 kB | 8.2/17 kB
Progress (5): 2.1/3.8 MB | 2.5 MB | 294/857 kB | 37 kB | 8.2/17 kB
Progress (5): 2.1/3.8 MB | 2.5 MB | 311/857 kB | 37 kB | 8.2/17 kB
Progress (5): 2.1/3.8 MB | 2.5 MB | 311/857 kB | 37 kB | 8.2/17 kB
Progress (5): 2.1/3.8 MB | 2.5 MB | 311/857 kB | 37 kB | 17 kB    
Progress (5): 2.1/3.8 MB | 2.5 MB | 311/857 kB | 37 kB | 17 kB
Progress (5): 2.1/3.8 MB | 2.5 MB | 327/857 kB | 37 kB | 17 kB
Progress (5): 2.1/3.8 MB | 2.5 MB | 344/857 kB | 37 kB | 17 kB
Progress (5): 2.1/3.8 MB | 2.5 MB | 344/857 kB | 37 kB | 17 kB
Progress (5): 2.1/3.8 MB | 2.5 MB | 360/857 kB | 37 kB | 17 kB
Progress (5): 2.1/3.8 MB | 2.5 MB | 360/857 kB | 37 kB | 17 kB
Progress (5): 2.1/3.8 MB | 2.5 MB | 376/857 kB | 37 kB | 17 kB
Progress (5): 2.1/3.8 MB | 2.5 MB | 376/857 kB | 37 kB | 17 kB
Progress (5): 2.1/3.8 MB | 2.5 MB | 393/857 kB | 37 kB | 17 kB
Progress (5): 2.2/3.8 MB | 2.5 MB | 393/857 kB | 37 kB | 17 kB
Progress (5): 2.2/3.8 MB | 2.5 MB | 409/857 kB | 37 kB | 17 kB
Progress (5): 2.2/3.8 MB | 2.5 MB | 409/857 kB | 37 kB | 17 kB
Progress (5): 2.2/3.8 MB | 2.5 MB | 426/857 kB | 37 kB | 17 kB
Progress (5): 2.2/3.8 MB | 2.5 MB | 426/857 kB | 37 kB | 17 kB
Progress (5): 2.2/3.8 MB | 2.5 MB | 442/857 kB | 37 kB | 17 kB
Progress (5): 2.2/3.8 MB | 2.5 MB | 442/857 kB | 37 kB | 17 kB
Progress (5): 2.2/3.8 MB | 2.5 MB | 458/857 kB | 37 kB | 17 kB
Progress (5): 2.2/3.8 MB | 2.5 MB | 458/857 kB | 37 kB | 17 kB
Progress (5): 2.2/3.8 MB | 2.5 MB | 458/857 kB | 37 kB | 17 kB
Progress (5): 2.2/3.8 MB | 2.5 MB | 475/857 kB | 37 kB | 17 kB
Progress (5): 2.3/3.8 MB | 2.5 MB | 475/857 kB | 37 kB | 17 kB
Progress (5): 2.3/3.8 MB | 2.5 MB | 475/857 kB | 37 kB | 17 kB
Progress (5): 2.3/3.8 MB | 2.5 MB | 491/857 kB | 37 kB | 17 kB
Progress (5): 2.3/3.8 MB | 2.5 MB | 491/857 kB | 37 kB | 17 kB
Progress (5): 2.3/3.8 MB | 2.5 MB | 491/857 kB | 37 kB | 17 kB
Progress (5): 2.3/3.8 MB | 2.5 MB | 507/857 kB | 37 kB | 17 kB
Progress (5): 2.3/3.8 MB | 2.5 MB | 507/857 kB | 37 kB | 17 kB
Progress (5): 2.3/3.8 MB | 2.5 MB | 524/857 kB | 37 kB | 17 kB
Progress (5): 2.3/3.8 MB | 2.5 MB | 524/857 kB | 37 kB | 17 kB
Progress (5): 2.3/3.8 MB | 2.5 MB | 540/857 kB | 37 kB | 17 kB
Progress (5): 2.4/3.8 MB | 2.5 MB | 540/857 kB | 37 kB | 17 kB
Progress (5): 2.4/3.8 MB | 2.5 MB | 540/857 kB | 37 kB | 17 kB
Progress (5): 2.4/3.8 MB | 2.5 MB | 557/857 kB | 37 kB | 17 kB
Progress (5): 2.4/3.8 MB | 2.5 MB | 557/857 kB | 37 kB | 17 kB
Progress (5): 2.4/3.8 MB | 2.5 MB | 573/857 kB | 37 kB | 17 kB
Progress (5): 2.4/3.8 MB | 2.5 MB | 573/857 kB | 37 kB | 17 kB
Progress (5): 2.4/3.8 MB | 2.5 MB | 589/857 kB | 37 kB | 17 kB
Progress (5): 2.4/3.8 MB | 2.5 MB | 589/857 kB | 37 kB | 17 kB
Progress (5): 2.4/3.8 MB | 2.5 MB | 606/857 kB | 37 kB | 17 kB
Progress (5): 2.4/3.8 MB | 2.5 MB | 606/857 kB | 37 kB | 17 kB
Progress (5): 2.4/3.8 MB | 2.5 MB | 622/857 kB | 37 kB | 17 kB
Progress (5): 2.4/3.8 MB | 2.5 MB | 638/857 kB | 37 kB | 17 kB
Progress (5): 2.5/3.8 MB | 2.5 MB | 638/857 kB | 37 kB | 17 kB
Progress (5): 2.5/3.8 MB | 2.5 MB | 655/857 kB | 37 kB | 17 kB
Progress (5): 2.5/3.8 MB | 2.5 MB | 655/857 kB | 37 kB | 17 kB
Progress (5): 2.5/3.8 MB | 2.5 MB | 671/857 kB | 37 kB | 17 kB
Progress (5): 2.5/3.8 MB | 2.5 MB | 671/857 kB | 37 kB | 17 kB
Progress (5): 2.5/3.8 MB | 2.5 MB | 688/857 kB | 37 kB | 17 kB
Progress (5): 2.5/3.8 MB | 2.5 MB | 688/857 kB | 37 kB | 17 kB
Progress (5): 2.5/3.8 MB | 2.5 MB | 688/857 kB | 37 kB | 17 kB
Progress (5): 2.5/3.8 MB | 2.5 MB | 704/857 kB | 37 kB | 17 kB
Progress (5): 2.5/3.8 MB | 2.5 MB | 704/857 kB | 37 kB | 17 kB
Progress (5): 2.5/3.8 MB | 2.5 MB | 720/857 kB | 37 kB | 17 kB
Progress (5): 2.6/3.8 MB | 2.5 MB | 720/857 kB | 37 kB | 17 kB
Progress (5): 2.6/3.8 MB | 2.5 MB | 737/857 kB | 37 kB | 17 kB
Progress (5): 2.6/3.8 MB | 2.5 MB | 737/857 kB | 37 kB | 17 kB
Progress (5): 2.6/3.8 MB | 2.5 MB | 753/857 kB | 37 kB | 17 kB
Progress (5): 2.6/3.8 MB | 2.5 MB | 753/857 kB | 37 kB | 17 kB
Progress (5): 2.6/3.8 MB | 2.5 MB | 770/857 kB | 37 kB | 17 kB
Progress (5): 2.6/3.8 MB | 2.5 MB | 770/857 kB | 37 kB | 17 kB
Progress (5): 2.6/3.8 MB | 2.5 MB | 786/857 kB | 37 kB | 17 kB
Progress (5): 2.6/3.8 MB | 2.5 MB | 786/857 kB | 37 kB | 17 kB
Progress (5): 2.6/3.8 MB | 2.5 MB | 786/857 kB | 37 kB | 17 kB
Progress (5): 2.6/3.8 MB | 2.5 MB | 802/857 kB | 37 kB | 17 kB
Progress (5): 2.7/3.8 MB | 2.5 MB | 802/857 kB | 37 kB | 17 kB
Progress (5): 2.7/3.8 MB | 2.5 MB | 802/857 kB | 37 kB | 17 kB
Progress (5): 2.7/3.8 MB | 2.5 MB | 802/857 kB | 37 kB | 17 kB
                                                              
Downloaded from central: https://repo1.maven.org/maven2/com/fasterxml/jackson/module/jackson-module-jaxb-annotations/2.16.1/jackson-module-jaxb-annotations-2.16.1.jar (37 kB at 31 kB/s)
Progress (4): 2.7/3.8 MB | 2.5 MB | 819/857 kB | 17 kB
                                                      
Downloading from central: https://repo1.maven.org/maven2/com/fasterxml/jackson/jaxrs/jackson-jaxrs-base/2.16.1/jackson-jaxrs-base-2.16.1.jar
Progress (4): 2.7/3.8 MB | 2.5 MB | 835/857 kB | 17 kB
Progress (4): 2.7/3.8 MB | 2.5 MB | 835/857 kB | 17 kB
Progress (4): 2.7/3.8 MB | 2.5 MB | 851/857 kB | 17 kB
Progress (4): 2.7/3.8 MB | 2.5 MB | 857 kB | 17 kB    
Progress (4): 2.7/3.8 MB | 2.5 MB | 857 kB | 17 kB
Progress (4): 2.7/3.8 MB | 2.5 MB | 857 kB | 17 kB
Progress (4): 2.8/3.8 MB | 2.5 MB | 857 kB | 17 kB
Progress (4): 2.8/3.8 MB | 2.5 MB | 857 kB | 17 kB
Progress (4): 2.8/3.8 MB | 2.5 MB | 857 kB | 17 kB
Progress (4): 2.8/3.8 MB | 2.5 MB | 857 kB | 17 kB
Progress (4): 2.8/3.8 MB | 2.5 MB | 857 kB | 17 kB
Progress (4): 2.8/3.8 MB | 2.5 MB | 857 kB | 17 kB
Progress (4): 2.9/3.8 MB | 2.5 MB | 857 kB | 17 kB
Progress (4): 2.9/3.8 MB | 2.5 MB | 857 kB | 17 kB
Progress (4): 2.9/3.8 MB | 2.5 MB | 857 kB | 17 kB
Progress (4): 2.9/3.8 MB | 2.5 MB | 857 kB | 17 kB
Progress (4): 2.9/3.8 MB | 2.5 MB | 857 kB | 17 kB
Progress (4): 2.9/3.8 MB | 2.5 MB | 857 kB | 17 kB
                                                  
Downloaded from central: https://repo1.maven.org/maven2/com/fasterxml/jackson/jaxrs/jackson-jaxrs-json-provider/2.16.1/jackson-jaxrs-json-provider-2.16.1.jar (17 kB at 14 kB/s)
Downloading from central: https://repo1.maven.org/maven2/org/apache/hadoop/hadoop-hdfs-client/3.4.2/hadoop-hdfs-client-3.4.2.jar
Progress (3): 2.9/3.8 MB | 2.5 MB | 857 kB
Progress (3): 3.0/3.8 MB | 2.5 MB | 857 kB
Progress (3): 3.0/3.8 MB | 2.5 MB | 857 kB
Progress (3): 3.0/3.8 MB | 2.5 MB | 857 kB
Progress (3): 3.0/3.8 MB | 2.5 MB | 857 kB
Progress (3): 3.0/3.8 MB | 2.5 MB | 857 kB
Progress (3): 3.0/3.8 MB | 2.5 MB | 857 kB
Progress (3): 3.1/3.8 MB | 2.5 MB | 857 kB
Progress (3): 3.1/3.8 MB | 2.5 MB | 857 kB
Progress (3): 3.1/3.8 MB | 2.5 MB | 857 kB
                                          
Downloaded from central: https://repo1.maven.org/maven2/org/apache/hadoop/hadoop-yarn-common/3.4.2/hadoop-yarn-common-3.4.2.jar (2.5 MB at 2.1 MB/s)
Downloading from central: https://repo1.maven.org/maven2/com/google/inject/extensions/guice-servlet/4.2.3/guice-servlet-4.2.3.jar
Progress (2): 3.1/3.8 MB | 857 kB
Progress (2): 3.1/3.8 MB | 857 kB
Progress (2): 3.1/3.8 MB | 857 kB
Progress (2): 3.2/3.8 MB | 857 kB
Progress (2): 3.2/3.8 MB | 857 kB
Progress (2): 3.2/3.8 MB | 857 kB
Progress (2): 3.2/3.8 MB | 857 kB
Progress (2): 3.2/3.8 MB | 857 kB
Progress (2): 3.2/3.8 MB | 857 kB
Progress (2): 3.3/3.8 MB | 857 kB
Progress (2): 3.3/3.8 MB | 857 kB
                                 
Downloaded from central: https://repo1.maven.org/maven2/com/google/inject/guice/4.2.3/guice-4.2.3.jar (857 kB at 714 kB/s)
Downloading from central: https://repo1.maven.org/maven2/org/apache/hive/hive-standalone-metastore-common/4.3.0-SNAPSHOT/hive-standalone-metastore-common-4.3.0-SNAPSHOT-tests.jar
Progress (1): 3.3/3.8 MB
Progress (1): 3.3/3.8 MB
Progress (1): 3.3/3.8 MB
Progress (1): 3.3/3.8 MB
Progress (1): 3.4/3.8 MB
Progress (1): 3.4/3.8 MB
Progress (1): 3.4/3.8 MB
Progress (1): 3.4/3.8 MB
Progress (1): 3.4/3.8 MB
Progress (1): 3.4/3.8 MB
Progress (1): 3.5/3.8 MB
Progress (1): 3.5/3.8 MB
Progress (1): 3.5/3.8 MB
Progress (1): 3.5/3.8 MB
Progress (1): 3.5/3.8 MB
Progress (1): 3.5/3.8 MB
Progress (1): 3.6/3.8 MB
Progress (1): 3.6/3.8 MB
Progress (1): 3.6/3.8 MB
Progress (1): 3.6/3.8 MB
Progress (1): 3.6/3.8 MB
Progress (1): 3.6/3.8 MB
Progress (1): 3.7/3.8 MB
Progress (1): 3.7/3.8 MB
Progress (1): 3.7/3.8 MB
Progress (1): 3.7/3.8 MB
Progress (1): 3.7/3.8 MB
Progress (1): 3.7/3.8 MB
Progress (1): 3.8/3.8 MB
Progress (1): 3.8/3.8 MB
Progress (1): 3.8/3.8 MB
Progress (1): 3.8/3.8 MB
Progress (1): 3.8/3.8 MB
Progress (1): 3.8 MB    
Progress (2): 3.8 MB | 7.7/32 kB
Progress (2): 3.8 MB | 16/32 kB 
Progress (2): 3.8 MB | 28/32 kB
Progress (2): 3.8 MB | 32 kB   
Progress (3): 3.8 MB | 32 kB | 16/82 kB
Progress (3): 3.8 MB | 32 kB | 33/82 kB
Progress (3): 3.8 MB | 32 kB | 41/82 kB
Progress (3): 3.8 MB | 32 kB | 57/82 kB
Progress (3): 3.8 MB | 32 kB | 74/82 kB
Progress (3): 3.8 MB | 32 kB | 82 kB   
                                    
Downloaded from central: https://repo1.maven.org/maven2/com/fasterxml/jackson/jaxrs/jackson-jaxrs-base/2.16.1/jackson-jaxrs-base-2.16.1.jar (32 kB at 26 kB/s)
Downloading from central: https://repo1.maven.org/maven2/org/apache/hive/hive-standalone-metastore-server/4.3.0-SNAPSHOT/hive-standalone-metastore-server-4.3.0-SNAPSHOT-tests.jar
Downloaded from central: https://repo1.maven.org/maven2/com/google/inject/extensions/guice-servlet/4.2.3/guice-servlet-4.2.3.jar (82 kB at 66 kB/s)
Downloading from central: https://repo1.maven.org/maven2/org/junit/jupiter/junit-jupiter-engine/5.13.3/junit-jupiter-engine-5.13.3.jar
Downloaded from central: https://repo1.maven.org/maven2/org/apache/hadoop/hadoop-yarn-api/3.4.2/hadoop-yarn-api-3.4.2.jar (3.8 MB at 3.1 MB/s)
Downloading from central: https://repo1.maven.org/maven2/org/junit/platform/junit-platform-engine/1.13.3/junit-platform-engine-1.13.3.jar
Progress (1): 0/5.6 MB
Progress (1): 0/5.6 MB
Progress (1): 0/5.6 MB
Progress (1): 0/5.6 MB
Progress (1): 0.1/5.6 MB
Progress (1): 0.1/5.6 MB
Progress (1): 0.1/5.6 MB
Progress (1): 0.1/5.6 MB
Progress (1): 0.1/5.6 MB
Progress (1): 0.1/5.6 MB
Progress (1): 0.2/5.6 MB
Progress (1): 0.2/5.6 MB
Progress (1): 0.2/5.6 MB
Progress (1): 0.2/5.6 MB
Progress (1): 0.2/5.6 MB
Progress (1): 0.2/5.6 MB
Progress (1): 0.3/5.6 MB
Progress (1): 0.3/5.6 MB
Progress (1): 0.3/5.6 MB
Progress (1): 0.3/5.6 MB
Progress (1): 0.3/5.6 MB
Progress (1): 0.3/5.6 MB
Progress (1): 0.4/5.6 MB
Progress (1): 0.4/5.6 MB
Progress (1): 0.4/5.6 MB
Progress (1): 0.4/5.6 MB
Progress (1): 0.4/5.6 MB
Progress (1): 0.4/5.6 MB
Progress (1): 0.5/5.6 MB
Progress (1): 0.5/5.6 MB
Progress (1): 0.5/5.6 MB
Progress (1): 0.5/5.6 MB
Progress (1): 0.5/5.6 MB
Progress (1): 0.5/5.6 MB
Progress (1): 0.6/5.6 MB
Progress (1): 0.6/5.6 MB
Progress (1): 0.6/5.6 MB
Progress (1): 0.6/5.6 MB
Progress (1): 0.6/5.6 MB
Progress (1): 0.6/5.6 MB
Progress (1): 0.7/5.6 MB
Progress (1): 0.7/5.6 MB
Progress (1): 0.7/5.6 MB
Progress (1): 0.7/5.6 MB
Progress (1): 0.7/5.6 MB
Progress (1): 0.7/5.6 MB
Progress (1): 0.8/5.6 MB
Progress (1): 0.8/5.6 MB
Progress (1): 0.8/5.6 MB
Progress (1): 0.8/5.6 MB
Progress (1): 0.8/5.6 MB
Progress (1): 0.8/5.6 MB
Progress (1): 0.9/5.6 MB
Progress (1): 0.9/5.6 MB
Progress (1): 0.9/5.6 MB
Progress (1): 0.9/5.6 MB
Progress (1): 0.9/5.6 MB
Progress (1): 0.9/5.6 MB
Progress (1): 0.9/5.6 MB
Progress (1): 1.0/5.6 MB
Progress (1): 1.0/5.6 MB
Progress (1): 1.0/5.6 MB
Progress (1): 1.0/5.6 MB
Progress (1): 1.0/5.6 MB
Progress (1): 1.0/5.6 MB
Progress (1): 1.1/5.6 MB
Progress (1): 1.1/5.6 MB
Progress (1): 1.1/5.6 MB
Progress (1): 1.1/5.6 MB
Progress (1): 1.1/5.6 MB
Progress (1): 1.1/5.6 MB
Progress (1): 1.2/5.6 MB
Progress (1): 1.2/5.6 MB
Progress (1): 1.2/5.6 MB
Progress (1): 1.2/5.6 MB
Progress (1): 1.2/5.6 MB
Progress (1): 1.2/5.6 MB
Progress (1): 1.3/5.6 MB
Progress (1): 1.3/5.6 MB
Progress (1): 1.3/5.6 MB
Progress (1): 1.3/5.6 MB
Progress (1): 1.3/5.6 MB
Progress (1): 1.3/5.6 MB
Progress (1): 1.4/5.6 MB
Progress (1): 1.4/5.6 MB
Progress (1): 1.4/5.6 MB
Progress (1): 1.4/5.6 MB
Progress (1): 1.4/5.6 MB
Progress (1): 1.4/5.6 MB
Progress (1): 1.5/5.6 MB
Progress (1): 1.5/5.6 MB
Progress (1): 1.5/5.6 MB
Progress (1): 1.5/5.6 MB
Progress (1): 1.5/5.6 MB
Progress (1): 1.5/5.6 MB
Progress (1): 1.6/5.6 MB
Progress (1): 1.6/5.6 MB
Progress (1): 1.6/5.6 MB
Progress (1): 1.6/5.6 MB
Progress (1): 1.6/5.6 MB
Progress (1): 1.6/5.6 MB
Progress (1): 1.7/5.6 MB
Progress (1): 1.7/5.6 MB
Progress (1): 1.7/5.6 MB
Progress (1): 1.7/5.6 MB
Progress (1): 1.7/5.6 MB
Progress (1): 1.7/5.6 MB
Progress (1): 1.8/5.6 MB
Progress (1): 1.8/5.6 MB
Progress (1): 1.8/5.6 MB
Progress (1): 1.8/5.6 MB
Progress (1): 1.8/5.6 MB
Progress (1): 1.8/5.6 MB
Progress (1): 1.9/5.6 MB
Progress (1): 1.9/5.6 MB
Progress (1): 1.9/5.6 MB
Progress (1): 1.9/5.6 MB
Progress (1): 1.9/5.6 MB
Progress (1): 1.9/5.6 MB
Progress (1): 1.9/5.6 MB
Progress (1): 2.0/5.6 MB
Progress (1): 2.0/5.6 MB
Progress (1): 2.0/5.6 MB
Progress (1): 2.0/5.6 MB
Progress (1): 2.0/5.6 MB
Progress (1): 2.0/5.6 MB
Progress (1): 2.1/5.6 MB
Progress (1): 2.1/5.6 MB
Progress (1): 2.1/5.6 MB
Progress (1): 2.1/5.6 MB
Progress (1): 2.1/5.6 MB
Progress (1): 2.1/5.6 MB
Progress (1): 2.2/5.6 MB
Progress (1): 2.2/5.6 MB
Progress (1): 2.2/5.6 MB
Progress (1): 2.2/5.6 MB
Progress (1): 2.2/5.6 MB
Progress (1): 2.2/5.6 MB
Progress (1): 2.3/5.6 MB
Progress (1): 2.3/5.6 MB
Progress (1): 2.3/5.6 MB
Progress (1): 2.3/5.6 MB
Progress (1): 2.3/5.6 MB
Progress (1): 2.3/5.6 MB
Progress (1): 2.4/5.6 MB
Progress (1): 2.4/5.6 MB
Progress (1): 2.4/5.6 MB
Progress (1): 2.4/5.6 MB
Progress (1): 2.4/5.6 MB
Progress (1): 2.4/5.6 MB
Progress (1): 2.5/5.6 MB
Progress (1): 2.5/5.6 MB
Progress (1): 2.5/5.6 MB
Progress (1): 2.5/5.6 MB
Progress (1): 2.5/5.6 MB
Progress (1): 2.5/5.6 MB
Progress (1): 2.6/5.6 MB
Progress (1): 2.6/5.6 MB
Progress (1): 2.6/5.6 MB
Progress (1): 2.6/5.6 MB
Progress (1): 2.6/5.6 MB
Progress (1): 2.6/5.6 MB
Progress (1): 2.7/5.6 MB
Progress (1): 2.7/5.6 MB
Progress (1): 2.7/5.6 MB
Progress (1): 2.7/5.6 MB
Progress (1): 2.7/5.6 MB
Progress (1): 2.7/5.6 MB
Progress (1): 2.8/5.6 MB
Progress (1): 2.8/5.6 MB
Progress (1): 2.8/5.6 MB
Progress (1): 2.8/5.6 MB
Progress (1): 2.8/5.6 MB
Progress (1): 2.8/5.6 MB
Progress (1): 2.9/5.6 MB
Progress (2): 2.9/5.6 MB | 7.7/341 kB
Progress (2): 2.9/5.6 MB | 7.7/341 kB
Progress (2): 2.9/5.6 MB | 7.7/341 kB
Progress (2): 2.9/5.6 MB | 7.7/341 kB
Progress (2): 2.9/5.6 MB | 7.7/341 kB
Progress (2): 2.9/5.6 MB | 7.7/341 kB
Progress (2): 2.9/5.6 MB | 7.7/341 kB
Progress (2): 3.0/5.6 MB | 7.7/341 kB
Progress (2): 3.0/5.6 MB | 16/341 kB 
Progress (2): 3.0/5.6 MB | 24/341 kB
Progress (2): 3.0/5.6 MB | 24/341 kB
Progress (2): 3.0/5.6 MB | 41/341 kB
Progress (2): 3.0/5.6 MB | 57/341 kB
Progress (2): 3.0/5.6 MB | 57/341 kB
Progress (2): 3.0/5.6 MB | 73/341 kB
Progress (2): 3.0/5.6 MB | 90/341 kB
Progress (2): 3.0/5.6 MB | 90/341 kB
Progress (2): 3.0/5.6 MB | 106/341 kB
Progress (2): 3.0/5.6 MB | 106/341 kB
Progress (2): 3.0/5.6 MB | 122/341 kB
Progress (2): 3.0/5.6 MB | 122/341 kB
Progress (2): 3.0/5.6 MB | 139/341 kB
Progress (2): 3.1/5.6 MB | 139/341 kB
Progress (2): 3.1/5.6 MB | 155/341 kB
Progress (2): 3.1/5.6 MB | 155/341 kB
Progress (2): 3.1/5.6 MB | 155/341 kB
Progress (2): 3.1/5.6 MB | 172/341 kB
Progress (2): 3.1/5.6 MB | 172/341 kB
Progress (2): 3.1/5.6 MB | 188/341 kB
Progress (2): 3.1/5.6 MB | 188/341 kB
Progress (2): 3.1/5.6 MB | 204/341 kB
Progress (2): 3.1/5.6 MB | 204/341 kB
Progress (2): 3.1/5.6 MB | 221/341 kB
Progress (2): 3.2/5.6 MB | 221/341 kB
Progress (2): 3.2/5.6 MB | 237/341 kB
Progress (2): 3.2/5.6 MB | 237/341 kB
Progress (2): 3.2/5.6 MB | 254/341 kB
Progress (2): 3.2/5.6 MB | 254/341 kB
Progress (2): 3.2/5.6 MB | 270/341 kB
Progress (2): 3.2/5.6 MB | 270/341 kB
Progress (2): 3.2/5.6 MB | 286/341 kB
Progress (2): 3.2/5.6 MB | 287/341 kB
Progress (2): 3.2/5.6 MB | 303/341 kB
Progress (2): 3.2/5.6 MB | 303/341 kB
Progress (2): 3.2/5.6 MB | 319/341 kB
Progress (2): 3.2/5.6 MB | 319/341 kB
Progress (2): 3.2/5.6 MB | 336/341 kB
Progress (2): 3.3/5.6 MB | 336/341 kB
Progress (2): 3.3/5.6 MB | 341 kB    
Progress (2): 3.3/5.6 MB | 341 kB
Progress (2): 3.3/5.6 MB | 341 kB
Progress (2): 3.3/5.6 MB | 341 kB
Progress (2): 3.3/5.6 MB | 341 kB
Progress (2): 3.3/5.6 MB | 341 kB
Progress (2): 3.4/5.6 MB | 341 kB
Progress (2): 3.4/5.6 MB | 341 kB
Progress (2): 3.4/5.6 MB | 341 kB
Progress (2): 3.4/5.6 MB | 341 kB
Progress (2): 3.4/5.6 MB | 341 kB
Progress (2): 3.4/5.6 MB | 341 kB
Progress (2): 3.5/5.6 MB | 341 kB
Progress (2): 3.5/5.6 MB | 341 kB
Progress (2): 3.5/5.6 MB | 341 kB
Progress (2): 3.5/5.6 MB | 341 kB
Progress (2): 3.5/5.6 MB | 341 kB
Progress (2): 3.5/5.6 MB | 341 kB
Progress (2): 3.6/5.6 MB | 341 kB
Progress (2): 3.6/5.6 MB | 341 kB
Progress (2): 3.6/5.6 MB | 341 kB
Progress (2): 3.6/5.6 MB | 341 kB
Progress (2): 3.6/5.6 MB | 341 kB
Progress (2): 3.6/5.6 MB | 341 kB
Progress (2): 3.7/5.6 MB | 341 kB
Progress (2): 3.7/5.6 MB | 341 kB
Progress (3): 3.7/5.6 MB | 341 kB | 7.7/268 kB
Progress (3): 3.7/5.6 MB | 341 kB | 7.7/268 kB
Progress (3): 3.7/5.6 MB | 341 kB | 8.2/268 kB
Progress (3): 3.7/5.6 MB | 341 kB | 8.2/268 kB
Progress (3): 3.7/5.6 MB | 341 kB | 8.2/268 kB
Progress (3): 3.7/5.6 MB | 341 kB | 25/268 kB 
Progress (3): 3.7/5.6 MB | 341 kB | 41/268 kB
Progress (3): 3.7/5.6 MB | 341 kB | 41/268 kB
Progress (3): 3.7/5.6 MB | 341 kB | 57/268 kB
Progress (3): 3.8/5.6 MB | 341 kB | 57/268 kB
Progress (3): 3.8/5.6 MB | 341 kB | 57/268 kB
Progress (3): 3.8/5.6 MB | 341 kB | 57/268 kB
Progress (3): 3.8/5.6 MB | 341 kB | 57/268 kB
Progress (3): 3.8/5.6 MB | 341 kB | 57/268 kB
Progress (3): 3.8/5.6 MB | 341 kB | 57/268 kB
Progress (3): 3.8/5.6 MB | 341 kB | 74/268 kB
Progress (3): 3.8/5.6 MB | 341 kB | 90/268 kB
Progress (3): 3.8/5.6 MB | 341 kB | 106/268 kB
Progress (3): 3.8/5.6 MB | 341 kB | 123/268 kB
Progress (3): 3.8/5.6 MB | 341 kB | 131/268 kB
Progress (3): 3.8/5.6 MB | 341 kB | 139/268 kB
Progress (3): 3.8/5.6 MB | 341 kB | 147/268 kB
Progress (3): 3.8/5.6 MB | 341 kB | 164/268 kB
Progress (3): 3.8/5.6 MB | 341 kB | 172/268 kB
Progress (3): 3.8/5.6 MB | 341 kB | 188/268 kB
Progress (3): 3.8/5.6 MB | 341 kB | 205/268 kB
Progress (3): 3.8/5.6 MB | 341 kB | 213/268 kB
                                              
Downloaded from central: https://repo1.maven.org/maven2/org/junit/jupiter/junit-jupiter-engine/5.13.3/junit-jupiter-engine-5.13.3.jar (341 kB at 260 kB/s)
Downloading from central: https://repo1.maven.org/maven2/org/junit/platform/junit-platform-commons/1.13.3/junit-platform-commons-1.13.3.jar
Progress (2): 3.8/5.6 MB | 213/268 kB
Progress (2): 3.9/5.6 MB | 213/268 kB
Progress (2): 3.9/5.6 MB | 213/268 kB
Progress (2): 3.9/5.6 MB | 213/268 kB
Progress (2): 3.9/5.6 MB | 213/268 kB
Progress (2): 3.9/5.6 MB | 213/268 kB
Progress (2): 3.9/5.6 MB | 213/268 kB
Progress (2): 4.0/5.6 MB | 213/268 kB
Progress (2): 4.0/5.6 MB | 213/268 kB
Progress (2): 4.0/5.6 MB | 213/268 kB
Progress (2): 4.0/5.6 MB | 213/268 kB
Progress (2): 4.0/5.6 MB | 213/268 kB
Progress (2): 4.0/5.6 MB | 213/268 kB
Progress (2): 4.1/5.6 MB | 213/268 kB
Progress (2): 4.1/5.6 MB | 213/268 kB
Progress (2): 4.1/5.6 MB | 213/268 kB
Progress (2): 4.1/5.6 MB | 213/268 kB
Progress (2): 4.1/5.6 MB | 229/268 kB
Progress (2): 4.1/5.6 MB | 241/268 kB
Progress (2): 4.1/5.6 MB | 241/268 kB
Progress (2): 4.1/5.6 MB | 241/268 kB
Progress (2): 4.2/5.6 MB | 241/268 kB
Progress (2): 4.2/5.6 MB | 241/268 kB
Progress (2): 4.2/5.6 MB | 241/268 kB
Progress (2): 4.2/5.6 MB | 241/268 kB
Progress (2): 4.2/5.6 MB | 250/268 kB
Progress (2): 4.2/5.6 MB | 266/268 kB
Progress (2): 4.2/5.6 MB | 268 kB    
Progress (2): 4.2/5.6 MB | 268 kB
Progress (2): 4.2/5.6 MB | 268 kB
Progress (2): 4.3/5.6 MB | 268 kB
Progress (2): 4.3/5.6 MB | 268 kB
Progress (2): 4.3/5.6 MB | 268 kB
Progress (2): 4.3/5.6 MB | 268 kB
Progress (2): 4.3/5.6 MB | 268 kB
Progress (2): 4.3/5.6 MB | 268 kB
Progress (2): 4.4/5.6 MB | 268 kB
Progress (2): 4.4/5.6 MB | 268 kB
Progress (2): 4.4/5.6 MB | 268 kB
Progress (2): 4.4/5.6 MB | 268 kB
Progress (2): 4.4/5.6 MB | 268 kB
Progress (2): 4.4/5.6 MB | 268 kB
Progress (2): 4.5/5.6 MB | 268 kB
Progress (2): 4.5/5.6 MB | 268 kB
Progress (2): 4.5/5.6 MB | 268 kB
Progress (2): 4.5/5.6 MB | 268 kB
Progress (2): 4.5/5.6 MB | 268 kB
Progress (2): 4.5/5.6 MB | 268 kB
Progress (2): 4.6/5.6 MB | 268 kB
Progress (2): 4.6/5.6 MB | 268 kB
Progress (2): 4.6/5.6 MB | 268 kB
Progress (2): 4.6/5.6 MB | 268 kB
Progress (2): 4.6/5.6 MB | 268 kB
Progress (2): 4.6/5.6 MB | 268 kB
Progress (2): 4.7/5.6 MB | 268 kB
Progress (2): 4.7/5.6 MB | 268 kB
Progress (2): 4.7/5.6 MB | 268 kB
Progress (2): 4.7/5.6 MB | 268 kB
Progress (2): 4.7/5.6 MB | 268 kB
Progress (2): 4.7/5.6 MB | 268 kB
Progress (2): 4.8/5.6 MB | 268 kB
Progress (2): 4.8/5.6 MB | 268 kB
Progress (2): 4.8/5.6 MB | 268 kB
Progress (2): 4.8/5.6 MB | 268 kB
Progress (2): 4.8/5.6 MB | 268 kB
Progress (2): 4.8/5.6 MB | 268 kB
Progress (2): 4.8/5.6 MB | 268 kB
Progress (2): 4.9/5.6 MB | 268 kB
Progress (2): 4.9/5.6 MB | 268 kB
Progress (2): 4.9/5.6 MB | 268 kB
Progress (2): 4.9/5.6 MB | 268 kB
Progress (2): 4.9/5.6 MB | 268 kB
Progress (2): 4.9/5.6 MB | 268 kB
Progress (2): 5.0/5.6 MB | 268 kB
Progress (2): 5.0/5.6 MB | 268 kB
Progress (2): 5.0/5.6 MB | 268 kB
Progress (2): 5.0/5.6 MB | 268 kB
Progress (2): 5.0/5.6 MB | 268 kB
Progress (2): 5.0/5.6 MB | 268 kB
Progress (2): 5.1/5.6 MB | 268 kB
Progress (2): 5.1/5.6 MB | 268 kB
Progress (2): 5.1/5.6 MB | 268 kB
Progress (2): 5.1/5.6 MB | 268 kB
                                 
Downloaded from central: https://repo1.maven.org/maven2/org/junit/platform/junit-platform-engine/1.13.3/junit-platform-engine-1.13.3.jar (268 kB at 202 kB/s)
Progress (1): 5.1/5.6 MB
                        
Downloading from central: https://repo1.maven.org/maven2/org/junit/jupiter/junit-jupiter-api/5.13.3/junit-jupiter-api-5.13.3.jar
Progress (1): 5.1/5.6 MB
Progress (1): 5.2/5.6 MB
Progress (1): 5.2/5.6 MB
Progress (1): 5.2/5.6 MB
Progress (1): 5.2/5.6 MB
Progress (1): 5.2/5.6 MB
Progress (1): 5.2/5.6 MB
Progress (1): 5.3/5.6 MB
Progress (1): 5.3/5.6 MB
Progress (1): 5.3/5.6 MB
Progress (1): 5.3/5.6 MB
Progress (1): 5.3/5.6 MB
Progress (1): 5.3/5.6 MB
Progress (1): 5.4/5.6 MB
Progress (1): 5.4/5.6 MB
Progress (1): 5.4/5.6 MB
Progress (1): 5.4/5.6 MB
Progress (1): 5.4/5.6 MB
Progress (1): 5.4/5.6 MB
Progress (1): 5.5/5.6 MB
Progress (1): 5.5/5.6 MB
Progress (1): 5.5/5.6 MB
Progress (1): 5.5/5.6 MB
Progress (1): 5.5/5.6 MB
Progress (1): 5.5/5.6 MB
Progress (1): 5.6 MB    
Progress (2): 5.6 MB | 7.7/159 kB
Progress (2): 5.6 MB | 8.2/159 kB
Progress (2): 5.6 MB | 25/159 kB 
Progress (2): 5.6 MB | 41/159 kB
Progress (2): 5.6 MB | 57/159 kB
Progress (2): 5.6 MB | 74/159 kB
Progress (2): 5.6 MB | 90/159 kB
Progress (2): 5.6 MB | 106/159 kB
Progress (2): 5.6 MB | 123/159 kB
Progress (2): 5.6 MB | 131/159 kB
Progress (2): 5.6 MB | 139/159 kB
Progress (2): 5.6 MB | 156/159 kB
Progress (2): 5.6 MB | 159 kB    
                             
Downloaded from central: https://repo1.maven.org/maven2/org/junit/platform/junit-platform-commons/1.13.3/junit-platform-commons-1.13.3.jar (159 kB at 117 kB/s)
Downloading from central: https://repo1.maven.org/maven2/org/junit/vintage/junit-vintage-engine/5.13.3/junit-vintage-engine-5.13.3.jar
Progress (2): 5.6 MB | 7.7/240 kB
Progress (2): 5.6 MB | 16/240 kB 
Progress (2): 5.6 MB | 32/240 kB
Progress (2): 5.6 MB | 49/240 kB
Progress (2): 5.6 MB | 65/240 kB
Progress (2): 5.6 MB | 81/240 kB
Progress (2): 5.6 MB | 98/240 kB
Progress (2): 5.6 MB | 114/240 kB
Progress (2): 5.6 MB | 131/240 kB
Progress (2): 5.6 MB | 147/240 kB
Progress (2): 5.6 MB | 163/240 kB
Progress (2): 5.6 MB | 180/240 kB
Progress (2): 5.6 MB | 196/240 kB
Progress (2): 5.6 MB | 213/240 kB
Progress (2): 5.6 MB | 229/240 kB
Progress (2): 5.6 MB | 240 kB    
                             
Downloaded from central: https://repo1.maven.org/maven2/org/apache/hadoop/hadoop-hdfs-client/3.4.2/hadoop-hdfs-client-3.4.2.jar (5.6 MB at 4.0 MB/s)
Downloading from central: https://repo1.maven.org/maven2/org/apache/hive/hive-common/4.3.0-SNAPSHOT/hive-common-4.3.0-SNAPSHOT-tests.jar
Downloaded from central: https://repo1.maven.org/maven2/org/junit/jupiter/junit-jupiter-api/5.13.3/junit-jupiter-api-5.13.3.jar (240 kB at 174 kB/s)
Downloading from central: https://repo1.maven.org/maven2/org/apache/pig/pig/0.16.0/pig-0.16.0-h2.jar
Downloading from central: https://repo1.maven.org/maven2/org/mortbay/jetty/jetty/6.1.26/jetty-6.1.26.jar
Progress (1): 7.7/76 kB
Progress (1): 16/76 kB 
Progress (1): 16/76 kB
Progress (1): 33/76 kB
Progress (1): 49/76 kB
Progress (1): 66/76 kB
Progress (1): 76 kB   
                   
Downloaded from central: https://repo1.maven.org/maven2/org/junit/vintage/junit-vintage-engine/5.13.3/junit-vintage-engine-5.13.3.jar (76 kB at 54 kB/s)
Downloading from central: https://repo1.maven.org/maven2/org/mortbay/jetty/servlet-api/2.5-20081211/servlet-api-2.5-20081211.jar
Downloading from central: https://repo1.maven.org/maven2/org/mortbay/jetty/jetty-util/6.1.26/jetty-util-6.1.26.jar
Progress (1): 0/4.4 MB
Progress (1): 0/4.4 MB
Progress (1): 0/4.4 MB
Progress (1): 0/4.4 MB
Progress (1): 0.1/4.4 MB
Progress (1): 0.1/4.4 MB
Progress (1): 0.1/4.4 MB
Progress (1): 0.1/4.4 MB
Progress (1): 0.1/4.4 MB
Progress (1): 0.1/4.4 MB
Progress (1): 0.1/4.4 MB
Progress (1): 0.2/4.4 MB
Progress (1): 0.2/4.4 MB
Progress (1): 0.2/4.4 MB
Progress (1): 0.2/4.4 MB
Progress (1): 0.2/4.4 MB
Progress (1): 0.2/4.4 MB
Progress (1): 0.2/4.4 MB
Progress (1): 0.2/4.4 MB
Progress (1): 0.3/4.4 MB
Progress (1): 0.3/4.4 MB
Progress (1): 0.3/4.4 MB
Progress (1): 0.3/4.4 MB
Progress (1): 0.3/4.4 MB
Progress (1): 0.3/4.4 MB
Progress (1): 0.3/4.4 MB
Progress (1): 0.4/4.4 MB
Progress (1): 0.4/4.4 MB
Progress (1): 0.4/4.4 MB
Progress (1): 0.4/4.4 MB
Progress (1): 0.4/4.4 MB
Progress (1): 0.4/4.4 MB
Progress (1): 0.4/4.4 MB
Progress (1): 0.5/4.4 MB
Progress (1): 0.5/4.4 MB
Progress (1): 0.5/4.4 MB
Progress (1): 0.5/4.4 MB
Progress (1): 0.5/4.4 MB
Progress (1): 0.5/4.4 MB
Progress (1): 0.5/4.4 MB
Progress (1): 0.6/4.4 MB
Progress (1): 0.6/4.4 MB
Progress (1): 0.6/4.4 MB
Progress (1): 0.6/4.4 MB
Progress (1): 0.6/4.4 MB
Progress (1): 0.6/4.4 MB
Progress (1): 0.6/4.4 MB
Progress (1): 0.7/4.4 MB
Progress (1): 0.7/4.4 MB
Progress (1): 0.7/4.4 MB
Progress (1): 0.7/4.4 MB
Progress (1): 0.7/4.4 MB
Progress (1): 0.7/4.4 MB
Progress (1): 0.8/4.4 MB
Progress (1): 0.8/4.4 MB
Progress (1): 0.8/4.4 MB
Progress (1): 0.8/4.4 MB
Progress (1): 0.8/4.4 MB
Progress (1): 0.8/4.4 MB
Progress (1): 0.8/4.4 MB
Progress (1): 0.9/4.4 MB
Progress (1): 0.9/4.4 MB
Progress (1): 0.9/4.4 MB
Progress (1): 0.9/4.4 MB
Progress (1): 0.9/4.4 MB
Progress (1): 0.9/4.4 MB
Progress (1): 0.9/4.4 MB
Progress (1): 1.0/4.4 MB
Progress (1): 1.0/4.4 MB
Progress (1): 1.0/4.4 MB
Progress (1): 1.0/4.4 MB
Progress (1): 1.0/4.4 MB
Progress (1): 1.0/4.4 MB
Progress (1): 1.0/4.4 MB
Progress (1): 1.0/4.4 MB
Progress (1): 1.0/4.4 MB
Progress (1): 1.1/4.4 MB
Progress (1): 1.1/4.4 MB
Progress (1): 1.1/4.4 MB
Progress (1): 1.1/4.4 MB
Progress (1): 1.1/4.4 MB
Progress (1): 1.1/4.4 MB
Progress (1): 1.1/4.4 MB
Progress (1): 1.1/4.4 MB
Progress (1): 1.2/4.4 MB
Progress (1): 1.2/4.4 MB
Progress (1): 1.2/4.4 MB
Progress (1): 1.2/4.4 MB
Progress (1): 1.2/4.4 MB
Progress (1): 1.2/4.4 MB
Progress (1): 1.2/4.4 MB
Progress (1): 1.3/4.4 MB
Progress (1): 1.3/4.4 MB
Progress (1): 1.3/4.4 MB
Progress (1): 1.3/4.4 MB
Progress (1): 1.3/4.4 MB
Progress (1): 1.3/4.4 MB
Progress (1): 1.3/4.4 MB
Progress (1): 1.3/4.4 MB
Progress (1): 1.4/4.4 MB
Progress (1): 1.4/4.4 MB
Progress (1): 1.4/4.4 MB
Progress (1): 1.4/4.4 MB
Progress (1): 1.4/4.4 MB
Progress (1): 1.4/4.4 MB
Progress (1): 1.4/4.4 MB
Progress (1): 1.4/4.4 MB
Progress (1): 1.5/4.4 MB
Progress (1): 1.5/4.4 MB
Progress (1): 1.5/4.4 MB
Progress (1): 1.5/4.4 MB
Progress (1): 1.5/4.4 MB
Progress (1): 1.5/4.4 MB
Progress (1): 1.5/4.4 MB
Progress (1): 1.5/4.4 MB
Progress (1): 1.6/4.4 MB
Progress (1): 1.6/4.4 MB
Progress (1): 1.6/4.4 MB
Progress (1): 1.6/4.4 MB
Progress (1): 1.6/4.4 MB
Progress (1): 1.6/4.4 MB
Progress (1): 1.6/4.4 MB
Progress (1): 1.7/4.4 MB
Progress (1): 1.7/4.4 MB
Progress (1): 1.7/4.4 MB
Progress (1): 1.7/4.4 MB
Progress (1): 1.7/4.4 MB
Progress (1): 1.7/4.4 MB
Progress (1): 1.7/4.4 MB
Progress (1): 1.8/4.4 MB
Progress (1): 1.8/4.4 MB
Progress (1): 1.8/4.4 MB
Progress (1): 1.8/4.4 MB
Progress (1): 1.8/4.4 MB
Progress (1): 1.8/4.4 MB
Progress (1): 1.8/4.4 MB
Progress (1): 1.9/4.4 MB
Progress (1): 1.9/4.4 MB
Progress (1): 1.9/4.4 MB
Progress (1): 1.9/4.4 MB
Progress (1): 1.9/4.4 MB
Progress (1): 1.9/4.4 MB
Progress (1): 2.0/4.4 MB
Progress (1): 2.0/4.4 MB
Progress (2): 2.0/4.4 MB | 7.7/540 kB
Progress (2): 2.0/4.4 MB | 7.7/540 kB
Progress (2): 2.0/4.4 MB | 7.7/540 kB
Progress (2): 2.0/4.4 MB | 7.7/540 kB
Progress (2): 2.0/4.4 MB | 7.7/540 kB
Progress (2): 2.0/4.4 MB | 7.7/540 kB
Progress (2): 2.1/4.4 MB | 7.7/540 kB
Progress (2): 2.1/4.4 MB | 7.7/540 kB
Progress (2): 2.1/4.4 MB | 7.7/540 kB
Progress (2): 2.1/4.4 MB | 7.7/540 kB
Progress (2): 2.1/4.4 MB | 16/540 kB 
Progress (2): 2.1/4.4 MB | 16/540 kB
Progress (2): 2.1/4.4 MB | 32/540 kB
Progress (2): 2.1/4.4 MB | 32/540 kB
Progress (2): 2.1/4.4 MB | 32/540 kB
Progress (2): 2.1/4.4 MB | 49/540 kB
Progress (2): 2.2/4.4 MB | 49/540 kB
Progress (2): 2.2/4.4 MB | 65/540 kB
Progress (2): 2.2/4.4 MB | 65/540 kB
Progress (2): 2.2/4.4 MB | 81/540 kB
Progress (2): 2.2/4.4 MB | 81/540 kB
Progress (2): 2.2/4.4 MB | 98/540 kB
Progress (2): 2.2/4.4 MB | 98/540 kB
Progress (2): 2.2/4.4 MB | 114/540 kB
Progress (2): 2.2/4.4 MB | 114/540 kB
Progress (2): 2.2/4.4 MB | 131/540 kB
Progress (2): 2.2/4.4 MB | 131/540 kB
Progress (2): 2.2/4.4 MB | 147/540 kB
Progress (2): 2.2/4.4 MB | 163/540 kB
Progress (2): 2.3/4.4 MB | 163/540 kB
Progress (2): 2.3/4.4 MB | 163/540 kB
Progress (2): 2.3/4.4 MB | 163/540 kB
Progress (2): 2.3/4.4 MB | 180/540 kB
Progress (2): 2.3/4.4 MB | 180/540 kB
Progress (2): 2.3/4.4 MB | 196/540 kB
Progress (2): 2.3/4.4 MB | 196/540 kB
Progress (2): 2.3/4.4 MB | 213/540 kB
Progress (2): 2.3/4.4 MB | 213/540 kB
Progress (2): 2.4/4.4 MB | 213/540 kB
Progress (2): 2.4/4.4 MB | 229/540 kB
Progress (2): 2.4/4.4 MB | 245/540 kB
Progress (2): 2.4/4.4 MB | 245/540 kB
Progress (2): 2.4/4.4 MB | 262/540 kB
Progress (2): 2.4/4.4 MB | 262/540 kB
Progress (2): 2.4/4.4 MB | 262/540 kB
Progress (2): 2.4/4.4 MB | 278/540 kB
Progress (2): 2.4/4.4 MB | 278/540 kB
Progress (2): 2.4/4.4 MB | 294/540 kB
Progress (2): 2.4/4.4 MB | 294/540 kB
Progress (2): 2.4/4.4 MB | 311/540 kB
Progress (2): 2.4/4.4 MB | 311/540 kB
Progress (2): 2.4/4.4 MB | 327/540 kB
Progress (2): 2.5/4.4 MB | 327/540 kB
Progress (2): 2.5/4.4 MB | 344/540 kB
Progress (2): 2.5/4.4 MB | 344/540 kB
Progress (2): 2.5/4.4 MB | 360/540 kB
Progress (2): 2.5/4.4 MB | 360/540 kB
Progress (2): 2.5/4.4 MB | 376/540 kB
Progress (2): 2.5/4.4 MB | 376/540 kB
Progress (2): 2.5/4.4 MB | 393/540 kB
Progress (2): 2.5/4.4 MB | 393/540 kB
Progress (2): 2.5/4.4 MB | 393/540 kB
Progress (2): 2.5/4.4 MB | 409/540 kB
Progress (2): 2.5/4.4 MB | 426/540 kB
Progress (2): 2.6/4.4 MB | 426/540 kB
Progress (2): 2.6/4.4 MB | 442/540 kB
Progress (2): 2.6/4.4 MB | 458/540 kB
Progress (2): 2.6/4.4 MB | 458/540 kB
Progress (2): 2.6/4.4 MB | 458/540 kB
Progress (2): 2.6/4.4 MB | 475/540 kB
Progress (3): 2.6/4.4 MB | 475/540 kB | 7.7/177 kB
Progress (3): 2.6/4.4 MB | 475/540 kB | 7.7/177 kB
Progress (3): 2.6/4.4 MB | 491/540 kB | 7.7/177 kB
Progress (3): 2.6/4.4 MB | 491/540 kB | 7.7/177 kB
Progress (3): 2.6/4.4 MB | 491/540 kB | 7.7/177 kB
Progress (3): 2.6/4.4 MB | 507/540 kB | 7.7/177 kB
Progress (3): 2.7/4.4 MB | 507/540 kB | 7.7/177 kB
Progress (3): 2.7/4.4 MB | 524/540 kB | 7.7/177 kB
Progress (3): 2.7/4.4 MB | 524/540 kB | 7.7/177 kB
Progress (3): 2.7/4.4 MB | 540 kB | 7.7/177 kB    
Progress (3): 2.7/4.4 MB | 540 kB | 7.7/177 kB
Progress (3): 2.7/4.4 MB | 540 kB | 7.7/177 kB
Progress (3): 2.7/4.4 MB | 540 kB | 7.7/177 kB
Progress (3): 2.7/4.4 MB | 540 kB | 8.2/177 kB
Progress (3): 2.7/4.4 MB | 540 kB | 8.2/177 kB
Progress (3): 2.7/4.4 MB | 540 kB | 8.2/177 kB
Progress (3): 2.8/4.4 MB | 540 kB | 8.2/177 kB
Progress (3): 2.8/4.4 MB | 540 kB | 8.2/177 kB
Progress (3): 2.8/4.4 MB | 540 kB | 8.2/177 kB
Progress (3): 2.8/4.4 MB | 540 kB | 25/177 kB 
Progress (3): 2.8/4.4 MB | 540 kB | 25/177 kB
Progress (3): 2.8/4.4 MB | 540 kB | 41/177 kB
Progress (3): 2.8/4.4 MB | 540 kB | 41/177 kB
Progress (3): 2.8/4.4 MB | 540 kB | 41/177 kB
Progress (3): 2.8/4.4 MB | 540 kB | 57/177 kB
Progress (3): 2.9/4.4 MB | 540 kB | 57/177 kB
Progress (3): 2.9/4.4 MB | 540 kB | 74/177 kB
Progress (3): 2.9/4.4 MB | 540 kB | 74/177 kB
Progress (3): 2.9/4.4 MB | 540 kB | 90/177 kB
Progress (3): 2.9/4.4 MB | 540 kB | 90/177 kB
Progress (3): 2.9/4.4 MB | 540 kB | 106/177 kB
Progress (3): 2.9/4.4 MB | 540 kB | 106/177 kB
Progress (3): 2.9/4.4 MB | 540 kB | 123/177 kB
Progress (3): 2.9/4.4 MB | 540 kB | 123/177 kB
Progress (3): 2.9/4.4 MB | 540 kB | 131/177 kB
Progress (3): 2.9/4.4 MB | 540 kB | 131/177 kB
Progress (3): 3.0/4.4 MB | 540 kB | 131/177 kB
Progress (3): 3.0/4.4 MB | 540 kB | 147/177 kB
Progress (3): 3.0/4.4 MB | 540 kB | 147/177 kB
Progress (3): 3.0/4.4 MB | 540 kB | 164/177 kB
Progress (3): 3.0/4.4 MB | 540 kB | 164/177 kB
Progress (3): 3.0/4.4 MB | 540 kB | 177 kB    
Progress (3): 3.0/4.4 MB | 540 kB | 177 kB
Progress (3): 3.0/4.4 MB | 540 kB | 177 kB
Progress (3): 3.0/4.4 MB | 540 kB | 177 kB
Progress (3): 3.1/4.4 MB | 540 kB | 177 kB
Progress (3): 3.1/4.4 MB | 540 kB | 177 kB
Progress (3): 3.1/4.4 MB | 540 kB | 177 kB
Progress (3): 3.1/4.4 MB | 540 kB | 177 kB
Progress (3): 3.1/4.4 MB | 540 kB | 177 kB
Progress (3): 3.1/4.4 MB | 540 kB | 177 kB
Progress (3): 3.2/4.4 MB | 540 kB | 177 kB
Progress (3): 3.2/4.4 MB | 540 kB | 177 kB
Progress (3): 3.2/4.4 MB | 540 kB | 177 kB
Progress (3): 3.2/4.4 MB | 540 kB | 177 kB
Progress (3): 3.2/4.4 MB | 540 kB | 177 kB
Progress (3): 3.2/4.4 MB | 540 kB | 177 kB
Progress (3): 3.3/4.4 MB | 540 kB | 177 kB
Progress (3): 3.3/4.4 MB | 540 kB | 177 kB
Progress (3): 3.3/4.4 MB | 540 kB | 177 kB
Progress (3): 3.3/4.4 MB | 540 kB | 177 kB
Progress (3): 3.3/4.4 MB | 540 kB | 177 kB
Progress (3): 3.3/4.4 MB | 540 kB | 177 kB
Progress (3): 3.4/4.4 MB | 540 kB | 177 kB
Progress (3): 3.4/4.4 MB | 540 kB | 177 kB
Progress (3): 3.4/4.4 MB | 540 kB | 177 kB
Progress (3): 3.4/4.4 MB | 540 kB | 177 kB
Progress (3): 3.4/4.4 MB | 540 kB | 177 kB
Progress (3): 3.4/4.4 MB | 540 kB | 177 kB
Progress (3): 3.4/4.4 MB | 540 kB | 177 kB
Progress (3): 3.5/4.4 MB | 540 kB | 177 kB
Progress (3): 3.5/4.4 MB | 540 kB | 177 kB
Progress (3): 3.5/4.4 MB | 540 kB | 177 kB
Progress (3): 3.5/4.4 MB | 540 kB | 177 kB
Progress (3): 3.5/4.4 MB | 540 kB | 177 kB
Progress (3): 3.5/4.4 MB | 540 kB | 177 kB
Progress (3): 3.6/4.4 MB | 540 kB | 177 kB
Progress (3): 3.6/4.4 MB | 540 kB | 177 kB
Progress (3): 3.6/4.4 MB | 540 kB | 177 kB
Progress (3): 3.6/4.4 MB | 540 kB | 177 kB
Progress (3): 3.6/4.4 MB | 540 kB | 177 kB
Progress (3): 3.6/4.4 MB | 540 kB | 177 kB
Progress (3): 3.7/4.4 MB | 540 kB | 177 kB
Progress (3): 3.7/4.4 MB | 540 kB | 177 kB
Progress (3): 3.7/4.4 MB | 540 kB | 177 kB
Progress (3): 3.7/4.4 MB | 540 kB | 177 kB
Progress (3): 3.7/4.4 MB | 540 kB | 177 kB
Progress (3): 3.7/4.4 MB | 540 kB | 177 kB
Progress (3): 3.8/4.4 MB | 540 kB | 177 kB
Progress (3): 3.8/4.4 MB | 540 kB | 177 kB
Progress (3): 3.8/4.4 MB | 540 kB | 177 kB
Progress (3): 3.8/4.4 MB | 540 kB | 177 kB
Progress (3): 3.8/4.4 MB | 540 kB | 177 kB
Progress (3): 3.8/4.4 MB | 540 kB | 177 kB
Progress (3): 3.9/4.4 MB | 540 kB | 177 kB
Progress (3): 3.9/4.4 MB | 540 kB | 177 kB
Progress (3): 3.9/4.4 MB | 540 kB | 177 kB
Progress (3): 3.9/4.4 MB | 540 kB | 177 kB
Progress (3): 3.9/4.4 MB | 540 kB | 177 kB
                                          
Downloaded from central: https://repo1.maven.org/maven2/org/mortbay/jetty/jetty/6.1.26/jetty-6.1.26.jar (540 kB at 364 kB/s)
Downloading from central: https://repo1.maven.org/maven2/org/mortbay/jetty/jsp-api-2.1/6.1.14/jsp-api-2.1-6.1.14.jar
Progress (2): 3.9/4.4 MB | 177 kB
Progress (3): 3.9/4.4 MB | 177 kB | 8.2/134 kB
Progress (3): 3.9/4.4 MB | 177 kB | 8.2/134 kB
Progress (3): 4.0/4.4 MB | 177 kB | 8.2/134 kB
                                              
Downloaded from central: https://repo1.maven.org/maven2/org/mortbay/jetty/jetty-util/6.1.26/jetty-util-6.1.26.jar (177 kB at 119 kB/s)
Downloading from central: https://repo1.maven.org/maven2/org/mortbay/jetty/jsp-2.1/6.1.14/jsp-2.1-6.1.14.jar
Progress (2): 4.0/4.4 MB | 16/134 kB
Progress (2): 4.0/4.4 MB | 16/134 kB
Progress (2): 4.0/4.4 MB | 33/134 kB
Progress (2): 4.0/4.4 MB | 33/134 kB
Progress (2): 4.0/4.4 MB | 49/134 kB
Progress (2): 4.0/4.4 MB | 49/134 kB
Progress (2): 4.0/4.4 MB | 66/134 kB
Progress (2): 4.0/4.4 MB | 66/134 kB
Progress (2): 4.0/4.4 MB | 66/134 kB
Progress (2): 4.1/4.4 MB | 66/134 kB
Progress (2): 4.1/4.4 MB | 66/134 kB
Progress (2): 4.1/4.4 MB | 66/134 kB
Progress (2): 4.1/4.4 MB | 66/134 kB
Progress (2): 4.1/4.4 MB | 82/134 kB
Progress (2): 4.1/4.4 MB | 98/134 kB
Progress (2): 4.1/4.4 MB | 106/134 kB
Progress (2): 4.1/4.4 MB | 115/134 kB
Progress (2): 4.1/4.4 MB | 131/134 kB
Progress (2): 4.1/4.4 MB | 134 kB    
Progress (2): 4.1/4.4 MB | 134 kB
Progress (2): 4.1/4.4 MB | 134 kB
Progress (2): 4.2/4.4 MB | 134 kB
Progress (2): 4.2/4.4 MB | 134 kB
Progress (2): 4.2/4.4 MB | 134 kB
Progress (2): 4.2/4.4 MB | 134 kB
Progress (2): 4.2/4.4 MB | 134 kB
Progress (2): 4.2/4.4 MB | 134 kB
Progress (2): 4.3/4.4 MB | 134 kB
Progress (2): 4.3/4.4 MB | 134 kB
Progress (2): 4.3/4.4 MB | 134 kB
Progress (2): 4.3/4.4 MB | 134 kB
Progress (2): 4.3/4.4 MB | 134 kB
Progress (2): 4.3/4.4 MB | 134 kB
Progress (2): 4.3/4.4 MB | 134 kB
Progress (2): 4.4/4.4 MB | 134 kB
Progress (2): 4.4/4.4 MB | 134 kB
Progress (2): 4.4/4.4 MB | 134 kB
Progress (2): 4.4 MB | 134 kB    
                             
Downloaded from central: https://repo1.maven.org/maven2/org/mortbay/jetty/servlet-api/2.5-20081211/servlet-api-2.5-20081211.jar (134 kB at 89 kB/s)
Downloading from central: https://repo1.maven.org/maven2/net/java/dev/jets3t/jets3t/0.7.1/jets3t-0.7.1.jar
Progress (2): 4.4 MB | 7.7/135 kB
Progress (2): 4.4 MB | 12/135 kB 
Progress (2): 4.4 MB | 29/135 kB
Progress (2): 4.4 MB | 45/135 kB
Progress (2): 4.4 MB | 61/135 kB
Progress (2): 4.4 MB | 78/135 kB
Progress (2): 4.4 MB | 94/135 kB
Progress (2): 4.4 MB | 111/135 kB
Progress (2): 4.4 MB | 127/135 kB
Progress (2): 4.4 MB | 135 kB    
Progress (3): 4.4 MB | 135 kB | 0/1.0 MB
                                        
Downloaded from central: https://repo1.maven.org/maven2/org/apache/pig/pig/0.16.0/pig-0.16.0-h2.jar (4.4 MB at 2.9 MB/s)
Progress (2): 135 kB | 0/1.0 MB
                               
Downloading from central: https://repo1.maven.org/maven2/org/mortbay/jetty/servlet-api-2.5/6.1.14/servlet-api-2.5-6.1.14.jar
Progress (2): 135 kB | 0/1.0 MB
Progress (2): 135 kB | 0/1.0 MB
Progress (2): 135 kB | 0.1/1.0 MB
Progress (2): 135 kB | 0.1/1.0 MB
Progress (2): 135 kB | 0.1/1.0 MB
Progress (2): 135 kB | 0.1/1.0 MB
Progress (2): 135 kB | 0.1/1.0 MB
Progress (2): 135 kB | 0.1/1.0 MB
Progress (2): 135 kB | 0.1/1.0 MB
Progress (2): 135 kB | 0.2/1.0 MB
Progress (2): 135 kB | 0.2/1.0 MB
Progress (2): 135 kB | 0.2/1.0 MB
Progress (2): 135 kB | 0.2/1.0 MB
Progress (2): 135 kB | 0.2/1.0 MB
Progress (2): 135 kB | 0.2/1.0 MB
                                 
Downloaded from central: https://repo1.maven.org/maven2/org/mortbay/jetty/jsp-api-2.1/6.1.14/jsp-api-2.1-6.1.14.jar (135 kB at 88 kB/s)
Downloading from central: https://repo1.maven.org/maven2/org/mockito/mockito-core/5.17.0/mockito-core-5.17.0.jar
Progress (1): 0.3/1.0 MB
Progress (1): 0.3/1.0 MB
Progress (1): 0.3/1.0 MB
Progress (1): 0.3/1.0 MB
Progress (1): 0.3/1.0 MB
Progress (1): 0.3/1.0 MB
Progress (1): 0.4/1.0 MB
Progress (1): 0.4/1.0 MB
Progress (1): 0.4/1.0 MB
Progress (1): 0.4/1.0 MB
Progress (1): 0.4/1.0 MB
Progress (1): 0.4/1.0 MB
Progress (1): 0.5/1.0 MB
Progress (1): 0.5/1.0 MB
Progress (1): 0.5/1.0 MB
Progress (1): 0.5/1.0 MB
Progress (1): 0.5/1.0 MB
Progress (1): 0.5/1.0 MB
Progress (1): 0.5/1.0 MB
Progress (1): 0.5/1.0 MB
Progress (1): 0.5/1.0 MB
Progress (1): 0.6/1.0 MB
Progress (1): 0.6/1.0 MB
Progress (1): 0.6/1.0 MB
Progress (1): 0.6/1.0 MB
Progress (1): 0.6/1.0 MB
Progress (1): 0.6/1.0 MB
Progress (1): 0.6/1.0 MB
Progress (1): 0.6/1.0 MB
Progress (1): 0.7/1.0 MB
Progress (1): 0.7/1.0 MB
Progress (1): 0.7/1.0 MB
Progress (1): 0.7/1.0 MB
Progress (1): 0.7/1.0 MB
Progress (1): 0.7/1.0 MB
Progress (1): 0.7/1.0 MB
Progress (1): 0.8/1.0 MB
Progress (1): 0.8/1.0 MB
Progress (1): 0.8/1.0 MB
Progress (1): 0.8/1.0 MB
Progress (1): 0.8/1.0 MB
Progress (1): 0.8/1.0 MB
Progress (1): 0.8/1.0 MB
Progress (1): 0.9/1.0 MB
Progress (1): 0.9/1.0 MB
Progress (1): 0.9/1.0 MB
Progress (1): 0.9/1.0 MB
Progress (1): 0.9/1.0 MB
Progress (1): 0.9/1.0 MB
Progress (1): 1.0/1.0 MB
Progress (1): 1.0/1.0 MB
Progress (1): 1.0/1.0 MB
Progress (1): 1.0/1.0 MB
Progress (1): 1.0/1.0 MB
Progress (1): 1.0 MB    
Progress (2): 1.0 MB | 7.7/378 kB
Progress (2): 1.0 MB | 16/378 kB 
Progress (2): 1.0 MB | 32/378 kB
Progress (2): 1.0 MB | 49/378 kB
Progress (2): 1.0 MB | 65/378 kB
Progress (2): 1.0 MB | 81/378 kB
Progress (2): 1.0 MB | 98/378 kB
Progress (2): 1.0 MB | 114/378 kB
Progress (2): 1.0 MB | 131/378 kB
Progress (2): 1.0 MB | 147/378 kB
Progress (2): 1.0 MB | 163/378 kB
Progress (2): 1.0 MB | 180/378 kB
Progress (2): 1.0 MB | 196/378 kB
Progress (2): 1.0 MB | 213/378 kB
Progress (2): 1.0 MB | 229/378 kB
Progress (2): 1.0 MB | 245/378 kB
Progress (2): 1.0 MB | 262/378 kB
Progress (2): 1.0 MB | 278/378 kB
Progress (2): 1.0 MB | 294/378 kB
Progress (2): 1.0 MB | 311/378 kB
Progress (2): 1.0 MB | 327/378 kB
Progress (2): 1.0 MB | 344/378 kB
Progress (2): 1.0 MB | 360/378 kB
Progress (2): 1.0 MB | 376/378 kB
Progress (2): 1.0 MB | 378 kB    
                             
Downloaded from central: https://repo1.maven.org/maven2/org/mortbay/jetty/jsp-2.1/6.1.14/jsp-2.1-6.1.14.jar (1.0 MB at 659 kB/s)
Downloading from central: https://repo1.maven.org/maven2/org/slf4j/slf4j-api/1.7.30/slf4j-api-1.7.30.jar
Downloaded from central: https://repo1.maven.org/maven2/net/java/dev/jets3t/jets3t/0.7.1/jets3t-0.7.1.jar (378 kB at 243 kB/s)
Progress (1): 3.4/709 kB
Progress (1): 12/709 kB 
Progress (1): 28/709 kB
Progress (2): 28/709 kB | 7.7/132 kB
Progress (2): 36/709 kB | 7.7/132 kB
Progress (2): 53/709 kB | 7.7/132 kB
Progress (2): 61/709 kB | 7.7/132 kB
Progress (2): 66/709 kB | 7.7/132 kB
Progress (2): 82/709 kB | 7.7/132 kB
Progress (2): 98/709 kB | 7.7/132 kB
Progress (2): 98/709 kB | 16/132 kB 
Progress (2): 106/709 kB | 16/132 kB
Progress (2): 106/709 kB | 32/132 kB
Progress (2): 123/709 kB | 32/132 kB
Progress (2): 123/709 kB | 49/132 kB
Progress (2): 139/709 kB | 49/132 kB
Progress (2): 139/709 kB | 65/132 kB
Progress (2): 147/709 kB | 65/132 kB
Progress (2): 164/709 kB | 65/132 kB
Progress (2): 164/709 kB | 81/132 kB
Progress (2): 180/709 kB | 81/132 kB
Progress (2): 180/709 kB | 98/132 kB
Progress (2): 197/709 kB | 98/132 kB
Progress (2): 197/709 kB | 114/132 kB
Progress (2): 213/709 kB | 114/132 kB
Progress (2): 213/709 kB | 131/132 kB
Progress (2): 229/709 kB | 131/132 kB
Progress (2): 229/709 kB | 132 kB    
Progress (2): 246/709 kB | 132 kB
Progress (2): 262/709 kB | 132 kB
Progress (2): 270/709 kB | 132 kB
Progress (2): 287/709 kB | 132 kB
Progress (2): 303/709 kB | 132 kB
Progress (2): 319/709 kB | 132 kB
Progress (2): 336/709 kB | 132 kB
Progress (2): 352/709 kB | 132 kB
Progress (2): 369/709 kB | 132 kB
Progress (2): 385/709 kB | 132 kB
Progress (2): 401/709 kB | 132 kB
                                 
Progress (2): 418/709 kB | 132 kB
Progress (2): 434/709 kB | 132 kB
Progress (2): 451/709 kB | 132 kB
Progress (2): 467/709 kB | 132 kB
Progress (2): 483/709 kB | 132 kB
Progress (2): 500/709 kB | 132 kB
Progress (2): 516/709 kB | 132 kB
Progress (2): 532/709 kB | 132 kB
Progress (2): 549/709 kB | 132 kB
Progress (2): 565/709 kB | 132 kB
Progress (2): 582/709 kB | 132 kB
Progress (2): 598/709 kB | 132 kB
Progress (2): 614/709 kB | 132 kB
Progress (2): 631/709 kB | 132 kB
Progress (2): 647/709 kB | 132 kB
Progress (2): 664/709 kB | 132 kB
Progress (2): 680/709 kB | 132 kB
Progress (2): 696/709 kB | 132 kB
Progress (2): 709 kB | 132 kB    
                             
Downloaded from central: https://repo1.maven.org/maven2/org/mortbay/jetty/servlet-api-2.5/6.1.14/servlet-api-2.5-6.1.14.jar (132 kB at 84 kB/s)
Progress (2): 709 kB | 7.7/41 kB
                                
Downloaded from central: https://repo1.maven.org/maven2/org/mockito/mockito-core/5.17.0/mockito-core-5.17.0.jar (709 kB at 445 kB/s)
Progress (1): 8.2/41 kB
Progress (1): 25/41 kB 
Progress (1): 41/41 kB
Progress (1): 41 kB   
                   
Downloaded from central: https://repo1.maven.org/maven2/org/slf4j/slf4j-api/1.7.30/slf4j-api-1.7.30.jar (41 kB at 26 kB/s)
[INFO] ------------------------------------------------------------------------
[INFO] BUILD FAILURE
[INFO] ------------------------------------------------------------------------
[INFO] Total time:  13.267 s
[INFO] Finished at: 2026-02-25T19:35:37-05:00
[INFO] ------------------------------------------------------------------------
[INFO] 0 goals, 0 executed
Downloading from central: https://repo1.maven.org/maven2/org/apache/maven/plugins/maven-surefire-plugin/3.5.3/maven-surefire-plugin-3.5.3.pom
Progress (1): 827 B
Progress (1): 3.3 kB
Progress (1): 5.5 kB
                    
Downloaded from central: https://repo1.maven.org/maven2/org/apache/maven/plugins/maven-surefire-plugin/3.5.3/maven-surefire-plugin-3.5.3.pom (5.5 kB at 83 kB/s)
Downloading from central: https://repo1.maven.org/maven2/org/apache/maven/surefire/surefire/3.5.3/surefire-3.5.3.pom
Progress (1): 789 B
Progress (1): 2.4 kB
Progress (1): 4.0 kB
Progress (1): 7.7 kB
Progress (1): 11 kB 
Progress (1): 13 kB
Progress (1): 16 kB
Progress (1): 18 kB
Progress (1): 20 kB
                   
Downloaded from central: https://repo1.maven.org/maven2/org/apache/maven/surefire/surefire/3.5.3/surefire-3.5.3.pom (20 kB at 226 kB/s)
Downloading from central: https://repo1.maven.org/maven2/org/apache/maven/maven-parent/44/maven-parent-44.pom
Progress (1): 708 B
Progress (1): 1.9 kB
Progress (1): 5.5 kB
Progress (1): 9.7 kB
Progress (1): 14 kB 
Progress (1): 19 kB
Progress (1): 23 kB
Progress (1): 26 kB
Progress (1): 28 kB
Progress (1): 32 kB
Progress (1): 36 kB
Progress (1): 39 kB
Progress (1): 42 kB
Progress (1): 45 kB
Progress (1): 49 kB
Progress (1): 49 kB
Progress (1): 52 kB
                   
Downloaded from central: https://repo1.maven.org/maven2/org/apache/maven/maven-parent/44/maven-parent-44.pom (52 kB at 587 kB/s)
Downloading from central: https://repo1.maven.org/maven2/org/apache/apache/34/apache-34.pom
Progress (1): 737 B
Progress (1): 2.0 kB
Progress (1): 4.0 kB
Progress (1): 5.9 kB
Progress (1): 11 kB 
Progress (1): 15 kB
Progress (1): 19 kB
Progress (1): 22 kB
Progress (1): 24 kB
                   
Downloaded from central: https://repo1.maven.org/maven2/org/apache/apache/34/apache-34.pom (24 kB at 272 kB/s)
Downloading from central: https://repo1.maven.org/maven2/org/junit/junit-bom/5.12.1/junit-bom-5.12.1.pom
Progress (1): 908 B
Progress (1): 4.1 kB
Progress (1): 5.6 kB
                    
Downloaded from central: https://repo1.maven.org/maven2/org/junit/junit-bom/5.12.1/junit-bom-5.12.1.pom (5.6 kB at 97 kB/s)
Downloading from central: https://repo1.maven.org/maven2/org/apache/maven/plugins/maven-surefire-plugin/3.5.3/maven-surefire-plugin-3.5.3.jar
Progress (1): 7.7/46 kB
Progress (1): 16/46 kB 
Progress (1): 32/46 kB
Progress (1): 46 kB   
                   
Downloaded from central: https://repo1.maven.org/maven2/org/apache/maven/plugins/maven-surefire-plugin/3.5.3/maven-surefire-plugin-3.5.3.jar (46 kB at 887 kB/s)
Downloading from central: https://repo1.maven.org/maven2/org/apache/maven/plugins/maven-site-plugin/3.21.0/maven-site-plugin-3.21.0.pom
Progress (1): 740 B
Progress (1): 2.4 kB
Progress (1): 5.4 kB
Progress (1): 7.1 kB
Progress (1): 13 kB 
Progress (1): 18 kB
Progress (1): 20 kB
Progress (1): 22 kB
                   
Downloaded from central: https://repo1.maven.org/maven2/org/apache/maven/plugins/maven-site-plugin/3.21.0/maven-site-plugin-3.21.0.pom (22 kB at 394 kB/s)
Downloading from central: https://repo1.maven.org/maven2/org/apache/maven/plugins/maven-site-plugin/3.21.0/maven-site-plugin-3.21.0.jar
Progress (1): 7.7/117 kB
Progress (1): 12/117 kB 
Progress (1): 28/117 kB
Progress (1): 44/117 kB
Progress (1): 61/117 kB
Progress (1): 77/117 kB
Progress (1): 94/117 kB
Progress (1): 110/117 kB
Progress (1): 117 kB    
                    
Downloaded from central: https://repo1.maven.org/maven2/org/apache/maven/plugins/maven-site-plugin/3.21.0/maven-site-plugin-3.21.0.jar (117 kB at 2.1 MB/s)
Downloading from central: https://repo1.maven.org/maven2/org/apache/maven/plugins/maven-dependency-plugin/2.8/maven-dependency-plugin-2.8.pom
Progress (1): 763 B
Progress (1): 2.2 kB
Progress (1): 6.1 kB
Progress (1): 9.4 kB
Progress (1): 11 kB 
                   
Downloaded from central: https://repo1.maven.org/maven2/org/apache/maven/plugins/maven-dependency-plugin/2.8/maven-dependency-plugin-2.8.pom (11 kB at 161 kB/s)
[INFO] Artifact org.apache.maven.plugins:maven-plugins:pom:24 is present in the local repository, but cached from a remote repository ID that is unavailable in current build context, verifying that is downloadable from [central (https://repo1.maven.org/maven2, default, releases)]
[INFO] Artifact org.apache.maven.plugins:maven-plugins:pom:24 is present in the local repository, but cached from a remote repository ID that is unavailable in current build context, verifying that is downloadable from [central (https://repo1.maven.org/maven2, default, releases)]
Downloading from central: https://repo1.maven.org/maven2/org/apache/maven/plugins/maven-plugins/24/maven-plugins-24.pom
Downloaded from central: https://repo1.maven.org/maven2/org/apache/maven/plugins/maven-plugins/24/maven-plugins-24.pom (0 B at 0 B/s)
Downloading from central: https://repo1.maven.org/maven2/org/apache/maven/plugins/maven-dependency-plugin/2.8/maven-dependency-plugin-2.8.jar
Progress (1): 3.4/153 kB
Progress (1): 20/153 kB 
Progress (1): 36/153 kB
Progress (1): 53/153 kB
Progress (1): 69/153 kB
Progress (1): 77/153 kB
Progress (1): 94/153 kB
Progress (1): 110/153 kB
Progress (1): 126/153 kB
Progress (1): 143/153 kB
Progress (1): 151/153 kB
Progress (1): 153 kB    
                    
Downloaded from central: https://repo1.maven.org/maven2/org/apache/maven/plugins/maven-dependency-plugin/2.8/maven-dependency-plugin-2.8.jar (153 kB at 2.8 MB/s)
Downloading from central: https://repo1.maven.org/maven2/org/apache/maven/plugins/maven-checkstyle-plugin/3.5.0/maven-checkstyle-plugin-3.5.0.pom
Progress (1): 744 B
Progress (1): 2.2 kB
Progress (1): 4.7 kB
Progress (1): 9.7 kB
Progress (1): 12 kB 
Progress (1): 15 kB
                   
Downloaded from central: https://repo1.maven.org/maven2/org/apache/maven/plugins/maven-checkstyle-plugin/3.5.0/maven-checkstyle-plugin-3.5.0.pom (15 kB at 240 kB/s)
Downloading from central: https://repo1.maven.org/maven2/org/apache/maven/plugins/maven-checkstyle-plugin/3.5.0/maven-checkstyle-plugin-3.5.0.jar
Progress (1): 7.7/101 kB
Progress (1): 8.2/101 kB
Progress (1): 25/101 kB 
Progress (1): 33/101 kB
Progress (1): 41/101 kB
Progress (1): 57/101 kB
Progress (1): 66/101 kB
Progress (1): 74/101 kB
Progress (1): 90/101 kB
Progress (1): 101 kB   
                    
Downloaded from central: https://repo1.maven.org/maven2/org/apache/maven/plugins/maven-checkstyle-plugin/3.5.0/maven-checkstyle-plugin-3.5.0.jar (101 kB at 2.2 MB/s)
Downloading from central: https://repo1.maven.org/maven2/org/apache/maven/plugins/maven-clean-plugin/3.5.0/maven-clean-plugin-3.5.0.pom
Progress (1): 797 B
Progress (1): 2.2 kB
Progress (1): 5.0 kB
Progress (1): 5.7 kB
                    
Downloaded from central: https://repo1.maven.org/maven2/org/apache/maven/plugins/maven-clean-plugin/3.5.0/maven-clean-plugin-3.5.0.pom (5.7 kB at 103 kB/s)
Downloading from central: https://repo1.maven.org/maven2/org/apache/maven/plugins/maven-plugins/44/maven-plugins-44.pom
Progress (1): 771 B
Progress (1): 2.3 kB
Progress (1): 4.9 kB
Progress (1): 7.8 kB
Progress (1): 8.4 kB
                    
Downloaded from central: https://repo1.maven.org/maven2/org/apache/maven/plugins/maven-plugins/44/maven-plugins-44.pom (8.4 kB at 161 kB/s)
Downloading from central: https://repo1.maven.org/maven2/org/apache/maven/plugins/maven-clean-plugin/3.5.0/maven-clean-plugin-3.5.0.jar
Progress (1): 7.7/37 kB
Progress (1): 8.2/37 kB
Progress (1): 25/37 kB 
Progress (1): 37 kB   
                   
Downloaded from central: https://repo1.maven.org/maven2/org/apache/maven/plugins/maven-clean-plugin/3.5.0/maven-clean-plugin-3.5.0.jar (37 kB at 792 kB/s)
Downloading from central: https://repo1.maven.org/maven2/org/apache/maven/plugins/maven-install-plugin/3.1.4/maven-install-plugin-3.1.4.pom
Progress (1): 786 B
Progress (1): 2.3 kB
Progress (1): 5.0 kB
Progress (1): 8.1 kB
Progress (1): 8.1 kB
                    
Downloaded from central: https://repo1.maven.org/maven2/org/apache/maven/plugins/maven-install-plugin/3.1.4/maven-install-plugin-3.1.4.pom (8.1 kB at 140 kB/s)
Downloading from central: https://repo1.maven.org/maven2/org/apache/maven/plugins/maven-install-plugin/3.1.4/maven-install-plugin-3.1.4.jar
Progress (1): 7.7/33 kB
Progress (1): 16/33 kB 
Progress (1): 32/33 kB
Progress (1): 33 kB   
                   
Downloaded from central: https://repo1.maven.org/maven2/org/apache/maven/plugins/maven-install-plugin/3.1.4/maven-install-plugin-3.1.4.jar (33 kB at 693 kB/s)
Downloading from central: https://repo1.maven.org/maven2/org/apache/maven/plugins/maven-deploy-plugin/3.1.4/maven-deploy-plugin-3.1.4.pom
Progress (1): 771 B
Progress (1): 2.2 kB
Progress (1): 4.9 kB
Progress (1): 8.6 kB
Progress (1): 9.2 kB
                    
Downloaded from central: https://repo1.maven.org/maven2/org/apache/maven/plugins/maven-deploy-plugin/3.1.4/maven-deploy-plugin-3.1.4.pom (9.2 kB at 159 kB/s)
Downloading from central: https://repo1.maven.org/maven2/org/apache/maven/plugins/maven-deploy-plugin/3.1.4/maven-deploy-plugin-3.1.4.jar
Progress (1): 7.7/40 kB
Progress (1): 16/40 kB 
Progress (1): 32/40 kB
Progress (1): 40 kB   
                   
Downloaded from central: https://repo1.maven.org/maven2/org/apache/maven/plugins/maven-deploy-plugin/3.1.4/maven-deploy-plugin-3.1.4.jar (40 kB at 813 kB/s)
[ERROR] Failed to execute goal on project hive-webhcat: Could not resolve dependencies for project org.apache.hive.hcatalog:hive-webhcat:jar:4.3.0-SNAPSHOT
[ERROR] dependency: org.apache.hive.hcatalog:hive-hcatalog-core:jar:4.3.0-SNAPSHOT (provided)
[ERROR] 	Could not find artifact org.apache.hive.hcatalog:hive-hcatalog-core:jar:4.3.0-SNAPSHOT in central (https://repo1.maven.org/maven2)
[ERROR] dependency: org.apache.hive:hive-jdbc:jar:4.3.0-SNAPSHOT (compile)
[ERROR] 	Could not find artifact org.apache.hive:hive-jdbc:jar:4.3.0-SNAPSHOT in central (https://repo1.maven.org/maven2)
[ERROR] dependency: org.apache.hive:hive-standalone-metastore-common:jar:tests:4.3.0-SNAPSHOT (test)
[ERROR] 	Could not find artifact org.apache.hive:hive-standalone-metastore-common:jar:tests:4.3.0-SNAPSHOT in central (https://repo1.maven.org/maven2)
[ERROR] dependency: org.apache.hive:hive-standalone-metastore-server:jar:tests:4.3.0-SNAPSHOT (test)
[ERROR] 	Could not find artifact org.apache.hive:hive-standalone-metastore-server:jar:tests:4.3.0-SNAPSHOT in central (https://repo1.maven.org/maven2)
[ERROR] dependency: org.apache.hive:hive-common:jar:tests:4.3.0-SNAPSHOT (test)
[ERROR] 	Could not find artifact org.apache.hive:hive-common:jar:tests:4.3.0-SNAPSHOT in central (https://repo1.maven.org/maven2)
[ERROR] 
[ERROR] -> [Help 1]
[ERROR] 
[ERROR] To see the full stack trace of the errors, re-run Maven with the -e switch.
[ERROR] Re-run Maven using the -X switch to enable full debug logging.
[ERROR] 
[ERROR] For more information about the errors and possible solutions, please read the following articles:
[ERROR] [Help 1] http://cwiki.apache.org/confluence/display/MAVEN/DependencyResolutionException

STDERR:
