COMMAND: mvn.cmd -s D:\Khedma\Mr wiem\mutation-test-pipeline\.mvn\settings.xml -DskipTests compile

STDOUT:
[INFO] Scanning for projects...
Downloading from central: https://repo1.maven.org/maven2/org/apache/directory/project/project/50/project-50.pom
Progress (1): 767 B
Progress (1): 1.7 kB
Progress (1): 3.3 kB
Progress (1): 9.3 kB
Progress (1): 14 kB 
Progress (1): 21 kB
Progress (1): 25 kB
Progress (1): 26 kB
Progress (1): 33 kB
Progress (1): 36 kB
Progress (1): 38 kB
Progress (1): 40 kB
                   
Downloaded from central: https://repo1.maven.org/maven2/org/apache/directory/project/project/50/project-50.pom (40 kB at 135 kB/s)
Downloading from central: https://repo1.maven.org/maven2/org/apache/felix/maven-bundle-plugin/5.1.9/maven-bundle-plugin-5.1.9.pom
Progress (1): 783 B
Progress (1): 1.6 kB
Progress (1): 3.5 kB
Progress (1): 6.0 kB
Progress (1): 9.3 kB
Progress (1): 11 kB 
                   
Downloaded from central: https://repo1.maven.org/maven2/org/apache/felix/maven-bundle-plugin/5.1.9/maven-bundle-plugin-5.1.9.pom (11 kB at 189 kB/s)
Downloading from central: https://repo1.maven.org/maven2/org/apache/felix/felix-parent/7/felix-parent-7.pom
Progress (1): 827 B
Progress (1): 1.8 kB
Progress (1): 3.4 kB
Progress (1): 7.4 kB
Progress (1): 10 kB 
Progress (1): 13 kB
Progress (1): 21 kB
Progress (1): 21 kB
                   
Downloaded from central: https://repo1.maven.org/maven2/org/apache/felix/felix-parent/7/felix-parent-7.pom (21 kB at 340 kB/s)
Downloading from central: https://repo1.maven.org/maven2/org/slf4j/slf4j-api/1.7.25/slf4j-api-1.7.25.pom
Progress (1): 1.0 kB
Progress (1): 2.9 kB
Progress (1): 3.8 kB
                    
Downloaded from central: https://repo1.maven.org/maven2/org/slf4j/slf4j-api/1.7.25/slf4j-api-1.7.25.pom (3.8 kB at 77 kB/s)
Downloading from central: https://repo1.maven.org/maven2/org/slf4j/slf4j-parent/1.7.25/slf4j-parent-1.7.25.pom
Progress (1): 1.0 kB
Progress (1): 2.5 kB
Progress (1): 5.3 kB
Progress (1): 8.1 kB
Progress (1): 10 kB 
Progress (1): 13 kB
Progress (1): 14 kB
                   
Downloaded from central: https://repo1.maven.org/maven2/org/slf4j/slf4j-parent/1.7.25/slf4j-parent-1.7.25.pom (14 kB at 225 kB/s)
[INFO] Artifact org.apache.felix:org.apache.felix.bundlerepository:pom:1.6.6 is present in the local repository, but cached from a remote repository ID that is unavailable in current build context, verifying that is downloadable from [apache.snapshots (https://repository.apache.org/snapshots, default, snapshots), central (https://repo1.maven.org/maven2, default, releases)]
[INFO] Artifact org.apache.felix:org.apache.felix.bundlerepository:pom:1.6.6 is present in the local repository, but cached from a remote repository ID that is unavailable in current build context, verifying that is downloadable from [apache.snapshots (https://repository.apache.org/snapshots, default, snapshots), central (https://repo1.maven.org/maven2, default, releases)]
Downloading from central: https://repo1.maven.org/maven2/org/apache/felix/org.apache.felix.bundlerepository/1.6.6/org.apache.felix.bundlerepository-1.6.6.pom
Downloaded from central: https://repo1.maven.org/maven2/org/apache/felix/org.apache.felix.bundlerepository/1.6.6/org.apache.felix.bundlerepository-1.6.6.pom (0 B at 0 B/s)
[INFO] Artifact org.apache.felix:felix-parent:pom:2.1 is present in the local repository, but cached from a remote repository ID that is unavailable in current build context, verifying that is downloadable from [apache.snapshots (https://repository.apache.org/snapshots, default, snapshots), central (https://repo1.maven.org/maven2, default, releases)]
[INFO] Artifact org.apache.felix:felix-parent:pom:2.1 is present in the local repository, but cached from a remote repository ID that is unavailable in current build context, verifying that is downloadable from [apache.snapshots (https://repository.apache.org/snapshots, default, snapshots), central (https://repo1.maven.org/maven2, default, releases)]
Downloading from central: https://repo1.maven.org/maven2/org/apache/felix/felix-parent/2.1/felix-parent-2.1.pom
Downloaded from central: https://repo1.maven.org/maven2/org/apache/felix/felix-parent/2.1/felix-parent-2.1.pom (0 B at 0 B/s)
Downloading from central: https://repo1.maven.org/maven2/org/apache/felix/org.apache.felix.utils/1.6.0/org.apache.felix.utils-1.6.0.pom
Progress (1): 829 B
Progress (1): 2.1 kB
Progress (1): 3.3 kB
                    
Downloaded from central: https://repo1.maven.org/maven2/org/apache/felix/org.apache.felix.utils/1.6.0/org.apache.felix.utils-1.6.0.pom (3.3 kB at 54 kB/s)
Downloading from central: https://repo1.maven.org/maven2/org/apache/maven/maven-archiver/3.5.2/maven-archiver-3.5.2.pom
Progress (1): 805 B
Progress (1): 1.8 kB
Progress (1): 3.8 kB
Progress (1): 5.5 kB
                    
Downloaded from central: https://repo1.maven.org/maven2/org/apache/maven/maven-archiver/3.5.2/maven-archiver-3.5.2.pom (5.5 kB at 87 kB/s)
Downloading from central: https://repo1.maven.org/maven2/org/apache/maven/maven-artifact/3.1.1/maven-artifact-3.1.1.pom
Progress (1): 845 B
Progress (1): 1.9 kB
Progress (1): 2.0 kB
                    
Downloaded from central: https://repo1.maven.org/maven2/org/apache/maven/maven-artifact/3.1.1/maven-artifact-3.1.1.pom (2.0 kB at 35 kB/s)
Downloading from central: https://repo1.maven.org/maven2/org/apache/maven/maven/3.1.1/maven-3.1.1.pom
Progress (1): 770 B
Progress (1): 1.6 kB
Progress (1): 3.1 kB
Progress (1): 5.7 kB
Progress (1): 9.7 kB
Progress (1): 14 kB 
Progress (1): 17 kB
Progress (1): 19 kB
Progress (1): 22 kB
                   
Downloaded from central: https://repo1.maven.org/maven2/org/apache/maven/maven/3.1.1/maven-3.1.1.pom (22 kB at 381 kB/s)
Downloading from central: https://repo1.maven.org/maven2/org/apache/maven/maven-model/3.1.1/maven-model-3.1.1.pom
Progress (1): 809 B
Progress (1): 1.8 kB
Progress (1): 4.1 kB
                    
Downloaded from central: https://repo1.maven.org/maven2/org/apache/maven/maven-model/3.1.1/maven-model-3.1.1.pom (4.1 kB at 75 kB/s)
Downloading from central: https://repo1.maven.org/maven2/org/apache/maven/maven-core/3.1.1/maven-core-3.1.1.pom
Progress (1): 795 B
Progress (1): 1.9 kB
Progress (1): 5.0 kB
Progress (1): 7.3 kB
                    
Downloaded from central: https://repo1.maven.org/maven2/org/apache/maven/maven-core/3.1.1/maven-core-3.1.1.pom (7.3 kB at 135 kB/s)
Downloading from central: https://repo1.maven.org/maven2/org/apache/maven/maven-settings/3.1.1/maven-settings-3.1.1.pom
Progress (1): 830 B
Progress (1): 1.8 kB
Progress (1): 2.2 kB
                    
Downloaded from central: https://repo1.maven.org/maven2/org/apache/maven/maven-settings/3.1.1/maven-settings-3.1.1.pom (2.2 kB at 41 kB/s)
Downloading from central: https://repo1.maven.org/maven2/org/apache/maven/maven-settings-builder/3.1.1/maven-settings-builder-3.1.1.pom
Progress (1): 823 B
Progress (1): 2.6 kB
                    
Downloaded from central: https://repo1.maven.org/maven2/org/apache/maven/maven-settings-builder/3.1.1/maven-settings-builder-3.1.1.pom (2.6 kB at 51 kB/s)
Downloading from central: https://repo1.maven.org/maven2/org/codehaus/plexus/plexus-interpolation/1.19/plexus-interpolation-1.19.pom
Progress (1): 1.0 kB
                    
Downloaded from central: https://repo1.maven.org/maven2/org/codehaus/plexus/plexus-interpolation/1.19/plexus-interpolation-1.19.pom (1.0 kB at 20 kB/s)
Downloading from central: https://repo1.maven.org/maven2/org/apache/maven/maven-repository-metadata/3.1.1/maven-repository-metadata-3.1.1.pom
Progress (1): 823 B
Progress (1): 2.2 kB
                    
Downloaded from central: https://repo1.maven.org/maven2/org/apache/maven/maven-repository-metadata/3.1.1/maven-repository-metadata-3.1.1.pom (2.2 kB at 45 kB/s)
Downloading from central: https://repo1.maven.org/maven2/org/apache/maven/maven-plugin-api/3.1.1/maven-plugin-api-3.1.1.pom
Progress (1): 816 B
Progress (1): 2.5 kB
Progress (1): 3.4 kB
                    
Downloaded from central: https://repo1.maven.org/maven2/org/apache/maven/maven-plugin-api/3.1.1/maven-plugin-api-3.1.1.pom (3.4 kB at 66 kB/s)
Downloading from central: https://repo1.maven.org/maven2/org/apache/maven/maven-model-builder/3.1.1/maven-model-builder-3.1.1.pom
Progress (1): 838 B
Progress (1): 2.7 kB
Progress (1): 2.8 kB
                    
Downloaded from central: https://repo1.maven.org/maven2/org/apache/maven/maven-model-builder/3.1.1/maven-model-builder-3.1.1.pom (2.8 kB at 50 kB/s)
Downloading from central: https://repo1.maven.org/maven2/org/apache/maven/maven-aether-provider/3.1.1/maven-aether-provider-3.1.1.pom
Progress (1): 813 B
Progress (1): 3.0 kB
Progress (1): 4.1 kB
                    
Downloaded from central: https://repo1.maven.org/maven2/org/apache/maven/maven-aether-provider/3.1.1/maven-aether-provider-3.1.1.pom (4.1 kB at 69 kB/s)
Downloading from central: https://repo1.maven.org/maven2/org/codehaus/plexus/plexus-classworlds/2.5.1/plexus-classworlds-2.5.1.pom
Progress (1): 931 B
Progress (1): 3.0 kB
Progress (1): 5.0 kB
                    
Downloaded from central: https://repo1.maven.org/maven2/org/codehaus/plexus/plexus-classworlds/2.5.1/plexus-classworlds-2.5.1.pom (5.0 kB at 100 kB/s)
Downloading from central: https://repo1.maven.org/maven2/org/apache/commons/commons-compress/1.20/commons-compress-1.20.pom
Progress (1): 765 B
Progress (1): 1.9 kB
Progress (1): 3.5 kB
Progress (1): 6.7 kB
Progress (1): 9.2 kB
Progress (1): 12 kB 
Progress (1): 15 kB
Progress (1): 16 kB
Progress (1): 18 kB
                   
Downloaded from central: https://repo1.maven.org/maven2/org/apache/commons/commons-compress/1.20/commons-compress-1.20.pom (18 kB at 304 kB/s)
Downloading from central: https://repo1.maven.org/maven2/org/codehaus/plexus/plexus-archiver/4.2.7/plexus-archiver-4.2.7.pom
Progress (1): 1.3 kB
Progress (1): 3.7 kB
Progress (1): 4.9 kB
                    
Downloaded from central: https://repo1.maven.org/maven2/org/codehaus/plexus/plexus-archiver/4.2.7/plexus-archiver-4.2.7.pom (4.9 kB at 89 kB/s)
Downloading from central: https://repo1.maven.org/maven2/org/apache/commons/commons-compress/1.21/commons-compress-1.21.pom
Progress (1): 753 B
Progress (1): 1.9 kB
Progress (1): 3.5 kB
Progress (1): 6.8 kB
Progress (1): 9.1 kB
Progress (1): 11 kB 
Progress (1): 14 kB
Progress (1): 15 kB
Progress (1): 19 kB
Progress (1): 20 kB
                   
Downloaded from central: https://repo1.maven.org/maven2/org/apache/commons/commons-compress/1.21/commons-compress-1.21.pom (20 kB at 394 kB/s)
Downloading from central: https://repo1.maven.org/maven2/org/apache/maven/shared/maven-dependency-tree/3.0/maven-dependency-tree-3.0.pom
Progress (1): 786 B
Progress (1): 2.3 kB
Progress (1): 4.8 kB
Progress (1): 7.3 kB
Progress (1): 7.4 kB
                    
Downloaded from central: https://repo1.maven.org/maven2/org/apache/maven/shared/maven-dependency-tree/3.0/maven-dependency-tree-3.0.pom (7.4 kB at 123 kB/s)
Downloading from central: https://repo1.maven.org/maven2/org/codehaus/plexus/plexus-component-annotations/1.6/plexus-component-annotations-1.6.pom
Progress (1): 748 B
                   
Downloaded from central: https://repo1.maven.org/maven2/org/codehaus/plexus/plexus-component-annotations/1.6/plexus-component-annotations-1.6.pom (748 B at 14 kB/s)
Downloading from central: https://repo1.maven.org/maven2/org/codehaus/plexus/plexus-containers/1.6/plexus-containers-1.6.pom
Progress (1): 1.2 kB
Progress (1): 3.8 kB
                    
Downloaded from central: https://repo1.maven.org/maven2/org/codehaus/plexus/plexus-containers/1.6/plexus-containers-1.6.pom (3.8 kB at 75 kB/s)
Downloading from central: https://repo1.maven.org/maven2/org/codehaus/plexus/plexus/3.3.2/plexus-3.3.2.pom
Progress (1): 703 B
Progress (1): 2.5 kB
Progress (1): 6.2 kB
Progress (1): 8.8 kB
Progress (1): 11 kB 
Progress (1): 15 kB
Progress (1): 20 kB
Progress (1): 21 kB
Progress (1): 22 kB
                   
Downloaded from central: https://repo1.maven.org/maven2/org/codehaus/plexus/plexus/3.3.2/plexus-3.3.2.pom (22 kB at 384 kB/s)
Downloading from central: https://repo1.maven.org/maven2/org/apache/maven/doxia/doxia-site-renderer/1.0/doxia-site-renderer-1.0.pom
Progress (1): 797 B
Progress (1): 2.8 kB
Progress (1): 4.4 kB
                    
Downloaded from central: https://repo1.maven.org/maven2/org/apache/maven/doxia/doxia-site-renderer/1.0/doxia-site-renderer-1.0.pom (4.4 kB at 67 kB/s)
Downloading from central: https://repo1.maven.org/maven2/org/apache/maven/doxia/doxia-sitetools/1.0/doxia-sitetools-1.0.pom
Progress (1): 762 B
Progress (1): 2.3 kB
Progress (1): 6.2 kB
Progress (1): 9.6 kB
Progress (1): 9.6 kB
                    
Downloaded from central: https://repo1.maven.org/maven2/org/apache/maven/doxia/doxia-sitetools/1.0/doxia-sitetools-1.0.pom (9.6 kB at 178 kB/s)
Downloading from central: https://repo1.maven.org/maven2/org/apache/maven/doxia/doxia-core/1.0/doxia-core-1.0.pom
Progress (1): 821 B
Progress (1): 2.4 kB
                    
Downloaded from central: https://repo1.maven.org/maven2/org/apache/maven/doxia/doxia-core/1.0/doxia-core-1.0.pom (2.4 kB at 42 kB/s)
Downloading from central: https://repo1.maven.org/maven2/org/codehaus/plexus/plexus-utils/1.5.7/plexus-utils-1.5.7.pom
Progress (1): 994 B
Progress (1): 5.0 kB
Progress (1): 8.1 kB
                    
Downloaded from central: https://repo1.maven.org/maven2/org/codehaus/plexus/plexus-utils/1.5.7/plexus-utils-1.5.7.pom (8.1 kB at 152 kB/s)
Downloading from central: https://repo1.maven.org/maven2/org/codehaus/plexus/plexus-i18n/1.0-beta-7/plexus-i18n-1.0-beta-7.pom
Progress (1): 1.1 kB
                    
Downloaded from central: https://repo1.maven.org/maven2/org/codehaus/plexus/plexus-i18n/1.0-beta-7/plexus-i18n-1.0-beta-7.pom (1.1 kB at 20 kB/s)
Downloading from central: https://repo1.maven.org/maven2/org/codehaus/plexus/plexus-velocity/1.1.7/plexus-velocity-1.1.7.pom
Progress (1): 850 B
Progress (1): 2.0 kB
                    
Downloaded from central: https://repo1.maven.org/maven2/org/codehaus/plexus/plexus-velocity/1.1.7/plexus-velocity-1.1.7.pom (2.0 kB at 39 kB/s)
Downloading from central: https://repo1.maven.org/maven2/org/codehaus/plexus/plexus-container-default/1.0-alpha-20/plexus-container-default-1.0-alpha-20.pom
Progress (1): 1.7 kB
Progress (1): 3.0 kB
                    
Downloaded from central: https://repo1.maven.org/maven2/org/codehaus/plexus/plexus-container-default/1.0-alpha-20/plexus-container-default-1.0-alpha-20.pom (3.0 kB at 60 kB/s)
Downloading from central: https://repo1.maven.org/maven2/org/codehaus/plexus/plexus-containers/1.0-alpha-20/plexus-containers-1.0-alpha-20.pom
Progress (1): 1.8 kB
Progress (1): 1.9 kB
                    
Downloaded from central: https://repo1.maven.org/maven2/org/codehaus/plexus/plexus-containers/1.0-alpha-20/plexus-containers-1.0-alpha-20.pom (1.9 kB at 36 kB/s)
Downloading from central: https://repo1.maven.org/maven2/org/codehaus/plexus/plexus-utils/1.3/plexus-utils-1.3.pom
Progress (1): 1.0 kB
                    
Downloaded from central: https://repo1.maven.org/maven2/org/codehaus/plexus/plexus-utils/1.3/plexus-utils-1.3.pom (1.0 kB at 23 kB/s)
Downloading from central: https://repo1.maven.org/maven2/org/codehaus/plexus/plexus-classworlds/1.2-alpha-7/plexus-classworlds-1.2-alpha-7.pom
Progress (1): 1.7 kB
Progress (1): 2.4 kB
                    
Downloaded from central: https://repo1.maven.org/maven2/org/codehaus/plexus/plexus-classworlds/1.2-alpha-7/plexus-classworlds-1.2-alpha-7.pom (2.4 kB at 50 kB/s)
Downloading from central: https://repo1.maven.org/maven2/org/codehaus/plexus/plexus/1.0.9/plexus-1.0.9.pom
Progress (1): 1.6 kB
Progress (1): 4.9 kB
Progress (1): 7.7 kB
                    
Downloaded from central: https://repo1.maven.org/maven2/org/codehaus/plexus/plexus/1.0.9/plexus-1.0.9.pom (7.7 kB at 163 kB/s)
Downloading from central: https://repo1.maven.org/maven2/org/apache/velocity/velocity/1.5/velocity-1.5.pom
Progress (1): 1.1 kB
Progress (1): 3.1 kB
Progress (1): 6.0 kB
Progress (1): 7.8 kB
                    
Downloaded from central: https://repo1.maven.org/maven2/org/apache/velocity/velocity/1.5/velocity-1.5.pom (7.8 kB at 147 kB/s)
Downloading from central: https://repo1.maven.org/maven2/org/apache/maven/doxia/doxia-decoration-model/1.0/doxia-decoration-model-1.0.pom
Progress (1): 799 B
Progress (1): 2.8 kB
Progress (1): 3.2 kB
                    
Downloaded from central: https://repo1.maven.org/maven2/org/apache/maven/doxia/doxia-decoration-model/1.0/doxia-decoration-model-1.0.pom (3.2 kB at 63 kB/s)
Downloading from central: https://repo1.maven.org/maven2/org/apache/maven/doxia/doxia-module-apt/1.0/doxia-module-apt-1.0.pom
Progress (1): 821 B
Progress (1): 2.3 kB
                    
Downloaded from central: https://repo1.maven.org/maven2/org/apache/maven/doxia/doxia-module-apt/1.0/doxia-module-apt-1.0.pom (2.3 kB at 48 kB/s)
Downloading from central: https://repo1.maven.org/maven2/org/apache/maven/doxia/doxia-modules/1.0/doxia-modules-1.0.pom
Progress (1): 819 B
Progress (1): 2.4 kB
                    
Downloaded from central: https://repo1.maven.org/maven2/org/apache/maven/doxia/doxia-modules/1.0/doxia-modules-1.0.pom (2.4 kB at 43 kB/s)
Downloading from central: https://repo1.maven.org/maven2/org/apache/maven/doxia/doxia-module-fml/1.0/doxia-module-fml-1.0.pom
Progress (1): 817 B
Progress (1): 2.7 kB
                    
Downloaded from central: https://repo1.maven.org/maven2/org/apache/maven/doxia/doxia-module-fml/1.0/doxia-module-fml-1.0.pom (2.7 kB at 40 kB/s)
Downloading from central: https://repo1.maven.org/maven2/org/apache/maven/doxia/doxia-module-xdoc/1.0/doxia-module-xdoc-1.0.pom
Progress (1): 821 B
Progress (1): 2.2 kB
                    
Downloaded from central: https://repo1.maven.org/maven2/org/apache/maven/doxia/doxia-module-xdoc/1.0/doxia-module-xdoc-1.0.pom (2.2 kB at 45 kB/s)
Downloading from central: https://repo1.maven.org/maven2/org/apache/maven/doxia/doxia-module-xhtml/1.0/doxia-module-xhtml-1.0.pom
Progress (1): 830 B
Progress (1): 1.6 kB
                    
Downloaded from central: https://repo1.maven.org/maven2/org/apache/maven/doxia/doxia-module-xhtml/1.0/doxia-module-xhtml-1.0.pom (1.6 kB at 17 kB/s)
[INFO] Artifact org.apache.felix:org.apache.felix.bundlerepository:jar:1.6.6 is present in the local repository, but cached from a remote repository ID that is unavailable in current build context, verifying that is downloadable from [apache.snapshots (https://repository.apache.org/snapshots, default, snapshots), central (https://repo1.maven.org/maven2, default, releases)]
[INFO] Artifact org.apache.felix:org.apache.felix.bundlerepository:jar:1.6.6 is present in the local repository, but cached from a remote repository ID that is unavailable in current build context, verifying that is downloadable from [apache.snapshots (https://repository.apache.org/snapshots, default, snapshots), central (https://repo1.maven.org/maven2, default, releases)]
Downloading from central: https://repo1.maven.org/maven2/org/apache/felix/maven-bundle-plugin/5.1.9/maven-bundle-plugin-5.1.9.jar
Downloading from central: https://repo1.maven.org/maven2/org/slf4j/slf4j-api/1.7.25/slf4j-api-1.7.25.jar
Downloading from central: https://repo1.maven.org/maven2/org/apache/felix/org.apache.felix.bundlerepository/1.6.6/org.apache.felix.bundlerepository-1.6.6.jar
Downloading from central: https://repo1.maven.org/maven2/org/apache/felix/org.apache.felix.utils/1.6.0/org.apache.felix.utils-1.6.0.jar
Downloading from central: https://repo1.maven.org/maven2/org/apache/maven/reporting/maven-reporting-api/3.0/maven-reporting-api-3.0.jar
Progress (1): 7.7/211 kB
Progress (1): 16/211 kB 
Progress (1): 25/211 kB
Progress (1): 41/211 kB
Progress (1): 57/211 kB
Progress (1): 74/211 kB
Progress (1): 90/211 kB
Progress (1): 106/211 kB
Progress (1): 123/211 kB
Progress (1): 131/211 kB
Progress (1): 147/211 kB
Progress (1): 164/211 kB
Progress (1): 180/211 kB
Progress (1): 197/211 kB
Progress (1): 211 kB    
Progress (2): 211 kB | 0.9/68 kB
Progress (2): 211 kB | 2.3/68 kB
Progress (2): 211 kB | 3.6/68 kB
Progress (2): 211 kB | 5.0/68 kB
Progress (2): 211 kB | 6.4/68 kB
Progress (2): 211 kB | 7.7/68 kB
Progress (2): 211 kB | 9.1/68 kB
Progress (2): 211 kB | 10/68 kB 
Progress (2): 211 kB | 12/68 kB
Progress (2): 211 kB | 13/68 kB
Progress (2): 211 kB | 15/68 kB
Progress (2): 211 kB | 16/68 kB
Progress (2): 211 kB | 17/68 kB
Progress (2): 211 kB | 19/68 kB
Progress (2): 211 kB | 20/68 kB
Progress (2): 211 kB | 21/68 kB
Progress (2): 211 kB | 23/68 kB
Progress (2): 211 kB | 24/68 kB
Progress (2): 211 kB | 26/68 kB
Progress (2): 211 kB | 27/68 kB
Progress (2): 211 kB | 28/68 kB
Progress (2): 211 kB | 30/68 kB
Progress (2): 211 kB | 31/68 kB
Progress (2): 211 kB | 32/68 kB
Progress (2): 211 kB | 34/68 kB
Progress (2): 211 kB | 35/68 kB
Progress (2): 211 kB | 36/68 kB
Progress (2): 211 kB | 38/68 kB
Progress (2): 211 kB | 39/68 kB
Progress (2): 211 kB | 41/68 kB
Progress (2): 211 kB | 42/68 kB
Progress (2): 211 kB | 43/68 kB
Progress (2): 211 kB | 45/68 kB
Progress (2): 211 kB | 46/68 kB
Progress (2): 211 kB | 47/68 kB
Progress (2): 211 kB | 49/68 kB
Progress (2): 211 kB | 50/68 kB
                               
Downloaded from central: https://repo1.maven.org/maven2/org/apache/felix/maven-bundle-plugin/5.1.9/maven-bundle-plugin-5.1.9.jar (211 kB at 2.8 MB/s)
Downloading from central: https://repo1.maven.org/maven2/org/apache/maven/maven-archiver/3.5.2/maven-archiver-3.5.2.jar
Progress (1): 52/68 kB
Progress (1): 53/68 kB
Progress (1): 54/68 kB
Progress (1): 56/68 kB
Progress (1): 60/68 kB
Progress (2): 60/68 kB | 0.9/41 kB
Progress (2): 60/68 kB | 2.3/41 kB
Progress (2): 60/68 kB | 3.6/41 kB
Progress (2): 60/68 kB | 5.0/41 kB
Progress (2): 60/68 kB | 6.4/41 kB
Progress (2): 60/68 kB | 7.7/41 kB
Progress (2): 60/68 kB | 9.1/41 kB
Progress (2): 60/68 kB | 10/41 kB 
Progress (2): 60/68 kB | 12/41 kB
Progress (2): 60/68 kB | 12/41 kB
Progress (2): 60/68 kB | 14/41 kB
Progress (2): 60/68 kB | 15/41 kB
Progress (2): 60/68 kB | 16/41 kB
Progress (2): 60/68 kB | 18/41 kB
Progress (2): 60/68 kB | 19/41 kB
Progress (2): 60/68 kB | 21/41 kB
Progress (2): 60/68 kB | 22/41 kB
Progress (2): 60/68 kB | 23/41 kB
Progress (2): 60/68 kB | 25/41 kB
Progress (2): 60/68 kB | 26/41 kB
Progress (2): 60/68 kB | 27/41 kB
Progress (2): 60/68 kB | 29/41 kB
Progress (2): 60/68 kB | 30/41 kB
Progress (2): 60/68 kB | 31/41 kB
Progress (2): 60/68 kB | 33/41 kB
Progress (2): 60/68 kB | 34/41 kB
Progress (2): 60/68 kB | 36/41 kB
Progress (2): 60/68 kB | 37/41 kB
Progress (2): 60/68 kB | 38/41 kB
Progress (2): 60/68 kB | 40/41 kB
Progress (2): 60/68 kB | 41/41 kB
Progress (2): 60/68 kB | 41 kB   
Progress (3): 60/68 kB | 41 kB | 0.9/11 kB
Progress (3): 60/68 kB | 41 kB | 2.3/11 kB
Progress (3): 60/68 kB | 41 kB | 3.6/11 kB
Progress (3): 60/68 kB | 41 kB | 5.0/11 kB
Progress (3): 60/68 kB | 41 kB | 6.4/11 kB
Progress (3): 60/68 kB | 41 kB | 7.7/11 kB
Progress (3): 60/68 kB | 41 kB | 9.1/11 kB
Progress (3): 60/68 kB | 41 kB | 10/11 kB 
Progress (3): 60/68 kB | 41 kB | 11 kB   
                                      
Downloaded from central: https://repo1.maven.org/maven2/org/apache/felix/org.apache.felix.bundlerepository/1.6.6/org.apache.felix.bundlerepository-1.6.6.jar (0 B at 0 B/s)
Downloading from central: https://repo1.maven.org/maven2/org/apache/maven/maven-artifact/3.1.1/maven-artifact-3.1.1.jar
Downloaded from central: https://repo1.maven.org/maven2/org/slf4j/slf4j-api/1.7.25/slf4j-api-1.7.25.jar (41 kB at 429 kB/s)
Downloading from central: https://repo1.maven.org/maven2/org/apache/maven/maven-model/3.1.1/maven-model-3.1.1.jar
Progress (2): 64/68 kB | 11 kB
Progress (2): 68 kB | 11 kB   
                           
Downloaded from central: https://repo1.maven.org/maven2/org/apache/maven/reporting/maven-reporting-api/3.0/maven-reporting-api-3.0.jar (11 kB at 107 kB/s)
Downloading from central: https://repo1.maven.org/maven2/org/apache/maven/maven-core/3.1.1/maven-core-3.1.1.jar
Progress (2): 68 kB | 7.7/26 kB
Progress (2): 68 kB | 12/26 kB 
                              
Downloaded from central: https://repo1.maven.org/maven2/org/apache/felix/org.apache.felix.utils/1.6.0/org.apache.felix.utils-1.6.0.jar (68 kB at 626 kB/s)
Downloading from central: https://repo1.maven.org/maven2/org/apache/maven/maven-settings/3.1.1/maven-settings-3.1.1.jar
Progress (1): 26 kB
                   
Downloaded from central: https://repo1.maven.org/maven2/org/apache/maven/maven-archiver/3.5.2/maven-archiver-3.5.2.jar (26 kB at 224 kB/s)
Downloading from central: https://repo1.maven.org/maven2/org/apache/maven/maven-settings-builder/3.1.1/maven-settings-builder-3.1.1.jar
Progress (1): 0.9/154 kB
Progress (2): 0.9/154 kB | 3.8/557 kB
Progress (2): 2.3/154 kB | 3.8/557 kB
Progress (3): 2.3/154 kB | 3.8/557 kB | 0.9/52 kB
Progress (3): 3.6/154 kB | 3.8/557 kB | 0.9/52 kB
Progress (3): 3.6/154 kB | 8.0/557 kB | 0.9/52 kB
Progress (3): 3.6/154 kB | 8.0/557 kB | 2.3/52 kB
Progress (3): 3.6/154 kB | 8.0/557 kB | 3.6/52 kB
Progress (3): 3.6/154 kB | 8.0/557 kB | 5.0/52 kB
Progress (3): 3.6/154 kB | 8.0/557 kB | 6.4/52 kB
Progress (3): 3.6/154 kB | 8.0/557 kB | 7.7/52 kB
Progress (3): 3.6/154 kB | 8.0/557 kB | 9.1/52 kB
Progress (3): 3.6/154 kB | 8.0/557 kB | 10/52 kB 
Progress (3): 3.6/154 kB | 8.0/557 kB | 12/52 kB
Progress (3): 3.6/154 kB | 8.0/557 kB | 13/52 kB
Progress (3): 3.6/154 kB | 8.0/557 kB | 15/52 kB
Progress (3): 5.0/154 kB | 8.0/557 kB | 15/52 kB
Progress (3): 5.0/154 kB | 8.0/557 kB | 16/52 kB
Progress (3): 5.0/154 kB | 8.0/557 kB | 17/52 kB
Progress (3): 5.0/154 kB | 8.0/557 kB | 19/52 kB
Progress (3): 5.0/154 kB | 8.0/557 kB | 20/52 kB
Progress (3): 5.0/154 kB | 12/557 kB | 20/52 kB 
Progress (3): 5.0/154 kB | 12/557 kB | 21/52 kB
Progress (3): 5.0/154 kB | 12/557 kB | 23/52 kB
Progress (3): 5.0/154 kB | 12/557 kB | 24/52 kB
Progress (3): 5.0/154 kB | 16/557 kB | 24/52 kB
Progress (3): 5.0/154 kB | 16/557 kB | 26/52 kB
Progress (3): 5.0/154 kB | 16/557 kB | 27/52 kB
Progress (3): 5.0/154 kB | 21/557 kB | 27/52 kB
Progress (3): 6.4/154 kB | 21/557 kB | 27/52 kB
Progress (3): 6.4/154 kB | 21/557 kB | 28/52 kB
Progress (3): 7.7/154 kB | 21/557 kB | 28/52 kB
Progress (3): 7.8/154 kB | 21/557 kB | 28/52 kB
Progress (3): 7.8/154 kB | 21/557 kB | 30/52 kB
Progress (3): 9.1/154 kB | 21/557 kB | 30/52 kB
Progress (3): 9.1/154 kB | 21/557 kB | 31/52 kB
Progress (3): 9.1/154 kB | 25/557 kB | 31/52 kB
Progress (3): 10/154 kB | 25/557 kB | 31/52 kB 
Progress (3): 12/154 kB | 25/557 kB | 31/52 kB
Progress (3): 12/154 kB | 25/557 kB | 32/52 kB
Progress (3): 12/154 kB | 29/557 kB | 32/52 kB
Progress (3): 13/154 kB | 29/557 kB | 32/52 kB
Progress (3): 13/154 kB | 29/557 kB | 34/52 kB
Progress (4): 13/154 kB | 29/557 kB | 34/52 kB | 7.7/42 kB
Progress (4): 13/154 kB | 33/557 kB | 34/52 kB | 7.7/42 kB
Progress (4): 15/154 kB | 33/557 kB | 34/52 kB | 7.7/42 kB
Progress (4): 15/154 kB | 33/557 kB | 35/52 kB | 7.7/42 kB
Progress (4): 16/154 kB | 33/557 kB | 35/52 kB | 7.7/42 kB
Progress (4): 16/154 kB | 38/557 kB | 35/52 kB | 7.7/42 kB
Progress (4): 16/154 kB | 38/557 kB | 36/52 kB | 7.7/42 kB
Progress (4): 16/154 kB | 42/557 kB | 36/52 kB | 7.7/42 kB
Progress (4): 17/154 kB | 42/557 kB | 36/52 kB | 7.7/42 kB
Progress (4): 17/154 kB | 42/557 kB | 38/52 kB | 7.7/42 kB
Progress (4): 19/154 kB | 42/557 kB | 38/52 kB | 7.7/42 kB
Progress (4): 20/154 kB | 42/557 kB | 38/52 kB | 7.7/42 kB
Progress (4): 20/154 kB | 42/557 kB | 38/52 kB | 16/42 kB 
Progress (4): 20/154 kB | 42/557 kB | 39/52 kB | 16/42 kB
Progress (4): 20/154 kB | 42/557 kB | 41/52 kB | 16/42 kB
Progress (4): 21/154 kB | 42/557 kB | 41/52 kB | 16/42 kB
Progress (4): 21/154 kB | 42/557 kB | 41/52 kB | 32/42 kB
Progress (4): 21/154 kB | 42/557 kB | 42/52 kB | 32/42 kB
Progress (4): 23/154 kB | 42/557 kB | 42/52 kB | 32/42 kB
Progress (4): 23/154 kB | 42/557 kB | 43/52 kB | 32/42 kB
Progress (4): 24/154 kB | 42/557 kB | 43/52 kB | 32/42 kB
Progress (4): 24/154 kB | 42/557 kB | 45/52 kB | 32/42 kB
Progress (4): 24/154 kB | 42/557 kB | 45/52 kB | 42 kB   
Progress (4): 24/154 kB | 46/557 kB | 45/52 kB | 42 kB
Progress (4): 26/154 kB | 46/557 kB | 45/52 kB | 42 kB
Progress (4): 26/154 kB | 50/557 kB | 45/52 kB | 42 kB
Progress (4): 26/154 kB | 50/557 kB | 46/52 kB | 42 kB
Progress (4): 27/154 kB | 50/557 kB | 46/52 kB | 42 kB
Progress (4): 28/154 kB | 50/557 kB | 46/52 kB | 42 kB
Progress (4): 28/154 kB | 50/557 kB | 47/52 kB | 42 kB
Progress (4): 28/154 kB | 54/557 kB | 47/52 kB | 42 kB
Progress (4): 28/154 kB | 54/557 kB | 49/52 kB | 42 kB
Progress (4): 30/154 kB | 54/557 kB | 49/52 kB | 42 kB
Progress (4): 30/154 kB | 57/557 kB | 49/52 kB | 42 kB
Progress (4): 31/154 kB | 57/557 kB | 49/52 kB | 42 kB
Progress (4): 31/154 kB | 57/557 kB | 50/52 kB | 42 kB
Progress (4): 31/154 kB | 62/557 kB | 50/52 kB | 42 kB
Progress (4): 32/154 kB | 62/557 kB | 50/52 kB | 42 kB
Progress (4): 32/154 kB | 62/557 kB | 52/52 kB | 42 kB
Progress (5): 32/154 kB | 62/557 kB | 52/52 kB | 42 kB | 0.9/42 kB
Progress (5): 32/154 kB | 66/557 kB | 52/52 kB | 42 kB | 0.9/42 kB
Progress (5): 32/154 kB | 66/557 kB | 52 kB | 42 kB | 0.9/42 kB   
Progress (5): 32/154 kB | 70/557 kB | 52 kB | 42 kB | 0.9/42 kB
Progress (5): 34/154 kB | 70/557 kB | 52 kB | 42 kB | 0.9/42 kB
Progress (5): 35/154 kB | 70/557 kB | 52 kB | 42 kB | 0.9/42 kB
Progress (5): 35/154 kB | 74/557 kB | 52 kB | 42 kB | 0.9/42 kB
Progress (5): 37/154 kB | 74/557 kB | 52 kB | 42 kB | 0.9/42 kB
Progress (5): 37/154 kB | 78/557 kB | 52 kB | 42 kB | 0.9/42 kB
Progress (5): 37/154 kB | 83/557 kB | 52 kB | 42 kB | 0.9/42 kB
Progress (5): 38/154 kB | 83/557 kB | 52 kB | 42 kB | 0.9/42 kB
Progress (5): 38/154 kB | 87/557 kB | 52 kB | 42 kB | 0.9/42 kB
Progress (5): 38/154 kB | 87/557 kB | 52 kB | 42 kB | 2.3/42 kB
Progress (5): 39/154 kB | 87/557 kB | 52 kB | 42 kB | 2.3/42 kB
Progress (5): 39/154 kB | 91/557 kB | 52 kB | 42 kB | 2.3/42 kB
Progress (5): 41/154 kB | 91/557 kB | 52 kB | 42 kB | 2.3/42 kB
Progress (5): 41/154 kB | 95/557 kB | 52 kB | 42 kB | 2.3/42 kB
Progress (5): 42/154 kB | 95/557 kB | 52 kB | 42 kB | 2.3/42 kB
Progress (5): 42/154 kB | 100/557 kB | 52 kB | 42 kB | 2.3/42 kB
Progress (5): 46/154 kB | 100/557 kB | 52 kB | 42 kB | 2.3/42 kB
Progress (5): 46/154 kB | 104/557 kB | 52 kB | 42 kB | 2.3/42 kB
Progress (5): 50/154 kB | 104/557 kB | 52 kB | 42 kB | 2.3/42 kB
Progress (5): 50/154 kB | 108/557 kB | 52 kB | 42 kB | 2.3/42 kB
Progress (5): 50/154 kB | 112/557 kB | 52 kB | 42 kB | 2.3/42 kB
Progress (5): 55/154 kB | 112/557 kB | 52 kB | 42 kB | 2.3/42 kB
Progress (5): 55/154 kB | 117/557 kB | 52 kB | 42 kB | 2.3/42 kB
Progress (5): 55/154 kB | 121/557 kB | 52 kB | 42 kB | 2.3/42 kB
Progress (5): 59/154 kB | 121/557 kB | 52 kB | 42 kB | 2.3/42 kB
Progress (5): 59/154 kB | 125/557 kB | 52 kB | 42 kB | 2.3/42 kB
Progress (5): 63/154 kB | 125/557 kB | 52 kB | 42 kB | 2.3/42 kB
Progress (5): 63/154 kB | 125/557 kB | 52 kB | 42 kB | 3.6/42 kB
Progress (5): 67/154 kB | 125/557 kB | 52 kB | 42 kB | 3.6/42 kB
Progress (5): 72/154 kB | 125/557 kB | 52 kB | 42 kB | 3.6/42 kB
Progress (5): 72/154 kB | 125/557 kB | 52 kB | 42 kB | 5.0/42 kB
Progress (5): 72/154 kB | 125/557 kB | 52 kB | 42 kB | 6.4/42 kB
Progress (5): 76/154 kB | 125/557 kB | 52 kB | 42 kB | 6.4/42 kB
Progress (5): 76/154 kB | 125/557 kB | 52 kB | 42 kB | 7.7/42 kB
Progress (5): 80/154 kB | 125/557 kB | 52 kB | 42 kB | 7.7/42 kB
Progress (5): 80/154 kB | 125/557 kB | 52 kB | 42 kB | 9.1/42 kB
Progress (5): 80/154 kB | 125/557 kB | 52 kB | 42 kB | 10/42 kB 
Progress (5): 84/154 kB | 125/557 kB | 52 kB | 42 kB | 10/42 kB
Progress (5): 84/154 kB | 125/557 kB | 52 kB | 42 kB | 12/42 kB
Progress (5): 88/154 kB | 125/557 kB | 52 kB | 42 kB | 12/42 kB
Progress (5): 88/154 kB | 125/557 kB | 52 kB | 42 kB | 16/42 kB
Progress (5): 93/154 kB | 125/557 kB | 52 kB | 42 kB | 16/42 kB
Progress (5): 93/154 kB | 125/557 kB | 52 kB | 42 kB | 20/42 kB
Progress (5): 97/154 kB | 125/557 kB | 52 kB | 42 kB | 20/42 kB
Progress (5): 101/154 kB | 125/557 kB | 52 kB | 42 kB | 20/42 kB
Progress (5): 101/154 kB | 125/557 kB | 52 kB | 42 kB | 25/42 kB
Progress (5): 101/154 kB | 125/557 kB | 52 kB | 42 kB | 29/42 kB
Progress (5): 105/154 kB | 125/557 kB | 52 kB | 42 kB | 29/42 kB
Progress (5): 105/154 kB | 125/557 kB | 52 kB | 42 kB | 33/42 kB
Progress (5): 110/154 kB | 125/557 kB | 52 kB | 42 kB | 33/42 kB
Progress (5): 110/154 kB | 125/557 kB | 52 kB | 42 kB | 37/42 kB
Progress (5): 114/154 kB | 125/557 kB | 52 kB | 42 kB | 37/42 kB
Progress (5): 114/154 kB | 125/557 kB | 52 kB | 42 kB | 41/42 kB
Progress (5): 118/154 kB | 125/557 kB | 52 kB | 42 kB | 41/42 kB
Progress (5): 122/154 kB | 125/557 kB | 52 kB | 42 kB | 41/42 kB
Progress (5): 122/154 kB | 125/557 kB | 52 kB | 42 kB | 42 kB   
Progress (5): 127/154 kB | 125/557 kB | 52 kB | 42 kB | 42 kB
Progress (5): 131/154 kB | 125/557 kB | 52 kB | 42 kB | 42 kB
Progress (5): 135/154 kB | 125/557 kB | 52 kB | 42 kB | 42 kB
Progress (5): 139/154 kB | 125/557 kB | 52 kB | 42 kB | 42 kB
Progress (5): 143/154 kB | 125/557 kB | 52 kB | 42 kB | 42 kB
Progress (5): 147/154 kB | 125/557 kB | 52 kB | 42 kB | 42 kB
Progress (5): 152/154 kB | 125/557 kB | 52 kB | 42 kB | 42 kB
Progress (5): 154 kB | 125/557 kB | 52 kB | 42 kB | 42 kB    
Progress (5): 154 kB | 129/557 kB | 52 kB | 42 kB | 42 kB
Progress (5): 154 kB | 133/557 kB | 52 kB | 42 kB | 42 kB
Progress (5): 154 kB | 138/557 kB | 52 kB | 42 kB | 42 kB
Progress (5): 154 kB | 142/557 kB | 52 kB | 42 kB | 42 kB
Progress (5): 154 kB | 146/557 kB | 52 kB | 42 kB | 42 kB
Progress (5): 154 kB | 150/557 kB | 52 kB | 42 kB | 42 kB
Progress (5): 154 kB | 155/557 kB | 52 kB | 42 kB | 42 kB
                                                         
Downloaded from central: https://repo1.maven.org/maven2/org/apache/maven/maven-settings/3.1.1/maven-settings-3.1.1.jar (42 kB at 261 kB/s)
Downloading from central: https://repo1.maven.org/maven2/org/apache/maven/maven-repository-metadata/3.1.1/maven-repository-metadata-3.1.1.jar
Progress (4): 154 kB | 171/557 kB | 52 kB | 42 kB
                                                 
Downloaded from central: https://repo1.maven.org/maven2/org/apache/maven/maven-artifact/3.1.1/maven-artifact-3.1.1.jar (52 kB at 321 kB/s)
Downloading from central: https://repo1.maven.org/maven2/org/apache/maven/maven-plugin-api/3.1.1/maven-plugin-api-3.1.1.jar
Progress (3): 154 kB | 187/557 kB | 42 kB
Progress (3): 154 kB | 188/557 kB | 42 kB
Progress (3): 154 kB | 205/557 kB | 42 kB
Progress (3): 154 kB | 221/557 kB | 42 kB
Progress (3): 154 kB | 238/557 kB | 42 kB
Progress (3): 154 kB | 254/557 kB | 42 kB
Progress (3): 154 kB | 270/557 kB | 42 kB
                                         
Downloaded from central: https://repo1.maven.org/maven2/org/apache/maven/maven-settings-builder/3.1.1/maven-settings-builder-3.1.1.jar (42 kB at 247 kB/s)
Downloading from central: https://repo1.maven.org/maven2/org/apache/maven/maven-model-builder/3.1.1/maven-model-builder-3.1.1.jar
Progress (2): 154 kB | 287/557 kB
Progress (2): 154 kB | 303/557 kB
                                 
Downloaded from central: https://repo1.maven.org/maven2/org/apache/maven/maven-model/3.1.1/maven-model-3.1.1.jar (154 kB at 886 kB/s)
Downloading from central: https://repo1.maven.org/maven2/org/apache/maven/maven-aether-provider/3.1.1/maven-aether-provider-3.1.1.jar
Progress (1): 319/557 kB
Progress (1): 336/557 kB
Progress (1): 352/557 kB
Progress (1): 369/557 kB
Progress (1): 372/557 kB
Progress (1): 388/557 kB
Progress (1): 405/557 kB
Progress (1): 421/557 kB
Progress (1): 437/557 kB
Progress (1): 454/557 kB
Progress (1): 470/557 kB
Progress (1): 486/557 kB
Progress (1): 503/557 kB
Progress (1): 519/557 kB
Progress (1): 536/557 kB
Progress (1): 552/557 kB
Progress (1): 557 kB    
Progress (2): 557 kB | 3.8/25 kB
Progress (3): 557 kB | 3.8/25 kB | 3.8/45 kB
Progress (3): 557 kB | 8.0/25 kB | 3.8/45 kB
Progress (3): 557 kB | 8.2/25 kB | 3.8/45 kB
Progress (3): 557 kB | 12/25 kB | 3.8/45 kB 
Progress (3): 557 kB | 17/25 kB | 3.8/45 kB
Progress (3): 557 kB | 21/25 kB | 3.8/45 kB
Progress (3): 557 kB | 25/25 kB | 3.8/45 kB
Progress (3): 557 kB | 25/25 kB | 8.0/45 kB
Progress (3): 557 kB | 25 kB | 8.0/45 kB   
Progress (3): 557 kB | 25 kB | 12/45 kB 
Progress (3): 557 kB | 25 kB | 12/45 kB
Progress (3): 557 kB | 25 kB | 17/45 kB
Progress (3): 557 kB | 25 kB | 21/45 kB
Progress (3): 557 kB | 25 kB | 25/45 kB
Progress (3): 557 kB | 25 kB | 29/45 kB
Progress (3): 557 kB | 25 kB | 33/45 kB
Progress (3): 557 kB | 25 kB | 38/45 kB
Progress (3): 557 kB | 25 kB | 42/45 kB
Progress (3): 557 kB | 25 kB | 45 kB   
                                    
Downloaded from central: https://repo1.maven.org/maven2/org/apache/maven/maven-core/3.1.1/maven-core-3.1.1.jar (557 kB at 2.8 MB/s)
Downloading from central: https://repo1.maven.org/maven2/org/codehaus/plexus/plexus-classworlds/2.5.1/plexus-classworlds-2.5.1.jar
Progress (3): 25 kB | 45 kB | 7.7/60 kB
Progress (3): 25 kB | 45 kB | 8.2/60 kB
Progress (3): 25 kB | 45 kB | 25/60 kB 
Progress (3): 25 kB | 45 kB | 41/60 kB
Progress (4): 25 kB | 45 kB | 41/60 kB | 0.9/160 kB
Progress (4): 25 kB | 45 kB | 57/60 kB | 0.9/160 kB
Progress (4): 25 kB | 45 kB | 60 kB | 0.9/160 kB   
                                                
Downloaded from central: https://repo1.maven.org/maven2/org/apache/maven/maven-repository-metadata/3.1.1/maven-repository-metadata-3.1.1.jar (25 kB at 120 kB/s)
Downloading from central: https://repo1.maven.org/maven2/org/apache/commons/commons-compress/1.20/commons-compress-1.20.jar
Progress (3): 45 kB | 60 kB | 5.1/160 kB
Progress (3): 45 kB | 60 kB | 9.3/160 kB
Progress (3): 45 kB | 60 kB | 12/160 kB 
Progress (3): 45 kB | 60 kB | 16/160 kB
Progress (3): 45 kB | 60 kB | 20/160 kB
Progress (3): 45 kB | 60 kB | 24/160 kB
Progress (3): 45 kB | 60 kB | 29/160 kB
Progress (3): 45 kB | 60 kB | 33/160 kB
Progress (3): 45 kB | 60 kB | 37/160 kB
Progress (3): 45 kB | 60 kB | 41/160 kB
Progress (3): 45 kB | 60 kB | 45/160 kB
Progress (3): 45 kB | 60 kB | 50/160 kB
                                       
Downloaded from central: https://repo1.maven.org/maven2/org/apache/maven/maven-plugin-api/3.1.1/maven-plugin-api-3.1.1.jar (45 kB at 210 kB/s)
Downloading from central: https://repo1.maven.org/maven2/org/codehaus/plexus/plexus-archiver/4.2.7/plexus-archiver-4.2.7.jar
Progress (2): 60 kB | 54/160 kB
Progress (2): 60 kB | 58/160 kB
Progress (2): 60 kB | 62/160 kB
Progress (2): 60 kB | 67/160 kB
Progress (2): 60 kB | 71/160 kB
Progress (2): 60 kB | 75/160 kB
Progress (2): 60 kB | 79/160 kB
Progress (2): 60 kB | 83/160 kB
Progress (2): 60 kB | 88/160 kB
Progress (2): 60 kB | 92/160 kB
Progress (2): 60 kB | 96/160 kB
Progress (2): 60 kB | 100/160 kB
Progress (2): 60 kB | 105/160 kB
                                
Downloaded from central: https://repo1.maven.org/maven2/org/apache/maven/maven-aether-provider/3.1.1/maven-aether-provider-3.1.1.jar (60 kB at 271 kB/s)
Downloading from central: https://repo1.maven.org/maven2/org/apache/maven/shared/maven-dependency-tree/3.0/maven-dependency-tree-3.0.jar
Progress (1): 109/160 kB
Progress (1): 113/160 kB
Progress (1): 117/160 kB
Progress (1): 122/160 kB
Progress (1): 126/160 kB
Progress (1): 130/160 kB
Progress (1): 134/160 kB
Progress (1): 138/160 kB
Progress (1): 143/160 kB
Progress (1): 147/160 kB
Progress (1): 151/160 kB
Progress (1): 155/160 kB
Progress (1): 160 kB    
                    
Downloaded from central: https://repo1.maven.org/maven2/org/apache/maven/maven-model-builder/3.1.1/maven-model-builder-3.1.1.jar (160 kB at 685 kB/s)
Downloading from central: https://repo1.maven.org/maven2/org/codehaus/plexus/plexus-component-annotations/1.6/plexus-component-annotations-1.6.jar
Progress (1): 3.8/50 kB
Progress (1): 8.0/50 kB
Progress (1): 12/50 kB 
Progress (1): 12/50 kB
Progress (2): 12/50 kB | 7.7/632 kB
Progress (2): 12/50 kB | 16/632 kB 
Progress (2): 17/50 kB | 16/632 kB
Progress (2): 17/50 kB | 16/632 kB
Progress (2): 21/50 kB | 16/632 kB
Progress (2): 25/50 kB | 16/632 kB
Progress (2): 29/50 kB | 16/632 kB
Progress (2): 29/50 kB | 33/632 kB
Progress (2): 33/50 kB | 33/632 kB
Progress (2): 38/50 kB | 33/632 kB
Progress (2): 38/50 kB | 49/632 kB
Progress (2): 42/50 kB | 49/632 kB
Progress (2): 46/50 kB | 49/632 kB
Progress (2): 46/50 kB | 66/632 kB
Progress (2): 50 kB | 66/632 kB   
Progress (2): 50 kB | 82/632 kB
Progress (2): 50 kB | 98/632 kB
Progress (2): 50 kB | 106/632 kB
Progress (2): 50 kB | 123/632 kB
Progress (2): 50 kB | 131/632 kB
Progress (2): 50 kB | 139/632 kB
Progress (2): 50 kB | 156/632 kB
Progress (2): 50 kB | 172/632 kB
Progress (2): 50 kB | 188/632 kB
Progress (3): 50 kB | 188/632 kB | 3.8/195 kB
Progress (3): 50 kB | 197/632 kB | 3.8/195 kB
Progress (3): 50 kB | 205/632 kB | 3.8/195 kB
Progress (3): 50 kB | 213/632 kB | 3.8/195 kB
Progress (3): 50 kB | 213/632 kB | 8.0/195 kB
Progress (3): 50 kB | 221/632 kB | 8.0/195 kB
Progress (3): 50 kB | 229/632 kB | 8.0/195 kB
Progress (3): 50 kB | 229/632 kB | 8.2/195 kB
Progress (3): 50 kB | 246/632 kB | 8.2/195 kB
Progress (3): 50 kB | 246/632 kB | 12/195 kB 
Progress (3): 50 kB | 246/632 kB | 17/195 kB
Progress (3): 50 kB | 262/632 kB | 17/195 kB
Progress (3): 50 kB | 262/632 kB | 33/195 kB
Progress (3): 50 kB | 279/632 kB | 33/195 kB
Progress (3): 50 kB | 279/632 kB | 49/195 kB
Progress (3): 50 kB | 279/632 kB | 57/195 kB
Progress (3): 50 kB | 295/632 kB | 57/195 kB
Progress (3): 50 kB | 295/632 kB | 74/195 kB
Progress (3): 50 kB | 295/632 kB | 90/195 kB
Progress (3): 50 kB | 311/632 kB | 90/195 kB
                                            
Downloaded from central: https://repo1.maven.org/maven2/org/codehaus/plexus/plexus-classworlds/2.5.1/plexus-classworlds-2.5.1.jar (50 kB at 198 kB/s)
Downloading from central: https://repo1.maven.org/maven2/org/codehaus/plexus/plexus-utils/3.3.0/plexus-utils-3.3.0.jar
Progress (2): 311/632 kB | 106/195 kB
Progress (2): 328/632 kB | 106/195 kB
Progress (2): 328/632 kB | 123/195 kB
Progress (3): 328/632 kB | 123/195 kB | 7.7/37 kB
Progress (3): 328/632 kB | 139/195 kB | 7.7/37 kB
Progress (3): 328/632 kB | 156/195 kB | 7.7/37 kB
Progress (3): 328/632 kB | 156/195 kB | 16/37 kB 
Progress (3): 328/632 kB | 156/195 kB | 32/37 kB
Progress (3): 328/632 kB | 172/195 kB | 32/37 kB
Progress (3): 328/632 kB | 172/195 kB | 37 kB   
Progress (3): 328/632 kB | 188/195 kB | 37 kB
Progress (3): 344/632 kB | 188/195 kB | 37 kB
Progress (3): 360/632 kB | 188/195 kB | 37 kB
Progress (3): 360/632 kB | 195 kB | 37 kB    
Progress (3): 377/632 kB | 195 kB | 37 kB
Progress (3): 393/632 kB | 195 kB | 37 kB
Progress (3): 410/632 kB | 195 kB | 37 kB
Progress (3): 426/632 kB | 195 kB | 37 kB
Progress (3): 442/632 kB | 195 kB | 37 kB
Progress (3): 459/632 kB | 195 kB | 37 kB
Progress (3): 475/632 kB | 195 kB | 37 kB
Progress (3): 492/632 kB | 195 kB | 37 kB
Progress (3): 508/632 kB | 195 kB | 37 kB
                                         
Downloaded from central: https://repo1.maven.org/maven2/org/apache/maven/shared/maven-dependency-tree/3.0/maven-dependency-tree-3.0.jar (37 kB at 139 kB/s)
Downloading from central: https://repo1.maven.org/maven2/org/apache/maven/doxia/doxia-sink-api/1.0/doxia-sink-api-1.0.jar
Progress (2): 524/632 kB | 195 kB
Progress (2): 541/632 kB | 195 kB
Progress (2): 557/632 kB | 195 kB
Progress (2): 573/632 kB | 195 kB
Progress (2): 590/632 kB | 195 kB
Progress (2): 606/632 kB | 195 kB
Progress (2): 623/632 kB | 195 kB
Progress (2): 632 kB | 195 kB    
                             
Downloaded from central: https://repo1.maven.org/maven2/org/codehaus/plexus/plexus-archiver/4.2.7/plexus-archiver-4.2.7.jar (195 kB at 730 kB/s)
Downloading from central: https://repo1.maven.org/maven2/org/apache/maven/doxia/doxia-site-renderer/1.0/doxia-site-renderer-1.0.jar
Progress (2): 632 kB | 3.8/4.3 kB
Progress (2): 632 kB | 4.3 kB    
                             
Downloaded from central: https://repo1.maven.org/maven2/org/apache/commons/commons-compress/1.20/commons-compress-1.20.jar (632 kB at 2.3 MB/s)
Downloading from central: https://repo1.maven.org/maven2/org/apache/maven/doxia/doxia-core/1.0/doxia-core-1.0.jar
Progress (2): 4.3 kB | 4.2/263 kB
Progress (2): 4.3 kB | 8.5/263 kB
Progress (2): 4.3 kB | 13/263 kB 
Progress (2): 4.3 kB | 17/263 kB
Progress (2): 4.3 kB | 21/263 kB
Progress (2): 4.3 kB | 25/263 kB
Progress (2): 4.3 kB | 41/263 kB
Progress (2): 4.3 kB | 57/263 kB
Progress (2): 4.3 kB | 66/263 kB
Progress (2): 4.3 kB | 82/263 kB
Progress (2): 4.3 kB | 98/263 kB
Progress (2): 4.3 kB | 115/263 kB
Progress (2): 4.3 kB | 131/263 kB
Progress (2): 4.3 kB | 147/263 kB
Progress (2): 4.3 kB | 164/263 kB
Progress (2): 4.3 kB | 180/263 kB
Progress (2): 4.3 kB | 197/263 kB
                                 
Downloaded from central: https://repo1.maven.org/maven2/org/codehaus/plexus/plexus-component-annotations/1.6/plexus-component-annotations-1.6.jar (4.3 kB at 15 kB/s)
Downloading from central: https://repo1.maven.org/maven2/org/codehaus/plexus/plexus-i18n/1.0-beta-7/plexus-i18n-1.0-beta-7.jar
Progress (1): 213/263 kB
Progress (1): 229/263 kB
Progress (1): 246/263 kB
Progress (2): 246/263 kB | 7.7/10 kB
Progress (2): 246/263 kB | 10 kB    
Progress (2): 262/263 kB | 10 kB
Progress (2): 263 kB | 10 kB    
Progress (3): 263 kB | 10 kB | 7.7/47 kB
Progress (3): 263 kB | 10 kB | 12/47 kB 
Progress (3): 263 kB | 10 kB | 28/47 kB
Progress (3): 263 kB | 10 kB | 44/47 kB
Progress (3): 263 kB | 10 kB | 47 kB   
                                    
Downloaded from central: https://repo1.maven.org/maven2/org/apache/maven/doxia/doxia-sink-api/1.0/doxia-sink-api-1.0.jar (10 kB at 33 kB/s)
Downloading from central: https://repo1.maven.org/maven2/org/codehaus/plexus/plexus-container-default/1.0-alpha-30/plexus-container-default-1.0-alpha-30.jar
Downloaded from central: https://repo1.maven.org/maven2/org/codehaus/plexus/plexus-utils/3.3.0/plexus-utils-3.3.0.jar (263 kB at 849 kB/s)
Downloading from central: https://repo1.maven.org/maven2/org/codehaus/plexus/plexus-velocity/1.1.7/plexus-velocity-1.1.7.jar
Downloaded from central: https://repo1.maven.org/maven2/org/apache/maven/doxia/doxia-site-renderer/1.0/doxia-site-renderer-1.0.jar (47 kB at 149 kB/s)
Downloading from central: https://repo1.maven.org/maven2/org/apache/velocity/velocity/1.5/velocity-1.5.jar
Progress (1): 7.5/11 kB
Progress (1): 11 kB    
Progress (2): 11 kB | 7.7/55 kB
Progress (2): 11 kB | 16/55 kB 
Progress (2): 11 kB | 32/55 kB
Progress (2): 11 kB | 49/55 kB
Progress (2): 11 kB | 55 kB   
Progress (3): 11 kB | 55 kB | 7.7/237 kB
Progress (3): 11 kB | 55 kB | 8.2/237 kB
                                        
Downloaded from central: https://repo1.maven.org/maven2/org/codehaus/plexus/plexus-i18n/1.0-beta-7/plexus-i18n-1.0-beta-7.jar (11 kB at 31 kB/s)
Downloading from central: https://repo1.maven.org/maven2/org/apache/maven/doxia/doxia-decoration-model/1.0/doxia-decoration-model-1.0.jar
Progress (2): 55 kB | 25/237 kB
Progress (3): 55 kB | 25/237 kB | 7.7 kB
Progress (3): 55 kB | 41/237 kB | 7.7 kB
Progress (3): 55 kB | 57/237 kB | 7.7 kB
Progress (3): 55 kB | 66/237 kB | 7.7 kB
Progress (3): 55 kB | 82/237 kB | 7.7 kB
Progress (3): 55 kB | 98/237 kB | 7.7 kB
Progress (3): 55 kB | 106/237 kB | 7.7 kB
Progress (3): 55 kB | 123/237 kB | 7.7 kB
Progress (4): 55 kB | 123/237 kB | 7.7 kB | 7.7/392 kB
Progress (4): 55 kB | 139/237 kB | 7.7 kB | 7.7/392 kB
Progress (4): 55 kB | 139/237 kB | 7.7 kB | 16/392 kB 
Progress (4): 55 kB | 147/237 kB | 7.7 kB | 16/392 kB
Progress (4): 55 kB | 156/237 kB | 7.7 kB | 16/392 kB
                                                     
Downloaded from central: https://repo1.maven.org/maven2/org/apache/maven/doxia/doxia-core/1.0/doxia-core-1.0.jar (55 kB at 157 kB/s)
Downloading from central: https://repo1.maven.org/maven2/org/apache/maven/doxia/doxia-module-apt/1.0/doxia-module-apt-1.0.jar
Progress (3): 172/237 kB | 7.7 kB | 16/392 kB
Progress (3): 172/237 kB | 7.7 kB | 32/392 kB
Progress (3): 188/237 kB | 7.7 kB | 32/392 kB
Progress (3): 188/237 kB | 7.7 kB | 49/392 kB
Progress (3): 205/237 kB | 7.7 kB | 49/392 kB
Progress (3): 205/237 kB | 7.7 kB | 65/392 kB
Progress (3): 221/237 kB | 7.7 kB | 65/392 kB
Progress (3): 221/237 kB | 7.7 kB | 81/392 kB
Progress (3): 237 kB | 7.7 kB | 81/392 kB    
Progress (3): 237 kB | 7.7 kB | 98/392 kB
Progress (3): 237 kB | 7.7 kB | 114/392 kB
Progress (3): 237 kB | 7.7 kB | 131/392 kB
Progress (3): 237 kB | 7.7 kB | 147/392 kB
Progress (3): 237 kB | 7.7 kB | 163/392 kB
Progress (3): 237 kB | 7.7 kB | 180/392 kB
Progress (3): 237 kB | 7.7 kB | 196/392 kB
Progress (3): 237 kB | 7.7 kB | 213/392 kB
Progress (3): 237 kB | 7.7 kB | 229/392 kB
Progress (3): 237 kB | 7.7 kB | 245/392 kB
                                          
Downloaded from central: https://repo1.maven.org/maven2/org/codehaus/plexus/plexus-velocity/1.1.7/plexus-velocity-1.1.7.jar (7.7 kB at 21 kB/s)
Downloading from central: https://repo1.maven.org/maven2/org/apache/maven/doxia/doxia-module-fml/1.0/doxia-module-fml-1.0.jar
Progress (2): 237 kB | 262/392 kB
Progress (2): 237 kB | 278/392 kB
Progress (2): 237 kB | 294/392 kB
Progress (2): 237 kB | 311/392 kB
Progress (2): 237 kB | 327/392 kB
Progress (2): 237 kB | 344/392 kB
Progress (2): 237 kB | 360/392 kB
Progress (2): 237 kB | 376/392 kB
Progress (2): 237 kB | 392 kB    
                             
Downloaded from central: https://repo1.maven.org/maven2/org/codehaus/plexus/plexus-container-default/1.0-alpha-30/plexus-container-default-1.0-alpha-30.jar (237 kB at 649 kB/s)
Downloading from central: https://repo1.maven.org/maven2/org/apache/maven/doxia/doxia-module-xdoc/1.0/doxia-module-xdoc-1.0.jar
Progress (2): 392 kB | 7.7/47 kB
Progress (2): 392 kB | 7.8/47 kB
                                
Downloaded from central: https://repo1.maven.org/maven2/org/apache/velocity/velocity/1.5/velocity-1.5.jar (392 kB at 1.0 MB/s)
Downloading from central: https://repo1.maven.org/maven2/org/apache/maven/doxia/doxia-module-xhtml/1.0/doxia-module-xhtml-1.0.jar
Progress (1): 24/47 kB
Progress (1): 41/47 kB
Progress (1): 47 kB   
Progress (2): 47 kB | 7.7/49 kB
Progress (2): 47 kB | 16/49 kB 
Progress (2): 47 kB | 25/49 kB
Progress (2): 47 kB | 41/49 kB
Progress (2): 47 kB | 49 kB   
Progress (3): 47 kB | 49 kB | 7.7/19 kB
                                       
Downloaded from central: https://repo1.maven.org/maven2/org/apache/maven/doxia/doxia-module-apt/1.0/doxia-module-apt-1.0.jar (47 kB at 121 kB/s)
Progress (2): 49 kB | 16/19 kB
Progress (2): 49 kB | 19 kB   
Progress (3): 49 kB | 19 kB | 7.7/28 kB
                                       
Downloaded from central: https://repo1.maven.org/maven2/org/apache/maven/doxia/doxia-decoration-model/1.0/doxia-decoration-model-1.0.jar (49 kB at 122 kB/s)
Progress (2): 19 kB | 16/28 kB
                              
Downloaded from central: https://repo1.maven.org/maven2/org/apache/maven/doxia/doxia-module-fml/1.0/doxia-module-fml-1.0.jar (19 kB at 46 kB/s)
Progress (1): 28 kB
Progress (2): 28 kB | 7.7/22 kB
Progress (2): 28 kB | 16/22 kB 
Progress (2): 28 kB | 22 kB   
                           
Downloaded from central: https://repo1.maven.org/maven2/org/apache/maven/doxia/doxia-module-xdoc/1.0/doxia-module-xdoc-1.0.jar (28 kB at 67 kB/s)
Downloaded from central: https://repo1.maven.org/maven2/org/apache/maven/doxia/doxia-module-xhtml/1.0/doxia-module-xhtml-1.0.jar (22 kB at 51 kB/s)
[INFO] 
[INFO] --------< org.apache.directory.server:apacheds-xdbm-partition >---------
[INFO] Building ApacheDS Generalized (X) DBM Partition 2.0.0.AM28-SNAPSHOT
[INFO]   from pom.xml
[INFO] -------------------------------[ bundle ]-------------------------------
Downloading from central: https://repo1.maven.org/maven2/org/apache/maven/plugins/maven-enforcer-plugin/3.5.0/maven-enforcer-plugin-3.5.0.pom
Progress (1): 810 B
Progress (1): 3.5 kB
Progress (1): 5.4 kB
Progress (1): 8.1 kB
                    
Downloaded from central: https://repo1.maven.org/maven2/org/apache/maven/plugins/maven-enforcer-plugin/3.5.0/maven-enforcer-plugin-3.5.0.pom (8.1 kB at 157 kB/s)
Downloading from central: https://repo1.maven.org/maven2/org/apache/maven/enforcer/enforcer/3.5.0/enforcer-3.5.0.pom
Progress (1): 807 B
Progress (1): 2.3 kB
Progress (1): 4.4 kB
Progress (1): 9.0 kB
Progress (1): 9.3 kB
                    
Downloaded from central: https://repo1.maven.org/maven2/org/apache/maven/enforcer/enforcer/3.5.0/enforcer-3.5.0.pom (9.3 kB at 178 kB/s)
Downloading from central: https://repo1.maven.org/maven2/org/apache/maven/plugins/maven-enforcer-plugin/3.5.0/maven-enforcer-plugin-3.5.0.jar
Progress (1): 7.7/39 kB
Progress (1): 12/39 kB 
Progress (1): 29/39 kB
Progress (1): 39 kB   
                   
Downloaded from central: https://repo1.maven.org/maven2/org/apache/maven/plugins/maven-enforcer-plugin/3.5.0/maven-enforcer-plugin-3.5.0.jar (39 kB at 816 kB/s)
Downloading from central: https://repo1.maven.org/maven2/org/apache/maven/plugins/maven-jar-plugin/3.4.2/maven-jar-plugin-3.4.2.pom
Progress (1): 782 B
Progress (1): 2.2 kB
Progress (1): 4.7 kB
Progress (1): 7.3 kB
Progress (1): 7.7 kB
                    
Downloaded from central: https://repo1.maven.org/maven2/org/apache/maven/plugins/maven-jar-plugin/3.4.2/maven-jar-plugin-3.4.2.pom (7.7 kB at 145 kB/s)
Downloading from central: https://repo1.maven.org/maven2/org/apache/maven/plugins/maven-jar-plugin/3.4.2/maven-jar-plugin-3.4.2.jar
Progress (1): 4.1/34 kB
Progress (1): 20/34 kB 
Progress (1): 34 kB   
                   
Downloaded from central: https://repo1.maven.org/maven2/org/apache/maven/plugins/maven-jar-plugin/3.4.2/maven-jar-plugin-3.4.2.jar (34 kB at 830 kB/s)
Downloading from central: https://repo1.maven.org/maven2/org/apache/maven/plugins/maven-site-plugin/4.0.0-M16/maven-site-plugin-4.0.0-M16.pom
Progress (1): 741 B
Progress (1): 2.4 kB
Progress (1): 5.4 kB
Progress (1): 7.0 kB
Progress (1): 13 kB 
Progress (1): 17 kB
Progress (1): 20 kB
Progress (1): 22 kB
                   
Downloaded from central: https://repo1.maven.org/maven2/org/apache/maven/plugins/maven-site-plugin/4.0.0-M16/maven-site-plugin-4.0.0-M16.pom (22 kB at 368 kB/s)
Downloading from central: https://repo1.maven.org/maven2/org/apache/maven/plugins/maven-site-plugin/4.0.0-M16/maven-site-plugin-4.0.0-M16.jar
Progress (1): 7.7/117 kB
Progress (1): 16/117 kB 
Progress (1): 32/117 kB
Progress (1): 48/117 kB
Progress (1): 65/117 kB
Progress (1): 81/117 kB
Progress (1): 98/117 kB
Progress (1): 114/117 kB
Progress (1): 117 kB    
                    
Downloaded from central: https://repo1.maven.org/maven2/org/apache/maven/plugins/maven-site-plugin/4.0.0-M16/maven-site-plugin-4.0.0-M16.jar (117 kB at 2.3 MB/s)
Downloading from central: https://repo1.maven.org/maven2/org/apache/maven/plugins/maven-checkstyle-plugin/3.6.0/maven-checkstyle-plugin-3.6.0.pom
Progress (1): 743 B
Progress (1): 2.2 kB
Progress (1): 4.8 kB
Progress (1): 9.5 kB
Progress (1): 12 kB 
Progress (1): 15 kB
                   
Downloaded from central: https://repo1.maven.org/maven2/org/apache/maven/plugins/maven-checkstyle-plugin/3.6.0/maven-checkstyle-plugin-3.6.0.pom (15 kB at 287 kB/s)
Downloading from central: https://repo1.maven.org/maven2/org/apache/maven/plugins/maven-checkstyle-plugin/3.6.0/maven-checkstyle-plugin-3.6.0.jar
Progress (1): 7.7/100 kB
Progress (1): 16/100 kB 
Progress (1): 32/100 kB
Progress (1): 49/100 kB
Progress (1): 65/100 kB
Progress (1): 81/100 kB
Progress (1): 98/100 kB
Progress (1): 100 kB   
                    
Downloaded from central: https://repo1.maven.org/maven2/org/apache/maven/plugins/maven-checkstyle-plugin/3.6.0/maven-checkstyle-plugin-3.6.0.jar (100 kB at 2.0 MB/s)
Downloading from central: https://repo1.maven.org/maven2/org/apache/maven/plugins/maven-resources-plugin/3.3.1/maven-resources-plugin-3.3.1.pom
Progress (1): 767 B
Progress (1): 2.2 kB
Progress (1): 4.9 kB
Progress (1): 7.5 kB
Progress (1): 8.2 kB
                    
Downloaded from central: https://repo1.maven.org/maven2/org/apache/maven/plugins/maven-resources-plugin/3.3.1/maven-resources-plugin-3.3.1.pom (8.2 kB at 157 kB/s)
Downloading from central: https://repo1.maven.org/maven2/org/apache/maven/plugins/maven-plugins/39/maven-plugins-39.pom
Progress (1): 773 B
Progress (1): 2.3 kB
Progress (1): 4.9 kB
Progress (1): 7.4 kB
Progress (1): 8.1 kB
                    
Downloaded from central: https://repo1.maven.org/maven2/org/apache/maven/plugins/maven-plugins/39/maven-plugins-39.pom (8.1 kB at 156 kB/s)
Downloading from central: https://repo1.maven.org/maven2/org/apache/maven/maven-parent/39/maven-parent-39.pom
Progress (1): 724 B
Progress (1): 1.9 kB
Progress (1): 5.5 kB
Progress (1): 9.8 kB
Progress (1): 14 kB 
Progress (1): 19 kB
Progress (1): 23 kB
Progress (1): 26 kB
Progress (1): 28 kB
Progress (1): 31 kB
Progress (1): 34 kB
Progress (1): 37 kB
Progress (1): 40 kB
Progress (1): 43 kB
Progress (1): 48 kB
                   
Downloaded from central: https://repo1.maven.org/maven2/org/apache/maven/maven-parent/39/maven-parent-39.pom (48 kB at 1.0 MB/s)
Downloading from central: https://repo1.maven.org/maven2/org/apache/apache/29/apache-29.pom
Progress (1): 741 B
Progress (1): 2.1 kB
Progress (1): 3.9 kB
Progress (1): 6.9 kB
Progress (1): 12 kB 
Progress (1): 16 kB
Progress (1): 19 kB
Progress (1): 21 kB
                   
Downloaded from central: https://repo1.maven.org/maven2/org/apache/apache/29/apache-29.pom (21 kB at 370 kB/s)
Downloading from central: https://repo1.maven.org/maven2/org/apache/maven/plugins/maven-resources-plugin/3.3.1/maven-resources-plugin-3.3.1.jar
Progress (1): 7.7/31 kB
Progress (1): 12/31 kB 
Progress (1): 29/31 kB
Progress (1): 31 kB   
                   
Downloaded from central: https://repo1.maven.org/maven2/org/apache/maven/plugins/maven-resources-plugin/3.3.1/maven-resources-plugin-3.3.1.jar (31 kB at 720 kB/s)
Downloading from central: https://repo1.maven.org/maven2/org/apache/maven/plugins/maven-compiler-plugin/3.13.0/maven-compiler-plugin-3.13.0.pom
Progress (1): 762 B
Progress (1): 2.2 kB
Progress (1): 5.0 kB
Progress (1): 8.5 kB
Progress (1): 10 kB 
                   
Downloaded from central: https://repo1.maven.org/maven2/org/apache/maven/plugins/maven-compiler-plugin/3.13.0/maven-compiler-plugin-3.13.0.pom (10 kB at 218 kB/s)
Downloading from central: https://repo1.maven.org/maven2/org/apache/maven/plugins/maven-plugins/41/maven-plugins-41.pom
Progress (1): 773 B
Progress (1): 2.4 kB
Progress (1): 4.9 kB
Progress (1): 7.4 kB
                    
Downloaded from central: https://repo1.maven.org/maven2/org/apache/maven/plugins/maven-plugins/41/maven-plugins-41.pom (7.4 kB at 150 kB/s)
Downloading from central: https://repo1.maven.org/maven2/org/apache/maven/plugins/maven-compiler-plugin/3.13.0/maven-compiler-plugin-3.13.0.jar
Progress (1): 7.7/83 kB
Progress (1): 16/83 kB 
Progress (1): 25/83 kB
Progress (1): 41/83 kB
Progress (1): 57/83 kB
Progress (1): 74/83 kB
Progress (1): 83 kB   
                   
Downloaded from central: https://repo1.maven.org/maven2/org/apache/maven/plugins/maven-compiler-plugin/3.13.0/maven-compiler-plugin-3.13.0.jar (83 kB at 2.0 MB/s)
[WARNING] Parameter 'maven.compiler.release' is unknown for plugin 'maven-compiler-plugin:3.13.0:compile (default-compile)'
Downloading from apache.snapshots: https://repository.apache.org/content/repositories/snapshots/org/apache/directory/server/apacheds-core-avl/2.0.0.AM28-SNAPSHOT/maven-metadata.xml
Progress (1): 1.3 kB
                    
Downloaded from apache.snapshots: https://repository.apache.org/content/repositories/snapshots/org/apache/directory/server/apacheds-core-avl/2.0.0.AM28-SNAPSHOT/maven-metadata.xml (1.3 kB at 2.6 kB/s)
Downloading from apache.snapshots: https://repository.apache.org/content/repositories/snapshots/org/apache/directory/server/apacheds-core-avl/2.0.0.AM28-SNAPSHOT/apacheds-core-avl-2.0.0.AM28-20260225.064705-94.pom
Progress (1): 3.6 kB
                    
Downloaded from apache.snapshots: https://repository.apache.org/content/repositories/snapshots/org/apache/directory/server/apacheds-core-avl/2.0.0.AM28-SNAPSHOT/apacheds-core-avl-2.0.0.AM28-20260225.064705-94.pom (3.6 kB at 22 kB/s)
Downloading from apache.snapshots: https://repository.apache.org/content/repositories/snapshots/org/apache/directory/server/apacheds-parent/2.0.0.AM28-SNAPSHOT/maven-metadata.xml
Progress (1): 1.3 kB
                    
Downloaded from apache.snapshots: https://repository.apache.org/content/repositories/snapshots/org/apache/directory/server/apacheds-parent/2.0.0.AM28-SNAPSHOT/maven-metadata.xml (1.3 kB at 8.0 kB/s)
Downloading from apache.snapshots: https://repository.apache.org/content/repositories/snapshots/org/apache/directory/server/apacheds-parent/2.0.0.AM28-SNAPSHOT/apacheds-parent-2.0.0.AM28-20260225.064705-95.pom
Progress (1): 7.5/47 kB
Progress (1): 8.2/47 kB
Progress (1): 16/47 kB 
Progress (1): 23/47 kB
Progress (1): 25/47 kB
Progress (1): 33/47 kB
Progress (1): 39/47 kB
Progress (1): 41/47 kB
Progress (1): 47 kB   
                   
Downloaded from apache.snapshots: https://repository.apache.org/content/repositories/snapshots/org/apache/directory/server/apacheds-parent/2.0.0.AM28-SNAPSHOT/apacheds-parent-2.0.0.AM28-20260225.064705-95.pom (47 kB at 108 kB/s)
Downloading from apache.snapshots: https://repository.apache.org/content/repositories/snapshots/org/apache/directory/server/apacheds-i18n/2.0.0.AM28-SNAPSHOT/maven-metadata.xml
Progress (1): 1.3 kB
                    
Downloaded from apache.snapshots: https://repository.apache.org/content/repositories/snapshots/org/apache/directory/server/apacheds-i18n/2.0.0.AM28-SNAPSHOT/maven-metadata.xml (1.3 kB at 7.6 kB/s)
Downloading from apache.snapshots: https://repository.apache.org/content/repositories/snapshots/org/apache/directory/server/apacheds-i18n/2.0.0.AM28-SNAPSHOT/apacheds-i18n-2.0.0.AM28-20260225.064705-95.pom
Progress (1): 2.4 kB
                    
Downloaded from apache.snapshots: https://repository.apache.org/content/repositories/snapshots/org/apache/directory/server/apacheds-i18n/2.0.0.AM28-SNAPSHOT/apacheds-i18n-2.0.0.AM28-20260225.064705-95.pom (2.4 kB at 15 kB/s)
Downloading from apache.snapshots: https://repository.apache.org/content/repositories/snapshots/org/apache/directory/api/api-ldap-model/2.1.8-SNAPSHOT/maven-metadata.xml
Progress (1): 1.2 kB
                    
Downloaded from apache.snapshots: https://repository.apache.org/content/repositories/snapshots/org/apache/directory/api/api-ldap-model/2.1.8-SNAPSHOT/maven-metadata.xml (1.2 kB at 7.5 kB/s)
Downloading from apache.snapshots: https://repository.apache.org/content/repositories/snapshots/org/apache/directory/api/api-ldap-model/2.1.8-SNAPSHOT/api-ldap-model-2.1.8-20250806.194405-64.pom
Progress (1): 7.5/9.6 kB
Progress (1): 8.2/9.6 kB
Progress (1): 9.6 kB    
                    
Downloaded from apache.snapshots: https://repository.apache.org/content/repositories/snapshots/org/apache/directory/api/api-ldap-model/2.1.8-SNAPSHOT/api-ldap-model-2.1.8-20250806.194405-64.pom (9.6 kB at 59 kB/s)
Downloading from apache.snapshots: https://repository.apache.org/content/repositories/snapshots/org/apache/directory/api/api-ldap-parent/2.1.8-SNAPSHOT/maven-metadata.xml
Progress (1): 1.1 kB
                    
Downloaded from apache.snapshots: https://repository.apache.org/content/repositories/snapshots/org/apache/directory/api/api-ldap-parent/2.1.8-SNAPSHOT/maven-metadata.xml (1.1 kB at 5.7 kB/s)
Downloading from apache.snapshots: https://repository.apache.org/content/repositories/snapshots/org/apache/directory/api/api-ldap-parent/2.1.8-SNAPSHOT/api-ldap-parent-2.1.8-20250806.194405-64.pom
Progress (1): 1.6 kB
                    
Downloaded from apache.snapshots: https://repository.apache.org/content/repositories/snapshots/org/apache/directory/api/api-ldap-parent/2.1.8-SNAPSHOT/api-ldap-parent-2.1.8-20250806.194405-64.pom (1.6 kB at 10 kB/s)
Downloading from apache.snapshots: https://repository.apache.org/content/repositories/snapshots/org/apache/directory/api/api-parent/2.1.8-SNAPSHOT/maven-metadata.xml
Progress (1): 1.0 kB
                    
Downloaded from apache.snapshots: https://repository.apache.org/content/repositories/snapshots/org/apache/directory/api/api-parent/2.1.8-SNAPSHOT/maven-metadata.xml (1.0 kB at 6.4 kB/s)
Downloading from apache.snapshots: https://repository.apache.org/content/repositories/snapshots/org/apache/directory/api/api-parent/2.1.8-SNAPSHOT/api-parent-2.1.8-20250806.194405-64.pom
Progress (1): 7.5/29 kB
Progress (1): 8.2/29 kB
Progress (1): 16/29 kB 
Progress (1): 23/29 kB
Progress (1): 25/29 kB
Progress (1): 29 kB   
                   
Downloaded from apache.snapshots: https://repository.apache.org/content/repositories/snapshots/org/apache/directory/api/api-parent/2.1.8-SNAPSHOT/api-parent-2.1.8-20250806.194405-64.pom (29 kB at 176 kB/s)
Downloading from apache.snapshots: https://repository.apache.org/content/repositories/snapshots/org/apache/directory/api/api-util/2.1.8-SNAPSHOT/maven-metadata.xml
Progress (1): 1.2 kB
                    
Downloaded from apache.snapshots: https://repository.apache.org/content/repositories/snapshots/org/apache/directory/api/api-util/2.1.8-SNAPSHOT/maven-metadata.xml (1.2 kB at 7.4 kB/s)
Downloading from apache.snapshots: https://repository.apache.org/content/repositories/snapshots/org/apache/directory/api/api-util/2.1.8-SNAPSHOT/api-util-2.1.8-20250806.194405-64.pom
Progress (1): 4.2 kB
                    
Downloaded from apache.snapshots: https://repository.apache.org/content/repositories/snapshots/org/apache/directory/api/api-util/2.1.8-SNAPSHOT/api-util-2.1.8-20250806.194405-64.pom (4.2 kB at 25 kB/s)
Downloading from central: https://repo1.maven.org/maven2/org/apache/commons/commons-text/1.13.1/commons-text-1.13.1.pom
Progress (1): 814 B
Progress (1): 2.2 kB
Progress (1): 3.8 kB
Progress (1): 6.3 kB
Progress (1): 8.6 kB
Progress (1): 12 kB 
Progress (1): 15 kB
Progress (1): 18 kB
Progress (1): 22 kB
Progress (1): 23 kB
                   
Downloaded from central: https://repo1.maven.org/maven2/org/apache/commons/commons-text/1.13.1/commons-text-1.13.1.pom (23 kB at 340 kB/s)
Downloading from central: https://repo1.maven.org/maven2/org/apache/commons/commons-parent/81/commons-parent-81.pom
Progress (1): 701 B
Progress (1): 1.9 kB
Progress (1): 3.2 kB
Progress (1): 4.7 kB
Progress (1): 6.8 kB
Progress (1): 9.2 kB
Progress (1): 11 kB 
Progress (1): 13 kB
Progress (1): 16 kB
Progress (1): 18 kB
Progress (1): 21 kB
Progress (1): 23 kB
Progress (1): 25 kB
Progress (1): 29 kB
Progress (1): 32 kB
Progress (1): 32 kB
Progress (1): 37 kB
Progress (1): 41 kB
Progress (1): 45 kB
Progress (1): 47 kB
Progress (1): 50 kB
Progress (1): 52 kB
Progress (1): 56 kB
Progress (1): 58 kB
Progress (1): 61 kB
Progress (1): 64 kB
Progress (1): 69 kB
Progress (1): 71 kB
Progress (1): 74 kB
Progress (1): 76 kB
Progress (1): 78 kB
                   
Downloaded from central: https://repo1.maven.org/maven2/org/apache/commons/commons-parent/81/commons-parent-81.pom (78 kB at 1.4 MB/s)
Downloading from central: https://repo1.maven.org/maven2/org/apache/commons/commons-lang3/3.20.0/commons-lang3-3.20.0.pom
Progress (1): 740 B
Progress (1): 1.8 kB
Progress (1): 4.1 kB
Progress (1): 5.5 kB
Progress (1): 7.5 kB
Progress (1): 9.7 kB
Progress (1): 12 kB 
Progress (1): 16 kB
Progress (1): 19 kB
Progress (1): 22 kB
Progress (1): 25 kB
Progress (1): 28 kB
Progress (1): 32 kB
Progress (1): 33 kB
                   
Downloaded from central: https://repo1.maven.org/maven2/org/apache/commons/commons-lang3/3.20.0/commons-lang3-3.20.0.pom (33 kB at 626 kB/s)
Downloading from central: https://repo1.maven.org/maven2/org/apache/commons/commons-parent/92/commons-parent-92.pom
Progress (1): 699 B
Progress (1): 1.9 kB
Progress (1): 3.2 kB
Progress (1): 4.7 kB
Progress (1): 6.8 kB
Progress (1): 9.5 kB
Progress (1): 11 kB 
Progress (1): 14 kB
Progress (1): 16 kB
Progress (1): 18 kB
Progress (1): 21 kB
Progress (1): 23 kB
Progress (1): 25 kB
Progress (1): 29 kB
Progress (1): 32 kB
Progress (1): 32 kB
Progress (1): 37 kB
Progress (1): 41 kB
Progress (1): 45 kB
Progress (1): 47 kB
Progress (1): 50 kB
Progress (1): 52 kB
Progress (1): 56 kB
Progress (1): 58 kB
Progress (1): 61 kB
Progress (1): 64 kB
Progress (1): 68 kB
Progress (1): 71 kB
Progress (1): 74 kB
Progress (1): 76 kB
Progress (1): 78 kB
Progress (1): 80 kB
                   
Downloaded from central: https://repo1.maven.org/maven2/org/apache/commons/commons-parent/92/commons-parent-92.pom (80 kB at 1.4 MB/s)
Downloading from apache.snapshots: https://repository.apache.org/content/repositories/snapshots/org/apache/directory/api/api-i18n/2.1.8-SNAPSHOT/maven-metadata.xml
Progress (1): 1.2 kB
                    
Downloaded from apache.snapshots: https://repository.apache.org/content/repositories/snapshots/org/apache/directory/api/api-i18n/2.1.8-SNAPSHOT/maven-metadata.xml (1.2 kB at 7.4 kB/s)
Downloading from apache.snapshots: https://repository.apache.org/content/repositories/snapshots/org/apache/directory/api/api-i18n/2.1.8-SNAPSHOT/api-i18n-2.1.8-20250806.194405-64.pom
Progress (1): 3.0 kB
                    
Downloaded from apache.snapshots: https://repository.apache.org/content/repositories/snapshots/org/apache/directory/api/api-i18n/2.1.8-SNAPSHOT/api-i18n-2.1.8-20250806.194405-64.pom (3.0 kB at 19 kB/s)
Downloading from apache.snapshots: https://repository.apache.org/content/repositories/snapshots/org/apache/directory/api/api-asn1-api/2.1.8-SNAPSHOT/maven-metadata.xml
Progress (1): 1.2 kB
                    
Downloaded from apache.snapshots: https://repository.apache.org/content/repositories/snapshots/org/apache/directory/api/api-asn1-api/2.1.8-SNAPSHOT/maven-metadata.xml (1.2 kB at 5.6 kB/s)
Downloading from apache.snapshots: https://repository.apache.org/content/repositories/snapshots/org/apache/directory/api/api-asn1-api/2.1.8-SNAPSHOT/api-asn1-api-2.1.8-20250806.194405-64.pom
Progress (1): 3.0 kB
                    
Downloaded from apache.snapshots: https://repository.apache.org/content/repositories/snapshots/org/apache/directory/api/api-asn1-api/2.1.8-SNAPSHOT/api-asn1-api-2.1.8-20250806.194405-64.pom (3.0 kB at 19 kB/s)
Downloading from apache.snapshots: https://repository.apache.org/content/repositories/snapshots/org/apache/directory/api/api-asn1-parent/2.1.8-SNAPSHOT/maven-metadata.xml
Progress (1): 1.1 kB
                    
Downloaded from apache.snapshots: https://repository.apache.org/content/repositories/snapshots/org/apache/directory/api/api-asn1-parent/2.1.8-SNAPSHOT/maven-metadata.xml (1.1 kB at 5.6 kB/s)
Downloading from apache.snapshots: https://repository.apache.org/content/repositories/snapshots/org/apache/directory/api/api-asn1-parent/2.1.8-SNAPSHOT/api-asn1-parent-2.1.8-20250806.194405-64.pom
Progress (1): 1.5 kB
                    
Downloaded from apache.snapshots: https://repository.apache.org/content/repositories/snapshots/org/apache/directory/api/api-asn1-parent/2.1.8-SNAPSHOT/api-asn1-parent-2.1.8-20250806.194405-64.pom (1.5 kB at 9.4 kB/s)
Downloading from apache.snapshots: https://repository.apache.org/content/repositories/snapshots/org/apache/directory/api/api-asn1-ber/2.1.8-SNAPSHOT/maven-metadata.xml
Progress (1): 1.2 kB
                    
Downloaded from apache.snapshots: https://repository.apache.org/content/repositories/snapshots/org/apache/directory/api/api-asn1-ber/2.1.8-SNAPSHOT/maven-metadata.xml (1.2 kB at 7.7 kB/s)
Downloading from apache.snapshots: https://repository.apache.org/content/repositories/snapshots/org/apache/directory/api/api-asn1-ber/2.1.8-SNAPSHOT/api-asn1-ber-2.1.8-20250806.194405-64.pom
Progress (1): 3.9 kB
                    
Downloaded from apache.snapshots: https://repository.apache.org/content/repositories/snapshots/org/apache/directory/api/api-asn1-ber/2.1.8-SNAPSHOT/api-asn1-ber-2.1.8-20250806.194405-64.pom (3.9 kB at 24 kB/s)
Downloading from central: https://repo1.maven.org/maven2/org/apache/mina/mina-core/2.2.5/mina-core-2.2.5.pom
Progress (1): 805 B
Progress (1): 2.8 kB
Progress (1): 4.6 kB
                    
Downloaded from central: https://repo1.maven.org/maven2/org/apache/mina/mina-core/2.2.5/mina-core-2.2.5.pom (4.6 kB at 101 kB/s)
Downloading from central: https://repo1.maven.org/maven2/org/apache/mina/mina-parent/2.2.5/mina-parent-2.2.5.pom
Progress (1): 722 B
Progress (1): 2.1 kB
Progress (1): 3.4 kB
Progress (1): 5.8 kB
Progress (1): 7.9 kB
Progress (1): 14 kB 
Progress (1): 16 kB
Progress (1): 23 kB
Progress (1): 26 kB
Progress (1): 29 kB
Progress (1): 32 kB
                   
Downloaded from central: https://repo1.maven.org/maven2/org/apache/mina/mina-parent/2.2.5/mina-parent-2.2.5.pom (32 kB at 558 kB/s)
Downloading from central: https://repo1.maven.org/maven2/org/apache/servicemix/bundles/org.apache.servicemix.bundles.antlr/2.7.7_5/org.apache.servicemix.bundles.antlr-2.7.7_5.pom
Progress (1): 1.3 kB
Progress (1): 2.7 kB
                    
Downloaded from central: https://repo1.maven.org/maven2/org/apache/servicemix/bundles/org.apache.servicemix.bundles.antlr/2.7.7_5/org.apache.servicemix.bundles.antlr-2.7.7_5.pom (2.7 kB at 63 kB/s)
Downloading from central: https://repo1.maven.org/maven2/org/apache/servicemix/bundles/bundles-pom/6/bundles-pom-6.pom
Progress (1): 891 B
Progress (1): 2.5 kB
Progress (1): 5.1 kB
Progress (1): 8.6 kB
Progress (1): 9.7 kB
                    
Downloaded from central: https://repo1.maven.org/maven2/org/apache/servicemix/bundles/bundles-pom/6/bundles-pom-6.pom (9.7 kB at 220 kB/s)
Downloading from central: https://repo1.maven.org/maven2/org/apache/servicemix/servicemix-pom/5/servicemix-pom-5.pom
Progress (1): 862 B
Progress (1): 2.2 kB
Progress (1): 6.0 kB
Progress (1): 8.6 kB
Progress (1): 9.5 kB
                    
Downloaded from central: https://repo1.maven.org/maven2/org/apache/servicemix/servicemix-pom/5/servicemix-pom-5.pom (9.5 kB at 220 kB/s)
Downloading from central: https://repo1.maven.org/maven2/org/apache/commons/commons-collections4/4.5.0/commons-collections4-4.5.0.pom
Progress (1): 760 B
Progress (1): 2.2 kB
Progress (1): 4.4 kB
Progress (1): 6.1 kB
Progress (1): 8.4 kB
Progress (1): 11 kB 
Progress (1): 14 kB
Progress (1): 16 kB
Progress (1): 19 kB
Progress (1): 22 kB
Progress (1): 26 kB
Progress (1): 26 kB
                   
Downloaded from central: https://repo1.maven.org/maven2/org/apache/commons/commons-collections4/4.5.0/commons-collections4-4.5.0.pom (26 kB at 491 kB/s)
Downloading from central: https://repo1.maven.org/maven2/org/apache/commons/commons-parent/96/commons-parent-96.pom
Progress (1): 701 B
Progress (1): 1.9 kB
Progress (1): 3.2 kB
Progress (1): 4.7 kB
Progress (1): 6.8 kB
Progress (1): 9.4 kB
Progress (1): 11 kB 
Progress (1): 14 kB
Progress (1): 16 kB
Progress (1): 19 kB
Progress (1): 21 kB
Progress (1): 23 kB
Progress (1): 25 kB
Progress (1): 29 kB
Progress (1): 32 kB
Progress (1): 36 kB
Progress (1): 41 kB
Progress (1): 44 kB
Progress (1): 46 kB
Progress (1): 50 kB
Progress (1): 51 kB
Progress (1): 55 kB
Progress (1): 58 kB
Progress (1): 60 kB
Progress (1): 63 kB
Progress (1): 67 kB
Progress (1): 70 kB
Progress (1): 73 kB
Progress (1): 75 kB
Progress (1): 77 kB
Progress (1): 80 kB
                   
Downloaded from central: https://repo1.maven.org/maven2/org/apache/commons/commons-parent/96/commons-parent-96.pom (80 kB at 1.5 MB/s)
Downloading from apache.snapshots: https://repository.apache.org/content/repositories/snapshots/org/apache/directory/server/apacheds-core-api/2.0.0.AM28-SNAPSHOT/maven-metadata.xml
Progress (1): 1.7 kB
                    
Downloaded from apache.snapshots: https://repository.apache.org/content/repositories/snapshots/org/apache/directory/server/apacheds-core-api/2.0.0.AM28-SNAPSHOT/maven-metadata.xml (1.7 kB at 11 kB/s)
Downloading from apache.snapshots: https://repository.apache.org/content/repositories/snapshots/org/apache/directory/server/apacheds-core-api/2.0.0.AM28-SNAPSHOT/apacheds-core-api-2.0.0.AM28-20260225.064705-95.pom
Progress (1): 7.5/9.5 kB
Progress (1): 8.2/9.5 kB
Progress (1): 9.5 kB    
                    
Downloaded from apache.snapshots: https://repository.apache.org/content/repositories/snapshots/org/apache/directory/server/apacheds-core-api/2.0.0.AM28-SNAPSHOT/apacheds-core-api-2.0.0.AM28-20260225.064705-95.pom (9.5 kB at 58 kB/s)
Downloading from apache.snapshots: https://repository.apache.org/content/repositories/snapshots/org/apache/directory/server/apacheds-core-constants/2.0.0.AM28-SNAPSHOT/maven-metadata.xml
Progress (1): 1.3 kB
                    
Downloaded from apache.snapshots: https://repository.apache.org/content/repositories/snapshots/org/apache/directory/server/apacheds-core-constants/2.0.0.AM28-SNAPSHOT/maven-metadata.xml (1.3 kB at 7.8 kB/s)
Downloading from apache.snapshots: https://repository.apache.org/content/repositories/snapshots/org/apache/directory/server/apacheds-core-constants/2.0.0.AM28-SNAPSHOT/apacheds-core-constants-2.0.0.AM28-20260225.064705-95.pom
Progress (1): 2.5 kB
                    
Downloaded from apache.snapshots: https://repository.apache.org/content/repositories/snapshots/org/apache/directory/server/apacheds-core-constants/2.0.0.AM28-SNAPSHOT/apacheds-core-constants-2.0.0.AM28-20260225.064705-95.pom (2.5 kB at 15 kB/s)
Downloading from apache.snapshots: https://repository.apache.org/content/repositories/snapshots/org/apache/directory/api/api-ldap-client-api/2.1.8-SNAPSHOT/maven-metadata.xml
Progress (1): 1.2 kB
                    
Downloaded from apache.snapshots: https://repository.apache.org/content/repositories/snapshots/org/apache/directory/api/api-ldap-client-api/2.1.8-SNAPSHOT/maven-metadata.xml (1.2 kB at 7.6 kB/s)
Downloading from apache.snapshots: https://repository.apache.org/content/repositories/snapshots/org/apache/directory/api/api-ldap-client-api/2.1.8-SNAPSHOT/api-ldap-client-api-2.1.8-20250806.194405-63.pom
Progress (1): 7.5/8.8 kB
Progress (1): 8.2/8.8 kB
Progress (1): 8.8 kB    
                    
Downloaded from apache.snapshots: https://repository.apache.org/content/repositories/snapshots/org/apache/directory/api/api-ldap-client-api/2.1.8-SNAPSHOT/api-ldap-client-api-2.1.8-20250806.194405-63.pom (8.8 kB at 54 kB/s)
Downloading from apache.snapshots: https://repository.apache.org/content/repositories/snapshots/org/apache/directory/api/api-ldap-client-parent/2.1.8-SNAPSHOT/maven-metadata.xml
Progress (1): 1.1 kB
                    
Downloaded from apache.snapshots: https://repository.apache.org/content/repositories/snapshots/org/apache/directory/api/api-ldap-client-parent/2.1.8-SNAPSHOT/maven-metadata.xml (1.1 kB at 6.6 kB/s)
Downloading from apache.snapshots: https://repository.apache.org/content/repositories/snapshots/org/apache/directory/api/api-ldap-client-parent/2.1.8-SNAPSHOT/api-ldap-client-parent-2.1.8-20250806.194405-64.pom
Progress (1): 1.5 kB
                    
Downloaded from apache.snapshots: https://repository.apache.org/content/repositories/snapshots/org/apache/directory/api/api-ldap-client-parent/2.1.8-SNAPSHOT/api-ldap-client-parent-2.1.8-20250806.194405-64.pom (1.5 kB at 9.5 kB/s)
Downloading from apache.snapshots: https://repository.apache.org/content/repositories/snapshots/org/apache/directory/api/api-ldap-schema-data/2.1.8-SNAPSHOT/maven-metadata.xml
Progress (1): 1.4 kB
                    
Downloaded from apache.snapshots: https://repository.apache.org/content/repositories/snapshots/org/apache/directory/api/api-ldap-schema-data/2.1.8-SNAPSHOT/maven-metadata.xml (1.4 kB at 8.8 kB/s)
Downloading from apache.snapshots: https://repository.apache.org/content/repositories/snapshots/org/apache/directory/api/api-ldap-schema-data/2.1.8-SNAPSHOT/api-ldap-schema-data-2.1.8-20250806.194405-64.pom
Progress (1): 7.5/8.2 kB
Progress (1): 8.2 kB    
                    
Downloaded from apache.snapshots: https://repository.apache.org/content/repositories/snapshots/org/apache/directory/api/api-ldap-schema-data/2.1.8-SNAPSHOT/api-ldap-schema-data-2.1.8-20250806.194405-64.pom (8.2 kB at 51 kB/s)
Downloading from apache.snapshots: https://repository.apache.org/content/repositories/snapshots/org/apache/directory/api/api-ldap-schema-parent/2.1.8-SNAPSHOT/maven-metadata.xml
Progress (1): 1.1 kB
                    
Downloaded from apache.snapshots: https://repository.apache.org/content/repositories/snapshots/org/apache/directory/api/api-ldap-schema-parent/2.1.8-SNAPSHOT/maven-metadata.xml (1.1 kB at 6.5 kB/s)
Downloading from apache.snapshots: https://repository.apache.org/content/repositories/snapshots/org/apache/directory/api/api-ldap-schema-parent/2.1.8-SNAPSHOT/api-ldap-schema-parent-2.1.8-20250806.194405-64.pom
Progress (1): 1.5 kB
                    
Downloaded from apache.snapshots: https://repository.apache.org/content/repositories/snapshots/org/apache/directory/api/api-ldap-schema-parent/2.1.8-SNAPSHOT/api-ldap-schema-parent-2.1.8-20250806.194405-64.pom (1.5 kB at 9.5 kB/s)
Downloading from apache.snapshots: https://repository.apache.org/content/repositories/snapshots/org/apache/directory/api/api-ldap-codec-core/2.1.8-SNAPSHOT/maven-metadata.xml
Progress (1): 1.2 kB
                    
Downloaded from apache.snapshots: https://repository.apache.org/content/repositories/snapshots/org/apache/directory/api/api-ldap-codec-core/2.1.8-SNAPSHOT/maven-metadata.xml (1.2 kB at 7.6 kB/s)
Downloading from apache.snapshots: https://repository.apache.org/content/repositories/snapshots/org/apache/directory/api/api-ldap-codec-core/2.1.8-SNAPSHOT/api-ldap-codec-core-2.1.8-20250806.194405-64.pom
Progress (1): 7.3 kB
                    
Downloaded from apache.snapshots: https://repository.apache.org/content/repositories/snapshots/org/apache/directory/api/api-ldap-codec-core/2.1.8-SNAPSHOT/api-ldap-codec-core-2.1.8-20250806.194405-64.pom (7.3 kB at 46 kB/s)
Downloading from apache.snapshots: https://repository.apache.org/content/repositories/snapshots/org/apache/directory/api/api-ldap-codec-parent/2.1.8-SNAPSHOT/maven-metadata.xml
Progress (1): 1.1 kB
                    
Downloaded from apache.snapshots: https://repository.apache.org/content/repositories/snapshots/org/apache/directory/api/api-ldap-codec-parent/2.1.8-SNAPSHOT/maven-metadata.xml (1.1 kB at 6.6 kB/s)
Downloading from apache.snapshots: https://repository.apache.org/content/repositories/snapshots/org/apache/directory/api/api-ldap-codec-parent/2.1.8-SNAPSHOT/api-ldap-codec-parent-2.1.8-20250806.194405-64.pom
Progress (1): 1.5 kB
                    
Downloaded from apache.snapshots: https://repository.apache.org/content/repositories/snapshots/org/apache/directory/api/api-ldap-codec-parent/2.1.8-SNAPSHOT/api-ldap-codec-parent-2.1.8-20250806.194405-64.pom (1.5 kB at 9.5 kB/s)
Downloading from apache.snapshots: https://repository.apache.org/content/repositories/snapshots/org/apache/directory/api/api-ldap-extras-aci/2.1.8-SNAPSHOT/maven-metadata.xml
Progress (1): 1.2 kB
                    
Downloaded from apache.snapshots: https://repository.apache.org/content/repositories/snapshots/org/apache/directory/api/api-ldap-extras-aci/2.1.8-SNAPSHOT/maven-metadata.xml (1.2 kB at 7.6 kB/s)
Downloading from apache.snapshots: https://repository.apache.org/content/repositories/snapshots/org/apache/directory/api/api-ldap-extras-aci/2.1.8-SNAPSHOT/api-ldap-extras-aci-2.1.8-20250806.194405-64.pom
Progress (1): 5.2 kB
                    
Downloaded from apache.snapshots: https://repository.apache.org/content/repositories/snapshots/org/apache/directory/api/api-ldap-extras-aci/2.1.8-SNAPSHOT/api-ldap-extras-aci-2.1.8-20250806.194405-64.pom (5.2 kB at 32 kB/s)
Downloading from apache.snapshots: https://repository.apache.org/content/repositories/snapshots/org/apache/directory/api/api-ldap-extras-parent/2.1.8-SNAPSHOT/maven-metadata.xml
Progress (1): 1.1 kB
                    
Downloaded from apache.snapshots: https://repository.apache.org/content/repositories/snapshots/org/apache/directory/api/api-ldap-extras-parent/2.1.8-SNAPSHOT/maven-metadata.xml (1.1 kB at 6.5 kB/s)
Downloading from apache.snapshots: https://repository.apache.org/content/repositories/snapshots/org/apache/directory/api/api-ldap-extras-parent/2.1.8-SNAPSHOT/api-ldap-extras-parent-2.1.8-20250806.194405-64.pom
Progress (1): 1.6 kB
                    
Downloaded from apache.snapshots: https://repository.apache.org/content/repositories/snapshots/org/apache/directory/api/api-ldap-extras-parent/2.1.8-SNAPSHOT/api-ldap-extras-parent-2.1.8-20250806.194405-64.pom (1.6 kB at 10 kB/s)
Downloading from apache.snapshots: https://repository.apache.org/content/repositories/snapshots/org/apache/directory/api/api-ldap-extras-codec/2.1.8-SNAPSHOT/maven-metadata.xml
Progress (1): 1.2 kB
                    
Downloaded from apache.snapshots: https://repository.apache.org/content/repositories/snapshots/org/apache/directory/api/api-ldap-extras-codec/2.1.8-SNAPSHOT/maven-metadata.xml (1.2 kB at 7.7 kB/s)
Downloading from apache.snapshots: https://repository.apache.org/content/repositories/snapshots/org/apache/directory/api/api-ldap-extras-codec/2.1.8-SNAPSHOT/api-ldap-extras-codec-2.1.8-20250806.194405-64.pom
Progress (1): 7.5/11 kB
Progress (1): 8.2/11 kB
Progress (1): 11 kB    
                   
Downloaded from apache.snapshots: https://repository.apache.org/content/repositories/snapshots/org/apache/directory/api/api-ldap-extras-codec/2.1.8-SNAPSHOT/api-ldap-extras-codec-2.1.8-20250806.194405-64.pom (11 kB at 55 kB/s)
Downloading from apache.snapshots: https://repository.apache.org/content/repositories/snapshots/org/apache/directory/api/api-ldap-extras-codec-api/2.1.8-SNAPSHOT/maven-metadata.xml
Progress (1): 1.2 kB
                    
Downloaded from apache.snapshots: https://repository.apache.org/content/repositories/snapshots/org/apache/directory/api/api-ldap-extras-codec-api/2.1.8-SNAPSHOT/maven-metadata.xml (1.2 kB at 7.7 kB/s)
Downloading from apache.snapshots: https://repository.apache.org/content/repositories/snapshots/org/apache/directory/api/api-ldap-extras-codec-api/2.1.8-SNAPSHOT/api-ldap-extras-codec-api-2.1.8-20250806.194405-64.pom
Progress (1): 5.9 kB
                    
Downloaded from apache.snapshots: https://repository.apache.org/content/repositories/snapshots/org/apache/directory/api/api-ldap-extras-codec-api/2.1.8-SNAPSHOT/api-ldap-extras-codec-api-2.1.8-20250806.194405-64.pom (5.9 kB at 37 kB/s)
Downloading from central: https://repo1.maven.org/maven2/org/apache/commons/commons-pool2/2.13.1/commons-pool2-2.13.1.pom
Progress (1): 770 B
Progress (1): 2.3 kB
Progress (1): 4.1 kB
Progress (1): 5.9 kB
Progress (1): 8.7 kB
Progress (1): 13 kB 
Progress (1): 16 kB
Progress (1): 16 kB
                   
Downloaded from central: https://repo1.maven.org/maven2/org/apache/commons/commons-pool2/2.13.1/commons-pool2-2.13.1.pom (16 kB at 223 kB/s)
Downloading from central: https://repo1.maven.org/maven2/org/apache/commons/commons-parent/93/commons-parent-93.pom
Progress (1): 700 B
Progress (1): 1.9 kB
Progress (1): 3.2 kB
Progress (1): 4.7 kB
Progress (1): 6.8 kB
Progress (1): 9.4 kB
Progress (1): 11 kB 
Progress (1): 14 kB
Progress (1): 16 kB
Progress (1): 19 kB
Progress (1): 21 kB
Progress (1): 23 kB
Progress (1): 25 kB
Progress (1): 29 kB
Progress (1): 32 kB
Progress (1): 32 kB
Progress (1): 36 kB
Progress (1): 41 kB
Progress (1): 44 kB
Progress (1): 46 kB
Progress (1): 50 kB
Progress (1): 52 kB
Progress (1): 55 kB
Progress (1): 58 kB
Progress (1): 60 kB
Progress (1): 63 kB
Progress (1): 67 kB
Progress (1): 70 kB
Progress (1): 73 kB
Progress (1): 75 kB
Progress (1): 77 kB
Progress (1): 79 kB
                   
Downloaded from central: https://repo1.maven.org/maven2/org/apache/commons/commons-parent/93/commons-parent-93.pom (79 kB at 1.5 MB/s)
Downloading from apache.snapshots: https://repository.apache.org/content/repositories/snapshots/org/apache/directory/api/api-ldap-extras-util/2.1.8-SNAPSHOT/maven-metadata.xml
Progress (1): 1.2 kB
                    
Downloaded from apache.snapshots: https://repository.apache.org/content/repositories/snapshots/org/apache/directory/api/api-ldap-extras-util/2.1.8-SNAPSHOT/maven-metadata.xml (1.2 kB at 7.7 kB/s)
Downloading from apache.snapshots: https://repository.apache.org/content/repositories/snapshots/org/apache/directory/api/api-ldap-extras-util/2.1.8-SNAPSHOT/api-ldap-extras-util-2.1.8-20250806.194405-63.pom
Progress (1): 3.6 kB
                    
Downloaded from apache.snapshots: https://repository.apache.org/content/repositories/snapshots/org/apache/directory/api/api-ldap-extras-util/2.1.8-SNAPSHOT/api-ldap-extras-util-2.1.8-20250806.194405-63.pom (3.6 kB at 22 kB/s)
Downloading from apache.snapshots: https://repository.apache.org/content/repositories/snapshots/org/apache/directory/server/apacheds-core-shared/2.0.0.AM28-SNAPSHOT/maven-metadata.xml
Progress (1): 1.7 kB
                    
Downloaded from apache.snapshots: https://repository.apache.org/content/repositories/snapshots/org/apache/directory/server/apacheds-core-shared/2.0.0.AM28-SNAPSHOT/maven-metadata.xml (1.7 kB at 11 kB/s)
Downloading from apache.snapshots: https://repository.apache.org/content/repositories/snapshots/org/apache/directory/server/apacheds-core-shared/2.0.0.AM28-SNAPSHOT/apacheds-core-shared-2.0.0.AM28-20260225.064705-95.pom
Progress (1): 7.5 kB
                    
Downloaded from apache.snapshots: https://repository.apache.org/content/repositories/snapshots/org/apache/directory/server/apacheds-core-shared/2.0.0.AM28-SNAPSHOT/apacheds-core-shared-2.0.0.AM28-20260225.064705-95.pom (7.5 kB at 47 kB/s)
Downloading from central: https://repo1.maven.org/maven2/org/apache/directory/jdbm/apacheds-jdbm1/2.0.0-M3/apacheds-jdbm1-2.0.0-M3.pom
Progress (1): 827 B
Progress (1): 2.5 kB
Progress (1): 3.0 kB
                    
Downloaded from central: https://repo1.maven.org/maven2/org/apache/directory/jdbm/apacheds-jdbm1/2.0.0-M3/apacheds-jdbm1-2.0.0-M3.pom (3.0 kB at 70 kB/s)
Downloading from central: https://repo1.maven.org/maven2/org/apache/directory/jdbm/apacheds-jdbm-parent/2.0.0-M3/apacheds-jdbm-parent-2.0.0-M3.pom
Progress (1): 771 B
Progress (1): 2.3 kB
Progress (1): 4.5 kB
Progress (1): 7.5 kB
Progress (1): 12 kB 
Progress (1): 16 kB
Progress (1): 18 kB
                   
Downloaded from central: https://repo1.maven.org/maven2/org/apache/directory/jdbm/apacheds-jdbm-parent/2.0.0-M3/apacheds-jdbm-parent-2.0.0-M3.pom (18 kB at 384 kB/s)
Downloading from central: https://repo1.maven.org/maven2/org/apache/directory/project/project/33/project-33.pom
Progress (1): 747 B
Progress (1): 2.0 kB
Progress (1): 4.4 kB
Progress (1): 10 kB 
Progress (1): 15 kB
Progress (1): 20 kB
Progress (1): 24 kB
Progress (1): 28 kB
Progress (1): 29 kB
                   
Downloaded from central: https://repo1.maven.org/maven2/org/apache/directory/project/project/33/project-33.pom (29 kB at 660 kB/s)
Downloading from central: https://repo1.maven.org/maven2/org/slf4j/slf4j-reload4j/1.7.36/slf4j-reload4j-1.7.36.pom
Progress (1): 1.2 kB
                    
Downloaded from central: https://repo1.maven.org/maven2/org/slf4j/slf4j-reload4j/1.7.36/slf4j-reload4j-1.7.36.pom (1.2 kB at 27 kB/s)
Downloading from central: https://repo1.maven.org/maven2/org/hamcrest/hamcrest-library/3.0/hamcrest-library-3.0.pom
Progress (1): 995 B
Progress (1): 1.9 kB
                    
Downloaded from central: https://repo1.maven.org/maven2/org/hamcrest/hamcrest-library/3.0/hamcrest-library-3.0.pom (1.9 kB at 31 kB/s)
Downloading from central: https://repo1.maven.org/maven2/org/hamcrest/hamcrest-core/3.0/hamcrest-core-3.0.pom
Progress (1): 993 B
Progress (1): 1.8 kB
                    
Downloaded from central: https://repo1.maven.org/maven2/org/hamcrest/hamcrest-core/3.0/hamcrest-core-3.0.pom (1.8 kB at 45 kB/s)
Downloading from central: https://repo1.maven.org/maven2/org/hamcrest/hamcrest/3.0/hamcrest-3.0.pom
Progress (1): 983 B
Progress (1): 1.6 kB
                    
Downloaded from central: https://repo1.maven.org/maven2/org/hamcrest/hamcrest/3.0/hamcrest-3.0.pom (1.6 kB at 38 kB/s)
Downloading from apache.snapshots: https://repository.apache.org/content/repositories/snapshots/org/apache/directory/server/apacheds-core-avl/2.0.0.AM28-SNAPSHOT/apacheds-core-avl-2.0.0.AM28-20260225.064705-94.jar
Downloading from apache.snapshots: https://repository.apache.org/content/repositories/snapshots/org/apache/directory/server/apacheds-core-api/2.0.0.AM28-SNAPSHOT/apacheds-core-api-2.0.0.AM28-20260225.064705-95.jar
Downloading from apache.snapshots: https://repository.apache.org/content/repositories/snapshots/org/apache/directory/server/apacheds-core-constants/2.0.0.AM28-SNAPSHOT/apacheds-core-constants-2.0.0.AM28-20260225.064705-95.jar
Downloading from apache.snapshots: https://repository.apache.org/content/repositories/snapshots/org/apache/directory/api/api-i18n/2.1.8-SNAPSHOT/api-i18n-2.1.8-20250806.194405-64.jar
Downloading from apache.snapshots: https://repository.apache.org/content/repositories/snapshots/org/apache/directory/api/api-asn1-api/2.1.8-SNAPSHOT/api-asn1-api-2.1.8-20250806.194405-64.jar
Progress (1): 7.5/256 kB
Progress (1): 8.2/256 kB
Progress (1): 16/256 kB 
Progress (1): 23/256 kB
Progress (1): 25/256 kB
Progress (1): 33/256 kB
Progress (1): 39/256 kB
Progress (1): 41/256 kB
Progress (1): 49/256 kB
Progress (1): 55/256 kB
Progress (1): 57/256 kB
Progress (1): 66/256 kB
Progress (1): 71/256 kB
Progress (1): 74/256 kB
Progress (1): 82/256 kB
Progress (1): 87/256 kB
Progress (1): 90/256 kB
Progress (1): 98/256 kB
Progress (2): 98/256 kB | 7.5/88 kB
Progress (2): 98/256 kB | 8.2/88 kB
Progress (3): 98/256 kB | 8.2/88 kB | 7.5/11 kB
Progress (3): 98/256 kB | 8.2/88 kB | 8.2/11 kB
Progress (4): 98/256 kB | 8.2/88 kB | 8.2/11 kB | 7.5/24 kB
Progress (5): 98/256 kB | 8.2/88 kB | 8.2/11 kB | 7.5/24 kB | 7.5/62 kB
Progress (5): 98/256 kB | 8.2/88 kB | 8.2/11 kB | 8.2/24 kB | 7.5/62 kB
Progress (5): 98/256 kB | 8.2/88 kB | 8.2/11 kB | 8.2/24 kB | 8.2/62 kB
Progress (5): 103/256 kB | 8.2/88 kB | 8.2/11 kB | 8.2/24 kB | 8.2/62 kB
Progress (5): 106/256 kB | 8.2/88 kB | 8.2/11 kB | 8.2/24 kB | 8.2/62 kB
Progress (5): 115/256 kB | 8.2/88 kB | 8.2/11 kB | 8.2/24 kB | 8.2/62 kB
Progress (5): 119/256 kB | 8.2/88 kB | 8.2/11 kB | 8.2/24 kB | 8.2/62 kB
Progress (5): 123/256 kB | 8.2/88 kB | 8.2/11 kB | 8.2/24 kB | 8.2/62 kB
Progress (5): 131/256 kB | 8.2/88 kB | 8.2/11 kB | 8.2/24 kB | 8.2/62 kB
Progress (5): 135/256 kB | 8.2/88 kB | 8.2/11 kB | 8.2/24 kB | 8.2/62 kB
Progress (5): 139/256 kB | 8.2/88 kB | 8.2/11 kB | 8.2/24 kB | 8.2/62 kB
Progress (5): 147/256 kB | 8.2/88 kB | 8.2/11 kB | 8.2/24 kB | 8.2/62 kB
Progress (5): 151/256 kB | 8.2/88 kB | 8.2/11 kB | 8.2/24 kB | 8.2/62 kB
Progress (5): 156/256 kB | 8.2/88 kB | 8.2/11 kB | 8.2/24 kB | 8.2/62 kB
Progress (5): 164/256 kB | 8.2/88 kB | 8.2/11 kB | 8.2/24 kB | 8.2/62 kB
Progress (5): 167/256 kB | 8.2/88 kB | 8.2/11 kB | 8.2/24 kB | 8.2/62 kB
Progress (5): 172/256 kB | 8.2/88 kB | 8.2/11 kB | 8.2/24 kB | 8.2/62 kB
Progress (5): 180/256 kB | 8.2/88 kB | 8.2/11 kB | 8.2/24 kB | 8.2/62 kB
Progress (5): 183/256 kB | 8.2/88 kB | 8.2/11 kB | 8.2/24 kB | 8.2/62 kB
Progress (5): 188/256 kB | 8.2/88 kB | 8.2/11 kB | 8.2/24 kB | 8.2/62 kB
Progress (5): 197/256 kB | 8.2/88 kB | 8.2/11 kB | 8.2/24 kB | 8.2/62 kB
Progress (5): 199/256 kB | 8.2/88 kB | 8.2/11 kB | 8.2/24 kB | 8.2/62 kB
Progress (5): 205/256 kB | 8.2/88 kB | 8.2/11 kB | 8.2/24 kB | 8.2/62 kB
Progress (5): 213/256 kB | 8.2/88 kB | 8.2/11 kB | 8.2/24 kB | 8.2/62 kB
Progress (5): 215/256 kB | 8.2/88 kB | 8.2/11 kB | 8.2/24 kB | 8.2/62 kB
Progress (5): 215/256 kB | 8.2/88 kB | 11 kB | 8.2/24 kB | 8.2/62 kB    
Progress (5): 215/256 kB | 16/88 kB | 11 kB | 8.2/24 kB | 8.2/62 kB 
Progress (5): 215/256 kB | 23/88 kB | 11 kB | 8.2/24 kB | 8.2/62 kB
Progress (5): 215/256 kB | 25/88 kB | 11 kB | 8.2/24 kB | 8.2/62 kB
Progress (5): 215/256 kB | 33/88 kB | 11 kB | 8.2/24 kB | 8.2/62 kB
Progress (5): 215/256 kB | 39/88 kB | 11 kB | 8.2/24 kB | 8.2/62 kB
Progress (5): 215/256 kB | 39/88 kB | 11 kB | 16/24 kB | 8.2/62 kB 
Progress (5): 215/256 kB | 39/88 kB | 11 kB | 23/24 kB | 8.2/62 kB
Progress (5): 215/256 kB | 39/88 kB | 11 kB | 24 kB | 8.2/62 kB   
                                                               
Downloaded from apache.snapshots: https://repository.apache.org/content/repositories/snapshots/org/apache/directory/server/apacheds-core-constants/2.0.0.AM28-SNAPSHOT/apacheds-core-constants-2.0.0.AM28-20260225.064705-95.jar (11 kB at 18 kB/s)
Downloading from apache.snapshots: https://repository.apache.org/content/repositories/snapshots/org/apache/directory/api/api-ldap-client-api/2.1.8-SNAPSHOT/api-ldap-client-api-2.1.8-20250806.194405-63.jar
Progress (4): 215/256 kB | 39/88 kB | 24 kB | 16/62 kB
Progress (4): 215/256 kB | 39/88 kB | 24 kB | 23/62 kB
Progress (4): 215/256 kB | 39/88 kB | 24 kB | 25/62 kB
Progress (4): 215/256 kB | 39/88 kB | 24 kB | 33/62 kB
Progress (4): 215/256 kB | 39/88 kB | 24 kB | 39/62 kB
                                                      
Downloaded from apache.snapshots: https://repository.apache.org/content/repositories/snapshots/org/apache/directory/api/api-asn1-api/2.1.8-SNAPSHOT/api-asn1-api-2.1.8-20250806.194405-64.jar (24 kB at 39 kB/s)
Downloading from apache.snapshots: https://repository.apache.org/content/repositories/snapshots/org/apache/directory/api/api-ldap-extras-codec/2.1.8-SNAPSHOT/api-ldap-extras-codec-2.1.8-20250806.194405-64.jar
Progress (3): 221/256 kB | 39/88 kB | 39/62 kB
Progress (3): 229/256 kB | 39/88 kB | 39/62 kB
Progress (3): 231/256 kB | 39/88 kB | 39/62 kB
Progress (3): 238/256 kB | 39/88 kB | 39/62 kB
Progress (3): 246/256 kB | 39/88 kB | 39/62 kB
Progress (3): 247/256 kB | 39/88 kB | 39/62 kB
Progress (3): 254/256 kB | 39/88 kB | 39/62 kB
Progress (3): 256 kB | 39/88 kB | 39/62 kB    
                                          
Downloaded from apache.snapshots: https://repository.apache.org/content/repositories/snapshots/org/apache/directory/server/apacheds-core-api/2.0.0.AM28-SNAPSHOT/apacheds-core-api-2.0.0.AM28-20260225.064705-95.jar (256 kB at 355 kB/s)
Downloading from apache.snapshots: https://repository.apache.org/content/repositories/snapshots/org/apache/directory/api/api-ldap-codec-core/2.1.8-SNAPSHOT/api-ldap-codec-core-2.1.8-20250806.194405-64.jar
Progress (2): 41/88 kB | 39/62 kB
Progress (2): 49/88 kB | 39/62 kB
Progress (2): 55/88 kB | 39/62 kB
Progress (2): 57/88 kB | 39/62 kB
Progress (2): 57/88 kB | 41/62 kB
Progress (2): 66/88 kB | 41/62 kB
Progress (2): 71/88 kB | 41/62 kB
Progress (2): 71/88 kB | 49/62 kB
Progress (2): 74/88 kB | 49/62 kB
Progress (2): 74/88 kB | 55/62 kB
Progress (2): 82/88 kB | 55/62 kB
Progress (2): 82/88 kB | 57/62 kB
Progress (2): 87/88 kB | 57/62 kB
Progress (2): 87/88 kB | 62 kB   
Progress (2): 88 kB | 62 kB   
Progress (3): 88 kB | 62 kB | 7.5/159 kB
Progress (3): 88 kB | 62 kB | 8.2/159 kB
Progress (3): 88 kB | 62 kB | 16/159 kB 
Progress (3): 88 kB | 62 kB | 23/159 kB
Progress (3): 88 kB | 62 kB | 25/159 kB
                                       
Downloaded from apache.snapshots: https://repository.apache.org/content/repositories/snapshots/org/apache/directory/server/apacheds-core-avl/2.0.0.AM28-SNAPSHOT/apacheds-core-avl-2.0.0.AM28-20260225.064705-94.jar (62 kB at 82 kB/s)
Downloading from apache.snapshots: https://repository.apache.org/content/repositories/snapshots/org/apache/directory/api/api-ldap-extras-aci/2.1.8-SNAPSHOT/api-ldap-extras-aci-2.1.8-20250806.194405-64.jar
Progress (3): 88 kB | 25/159 kB | 7.5/266 kB
Progress (3): 88 kB | 25/159 kB | 8.2/266 kB
                                            
Downloaded from apache.snapshots: https://repository.apache.org/content/repositories/snapshots/org/apache/directory/api/api-i18n/2.1.8-SNAPSHOT/api-i18n-2.1.8-20250806.194405-64.jar (88 kB at 116 kB/s)
Downloading from apache.snapshots: https://repository.apache.org/content/repositories/snapshots/org/apache/directory/api/api-ldap-extras-util/2.1.8-SNAPSHOT/api-ldap-extras-util-2.1.8-20250806.194405-63.jar
Progress (2): 25/159 kB | 16/266 kB
Progress (2): 25/159 kB | 23/266 kB
Progress (2): 25/159 kB | 25/266 kB
Progress (3): 25/159 kB | 25/266 kB | 7.5/322 kB
Progress (3): 25/159 kB | 25/266 kB | 8.2/322 kB
Progress (3): 25/159 kB | 25/266 kB | 16/322 kB 
Progress (3): 25/159 kB | 25/266 kB | 23/322 kB
Progress (3): 25/159 kB | 25/266 kB | 25/322 kB
Progress (3): 25/159 kB | 25/266 kB | 33/322 kB
Progress (3): 25/159 kB | 25/266 kB | 39/322 kB
Progress (3): 25/159 kB | 25/266 kB | 41/322 kB
Progress (3): 25/159 kB | 25/266 kB | 49/322 kB
Progress (3): 25/159 kB | 25/266 kB | 55/322 kB
Progress (3): 25/159 kB | 25/266 kB | 57/322 kB
Progress (3): 25/159 kB | 25/266 kB | 66/322 kB
Progress (3): 25/159 kB | 25/266 kB | 71/322 kB
Progress (3): 25/159 kB | 25/266 kB | 74/322 kB
Progress (3): 25/159 kB | 25/266 kB | 82/322 kB
Progress (3): 25/159 kB | 25/266 kB | 87/322 kB
Progress (3): 25/159 kB | 25/266 kB | 90/322 kB
Progress (3): 25/159 kB | 25/266 kB | 98/322 kB
Progress (3): 25/159 kB | 25/266 kB | 103/322 kB
Progress (3): 25/159 kB | 25/266 kB | 106/322 kB
Progress (3): 25/159 kB | 25/266 kB | 115/322 kB
Progress (3): 25/159 kB | 25/266 kB | 119/322 kB
Progress (3): 25/159 kB | 25/266 kB | 123/322 kB
Progress (3): 25/159 kB | 25/266 kB | 131/322 kB
Progress (3): 25/159 kB | 25/266 kB | 135/322 kB
Progress (3): 25/159 kB | 25/266 kB | 139/322 kB
Progress (3): 25/159 kB | 25/266 kB | 147/322 kB
Progress (3): 25/159 kB | 25/266 kB | 151/322 kB
Progress (3): 25/159 kB | 25/266 kB | 156/322 kB
Progress (3): 25/159 kB | 25/266 kB | 164/322 kB
Progress (3): 25/159 kB | 25/266 kB | 167/322 kB
Progress (3): 25/159 kB | 25/266 kB | 172/322 kB
Progress (3): 25/159 kB | 25/266 kB | 180/322 kB
Progress (3): 25/159 kB | 25/266 kB | 183/322 kB
Progress (3): 25/159 kB | 25/266 kB | 188/322 kB
Progress (3): 25/159 kB | 25/266 kB | 197/322 kB
Progress (3): 25/159 kB | 25/266 kB | 199/322 kB
Progress (3): 25/159 kB | 25/266 kB | 205/322 kB
Progress (3): 25/159 kB | 25/266 kB | 213/322 kB
Progress (3): 25/159 kB | 25/266 kB | 215/322 kB
Progress (3): 25/159 kB | 25/266 kB | 221/322 kB
Progress (3): 25/159 kB | 25/266 kB | 229/322 kB
Progress (3): 25/159 kB | 25/266 kB | 231/322 kB
Progress (3): 25/159 kB | 25/266 kB | 238/322 kB
Progress (3): 25/159 kB | 25/266 kB | 246/322 kB
Progress (3): 25/159 kB | 25/266 kB | 247/322 kB
Progress (3): 25/159 kB | 25/266 kB | 254/322 kB
Progress (3): 33/159 kB | 25/266 kB | 254/322 kB
Progress (3): 39/159 kB | 25/266 kB | 254/322 kB
Progress (3): 41/159 kB | 25/266 kB | 254/322 kB
Progress (3): 49/159 kB | 25/266 kB | 254/322 kB
Progress (3): 55/159 kB | 25/266 kB | 254/322 kB
Progress (3): 57/159 kB | 25/266 kB | 254/322 kB
Progress (3): 66/159 kB | 25/266 kB | 254/322 kB
Progress (3): 71/159 kB | 25/266 kB | 254/322 kB
Progress (3): 74/159 kB | 25/266 kB | 254/322 kB
Progress (3): 82/159 kB | 25/266 kB | 254/322 kB
Progress (3): 82/159 kB | 33/266 kB | 254/322 kB
Progress (3): 82/159 kB | 41/266 kB | 254/322 kB
Progress (3): 82/159 kB | 49/266 kB | 254/322 kB
Progress (3): 82/159 kB | 49/266 kB | 254/322 kB
Progress (3): 82/159 kB | 57/266 kB | 254/322 kB
Progress (3): 82/159 kB | 65/266 kB | 254/322 kB
Progress (3): 82/159 kB | 66/266 kB | 254/322 kB
Progress (3): 82/159 kB | 74/266 kB | 254/322 kB
Progress (3): 82/159 kB | 82/266 kB | 254/322 kB
Progress (3): 82/159 kB | 82/266 kB | 254/322 kB
Progress (3): 82/159 kB | 90/266 kB | 254/322 kB
Progress (4): 82/159 kB | 90/266 kB | 254/322 kB | 7.5/21 kB
Progress (5): 82/159 kB | 90/266 kB | 254/322 kB | 7.5/21 kB | 7.5/105 kB
Progress (5): 82/159 kB | 90/266 kB | 254/322 kB | 8.2/21 kB | 7.5/105 kB
Progress (5): 82/159 kB | 90/266 kB | 254/322 kB | 16/21 kB | 7.5/105 kB 
Progress (5): 82/159 kB | 90/266 kB | 254/322 kB | 21 kB | 7.5/105 kB   
Progress (5): 82/159 kB | 90/266 kB | 254/322 kB | 21 kB | 8.2/105 kB
Progress (5): 82/159 kB | 90/266 kB | 254/322 kB | 21 kB | 16/105 kB 
Progress (5): 82/159 kB | 90/266 kB | 254/322 kB | 21 kB | 23/105 kB
Progress (5): 82/159 kB | 90/266 kB | 254/322 kB | 21 kB | 25/105 kB
Progress (5): 82/159 kB | 90/266 kB | 254/322 kB | 21 kB | 33/105 kB
Progress (5): 82/159 kB | 90/266 kB | 254/322 kB | 21 kB | 39/105 kB
Progress (5): 82/159 kB | 90/266 kB | 254/322 kB | 21 kB | 41/105 kB
Progress (5): 82/159 kB | 90/266 kB | 254/322 kB | 21 kB | 49/105 kB
Progress (5): 82/159 kB | 90/266 kB | 254/322 kB | 21 kB | 55/105 kB
Progress (5): 82/159 kB | 90/266 kB | 254/322 kB | 21 kB | 57/105 kB
Progress (5): 82/159 kB | 90/266 kB | 254/322 kB | 21 kB | 66/105 kB
Progress (5): 82/159 kB | 90/266 kB | 254/322 kB | 21 kB | 71/105 kB
Progress (5): 82/159 kB | 90/266 kB | 254/322 kB | 21 kB | 74/105 kB
Progress (5): 82/159 kB | 90/266 kB | 254/322 kB | 21 kB | 82/105 kB
Progress (5): 82/159 kB | 90/266 kB | 254/322 kB | 21 kB | 87/105 kB
Progress (5): 82/159 kB | 90/266 kB | 254/322 kB | 21 kB | 90/105 kB
Progress (5): 82/159 kB | 90/266 kB | 254/322 kB | 21 kB | 98/105 kB
                                                                    
Downloaded from apache.snapshots: https://repository.apache.org/content/repositories/snapshots/org/apache/directory/api/api-ldap-extras-util/2.1.8-SNAPSHOT/api-ldap-extras-util-2.1.8-20250806.194405-63.jar (21 kB at 23 kB/s)
Downloading from apache.snapshots: https://repository.apache.org/content/repositories/snapshots/org/apache/directory/server/apacheds-core-api/2.0.0.AM28-SNAPSHOT/apacheds-core-api-2.0.0.AM28-20260225.064705-95-tests.jar
Progress (4): 82/159 kB | 90/266 kB | 262/322 kB | 98/105 kB
Progress (4): 82/159 kB | 90/266 kB | 263/322 kB | 98/105 kB
Progress (4): 82/159 kB | 90/266 kB | 270/322 kB | 98/105 kB
Progress (4): 82/159 kB | 90/266 kB | 279/322 kB | 98/105 kB
Progress (4): 82/159 kB | 90/266 kB | 279/322 kB | 98/105 kB
Progress (4): 82/159 kB | 90/266 kB | 287/322 kB | 98/105 kB
Progress (4): 82/159 kB | 90/266 kB | 295/322 kB | 98/105 kB
Progress (4): 82/159 kB | 90/266 kB | 295/322 kB | 98/105 kB
Progress (4): 82/159 kB | 90/266 kB | 303/322 kB | 98/105 kB
Progress (4): 82/159 kB | 90/266 kB | 311/322 kB | 98/105 kB
Progress (4): 82/159 kB | 90/266 kB | 311/322 kB | 98/105 kB
Progress (4): 82/159 kB | 90/266 kB | 319/322 kB | 98/105 kB
Progress (4): 82/159 kB | 90/266 kB | 319/322 kB | 98/105 kB
Progress (4): 82/159 kB | 90/266 kB | 322 kB | 98/105 kB    
Progress (4): 87/159 kB | 90/266 kB | 322 kB | 98/105 kB
Progress (4): 90/159 kB | 90/266 kB | 322 kB | 98/105 kB
Progress (4): 98/159 kB | 90/266 kB | 322 kB | 98/105 kB
Progress (4): 103/159 kB | 90/266 kB | 322 kB | 98/105 kB
Progress (4): 106/159 kB | 90/266 kB | 322 kB | 98/105 kB
Progress (4): 115/159 kB | 90/266 kB | 322 kB | 98/105 kB
Progress (4): 119/159 kB | 90/266 kB | 322 kB | 98/105 kB
Progress (4): 123/159 kB | 90/266 kB | 322 kB | 98/105 kB
Progress (4): 131/159 kB | 90/266 kB | 322 kB | 98/105 kB
Progress (4): 135/159 kB | 90/266 kB | 322 kB | 98/105 kB
Progress (4): 139/159 kB | 90/266 kB | 322 kB | 98/105 kB
Progress (4): 147/159 kB | 90/266 kB | 322 kB | 98/105 kB
Progress (4): 151/159 kB | 90/266 kB | 322 kB | 98/105 kB
Progress (4): 156/159 kB | 90/266 kB | 322 kB | 98/105 kB
Progress (4): 159 kB | 90/266 kB | 322 kB | 98/105 kB    
Progress (4): 159 kB | 98/266 kB | 322 kB | 98/105 kB
Progress (4): 159 kB | 98/266 kB | 322 kB | 98/105 kB
Progress (4): 159 kB | 106/266 kB | 322 kB | 98/105 kB
Progress (4): 159 kB | 114/266 kB | 322 kB | 98/105 kB
Progress (4): 159 kB | 115/266 kB | 322 kB | 98/105 kB
Progress (4): 159 kB | 123/266 kB | 322 kB | 98/105 kB
Progress (4): 159 kB | 130/266 kB | 322 kB | 98/105 kB
Progress (4): 159 kB | 131/266 kB | 322 kB | 98/105 kB
Progress (4): 159 kB | 139/266 kB | 322 kB | 98/105 kB
Progress (4): 159 kB | 146/266 kB | 322 kB | 98/105 kB
Progress (4): 159 kB | 147/266 kB | 322 kB | 98/105 kB
Progress (4): 159 kB | 156/266 kB | 322 kB | 98/105 kB
Progress (4): 159 kB | 162/266 kB | 322 kB | 98/105 kB
Progress (4): 159 kB | 164/266 kB | 322 kB | 98/105 kB
Progress (4): 159 kB | 172/266 kB | 322 kB | 98/105 kB
Progress (4): 159 kB | 178/266 kB | 322 kB | 98/105 kB
Progress (4): 159 kB | 180/266 kB | 322 kB | 98/105 kB
Progress (4): 159 kB | 188/266 kB | 322 kB | 98/105 kB
Progress (4): 159 kB | 194/266 kB | 322 kB | 98/105 kB
Progress (4): 159 kB | 197/266 kB | 322 kB | 98/105 kB
Progress (4): 159 kB | 205/266 kB | 322 kB | 98/105 kB
Progress (4): 159 kB | 210/266 kB | 322 kB | 98/105 kB
Progress (4): 159 kB | 210/266 kB | 322 kB | 103/105 kB
Progress (4): 159 kB | 210/266 kB | 322 kB | 105 kB    
Progress (4): 159 kB | 213/266 kB | 322 kB | 105 kB
Progress (4): 159 kB | 221/266 kB | 322 kB | 105 kB
Progress (4): 159 kB | 226/266 kB | 322 kB | 105 kB
Progress (4): 159 kB | 229/266 kB | 322 kB | 105 kB
Progress (4): 159 kB | 238/266 kB | 322 kB | 105 kB
Progress (4): 159 kB | 242/266 kB | 322 kB | 105 kB
Progress (4): 159 kB | 246/266 kB | 322 kB | 105 kB
Progress (4): 159 kB | 254/266 kB | 322 kB | 105 kB
Progress (4): 159 kB | 258/266 kB | 322 kB | 105 kB
Progress (4): 159 kB | 262/266 kB | 322 kB | 105 kB
Progress (4): 159 kB | 266 kB | 322 kB | 105 kB    
Progress (5): 159 kB | 266 kB | 322 kB | 105 kB | 7.5/60 kB
Progress (5): 159 kB | 266 kB | 322 kB | 105 kB | 8.2/60 kB
Progress (5): 159 kB | 266 kB | 322 kB | 105 kB | 16/60 kB 
Progress (5): 159 kB | 266 kB | 322 kB | 105 kB | 23/60 kB
Progress (5): 159 kB | 266 kB | 322 kB | 105 kB | 25/60 kB
Progress (5): 159 kB | 266 kB | 322 kB | 105 kB | 33/60 kB
Progress (5): 159 kB | 266 kB | 322 kB | 105 kB | 39/60 kB
Progress (5): 159 kB | 266 kB | 322 kB | 105 kB | 41/60 kB
Progress (5): 159 kB | 266 kB | 322 kB | 105 kB | 49/60 kB
Progress (5): 159 kB | 266 kB | 322 kB | 105 kB | 55/60 kB
Progress (5): 159 kB | 266 kB | 322 kB | 105 kB | 57/60 kB
Progress (5): 159 kB | 266 kB | 322 kB | 105 kB | 60 kB   
                                                       
Downloaded from apache.snapshots: https://repository.apache.org/content/repositories/snapshots/org/apache/directory/api/api-ldap-codec-core/2.1.8-SNAPSHOT/api-ldap-codec-core-2.1.8-20250806.194405-64.jar (322 kB at 216 kB/s)
Downloading from apache.snapshots: https://repository.apache.org/content/repositories/snapshots/org/apache/directory/server/apacheds-core-shared/2.0.0.AM28-SNAPSHOT/apacheds-core-shared-2.0.0.AM28-20260225.064705-95.jar
Downloaded from apache.snapshots: https://repository.apache.org/content/repositories/snapshots/org/apache/directory/api/api-ldap-client-api/2.1.8-SNAPSHOT/api-ldap-client-api-2.1.8-20250806.194405-63.jar (159 kB at 106 kB/s)
Downloading from apache.snapshots: https://repository.apache.org/content/repositories/snapshots/org/apache/directory/api/api-ldap-extras-codec-api/2.1.8-SNAPSHOT/api-ldap-extras-codec-api-2.1.8-20250806.194405-64.jar
Downloaded from apache.snapshots: https://repository.apache.org/content/repositories/snapshots/org/apache/directory/api/api-ldap-extras-codec/2.1.8-SNAPSHOT/api-ldap-extras-codec-2.1.8-20250806.194405-64.jar (266 kB at 177 kB/s)
Downloading from apache.snapshots: https://repository.apache.org/content/repositories/snapshots/org/apache/directory/server/apacheds-i18n/2.0.0.AM28-SNAPSHOT/apacheds-i18n-2.0.0.AM28-20260225.064705-95.jar
Downloaded from apache.snapshots: https://repository.apache.org/content/repositories/snapshots/org/apache/directory/api/api-ldap-extras-aci/2.1.8-SNAPSHOT/api-ldap-extras-aci-2.1.8-20250806.194405-64.jar (105 kB at 70 kB/s)
Downloading from apache.snapshots: https://repository.apache.org/content/repositories/snapshots/org/apache/directory/api/api-ldap-model/2.1.8-SNAPSHOT/api-ldap-model-2.1.8-20250806.194405-64.jar
Downloaded from apache.snapshots: https://repository.apache.org/content/repositories/snapshots/org/apache/directory/server/apacheds-core-api/2.0.0.AM28-SNAPSHOT/apacheds-core-api-2.0.0.AM28-20260225.064705-95-tests.jar (60 kB at 40 kB/s)
Downloading from apache.snapshots: https://repository.apache.org/content/repositories/snapshots/org/apache/directory/api/api-asn1-ber/2.1.8-SNAPSHOT/api-asn1-ber-2.1.8-20250806.194405-64.jar
Progress (1): 7.5/53 kB
Progress (1): 8.2/53 kB
Progress (1): 16/53 kB 
Progress (1): 23/53 kB
Progress (1): 25/53 kB
Progress (1): 33/53 kB
Progress (1): 39/53 kB
Progress (1): 41/53 kB
Progress (1): 49/53 kB
Progress (1): 53 kB   
Progress (2): 53 kB | 7.5/105 kB
Progress (2): 53 kB | 8.2/105 kB
Progress (2): 53 kB | 16/105 kB 
Progress (2): 53 kB | 23/105 kB
Progress (2): 53 kB | 25/105 kB
Progress (2): 53 kB | 33/105 kB
Progress (2): 53 kB | 39/105 kB
Progress (2): 53 kB | 41/105 kB
Progress (2): 53 kB | 49/105 kB
Progress (2): 53 kB | 55/105 kB
Progress (2): 53 kB | 57/105 kB
Progress (2): 53 kB | 66/105 kB
Progress (2): 53 kB | 71/105 kB
Progress (2): 53 kB | 74/105 kB
Progress (2): 53 kB | 82/105 kB
Progress (2): 53 kB | 87/105 kB
Progress (2): 53 kB | 90/105 kB
Progress (2): 53 kB | 98/105 kB
Progress (2): 53 kB | 103/105 kB
Progress (2): 53 kB | 105 kB    
Progress (3): 53 kB | 105 kB | 7.5/45 kB
Progress (4): 53 kB | 105 kB | 7.5/45 kB | 0/1.1 MB
Progress (5): 53 kB | 105 kB | 7.5/45 kB | 0/1.1 MB | 7.5/44 kB
Progress (5): 53 kB | 105 kB | 8.2/45 kB | 0/1.1 MB | 7.5/44 kB
Progress (5): 53 kB | 105 kB | 8.2/45 kB | 0/1.1 MB | 7.5/44 kB
Progress (5): 53 kB | 105 kB | 16/45 kB | 0/1.1 MB | 7.5/44 kB 
Progress (5): 53 kB | 105 kB | 23/45 kB | 0/1.1 MB | 7.5/44 kB
Progress (5): 53 kB | 105 kB | 25/45 kB | 0/1.1 MB | 7.5/44 kB
Progress (5): 53 kB | 105 kB | 25/45 kB | 0/1.1 MB | 8.2/44 kB
Progress (5): 53 kB | 105 kB | 25/45 kB | 0/1.1 MB | 8.2/44 kB
Progress (5): 53 kB | 105 kB | 33/45 kB | 0/1.1 MB | 8.2/44 kB
Progress (5): 53 kB | 105 kB | 33/45 kB | 0/1.1 MB | 8.2/44 kB
Progress (5): 53 kB | 105 kB | 39/45 kB | 0/1.1 MB | 8.2/44 kB
Progress (5): 53 kB | 105 kB | 39/45 kB | 0/1.1 MB | 8.2/44 kB
Progress (5): 53 kB | 105 kB | 41/45 kB | 0/1.1 MB | 8.2/44 kB
Progress (5): 53 kB | 105 kB | 45 kB | 0/1.1 MB | 8.2/44 kB   
Progress (5): 53 kB | 105 kB | 45 kB | 0/1.1 MB | 16/44 kB 
Progress (5): 53 kB | 105 kB | 45 kB | 0/1.1 MB | 16/44 kB
Progress (5): 53 kB | 105 kB | 45 kB | 0/1.1 MB | 23/44 kB
Progress (5): 53 kB | 105 kB | 45 kB | 0/1.1 MB | 23/44 kB
Progress (5): 53 kB | 105 kB | 45 kB | 0/1.1 MB | 25/44 kB
Progress (5): 53 kB | 105 kB | 45 kB | 0/1.1 MB | 25/44 kB
Progress (5): 53 kB | 105 kB | 45 kB | 0/1.1 MB | 25/44 kB
                                                          
Downloaded from apache.snapshots: https://repository.apache.org/content/repositories/snapshots/org/apache/directory/server/apacheds-core-shared/2.0.0.AM28-SNAPSHOT/apacheds-core-shared-2.0.0.AM28-20260225.064705-95.jar (53 kB at 32 kB/s)
Progress (4): 105 kB | 45 kB | 0/1.1 MB | 33/44 kB
                                                  
Downloading from apache.snapshots: https://repository.apache.org/content/repositories/snapshots/org/apache/directory/api/api-ldap-schema-data/2.1.8-SNAPSHOT/api-ldap-schema-data-2.1.8-20250806.194405-64.jar
Progress (4): 105 kB | 45 kB | 0.1/1.1 MB | 33/44 kB
Progress (4): 105 kB | 45 kB | 0.1/1.1 MB | 39/44 kB
Progress (4): 105 kB | 45 kB | 0.1/1.1 MB | 41/44 kB
Progress (4): 105 kB | 45 kB | 0.1/1.1 MB | 41/44 kB
Progress (4): 105 kB | 45 kB | 0.1/1.1 MB | 41/44 kB
Progress (4): 105 kB | 45 kB | 0.1/1.1 MB | 44 kB   
Progress (4): 105 kB | 45 kB | 0.1/1.1 MB | 44 kB
Progress (4): 105 kB | 45 kB | 0.1/1.1 MB | 44 kB
Progress (4): 105 kB | 45 kB | 0.1/1.1 MB | 44 kB
Progress (4): 105 kB | 45 kB | 0.1/1.1 MB | 44 kB
                                                 
Downloaded from apache.snapshots: https://repository.apache.org/content/repositories/snapshots/org/apache/directory/api/api-ldap-extras-codec-api/2.1.8-SNAPSHOT/api-ldap-extras-codec-api-2.1.8-20250806.194405-64.jar (105 kB at 63 kB/s)
Downloading from apache.snapshots: https://repository.apache.org/content/repositories/snapshots/org/apache/directory/api/api-util/2.1.8-SNAPSHOT/api-util-2.1.8-20250806.194405-64.jar
Downloaded from apache.snapshots: https://repository.apache.org/content/repositories/snapshots/org/apache/directory/api/api-asn1-ber/2.1.8-SNAPSHOT/api-asn1-ber-2.1.8-20250806.194405-64.jar (45 kB at 27 kB/s)
Downloaded from apache.snapshots: https://repository.apache.org/content/repositories/snapshots/org/apache/directory/server/apacheds-i18n/2.0.0.AM28-SNAPSHOT/apacheds-i18n-2.0.0.AM28-20260225.064705-95.jar (44 kB at 26 kB/s)
Progress (1): 0.1/1.1 MB
Progress (1): 0.1/1.1 MB
Progress (1): 0.1/1.1 MB
Progress (1): 0.1/1.1 MB
Progress (1): 0.1/1.1 MB
Progress (1): 0.1/1.1 MB
Progress (1): 0.1/1.1 MB
Progress (1): 0.1/1.1 MB
Progress (1): 0.1/1.1 MB
Progress (1): 0.1/1.1 MB
Progress (1): 0.1/1.1 MB
Progress (1): 0.2/1.1 MB
Progress (1): 0.2/1.1 MB
Progress (1): 0.2/1.1 MB
Progress (1): 0.2/1.1 MB
Progress (1): 0.2/1.1 MB
Progress (1): 0.2/1.1 MB
Progress (1): 0.2/1.1 MB
Progress (1): 0.2/1.1 MB
Progress (1): 0.2/1.1 MB
Progress (1): 0.2/1.1 MB
Progress (1): 0.2/1.1 MB
Progress (1): 0.2/1.1 MB
Progress (1): 0.2/1.1 MB
Progress (1): 0.2/1.1 MB
Progress (1): 0.2/1.1 MB
Progress (1): 0.2/1.1 MB
Progress (1): 0.2/1.1 MB
Progress (1): 0.2/1.1 MB
Progress (1): 0.3/1.1 MB
Progress (1): 0.3/1.1 MB
Progress (1): 0.3/1.1 MB
Progress (1): 0.3/1.1 MB
Progress (1): 0.3/1.1 MB
Progress (1): 0.3/1.1 MB
Progress (1): 0.3/1.1 MB
Progress (2): 0.3/1.1 MB | 7.5/668 kB
Progress (2): 0.3/1.1 MB | 8.2/668 kB
Progress (2): 0.3/1.1 MB | 16/668 kB 
Progress (2): 0.3/1.1 MB | 23/668 kB
Progress (2): 0.3/1.1 MB | 25/668 kB
Progress (2): 0.3/1.1 MB | 33/668 kB
Progress (2): 0.3/1.1 MB | 39/668 kB
Progress (2): 0.3/1.1 MB | 41/668 kB
Progress (2): 0.3/1.1 MB | 49/668 kB
Progress (2): 0.3/1.1 MB | 55/668 kB
Progress (2): 0.3/1.1 MB | 57/668 kB
Progress (2): 0.3/1.1 MB | 66/668 kB
Progress (2): 0.3/1.1 MB | 71/668 kB
Progress (2): 0.3/1.1 MB | 74/668 kB
Progress (2): 0.3/1.1 MB | 82/668 kB
Progress (2): 0.3/1.1 MB | 87/668 kB
Progress (2): 0.3/1.1 MB | 90/668 kB
Progress (2): 0.3/1.1 MB | 98/668 kB
Progress (3): 0.3/1.1 MB | 98/668 kB | 7.5/88 kB
Progress (3): 0.3/1.1 MB | 98/668 kB | 8.2/88 kB
Progress (3): 0.3/1.1 MB | 98/668 kB | 16/88 kB 
Progress (3): 0.3/1.1 MB | 98/668 kB | 23/88 kB
Progress (3): 0.3/1.1 MB | 98/668 kB | 25/88 kB
Progress (3): 0.3/1.1 MB | 98/668 kB | 33/88 kB
Progress (3): 0.3/1.1 MB | 98/668 kB | 39/88 kB
Progress (3): 0.3/1.1 MB | 98/668 kB | 41/88 kB
Progress (3): 0.3/1.1 MB | 98/668 kB | 49/88 kB
Progress (3): 0.3/1.1 MB | 98/668 kB | 55/88 kB
Progress (3): 0.3/1.1 MB | 98/668 kB | 57/88 kB
Progress (3): 0.3/1.1 MB | 98/668 kB | 66/88 kB
Progress (3): 0.3/1.1 MB | 98/668 kB | 71/88 kB
Progress (3): 0.3/1.1 MB | 98/668 kB | 74/88 kB
Progress (3): 0.3/1.1 MB | 98/668 kB | 82/88 kB
Progress (3): 0.3/1.1 MB | 98/668 kB | 87/88 kB
Progress (3): 0.3/1.1 MB | 98/668 kB | 88 kB   
                                            
Downloaded from apache.snapshots: https://repository.apache.org/content/repositories/snapshots/org/apache/directory/api/api-util/2.1.8-SNAPSHOT/api-util-2.1.8-20250806.194405-64.jar (88 kB at 48 kB/s)
Progress (2): 0.3/1.1 MB | 98/668 kB
Progress (2): 0.3/1.1 MB | 98/668 kB
Progress (2): 0.3/1.1 MB | 98/668 kB
Progress (2): 0.3/1.1 MB | 98/668 kB
Progress (2): 0.3/1.1 MB | 98/668 kB
Progress (2): 0.3/1.1 MB | 98/668 kB
Progress (2): 0.3/1.1 MB | 98/668 kB
Progress (2): 0.3/1.1 MB | 98/668 kB
Progress (2): 0.3/1.1 MB | 98/668 kB
Progress (2): 0.3/1.1 MB | 98/668 kB
Progress (2): 0.3/1.1 MB | 98/668 kB
Progress (2): 0.4/1.1 MB | 98/668 kB
Progress (2): 0.4/1.1 MB | 98/668 kB
Progress (2): 0.4/1.1 MB | 98/668 kB
Progress (2): 0.4/1.1 MB | 98/668 kB
Progress (2): 0.4/1.1 MB | 98/668 kB
Progress (2): 0.4/1.1 MB | 98/668 kB
Progress (2): 0.4/1.1 MB | 98/668 kB
Progress (2): 0.4/1.1 MB | 98/668 kB
Progress (2): 0.4/1.1 MB | 98/668 kB
Progress (2): 0.4/1.1 MB | 98/668 kB
Progress (2): 0.4/1.1 MB | 98/668 kB
Progress (2): 0.4/1.1 MB | 98/668 kB
Progress (2): 0.4/1.1 MB | 98/668 kB
Progress (2): 0.4/1.1 MB | 98/668 kB
Progress (2): 0.4/1.1 MB | 98/668 kB
Progress (2): 0.4/1.1 MB | 98/668 kB
Progress (2): 0.4/1.1 MB | 98/668 kB
Progress (2): 0.4/1.1 MB | 98/668 kB
Progress (2): 0.5/1.1 MB | 98/668 kB
Progress (2): 0.5/1.1 MB | 98/668 kB
Progress (2): 0.5/1.1 MB | 98/668 kB
Progress (2): 0.5/1.1 MB | 98/668 kB
Progress (2): 0.5/1.1 MB | 98/668 kB
Progress (2): 0.5/1.1 MB | 98/668 kB
Progress (2): 0.5/1.1 MB | 98/668 kB
Progress (2): 0.5/1.1 MB | 98/668 kB
Progress (2): 0.5/1.1 MB | 98/668 kB
Progress (2): 0.5/1.1 MB | 98/668 kB
Progress (2): 0.5/1.1 MB | 98/668 kB
Progress (2): 0.5/1.1 MB | 98/668 kB
Progress (2): 0.5/1.1 MB | 98/668 kB
Progress (2): 0.5/1.1 MB | 98/668 kB
Progress (2): 0.5/1.1 MB | 98/668 kB
Progress (2): 0.5/1.1 MB | 98/668 kB
Progress (2): 0.5/1.1 MB | 98/668 kB
Progress (2): 0.5/1.1 MB | 98/668 kB
Progress (2): 0.5/1.1 MB | 98/668 kB
Progress (2): 0.6/1.1 MB | 98/668 kB
Progress (2): 0.6/1.1 MB | 98/668 kB
Progress (2): 0.6/1.1 MB | 98/668 kB
Progress (2): 0.6/1.1 MB | 98/668 kB
Progress (2): 0.6/1.1 MB | 98/668 kB
Progress (2): 0.6/1.1 MB | 98/668 kB
Progress (2): 0.6/1.1 MB | 98/668 kB
Progress (2): 0.6/1.1 MB | 98/668 kB
Progress (2): 0.6/1.1 MB | 98/668 kB
Progress (2): 0.6/1.1 MB | 98/668 kB
Progress (2): 0.6/1.1 MB | 98/668 kB
Progress (2): 0.6/1.1 MB | 98/668 kB
Progress (2): 0.6/1.1 MB | 98/668 kB
Progress (2): 0.6/1.1 MB | 98/668 kB
Progress (2): 0.6/1.1 MB | 98/668 kB
Progress (2): 0.6/1.1 MB | 98/668 kB
Progress (2): 0.6/1.1 MB | 98/668 kB
Progress (2): 0.6/1.1 MB | 98/668 kB
Progress (2): 0.6/1.1 MB | 98/668 kB
Progress (2): 0.7/1.1 MB | 98/668 kB
Progress (2): 0.7/1.1 MB | 98/668 kB
Progress (2): 0.7/1.1 MB | 98/668 kB
Progress (2): 0.7/1.1 MB | 103/668 kB
Progress (2): 0.7/1.1 MB | 106/668 kB
Progress (2): 0.7/1.1 MB | 115/668 kB
Progress (2): 0.7/1.1 MB | 119/668 kB
Progress (2): 0.7/1.1 MB | 123/668 kB
Progress (2): 0.7/1.1 MB | 131/668 kB
Progress (2): 0.7/1.1 MB | 135/668 kB
Progress (2): 0.7/1.1 MB | 139/668 kB
Progress (2): 0.7/1.1 MB | 147/668 kB
Progress (2): 0.7/1.1 MB | 151/668 kB
Progress (2): 0.7/1.1 MB | 156/668 kB
Progress (2): 0.7/1.1 MB | 164/668 kB
Progress (2): 0.7/1.1 MB | 167/668 kB
Progress (2): 0.7/1.1 MB | 172/668 kB
Progress (2): 0.7/1.1 MB | 180/668 kB
Progress (2): 0.7/1.1 MB | 183/668 kB
Progress (2): 0.7/1.1 MB | 188/668 kB
Progress (2): 0.7/1.1 MB | 197/668 kB
Progress (2): 0.7/1.1 MB | 199/668 kB
Progress (2): 0.7/1.1 MB | 205/668 kB
Progress (2): 0.7/1.1 MB | 213/668 kB
Progress (2): 0.7/1.1 MB | 215/668 kB
Progress (2): 0.7/1.1 MB | 221/668 kB
Progress (2): 0.7/1.1 MB | 229/668 kB
Progress (2): 0.7/1.1 MB | 231/668 kB
Progress (2): 0.7/1.1 MB | 231/668 kB
Progress (2): 0.7/1.1 MB | 231/668 kB
Progress (2): 0.7/1.1 MB | 231/668 kB
Progress (2): 0.7/1.1 MB | 231/668 kB
Progress (2): 0.7/1.1 MB | 231/668 kB
Progress (2): 0.7/1.1 MB | 231/668 kB
Progress (2): 0.7/1.1 MB | 231/668 kB
Progress (2): 0.7/1.1 MB | 231/668 kB
Progress (2): 0.7/1.1 MB | 231/668 kB
Progress (2): 0.7/1.1 MB | 231/668 kB
Progress (2): 0.7/1.1 MB | 231/668 kB
Progress (2): 0.7/1.1 MB | 231/668 kB
Progress (2): 0.7/1.1 MB | 231/668 kB
Progress (2): 0.7/1.1 MB | 231/668 kB
Progress (2): 0.7/1.1 MB | 231/668 kB
Progress (2): 0.8/1.1 MB | 231/668 kB
Progress (2): 0.8/1.1 MB | 231/668 kB
Progress (2): 0.8/1.1 MB | 231/668 kB
Progress (2): 0.8/1.1 MB | 231/668 kB
Progress (2): 0.8/1.1 MB | 231/668 kB
Progress (2): 0.8/1.1 MB | 231/668 kB
Progress (2): 0.8/1.1 MB | 231/668 kB
Progress (2): 0.8/1.1 MB | 231/668 kB
Progress (2): 0.8/1.1 MB | 231/668 kB
Progress (2): 0.8/1.1 MB | 231/668 kB
Progress (2): 0.8/1.1 MB | 231/668 kB
Progress (2): 0.8/1.1 MB | 231/668 kB
Progress (2): 0.8/1.1 MB | 231/668 kB
Progress (2): 0.8/1.1 MB | 231/668 kB
Progress (2): 0.8/1.1 MB | 231/668 kB
Progress (2): 0.8/1.1 MB | 231/668 kB
Progress (2): 0.8/1.1 MB | 231/668 kB
Progress (2): 0.8/1.1 MB | 231/668 kB
Progress (2): 0.8/1.1 MB | 231/668 kB
Progress (2): 0.9/1.1 MB | 231/668 kB
Progress (2): 0.9/1.1 MB | 231/668 kB
Progress (2): 0.9/1.1 MB | 231/668 kB
Progress (2): 0.9/1.1 MB | 231/668 kB
Progress (2): 0.9/1.1 MB | 231/668 kB
Progress (2): 0.9/1.1 MB | 231/668 kB
Progress (2): 0.9/1.1 MB | 231/668 kB
Progress (2): 0.9/1.1 MB | 231/668 kB
Progress (2): 0.9/1.1 MB | 231/668 kB
Progress (2): 0.9/1.1 MB | 231/668 kB
Progress (2): 0.9/1.1 MB | 231/668 kB
Progress (2): 0.9/1.1 MB | 231/668 kB
Progress (2): 0.9/1.1 MB | 231/668 kB
Progress (2): 0.9/1.1 MB | 231/668 kB
Progress (2): 0.9/1.1 MB | 231/668 kB
Progress (2): 0.9/1.1 MB | 231/668 kB
Progress (2): 0.9/1.1 MB | 231/668 kB
Progress (2): 0.9/1.1 MB | 231/668 kB
Progress (2): 1.0/1.1 MB | 231/668 kB
Progress (2): 1.0/1.1 MB | 231/668 kB
Progress (2): 1.0/1.1 MB | 231/668 kB
Progress (2): 1.0/1.1 MB | 231/668 kB
Progress (2): 1.0/1.1 MB | 231/668 kB
Progress (2): 1.0/1.1 MB | 231/668 kB
Progress (2): 1.0/1.1 MB | 231/668 kB
Progress (2): 1.0/1.1 MB | 231/668 kB
Progress (2): 1.0/1.1 MB | 231/668 kB
Progress (2): 1.0/1.1 MB | 231/668 kB
Progress (2): 1.0/1.1 MB | 231/668 kB
Progress (2): 1.0/1.1 MB | 231/668 kB
Progress (2): 1.0/1.1 MB | 231/668 kB
Progress (2): 1.0/1.1 MB | 231/668 kB
Progress (2): 1.0/1.1 MB | 231/668 kB
Progress (2): 1.0/1.1 MB | 231/668 kB
Progress (2): 1.0/1.1 MB | 231/668 kB
Progress (2): 1.0/1.1 MB | 231/668 kB
Progress (2): 1.0/1.1 MB | 231/668 kB
Progress (2): 1.0/1.1 MB | 231/668 kB
Progress (2): 1.1/1.1 MB | 231/668 kB
Progress (2): 1.1/1.1 MB | 231/668 kB
Progress (2): 1.1/1.1 MB | 231/668 kB
Progress (2): 1.1 MB | 231/668 kB    
Progress (2): 1.1 MB | 238/668 kB
Progress (2): 1.1 MB | 246/668 kB
Progress (2): 1.1 MB | 247/668 kB
Progress (2): 1.1 MB | 254/668 kB
Progress (2): 1.1 MB | 262/668 kB
Progress (2): 1.1 MB | 263/668 kB
Progress (2): 1.1 MB | 270/668 kB
Progress (2): 1.1 MB | 279/668 kB
Progress (2): 1.1 MB | 279/668 kB
Progress (2): 1.1 MB | 287/668 kB
Progress (2): 1.1 MB | 295/668 kB
Progress (2): 1.1 MB | 295/668 kB
Progress (2): 1.1 MB | 303/668 kB
Progress (2): 1.1 MB | 311/668 kB
Progress (2): 1.1 MB | 311/668 kB
Progress (2): 1.1 MB | 319/668 kB
Progress (2): 1.1 MB | 319/668 kB
Progress (2): 1.1 MB | 328/668 kB
Progress (2): 1.1 MB | 335/668 kB
Progress (2): 1.1 MB | 336/668 kB
Progress (2): 1.1 MB | 344/668 kB
Progress (2): 1.1 MB | 351/668 kB
Progress (2): 1.1 MB | 352/668 kB
Progress (2): 1.1 MB | 360/668 kB
Progress (2): 1.1 MB | 367/668 kB
Progress (2): 1.1 MB | 369/668 kB
Progress (2): 1.1 MB | 377/668 kB
Progress (2): 1.1 MB | 383/668 kB
Progress (2): 1.1 MB | 385/668 kB
Progress (2): 1.1 MB | 393/668 kB
Progress (2): 1.1 MB | 399/668 kB
Progress (2): 1.1 MB | 401/668 kB
Progress (2): 1.1 MB | 410/668 kB
Progress (2): 1.1 MB | 415/668 kB
Progress (2): 1.1 MB | 418/668 kB
Progress (2): 1.1 MB | 426/668 kB
Progress (2): 1.1 MB | 431/668 kB
Progress (2): 1.1 MB | 434/668 kB
Progress (2): 1.1 MB | 442/668 kB
Progress (2): 1.1 MB | 447/668 kB
Progress (2): 1.1 MB | 451/668 kB
Progress (2): 1.1 MB | 459/668 kB
Progress (2): 1.1 MB | 463/668 kB
Progress (2): 1.1 MB | 467/668 kB
Progress (2): 1.1 MB | 475/668 kB
Progress (2): 1.1 MB | 479/668 kB
Progress (2): 1.1 MB | 483/668 kB
Progress (2): 1.1 MB | 492/668 kB
                                 
Downloaded from apache.snapshots: https://repository.apache.org/content/repositories/snapshots/org/apache/directory/api/api-ldap-model/2.1.8-SNAPSHOT/api-ldap-model-2.1.8-20250806.194405-64.jar (1.1 MB at 506 kB/s)
Progress (1): 495/668 kB
Progress (1): 500/668 kB
Progress (1): 508/668 kB
Progress (1): 511/668 kB
Progress (1): 516/668 kB
Progress (1): 524/668 kB
Progress (1): 527/668 kB
Progress (1): 532/668 kB
Progress (1): 541/668 kB
Progress (1): 543/668 kB
Progress (1): 549/668 kB
Progress (1): 557/668 kB
Progress (1): 559/668 kB
Progress (1): 565/668 kB
Progress (1): 573/668 kB
Progress (1): 575/668 kB
Progress (1): 582/668 kB
Progress (1): 590/668 kB
Progress (1): 598/668 kB
Progress (1): 606/668 kB
Progress (1): 606/668 kB
Progress (1): 614/668 kB
Progress (1): 622/668 kB
Progress (1): 623/668 kB
Progress (1): 631/668 kB
Progress (1): 639/668 kB
Progress (1): 639/668 kB
Progress (1): 647/668 kB
Progress (1): 655/668 kB
Progress (1): 655/668 kB
Progress (1): 664/668 kB
Progress (1): 668 kB    
                    
Downloaded from apache.snapshots: https://repository.apache.org/content/repositories/snapshots/org/apache/directory/api/api-ldap-schema-data/2.1.8-SNAPSHOT/api-ldap-schema-data-2.1.8-20250806.194405-64.jar (668 kB at 297 kB/s)
Downloading from central: https://repo1.maven.org/maven2/org/apache/commons/commons-pool2/2.13.1/commons-pool2-2.13.1.jar
Downloading from central: https://repo1.maven.org/maven2/org/apache/commons/commons-lang3/3.20.0/commons-lang3-3.20.0.jar
Downloading from central: https://repo1.maven.org/maven2/org/apache/mina/mina-core/2.2.5/mina-core-2.2.5.jar
Downloading from central: https://repo1.maven.org/maven2/org/apache/directory/jdbm/apacheds-jdbm1/2.0.0-M3/apacheds-jdbm1-2.0.0-M3.jar
Downloading from central: https://repo1.maven.org/maven2/org/apache/servicemix/bundles/org.apache.servicemix.bundles.antlr/2.7.7_5/org.apache.servicemix.bundles.antlr-2.7.7_5.jar
Progress (1): 7.7/714 kB
Progress (2): 7.7/714 kB | 7.7/156 kB
Progress (2): 7.7/714 kB | 12/156 kB 
Progress (2): 7.7/714 kB | 29/156 kB
Progress (2): 7.7/714 kB | 45/156 kB
Progress (2): 7.7/714 kB | 61/156 kB
Progress (2): 7.7/714 kB | 78/156 kB
Progress (2): 7.7/714 kB | 94/156 kB
Progress (2): 7.7/714 kB | 111/156 kB
Progress (2): 7.7/714 kB | 127/156 kB
Progress (2): 7.7/714 kB | 143/156 kB
Progress (2): 7.7/714 kB | 156 kB    
Progress (2): 12/714 kB | 156 kB 
Progress (2): 29/714 kB | 156 kB
Progress (2): 45/714 kB | 156 kB
Progress (3): 45/714 kB | 156 kB | 7.7/454 kB
Progress (3): 61/714 kB | 156 kB | 7.7/454 kB
Progress (3): 61/714 kB | 156 kB | 16/454 kB 
Progress (3): 78/714 kB | 156 kB | 16/454 kB
Progress (3): 78/714 kB | 156 kB | 29/454 kB
Progress (3): 94/714 kB | 156 kB | 29/454 kB
Progress (3): 94/714 kB | 156 kB | 45/454 kB
Progress (3): 111/714 kB | 156 kB | 45/454 kB
Progress (3): 127/714 kB | 156 kB | 45/454 kB
Progress (3): 127/714 kB | 156 kB | 61/454 kB
Progress (4): 127/714 kB | 156 kB | 61/454 kB | 7.7/709 kB
Progress (5): 127/714 kB | 156 kB | 61/454 kB | 7.7/709 kB | 7.7/105 kB
Progress (5): 143/714 kB | 156 kB | 61/454 kB | 7.7/709 kB | 7.7/105 kB
Progress (5): 143/714 kB | 156 kB | 78/454 kB | 7.7/709 kB | 7.7/105 kB
Progress (5): 143/714 kB | 156 kB | 78/454 kB | 16/709 kB | 7.7/105 kB 
Progress (5): 160/714 kB | 156 kB | 78/454 kB | 16/709 kB | 7.7/105 kB
Progress (5): 160/714 kB | 156 kB | 78/454 kB | 25/709 kB | 7.7/105 kB
Progress (5): 160/714 kB | 156 kB | 94/454 kB | 25/709 kB | 7.7/105 kB
Progress (5): 176/714 kB | 156 kB | 94/454 kB | 25/709 kB | 7.7/105 kB
Progress (5): 176/714 kB | 156 kB | 111/454 kB | 25/709 kB | 7.7/105 kB
Progress (5): 176/714 kB | 156 kB | 111/454 kB | 41/709 kB | 7.7/105 kB
Progress (5): 193/714 kB | 156 kB | 111/454 kB | 41/709 kB | 7.7/105 kB
Progress (5): 197/714 kB | 156 kB | 111/454 kB | 41/709 kB | 7.7/105 kB
Progress (5): 197/714 kB | 156 kB | 127/454 kB | 41/709 kB | 7.7/105 kB
Progress (5): 197/714 kB | 156 kB | 127/454 kB | 57/709 kB | 7.7/105 kB
Progress (5): 213/714 kB | 156 kB | 127/454 kB | 57/709 kB | 7.7/105 kB
Progress (5): 213/714 kB | 156 kB | 127/454 kB | 74/709 kB | 7.7/105 kB
Progress (5): 213/714 kB | 156 kB | 143/454 kB | 74/709 kB | 7.7/105 kB
Progress (5): 229/714 kB | 156 kB | 143/454 kB | 74/709 kB | 7.7/105 kB
Progress (5): 229/714 kB | 156 kB | 143/454 kB | 90/709 kB | 7.7/105 kB
Progress (5): 229/714 kB | 156 kB | 160/454 kB | 90/709 kB | 7.7/105 kB
Progress (5): 246/714 kB | 156 kB | 160/454 kB | 90/709 kB | 7.7/105 kB
Progress (5): 246/714 kB | 156 kB | 160/454 kB | 106/709 kB | 7.7/105 kB
Progress (5): 262/714 kB | 156 kB | 160/454 kB | 106/709 kB | 7.7/105 kB
Progress (5): 262/714 kB | 156 kB | 176/454 kB | 106/709 kB | 7.7/105 kB
Progress (5): 262/714 kB | 156 kB | 176/454 kB | 123/709 kB | 7.7/105 kB
Progress (5): 279/714 kB | 156 kB | 176/454 kB | 123/709 kB | 7.7/105 kB
Progress (5): 279/714 kB | 156 kB | 193/454 kB | 123/709 kB | 7.7/105 kB
Progress (5): 295/714 kB | 156 kB | 193/454 kB | 123/709 kB | 7.7/105 kB
Progress (5): 295/714 kB | 156 kB | 193/454 kB | 139/709 kB | 7.7/105 kB
Progress (5): 295/714 kB | 156 kB | 209/454 kB | 139/709 kB | 7.7/105 kB
Progress (5): 311/714 kB | 156 kB | 209/454 kB | 139/709 kB | 7.7/105 kB
Progress (5): 311/714 kB | 156 kB | 213/454 kB | 139/709 kB | 7.7/105 kB
Progress (5): 328/714 kB | 156 kB | 213/454 kB | 139/709 kB | 7.7/105 kB
Progress (5): 328/714 kB | 156 kB | 229/454 kB | 139/709 kB | 7.7/105 kB
Progress (5): 344/714 kB | 156 kB | 229/454 kB | 139/709 kB | 7.7/105 kB
Progress (5): 344/714 kB | 156 kB | 246/454 kB | 139/709 kB | 7.7/105 kB
Progress (5): 360/714 kB | 156 kB | 246/454 kB | 139/709 kB | 7.7/105 kB
Progress (5): 360/714 kB | 156 kB | 262/454 kB | 139/709 kB | 7.7/105 kB
Progress (5): 377/714 kB | 156 kB | 262/454 kB | 139/709 kB | 7.7/105 kB
Progress (5): 377/714 kB | 156 kB | 279/454 kB | 139/709 kB | 7.7/105 kB
Progress (5): 393/714 kB | 156 kB | 279/454 kB | 139/709 kB | 7.7/105 kB
Progress (5): 393/714 kB | 156 kB | 295/454 kB | 139/709 kB | 7.7/105 kB
Progress (5): 393/714 kB | 156 kB | 295/454 kB | 156/709 kB | 7.7/105 kB
Progress (5): 393/714 kB | 156 kB | 311/454 kB | 156/709 kB | 7.7/105 kB
Progress (5): 410/714 kB | 156 kB | 311/454 kB | 156/709 kB | 7.7/105 kB
Progress (5): 410/714 kB | 156 kB | 328/454 kB | 156/709 kB | 7.7/105 kB
Progress (5): 426/714 kB | 156 kB | 328/454 kB | 156/709 kB | 7.7/105 kB
Progress (5): 426/714 kB | 156 kB | 344/454 kB | 156/709 kB | 7.7/105 kB
Progress (5): 442/714 kB | 156 kB | 344/454 kB | 156/709 kB | 7.7/105 kB
Progress (5): 442/714 kB | 156 kB | 360/454 kB | 156/709 kB | 7.7/105 kB
Progress (5): 459/714 kB | 156 kB | 360/454 kB | 156/709 kB | 7.7/105 kB
Progress (5): 459/714 kB | 156 kB | 377/454 kB | 156/709 kB | 7.7/105 kB
Progress (5): 475/714 kB | 156 kB | 377/454 kB | 156/709 kB | 7.7/105 kB
Progress (5): 475/714 kB | 156 kB | 393/454 kB | 156/709 kB | 7.7/105 kB
Progress (5): 492/714 kB | 156 kB | 393/454 kB | 156/709 kB | 7.7/105 kB
Progress (5): 508/714 kB | 156 kB | 393/454 kB | 156/709 kB | 7.7/105 kB
Progress (5): 508/714 kB | 156 kB | 410/454 kB | 156/709 kB | 7.7/105 kB
Progress (5): 524/714 kB | 156 kB | 410/454 kB | 156/709 kB | 7.7/105 kB
Progress (5): 524/714 kB | 156 kB | 410/454 kB | 172/709 kB | 7.7/105 kB
Progress (5): 524/714 kB | 156 kB | 426/454 kB | 172/709 kB | 7.7/105 kB
Progress (5): 541/714 kB | 156 kB | 426/454 kB | 172/709 kB | 7.7/105 kB
Progress (5): 541/714 kB | 156 kB | 442/454 kB | 172/709 kB | 7.7/105 kB
Progress (5): 557/714 kB | 156 kB | 442/454 kB | 172/709 kB | 7.7/105 kB
Progress (5): 557/714 kB | 156 kB | 454 kB | 172/709 kB | 7.7/105 kB    
Progress (5): 573/714 kB | 156 kB | 454 kB | 172/709 kB | 7.7/105 kB
Progress (5): 573/714 kB | 156 kB | 454 kB | 188/709 kB | 7.7/105 kB
Progress (5): 590/714 kB | 156 kB | 454 kB | 188/709 kB | 7.7/105 kB
Progress (5): 606/714 kB | 156 kB | 454 kB | 188/709 kB | 7.7/105 kB
Progress (5): 623/714 kB | 156 kB | 454 kB | 188/709 kB | 7.7/105 kB
Progress (5): 623/714 kB | 156 kB | 454 kB | 205/709 kB | 7.7/105 kB
Progress (5): 623/714 kB | 156 kB | 454 kB | 221/709 kB | 7.7/105 kB
Progress (5): 623/714 kB | 156 kB | 454 kB | 238/709 kB | 7.7/105 kB
Progress (5): 623/714 kB | 156 kB | 454 kB | 238/709 kB | 8.2/105 kB
Progress (5): 623/714 kB | 156 kB | 454 kB | 254/709 kB | 8.2/105 kB
Progress (5): 623/714 kB | 156 kB | 454 kB | 270/709 kB | 8.2/105 kB
Progress (5): 639/714 kB | 156 kB | 454 kB | 270/709 kB | 8.2/105 kB
Progress (5): 655/714 kB | 156 kB | 454 kB | 270/709 kB | 8.2/105 kB
Progress (5): 672/714 kB | 156 kB | 454 kB | 270/709 kB | 8.2/105 kB
Progress (5): 672/714 kB | 156 kB | 454 kB | 287/709 kB | 8.2/105 kB
Progress (5): 688/714 kB | 156 kB | 454 kB | 287/709 kB | 8.2/105 kB
Progress (5): 705/714 kB | 156 kB | 454 kB | 287/709 kB | 8.2/105 kB
Progress (5): 705/714 kB | 156 kB | 454 kB | 303/709 kB | 8.2/105 kB
Progress (5): 714 kB | 156 kB | 454 kB | 303/709 kB | 8.2/105 kB    
Progress (5): 714 kB | 156 kB | 454 kB | 303/709 kB | 25/105 kB 
Progress (5): 714 kB | 156 kB | 454 kB | 303/709 kB | 41/105 kB
Progress (5): 714 kB | 156 kB | 454 kB | 319/709 kB | 41/105 kB
Progress (5): 714 kB | 156 kB | 454 kB | 319/709 kB | 57/105 kB
Progress (5): 714 kB | 156 kB | 454 kB | 319/709 kB | 74/105 kB
Progress (5): 714 kB | 156 kB | 454 kB | 319/709 kB | 90/105 kB
Progress (5): 714 kB | 156 kB | 454 kB | 319/709 kB | 105 kB   
Progress (5): 714 kB | 156 kB | 454 kB | 336/709 kB | 105 kB
Progress (5): 714 kB | 156 kB | 454 kB | 352/709 kB | 105 kB
Progress (5): 714 kB | 156 kB | 454 kB | 369/709 kB | 105 kB
Progress (5): 714 kB | 156 kB | 454 kB | 385/709 kB | 105 kB
Progress (5): 714 kB | 156 kB | 454 kB | 401/709 kB | 105 kB
Progress (5): 714 kB | 156 kB | 454 kB | 418/709 kB | 105 kB
Progress (5): 714 kB | 156 kB | 454 kB | 434/709 kB | 105 kB
Progress (5): 714 kB | 156 kB | 454 kB | 451/709 kB | 105 kB
Progress (5): 714 kB | 156 kB | 454 kB | 467/709 kB | 105 kB
Progress (5): 714 kB | 156 kB | 454 kB | 483/709 kB | 105 kB
Progress (5): 714 kB | 156 kB | 454 kB | 500/709 kB | 105 kB
Progress (5): 714 kB | 156 kB | 454 kB | 516/709 kB | 105 kB
Progress (5): 714 kB | 156 kB | 454 kB | 532/709 kB | 105 kB
Progress (5): 714 kB | 156 kB | 454 kB | 549/709 kB | 105 kB
Progress (5): 714 kB | 156 kB | 454 kB | 565/709 kB | 105 kB
Progress (5): 714 kB | 156 kB | 454 kB | 582/709 kB | 105 kB
Progress (5): 714 kB | 156 kB | 454 kB | 598/709 kB | 105 kB
Progress (5): 714 kB | 156 kB | 454 kB | 614/709 kB | 105 kB
Progress (5): 714 kB | 156 kB | 454 kB | 631/709 kB | 105 kB
Progress (5): 714 kB | 156 kB | 454 kB | 647/709 kB | 105 kB
Progress (5): 714 kB | 156 kB | 454 kB | 664/709 kB | 105 kB
Progress (5): 714 kB | 156 kB | 454 kB | 680/709 kB | 105 kB
Progress (5): 714 kB | 156 kB | 454 kB | 696/709 kB | 105 kB
Progress (5): 714 kB | 156 kB | 454 kB | 709 kB | 105 kB    
                                                        
Downloaded from central: https://repo1.maven.org/maven2/org/apache/commons/commons-pool2/2.13.1/commons-pool2-2.13.1.jar (156 kB at 2.1 MB/s)
Downloading from central: https://repo1.maven.org/maven2/org/apache/commons/commons-collections4/4.5.0/commons-collections4-4.5.0.jar
Downloaded from central: https://repo1.maven.org/maven2/org/apache/servicemix/bundles/org.apache.servicemix.bundles.antlr/2.7.7_5/org.apache.servicemix.bundles.antlr-2.7.7_5.jar (454 kB at 5.3 MB/s)
Downloading from central: https://repo1.maven.org/maven2/org/apache/commons/commons-text/1.13.1/commons-text-1.13.1.jar
Downloaded from central: https://repo1.maven.org/maven2/org/apache/directory/jdbm/apacheds-jdbm1/2.0.0-M3/apacheds-jdbm1-2.0.0-M3.jar (105 kB at 1.2 MB/s)
Downloading from central: https://repo1.maven.org/maven2/org/slf4j/slf4j-reload4j/1.7.36/slf4j-reload4j-1.7.36.jar
Downloaded from central: https://repo1.maven.org/maven2/org/apache/commons/commons-lang3/3.20.0/commons-lang3-3.20.0.jar (714 kB at 7.9 MB/s)
Downloading from central: https://repo1.maven.org/maven2/org/hamcrest/hamcrest-library/3.0/hamcrest-library-3.0.jar
Downloaded from central: https://repo1.maven.org/maven2/org/apache/mina/mina-core/2.2.5/mina-core-2.2.5.jar (709 kB at 6.7 MB/s)
Downloading from central: https://repo1.maven.org/maven2/org/hamcrest/hamcrest-core/3.0/hamcrest-core-3.0.jar
Progress (1): 7.7/899 kB
Progress (1): 16/899 kB 
Progress (1): 25/899 kB
Progress (1): 41/899 kB
Progress (1): 57/899 kB
Progress (1): 66/899 kB
Progress (1): 82/899 kB
Progress (1): 98/899 kB
Progress (1): 115/899 kB
Progress (1): 131/899 kB
Progress (1): 147/899 kB
Progress (1): 164/899 kB
Progress (1): 180/899 kB
Progress (1): 197/899 kB
Progress (1): 213/899 kB
Progress (1): 229/899 kB
Progress (1): 246/899 kB
Progress (1): 262/899 kB
Progress (1): 279/899 kB
Progress (1): 295/899 kB
Progress (1): 311/899 kB
Progress (1): 328/899 kB
Progress (1): 344/899 kB
Progress (1): 360/899 kB
Progress (1): 377/899 kB
Progress (1): 393/899 kB
Progress (1): 410/899 kB
Progress (1): 426/899 kB
Progress (1): 442/899 kB
Progress (1): 459/899 kB
Progress (1): 475/899 kB
Progress (1): 492/899 kB
Progress (1): 508/899 kB
Progress (1): 524/899 kB
Progress (1): 541/899 kB
Progress (1): 557/899 kB
Progress (1): 573/899 kB
Progress (1): 590/899 kB
Progress (1): 606/899 kB
Progress (1): 623/899 kB
Progress (1): 639/899 kB
Progress (1): 655/899 kB
Progress (1): 672/899 kB
Progress (1): 680/899 kB
Progress (1): 688/899 kB
Progress (1): 705/899 kB
Progress (1): 721/899 kB
Progress (1): 737/899 kB
Progress (1): 754/899 kB
Progress (1): 770/899 kB
Progress (1): 786/899 kB
Progress (1): 803/899 kB
Progress (1): 811/899 kB
Progress (1): 819/899 kB
Progress (1): 836/899 kB
Progress (1): 852/899 kB
Progress (1): 868/899 kB
Progress (1): 885/899 kB
Progress (1): 899 kB    
Progress (2): 899 kB | 7.7/259 kB
Progress (3): 899 kB | 7.7/259 kB | 2.4 kB
Progress (4): 899 kB | 7.7/259 kB | 2.4 kB | 7.7/9.8 kB
Progress (4): 899 kB | 12/259 kB | 2.4 kB | 7.7/9.8 kB 
Progress (4): 899 kB | 28/259 kB | 2.4 kB | 7.7/9.8 kB
Progress (4): 899 kB | 44/259 kB | 2.4 kB | 7.7/9.8 kB
Progress (4): 899 kB | 61/259 kB | 2.4 kB | 7.7/9.8 kB
Progress (4): 899 kB | 77/259 kB | 2.4 kB | 7.7/9.8 kB
Progress (4): 899 kB | 94/259 kB | 2.4 kB | 7.7/9.8 kB
Progress (4): 899 kB | 110/259 kB | 2.4 kB | 7.7/9.8 kB
Progress (4): 899 kB | 126/259 kB | 2.4 kB | 7.7/9.8 kB
Progress (4): 899 kB | 134/259 kB | 2.4 kB | 7.7/9.8 kB
Progress (4): 899 kB | 151/259 kB | 2.4 kB | 7.7/9.8 kB
Progress (4): 899 kB | 167/259 kB | 2.4 kB | 7.7/9.8 kB
Progress (4): 899 kB | 184/259 kB | 2.4 kB | 7.7/9.8 kB
Progress (4): 899 kB | 200/259 kB | 2.4 kB | 7.7/9.8 kB
Progress (4): 899 kB | 216/259 kB | 2.4 kB | 7.7/9.8 kB
Progress (4): 899 kB | 233/259 kB | 2.4 kB | 7.7/9.8 kB
Progress (4): 899 kB | 249/259 kB | 2.4 kB | 7.7/9.8 kB
Progress (4): 899 kB | 259 kB | 2.4 kB | 7.7/9.8 kB    
Progress (4): 899 kB | 259 kB | 2.4 kB | 9.8 kB    
Progress (5): 899 kB | 259 kB | 2.4 kB | 9.8 kB | 2.4 kB
                                                        
Downloaded from central: https://repo1.maven.org/maven2/org/apache/commons/commons-collections4/4.5.0/commons-collections4-4.5.0.jar (899 kB at 4.8 MB/s)
Downloading from central: https://repo1.maven.org/maven2/org/hamcrest/hamcrest/3.0/hamcrest-3.0.jar
Downloaded from central: https://repo1.maven.org/maven2/org/hamcrest/hamcrest-library/3.0/hamcrest-library-3.0.jar (2.4 kB at 12 kB/s)
Downloaded from central: https://repo1.maven.org/maven2/org/apache/commons/commons-text/1.13.1/commons-text-1.13.1.jar (259 kB at 1.3 MB/s)
Downloaded from central: https://repo1.maven.org/maven2/org/slf4j/slf4j-reload4j/1.7.36/slf4j-reload4j-1.7.36.jar (9.8 kB at 50 kB/s)
Downloaded from central: https://repo1.maven.org/maven2/org/hamcrest/hamcrest-core/3.0/hamcrest-core-3.0.jar (2.4 kB at 12 kB/s)
Progress (1): 7.7/126 kB
Progress (1): 16/126 kB 
Progress (1): 25/126 kB
Progress (1): 41/126 kB
Progress (1): 57/126 kB
Progress (1): 74/126 kB
Progress (1): 90/126 kB
Progress (1): 106/126 kB
Progress (1): 123/126 kB
Progress (1): 126 kB    
                    
Downloaded from central: https://repo1.maven.org/maven2/org/hamcrest/hamcrest/3.0/hamcrest-3.0.jar (126 kB at 520 kB/s)
[INFO] 
[INFO] --- enforcer:3.5.0:enforce (enforce-maven-version) @ apacheds-xdbm-partition ---
Downloading from central: https://repo1.maven.org/maven2/org/apache/maven/enforcer/enforcer-api/3.5.0/enforcer-api-3.5.0.pom
Progress (1): 834 B
Progress (1): 2.6 kB
Progress (1): 3.8 kB
                    
Downloaded from central: https://repo1.maven.org/maven2/org/apache/maven/enforcer/enforcer-api/3.5.0/enforcer-api-3.5.0.pom (3.8 kB at 55 kB/s)
Downloading from central: https://repo1.maven.org/maven2/org/apache/maven/enforcer/enforcer-rules/3.5.0/enforcer-rules-3.5.0.pom
Progress (1): 853 B
Progress (1): 4.2 kB
Progress (1): 5.4 kB
                    
Downloaded from central: https://repo1.maven.org/maven2/org/apache/maven/enforcer/enforcer-rules/3.5.0/enforcer-rules-3.5.0.pom (5.4 kB at 116 kB/s)
Downloading from central: https://repo1.maven.org/maven2/org/apache/commons/commons-parent/69/commons-parent-69.pom
Progress (1): 708 B
Progress (1): 1.9 kB
Progress (1): 3.1 kB
Progress (1): 4.7 kB
Progress (1): 6.4 kB
Progress (1): 8.4 kB
Progress (1): 10 kB 
Progress (1): 13 kB
Progress (1): 14 kB
Progress (1): 17 kB
Progress (1): 19 kB
Progress (1): 22 kB
Progress (1): 25 kB
Progress (1): 28 kB
Progress (1): 31 kB
Progress (1): 31 kB
Progress (1): 35 kB
Progress (1): 40 kB
Progress (1): 43 kB
Progress (1): 45 kB
Progress (1): 48 kB
Progress (1): 51 kB
Progress (1): 55 kB
Progress (1): 57 kB
Progress (1): 59 kB
Progress (1): 63 kB
Progress (1): 67 kB
Progress (1): 70 kB
Progress (1): 73 kB
Progress (1): 75 kB
Progress (1): 77 kB
                   
Downloaded from central: https://repo1.maven.org/maven2/org/apache/commons/commons-parent/69/commons-parent-69.pom (77 kB at 1.1 MB/s)
Downloading from central: https://repo1.maven.org/maven2/org/apache/maven/enforcer/enforcer-api/3.5.0/enforcer-api-3.5.0.jar
Downloading from central: https://repo1.maven.org/maven2/org/apache/maven/enforcer/enforcer-rules/3.5.0/enforcer-rules-3.5.0.jar
Progress (1): 7.7/147 kB
Progress (2): 7.7/147 kB | 7.7/15 kB
Progress (2): 8.2/147 kB | 7.7/15 kB
Progress (2): 8.2/147 kB | 8.2/15 kB
Progress (2): 8.2/147 kB | 15 kB    
Progress (2): 25/147 kB | 15 kB 
Progress (2): 41/147 kB | 15 kB
Progress (2): 57/147 kB | 15 kB
Progress (2): 74/147 kB | 15 kB
Progress (2): 90/147 kB | 15 kB
Progress (2): 106/147 kB | 15 kB
Progress (2): 123/147 kB | 15 kB
Progress (2): 139/147 kB | 15 kB
Progress (2): 147 kB | 15 kB    
                            
Downloaded from central: https://repo1.maven.org/maven2/org/apache/maven/enforcer/enforcer-api/3.5.0/enforcer-api-3.5.0.jar (15 kB at 274 kB/s)
Downloaded from central: https://repo1.maven.org/maven2/org/apache/maven/enforcer/enforcer-rules/3.5.0/enforcer-rules-3.5.0.jar (147 kB at 2.5 MB/s)
[INFO] Rule 0: org.apache.maven.enforcer.rules.version.RequireMavenVersion passed
[INFO] 
[INFO] --- enforcer:3.5.0:enforce (enforce-java-version) @ apacheds-xdbm-partition ---
[INFO] Rule 0: org.apache.maven.enforcer.rules.version.RequireJavaVersion passed
[INFO] 
[INFO] --- checkstyle:3.6.0:check (validate) @ apacheds-xdbm-partition ---
Downloading from central: https://repo1.maven.org/maven2/com/google/guava/guava/33.4.0-jre/guava-33.4.0-jre.pom
Progress (1): 953 B
Progress (1): 3.0 kB
Progress (1): 4.9 kB
Progress (1): 6.6 kB
Progress (1): 8.8 kB
                    
Downloaded from central: https://repo1.maven.org/maven2/com/google/guava/guava/33.4.0-jre/guava-33.4.0-jre.pom (8.8 kB at 102 kB/s)
Downloading from central: https://repo1.maven.org/maven2/com/google/guava/guava-parent/33.4.0-jre/guava-parent-33.4.0-jre.pom
Progress (1): 818 B
Progress (1): 2.4 kB
Progress (1): 4.2 kB
Progress (1): 5.9 kB
Progress (1): 8.2 kB
Progress (1): 11 kB 
Progress (1): 14 kB
Progress (1): 16 kB
Progress (1): 19 kB
Progress (1): 20 kB
Progress (1): 21 kB
                   
Downloaded from central: https://repo1.maven.org/maven2/com/google/guava/guava-parent/33.4.0-jre/guava-parent-33.4.0-jre.pom (21 kB at 358 kB/s)
Downloading from central: https://repo1.maven.org/maven2/com/google/guava/failureaccess/1.0.2/failureaccess-1.0.2.pom
Progress (1): 975 B
Progress (1): 3.3 kB
                    
Downloaded from central: https://repo1.maven.org/maven2/com/google/guava/failureaccess/1.0.2/failureaccess-1.0.2.pom (3.3 kB at 24 kB/s)
Downloading from central: https://repo1.maven.org/maven2/com/google/errorprone/error_prone_annotations/2.36.0/error_prone_annotations-2.36.0.pom
Progress (1): 759 B
Progress (1): 2.7 kB
Progress (1): 4.3 kB
                    
Downloaded from central: https://repo1.maven.org/maven2/com/google/errorprone/error_prone_annotations/2.36.0/error_prone_annotations-2.36.0.pom (4.3 kB at 45 kB/s)
Downloading from central: https://repo1.maven.org/maven2/com/google/errorprone/error_prone_parent/2.36.0/error_prone_parent-2.36.0.pom
Progress (1): 728 B
Progress (1): 2.1 kB
Progress (1): 4.1 kB
Progress (1): 6.4 kB
Progress (1): 11 kB 
Progress (1): 14 kB
Progress (1): 16 kB
                   
Downloaded from central: https://repo1.maven.org/maven2/com/google/errorprone/error_prone_parent/2.36.0/error_prone_parent-2.36.0.pom (16 kB at 266 kB/s)
Downloading from central: https://repo1.maven.org/maven2/com/google/j2objc/j2objc-annotations/3.0.0/j2objc-annotations-3.0.0.pom
Progress (1): 827 B
Progress (1): 2.5 kB
Progress (1): 5.1 kB
                    
Downloaded from central: https://repo1.maven.org/maven2/com/google/j2objc/j2objc-annotations/3.0.0/j2objc-annotations-3.0.0.pom (5.1 kB at 87 kB/s)
Downloading from central: https://repo1.maven.org/maven2/org/apache/httpcomponents/client5/httpclient5/5.1.3/httpclient5-5.1.3.pom
Progress (1): 869 B
Progress (1): 3.1 kB
Progress (1): 5.4 kB
Progress (1): 5.8 kB
                    
Downloaded from central: https://repo1.maven.org/maven2/org/apache/httpcomponents/client5/httpclient5/5.1.3/httpclient5-5.1.3.pom (5.8 kB at 101 kB/s)
Downloading from central: https://repo1.maven.org/maven2/org/apache/httpcomponents/client5/httpclient5-parent/5.1.3/httpclient5-parent-5.1.3.pom
Progress (1): 843 B
Progress (1): 2.2 kB
Progress (1): 5.5 kB
Progress (1): 9.2 kB
Progress (1): 13 kB 
Progress (1): 14 kB
                   
Downloaded from central: https://repo1.maven.org/maven2/org/apache/httpcomponents/client5/httpclient5-parent/5.1.3/httpclient5-parent-5.1.3.pom (14 kB at 250 kB/s)
Downloading from central: https://repo1.maven.org/maven2/org/apache/httpcomponents/httpcomponents-parent/12/httpcomponents-parent-12.pom
Progress (1): 811 B
Progress (1): 2.2 kB
Progress (1): 3.9 kB
Progress (1): 5.6 kB
Progress (1): 6.7 kB
Progress (1): 8.7 kB
Progress (1): 13 kB 
Progress (1): 15 kB
Progress (1): 18 kB
Progress (1): 22 kB
Progress (1): 24 kB
Progress (1): 28 kB
Progress (1): 31 kB
Progress (1): 32 kB
                   
Downloaded from central: https://repo1.maven.org/maven2/org/apache/httpcomponents/httpcomponents-parent/12/httpcomponents-parent-12.pom (32 kB at 425 kB/s)
Downloading from central: https://repo1.maven.org/maven2/org/apache/httpcomponents/core5/httpcore5/5.1.3/httpcore5-5.1.3.pom
Progress (1): 884 B
Progress (1): 2.8 kB
Progress (1): 3.8 kB
                    
Downloaded from central: https://repo1.maven.org/maven2/org/apache/httpcomponents/core5/httpcore5/5.1.3/httpcore5-5.1.3.pom (3.8 kB at 52 kB/s)
Downloading from central: https://repo1.maven.org/maven2/org/apache/httpcomponents/core5/httpcore5-parent/5.1.3/httpcore5-parent-5.1.3.pom
Progress (1): 847 B
Progress (1): 2.2 kB
Progress (1): 4.5 kB
Progress (1): 7.2 kB
Progress (1): 10 kB 
                   
Downloaded from central: https://repo1.maven.org/maven2/org/apache/httpcomponents/core5/httpcore5-parent/5.1.3/httpcore5-parent-5.1.3.pom (10 kB at 94 kB/s)
Downloading from central: https://repo1.maven.org/maven2/org/apache/httpcomponents/core5/httpcore5-h2/5.1.3/httpcore5-h2-5.1.3.pom
Progress (1): 884 B
Progress (1): 3.0 kB
Progress (1): 3.5 kB
                    
Downloaded from central: https://repo1.maven.org/maven2/org/apache/httpcomponents/core5/httpcore5-h2/5.1.3/httpcore5-h2-5.1.3.pom (3.5 kB at 52 kB/s)
Downloading from central: https://repo1.maven.org/maven2/org/apache/maven/doxia/doxia-core/1.12.0/doxia-core-1.12.0.pom
Progress (1): 802 B
Progress (1): 3.2 kB
Progress (1): 4.4 kB
                    
Downloaded from central: https://repo1.maven.org/maven2/org/apache/maven/doxia/doxia-core/1.12.0/doxia-core-1.12.0.pom (4.4 kB at 86 kB/s)
Downloading from central: https://repo1.maven.org/maven2/org/apache/maven/doxia/doxia/1.12.0/doxia-1.12.0.pom
Progress (1): 756 B
Progress (1): 2.2 kB
Progress (1): 3.8 kB
Progress (1): 8.9 kB
Progress (1): 12 kB 
Progress (1): 15 kB
Progress (1): 18 kB
                   
Downloaded from central: https://repo1.maven.org/maven2/org/apache/maven/doxia/doxia/1.12.0/doxia-1.12.0.pom (18 kB at 270 kB/s)
Downloading from central: https://repo1.maven.org/maven2/org/apache/maven/doxia/doxia-sink-api/1.12.0/doxia-sink-api-1.12.0.pom
Progress (1): 833 B
Progress (1): 1.5 kB
                    
Downloaded from central: https://repo1.maven.org/maven2/org/apache/maven/doxia/doxia-sink-api/1.12.0/doxia-sink-api-1.12.0.pom (1.5 kB at 25 kB/s)
Downloading from central: https://repo1.maven.org/maven2/org/apache/maven/doxia/doxia-logging-api/1.12.0/doxia-logging-api-1.12.0.pom
Progress (1): 845 B
Progress (1): 1.5 kB
                    
Downloaded from central: https://repo1.maven.org/maven2/org/apache/maven/doxia/doxia-logging-api/1.12.0/doxia-logging-api-1.12.0.pom (1.5 kB at 25 kB/s)
Downloading from central: https://repo1.maven.org/maven2/org/apache/maven/doxia/doxia-module-xdoc/1.12.0/doxia-module-xdoc-1.12.0.pom
Progress (1): 802 B
Progress (1): 2.5 kB
Progress (1): 4.3 kB
                    
Downloaded from central: https://repo1.maven.org/maven2/org/apache/maven/doxia/doxia-module-xdoc/1.12.0/doxia-module-xdoc-1.12.0.pom (4.3 kB at 72 kB/s)
Downloading from central: https://repo1.maven.org/maven2/org/apache/maven/doxia/doxia-modules/1.12.0/doxia-modules-1.12.0.pom
Progress (1): 817 B
Progress (1): 2.7 kB
                    
Downloaded from central: https://repo1.maven.org/maven2/org/apache/maven/doxia/doxia-modules/1.12.0/doxia-modules-1.12.0.pom (2.7 kB at 47 kB/s)
Downloading from central: https://repo1.maven.org/maven2/org/apache/directory/buildtools/checkstyle-configuration/2.0.2/checkstyle-configuration-2.0.2.pom
Progress (1): 848 B
Progress (1): 1.6 kB
                    
Downloaded from central: https://repo1.maven.org/maven2/org/apache/directory/buildtools/checkstyle-configuration/2.0.2/checkstyle-configuration-2.0.2.pom (1.6 kB at 25 kB/s)
Downloading from central: https://repo1.maven.org/maven2/org/apache/directory/buildtools/buildtools-parent/2.0.2/buildtools-parent-2.0.2.pom
Progress (1): 811 B
Progress (1): 2.3 kB
Progress (1): 3.9 kB
                    
Downloaded from central: https://repo1.maven.org/maven2/org/apache/directory/buildtools/buildtools-parent/2.0.2/buildtools-parent-2.0.2.pom (3.9 kB at 60 kB/s)
Downloading from central: https://repo1.maven.org/maven2/org/apache/directory/project/project/48/project-48.pom
Progress (1): 765 B
Progress (1): 2.0 kB
Progress (1): 5.2 kB
Progress (1): 11 kB 
Progress (1): 18 kB
Progress (1): 24 kB
Progress (1): 26 kB
Progress (1): 32 kB
Progress (1): 35 kB
Progress (1): 39 kB
Progress (1): 39 kB
                   
Downloaded from central: https://repo1.maven.org/maven2/org/apache/directory/project/project/48/project-48.pom (39 kB at 598 kB/s)
Downloading from central: https://repo1.maven.org/maven2/org/apache/maven/reporting/maven-reporting-api/4.0.0/maven-reporting-api-4.0.0.pom
Progress (1): 791 B
Progress (1): 2.4 kB
Progress (1): 2.8 kB
                    
Downloaded from central: https://repo1.maven.org/maven2/org/apache/maven/reporting/maven-reporting-api/4.0.0/maven-reporting-api-4.0.0.pom (2.8 kB at 57 kB/s)
Downloading from central: https://repo1.maven.org/maven2/org/apache/maven/shared/maven-shared-components/43/maven-shared-components-43.pom
Progress (1): 811 B
Progress (1): 2.3 kB
Progress (1): 3.8 kB
                    
Downloaded from central: https://repo1.maven.org/maven2/org/apache/maven/shared/maven-shared-components/43/maven-shared-components-43.pom (3.8 kB at 53 kB/s)
Downloading from central: https://repo1.maven.org/maven2/org/apache/maven/doxia/doxia-sink-api/2.0.0/doxia-sink-api-2.0.0.pom
Progress (1): 835 B
Progress (1): 1.4 kB
                    
Downloaded from central: https://repo1.maven.org/maven2/org/apache/maven/doxia/doxia-sink-api/2.0.0/doxia-sink-api-2.0.0.pom (1.4 kB at 28 kB/s)
Downloading from central: https://repo1.maven.org/maven2/org/apache/maven/doxia/doxia/2.0.0/doxia-2.0.0.pom
Progress (1): 754 B
Progress (1): 2.2 kB
Progress (1): 3.7 kB
Progress (1): 8.3 kB
Progress (1): 11 kB 
Progress (1): 15 kB
Progress (1): 17 kB
                   
Downloaded from central: https://repo1.maven.org/maven2/org/apache/maven/doxia/doxia/2.0.0/doxia-2.0.0.pom (17 kB at 273 kB/s)
Downloading from central: https://repo1.maven.org/maven2/org/apache/maven/reporting/maven-reporting-impl/4.0.0/maven-reporting-impl-4.0.0.pom
Progress (1): 788 B
Progress (1): 2.3 kB
Progress (1): 5.8 kB
Progress (1): 8.6 kB
Progress (1): 8.8 kB
                    
Downloaded from central: https://repo1.maven.org/maven2/org/apache/maven/reporting/maven-reporting-impl/4.0.0/maven-reporting-impl-4.0.0.pom (8.8 kB at 144 kB/s)
Downloading from central: https://repo1.maven.org/maven2/org/apache/maven/shared/maven-shared-utils/3.4.2/maven-shared-utils-3.4.2.pom
Progress (1): 793 B
Progress (1): 2.3 kB
Progress (1): 4.3 kB
Progress (1): 5.9 kB
                    
Downloaded from central: https://repo1.maven.org/maven2/org/apache/maven/shared/maven-shared-utils/3.4.2/maven-shared-utils-3.4.2.pom (5.9 kB at 128 kB/s)
Downloading from central: https://repo1.maven.org/maven2/org/apache/maven/shared/maven-shared-components/39/maven-shared-components-39.pom
Progress (1): 812 B
Progress (1): 2.2 kB
Progress (1): 3.2 kB
                    
Downloaded from central: https://repo1.maven.org/maven2/org/apache/maven/shared/maven-shared-components/39/maven-shared-components-39.pom (3.2 kB at 54 kB/s)
Downloading from central: https://repo1.maven.org/maven2/org/apache/maven/doxia/doxia-site-model/2.0.0/doxia-site-model-2.0.0.pom
Progress (1): 789 B
Progress (1): 2.7 kB
Progress (1): 5.8 kB
                    
Downloaded from central: https://repo1.maven.org/maven2/org/apache/maven/doxia/doxia-site-model/2.0.0/doxia-site-model-2.0.0.pom (5.8 kB at 97 kB/s)
Downloading from central: https://repo1.maven.org/maven2/org/apache/maven/doxia/doxia-sitetools/2.0.0/doxia-sitetools-2.0.0.pom
Progress (1): 758 B
Progress (1): 2.2 kB
Progress (1): 5.4 kB
Progress (1): 8.4 kB
Progress (1): 12 kB 
                   
Downloaded from central: https://repo1.maven.org/maven2/org/apache/maven/doxia/doxia-sitetools/2.0.0/doxia-sitetools-2.0.0.pom (12 kB at 144 kB/s)
Downloading from central: https://repo1.maven.org/maven2/org/codehaus/plexus/plexus-xml/3.0.1/plexus-xml-3.0.1.pom
Progress (1): 814 B
Progress (1): 2.6 kB
Progress (1): 3.7 kB
                    
Downloaded from central: https://repo1.maven.org/maven2/org/codehaus/plexus/plexus-xml/3.0.1/plexus-xml-3.0.1.pom (3.7 kB at 71 kB/s)
Downloading from central: https://repo1.maven.org/maven2/org/codehaus/plexus/plexus/18/plexus-18.pom
Progress (1): 729 B
Progress (1): 2.8 kB
Progress (1): 6.8 kB
Progress (1): 8.7 kB
Progress (1): 10 kB 
Progress (1): 13 kB
Progress (1): 17 kB
Progress (1): 21 kB
Progress (1): 25 kB
Progress (1): 29 kB
Progress (1): 29 kB
                   
Downloaded from central: https://repo1.maven.org/maven2/org/codehaus/plexus/plexus/18/plexus-18.pom (29 kB at 541 kB/s)
Downloading from central: https://repo1.maven.org/maven2/org/apache/maven/doxia/doxia-core/2.0.0/doxia-core-2.0.0.pom
Progress (1): 816 B
Progress (1): 3.6 kB
Progress (1): 3.9 kB
                    
Downloaded from central: https://repo1.maven.org/maven2/org/apache/maven/doxia/doxia-core/2.0.0/doxia-core-2.0.0.pom (3.9 kB at 89 kB/s)
Downloading from central: https://repo1.maven.org/maven2/org/apache/commons/commons-parent/74/commons-parent-74.pom
Progress (1): 705 B
Progress (1): 1.9 kB
Progress (1): 3.2 kB
Progress (1): 4.6 kB
Progress (1): 6.8 kB
Progress (1): 8.5 kB
Progress (1): 10 kB 
Progress (1): 13 kB
Progress (1): 15 kB
Progress (1): 17 kB
Progress (1): 20 kB
Progress (1): 22 kB
Progress (1): 25 kB
Progress (1): 28 kB
Progress (1): 32 kB
Progress (1): 32 kB
Progress (1): 35 kB
Progress (1): 40 kB
Progress (1): 43 kB
Progress (1): 46 kB
Progress (1): 49 kB
Progress (1): 51 kB
Progress (1): 55 kB
Progress (1): 57 kB
Progress (1): 60 kB
Progress (1): 63 kB
Progress (1): 67 kB
Progress (1): 70 kB
Progress (1): 73 kB
Progress (1): 75 kB
Progress (1): 78 kB
                   
Downloaded from central: https://repo1.maven.org/maven2/org/apache/commons/commons-parent/74/commons-parent-74.pom (78 kB at 1.3 MB/s)
Downloading from central: https://repo1.maven.org/maven2/org/apache/commons/commons-text/1.12.0/commons-text-1.12.0.pom
Progress (1): 743 B
Progress (1): 2.1 kB
Progress (1): 3.7 kB
Progress (1): 6.8 kB
Progress (1): 9.0 kB
Progress (1): 13 kB 
Progress (1): 16 kB
Progress (1): 18 kB
Progress (1): 20 kB
                   
Downloaded from central: https://repo1.maven.org/maven2/org/apache/commons/commons-text/1.12.0/commons-text-1.12.0.pom (20 kB at 389 kB/s)
Downloading from central: https://repo1.maven.org/maven2/org/apache/commons/commons-lang3/3.17.0/commons-lang3-3.17.0.pom
Progress (1): 742 B
Progress (1): 1.8 kB
Progress (1): 4.1 kB
Progress (1): 5.8 kB
Progress (1): 7.6 kB
Progress (1): 10.0 kB
Progress (1): 13 kB  
Progress (1): 17 kB
Progress (1): 20 kB
Progress (1): 22 kB
Progress (1): 26 kB
Progress (1): 29 kB
Progress (1): 31 kB
                   
Downloaded from central: https://repo1.maven.org/maven2/org/apache/commons/commons-lang3/3.17.0/commons-lang3-3.17.0.pom (31 kB at 613 kB/s)
Downloading from central: https://repo1.maven.org/maven2/org/apache/commons/commons-parent/73/commons-parent-73.pom
Progress (1): 705 B
Progress (1): 1.9 kB
Progress (1): 3.2 kB
Progress (1): 4.6 kB
Progress (1): 6.8 kB
Progress (1): 8.4 kB
Progress (1): 11 kB 
Progress (1): 13 kB
Progress (1): 15 kB
Progress (1): 17 kB
Progress (1): 20 kB
Progress (1): 22 kB
Progress (1): 25 kB
Progress (1): 28 kB
Progress (1): 32 kB
Progress (1): 32 kB
Progress (1): 36 kB
Progress (1): 40 kB
Progress (1): 44 kB
Progress (1): 46 kB
Progress (1): 49 kB
Progress (1): 51 kB
Progress (1): 55 kB
Progress (1): 57 kB
Progress (1): 60 kB
Progress (1): 63 kB
Progress (1): 67 kB
Progress (1): 70 kB
Progress (1): 73 kB
Progress (1): 75 kB
Progress (1): 78 kB
                   
Downloaded from central: https://repo1.maven.org/maven2/org/apache/commons/commons-parent/73/commons-parent-73.pom (78 kB at 1.3 MB/s)
Downloading from central: https://repo1.maven.org/maven2/org/apache/maven/doxia/doxia-integration-tools/2.0.0/doxia-integration-tools-2.0.0.pom
Progress (1): 802 B
Progress (1): 3.5 kB
Progress (1): 7.8 kB
                    
Downloaded from central: https://repo1.maven.org/maven2/org/apache/maven/doxia/doxia-integration-tools/2.0.0/doxia-integration-tools-2.0.0.pom (7.8 kB at 158 kB/s)
Downloading from central: https://repo1.maven.org/maven2/org/codehaus/plexus/plexus-interpolation/1.27/plexus-interpolation-1.27.pom
Progress (1): 1.3 kB
Progress (1): 3.0 kB
                    
Downloaded from central: https://repo1.maven.org/maven2/org/codehaus/plexus/plexus-interpolation/1.27/plexus-interpolation-1.27.pom (3.0 kB at 60 kB/s)
Downloading from central: https://repo1.maven.org/maven2/org/codehaus/plexus/plexus/16/plexus-16.pom
Progress (1): 692 B
Progress (1): 2.7 kB
Progress (1): 6.4 kB
Progress (1): 8.9 kB
Progress (1): 11 kB 
Progress (1): 14 kB
Progress (1): 18 kB
Progress (1): 21 kB
Progress (1): 25 kB
Progress (1): 28 kB
                   
Downloaded from central: https://repo1.maven.org/maven2/org/codehaus/plexus/plexus/16/plexus-16.pom (28 kB at 468 kB/s)
Downloading from central: https://repo1.maven.org/maven2/org/apache/maven/doxia/doxia-site-renderer/2.0.0/doxia-site-renderer-2.0.0.pom
Progress (1): 774 B
Progress (1): 2.7 kB
Progress (1): 6.9 kB
Progress (1): 7.4 kB
                    
Downloaded from central: https://repo1.maven.org/maven2/org/apache/maven/doxia/doxia-site-renderer/2.0.0/doxia-site-renderer-2.0.0.pom (7.4 kB at 142 kB/s)
Downloading from central: https://repo1.maven.org/maven2/org/apache/maven/doxia/doxia-skin-model/2.0.0/doxia-skin-model-2.0.0.pom
Progress (1): 797 B
Progress (1): 2.3 kB
Progress (1): 3.0 kB
                    
Downloaded from central: https://repo1.maven.org/maven2/org/apache/maven/doxia/doxia-skin-model/2.0.0/doxia-skin-model-2.0.0.pom (3.0 kB at 34 kB/s)
Downloading from central: https://repo1.maven.org/maven2/org/apache/maven/doxia/doxia-module-xhtml5/2.0.0/doxia-module-xhtml5-2.0.0.pom
Progress (1): 818 B
Progress (1): 2.9 kB
                    
Downloaded from central: https://repo1.maven.org/maven2/org/apache/maven/doxia/doxia-module-xhtml5/2.0.0/doxia-module-xhtml5-2.0.0.pom (2.9 kB at 59 kB/s)
Downloading from central: https://repo1.maven.org/maven2/org/apache/maven/doxia/doxia-modules/2.0.0/doxia-modules-2.0.0.pom
Progress (1): 823 B
Progress (1): 2.5 kB
                    
Downloaded from central: https://repo1.maven.org/maven2/org/apache/maven/doxia/doxia-modules/2.0.0/doxia-modules-2.0.0.pom (2.5 kB at 53 kB/s)
Downloading from central: https://repo1.maven.org/maven2/org/codehaus/plexus/plexus-velocity/2.2.0/plexus-velocity-2.2.0.pom
Progress (1): 808 B
Progress (1): 2.4 kB
Progress (1): 4.1 kB
                    
Downloaded from central: https://repo1.maven.org/maven2/org/codehaus/plexus/plexus-velocity/2.2.0/plexus-velocity-2.2.0.pom (4.1 kB at 75 kB/s)
Downloading from central: https://repo1.maven.org/maven2/org/codehaus/plexus/plexus/19/plexus-19.pom
Progress (1): 988 B
Progress (1): 4.2 kB
Progress (1): 7.6 kB
Progress (1): 9.4 kB
Progress (1): 12 kB 
Progress (1): 16 kB
Progress (1): 19 kB
Progress (1): 24 kB
Progress (1): 25 kB
                   
Downloaded from central: https://repo1.maven.org/maven2/org/codehaus/plexus/plexus/19/plexus-19.pom (25 kB at 540 kB/s)
Downloading from central: https://repo1.maven.org/maven2/org/apache/velocity/velocity-engine-core/2.4/velocity-engine-core-2.4.pom
Progress (1): 801 B
Progress (1): 2.2 kB
Progress (1): 5.1 kB
Progress (1): 9.4 kB
Progress (1): 12 kB 
                   
Downloaded from central: https://repo1.maven.org/maven2/org/apache/velocity/velocity-engine-core/2.4/velocity-engine-core-2.4.pom (12 kB at 218 kB/s)
Downloading from central: https://repo1.maven.org/maven2/org/apache/velocity/velocity-engine-parent/2.4/velocity-engine-parent-2.4.pom
Progress (1): 806 B
Progress (1): 2.6 kB
Progress (1): 5.1 kB
Progress (1): 7.8 kB
Progress (1): 9.5 kB
                    
Downloaded from central: https://repo1.maven.org/maven2/org/apache/velocity/velocity-engine-parent/2.4/velocity-engine-parent-2.4.pom (9.5 kB at 161 kB/s)
Downloading from central: https://repo1.maven.org/maven2/org/apache/velocity/velocity-master/7/velocity-master-7.pom
Progress (1): 812 B
Progress (1): 2.2 kB
Progress (1): 5.3 kB
Progress (1): 7.9 kB
                    
Downloaded from central: https://repo1.maven.org/maven2/org/apache/velocity/velocity-master/7/velocity-master-7.pom (7.9 kB at 147 kB/s)
Downloading from central: https://repo1.maven.org/maven2/org/apache/velocity/tools/velocity-tools-generic/3.1/velocity-tools-generic-3.1.pom
Progress (1): 862 B
Progress (1): 2.6 kB
                    
Downloaded from central: https://repo1.maven.org/maven2/org/apache/velocity/tools/velocity-tools-generic/3.1/velocity-tools-generic-3.1.pom (2.6 kB at 58 kB/s)
Downloading from central: https://repo1.maven.org/maven2/org/apache/velocity/tools/velocity-tools-parent/3.1/velocity-tools-parent-3.1.pom
Progress (1): 816 B
Progress (1): 2.2 kB
Progress (1): 4.5 kB
Progress (1): 7.5 kB
Progress (1): 8.0 kB
                    
Downloaded from central: https://repo1.maven.org/maven2/org/apache/velocity/tools/velocity-tools-parent/3.1/velocity-tools-parent-3.1.pom (8.0 kB at 157 kB/s)
Downloading from central: https://repo1.maven.org/maven2/org/apache/velocity/velocity-master/4/velocity-master-4.pom
Progress (1): 808 B
Progress (1): 2.5 kB
Progress (1): 5.9 kB
Progress (1): 7.8 kB
                    
Downloaded from central: https://repo1.maven.org/maven2/org/apache/velocity/velocity-master/4/velocity-master-4.pom (7.8 kB at 173 kB/s)
Downloading from central: https://repo1.maven.org/maven2/org/apache/velocity/velocity-engine-core/2.3/velocity-engine-core-2.3.pom
Progress (1): 1.3 kB
Progress (1): 4.5 kB
Progress (1): 8.2 kB
Progress (1): 10 kB 
                   
Downloaded from central: https://repo1.maven.org/maven2/org/apache/velocity/velocity-engine-core/2.3/velocity-engine-core-2.3.pom (10 kB at 128 kB/s)
Downloading from central: https://repo1.maven.org/maven2/org/apache/velocity/velocity-engine-parent/2.3/velocity-engine-parent-2.3.pom
Progress (1): 801 B
Progress (1): 2.2 kB
Progress (1): 6.0 kB
Progress (1): 9.4 kB
Progress (1): 12 kB 
Progress (1): 14 kB
                   
Downloaded from central: https://repo1.maven.org/maven2/org/apache/velocity/velocity-engine-parent/2.3/velocity-engine-parent-2.3.pom (14 kB at 288 kB/s)
Downloading from central: https://repo1.maven.org/maven2/org/apache/commons/commons-lang3/3.11/commons-lang3-3.11.pom
Progress (1): 738 B
Progress (1): 2.1 kB
Progress (1): 5.4 kB
Progress (1): 8.9 kB
Progress (1): 12 kB 
Progress (1): 15 kB
Progress (1): 17 kB
Progress (1): 18 kB
Progress (1): 21 kB
Progress (1): 24 kB
Progress (1): 27 kB
Progress (1): 30 kB
                   
Downloaded from central: https://repo1.maven.org/maven2/org/apache/commons/commons-lang3/3.11/commons-lang3-3.11.pom (30 kB at 601 kB/s)
Downloading from central: https://repo1.maven.org/maven2/org/apache/commons/commons-parent/51/commons-parent-51.pom
Progress (1): 702 B
Progress (1): 1.8 kB
Progress (1): 3.1 kB
Progress (1): 4.6 kB
Progress (1): 6.7 kB
Progress (1): 8.1 kB
Progress (1): 10 kB 
Progress (1): 12 kB
Progress (1): 14 kB
Progress (1): 17 kB
Progress (1): 20 kB
Progress (1): 22 kB
Progress (1): 25 kB
Progress (1): 29 kB
Progress (1): 32 kB
Progress (1): 32 kB
Progress (1): 36 kB
Progress (1): 40 kB
Progress (1): 42 kB
Progress (1): 44 kB
Progress (1): 47 kB
Progress (1): 51 kB
Progress (1): 54 kB
Progress (1): 56 kB
Progress (1): 61 kB
Progress (1): 65 kB
Progress (1): 72 kB
Progress (1): 75 kB
Progress (1): 78 kB
                   
Downloaded from central: https://repo1.maven.org/maven2/org/apache/commons/commons-parent/51/commons-parent-51.pom (78 kB at 561 kB/s)
Downloading from central: https://repo1.maven.org/maven2/org/slf4j/slf4j-api/1.7.30/slf4j-api-1.7.30.pom
Progress (1): 1.0 kB
Progress (1): 3.3 kB
Progress (1): 3.8 kB
                    
Downloaded from central: https://repo1.maven.org/maven2/org/slf4j/slf4j-api/1.7.30/slf4j-api-1.7.30.pom (3.8 kB at 54 kB/s)
Downloading from central: https://repo1.maven.org/maven2/org/slf4j/slf4j-parent/1.7.30/slf4j-parent-1.7.30.pom
Progress (1): 1.0 kB
Progress (1): 3.2 kB
Progress (1): 6.0 kB
Progress (1): 9.1 kB
Progress (1): 12 kB 
Progress (1): 14 kB
                   
Downloaded from central: https://repo1.maven.org/maven2/org/slf4j/slf4j-parent/1.7.30/slf4j-parent-1.7.30.pom (14 kB at 200 kB/s)
Downloading from central: https://repo1.maven.org/maven2/org/apache/commons/commons-digester3/3.2/commons-digester3-3.2.pom
Progress (1): 765 B
Progress (1): 2.1 kB
Progress (1): 4.6 kB
Progress (1): 6.8 kB
Progress (1): 8.6 kB
Progress (1): 12 kB 
Progress (1): 15 kB
Progress (1): 17 kB
Progress (1): 18 kB
                   
Downloaded from central: https://repo1.maven.org/maven2/org/apache/commons/commons-digester3/3.2/commons-digester3-3.2.pom (18 kB at 164 kB/s)
Downloading from central: https://repo1.maven.org/maven2/org/apache/commons/commons-parent/22/commons-parent-22.pom
Progress (1): 724 B
Progress (1): 1.9 kB
Progress (1): 3.4 kB
Progress (1): 7.0 kB
Progress (1): 9.8 kB
Progress (1): 14 kB 
Progress (1): 17 kB
Progress (1): 19 kB
Progress (1): 23 kB
Progress (1): 30 kB
Progress (1): 33 kB
Progress (1): 36 kB
Progress (1): 38 kB
Progress (1): 41 kB
Progress (1): 42 kB
                   
Downloaded from central: https://repo1.maven.org/maven2/org/apache/commons/commons-parent/22/commons-parent-22.pom (42 kB at 626 kB/s)
Downloading from central: https://repo1.maven.org/maven2/org/apache/commons/commons-parent/14/commons-parent-14.pom
Progress (1): 730 B
Progress (1): 1.9 kB
Progress (1): 4.1 kB
Progress (1): 8.3 kB
Progress (1): 12 kB 
Progress (1): 15 kB
Progress (1): 18 kB
Progress (1): 21 kB
Progress (1): 27 kB
Progress (1): 30 kB
Progress (1): 31 kB
                   
Downloaded from central: https://repo1.maven.org/maven2/org/apache/commons/commons-parent/14/commons-parent-14.pom (31 kB at 392 kB/s)
Downloading from central: https://repo1.maven.org/maven2/org/apache/commons/commons-parent/5/commons-parent-5.pom
Progress (1): 817 B
Progress (1): 2.1 kB
Progress (1): 3.4 kB
Progress (1): 7.1 kB
Progress (1): 11 kB 
Progress (1): 16 kB
                   
Downloaded from central: https://repo1.maven.org/maven2/org/apache/commons/commons-parent/5/commons-parent-5.pom (16 kB at 226 kB/s)
Downloading from central: https://repo1.maven.org/maven2/org/apache/commons/commons-lang3/3.10/commons-lang3-3.10.pom
Progress (1): 721 B
Progress (1): 2.1 kB
Progress (1): 5.3 kB
Progress (1): 9.1 kB
Progress (1): 13 kB 
Progress (1): 15 kB
Progress (1): 17 kB
Progress (1): 19 kB
Progress (1): 21 kB
Progress (1): 25 kB
Progress (1): 28 kB
Progress (1): 31 kB
                   
Downloaded from central: https://repo1.maven.org/maven2/org/apache/commons/commons-lang3/3.10/commons-lang3-3.10.pom (31 kB at 555 kB/s)
Downloading from central: https://repo1.maven.org/maven2/org/apache/commons/commons-parent/50/commons-parent-50.pom
Progress (1): 702 B
Progress (1): 1.8 kB
Progress (1): 3.1 kB
Progress (1): 4.6 kB
Progress (1): 6.7 kB
Progress (1): 8.3 kB
Progress (1): 11 kB 
Progress (1): 13 kB
Progress (1): 15 kB
Progress (1): 17 kB
Progress (1): 20 kB
Progress (1): 23 kB
Progress (1): 26 kB
Progress (1): 30 kB
Progress (1): 33 kB
Progress (1): 34 kB
Progress (1): 37 kB
Progress (1): 39 kB
Progress (1): 42 kB
Progress (1): 45 kB
Progress (1): 49 kB
Progress (1): 51 kB
Progress (1): 54 kB
Progress (1): 58 kB
Progress (1): 62 kB
Progress (1): 69 kB
Progress (1): 72 kB
Progress (1): 76 kB
                   
Downloaded from central: https://repo1.maven.org/maven2/org/apache/commons/commons-parent/50/commons-parent-50.pom (76 kB at 840 kB/s)
Downloading from central: https://repo1.maven.org/maven2/org/apache/maven/doxia/doxia-module-apt/2.0.0/doxia-module-apt-2.0.0.pom
Progress (1): 819 B
Progress (1): 2.9 kB
                    
Downloaded from central: https://repo1.maven.org/maven2/org/apache/maven/doxia/doxia-module-apt/2.0.0/doxia-module-apt-2.0.0.pom (2.9 kB at 42 kB/s)
Downloading from central: https://repo1.maven.org/maven2/org/apache/maven/doxia/doxia-module-xdoc/2.0.0/doxia-module-xdoc-2.0.0.pom
Progress (1): 779 B
Progress (1): 3.1 kB
Progress (1): 5.4 kB
                    
Downloaded from central: https://repo1.maven.org/maven2/org/apache/maven/doxia/doxia-module-xdoc/2.0.0/doxia-module-xdoc-2.0.0.pom (5.4 kB at 65 kB/s)
Downloading from central: https://repo1.maven.org/maven2/org/apache/maven/maven-archiver/3.6.2/maven-archiver-3.6.2.pom
Progress (1): 801 B
Progress (1): 2.3 kB
Progress (1): 4.4 kB
                    
Downloaded from central: https://repo1.maven.org/maven2/org/apache/maven/maven-archiver/3.6.2/maven-archiver-3.6.2.pom (4.4 kB at 53 kB/s)
Downloading from central: https://repo1.maven.org/maven2/org/apache/maven/shared/maven-shared-components/41/maven-shared-components-41.pom
Progress (1): 815 B
Progress (1): 2.3 kB
Progress (1): 3.2 kB
                    
Downloaded from central: https://repo1.maven.org/maven2/org/apache/maven/shared/maven-shared-components/41/maven-shared-components-41.pom (3.2 kB at 47 kB/s)
Downloading from central: https://repo1.maven.org/maven2/org/codehaus/plexus/plexus-archiver/4.9.2/plexus-archiver-4.9.2.pom
Progress (1): 1.3 kB
Progress (1): 4.1 kB
Progress (1): 6.0 kB
                    
Downloaded from central: https://repo1.maven.org/maven2/org/codehaus/plexus/plexus-archiver/4.9.2/plexus-archiver-4.9.2.pom (6.0 kB at 72 kB/s)
Downloading from central: https://repo1.maven.org/maven2/org/codehaus/plexus/plexus-io/3.4.2/plexus-io-3.4.2.pom
Progress (1): 1.2 kB
Progress (1): 3.9 kB
                    
Downloaded from central: https://repo1.maven.org/maven2/org/codehaus/plexus/plexus-io/3.4.2/plexus-io-3.4.2.pom (3.9 kB at 22 kB/s)
Downloading from central: https://repo1.maven.org/maven2/org/apache/commons/commons-parent/65/commons-parent-65.pom
Progress (1): 705 B
Progress (1): 1.9 kB
Progress (1): 3.1 kB
Progress (1): 4.7 kB
Progress (1): 6.4 kB
Progress (1): 8.4 kB
Progress (1): 10 kB 
Progress (1): 13 kB
Progress (1): 15 kB
Progress (1): 18 kB
Progress (1): 19 kB
Progress (1): 23 kB
Progress (1): 25 kB
Progress (1): 28 kB
Progress (1): 32 kB
Progress (1): 32 kB
Progress (1): 35 kB
Progress (1): 41 kB
Progress (1): 43 kB
Progress (1): 46 kB
Progress (1): 49 kB
Progress (1): 51 kB
Progress (1): 54 kB
Progress (1): 58 kB
Progress (1): 60 kB
Progress (1): 64 kB
Progress (1): 67 kB
Progress (1): 71 kB
Progress (1): 74 kB
Progress (1): 76 kB
Progress (1): 78 kB
                   
Downloaded from central: https://repo1.maven.org/maven2/org/apache/commons/commons-parent/65/commons-parent-65.pom (78 kB at 928 kB/s)
Downloading from central: https://repo1.maven.org/maven2/org/apache/commons/commons-compress/1.26.1/commons-compress-1.26.1.pom
Progress (1): 758 B
Progress (1): 1.9 kB
Progress (1): 3.7 kB
Progress (1): 5.9 kB
Progress (1): 9.2 kB
Progress (1): 12 kB 
Progress (1): 15 kB
Progress (1): 19 kB
Progress (1): 21 kB
Progress (1): 22 kB
                   
Downloaded from central: https://repo1.maven.org/maven2/org/apache/commons/commons-compress/1.26.1/commons-compress-1.26.1.pom (22 kB at 226 kB/s)
Downloading from central: https://repo1.maven.org/maven2/org/apache/commons/commons-parent/66/commons-parent-66.pom
Progress (1): 708 B
Progress (1): 1.9 kB
Progress (1): 3.1 kB
Progress (1): 4.7 kB
Progress (1): 6.5 kB
Progress (1): 8.5 kB
Progress (1): 10 kB 
Progress (1): 13 kB
Progress (1): 14 kB
Progress (1): 17 kB
Progress (1): 19 kB
Progress (1): 22 kB
Progress (1): 25 kB
Progress (1): 28 kB
Progress (1): 31 kB
Progress (1): 32 kB
Progress (1): 35 kB
Progress (1): 40 kB
Progress (1): 43 kB
Progress (1): 46 kB
Progress (1): 48 kB
Progress (1): 51 kB
Progress (1): 55 kB
Progress (1): 57 kB
Progress (1): 60 kB
Progress (1): 63 kB
Progress (1): 67 kB
Progress (1): 70 kB
Progress (1): 73 kB
Progress (1): 75 kB
Progress (1): 77 kB
                   
Downloaded from central: https://repo1.maven.org/maven2/org/apache/commons/commons-parent/66/commons-parent-66.pom (77 kB at 856 kB/s)
Downloading from central: https://repo1.maven.org/maven2/org/codehaus/plexus/plexus-component-annotations/2.2.0/plexus-component-annotations-2.2.0.pom
Progress (1): 736 B
                   
Downloaded from central: https://repo1.maven.org/maven2/org/codehaus/plexus/plexus-component-annotations/2.2.0/plexus-component-annotations-2.2.0.pom (736 B at 11 kB/s)
Downloading from central: https://repo1.maven.org/maven2/org/codehaus/plexus/plexus-containers/2.2.0/plexus-containers-2.2.0.pom
Progress (1): 1.3 kB
Progress (1): 2.3 kB
                    
Downloaded from central: https://repo1.maven.org/maven2/org/codehaus/plexus/plexus-containers/2.2.0/plexus-containers-2.2.0.pom (2.3 kB at 26 kB/s)
Downloading from central: https://repo1.maven.org/maven2/org/codehaus/plexus/plexus-resources/1.3.0/plexus-resources-1.3.0.pom
Progress (1): 1.2 kB
Progress (1): 3.8 kB
Progress (1): 4.0 kB
                    
Downloaded from central: https://repo1.maven.org/maven2/org/codehaus/plexus/plexus-resources/1.3.0/plexus-resources-1.3.0.pom (4.0 kB at 38 kB/s)
Downloading from central: https://repo1.maven.org/maven2/com/google/guava/guava/33.4.0-jre/guava-33.4.0-jre.jar
Downloading from central: https://repo1.maven.org/maven2/com/google/guava/failureaccess/1.0.2/failureaccess-1.0.2.jar
Downloading from central: https://repo1.maven.org/maven2/com/google/errorprone/error_prone_annotations/2.36.0/error_prone_annotations-2.36.0.jar
Downloading from central: https://repo1.maven.org/maven2/com/google/j2objc/j2objc-annotations/3.0.0/j2objc-annotations-3.0.0.jar
Downloading from central: https://repo1.maven.org/maven2/org/apache/httpcomponents/client5/httpclient5/5.1.3/httpclient5-5.1.3.jar
Progress (1): 0/3.1 MB
Progress (1): 0/3.1 MB
Progress (1): 0/3.1 MB
Progress (1): 0/3.1 MB
Progress (1): 0.1/3.1 MB
Progress (1): 0.1/3.1 MB
Progress (1): 0.1/3.1 MB
Progress (1): 0.1/3.1 MB
Progress (2): 0.1/3.1 MB | 4.7 kB
Progress (2): 0.1/3.1 MB | 4.7 kB
Progress (2): 0.1/3.1 MB | 4.7 kB
Progress (2): 0.2/3.1 MB | 4.7 kB
Progress (2): 0.2/3.1 MB | 4.7 kB
Progress (2): 0.2/3.1 MB | 4.7 kB
Progress (2): 0.2/3.1 MB | 4.7 kB
Progress (2): 0.2/3.1 MB | 4.7 kB
Progress (2): 0.2/3.1 MB | 4.7 kB
Progress (2): 0.3/3.1 MB | 4.7 kB
Progress (2): 0.3/3.1 MB | 4.7 kB
Progress (2): 0.3/3.1 MB | 4.7 kB
Progress (2): 0.3/3.1 MB | 4.7 kB
Progress (2): 0.3/3.1 MB | 4.7 kB
Progress (2): 0.3/3.1 MB | 4.7 kB
Progress (2): 0.4/3.1 MB | 4.7 kB
Progress (2): 0.4/3.1 MB | 4.7 kB
Progress (2): 0.4/3.1 MB | 4.7 kB
Progress (2): 0.4/3.1 MB | 4.7 kB
Progress (2): 0.4/3.1 MB | 4.7 kB
Progress (2): 0.4/3.1 MB | 4.7 kB
Progress (2): 0.5/3.1 MB | 4.7 kB
Progress (2): 0.5/3.1 MB | 4.7 kB
Progress (2): 0.5/3.1 MB | 4.7 kB
Progress (2): 0.5/3.1 MB | 4.7 kB
Progress (2): 0.5/3.1 MB | 4.7 kB
Progress (2): 0.5/3.1 MB | 4.7 kB
Progress (2): 0.6/3.1 MB | 4.7 kB
Progress (2): 0.6/3.1 MB | 4.7 kB
Progress (2): 0.6/3.1 MB | 4.7 kB
Progress (2): 0.6/3.1 MB | 4.7 kB
Progress (2): 0.6/3.1 MB | 4.7 kB
Progress (2): 0.6/3.1 MB | 4.7 kB
Progress (2): 0.7/3.1 MB | 4.7 kB
Progress (2): 0.7/3.1 MB | 4.7 kB
Progress (2): 0.7/3.1 MB | 4.7 kB
Progress (3): 0.7/3.1 MB | 4.7 kB | 7.7/12 kB
Progress (3): 0.7/3.1 MB | 4.7 kB | 7.7/12 kB
Progress (4): 0.7/3.1 MB | 4.7 kB | 7.7/12 kB | 7.7/19 kB
Progress (5): 0.7/3.1 MB | 4.7 kB | 7.7/12 kB | 7.7/19 kB | 7.7/798 kB
Progress (5): 0.7/3.1 MB | 4.7 kB | 7.7/12 kB | 7.7/19 kB | 7.7/798 kB
Progress (5): 0.7/3.1 MB | 4.7 kB | 12 kB | 7.7/19 kB | 7.7/798 kB    
Progress (5): 0.7/3.1 MB | 4.7 kB | 12 kB | 7.7/19 kB | 7.7/798 kB
Progress (5): 0.8/3.1 MB | 4.7 kB | 12 kB | 7.7/19 kB | 7.7/798 kB
Progress (5): 0.8/3.1 MB | 4.7 kB | 12 kB | 7.7/19 kB | 7.7/798 kB
Progress (5): 0.8/3.1 MB | 4.7 kB | 12 kB | 7.7/19 kB | 7.7/798 kB
Progress (5): 0.8/3.1 MB | 4.7 kB | 12 kB | 7.7/19 kB | 7.7/798 kB
Progress (5): 0.8/3.1 MB | 4.7 kB | 12 kB | 7.7/19 kB | 7.7/798 kB
Progress (5): 0.8/3.1 MB | 4.7 kB | 12 kB | 7.7/19 kB | 16/798 kB 
Progress (5): 0.8/3.1 MB | 4.7 kB | 12 kB | 16/19 kB | 16/798 kB 
Progress (5): 0.8/3.1 MB | 4.7 kB | 12 kB | 19 kB | 16/798 kB   
Progress (5): 0.8/3.1 MB | 4.7 kB | 12 kB | 19 kB | 16/798 kB
Progress (5): 0.8/3.1 MB | 4.7 kB | 12 kB | 19 kB | 32/798 kB
Progress (5): 0.9/3.1 MB | 4.7 kB | 12 kB | 19 kB | 32/798 kB
Progress (5): 0.9/3.1 MB | 4.7 kB | 12 kB | 19 kB | 32/798 kB
Progress (5): 0.9/3.1 MB | 4.7 kB | 12 kB | 19 kB | 49/798 kB
Progress (5): 0.9/3.1 MB | 4.7 kB | 12 kB | 19 kB | 49/798 kB
Progress (5): 0.9/3.1 MB | 4.7 kB | 12 kB | 19 kB | 65/798 kB
Progress (5): 0.9/3.1 MB | 4.7 kB | 12 kB | 19 kB | 65/798 kB
Progress (5): 0.9/3.1 MB | 4.7 kB | 12 kB | 19 kB | 65/798 kB
Progress (5): 0.9/3.1 MB | 4.7 kB | 12 kB | 19 kB | 81/798 kB
Progress (5): 0.9/3.1 MB | 4.7 kB | 12 kB | 19 kB | 81/798 kB
Progress (5): 0.9/3.1 MB | 4.7 kB | 12 kB | 19 kB | 98/798 kB
Progress (5): 0.9/3.1 MB | 4.7 kB | 12 kB | 19 kB | 98/798 kB
Progress (5): 0.9/3.1 MB | 4.7 kB | 12 kB | 19 kB | 114/798 kB
Progress (5): 0.9/3.1 MB | 4.7 kB | 12 kB | 19 kB | 131/798 kB
Progress (5): 1.0/3.1 MB | 4.7 kB | 12 kB | 19 kB | 131/798 kB
Progress (5): 1.0/3.1 MB | 4.7 kB | 12 kB | 19 kB | 147/798 kB
Progress (5): 1.0/3.1 MB | 4.7 kB | 12 kB | 19 kB | 147/798 kB
Progress (5): 1.0/3.1 MB | 4.7 kB | 12 kB | 19 kB | 163/798 kB
Progress (5): 1.0/3.1 MB | 4.7 kB | 12 kB | 19 kB | 163/798 kB
Progress (5): 1.0/3.1 MB | 4.7 kB | 12 kB | 19 kB | 180/798 kB
Progress (5): 1.0/3.1 MB | 4.7 kB | 12 kB | 19 kB | 180/798 kB
Progress (5): 1.0/3.1 MB | 4.7 kB | 12 kB | 19 kB | 196/798 kB
Progress (5): 1.0/3.1 MB | 4.7 kB | 12 kB | 19 kB | 196/798 kB
Progress (5): 1.0/3.1 MB | 4.7 kB | 12 kB | 19 kB | 196/798 kB
Progress (5): 1.0/3.1 MB | 4.7 kB | 12 kB | 19 kB | 213/798 kB
Progress (5): 1.1/3.1 MB | 4.7 kB | 12 kB | 19 kB | 213/798 kB
Progress (5): 1.1/3.1 MB | 4.7 kB | 12 kB | 19 kB | 213/798 kB
Progress (5): 1.1/3.1 MB | 4.7 kB | 12 kB | 19 kB | 229/798 kB
Progress (5): 1.1/3.1 MB | 4.7 kB | 12 kB | 19 kB | 229/798 kB
Progress (5): 1.1/3.1 MB | 4.7 kB | 12 kB | 19 kB | 245/798 kB
Progress (5): 1.1/3.1 MB | 4.7 kB | 12 kB | 19 kB | 245/798 kB
Progress (5): 1.1/3.1 MB | 4.7 kB | 12 kB | 19 kB | 262/798 kB
Progress (5): 1.1/3.1 MB | 4.7 kB | 12 kB | 19 kB | 262/798 kB
Progress (5): 1.1/3.1 MB | 4.7 kB | 12 kB | 19 kB | 278/798 kB
Progress (5): 1.1/3.1 MB | 4.7 kB | 12 kB | 19 kB | 278/798 kB
Progress (5): 1.1/3.1 MB | 4.7 kB | 12 kB | 19 kB | 294/798 kB
Progress (5): 1.2/3.1 MB | 4.7 kB | 12 kB | 19 kB | 294/798 kB
Progress (5): 1.2/3.1 MB | 4.7 kB | 12 kB | 19 kB | 311/798 kB
Progress (5): 1.2/3.1 MB | 4.7 kB | 12 kB | 19 kB | 311/798 kB
Progress (5): 1.2/3.1 MB | 4.7 kB | 12 kB | 19 kB | 327/798 kB
Progress (5): 1.2/3.1 MB | 4.7 kB | 12 kB | 19 kB | 327/798 kB
Progress (5): 1.2/3.1 MB | 4.7 kB | 12 kB | 19 kB | 344/798 kB
Progress (5): 1.2/3.1 MB | 4.7 kB | 12 kB | 19 kB | 344/798 kB
Progress (5): 1.2/3.1 MB | 4.7 kB | 12 kB | 19 kB | 360/798 kB
Progress (5): 1.2/3.1 MB | 4.7 kB | 12 kB | 19 kB | 360/798 kB
Progress (5): 1.2/3.1 MB | 4.7 kB | 12 kB | 19 kB | 376/798 kB
Progress (5): 1.2/3.1 MB | 4.7 kB | 12 kB | 19 kB | 376/798 kB
Progress (5): 1.2/3.1 MB | 4.7 kB | 12 kB | 19 kB | 393/798 kB
Progress (5): 1.3/3.1 MB | 4.7 kB | 12 kB | 19 kB | 393/798 kB
Progress (5): 1.3/3.1 MB | 4.7 kB | 12 kB | 19 kB | 409/798 kB
Progress (5): 1.3/3.1 MB | 4.7 kB | 12 kB | 19 kB | 409/798 kB
Progress (5): 1.3/3.1 MB | 4.7 kB | 12 kB | 19 kB | 426/798 kB
Progress (5): 1.3/3.1 MB | 4.7 kB | 12 kB | 19 kB | 426/798 kB
Progress (5): 1.3/3.1 MB | 4.7 kB | 12 kB | 19 kB | 442/798 kB
Progress (5): 1.3/3.1 MB | 4.7 kB | 12 kB | 19 kB | 442/798 kB
Progress (5): 1.3/3.1 MB | 4.7 kB | 12 kB | 19 kB | 458/798 kB
Progress (5): 1.3/3.1 MB | 4.7 kB | 12 kB | 19 kB | 475/798 kB
Progress (5): 1.3/3.1 MB | 4.7 kB | 12 kB | 19 kB | 475/798 kB
Progress (5): 1.3/3.1 MB | 4.7 kB | 12 kB | 19 kB | 491/798 kB
Progress (5): 1.3/3.1 MB | 4.7 kB | 12 kB | 19 kB | 491/798 kB
Progress (5): 1.3/3.1 MB | 4.7 kB | 12 kB | 19 kB | 507/798 kB
Progress (5): 1.4/3.1 MB | 4.7 kB | 12 kB | 19 kB | 507/798 kB
Progress (5): 1.4/3.1 MB | 4.7 kB | 12 kB | 19 kB | 524/798 kB
Progress (5): 1.4/3.1 MB | 4.7 kB | 12 kB | 19 kB | 524/798 kB
Progress (5): 1.4/3.1 MB | 4.7 kB | 12 kB | 19 kB | 524/798 kB
Progress (5): 1.4/3.1 MB | 4.7 kB | 12 kB | 19 kB | 540/798 kB
Progress (5): 1.4/3.1 MB | 4.7 kB | 12 kB | 19 kB | 540/798 kB
Progress (5): 1.4/3.1 MB | 4.7 kB | 12 kB | 19 kB | 557/798 kB
Progress (5): 1.4/3.1 MB | 4.7 kB | 12 kB | 19 kB | 557/798 kB
Progress (5): 1.4/3.1 MB | 4.7 kB | 12 kB | 19 kB | 557/798 kB
Progress (5): 1.4/3.1 MB | 4.7 kB | 12 kB | 19 kB | 573/798 kB
Progress (5): 1.4/3.1 MB | 4.7 kB | 12 kB | 19 kB | 589/798 kB
Progress (5): 1.5/3.1 MB | 4.7 kB | 12 kB | 19 kB | 589/798 kB
Progress (5): 1.5/3.1 MB | 4.7 kB | 12 kB | 19 kB | 589/798 kB
Progress (5): 1.5/3.1 MB | 4.7 kB | 12 kB | 19 kB | 606/798 kB
Progress (5): 1.5/3.1 MB | 4.7 kB | 12 kB | 19 kB | 606/798 kB
Progress (5): 1.5/3.1 MB | 4.7 kB | 12 kB | 19 kB | 622/798 kB
Progress (5): 1.5/3.1 MB | 4.7 kB | 12 kB | 19 kB | 622/798 kB
Progress (5): 1.5/3.1 MB | 4.7 kB | 12 kB | 19 kB | 638/798 kB
Progress (5): 1.5/3.1 MB | 4.7 kB | 12 kB | 19 kB | 638/798 kB
Progress (5): 1.5/3.1 MB | 4.7 kB | 12 kB | 19 kB | 638/798 kB
Progress (5): 1.5/3.1 MB | 4.7 kB | 12 kB | 19 kB | 655/798 kB
Progress (5): 1.6/3.1 MB | 4.7 kB | 12 kB | 19 kB | 655/798 kB
Progress (5): 1.6/3.1 MB | 4.7 kB | 12 kB | 19 kB | 671/798 kB
Progress (5): 1.6/3.1 MB | 4.7 kB | 12 kB | 19 kB | 671/798 kB
Progress (5): 1.6/3.1 MB | 4.7 kB | 12 kB | 19 kB | 688/798 kB
Progress (5): 1.6/3.1 MB | 4.7 kB | 12 kB | 19 kB | 688/798 kB
Progress (5): 1.6/3.1 MB | 4.7 kB | 12 kB | 19 kB | 704/798 kB
Progress (5): 1.6/3.1 MB | 4.7 kB | 12 kB | 19 kB | 704/798 kB
Progress (5): 1.6/3.1 MB | 4.7 kB | 12 kB | 19 kB | 720/798 kB
Progress (5): 1.6/3.1 MB | 4.7 kB | 12 kB | 19 kB | 720/798 kB
Progress (5): 1.6/3.1 MB | 4.7 kB | 12 kB | 19 kB | 737/798 kB
Progress (5): 1.6/3.1 MB | 4.7 kB | 12 kB | 19 kB | 737/798 kB
Progress (5): 1.6/3.1 MB | 4.7 kB | 12 kB | 19 kB | 753/798 kB
Progress (5): 1.6/3.1 MB | 4.7 kB | 12 kB | 19 kB | 770/798 kB
Progress (5): 1.7/3.1 MB | 4.7 kB | 12 kB | 19 kB | 770/798 kB
Progress (5): 1.7/3.1 MB | 4.7 kB | 12 kB | 19 kB | 786/798 kB
Progress (5): 1.7/3.1 MB | 4.7 kB | 12 kB | 19 kB | 786/798 kB
Progress (5): 1.7/3.1 MB | 4.7 kB | 12 kB | 19 kB | 786/798 kB
Progress (5): 1.7/3.1 MB | 4.7 kB | 12 kB | 19 kB | 798 kB    
Progress (5): 1.7/3.1 MB | 4.7 kB | 12 kB | 19 kB | 798 kB
Progress (5): 1.7/3.1 MB | 4.7 kB | 12 kB | 19 kB | 798 kB
Progress (5): 1.7/3.1 MB | 4.7 kB | 12 kB | 19 kB | 798 kB
Progress (5): 1.8/3.1 MB | 4.7 kB | 12 kB | 19 kB | 798 kB
Progress (5): 1.8/3.1 MB | 4.7 kB | 12 kB | 19 kB | 798 kB
Progress (5): 1.8/3.1 MB | 4.7 kB | 12 kB | 19 kB | 798 kB
Progress (5): 1.8/3.1 MB | 4.7 kB | 12 kB | 19 kB | 798 kB
Progress (5): 1.8/3.1 MB | 4.7 kB | 12 kB | 19 kB | 798 kB
Progress (5): 1.8/3.1 MB | 4.7 kB | 12 kB | 19 kB | 798 kB
Progress (5): 1.9/3.1 MB | 4.7 kB | 12 kB | 19 kB | 798 kB
Progress (5): 1.9/3.1 MB | 4.7 kB | 12 kB | 19 kB | 798 kB
Progress (5): 1.9/3.1 MB | 4.7 kB | 12 kB | 19 kB | 798 kB
Progress (5): 1.9/3.1 MB | 4.7 kB | 12 kB | 19 kB | 798 kB
Progress (5): 1.9/3.1 MB | 4.7 kB | 12 kB | 19 kB | 798 kB
Progress (5): 1.9/3.1 MB | 4.7 kB | 12 kB | 19 kB | 798 kB
Progress (5): 1.9/3.1 MB | 4.7 kB | 12 kB | 19 kB | 798 kB
Progress (5): 2.0/3.1 MB | 4.7 kB | 12 kB | 19 kB | 798 kB
Progress (5): 2.0/3.1 MB | 4.7 kB | 12 kB | 19 kB | 798 kB
Progress (5): 2.0/3.1 MB | 4.7 kB | 12 kB | 19 kB | 798 kB
Progress (5): 2.0/3.1 MB | 4.7 kB | 12 kB | 19 kB | 798 kB
Progress (5): 2.0/3.1 MB | 4.7 kB | 12 kB | 19 kB | 798 kB
Progress (5): 2.0/3.1 MB | 4.7 kB | 12 kB | 19 kB | 798 kB
Progress (5): 2.1/3.1 MB | 4.7 kB | 12 kB | 19 kB | 798 kB
Progress (5): 2.1/3.1 MB | 4.7 kB | 12 kB | 19 kB | 798 kB
Progress (5): 2.1/3.1 MB | 4.7 kB | 12 kB | 19 kB | 798 kB
Progress (5): 2.1/3.1 MB | 4.7 kB | 12 kB | 19 kB | 798 kB
Progress (5): 2.1/3.1 MB | 4.7 kB | 12 kB | 19 kB | 798 kB
Progress (5): 2.1/3.1 MB | 4.7 kB | 12 kB | 19 kB | 798 kB
Progress (5): 2.2/3.1 MB | 4.7 kB | 12 kB | 19 kB | 798 kB
Progress (5): 2.2/3.1 MB | 4.7 kB | 12 kB | 19 kB | 798 kB
Progress (5): 2.2/3.1 MB | 4.7 kB | 12 kB | 19 kB | 798 kB
Progress (5): 2.2/3.1 MB | 4.7 kB | 12 kB | 19 kB | 798 kB
Progress (5): 2.2/3.1 MB | 4.7 kB | 12 kB | 19 kB | 798 kB
Progress (5): 2.2/3.1 MB | 4.7 kB | 12 kB | 19 kB | 798 kB
Progress (5): 2.3/3.1 MB | 4.7 kB | 12 kB | 19 kB | 798 kB
Progress (5): 2.3/3.1 MB | 4.7 kB | 12 kB | 19 kB | 798 kB
Progress (5): 2.3/3.1 MB | 4.7 kB | 12 kB | 19 kB | 798 kB
Progress (5): 2.3/3.1 MB | 4.7 kB | 12 kB | 19 kB | 798 kB
Progress (5): 2.3/3.1 MB | 4.7 kB | 12 kB | 19 kB | 798 kB
Progress (5): 2.3/3.1 MB | 4.7 kB | 12 kB | 19 kB | 798 kB
Progress (5): 2.4/3.1 MB | 4.7 kB | 12 kB | 19 kB | 798 kB
Progress (5): 2.4/3.1 MB | 4.7 kB | 12 kB | 19 kB | 798 kB
Progress (5): 2.4/3.1 MB | 4.7 kB | 12 kB | 19 kB | 798 kB
Progress (5): 2.4/3.1 MB | 4.7 kB | 12 kB | 19 kB | 798 kB
Progress (5): 2.4/3.1 MB | 4.7 kB | 12 kB | 19 kB | 798 kB
Progress (5): 2.4/3.1 MB | 4.7 kB | 12 kB | 19 kB | 798 kB
Progress (5): 2.5/3.1 MB | 4.7 kB | 12 kB | 19 kB | 798 kB
Progress (5): 2.5/3.1 MB | 4.7 kB | 12 kB | 19 kB | 798 kB
Progress (5): 2.5/3.1 MB | 4.7 kB | 12 kB | 19 kB | 798 kB
Progress (5): 2.5/3.1 MB | 4.7 kB | 12 kB | 19 kB | 798 kB
Progress (5): 2.5/3.1 MB | 4.7 kB | 12 kB | 19 kB | 798 kB
Progress (5): 2.5/3.1 MB | 4.7 kB | 12 kB | 19 kB | 798 kB
Progress (5): 2.6/3.1 MB | 4.7 kB | 12 kB | 19 kB | 798 kB
Progress (5): 2.6/3.1 MB | 4.7 kB | 12 kB | 19 kB | 798 kB
Progress (5): 2.6/3.1 MB | 4.7 kB | 12 kB | 19 kB | 798 kB
Progress (5): 2.6/3.1 MB | 4.7 kB | 12 kB | 19 kB | 798 kB
Progress (5): 2.6/3.1 MB | 4.7 kB | 12 kB | 19 kB | 798 kB
Progress (5): 2.6/3.1 MB | 4.7 kB | 12 kB | 19 kB | 798 kB
Progress (5): 2.7/3.1 MB | 4.7 kB | 12 kB | 19 kB | 798 kB
Progress (5): 2.7/3.1 MB | 4.7 kB | 12 kB | 19 kB | 798 kB
Progress (5): 2.7/3.1 MB | 4.7 kB | 12 kB | 19 kB | 798 kB
Progress (5): 2.7/3.1 MB | 4.7 kB | 12 kB | 19 kB | 798 kB
Progress (5): 2.7/3.1 MB | 4.7 kB | 12 kB | 19 kB | 798 kB
Progress (5): 2.7/3.1 MB | 4.7 kB | 12 kB | 19 kB | 798 kB
Progress (5): 2.8/3.1 MB | 4.7 kB | 12 kB | 19 kB | 798 kB
Progress (5): 2.8/3.1 MB | 4.7 kB | 12 kB | 19 kB | 798 kB
Progress (5): 2.8/3.1 MB | 4.7 kB | 12 kB | 19 kB | 798 kB
Progress (5): 2.8/3.1 MB | 4.7 kB | 12 kB | 19 kB | 798 kB
Progress (5): 2.8/3.1 MB | 4.7 kB | 12 kB | 19 kB | 798 kB
Progress (5): 2.8/3.1 MB | 4.7 kB | 12 kB | 19 kB | 798 kB
Progress (5): 2.9/3.1 MB | 4.7 kB | 12 kB | 19 kB | 798 kB
Progress (5): 2.9/3.1 MB | 4.7 kB | 12 kB | 19 kB | 798 kB
Progress (5): 2.9/3.1 MB | 4.7 kB | 12 kB | 19 kB | 798 kB
Progress (5): 2.9/3.1 MB | 4.7 kB | 12 kB | 19 kB | 798 kB
Progress (5): 2.9/3.1 MB | 4.7 kB | 12 kB | 19 kB | 798 kB
Progress (5): 2.9/3.1 MB | 4.7 kB | 12 kB | 19 kB | 798 kB
Progress (5): 2.9/3.1 MB | 4.7 kB | 12 kB | 19 kB | 798 kB
Progress (5): 3.0/3.1 MB | 4.7 kB | 12 kB | 19 kB | 798 kB
Progress (5): 3.0/3.1 MB | 4.7 kB | 12 kB | 19 kB | 798 kB
Progress (5): 3.0/3.1 MB | 4.7 kB | 12 kB | 19 kB | 798 kB
Progress (5): 3.0/3.1 MB | 4.7 kB | 12 kB | 19 kB | 798 kB
Progress (5): 3.0/3.1 MB | 4.7 kB | 12 kB | 19 kB | 798 kB
Progress (5): 3.0/3.1 MB | 4.7 kB | 12 kB | 19 kB | 798 kB
Progress (5): 3.1/3.1 MB | 4.7 kB | 12 kB | 19 kB | 798 kB
                                                          
Downloaded from central: https://repo1.maven.org/maven2/com/google/guava/failureaccess/1.0.2/failureaccess-1.0.2.jar (4.7 kB at 25 kB/s)
Downloading from central: https://repo1.maven.org/maven2/org/apache/httpcomponents/core5/httpcore5-h2/5.1.3/httpcore5-h2-5.1.3.jar
Downloaded from central: https://repo1.maven.org/maven2/com/google/j2objc/j2objc-annotations/3.0.0/j2objc-annotations-3.0.0.jar (12 kB at 66 kB/s)
Downloading from central: https://repo1.maven.org/maven2/org/apache/httpcomponents/core5/httpcore5/5.1.3/httpcore5-5.1.3.jar
Progress (3): 3.1/3.1 MB | 19 kB | 798 kB
Progress (3): 3.1 MB | 19 kB | 798 kB    
                                     
Downloaded from central: https://repo1.maven.org/maven2/com/google/errorprone/error_prone_annotations/2.36.0/error_prone_annotations-2.36.0.jar (19 kB at 101 kB/s)
Downloading from central: https://repo1.maven.org/maven2/org/apache/maven/doxia/doxia-module-xdoc/1.12.0/doxia-module-xdoc-1.12.0.jar
Downloaded from central: https://repo1.maven.org/maven2/org/apache/httpcomponents/client5/httpclient5/5.1.3/httpclient5-5.1.3.jar (798 kB at 1.0 MB/s)
Downloading from central: https://repo1.maven.org/maven2/org/apache/directory/buildtools/checkstyle-configuration/2.0.2/checkstyle-configuration-2.0.2.jar
Progress (2): 3.1 MB | 7.7/37 kB
Progress (3): 3.1 MB | 7.7/37 kB | 7.7/851 kB
Progress (3): 3.1 MB | 16/37 kB | 7.7/851 kB 
Progress (4): 3.1 MB | 16/37 kB | 7.7/851 kB | 3.4/232 kB
Progress (4): 3.1 MB | 32/37 kB | 7.7/851 kB | 3.4/232 kB
Progress (4): 3.1 MB | 37 kB | 7.7/851 kB | 3.4/232 kB   
Progress (4): 3.1 MB | 37 kB | 12/851 kB | 3.4/232 kB 
Progress (5): 3.1 MB | 37 kB | 12/851 kB | 3.4/232 kB | 7.7/9.5 kB
Progress (5): 3.1 MB | 37 kB | 28/851 kB | 3.4/232 kB | 7.7/9.5 kB
Progress (5): 3.1 MB | 37 kB | 44/851 kB | 3.4/232 kB | 7.7/9.5 kB
Progress (5): 3.1 MB | 37 kB | 61/851 kB | 3.4/232 kB | 7.7/9.5 kB
Progress (5): 3.1 MB | 37 kB | 77/851 kB | 3.4/232 kB | 7.7/9.5 kB
Progress (5): 3.1 MB | 37 kB | 94/851 kB | 3.4/232 kB | 7.7/9.5 kB
Progress (5): 3.1 MB | 37 kB | 110/851 kB | 3.4/232 kB | 7.7/9.5 kB
Progress (5): 3.1 MB | 37 kB | 126/851 kB | 3.4/232 kB | 7.7/9.5 kB
Progress (5): 3.1 MB | 37 kB | 143/851 kB | 3.4/232 kB | 7.7/9.5 kB
Progress (5): 3.1 MB | 37 kB | 159/851 kB | 3.4/232 kB | 7.7/9.5 kB
Progress (5): 3.1 MB | 37 kB | 175/851 kB | 3.4/232 kB | 7.7/9.5 kB
Progress (5): 3.1 MB | 37 kB | 192/851 kB | 3.4/232 kB | 7.7/9.5 kB
Progress (5): 3.1 MB | 37 kB | 208/851 kB | 3.4/232 kB | 7.7/9.5 kB
Progress (5): 3.1 MB | 37 kB | 216/851 kB | 3.4/232 kB | 7.7/9.5 kB
Progress (5): 3.1 MB | 37 kB | 233/851 kB | 3.4/232 kB | 7.7/9.5 kB
Progress (5): 3.1 MB | 37 kB | 249/851 kB | 3.4/232 kB | 7.7/9.5 kB
Progress (5): 3.1 MB | 37 kB | 266/851 kB | 3.4/232 kB | 7.7/9.5 kB
Progress (5): 3.1 MB | 37 kB | 282/851 kB | 3.4/232 kB | 7.7/9.5 kB
Progress (5): 3.1 MB | 37 kB | 298/851 kB | 3.4/232 kB | 7.7/9.5 kB
Progress (5): 3.1 MB | 37 kB | 314/851 kB | 3.4/232 kB | 7.7/9.5 kB
Progress (5): 3.1 MB | 37 kB | 323/851 kB | 3.4/232 kB | 7.7/9.5 kB
Progress (5): 3.1 MB | 37 kB | 323/851 kB | 12/232 kB | 7.7/9.5 kB 
Progress (5): 3.1 MB | 37 kB | 331/851 kB | 12/232 kB | 7.7/9.5 kB
Progress (5): 3.1 MB | 37 kB | 331/851 kB | 28/232 kB | 7.7/9.5 kB
Progress (5): 3.1 MB | 37 kB | 347/851 kB | 28/232 kB | 7.7/9.5 kB
Progress (5): 3.1 MB | 37 kB | 347/851 kB | 44/232 kB | 7.7/9.5 kB
Progress (5): 3.1 MB | 37 kB | 355/851 kB | 44/232 kB | 7.7/9.5 kB
Progress (5): 3.1 MB | 37 kB | 364/851 kB | 44/232 kB | 7.7/9.5 kB
Progress (5): 3.1 MB | 37 kB | 364/851 kB | 61/232 kB | 7.7/9.5 kB
Progress (5): 3.1 MB | 37 kB | 380/851 kB | 61/232 kB | 7.7/9.5 kB
Progress (5): 3.1 MB | 37 kB | 380/851 kB | 77/232 kB | 7.7/9.5 kB
Progress (5): 3.1 MB | 37 kB | 380/851 kB | 94/232 kB | 7.7/9.5 kB
Progress (5): 3.1 MB | 37 kB | 396/851 kB | 94/232 kB | 7.7/9.5 kB
Progress (5): 3.1 MB | 37 kB | 396/851 kB | 110/232 kB | 7.7/9.5 kB
Progress (5): 3.1 MB | 37 kB | 413/851 kB | 110/232 kB | 7.7/9.5 kB
Progress (5): 3.1 MB | 37 kB | 413/851 kB | 126/232 kB | 7.7/9.5 kB
Progress (5): 3.1 MB | 37 kB | 429/851 kB | 126/232 kB | 7.7/9.5 kB
Progress (5): 3.1 MB | 37 kB | 429/851 kB | 134/232 kB | 7.7/9.5 kB
Progress (5): 3.1 MB | 37 kB | 437/851 kB | 134/232 kB | 7.7/9.5 kB
Progress (5): 3.1 MB | 37 kB | 454/851 kB | 134/232 kB | 7.7/9.5 kB
Progress (5): 3.1 MB | 37 kB | 454/851 kB | 151/232 kB | 7.7/9.5 kB
Progress (5): 3.1 MB | 37 kB | 454/851 kB | 159/232 kB | 7.7/9.5 kB
Progress (5): 3.1 MB | 37 kB | 470/851 kB | 159/232 kB | 7.7/9.5 kB
Progress (5): 3.1 MB | 37 kB | 470/851 kB | 175/232 kB | 7.7/9.5 kB
Progress (5): 3.1 MB | 37 kB | 486/851 kB | 175/232 kB | 7.7/9.5 kB
Progress (5): 3.1 MB | 37 kB | 486/851 kB | 192/232 kB | 7.7/9.5 kB
Progress (5): 3.1 MB | 37 kB | 486/851 kB | 192/232 kB | 9.5 kB    
Progress (5): 3.1 MB | 37 kB | 503/851 kB | 192/232 kB | 9.5 kB
Progress (5): 3.1 MB | 37 kB | 503/851 kB | 208/232 kB | 9.5 kB
Progress (5): 3.1 MB | 37 kB | 519/851 kB | 208/232 kB | 9.5 kB
Progress (5): 3.1 MB | 37 kB | 519/851 kB | 225/232 kB | 9.5 kB
Progress (5): 3.1 MB | 37 kB | 519/851 kB | 232 kB | 9.5 kB    
Progress (5): 3.1 MB | 37 kB | 536/851 kB | 232 kB | 9.5 kB
Progress (5): 3.1 MB | 37 kB | 552/851 kB | 232 kB | 9.5 kB
Progress (5): 3.1 MB | 37 kB | 568/851 kB | 232 kB | 9.5 kB
Progress (5): 3.1 MB | 37 kB | 585/851 kB | 232 kB | 9.5 kB
Progress (5): 3.1 MB | 37 kB | 601/851 kB | 232 kB | 9.5 kB
Progress (5): 3.1 MB | 37 kB | 618/851 kB | 232 kB | 9.5 kB
Progress (5): 3.1 MB | 37 kB | 634/851 kB | 232 kB | 9.5 kB
Progress (5): 3.1 MB | 37 kB | 650/851 kB | 232 kB | 9.5 kB
                                                           
Downloaded from central: https://repo1.maven.org/maven2/com/google/guava/guava/33.4.0-jre/guava-33.4.0-jre.jar (3.1 MB at 3.3 MB/s)
Downloading from central: https://repo1.maven.org/maven2/org/apache/maven/reporting/maven-reporting-api/4.0.0/maven-reporting-api-4.0.0.jar
Progress (4): 37 kB | 667/851 kB | 232 kB | 9.5 kB
Progress (4): 37 kB | 683/851 kB | 232 kB | 9.5 kB
Progress (4): 37 kB | 699/851 kB | 232 kB | 9.5 kB
Progress (4): 37 kB | 716/851 kB | 232 kB | 9.5 kB
Progress (4): 37 kB | 732/851 kB | 232 kB | 9.5 kB
Progress (4): 37 kB | 749/851 kB | 232 kB | 9.5 kB
Progress (4): 37 kB | 765/851 kB | 232 kB | 9.5 kB
Progress (4): 37 kB | 770/851 kB | 232 kB | 9.5 kB
Progress (4): 37 kB | 781/851 kB | 232 kB | 9.5 kB
Progress (4): 37 kB | 798/851 kB | 232 kB | 9.5 kB
Progress (4): 37 kB | 814/851 kB | 232 kB | 9.5 kB
Progress (4): 37 kB | 831/851 kB | 232 kB | 9.5 kB
Progress (4): 37 kB | 847/851 kB | 232 kB | 9.5 kB
Progress (4): 37 kB | 851 kB | 232 kB | 9.5 kB    
                                              
Downloaded from central: https://repo1.maven.org/maven2/org/apache/maven/doxia/doxia-module-xdoc/1.12.0/doxia-module-xdoc-1.12.0.jar (37 kB at 39 kB/s)
Downloading from central: https://repo1.maven.org/maven2/org/apache/maven/reporting/maven-reporting-impl/4.0.0/maven-reporting-impl-4.0.0.jar
Downloaded from central: https://repo1.maven.org/maven2/org/apache/directory/buildtools/checkstyle-configuration/2.0.2/checkstyle-configuration-2.0.2.jar (9.5 kB at 10 kB/s)
Downloading from central: https://repo1.maven.org/maven2/org/apache/maven/shared/maven-shared-utils/3.4.2/maven-shared-utils-3.4.2.jar
Downloaded from central: https://repo1.maven.org/maven2/org/apache/httpcomponents/core5/httpcore5-h2/5.1.3/httpcore5-h2-5.1.3.jar (232 kB at 245 kB/s)
Downloading from central: https://repo1.maven.org/maven2/org/apache/maven/doxia/doxia-site-model/2.0.0/doxia-site-model-2.0.0.jar
Downloaded from central: https://repo1.maven.org/maven2/org/apache/httpcomponents/core5/httpcore5/5.1.3/httpcore5-5.1.3.jar (851 kB at 895 kB/s)
Downloading from central: https://repo1.maven.org/maven2/org/apache/maven/doxia/doxia-site-renderer/2.0.0/doxia-site-renderer-2.0.0.jar
Progress (1): 3.4/9.8 kB
Progress (1): 9.8 kB    
                    
Downloaded from central: https://repo1.maven.org/maven2/org/apache/maven/reporting/maven-reporting-api/4.0.0/maven-reporting-api-4.0.0.jar (9.8 kB at 10 kB/s)
Downloading from central: https://repo1.maven.org/maven2/org/apache/maven/doxia/doxia-skin-model/2.0.0/doxia-skin-model-2.0.0.jar
Progress (1): 7.7/151 kB
Progress (2): 7.7/151 kB | 16/86 kB
Progress (2): 7.7/151 kB | 25/86 kB
Progress (2): 7.7/151 kB | 41/86 kB
Progress (2): 16/151 kB | 41/86 kB 
Progress (2): 16/151 kB | 57/86 kB
Progress (2): 32/151 kB | 57/86 kB
Progress (2): 49/151 kB | 57/86 kB
Progress (2): 49/151 kB | 74/86 kB
Progress (2): 65/151 kB | 74/86 kB
Progress (2): 65/151 kB | 86 kB   
Progress (2): 81/151 kB | 86 kB
Progress (3): 81/151 kB | 86 kB | 7.7/21 kB
Progress (3): 98/151 kB | 86 kB | 7.7/21 kB
Progress (3): 114/151 kB | 86 kB | 7.7/21 kB
Progress (3): 131/151 kB | 86 kB | 7.7/21 kB
Progress (3): 131/151 kB | 86 kB | 8.2/21 kB
Progress (3): 147/151 kB | 86 kB | 8.2/21 kB
Progress (3): 151 kB | 86 kB | 8.2/21 kB    
Progress (3): 151 kB | 86 kB | 21 kB    
Progress (4): 151 kB | 86 kB | 21 kB | 7.7/44 kB
Progress (4): 151 kB | 86 kB | 21 kB | 16/44 kB 
Progress (4): 151 kB | 86 kB | 21 kB | 32/44 kB
Progress (4): 151 kB | 86 kB | 21 kB | 44 kB   
                                            
Downloaded from central: https://repo1.maven.org/maven2/org/apache/maven/doxia/doxia-site-model/2.0.0/doxia-site-model-2.0.0.jar (86 kB at 86 kB/s)
Downloading from central: https://repo1.maven.org/maven2/org/apache/maven/doxia/doxia-module-xhtml5/2.0.0/doxia-module-xhtml5-2.0.0.jar
Downloaded from central: https://repo1.maven.org/maven2/org/apache/maven/shared/maven-shared-utils/3.4.2/maven-shared-utils-3.4.2.jar (151 kB at 151 kB/s)
Downloading from central: https://repo1.maven.org/maven2/org/codehaus/plexus/plexus-velocity/2.2.0/plexus-velocity-2.2.0.jar
Downloaded from central: https://repo1.maven.org/maven2/org/apache/maven/doxia/doxia-site-renderer/2.0.0/doxia-site-renderer-2.0.0.jar (44 kB at 43 kB/s)
Downloading from central: https://repo1.maven.org/maven2/org/apache/velocity/velocity-engine-core/2.4/velocity-engine-core-2.4.jar
Downloaded from central: https://repo1.maven.org/maven2/org/apache/maven/reporting/maven-reporting-impl/4.0.0/maven-reporting-impl-4.0.0.jar (21 kB at 21 kB/s)
Downloading from central: https://repo1.maven.org/maven2/org/apache/velocity/tools/velocity-tools-generic/3.1/velocity-tools-generic-3.1.jar
Progress (1): 7.7/16 kB
Progress (1): 8.2/16 kB
Progress (1): 16 kB    
                   
Downloaded from central: https://repo1.maven.org/maven2/org/apache/maven/doxia/doxia-skin-model/2.0.0/doxia-skin-model-2.0.0.jar (16 kB at 16 kB/s)
Downloading from central: https://repo1.maven.org/maven2/org/apache/commons/commons-digester3/3.2/commons-digester3-3.2.jar
Progress (1): 7.7/17 kB
Progress (1): 16/17 kB 
Progress (1): 17 kB   
Progress (2): 17 kB | 7.7/217 kB
Progress (2): 17 kB | 16/217 kB 
Progress (2): 17 kB | 25/217 kB
Progress (2): 17 kB | 41/217 kB
Progress (2): 17 kB | 57/217 kB
Progress (2): 17 kB | 74/217 kB
Progress (2): 17 kB | 90/217 kB
Progress (2): 17 kB | 106/217 kB
Progress (2): 17 kB | 123/217 kB
Progress (2): 17 kB | 139/217 kB
Progress (3): 17 kB | 139/217 kB | 7.7/510 kB
Progress (3): 17 kB | 156/217 kB | 7.7/510 kB
Progress (3): 17 kB | 172/217 kB | 7.7/510 kB
Progress (3): 17 kB | 188/217 kB | 7.7/510 kB
Progress (3): 17 kB | 205/217 kB | 7.7/510 kB
Progress (3): 17 kB | 217 kB | 7.7/510 kB    
Progress (3): 17 kB | 217 kB | 16/510 kB 
Progress (3): 17 kB | 217 kB | 29/510 kB
Progress (3): 17 kB | 217 kB | 45/510 kB
Progress (3): 17 kB | 217 kB | 61/510 kB
Progress (4): 17 kB | 217 kB | 61/510 kB | 5.7 kB
Progress (4): 17 kB | 217 kB | 78/510 kB | 5.7 kB
Progress (4): 17 kB | 217 kB | 94/510 kB | 5.7 kB
                                                 
Downloaded from central: https://repo1.maven.org/maven2/org/apache/maven/doxia/doxia-module-xhtml5/2.0.0/doxia-module-xhtml5-2.0.0.jar (17 kB at 16 kB/s)
Downloading from central: https://repo1.maven.org/maven2/org/apache/maven/doxia/doxia-module-apt/2.0.0/doxia-module-apt-2.0.0.jar
Progress (3): 217 kB | 111/510 kB | 5.7 kB
Progress (3): 217 kB | 127/510 kB | 5.7 kB
Progress (3): 217 kB | 143/510 kB | 5.7 kB
Progress (3): 217 kB | 160/510 kB | 5.7 kB
Progress (3): 217 kB | 176/510 kB | 5.7 kB
Progress (3): 217 kB | 193/510 kB | 5.7 kB
Progress (3): 217 kB | 209/510 kB | 5.7 kB
Progress (3): 217 kB | 225/510 kB | 5.7 kB
Progress (3): 217 kB | 242/510 kB | 5.7 kB
Progress (3): 217 kB | 258/510 kB | 5.7 kB
Progress (3): 217 kB | 262/510 kB | 5.7 kB
Progress (3): 217 kB | 279/510 kB | 5.7 kB
Progress (3): 217 kB | 295/510 kB | 5.7 kB
Progress (3): 217 kB | 311/510 kB | 5.7 kB
Progress (3): 217 kB | 328/510 kB | 5.7 kB
Progress (3): 217 kB | 344/510 kB | 5.7 kB
Progress (3): 217 kB | 360/510 kB | 5.7 kB
Progress (3): 217 kB | 377/510 kB | 5.7 kB
Progress (3): 217 kB | 393/510 kB | 5.7 kB
Progress (3): 217 kB | 410/510 kB | 5.7 kB
Progress (3): 217 kB | 426/510 kB | 5.7 kB
Progress (3): 217 kB | 442/510 kB | 5.7 kB
Progress (3): 217 kB | 459/510 kB | 5.7 kB
Progress (3): 217 kB | 475/510 kB | 5.7 kB
Progress (3): 217 kB | 492/510 kB | 5.7 kB
Progress (3): 217 kB | 508/510 kB | 5.7 kB
Progress (3): 217 kB | 510 kB | 5.7 kB    
                                      
Downloaded from central: https://repo1.maven.org/maven2/org/codehaus/plexus/plexus-velocity/2.2.0/plexus-velocity-2.2.0.jar (5.7 kB at 5.4 kB/s)
Downloading from central: https://repo1.maven.org/maven2/org/apache/maven/maven-archiver/3.6.2/maven-archiver-3.6.2.jar
Downloaded from central: https://repo1.maven.org/maven2/org/apache/velocity/tools/velocity-tools-generic/3.1/velocity-tools-generic-3.1.jar (217 kB at 206 kB/s)
Downloading from central: https://repo1.maven.org/maven2/org/codehaus/plexus/plexus-archiver/4.9.2/plexus-archiver-4.9.2.jar
Progress (2): 510 kB | 7.7/242 kB
Progress (2): 510 kB | 16/242 kB 
Progress (2): 510 kB | 25/242 kB
Progress (2): 510 kB | 41/242 kB
Progress (2): 510 kB | 57/242 kB
Progress (2): 510 kB | 66/242 kB
Progress (2): 510 kB | 74/242 kB
Progress (2): 510 kB | 90/242 kB
Progress (2): 510 kB | 106/242 kB
Progress (2): 510 kB | 123/242 kB
Progress (2): 510 kB | 139/242 kB
Progress (2): 510 kB | 156/242 kB
                                 
Downloaded from central: https://repo1.maven.org/maven2/org/apache/velocity/velocity-engine-core/2.4/velocity-engine-core-2.4.jar (510 kB at 480 kB/s)
Downloading from central: https://repo1.maven.org/maven2/org/codehaus/plexus/plexus-io/3.4.2/plexus-io-3.4.2.jar
Progress (1): 172/242 kB
Progress (1): 188/242 kB
Progress (1): 197/242 kB
Progress (1): 213/242 kB
Progress (1): 229/242 kB
Progress (1): 242 kB    
                    
Downloaded from central: https://repo1.maven.org/maven2/org/apache/commons/commons-digester3/3.2/commons-digester3-3.2.jar (242 kB at 224 kB/s)
Downloading from central: https://repo1.maven.org/maven2/org/apache/commons/commons-compress/1.26.1/commons-compress-1.26.1.jar
Progress (1): 7.7/27 kB
Progress (2): 7.7/27 kB | 7.7/54 kB
Progress (2): 12/27 kB | 7.7/54 kB 
Progress (2): 27 kB | 7.7/54 kB   
Progress (2): 27 kB | 16/54 kB 
Progress (2): 27 kB | 25/54 kB
Progress (2): 27 kB | 41/54 kB
Progress (2): 27 kB | 54 kB   
Progress (3): 27 kB | 54 kB | 7.7/225 kB
Progress (3): 27 kB | 54 kB | 16/225 kB 
Progress (3): 27 kB | 54 kB | 32/225 kB
Progress (3): 27 kB | 54 kB | 49/225 kB
Progress (3): 27 kB | 54 kB | 65/225 kB
Progress (3): 27 kB | 54 kB | 81/225 kB
Progress (3): 27 kB | 54 kB | 98/225 kB
Progress (3): 27 kB | 54 kB | 114/225 kB
Progress (3): 27 kB | 54 kB | 131/225 kB
Progress (3): 27 kB | 54 kB | 147/225 kB
Progress (3): 27 kB | 54 kB | 163/225 kB
Progress (3): 27 kB | 54 kB | 180/225 kB
Progress (3): 27 kB | 54 kB | 196/225 kB
Progress (3): 27 kB | 54 kB | 213/225 kB
Progress (3): 27 kB | 54 kB | 225 kB    
Progress (4): 27 kB | 54 kB | 225 kB | 7.7/79 kB
Progress (4): 27 kB | 54 kB | 225 kB | 16/79 kB 
Progress (4): 27 kB | 54 kB | 225 kB | 24/79 kB
Progress (4): 27 kB | 54 kB | 225 kB | 41/79 kB
Progress (4): 27 kB | 54 kB | 225 kB | 57/79 kB
Progress (4): 27 kB | 54 kB | 225 kB | 73/79 kB
Progress (4): 27 kB | 54 kB | 225 kB | 79 kB   
                                            
Downloaded from central: https://repo1.maven.org/maven2/org/apache/maven/doxia/doxia-module-apt/2.0.0/doxia-module-apt-2.0.0.jar (54 kB at 49 kB/s)
Downloading from central: https://repo1.maven.org/maven2/org/codehaus/plexus/plexus-classworlds/2.6.0/plexus-classworlds-2.6.0.jar
Downloaded from central: https://repo1.maven.org/maven2/org/apache/maven/maven-archiver/3.6.2/maven-archiver-3.6.2.jar (27 kB at 24 kB/s)
Downloading from central: https://repo1.maven.org/maven2/org/apache/maven/doxia/doxia-sink-api/2.0.0/doxia-sink-api-2.0.0.jar
Downloaded from central: https://repo1.maven.org/maven2/org/codehaus/plexus/plexus-archiver/4.9.2/plexus-archiver-4.9.2.jar (225 kB at 202 kB/s)
Downloading from central: https://repo1.maven.org/maven2/org/apache/maven/doxia/doxia-core/2.0.0/doxia-core-2.0.0.jar
Downloaded from central: https://repo1.maven.org/maven2/org/codehaus/plexus/plexus-io/3.4.2/plexus-io-3.4.2.jar (79 kB at 71 kB/s)
Downloading from central: https://repo1.maven.org/maven2/org/apache/commons/commons-text/1.12.0/commons-text-1.12.0.jar
Progress (1): 0/1.1 MB
Progress (1): 0/1.1 MB
Progress (1): 0/1.1 MB
Progress (1): 0/1.1 MB
Progress (1): 0.1/1.1 MB
Progress (1): 0.1/1.1 MB
Progress (1): 0.1/1.1 MB
Progress (1): 0.1/1.1 MB
Progress (1): 0.1/1.1 MB
Progress (1): 0.1/1.1 MB
Progress (1): 0.2/1.1 MB
Progress (1): 0.2/1.1 MB
Progress (1): 0.2/1.1 MB
Progress (1): 0.2/1.1 MB
Progress (1): 0.2/1.1 MB
Progress (1): 0.2/1.1 MB
Progress (1): 0.3/1.1 MB
Progress (1): 0.3/1.1 MB
Progress (1): 0.3/1.1 MB
Progress (1): 0.3/1.1 MB
Progress (1): 0.3/1.1 MB
Progress (1): 0.3/1.1 MB
Progress (1): 0.4/1.1 MB
Progress (1): 0.4/1.1 MB
Progress (1): 0.4/1.1 MB
Progress (1): 0.4/1.1 MB
Progress (1): 0.4/1.1 MB
Progress (1): 0.4/1.1 MB
Progress (1): 0.5/1.1 MB
Progress (1): 0.5/1.1 MB
Progress (1): 0.5/1.1 MB
Progress (1): 0.5/1.1 MB
Progress (1): 0.5/1.1 MB
Progress (1): 0.5/1.1 MB
Progress (1): 0.6/1.1 MB
Progress (1): 0.6/1.1 MB
Progress (1): 0.6/1.1 MB
Progress (1): 0.6/1.1 MB
Progress (1): 0.6/1.1 MB
Progress (1): 0.6/1.1 MB
Progress (1): 0.7/1.1 MB
Progress (1): 0.7/1.1 MB
Progress (1): 0.7/1.1 MB
Progress (1): 0.7/1.1 MB
Progress (1): 0.7/1.1 MB
Progress (1): 0.7/1.1 MB
Progress (1): 0.8/1.1 MB
Progress (1): 0.8/1.1 MB
Progress (1): 0.8/1.1 MB
Progress (1): 0.8/1.1 MB
Progress (2): 0.8/1.1 MB | 7.7/11 kB
Progress (3): 0.8/1.1 MB | 7.7/11 kB | 7.7/53 kB
Progress (3): 0.8/1.1 MB | 7.7/11 kB | 7.7/53 kB
Progress (3): 0.8/1.1 MB | 11 kB | 7.7/53 kB    
Progress (3): 0.8/1.1 MB | 11 kB | 7.7/53 kB
Progress (3): 0.8/1.1 MB | 11 kB | 16/53 kB 
Progress (3): 0.9/1.1 MB | 11 kB | 16/53 kB
Progress (3): 0.9/1.1 MB | 11 kB | 16/53 kB
Progress (3): 0.9/1.1 MB | 11 kB | 29/53 kB
Progress (3): 0.9/1.1 MB | 11 kB | 29/53 kB
Progress (3): 0.9/1.1 MB | 11 kB | 29/53 kB
Progress (3): 0.9/1.1 MB | 11 kB | 45/53 kB
Progress (3): 0.9/1.1 MB | 11 kB | 45/53 kB
Progress (3): 0.9/1.1 MB | 11 kB | 53 kB   
Progress (3): 0.9/1.1 MB | 11 kB | 53 kB
Progress (3): 0.9/1.1 MB | 11 kB | 53 kB
Progress (3): 1.0/1.1 MB | 11 kB | 53 kB
Progress (3): 1.0/1.1 MB | 11 kB | 53 kB
Progress (3): 1.0/1.1 MB | 11 kB | 53 kB
Progress (3): 1.0/1.1 MB | 11 kB | 53 kB
Progress (3): 1.0/1.1 MB | 11 kB | 53 kB
Progress (3): 1.0/1.1 MB | 11 kB | 53 kB
Progress (3): 1.1/1.1 MB | 11 kB | 53 kB
Progress (3): 1.1 MB | 11 kB | 53 kB    
                                    
Downloaded from central: https://repo1.maven.org/maven2/org/apache/maven/doxia/doxia-sink-api/2.0.0/doxia-sink-api-2.0.0.jar (11 kB at 9.9 kB/s)
Downloading from central: https://repo1.maven.org/maven2/org/apache/maven/doxia/doxia-integration-tools/2.0.0/doxia-integration-tools-2.0.0.jar
Downloaded from central: https://repo1.maven.org/maven2/org/codehaus/plexus/plexus-classworlds/2.6.0/plexus-classworlds-2.6.0.jar (53 kB at 46 kB/s)
Downloading from central: https://repo1.maven.org/maven2/org/codehaus/plexus/plexus-interpolation/1.27/plexus-interpolation-1.27.jar
Progress (2): 1.1 MB | 7.7/251 kB
Progress (2): 1.1 MB | 16/251 kB 
Progress (2): 1.1 MB | 32/251 kB
Progress (2): 1.1 MB | 49/251 kB
Progress (2): 1.1 MB | 65/251 kB
Progress (2): 1.1 MB | 81/251 kB
Progress (2): 1.1 MB | 98/251 kB
Progress (2): 1.1 MB | 114/251 kB
Progress (2): 1.1 MB | 131/251 kB
Progress (3): 1.1 MB | 131/251 kB | 7.7/168 kB
Progress (3): 1.1 MB | 147/251 kB | 7.7/168 kB
Progress (3): 1.1 MB | 163/251 kB | 7.7/168 kB
                                              
Downloaded from central: https://repo1.maven.org/maven2/org/apache/commons/commons-compress/1.26.1/commons-compress-1.26.1.jar (1.1 MB at 931 kB/s)
Downloading from central: https://repo1.maven.org/maven2/org/codehaus/plexus/plexus-component-annotations/2.2.0/plexus-component-annotations-2.2.0.jar
Progress (2): 180/251 kB | 7.7/168 kB
Progress (2): 196/251 kB | 7.7/168 kB
Progress (2): 196/251 kB | 16/168 kB 
Progress (2): 213/251 kB | 16/168 kB
Progress (2): 213/251 kB | 32/168 kB
Progress (2): 229/251 kB | 32/168 kB
Progress (2): 229/251 kB | 49/168 kB
Progress (2): 245/251 kB | 49/168 kB
Progress (2): 251 kB | 49/168 kB    
Progress (2): 251 kB | 65/168 kB
Progress (2): 251 kB | 81/168 kB
Progress (2): 251 kB | 98/168 kB
Progress (2): 251 kB | 114/168 kB
Progress (2): 251 kB | 131/168 kB
Progress (2): 251 kB | 147/168 kB
Progress (2): 251 kB | 163/168 kB
Progress (2): 251 kB | 168 kB    
                             
Downloaded from central: https://repo1.maven.org/maven2/org/apache/commons/commons-text/1.12.0/commons-text-1.12.0.jar (251 kB at 213 kB/s)
Downloading from central: https://repo1.maven.org/maven2/org/codehaus/plexus/plexus-resources/1.3.0/plexus-resources-1.3.0.jar
Downloaded from central: https://repo1.maven.org/maven2/org/apache/maven/doxia/doxia-core/2.0.0/doxia-core-2.0.0.jar (168 kB at 143 kB/s)
Downloading from central: https://repo1.maven.org/maven2/org/codehaus/plexus/plexus-xml/3.0.1/plexus-xml-3.0.1.jar
Progress (1): 7.7/86 kB
Progress (1): 16/86 kB 
Progress (1): 32/86 kB
Progress (1): 49/86 kB
Progress (1): 65/86 kB
Progress (2): 65/86 kB | 7.7/50 kB
Progress (2): 81/86 kB | 7.7/50 kB
Progress (2): 81/86 kB | 16/50 kB 
Progress (2): 86 kB | 16/50 kB   
Progress (2): 86 kB | 32/50 kB
Progress (2): 86 kB | 49/50 kB
Progress (2): 86 kB | 50 kB   
Progress (3): 86 kB | 50 kB | 4.2 kB
                                    
Downloaded from central: https://repo1.maven.org/maven2/org/apache/maven/doxia/doxia-integration-tools/2.0.0/doxia-integration-tools-2.0.0.jar (50 kB at 42 kB/s)
Downloading from central: https://repo1.maven.org/maven2/org/apache/commons/commons-lang3/3.17.0/commons-lang3-3.17.0.jar
Downloaded from central: https://repo1.maven.org/maven2/org/codehaus/plexus/plexus-interpolation/1.27/plexus-interpolation-1.27.jar (86 kB at 71 kB/s)
Downloaded from central: https://repo1.maven.org/maven2/org/codehaus/plexus/plexus-component-annotations/2.2.0/plexus-component-annotations-2.2.0.jar (4.2 kB at 3.4 kB/s)
Progress (1): 7.7/23 kB
Progress (1): 16/23 kB 
Progress (1): 23 kB   
Progress (2): 23 kB | 7.7/94 kB
Progress (2): 23 kB | 8.2/94 kB
Progress (2): 23 kB | 25/94 kB 
Progress (2): 23 kB | 41/94 kB
Progress (2): 23 kB | 57/94 kB
Progress (2): 23 kB | 74/94 kB
Progress (2): 23 kB | 90/94 kB
Progress (2): 23 kB | 94 kB   
Progress (3): 23 kB | 94 kB | 8.2/674 kB
Progress (3): 23 kB | 94 kB | 25/674 kB 
Progress (3): 23 kB | 94 kB | 41/674 kB
Progress (3): 23 kB | 94 kB | 57/674 kB
Progress (3): 23 kB | 94 kB | 66/674 kB
Progress (3): 23 kB | 94 kB | 82/674 kB
                                       
Downloaded from central: https://repo1.maven.org/maven2/org/codehaus/plexus/plexus-resources/1.3.0/plexus-resources-1.3.0.jar (23 kB at 19 kB/s)
Progress (2): 94 kB | 98/674 kB
Progress (2): 94 kB | 115/674 kB
Progress (2): 94 kB | 131/674 kB
Progress (2): 94 kB | 147/674 kB
Progress (2): 94 kB | 164/674 kB
Progress (2): 94 kB | 180/674 kB
Progress (2): 94 kB | 197/674 kB
Progress (2): 94 kB | 213/674 kB
Progress (2): 94 kB | 229/674 kB
Progress (2): 94 kB | 246/674 kB
Progress (2): 94 kB | 262/674 kB
Progress (2): 94 kB | 279/674 kB
                                
Downloaded from central: https://repo1.maven.org/maven2/org/codehaus/plexus/plexus-xml/3.0.1/plexus-xml-3.0.1.jar (94 kB at 76 kB/s)
Progress (1): 295/674 kB
Progress (1): 311/674 kB
Progress (1): 328/674 kB
Progress (1): 344/674 kB
Progress (1): 360/674 kB
Progress (1): 377/674 kB
Progress (1): 393/674 kB
Progress (1): 410/674 kB
Progress (1): 426/674 kB
Progress (1): 442/674 kB
Progress (1): 459/674 kB
Progress (1): 475/674 kB
Progress (1): 492/674 kB
Progress (1): 508/674 kB
Progress (1): 524/674 kB
Progress (1): 541/674 kB
Progress (1): 557/674 kB
Progress (1): 573/674 kB
Progress (1): 590/674 kB
Progress (1): 606/674 kB
Progress (1): 623/674 kB
Progress (1): 639/674 kB
Progress (1): 655/674 kB
Progress (1): 672/674 kB
Progress (1): 674 kB    
                    
Downloaded from central: https://repo1.maven.org/maven2/org/apache/commons/commons-lang3/3.17.0/commons-lang3-3.17.0.jar (674 kB at 527 kB/s)
[INFO] You have 0 Checkstyle violations.
[INFO] 
[INFO] --- remote-resources:3.3.0:process (process-resource-bundles) @ apacheds-xdbm-partition ---
Downloading from central: https://repo1.maven.org/maven2/org/apache/maven/maven-archiver/3.6.3/maven-archiver-3.6.3.pom
Progress (1): 805 B
Progress (1): 2.3 kB
Progress (1): 4.2 kB
                    
Downloaded from central: https://repo1.maven.org/maven2/org/apache/maven/maven-archiver/3.6.3/maven-archiver-3.6.3.pom (4.2 kB at 57 kB/s)
Downloading from central: https://repo1.maven.org/maven2/org/codehaus/plexus/plexus-archiver/4.10.0/plexus-archiver-4.10.0.pom
Progress (1): 1.2 kB
Progress (1): 4.1 kB
Progress (1): 5.8 kB
                    
Downloaded from central: https://repo1.maven.org/maven2/org/codehaus/plexus/plexus-archiver/4.10.0/plexus-archiver-4.10.0.pom (5.8 kB at 139 kB/s)
Downloading from central: https://repo1.maven.org/maven2/org/codehaus/plexus/plexus-io/3.5.0/plexus-io-3.5.0.pom
Progress (1): 1.2 kB
Progress (1): 4.1 kB
Progress (1): 4.3 kB
                    
Downloaded from central: https://repo1.maven.org/maven2/org/codehaus/plexus/plexus-io/3.5.0/plexus-io-3.5.0.pom (4.3 kB at 62 kB/s)
Downloading from central: https://repo1.maven.org/maven2/org/apache/commons/commons-compress/1.26.2/commons-compress-1.26.2.pom
Progress (1): 758 B
Progress (1): 1.9 kB
Progress (1): 3.7 kB
Progress (1): 5.4 kB
Progress (1): 9.3 kB
Progress (1): 12 kB 
Progress (1): 15 kB
Progress (1): 18 kB
Progress (1): 21 kB
Progress (1): 23 kB
                   
Downloaded from central: https://repo1.maven.org/maven2/org/apache/commons/commons-compress/1.26.2/commons-compress-1.26.2.pom (23 kB at 441 kB/s)
Downloading from central: https://repo1.maven.org/maven2/org/junit/junit-bom/5.8.0-M1/junit-bom-5.8.0-M1.pom
Progress (1): 909 B
Progress (1): 4.1 kB
Progress (1): 5.7 kB
                    
Downloaded from central: https://repo1.maven.org/maven2/org/junit/junit-bom/5.8.0-M1/junit-bom-5.8.0-M1.pom (5.7 kB at 121 kB/s)
Downloading from central: https://repo1.maven.org/maven2/org/apache/maven/shared/maven-filtering/3.4.0/maven-filtering-3.4.0.pom
Progress (1): 787 B
Progress (1): 2.2 kB
Progress (1): 4.7 kB
Progress (1): 6.5 kB
                    
Downloaded from central: https://repo1.maven.org/maven2/org/apache/maven/shared/maven-filtering/3.4.0/maven-filtering-3.4.0.pom (6.5 kB at 127 kB/s)
Downloading from central: https://repo1.maven.org/maven2/org/apache/velocity/velocity-engine-core/2.4.1/velocity-engine-core-2.4.1.pom
Progress (1): 797 B
Progress (1): 2.2 kB
Progress (1): 5.1 kB
Progress (1): 9.3 kB
Progress (1): 12 kB 
                   
Downloaded from central: https://repo1.maven.org/maven2/org/apache/velocity/velocity-engine-core/2.4.1/velocity-engine-core-2.4.1.pom (12 kB at 240 kB/s)
Downloading from central: https://repo1.maven.org/maven2/org/apache/velocity/velocity-engine-parent/2.4.1/velocity-engine-parent-2.4.1.pom
Progress (1): 806 B
Progress (1): 2.6 kB
Progress (1): 5.1 kB
Progress (1): 7.7 kB
Progress (1): 9.5 kB
                    
Downloaded from central: https://repo1.maven.org/maven2/org/apache/velocity/velocity-engine-parent/2.4.1/velocity-engine-parent-2.4.1.pom (9.5 kB at 207 kB/s)
Downloading from central: https://repo1.maven.org/maven2/org/apache/maven/maven-archiver/3.6.3/maven-archiver-3.6.3.jar
Downloading from central: https://repo1.maven.org/maven2/org/codehaus/plexus/plexus-archiver/4.10.0/plexus-archiver-4.10.0.jar
Downloading from central: https://repo1.maven.org/maven2/org/codehaus/plexus/plexus-io/3.5.0/plexus-io-3.5.0.jar
Downloading from central: https://repo1.maven.org/maven2/org/apache/commons/commons-compress/1.26.2/commons-compress-1.26.2.jar
Downloading from central: https://repo1.maven.org/maven2/org/apache/maven/shared/maven-filtering/3.4.0/maven-filtering-3.4.0.jar
Progress (1): 7.7/225 kB
Progress (1): 16/225 kB 
Progress (1): 32/225 kB
Progress (1): 49/225 kB
Progress (1): 65/225 kB
Progress (1): 81/225 kB
Progress (1): 98/225 kB
Progress (1): 114/225 kB
Progress (1): 131/225 kB
Progress (1): 147/225 kB
Progress (1): 163/225 kB
Progress (1): 180/225 kB
Progress (1): 196/225 kB
Progress (1): 213/225 kB
Progress (1): 225 kB    
Progress (2): 225 kB | 7.7/27 kB
Progress (2): 225 kB | 16/27 kB 
Progress (2): 225 kB | 27 kB   
Progress (3): 225 kB | 27 kB | 7.7/79 kB
Progress (3): 225 kB | 27 kB | 8.2/79 kB
Progress (3): 225 kB | 27 kB | 25/79 kB 
Progress (3): 225 kB | 27 kB | 41/79 kB
Progress (4): 225 kB | 27 kB | 41/79 kB | 7.7/56 kB
Progress (4): 225 kB | 27 kB | 57/79 kB | 7.7/56 kB
Progress (4): 225 kB | 27 kB | 74/79 kB | 7.7/56 kB
Progress (4): 225 kB | 27 kB | 79 kB | 7.7/56 kB   
Progress (5): 225 kB | 27 kB | 79 kB | 7.7/56 kB | 0/1.1 MB
Progress (5): 225 kB | 27 kB | 79 kB | 8.2/56 kB | 0/1.1 MB
                                                           
Downloaded from central: https://repo1.maven.org/maven2/org/codehaus/plexus/plexus-archiver/4.10.0/plexus-archiver-4.10.0.jar (225 kB at 4.1 MB/s)
Downloading from central: https://repo1.maven.org/maven2/org/apache/velocity/velocity-engine-core/2.4.1/velocity-engine-core-2.4.1.jar
Progress (4): 27 kB | 79 kB | 8.2/56 kB | 0/1.1 MB
Progress (4): 27 kB | 79 kB | 25/56 kB | 0/1.1 MB 
Progress (4): 27 kB | 79 kB | 25/56 kB | 0/1.1 MB
Progress (4): 27 kB | 79 kB | 41/56 kB | 0/1.1 MB
Progress (4): 27 kB | 79 kB | 41/56 kB | 0/1.1 MB
Progress (4): 27 kB | 79 kB | 41/56 kB | 0.1/1.1 MB
Progress (4): 27 kB | 79 kB | 56 kB | 0.1/1.1 MB   
Progress (4): 27 kB | 79 kB | 56 kB | 0.1/1.1 MB
Progress (4): 27 kB | 79 kB | 56 kB | 0.1/1.1 MB
Progress (4): 27 kB | 79 kB | 56 kB | 0.1/1.1 MB
Progress (4): 27 kB | 79 kB | 56 kB | 0.1/1.1 MB
Progress (4): 27 kB | 79 kB | 56 kB | 0.1/1.1 MB
Progress (4): 27 kB | 79 kB | 56 kB | 0.2/1.1 MB
Progress (4): 27 kB | 79 kB | 56 kB | 0.2/1.1 MB
Progress (4): 27 kB | 79 kB | 56 kB | 0.2/1.1 MB
Progress (4): 27 kB | 79 kB | 56 kB | 0.2/1.1 MB
                                                
Downloaded from central: https://repo1.maven.org/maven2/org/apache/maven/maven-archiver/3.6.3/maven-archiver-3.6.3.jar (27 kB at 453 kB/s)
Progress (3): 79 kB | 56 kB | 0.2/1.1 MB
Progress (3): 79 kB | 56 kB | 0.2/1.1 MB
Progress (3): 79 kB | 56 kB | 0.3/1.1 MB
Progress (3): 79 kB | 56 kB | 0.3/1.1 MB
Progress (3): 79 kB | 56 kB | 0.3/1.1 MB
Progress (3): 79 kB | 56 kB | 0.3/1.1 MB
Progress (3): 79 kB | 56 kB | 0.3/1.1 MB
Progress (3): 79 kB | 56 kB | 0.3/1.1 MB
Progress (3): 79 kB | 56 kB | 0.4/1.1 MB
Progress (3): 79 kB | 56 kB | 0.4/1.1 MB
Progress (3): 79 kB | 56 kB | 0.4/1.1 MB
Progress (3): 79 kB | 56 kB | 0.4/1.1 MB
Progress (3): 79 kB | 56 kB | 0.4/1.1 MB
Progress (3): 79 kB | 56 kB | 0.4/1.1 MB
Progress (3): 79 kB | 56 kB | 0.5/1.1 MB
Progress (3): 79 kB | 56 kB | 0.5/1.1 MB
Progress (3): 79 kB | 56 kB | 0.5/1.1 MB
Progress (3): 79 kB | 56 kB | 0.5/1.1 MB
Progress (3): 79 kB | 56 kB | 0.5/1.1 MB
Progress (3): 79 kB | 56 kB | 0.5/1.1 MB
Progress (3): 79 kB | 56 kB | 0.6/1.1 MB
Progress (3): 79 kB | 56 kB | 0.6/1.1 MB
Progress (3): 79 kB | 56 kB | 0.6/1.1 MB
Progress (3): 79 kB | 56 kB | 0.6/1.1 MB
Progress (3): 79 kB | 56 kB | 0.6/1.1 MB
Progress (3): 79 kB | 56 kB | 0.6/1.1 MB
Progress (3): 79 kB | 56 kB | 0.7/1.1 MB
                                        
Downloaded from central: https://repo1.maven.org/maven2/org/codehaus/plexus/plexus-io/3.5.0/plexus-io-3.5.0.jar (79 kB at 1.2 MB/s)
Progress (2): 56 kB | 0.7/1.1 MB
Progress (2): 56 kB | 0.7/1.1 MB
Progress (2): 56 kB | 0.7/1.1 MB
Progress (2): 56 kB | 0.7/1.1 MB
Progress (2): 56 kB | 0.7/1.1 MB
Progress (2): 56 kB | 0.8/1.1 MB
Progress (2): 56 kB | 0.8/1.1 MB
                                
Downloaded from central: https://repo1.maven.org/maven2/org/apache/maven/shared/maven-filtering/3.4.0/maven-filtering-3.4.0.jar (56 kB at 836 kB/s)
Progress (1): 0.8/1.1 MB
Progress (1): 0.8/1.1 MB
Progress (1): 0.8/1.1 MB
Progress (1): 0.8/1.1 MB
Progress (1): 0.9/1.1 MB
Progress (1): 0.9/1.1 MB
Progress (1): 0.9/1.1 MB
Progress (1): 0.9/1.1 MB
Progress (1): 0.9/1.1 MB
Progress (1): 0.9/1.1 MB
Progress (1): 0.9/1.1 MB
Progress (1): 1.0/1.1 MB
Progress (1): 1.0/1.1 MB
Progress (1): 1.0/1.1 MB
Progress (1): 1.0/1.1 MB
Progress (1): 1.0/1.1 MB
Progress (1): 1.0/1.1 MB
Progress (1): 1.1/1.1 MB
Progress (1): 1.1/1.1 MB
Progress (1): 1.1 MB    
                    
Downloaded from central: https://repo1.maven.org/maven2/org/apache/commons/commons-compress/1.26.2/commons-compress-1.26.2.jar (1.1 MB at 12 MB/s)
Progress (1): 7.7/516 kB
Progress (1): 16/516 kB 
Progress (1): 25/516 kB
Progress (1): 41/516 kB
Progress (1): 57/516 kB
Progress (1): 74/516 kB
Progress (1): 90/516 kB
Progress (1): 106/516 kB
Progress (1): 123/516 kB
Progress (1): 139/516 kB
Progress (1): 156/516 kB
Progress (1): 172/516 kB
Progress (1): 188/516 kB
Progress (1): 205/516 kB
Progress (1): 221/516 kB
Progress (1): 229/516 kB
Progress (1): 246/516 kB
Progress (1): 262/516 kB
Progress (1): 279/516 kB
Progress (1): 295/516 kB
Progress (1): 311/516 kB
Progress (1): 319/516 kB
Progress (1): 336/516 kB
Progress (1): 352/516 kB
Progress (1): 369/516 kB
Progress (1): 385/516 kB
Progress (1): 401/516 kB
Progress (1): 418/516 kB
Progress (1): 434/516 kB
Progress (1): 451/516 kB
Progress (1): 467/516 kB
Progress (1): 483/516 kB
Progress (1): 500/516 kB
Progress (1): 516 kB    
                    
Downloaded from central: https://repo1.maven.org/maven2/org/apache/velocity/velocity-engine-core/2.4.1/velocity-engine-core-2.4.1.jar (516 kB at 4.3 MB/s)
[INFO] Preparing remote bundle org.apache.apache.resources:apache-jar-resource-bundle:1.5
Downloading from central: https://repo1.maven.org/maven2/org/apache/apache/resources/apache-jar-resource-bundle/1.5/apache-jar-resource-bundle-1.5.jar
Progress (1): 7.7/13 kB
Progress (1): 13 kB    
                   
Downloaded from central: https://repo1.maven.org/maven2/org/apache/apache/resources/apache-jar-resource-bundle/1.5/apache-jar-resource-bundle-1.5.jar (13 kB at 219 kB/s)
[INFO] Copying 3 resources from 1 bundle.
[INFO] 
[INFO] --- resources:3.3.1:resources (default-resources) @ apacheds-xdbm-partition ---
Downloading from central: https://repo1.maven.org/maven2/org/apache/maven/shared/maven-filtering/3.3.1/maven-filtering-3.3.1.pom
Progress (1): 793 B
Progress (1): 2.3 kB
Progress (1): 5.6 kB
Progress (1): 6.0 kB
                    
Downloaded from central: https://repo1.maven.org/maven2/org/apache/maven/shared/maven-filtering/3.3.1/maven-filtering-3.3.1.pom (6.0 kB at 114 kB/s)
Downloading from central: https://repo1.maven.org/maven2/org/codehaus/plexus/plexus-utils/3.5.0/plexus-utils-3.5.0.pom
Progress (1): 725 B
Progress (1): 2.4 kB
Progress (1): 4.5 kB
Progress (1): 8.0 kB
                    
Downloaded from central: https://repo1.maven.org/maven2/org/codehaus/plexus/plexus-utils/3.5.0/plexus-utils-3.5.0.pom (8.0 kB at 143 kB/s)
Downloading from central: https://repo1.maven.org/maven2/org/apache/maven/shared/maven-filtering/3.3.1/maven-filtering-3.3.1.jar
Progress (1): 7.7/55 kB
Progress (1): 16/55 kB 
Progress (1): 28/55 kB
Progress (1): 44/55 kB
Progress (1): 55 kB   
                   
Downloaded from central: https://repo1.maven.org/maven2/org/apache/maven/shared/maven-filtering/3.3.1/maven-filtering-3.3.1.jar (55 kB at 1.1 MB/s)
[INFO] skip non existing resourceDirectory D:\Khedma\Mr wiem\mutation-test-pipeline\target-repos\206437\xdbm-partition\src\main\resources
[INFO] Copying 3 resources from target\maven-shared-archive-resources to target\classes
[INFO] 
[INFO] --- compiler:3.13.0:compile (default-compile) @ apacheds-xdbm-partition ---
Downloading from central: https://repo1.maven.org/maven2/org/codehaus/plexus/plexus-compiler-api/2.15.0/plexus-compiler-api-2.15.0.pom
Progress (1): 1.4 kB
                    
Downloaded from central: https://repo1.maven.org/maven2/org/codehaus/plexus/plexus-compiler-api/2.15.0/plexus-compiler-api-2.15.0.pom (1.4 kB at 28 kB/s)
Downloading from central: https://repo1.maven.org/maven2/org/codehaus/plexus/plexus-compiler/2.15.0/plexus-compiler-2.15.0.pom
Progress (1): 1.2 kB
Progress (1): 4.5 kB
Progress (1): 7.6 kB
Progress (1): 7.6 kB
                    
Downloaded from central: https://repo1.maven.org/maven2/org/codehaus/plexus/plexus-compiler/2.15.0/plexus-compiler-2.15.0.pom (7.6 kB at 138 kB/s)
Downloading from central: https://repo1.maven.org/maven2/org/codehaus/plexus/plexus-compiler-manager/2.15.0/plexus-compiler-manager-2.15.0.pom
Progress (1): 1.3 kB
                    
Downloaded from central: https://repo1.maven.org/maven2/org/codehaus/plexus/plexus-compiler-manager/2.15.0/plexus-compiler-manager-2.15.0.pom (1.3 kB at 23 kB/s)
Downloading from central: https://repo1.maven.org/maven2/org/codehaus/plexus/plexus-compiler-javac/2.15.0/plexus-compiler-javac-2.15.0.pom
Progress (1): 1.3 kB
                    
Downloaded from central: https://repo1.maven.org/maven2/org/codehaus/plexus/plexus-compiler-javac/2.15.0/plexus-compiler-javac-2.15.0.pom (1.3 kB at 21 kB/s)
Downloading from central: https://repo1.maven.org/maven2/org/codehaus/plexus/plexus-compilers/2.15.0/plexus-compilers-2.15.0.pom
Progress (1): 1.6 kB
Progress (1): 1.6 kB
                    
Downloaded from central: https://repo1.maven.org/maven2/org/codehaus/plexus/plexus-compilers/2.15.0/plexus-compilers-2.15.0.pom (1.6 kB at 27 kB/s)
Downloading from central: https://repo1.maven.org/maven2/org/codehaus/plexus/plexus-compiler-api/2.15.0/plexus-compiler-api-2.15.0.jar
Downloading from central: https://repo1.maven.org/maven2/org/codehaus/plexus/plexus-compiler-manager/2.15.0/plexus-compiler-manager-2.15.0.jar
Downloading from central: https://repo1.maven.org/maven2/org/codehaus/plexus/plexus-compiler-javac/2.15.0/plexus-compiler-javac-2.15.0.jar
Downloading from central: https://repo1.maven.org/maven2/org/codehaus/plexus/plexus-utils/4.0.0/plexus-utils-4.0.0.jar
Progress (1): 3.4/26 kB
Progress (1): 20/26 kB 
Progress (1): 26 kB   
Progress (2): 26 kB | 7.7/192 kB
Progress (2): 26 kB | 16/192 kB 
Progress (2): 26 kB | 25/192 kB
Progress (2): 26 kB | 41/192 kB
Progress (2): 26 kB | 57/192 kB
Progress (2): 26 kB | 66/192 kB
Progress (2): 26 kB | 82/192 kB
Progress (2): 26 kB | 98/192 kB
Progress (2): 26 kB | 115/192 kB
Progress (2): 26 kB | 131/192 kB
Progress (2): 26 kB | 147/192 kB
Progress (2): 26 kB | 164/192 kB
Progress (2): 26 kB | 180/192 kB
Progress (2): 26 kB | 192 kB    
Progress (3): 26 kB | 192 kB | 7.7/29 kB
Progress (3): 26 kB | 192 kB | 16/29 kB 
Progress (3): 26 kB | 192 kB | 25/29 kB
Progress (3): 26 kB | 192 kB | 29 kB   
Progress (4): 26 kB | 192 kB | 29 kB | 5.2 kB
                                             
Downloaded from central: https://repo1.maven.org/maven2/org/codehaus/plexus/plexus-compiler-javac/2.15.0/plexus-compiler-javac-2.15.0.jar (26 kB at 504 kB/s)
Downloaded from central: https://repo1.maven.org/maven2/org/codehaus/plexus/plexus-utils/4.0.0/plexus-utils-4.0.0.jar (192 kB at 3.3 MB/s)
Downloaded from central: https://repo1.maven.org/maven2/org/codehaus/plexus/plexus-compiler-api/2.15.0/plexus-compiler-api-2.15.0.jar (29 kB at 477 kB/s)
Downloaded from central: https://repo1.maven.org/maven2/org/codehaus/plexus/plexus-compiler-manager/2.15.0/plexus-compiler-manager-2.15.0.jar (5.2 kB at 78 kB/s)
[INFO] Recompiling the module because of changed dependency.
[INFO] Compiling 69 source files with javac [debug deprecation release 8] to target\classes
[INFO] /D:/Khedma/Mr wiem/mutation-test-pipeline/target-repos/206437/xdbm-partition/src/main/java/org/apache/directory/server/core/partition/impl/btree/AbstractBTreePartition.java: Some input files use unchecked or unsafe operations.
[INFO] /D:/Khedma/Mr wiem/mutation-test-pipeline/target-repos/206437/xdbm-partition/src/main/java/org/apache/directory/server/core/partition/impl/btree/AbstractBTreePartition.java: Recompile with -Xlint:unchecked for details.
[INFO] ------------------------------------------------------------------------
[INFO] BUILD SUCCESS
[INFO] ------------------------------------------------------------------------
[INFO] Total time:  31.508 s
[INFO] Finished at: 2026-02-25T19:34:45-05:00
[INFO] ------------------------------------------------------------------------

STDERR:
