COMMAND: mvn.cmd -s D:\Khedma\Mr wiem\mutation-test-pipeline\.mvn\settings.xml -DskipTests compile

STDOUT:
[INFO] Scanning for projects...
Downloading from central: https://repo1.maven.org/maven2/org/apache/directory/project/project/48/project-48.pom
Progress (1): 765 B
Progress (1): 1.8 kB
Progress (1): 3.7 kB
Progress (1): 9.8 kB
Progress (1): 14 kB 
Progress (1): 21 kB
Progress (1): 25 kB
Progress (1): 26 kB
Progress (1): 33 kB
Progress (1): 36 kB
Progress (1): 38 kB
Progress (1): 39 kB
                   
Downloaded from central: https://repo1.maven.org/maven2/org/apache/directory/project/project/48/project-48.pom (39 kB at 136 kB/s)
Downloading from central: https://repo1.maven.org/maven2/org/apache/felix/maven-bundle-plugin/5.1.9/maven-bundle-plugin-5.1.9.pom
Progress (1): 783 B
Progress (1): 1.7 kB
Progress (1): 3.7 kB
Progress (1): 6.4 kB
Progress (1): 9.4 kB
Progress (1): 11 kB 
                   
Downloaded from central: https://repo1.maven.org/maven2/org/apache/felix/maven-bundle-plugin/5.1.9/maven-bundle-plugin-5.1.9.pom (11 kB at 124 kB/s)
Downloading from central: https://repo1.maven.org/maven2/org/apache/felix/felix-parent/7/felix-parent-7.pom
Progress (1): 778 B
Progress (1): 1.7 kB
Progress (1): 3.7 kB
Progress (1): 7.9 kB
Progress (1): 10 kB 
Progress (1): 13 kB
Progress (1): 21 kB
Progress (1): 21 kB
                   
Downloaded from central: https://repo1.maven.org/maven2/org/apache/felix/felix-parent/7/felix-parent-7.pom (21 kB at 248 kB/s)
Downloading from central: https://repo1.maven.org/maven2/org/osgi/org.osgi.core/6.0.0/org.osgi.core-6.0.0.pom
Progress (1): 1.1 kB
                    
Downloaded from central: https://repo1.maven.org/maven2/org/osgi/org.osgi.core/6.0.0/org.osgi.core-6.0.0.pom (1.1 kB at 19 kB/s)
Downloading from central: https://repo1.maven.org/maven2/biz/aQute/bnd/biz.aQute.bndlib/6.3.1/biz.aQute.bndlib-6.3.1.pom
Progress (1): 1.0 kB
Progress (1): 2.8 kB
Progress (1): 5.2 kB
                    
Downloaded from central: https://repo1.maven.org/maven2/biz/aQute/bnd/biz.aQute.bndlib/6.3.1/biz.aQute.bndlib-6.3.1.pom (5.2 kB at 65 kB/s)
Downloading from central: https://repo1.maven.org/maven2/org/osgi/org.osgi.dto/1.0.0/org.osgi.dto-1.0.0.pom
Progress (1): 1.3 kB
                    
Downloaded from central: https://repo1.maven.org/maven2/org/osgi/org.osgi.dto/1.0.0/org.osgi.dto-1.0.0.pom (1.3 kB at 26 kB/s)
Downloading from central: https://repo1.maven.org/maven2/org/osgi/org.osgi.resource/1.0.0/org.osgi.resource-1.0.0.pom
Progress (1): 1.3 kB
                    
Downloaded from central: https://repo1.maven.org/maven2/org/osgi/org.osgi.resource/1.0.0/org.osgi.resource-1.0.0.pom (1.3 kB at 18 kB/s)
Downloading from central: https://repo1.maven.org/maven2/org/osgi/org.osgi.framework/1.8.0/org.osgi.framework-1.8.0.pom
Progress (1): 1.3 kB
                    
Downloaded from central: https://repo1.maven.org/maven2/org/osgi/org.osgi.framework/1.8.0/org.osgi.framework-1.8.0.pom (1.3 kB at 28 kB/s)
Downloading from central: https://repo1.maven.org/maven2/org/osgi/org.osgi.util.tracker/1.5.4/org.osgi.util.tracker-1.5.4.pom
Progress (1): 1.1 kB
Progress (1): 1.9 kB
                    
Downloaded from central: https://repo1.maven.org/maven2/org/osgi/org.osgi.util.tracker/1.5.4/org.osgi.util.tracker-1.5.4.pom (1.9 kB at 43 kB/s)
Downloading from central: https://repo1.maven.org/maven2/org/osgi/osgi.annotation/8.0.1/osgi.annotation-8.0.1.pom
Progress (1): 1.1 kB
Progress (1): 1.5 kB
                    
Downloaded from central: https://repo1.maven.org/maven2/org/osgi/osgi.annotation/8.0.1/osgi.annotation-8.0.1.pom (1.5 kB at 31 kB/s)
Downloading from central: https://repo1.maven.org/maven2/org/osgi/org.osgi.service.log/1.3.0/org.osgi.service.log-1.3.0.pom
Progress (1): 1.3 kB
                    
Downloaded from central: https://repo1.maven.org/maven2/org/osgi/org.osgi.service.log/1.3.0/org.osgi.service.log-1.3.0.pom (1.3 kB at 30 kB/s)
Downloading from central: https://repo1.maven.org/maven2/org/osgi/org.osgi.service.repository/1.1.0/org.osgi.service.repository-1.1.0.pom
Progress (1): 1.3 kB
                    
Downloaded from central: https://repo1.maven.org/maven2/org/osgi/org.osgi.service.repository/1.1.0/org.osgi.service.repository-1.1.0.pom (1.3 kB at 28 kB/s)
Downloading from central: https://repo1.maven.org/maven2/org/osgi/org.osgi.util.function/1.2.0/org.osgi.util.function-1.2.0.pom
Progress (1): 1.1 kB
Progress (1): 1.7 kB
                    
Downloaded from central: https://repo1.maven.org/maven2/org/osgi/org.osgi.util.function/1.2.0/org.osgi.util.function-1.2.0.pom (1.7 kB at 38 kB/s)
Downloading from central: https://repo1.maven.org/maven2/org/osgi/org.osgi.util.promise/1.2.0/org.osgi.util.promise-1.2.0.pom
Progress (1): 1.1 kB
Progress (1): 1.9 kB
                    
Downloaded from central: https://repo1.maven.org/maven2/org/osgi/org.osgi.util.promise/1.2.0/org.osgi.util.promise-1.2.0.pom (1.9 kB at 42 kB/s)
Downloading from central: https://repo1.maven.org/maven2/org/osgi/org.osgi.util.function/1.1.0/org.osgi.util.function-1.1.0.pom
Progress (1): 1.3 kB
Progress (1): 1.4 kB
                    
Downloaded from central: https://repo1.maven.org/maven2/org/osgi/org.osgi.util.function/1.1.0/org.osgi.util.function-1.1.0.pom (1.4 kB at 27 kB/s)
Downloading from central: https://repo1.maven.org/maven2/biz/aQute/bnd/biz.aQute.bnd.util/6.3.1/biz.aQute.bnd.util-6.3.1.pom
Progress (1): 1.1 kB
Progress (1): 2.7 kB
                    
Downloaded from central: https://repo1.maven.org/maven2/biz/aQute/bnd/biz.aQute.bnd.util/6.3.1/biz.aQute.bnd.util-6.3.1.pom (2.7 kB at 44 kB/s)
Downloading from central: https://repo1.maven.org/maven2/org/slf4j/slf4j-api/1.7.25/slf4j-api-1.7.25.pom
Progress (1): 1.0 kB
Progress (1): 2.9 kB
Progress (1): 3.8 kB
                    
Downloaded from central: https://repo1.maven.org/maven2/org/slf4j/slf4j-api/1.7.25/slf4j-api-1.7.25.pom (3.8 kB at 82 kB/s)
Downloading from central: https://repo1.maven.org/maven2/org/slf4j/slf4j-parent/1.7.25/slf4j-parent-1.7.25.pom
Progress (1): 1.0 kB
Progress (1): 3.4 kB
Progress (1): 6.0 kB
Progress (1): 8.9 kB
Progress (1): 12 kB 
Progress (1): 14 kB
                   
Downloaded from central: https://repo1.maven.org/maven2/org/slf4j/slf4j-parent/1.7.25/slf4j-parent-1.7.25.pom (14 kB at 250 kB/s)
Downloading from central: https://repo1.maven.org/maven2/org/apache/felix/org.apache.felix.bundlerepository/1.6.6/org.apache.felix.bundlerepository-1.6.6.pom
Progress (1): 804 B
Progress (1): 3.1 kB
Progress (1): 5.2 kB
Progress (1): 5.9 kB
                    
Downloaded from central: https://repo1.maven.org/maven2/org/apache/felix/org.apache.felix.bundlerepository/1.6.6/org.apache.felix.bundlerepository-1.6.6.pom (5.9 kB at 100 kB/s)
Downloading from central: https://repo1.maven.org/maven2/org/apache/felix/felix-parent/2.1/felix-parent-2.1.pom
Progress (1): 797 B
Progress (1): 2.6 kB
Progress (1): 5.6 kB
Progress (1): 9.4 kB
Progress (1): 9.7 kB
                    
Downloaded from central: https://repo1.maven.org/maven2/org/apache/felix/felix-parent/2.1/felix-parent-2.1.pom (9.7 kB at 176 kB/s)
Downloading from central: https://repo1.maven.org/maven2/org/osgi/org.osgi.core/4.1.0/org.osgi.core-4.1.0.pom
Progress (1): 193 B
                   
Downloaded from central: https://repo1.maven.org/maven2/org/osgi/org.osgi.core/4.1.0/org.osgi.core-4.1.0.pom (193 B at 5.7 kB/s)
Downloading from central: https://repo1.maven.org/maven2/org/apache/felix/org.apache.felix.utils/1.6.0/org.apache.felix.utils-1.6.0.pom
Progress (1): 829 B
Progress (1): 2.8 kB
Progress (1): 3.3 kB
                    
Downloaded from central: https://repo1.maven.org/maven2/org/apache/felix/org.apache.felix.utils/1.6.0/org.apache.felix.utils-1.6.0.pom (3.3 kB at 41 kB/s)
Downloading from central: https://repo1.maven.org/maven2/org/osgi/org.osgi.compendium/4.2.0/org.osgi.compendium-4.2.0.pom
Progress (1): 463 B
                   
Downloaded from central: https://repo1.maven.org/maven2/org/osgi/org.osgi.compendium/4.2.0/org.osgi.compendium-4.2.0.pom (463 B at 7.5 kB/s)
Downloading from central: https://repo1.maven.org/maven2/org/eclipse/sisu/org.eclipse.sisu.plexus/0.0.0.M5/org.eclipse.sisu.plexus-0.0.0.M5.pom
Progress (1): 894 B
Progress (1): 3.6 kB
Progress (1): 4.8 kB
                    
Downloaded from central: https://repo1.maven.org/maven2/org/eclipse/sisu/org.eclipse.sisu.plexus/0.0.0.M5/org.eclipse.sisu.plexus-0.0.0.M5.pom (4.8 kB at 97 kB/s)
Downloading from central: https://repo1.maven.org/maven2/org/eclipse/sisu/sisu-plexus/0.0.0.M5/sisu-plexus-0.0.0.M5.pom
Progress (1): 861 B
Progress (1): 2.8 kB
Progress (1): 5.1 kB
Progress (1): 9.4 kB
Progress (1): 11 kB 
Progress (1): 13 kB
                   
Downloaded from central: https://repo1.maven.org/maven2/org/eclipse/sisu/sisu-plexus/0.0.0.M5/sisu-plexus-0.0.0.M5.pom (13 kB at 264 kB/s)
Downloading from central: https://repo1.maven.org/maven2/org/eclipse/sisu/org.eclipse.sisu.inject/0.0.0.M5/org.eclipse.sisu.inject-0.0.0.M5.pom
Progress (1): 922 B
Progress (1): 2.5 kB
                    
Downloaded from central: https://repo1.maven.org/maven2/org/eclipse/sisu/org.eclipse.sisu.inject/0.0.0.M5/org.eclipse.sisu.inject-0.0.0.M5.pom (2.5 kB at 55 kB/s)
Downloading from central: https://repo1.maven.org/maven2/org/eclipse/sisu/sisu-inject/0.0.0.M5/sisu-inject-0.0.0.M5.pom
Progress (1): 860 B
Progress (1): 2.8 kB
Progress (1): 5.0 kB
Progress (1): 9.3 kB
Progress (1): 11 kB 
Progress (1): 14 kB
                   
Downloaded from central: https://repo1.maven.org/maven2/org/eclipse/sisu/sisu-inject/0.0.0.M5/sisu-inject-0.0.0.M5.pom (14 kB at 274 kB/s)
Downloading from central: https://repo1.maven.org/maven2/org/apache/maven/shared/maven-dependency-tree/3.0/maven-dependency-tree-3.0.pom
Progress (1): 786 B
Progress (1): 2.3 kB
Progress (1): 4.8 kB
Progress (1): 7.3 kB
Progress (1): 7.4 kB
                    
Downloaded from central: https://repo1.maven.org/maven2/org/apache/maven/shared/maven-dependency-tree/3.0/maven-dependency-tree-3.0.pom (7.4 kB at 134 kB/s)
Downloading from central: https://repo1.maven.org/maven2/org/apache/maven/shared/maven-shared-components/21/maven-shared-components-21.pom
Progress (1): 798 B
Progress (1): 2.4 kB
Progress (1): 4.2 kB
Progress (1): 5.1 kB
                    
Downloaded from central: https://repo1.maven.org/maven2/org/apache/maven/shared/maven-shared-components/21/maven-shared-components-21.pom (5.1 kB at 93 kB/s)
Downloading from central: https://repo1.maven.org/maven2/org/jdom/jdom/1.1/jdom-1.1.pom
Progress (1): 905 B
Progress (1): 2.2 kB
                    
Downloaded from central: https://repo1.maven.org/maven2/org/jdom/jdom/1.1/jdom-1.1.pom (2.2 kB at 18 kB/s)
Downloading from central: https://repo1.maven.org/maven2/org/apache/felix/maven-bundle-plugin/5.1.9/maven-bundle-plugin-5.1.9.jar
Downloading from central: https://repo1.maven.org/maven2/org/osgi/org.osgi.core/6.0.0/org.osgi.core-6.0.0.jar
Downloading from central: https://repo1.maven.org/maven2/biz/aQute/bnd/biz.aQute.bndlib/6.3.1/biz.aQute.bndlib-6.3.1.jar
Downloading from central: https://repo1.maven.org/maven2/org/osgi/org.osgi.dto/1.0.0/org.osgi.dto-1.0.0.jar
Downloading from central: https://repo1.maven.org/maven2/org/osgi/org.osgi.resource/1.0.0/org.osgi.resource-1.0.0.jar
Progress (1): 3.8/475 kB
Progress (1): 8.0/475 kB
Progress (1): 12/475 kB 
Progress (1): 16/475 kB
Progress (1): 21/475 kB
Progress (1): 25/475 kB
Progress (1): 29/475 kB
Progress (1): 33/475 kB
Progress (1): 37/475 kB
Progress (1): 41/475 kB
Progress (1): 46/475 kB
Progress (1): 50/475 kB
Progress (1): 54/475 kB
Progress (1): 58/475 kB
Progress (1): 63/475 kB
Progress (1): 67/475 kB
Progress (1): 71/475 kB
Progress (1): 75/475 kB
Progress (1): 80/475 kB
Progress (1): 96/475 kB
Progress (1): 112/475 kB
Progress (1): 129/475 kB
Progress (1): 145/475 kB
Progress (1): 147/475 kB
Progress (1): 164/475 kB
Progress (1): 180/475 kB
Progress (1): 197/475 kB
Progress (1): 213/475 kB
Progress (1): 229/475 kB
Progress (1): 246/475 kB
Progress (1): 262/475 kB
Progress (1): 279/475 kB
Progress (1): 295/475 kB
Progress (1): 311/475 kB
Progress (1): 328/475 kB
Progress (1): 344/475 kB
Progress (1): 360/475 kB
Progress (1): 377/475 kB
Progress (1): 393/475 kB
Progress (1): 410/475 kB
Progress (1): 426/475 kB
Progress (1): 442/475 kB
Progress (1): 459/475 kB
Progress (1): 475/475 kB
Progress (1): 475 kB    
Progress (2): 475 kB | 0.9/15 kB
Progress (3): 475 kB | 0.9/15 kB | 0.9/33 kB
Progress (3): 475 kB | 2.3/15 kB | 0.9/33 kB
Progress (3): 475 kB | 2.3/15 kB | 2.3/33 kB
Progress (3): 475 kB | 3.7/15 kB | 2.3/33 kB
Progress (3): 475 kB | 3.7/15 kB | 3.7/33 kB
Progress (3): 475 kB | 5.0/15 kB | 3.7/33 kB
Progress (3): 475 kB | 6.4/15 kB | 3.7/33 kB
Progress (3): 475 kB | 6.4/15 kB | 5.0/33 kB
Progress (3): 475 kB | 7.8/15 kB | 5.0/33 kB
Progress (3): 475 kB | 7.8/15 kB | 6.4/33 kB
Progress (3): 475 kB | 9.1/15 kB | 6.4/33 kB
Progress (3): 475 kB | 9.1/15 kB | 7.8/33 kB
Progress (3): 475 kB | 11/15 kB | 7.8/33 kB 
Progress (3): 475 kB | 12/15 kB | 7.8/33 kB
Progress (3): 475 kB | 12/15 kB | 9.1/33 kB
Progress (3): 475 kB | 13/15 kB | 9.1/33 kB
Progress (3): 475 kB | 13/15 kB | 11/33 kB 
Progress (3): 475 kB | 14/15 kB | 11/33 kB
Progress (3): 475 kB | 14/15 kB | 12/33 kB
Progress (3): 475 kB | 15 kB | 12/33 kB   
Progress (3): 475 kB | 15 kB | 13/33 kB
Progress (3): 475 kB | 15 kB | 15/33 kB
Progress (3): 475 kB | 15 kB | 16/33 kB
Progress (3): 475 kB | 15 kB | 17/33 kB
Progress (3): 475 kB | 15 kB | 19/33 kB
Progress (3): 475 kB | 15 kB | 20/33 kB
Progress (3): 475 kB | 15 kB | 21/33 kB
Progress (3): 475 kB | 15 kB | 23/33 kB
Progress (3): 475 kB | 15 kB | 24/33 kB
Progress (3): 475 kB | 15 kB | 26/33 kB
Progress (3): 475 kB | 15 kB | 27/33 kB
Progress (3): 475 kB | 15 kB | 28/33 kB
Progress (3): 475 kB | 15 kB | 30/33 kB
Progress (3): 475 kB | 15 kB | 31/33 kB
Progress (3): 475 kB | 15 kB | 32/33 kB
Progress (3): 475 kB | 15 kB | 33 kB   
                                    
Downloaded from central: https://repo1.maven.org/maven2/org/osgi/org.osgi.core/6.0.0/org.osgi.core-6.0.0.jar (475 kB at 5.1 MB/s)
Downloading from central: https://repo1.maven.org/maven2/org/osgi/org.osgi.framework/1.8.0/org.osgi.framework-1.8.0.jar
Progress (3): 15 kB | 33 kB | 0/3.2 MB
Progress (3): 15 kB | 33 kB | 0/3.2 MB
Progress (3): 15 kB | 33 kB | 0/3.2 MB
Progress (3): 15 kB | 33 kB | 0/3.2 MB
Progress (3): 15 kB | 33 kB | 0/3.2 MB
Progress (3): 15 kB | 33 kB | 0/3.2 MB
Progress (3): 15 kB | 33 kB | 0/3.2 MB
Progress (3): 15 kB | 33 kB | 0/3.2 MB
Progress (3): 15 kB | 33 kB | 0/3.2 MB
Progress (3): 15 kB | 33 kB | 0/3.2 MB
Progress (3): 15 kB | 33 kB | 0/3.2 MB
Progress (3): 15 kB | 33 kB | 0/3.2 MB
Progress (3): 15 kB | 33 kB | 0/3.2 MB
Progress (3): 15 kB | 33 kB | 0/3.2 MB
Progress (3): 15 kB | 33 kB | 0/3.2 MB
Progress (3): 15 kB | 33 kB | 0/3.2 MB
Progress (3): 15 kB | 33 kB | 0/3.2 MB
Progress (3): 15 kB | 33 kB | 0/3.2 MB
Progress (3): 15 kB | 33 kB | 0/3.2 MB
Progress (3): 15 kB | 33 kB | 0/3.2 MB
Progress (3): 15 kB | 33 kB | 0/3.2 MB
Progress (3): 15 kB | 33 kB | 0/3.2 MB
Progress (3): 15 kB | 33 kB | 0/3.2 MB
Progress (3): 15 kB | 33 kB | 0/3.2 MB
Progress (3): 15 kB | 33 kB | 0/3.2 MB
Progress (3): 15 kB | 33 kB | 0/3.2 MB
Progress (3): 15 kB | 33 kB | 0/3.2 MB
Progress (3): 15 kB | 33 kB | 0/3.2 MB
Progress (3): 15 kB | 33 kB | 0/3.2 MB
Progress (3): 15 kB | 33 kB | 0/3.2 MB
Progress (3): 15 kB | 33 kB | 0/3.2 MB
Progress (3): 15 kB | 33 kB | 0/3.2 MB
Progress (3): 15 kB | 33 kB | 0/3.2 MB
Progress (3): 15 kB | 33 kB | 0/3.2 MB
Progress (3): 15 kB | 33 kB | 0/3.2 MB
Progress (3): 15 kB | 33 kB | 0/3.2 MB
Progress (3): 15 kB | 33 kB | 0.1/3.2 MB
Progress (3): 15 kB | 33 kB | 0.1/3.2 MB
Progress (3): 15 kB | 33 kB | 0.1/3.2 MB
                                        
Downloaded from central: https://repo1.maven.org/maven2/org/osgi/org.osgi.dto/1.0.0/org.osgi.dto-1.0.0.jar (15 kB at 143 kB/s)
Downloading from central: https://repo1.maven.org/maven2/org/osgi/org.osgi.util.tracker/1.5.4/org.osgi.util.tracker-1.5.4.jar
Progress (2): 33 kB | 0.1/3.2 MB
Progress (2): 33 kB | 0.1/3.2 MB
Progress (2): 33 kB | 0.1/3.2 MB
Progress (2): 33 kB | 0.1/3.2 MB
Progress (3): 33 kB | 0.1/3.2 MB | 0.9/211 kB
Progress (3): 33 kB | 0.1/3.2 MB | 0.9/211 kB
Progress (3): 33 kB | 0.1/3.2 MB | 0.9/211 kB
Progress (3): 33 kB | 0.1/3.2 MB | 2.3/211 kB
Progress (3): 33 kB | 0.1/3.2 MB | 2.3/211 kB
                                             
Downloaded from central: https://repo1.maven.org/maven2/org/osgi/org.osgi.resource/1.0.0/org.osgi.resource-1.0.0.jar (33 kB at 312 kB/s)
Downloading from central: https://repo1.maven.org/maven2/org/osgi/osgi.annotation/8.0.1/osgi.annotation-8.0.1.jar
Progress (2): 0.1/3.2 MB | 2.3/211 kB
Progress (2): 0.1/3.2 MB | 2.3/211 kB
Progress (2): 0.1/3.2 MB | 3.7/211 kB
Progress (2): 0.1/3.2 MB | 3.7/211 kB
Progress (2): 0.1/3.2 MB | 5.0/211 kB
Progress (2): 0.1/3.2 MB | 5.0/211 kB
Progress (2): 0.1/3.2 MB | 6.4/211 kB
Progress (2): 0.1/3.2 MB | 6.4/211 kB
Progress (2): 0.1/3.2 MB | 7.8/211 kB
Progress (2): 0.1/3.2 MB | 9.1/211 kB
Progress (2): 0.1/3.2 MB | 11/211 kB 
Progress (2): 0.1/3.2 MB | 11/211 kB
Progress (2): 0.1/3.2 MB | 12/211 kB
Progress (2): 0.1/3.2 MB | 12/211 kB
Progress (2): 0.1/3.2 MB | 13/211 kB
Progress (2): 0.1/3.2 MB | 13/211 kB
Progress (2): 0.1/3.2 MB | 15/211 kB
Progress (2): 0.1/3.2 MB | 15/211 kB
Progress (2): 0.1/3.2 MB | 16/211 kB
Progress (2): 0.1/3.2 MB | 16/211 kB
Progress (2): 0.1/3.2 MB | 16/211 kB
Progress (2): 0.1/3.2 MB | 16/211 kB
Progress (2): 0.1/3.2 MB | 18/211 kB
Progress (2): 0.1/3.2 MB | 19/211 kB
Progress (2): 0.1/3.2 MB | 19/211 kB
Progress (2): 0.1/3.2 MB | 20/211 kB
Progress (2): 0.1/3.2 MB | 22/211 kB
Progress (2): 0.1/3.2 MB | 23/211 kB
Progress (2): 0.1/3.2 MB | 25/211 kB
Progress (2): 0.1/3.2 MB | 26/211 kB
Progress (2): 0.1/3.2 MB | 27/211 kB
Progress (2): 0.1/3.2 MB | 29/211 kB
Progress (2): 0.1/3.2 MB | 30/211 kB
Progress (2): 0.1/3.2 MB | 31/211 kB
Progress (2): 0.1/3.2 MB | 33/211 kB
Progress (2): 0.1/3.2 MB | 34/211 kB
Progress (2): 0.1/3.2 MB | 36/211 kB
Progress (2): 0.1/3.2 MB | 37/211 kB
Progress (2): 0.1/3.2 MB | 38/211 kB
Progress (2): 0.1/3.2 MB | 40/211 kB
Progress (2): 0.1/3.2 MB | 41/211 kB
Progress (2): 0.1/3.2 MB | 42/211 kB
Progress (2): 0.1/3.2 MB | 44/211 kB
Progress (2): 0.1/3.2 MB | 45/211 kB
Progress (2): 0.1/3.2 MB | 47/211 kB
Progress (2): 0.1/3.2 MB | 48/211 kB
Progress (2): 0.1/3.2 MB | 49/211 kB
Progress (2): 0.1/3.2 MB | 51/211 kB
Progress (2): 0.1/3.2 MB | 52/211 kB
Progress (2): 0.1/3.2 MB | 53/211 kB
Progress (2): 0.1/3.2 MB | 55/211 kB
Progress (2): 0.1/3.2 MB | 57/211 kB
Progress (2): 0.1/3.2 MB | 62/211 kB
Progress (2): 0.1/3.2 MB | 66/211 kB
Progress (2): 0.1/3.2 MB | 70/211 kB
Progress (2): 0.1/3.2 MB | 74/211 kB
Progress (2): 0.1/3.2 MB | 78/211 kB
Progress (2): 0.1/3.2 MB | 82/211 kB
Progress (2): 0.1/3.2 MB | 86/211 kB
Progress (2): 0.1/3.2 MB | 90/211 kB
Progress (2): 0.1/3.2 MB | 95/211 kB
Progress (2): 0.1/3.2 MB | 98/211 kB
Progress (2): 0.1/3.2 MB | 103/211 kB
Progress (2): 0.1/3.2 MB | 107/211 kB
Progress (2): 0.1/3.2 MB | 107/211 kB
Progress (2): 0.1/3.2 MB | 111/211 kB
Progress (2): 0.1/3.2 MB | 111/211 kB
Progress (2): 0.1/3.2 MB | 115/211 kB
Progress (2): 0.1/3.2 MB | 115/211 kB
Progress (2): 0.1/3.2 MB | 119/211 kB
Progress (2): 0.1/3.2 MB | 119/211 kB
Progress (2): 0.1/3.2 MB | 123/211 kB
Progress (2): 0.1/3.2 MB | 127/211 kB
Progress (2): 0.1/3.2 MB | 127/211 kB
Progress (2): 0.1/3.2 MB | 131/211 kB
Progress (2): 0.2/3.2 MB | 131/211 kB
Progress (2): 0.2/3.2 MB | 135/211 kB
Progress (2): 0.2/3.2 MB | 135/211 kB
Progress (2): 0.2/3.2 MB | 140/211 kB
Progress (2): 0.2/3.2 MB | 140/211 kB
Progress (2): 0.2/3.2 MB | 144/211 kB
Progress (2): 0.2/3.2 MB | 144/211 kB
Progress (2): 0.2/3.2 MB | 147/211 kB
Progress (2): 0.2/3.2 MB | 147/211 kB
Progress (2): 0.2/3.2 MB | 152/211 kB
Progress (2): 0.2/3.2 MB | 152/211 kB
Progress (2): 0.2/3.2 MB | 156/211 kB
Progress (2): 0.2/3.2 MB | 156/211 kB
Progress (2): 0.2/3.2 MB | 160/211 kB
Progress (2): 0.2/3.2 MB | 160/211 kB
Progress (2): 0.2/3.2 MB | 164/211 kB
Progress (3): 0.2/3.2 MB | 164/211 kB | 0.9/345 kB
Progress (3): 0.2/3.2 MB | 169/211 kB | 0.9/345 kB
Progress (3): 0.2/3.2 MB | 169/211 kB | 0.9/345 kB
Progress (3): 0.2/3.2 MB | 172/211 kB | 0.9/345 kB
Progress (3): 0.2/3.2 MB | 172/211 kB | 0.9/345 kB
Progress (3): 0.2/3.2 MB | 176/211 kB | 0.9/345 kB
Progress (3): 0.2/3.2 MB | 176/211 kB | 0.9/345 kB
Progress (3): 0.2/3.2 MB | 180/211 kB | 0.9/345 kB
Progress (3): 0.2/3.2 MB | 185/211 kB | 0.9/345 kB
Progress (3): 0.2/3.2 MB | 185/211 kB | 0.9/345 kB
Progress (3): 0.2/3.2 MB | 189/211 kB | 0.9/345 kB
Progress (3): 0.2/3.2 MB | 189/211 kB | 2.3/345 kB
Progress (3): 0.2/3.2 MB | 189/211 kB | 2.3/345 kB
Progress (3): 0.2/3.2 MB | 189/211 kB | 3.7/345 kB
Progress (3): 0.2/3.2 MB | 189/211 kB | 3.7/345 kB
Progress (3): 0.2/3.2 MB | 193/211 kB | 3.7/345 kB
Progress (3): 0.2/3.2 MB | 193/211 kB | 5.0/345 kB
Progress (3): 0.2/3.2 MB | 193/211 kB | 6.4/345 kB
Progress (3): 0.2/3.2 MB | 197/211 kB | 6.4/345 kB
Progress (3): 0.2/3.2 MB | 197/211 kB | 7.8/345 kB
Progress (3): 0.2/3.2 MB | 197/211 kB | 7.8/345 kB
Progress (3): 0.2/3.2 MB | 202/211 kB | 7.8/345 kB
Progress (3): 0.2/3.2 MB | 202/211 kB | 8.2/345 kB
Progress (3): 0.2/3.2 MB | 202/211 kB | 8.2/345 kB
Progress (3): 0.2/3.2 MB | 202/211 kB | 9.6/345 kB
Progress (3): 0.2/3.2 MB | 206/211 kB | 9.6/345 kB
Progress (3): 0.2/3.2 MB | 206/211 kB | 9.6/345 kB
Progress (3): 0.2/3.2 MB | 206/211 kB | 11/345 kB 
Progress (3): 0.2/3.2 MB | 210/211 kB | 11/345 kB
Progress (3): 0.2/3.2 MB | 210/211 kB | 12/345 kB
Progress (3): 0.2/3.2 MB | 211 kB | 12/345 kB    
Progress (3): 0.2/3.2 MB | 211 kB | 14/345 kB
Progress (3): 0.2/3.2 MB | 211 kB | 15/345 kB
Progress (3): 0.2/3.2 MB | 211 kB | 16/345 kB
Progress (3): 0.2/3.2 MB | 211 kB | 18/345 kB
Progress (3): 0.2/3.2 MB | 211 kB | 19/345 kB
Progress (3): 0.2/3.2 MB | 211 kB | 21/345 kB
Progress (3): 0.2/3.2 MB | 211 kB | 21/345 kB
Progress (3): 0.2/3.2 MB | 211 kB | 25/345 kB
Progress (3): 0.2/3.2 MB | 211 kB | 29/345 kB
Progress (3): 0.2/3.2 MB | 211 kB | 33/345 kB
Progress (3): 0.2/3.2 MB | 211 kB | 37/345 kB
Progress (3): 0.3/3.2 MB | 211 kB | 37/345 kB
Progress (3): 0.3/3.2 MB | 211 kB | 41/345 kB
Progress (3): 0.3/3.2 MB | 211 kB | 45/345 kB
Progress (3): 0.3/3.2 MB | 211 kB | 50/345 kB
Progress (3): 0.3/3.2 MB | 211 kB | 54/345 kB
Progress (3): 0.3/3.2 MB | 211 kB | 57/345 kB
Progress (3): 0.3/3.2 MB | 211 kB | 62/345 kB
Progress (4): 0.3/3.2 MB | 211 kB | 62/345 kB | 0.9/44 kB
Progress (4): 0.3/3.2 MB | 211 kB | 62/345 kB | 2.3/44 kB
Progress (4): 0.3/3.2 MB | 211 kB | 62/345 kB | 3.7/44 kB
Progress (4): 0.3/3.2 MB | 211 kB | 62/345 kB | 5.0/44 kB
Progress (4): 0.3/3.2 MB | 211 kB | 62/345 kB | 6.4/44 kB
Progress (4): 0.3/3.2 MB | 211 kB | 62/345 kB | 7.8/44 kB
Progress (4): 0.3/3.2 MB | 211 kB | 62/345 kB | 9.1/44 kB
Progress (4): 0.3/3.2 MB | 211 kB | 62/345 kB | 11/44 kB 
Progress (4): 0.3/3.2 MB | 211 kB | 62/345 kB | 12/44 kB
Progress (4): 0.3/3.2 MB | 211 kB | 62/345 kB | 13/44 kB
Progress (4): 0.3/3.2 MB | 211 kB | 62/345 kB | 15/44 kB
Progress (4): 0.3/3.2 MB | 211 kB | 62/345 kB | 16/44 kB
Progress (4): 0.3/3.2 MB | 211 kB | 62/345 kB | 17/44 kB
Progress (4): 0.3/3.2 MB | 211 kB | 62/345 kB | 19/44 kB
Progress (4): 0.3/3.2 MB | 211 kB | 62/345 kB | 20/44 kB
Progress (4): 0.3/3.2 MB | 211 kB | 62/345 kB | 21/44 kB
Progress (4): 0.3/3.2 MB | 211 kB | 62/345 kB | 23/44 kB
Progress (4): 0.3/3.2 MB | 211 kB | 62/345 kB | 24/44 kB
Progress (4): 0.3/3.2 MB | 211 kB | 62/345 kB | 26/44 kB
Progress (4): 0.3/3.2 MB | 211 kB | 66/345 kB | 26/44 kB
Progress (4): 0.3/3.2 MB | 211 kB | 66/345 kB | 27/44 kB
Progress (4): 0.3/3.2 MB | 211 kB | 66/345 kB | 28/44 kB
Progress (4): 0.3/3.2 MB | 211 kB | 70/345 kB | 28/44 kB
Progress (4): 0.3/3.2 MB | 211 kB | 70/345 kB | 28/44 kB
Progress (4): 0.3/3.2 MB | 211 kB | 70/345 kB | 30/44 kB
Progress (4): 0.3/3.2 MB | 211 kB | 74/345 kB | 30/44 kB
Progress (4): 0.3/3.2 MB | 211 kB | 74/345 kB | 31/44 kB
Progress (4): 0.3/3.2 MB | 211 kB | 78/345 kB | 31/44 kB
Progress (4): 0.3/3.2 MB | 211 kB | 78/345 kB | 31/44 kB
Progress (4): 0.3/3.2 MB | 211 kB | 78/345 kB | 32/44 kB
Progress (4): 0.3/3.2 MB | 211 kB | 82/345 kB | 32/44 kB
Progress (4): 0.3/3.2 MB | 211 kB | 82/345 kB | 34/44 kB
Progress (4): 0.3/3.2 MB | 211 kB | 86/345 kB | 34/44 kB
Progress (4): 0.3/3.2 MB | 211 kB | 86/345 kB | 35/44 kB
Progress (5): 0.3/3.2 MB | 211 kB | 86/345 kB | 35/44 kB | 7.7/37 kB
Progress (5): 0.3/3.2 MB | 211 kB | 86/345 kB | 37/44 kB | 7.7/37 kB
Progress (5): 0.3/3.2 MB | 211 kB | 90/345 kB | 37/44 kB | 7.7/37 kB
Progress (5): 0.3/3.2 MB | 211 kB | 90/345 kB | 38/44 kB | 7.7/37 kB
Progress (5): 0.3/3.2 MB | 211 kB | 90/345 kB | 38/44 kB | 16/37 kB 
Progress (5): 0.3/3.2 MB | 211 kB | 90/345 kB | 38/44 kB | 16/37 kB
Progress (5): 0.3/3.2 MB | 211 kB | 94/345 kB | 38/44 kB | 16/37 kB
Progress (5): 0.3/3.2 MB | 211 kB | 94/345 kB | 39/44 kB | 16/37 kB
Progress (5): 0.3/3.2 MB | 211 kB | 99/345 kB | 39/44 kB | 16/37 kB
Progress (5): 0.3/3.2 MB | 211 kB | 103/345 kB | 39/44 kB | 16/37 kB
Progress (5): 0.3/3.2 MB | 211 kB | 103/345 kB | 43/44 kB | 16/37 kB
Progress (5): 0.3/3.2 MB | 211 kB | 103/345 kB | 43/44 kB | 29/37 kB
Progress (5): 0.3/3.2 MB | 211 kB | 103/345 kB | 44 kB | 29/37 kB   
Progress (5): 0.3/3.2 MB | 211 kB | 107/345 kB | 44 kB | 29/37 kB
Progress (5): 0.3/3.2 MB | 211 kB | 107/345 kB | 44 kB | 37 kB   
Progress (5): 0.3/3.2 MB | 211 kB | 111/345 kB | 44 kB | 37 kB
Progress (5): 0.3/3.2 MB | 211 kB | 111/345 kB | 44 kB | 37 kB
Progress (5): 0.3/3.2 MB | 211 kB | 115/345 kB | 44 kB | 37 kB
Progress (5): 0.3/3.2 MB | 211 kB | 119/345 kB | 44 kB | 37 kB
Progress (5): 0.3/3.2 MB | 211 kB | 123/345 kB | 44 kB | 37 kB
Progress (5): 0.3/3.2 MB | 211 kB | 127/345 kB | 44 kB | 37 kB
Progress (5): 0.3/3.2 MB | 211 kB | 127/345 kB | 44 kB | 37 kB
Progress (5): 0.3/3.2 MB | 211 kB | 127/345 kB | 44 kB | 37 kB
Progress (5): 0.3/3.2 MB | 211 kB | 127/345 kB | 44 kB | 37 kB
Progress (5): 0.4/3.2 MB | 211 kB | 127/345 kB | 44 kB | 37 kB
Progress (5): 0.4/3.2 MB | 211 kB | 127/345 kB | 44 kB | 37 kB
Progress (5): 0.4/3.2 MB | 211 kB | 127/345 kB | 44 kB | 37 kB
Progress (5): 0.4/3.2 MB | 211 kB | 127/345 kB | 44 kB | 37 kB
Progress (5): 0.4/3.2 MB | 211 kB | 127/345 kB | 44 kB | 37 kB
Progress (5): 0.4/3.2 MB | 211 kB | 127/345 kB | 44 kB | 37 kB
Progress (5): 0.5/3.2 MB | 211 kB | 127/345 kB | 44 kB | 37 kB
Progress (5): 0.5/3.2 MB | 211 kB | 127/345 kB | 44 kB | 37 kB
Progress (5): 0.5/3.2 MB | 211 kB | 131/345 kB | 44 kB | 37 kB
                                                              
Downloaded from central: https://repo1.maven.org/maven2/org/apache/felix/maven-bundle-plugin/5.1.9/maven-bundle-plugin-5.1.9.jar (211 kB at 1.4 MB/s)
Progress (4): 0.5/3.2 MB | 135/345 kB | 44 kB | 37 kB
                                                     
Downloading from central: https://repo1.maven.org/maven2/org/osgi/org.osgi.service.log/1.3.0/org.osgi.service.log-1.3.0.jar
Progress (4): 0.5/3.2 MB | 140/345 kB | 44 kB | 37 kB
Progress (4): 0.5/3.2 MB | 144/345 kB | 44 kB | 37 kB
Progress (4): 0.5/3.2 MB | 147/345 kB | 44 kB | 37 kB
Progress (4): 0.5/3.2 MB | 152/345 kB | 44 kB | 37 kB
Progress (4): 0.5/3.2 MB | 156/345 kB | 44 kB | 37 kB
Progress (4): 0.5/3.2 MB | 156/345 kB | 44 kB | 37 kB
Progress (4): 0.5/3.2 MB | 160/345 kB | 44 kB | 37 kB
Progress (4): 0.5/3.2 MB | 164/345 kB | 44 kB | 37 kB
Progress (4): 0.5/3.2 MB | 164/345 kB | 44 kB | 37 kB
Progress (4): 0.5/3.2 MB | 168/345 kB | 44 kB | 37 kB
Progress (4): 0.5/3.2 MB | 172/345 kB | 44 kB | 37 kB
Progress (4): 0.5/3.2 MB | 176/345 kB | 44 kB | 37 kB
Progress (4): 0.5/3.2 MB | 176/345 kB | 44 kB | 37 kB
Progress (4): 0.5/3.2 MB | 180/345 kB | 44 kB | 37 kB
Progress (4): 0.5/3.2 MB | 180/345 kB | 44 kB | 37 kB
Progress (4): 0.5/3.2 MB | 185/345 kB | 44 kB | 37 kB
Progress (4): 0.5/3.2 MB | 185/345 kB | 44 kB | 37 kB
Progress (4): 0.5/3.2 MB | 201/345 kB | 44 kB | 37 kB
Progress (4): 0.6/3.2 MB | 201/345 kB | 44 kB | 37 kB
Progress (4): 0.6/3.2 MB | 201/345 kB | 44 kB | 37 kB
Progress (4): 0.6/3.2 MB | 217/345 kB | 44 kB | 37 kB
Progress (4): 0.6/3.2 MB | 217/345 kB | 44 kB | 37 kB
Progress (4): 0.6/3.2 MB | 234/345 kB | 44 kB | 37 kB
Progress (4): 0.6/3.2 MB | 234/345 kB | 44 kB | 37 kB
Progress (4): 0.6/3.2 MB | 234/345 kB | 44 kB | 37 kB
Progress (4): 0.6/3.2 MB | 250/345 kB | 44 kB | 37 kB
Progress (4): 0.6/3.2 MB | 250/345 kB | 44 kB | 37 kB
                                                     
Downloaded from central: https://repo1.maven.org/maven2/org/osgi/org.osgi.util.tracker/1.5.4/org.osgi.util.tracker-1.5.4.jar (44 kB at 273 kB/s)
Downloading from central: https://repo1.maven.org/maven2/org/osgi/org.osgi.service.repository/1.1.0/org.osgi.service.repository-1.1.0.jar
Downloaded from central: https://repo1.maven.org/maven2/org/osgi/osgi.annotation/8.0.1/osgi.annotation-8.0.1.jar (37 kB at 230 kB/s)
Downloading from central: https://repo1.maven.org/maven2/org/osgi/org.osgi.util.function/1.2.0/org.osgi.util.function-1.2.0.jar
Progress (2): 0.7/3.2 MB | 250/345 kB
Progress (2): 0.7/3.2 MB | 250/345 kB
Progress (2): 0.7/3.2 MB | 250/345 kB
Progress (2): 0.7/3.2 MB | 250/345 kB
Progress (2): 0.7/3.2 MB | 250/345 kB
Progress (2): 0.7/3.2 MB | 250/345 kB
Progress (2): 0.8/3.2 MB | 250/345 kB
Progress (2): 0.8/3.2 MB | 250/345 kB
Progress (2): 0.8/3.2 MB | 250/345 kB
Progress (2): 0.8/3.2 MB | 267/345 kB
Progress (2): 0.8/3.2 MB | 267/345 kB
Progress (2): 0.8/3.2 MB | 267/345 kB
Progress (2): 0.8/3.2 MB | 267/345 kB
Progress (2): 0.8/3.2 MB | 283/345 kB
Progress (2): 0.9/3.2 MB | 283/345 kB
Progress (2): 0.9/3.2 MB | 283/345 kB
Progress (2): 0.9/3.2 MB | 283/345 kB
Progress (2): 0.9/3.2 MB | 283/345 kB
Progress (2): 0.9/3.2 MB | 299/345 kB
Progress (2): 0.9/3.2 MB | 299/345 kB
Progress (2): 0.9/3.2 MB | 311/345 kB
Progress (2): 0.9/3.2 MB | 311/345 kB
Progress (2): 0.9/3.2 MB | 328/345 kB
Progress (2): 1.0/3.2 MB | 328/345 kB
Progress (2): 1.0/3.2 MB | 328/345 kB
Progress (2): 1.0/3.2 MB | 344/345 kB
Progress (2): 1.0/3.2 MB | 344/345 kB
Progress (2): 1.0/3.2 MB | 345 kB    
Progress (2): 1.0/3.2 MB | 345 kB
Progress (2): 1.0/3.2 MB | 345 kB
Progress (2): 1.0/3.2 MB | 345 kB
Progress (2): 1.0/3.2 MB | 345 kB
Progress (2): 1.1/3.2 MB | 345 kB
Progress (2): 1.1/3.2 MB | 345 kB
Progress (2): 1.1/3.2 MB | 345 kB
Progress (2): 1.1/3.2 MB | 345 kB
Progress (2): 1.1/3.2 MB | 345 kB
Progress (2): 1.1/3.2 MB | 345 kB
Progress (2): 1.2/3.2 MB | 345 kB
Progress (2): 1.2/3.2 MB | 345 kB
Progress (2): 1.2/3.2 MB | 345 kB
Progress (2): 1.2/3.2 MB | 345 kB
Progress (2): 1.2/3.2 MB | 345 kB
Progress (2): 1.2/3.2 MB | 345 kB
Progress (3): 1.2/3.2 MB | 345 kB | 7.7/17 kB
Progress (3): 1.3/3.2 MB | 345 kB | 7.7/17 kB
Progress (3): 1.3/3.2 MB | 345 kB | 16/17 kB 
Progress (3): 1.3/3.2 MB | 345 kB | 17 kB   
Progress (3): 1.3/3.2 MB | 345 kB | 17 kB
Progress (3): 1.3/3.2 MB | 345 kB | 17 kB
Progress (3): 1.3/3.2 MB | 345 kB | 17 kB
Progress (3): 1.3/3.2 MB | 345 kB | 17 kB
Progress (3): 1.3/3.2 MB | 345 kB | 17 kB
Progress (3): 1.4/3.2 MB | 345 kB | 17 kB
Progress (3): 1.4/3.2 MB | 345 kB | 17 kB
Progress (3): 1.4/3.2 MB | 345 kB | 17 kB
Progress (3): 1.4/3.2 MB | 345 kB | 17 kB
Progress (3): 1.4/3.2 MB | 345 kB | 17 kB
Progress (3): 1.4/3.2 MB | 345 kB | 17 kB
Progress (3): 1.5/3.2 MB | 345 kB | 17 kB
Progress (3): 1.5/3.2 MB | 345 kB | 17 kB
                                         
Downloaded from central: https://repo1.maven.org/maven2/org/osgi/org.osgi.framework/1.8.0/org.osgi.framework-1.8.0.jar (345 kB at 1.8 MB/s)
Downloading from central: https://repo1.maven.org/maven2/org/osgi/org.osgi.util.promise/1.2.0/org.osgi.util.promise-1.2.0.jar
Progress (2): 1.5/3.2 MB | 17 kB
Progress (2): 1.5/3.2 MB | 17 kB
Progress (2): 1.5/3.2 MB | 17 kB
Progress (2): 1.5/3.2 MB | 17 kB
Progress (2): 1.6/3.2 MB | 17 kB
Progress (2): 1.6/3.2 MB | 17 kB
Progress (2): 1.6/3.2 MB | 17 kB
Progress (2): 1.6/3.2 MB | 17 kB
Progress (2): 1.6/3.2 MB | 17 kB
Progress (2): 1.6/3.2 MB | 17 kB
Progress (2): 1.6/3.2 MB | 17 kB
Progress (2): 1.7/3.2 MB | 17 kB
Progress (2): 1.7/3.2 MB | 17 kB
Progress (2): 1.7/3.2 MB | 17 kB
Progress (2): 1.7/3.2 MB | 17 kB
Progress (2): 1.7/3.2 MB | 17 kB
Progress (2): 1.7/3.2 MB | 17 kB
Progress (2): 1.8/3.2 MB | 17 kB
Progress (2): 1.8/3.2 MB | 17 kB
Progress (3): 1.8/3.2 MB | 17 kB | 3.8/25 kB
Progress (3): 1.8/3.2 MB | 17 kB | 3.8/25 kB
Progress (3): 1.8/3.2 MB | 17 kB | 8.0/25 kB
Progress (3): 1.8/3.2 MB | 17 kB | 8.2/25 kB
Progress (3): 1.8/3.2 MB | 17 kB | 12/25 kB 
Progress (3): 1.8/3.2 MB | 17 kB | 12/25 kB
Progress (3): 1.8/3.2 MB | 17 kB | 17/25 kB
Progress (3): 1.8/3.2 MB | 17 kB | 17/25 kB
Progress (3): 1.8/3.2 MB | 17 kB | 21/25 kB
Progress (3): 1.8/3.2 MB | 17 kB | 25/25 kB
Progress (3): 1.8/3.2 MB | 17 kB | 25 kB   
Progress (3): 1.8/3.2 MB | 17 kB | 25 kB
Progress (3): 1.9/3.2 MB | 17 kB | 25 kB
Progress (3): 1.9/3.2 MB | 17 kB | 25 kB
Progress (3): 1.9/3.2 MB | 17 kB | 25 kB
Progress (3): 1.9/3.2 MB | 17 kB | 25 kB
Progress (3): 1.9/3.2 MB | 17 kB | 25 kB
                                        
Downloaded from central: https://repo1.maven.org/maven2/org/osgi/org.osgi.service.log/1.3.0/org.osgi.service.log-1.3.0.jar (17 kB at 83 kB/s)
Downloading from central: https://repo1.maven.org/maven2/biz/aQute/bnd/biz.aQute.bnd.util/6.3.1/biz.aQute.bnd.util-6.3.1.jar
Progress (2): 1.9/3.2 MB | 25 kB
Progress (2): 2.0/3.2 MB | 25 kB
Progress (2): 2.0/3.2 MB | 25 kB
Progress (2): 2.0/3.2 MB | 25 kB
Progress (2): 2.0/3.2 MB | 25 kB
Progress (2): 2.0/3.2 MB | 25 kB
Progress (2): 2.0/3.2 MB | 25 kB
Progress (2): 2.1/3.2 MB | 25 kB
Progress (2): 2.1/3.2 MB | 25 kB
Progress (2): 2.1/3.2 MB | 25 kB
Progress (2): 2.1/3.2 MB | 25 kB
Progress (2): 2.1/3.2 MB | 25 kB
Progress (2): 2.1/3.2 MB | 25 kB
Progress (2): 2.2/3.2 MB | 25 kB
Progress (2): 2.2/3.2 MB | 25 kB
Progress (2): 2.2/3.2 MB | 25 kB
Progress (2): 2.2/3.2 MB | 25 kB
Progress (3): 2.2/3.2 MB | 25 kB | 3.8/24 kB
Progress (3): 2.2/3.2 MB | 25 kB | 3.8/24 kB
Progress (3): 2.2/3.2 MB | 25 kB | 3.8/24 kB
Progress (3): 2.3/3.2 MB | 25 kB | 3.8/24 kB
Progress (3): 2.3/3.2 MB | 25 kB | 3.8/24 kB
Progress (3): 2.3/3.2 MB | 25 kB | 3.8/24 kB
Progress (3): 2.3/3.2 MB | 25 kB | 3.8/24 kB
Progress (3): 2.3/3.2 MB | 25 kB | 20/24 kB 
Progress (3): 2.3/3.2 MB | 25 kB | 24 kB   
Progress (3): 2.3/3.2 MB | 25 kB | 24 kB
Progress (3): 2.3/3.2 MB | 25 kB | 24 kB
Progress (3): 2.3/3.2 MB | 25 kB | 24 kB
                                        
Downloaded from central: https://repo1.maven.org/maven2/org/osgi/org.osgi.service.repository/1.1.0/org.osgi.service.repository-1.1.0.jar (25 kB at 119 kB/s)
Downloading from central: https://repo1.maven.org/maven2/org/slf4j/slf4j-api/1.7.25/slf4j-api-1.7.25.jar
Progress (2): 2.4/3.2 MB | 24 kB
Progress (2): 2.4/3.2 MB | 24 kB
Progress (2): 2.4/3.2 MB | 24 kB
Progress (2): 2.4/3.2 MB | 24 kB
Progress (2): 2.4/3.2 MB | 24 kB
Progress (2): 2.4/3.2 MB | 24 kB
Progress (2): 2.5/3.2 MB | 24 kB
Progress (2): 2.5/3.2 MB | 24 kB
Progress (2): 2.5/3.2 MB | 24 kB
Progress (2): 2.5/3.2 MB | 24 kB
Progress (2): 2.5/3.2 MB | 24 kB
Progress (2): 2.5/3.2 MB | 24 kB
Progress (2): 2.6/3.2 MB | 24 kB
Progress (2): 2.6/3.2 MB | 24 kB
Progress (2): 2.6/3.2 MB | 24 kB
Progress (2): 2.6/3.2 MB | 24 kB
Progress (2): 2.6/3.2 MB | 24 kB
Progress (2): 2.6/3.2 MB | 24 kB
Progress (2): 2.6/3.2 MB | 24 kB
Progress (3): 2.6/3.2 MB | 24 kB | 7.7/83 kB
Progress (3): 2.6/3.2 MB | 24 kB | 16/83 kB 
Progress (3): 2.7/3.2 MB | 24 kB | 16/83 kB
Progress (3): 2.7/3.2 MB | 24 kB | 16/83 kB
Progress (3): 2.7/3.2 MB | 24 kB | 32/83 kB
Progress (3): 2.7/3.2 MB | 24 kB | 32/83 kB
Progress (3): 2.7/3.2 MB | 24 kB | 49/83 kB
Progress (3): 2.7/3.2 MB | 24 kB | 49/83 kB
Progress (3): 2.7/3.2 MB | 24 kB | 65/83 kB
Progress (3): 2.7/3.2 MB | 24 kB | 65/83 kB
                                           
Downloaded from central: https://repo1.maven.org/maven2/org/osgi/org.osgi.util.function/1.2.0/org.osgi.util.function-1.2.0.jar (24 kB at 106 kB/s)
Downloading from central: https://repo1.maven.org/maven2/org/apache/felix/org.apache.felix.bundlerepository/1.6.6/org.apache.felix.bundlerepository-1.6.6.jar
Progress (2): 2.7/3.2 MB | 81/83 kB
Progress (2): 2.7/3.2 MB | 81/83 kB
Progress (2): 2.7/3.2 MB | 83 kB   
Progress (2): 2.8/3.2 MB | 83 kB
Progress (2): 2.8/3.2 MB | 83 kB
Progress (2): 2.8/3.2 MB | 83 kB
Progress (2): 2.8/3.2 MB | 83 kB
Progress (2): 2.8/3.2 MB | 83 kB
Progress (2): 2.8/3.2 MB | 83 kB
Progress (2): 2.9/3.2 MB | 83 kB
Progress (2): 2.9/3.2 MB | 83 kB
Progress (2): 2.9/3.2 MB | 83 kB
Progress (2): 2.9/3.2 MB | 83 kB
Progress (2): 2.9/3.2 MB | 83 kB
Progress (2): 2.9/3.2 MB | 83 kB
Progress (2): 3.0/3.2 MB | 83 kB
Progress (2): 3.0/3.2 MB | 83 kB
Progress (2): 3.0/3.2 MB | 83 kB
Progress (2): 3.0/3.2 MB | 83 kB
Progress (2): 3.0/3.2 MB | 83 kB
Progress (2): 3.0/3.2 MB | 83 kB
Progress (2): 3.1/3.2 MB | 83 kB
Progress (2): 3.1/3.2 MB | 83 kB
Progress (2): 3.1/3.2 MB | 83 kB
Progress (2): 3.1/3.2 MB | 83 kB
                                
Downloaded from central: https://repo1.maven.org/maven2/org/osgi/org.osgi.util.promise/1.2.0/org.osgi.util.promise-1.2.0.jar (83 kB at 353 kB/s)
Downloading from central: https://repo1.maven.org/maven2/org/apache/felix/org.apache.felix.utils/1.6.0/org.apache.felix.utils-1.6.0.jar
Progress (1): 3.1/3.2 MB
Progress (1): 3.1/3.2 MB
Progress (1): 3.2/3.2 MB
Progress (1): 3.2/3.2 MB
Progress (1): 3.2 MB    
Progress (2): 3.2 MB | 7.7/41 kB
Progress (2): 3.2 MB | 8.2/41 kB
Progress (2): 3.2 MB | 25/41 kB 
Progress (2): 3.2 MB | 41/41 kB
Progress (2): 3.2 MB | 41 kB   
Progress (3): 3.2 MB | 41 kB | 7.7/168 kB
Progress (3): 3.2 MB | 41 kB | 16/168 kB 
Progress (3): 3.2 MB | 41 kB | 32/168 kB
Progress (3): 3.2 MB | 41 kB | 49/168 kB
                                        
Downloaded from central: https://repo1.maven.org/maven2/org/slf4j/slf4j-api/1.7.25/slf4j-api-1.7.25.jar (41 kB at 157 kB/s)
Downloading from central: https://repo1.maven.org/maven2/org/osgi/org.osgi.compendium/4.2.0/org.osgi.compendium-4.2.0.jar
Progress (2): 3.2 MB | 65/168 kB
Progress (2): 3.2 MB | 81/168 kB
Progress (2): 3.2 MB | 98/168 kB
Progress (2): 3.2 MB | 114/168 kB
Progress (2): 3.2 MB | 131/168 kB
Progress (2): 3.2 MB | 147/168 kB
Progress (2): 3.2 MB | 163/168 kB
Progress (2): 3.2 MB | 168 kB    
Progress (3): 3.2 MB | 168 kB | 7.7/68 kB
Progress (3): 3.2 MB | 168 kB | 16/68 kB 
                                        
Downloaded from central: https://repo1.maven.org/maven2/biz/aQute/bnd/biz.aQute.bndlib/6.3.1/biz.aQute.bndlib-6.3.1.jar (3.2 MB at 12 MB/s)
Downloading from central: https://repo1.maven.org/maven2/org/apache/maven/maven-archiver/3.5.2/maven-archiver-3.5.2.jar
Progress (2): 168 kB | 32/68 kB
Progress (2): 168 kB | 49/68 kB
Progress (2): 168 kB | 65/68 kB
Progress (2): 168 kB | 68 kB   
                            
Downloaded from central: https://repo1.maven.org/maven2/org/apache/felix/org.apache.felix.bundlerepository/1.6.6/org.apache.felix.bundlerepository-1.6.6.jar (168 kB at 608 kB/s)
Downloading from central: https://repo1.maven.org/maven2/org/apache/maven/maven-artifact/3.1.1/maven-artifact-3.1.1.jar
Progress (2): 68 kB | 3.8/424 kB
                                
Downloaded from central: https://repo1.maven.org/maven2/org/apache/felix/org.apache.felix.utils/1.6.0/org.apache.felix.utils-1.6.0.jar (68 kB at 237 kB/s)
Downloading from central: https://repo1.maven.org/maven2/org/apache/maven/maven-model/3.1.1/maven-model-3.1.1.jar
Progress (1): 8.0/424 kB
Progress (1): 12/424 kB 
Progress (1): 16/424 kB
Progress (1): 21/424 kB
Progress (1): 25/424 kB
Progress (1): 29/424 kB
Progress (1): 33/424 kB
Progress (1): 38/424 kB
Progress (1): 42/424 kB
Progress (1): 46/424 kB
Progress (1): 50/424 kB
Progress (1): 55/424 kB
Progress (1): 59/424 kB
Progress (1): 63/424 kB
Progress (1): 67/424 kB
Progress (1): 71/424 kB
Progress (1): 76/424 kB
Progress (1): 80/424 kB
Progress (1): 84/424 kB
Progress (1): 88/424 kB
Progress (1): 93/424 kB
Progress (1): 97/424 kB
Progress (1): 101/424 kB
Progress (1): 105/424 kB
Progress (1): 110/424 kB
Progress (1): 114/424 kB
Progress (1): 118/424 kB
Progress (1): 122/424 kB
Progress (1): 126/424 kB
Progress (1): 143/424 kB
Progress (1): 159/424 kB
Progress (1): 176/424 kB
Progress (1): 192/424 kB
Progress (1): 208/424 kB
Progress (1): 225/424 kB
Progress (1): 241/424 kB
Progress (1): 258/424 kB
Progress (1): 274/424 kB
Progress (1): 290/424 kB
Progress (1): 307/424 kB
Progress (1): 323/424 kB
Progress (1): 339/424 kB
Progress (1): 356/424 kB
Progress (1): 372/424 kB
Progress (1): 389/424 kB
Progress (1): 405/424 kB
Progress (1): 421/424 kB
Progress (1): 424 kB    
Progress (2): 424 kB | 3.4/614 kB
Progress (2): 424 kB | 20/614 kB 
Progress (2): 424 kB | 36/614 kB
Progress (3): 424 kB | 36/614 kB | 7.7/52 kB
Progress (4): 424 kB | 36/614 kB | 7.7/52 kB | 7.7/154 kB
Progress (4): 424 kB | 53/614 kB | 7.7/52 kB | 7.7/154 kB
Progress (4): 424 kB | 69/614 kB | 7.7/52 kB | 7.7/154 kB
Progress (4): 424 kB | 85/614 kB | 7.7/52 kB | 7.7/154 kB
Progress (4): 424 kB | 102/614 kB | 7.7/52 kB | 7.7/154 kB
Progress (4): 424 kB | 115/614 kB | 7.7/52 kB | 7.7/154 kB
Progress (4): 424 kB | 115/614 kB | 16/52 kB | 7.7/154 kB 
Progress (4): 424 kB | 115/614 kB | 16/52 kB | 12/154 kB 
Progress (4): 424 kB | 131/614 kB | 16/52 kB | 12/154 kB
Progress (4): 424 kB | 131/614 kB | 32/52 kB | 12/154 kB
Progress (4): 424 kB | 131/614 kB | 49/52 kB | 12/154 kB
Progress (4): 424 kB | 131/614 kB | 49/52 kB | 29/154 kB
Progress (4): 424 kB | 139/614 kB | 49/52 kB | 29/154 kB
Progress (4): 424 kB | 139/614 kB | 52 kB | 29/154 kB   
Progress (4): 424 kB | 147/614 kB | 52 kB | 29/154 kB
Progress (4): 424 kB | 147/614 kB | 52 kB | 45/154 kB
Progress (4): 424 kB | 164/614 kB | 52 kB | 45/154 kB
Progress (4): 424 kB | 164/614 kB | 52 kB | 61/154 kB
Progress (4): 424 kB | 172/614 kB | 52 kB | 61/154 kB
Progress (4): 424 kB | 188/614 kB | 52 kB | 61/154 kB
Progress (4): 424 kB | 188/614 kB | 52 kB | 78/154 kB
Progress (4): 424 kB | 197/614 kB | 52 kB | 78/154 kB
Progress (4): 424 kB | 197/614 kB | 52 kB | 94/154 kB
Progress (4): 424 kB | 213/614 kB | 52 kB | 94/154 kB
Progress (4): 424 kB | 213/614 kB | 52 kB | 111/154 kB
Progress (4): 424 kB | 221/614 kB | 52 kB | 111/154 kB
Progress (5): 424 kB | 221/614 kB | 52 kB | 111/154 kB | 7.7/26 kB
Progress (5): 424 kB | 221/614 kB | 52 kB | 127/154 kB | 7.7/26 kB
Progress (5): 424 kB | 238/614 kB | 52 kB | 127/154 kB | 7.7/26 kB
Progress (5): 424 kB | 238/614 kB | 52 kB | 143/154 kB | 7.7/26 kB
Progress (5): 424 kB | 254/614 kB | 52 kB | 143/154 kB | 7.7/26 kB
Progress (5): 424 kB | 254/614 kB | 52 kB | 154 kB | 7.7/26 kB    
Progress (5): 424 kB | 262/614 kB | 52 kB | 154 kB | 7.7/26 kB
Progress (5): 424 kB | 279/614 kB | 52 kB | 154 kB | 7.7/26 kB
Progress (5): 424 kB | 287/614 kB | 52 kB | 154 kB | 7.7/26 kB
Progress (5): 424 kB | 303/614 kB | 52 kB | 154 kB | 7.7/26 kB
Progress (5): 424 kB | 303/614 kB | 52 kB | 154 kB | 16/26 kB 
Progress (5): 424 kB | 303/614 kB | 52 kB | 154 kB | 26 kB   
Progress (5): 424 kB | 319/614 kB | 52 kB | 154 kB | 26 kB
Progress (5): 424 kB | 336/614 kB | 52 kB | 154 kB | 26 kB
Progress (5): 424 kB | 352/614 kB | 52 kB | 154 kB | 26 kB
Progress (5): 424 kB | 369/614 kB | 52 kB | 154 kB | 26 kB
Progress (5): 424 kB | 385/614 kB | 52 kB | 154 kB | 26 kB
Progress (5): 424 kB | 401/614 kB | 52 kB | 154 kB | 26 kB
Progress (5): 424 kB | 418/614 kB | 52 kB | 154 kB | 26 kB
Progress (5): 424 kB | 434/614 kB | 52 kB | 154 kB | 26 kB
                                                          
Downloaded from central: https://repo1.maven.org/maven2/biz/aQute/bnd/biz.aQute.bnd.util/6.3.1/biz.aQute.bnd.util-6.3.1.jar (424 kB at 1.2 MB/s)
Downloading from central: https://repo1.maven.org/maven2/org/apache/maven/maven-core/3.1.1/maven-core-3.1.1.jar
Progress (4): 451/614 kB | 52 kB | 154 kB | 26 kB
                                                 
Downloaded from central: https://repo1.maven.org/maven2/org/apache/maven/maven-artifact/3.1.1/maven-artifact-3.1.1.jar (52 kB at 153 kB/s)
Downloading from central: https://repo1.maven.org/maven2/org/apache/maven/maven-settings/3.1.1/maven-settings-3.1.1.jar
Progress (3): 467/614 kB | 154 kB | 26 kB
Progress (3): 483/614 kB | 154 kB | 26 kB
Progress (3): 500/614 kB | 154 kB | 26 kB
Progress (3): 516/614 kB | 154 kB | 26 kB
Progress (3): 532/614 kB | 154 kB | 26 kB
Progress (3): 549/614 kB | 154 kB | 26 kB
Progress (3): 565/614 kB | 154 kB | 26 kB
Progress (3): 582/614 kB | 154 kB | 26 kB
                                         
Downloaded from central: https://repo1.maven.org/maven2/org/apache/maven/maven-archiver/3.5.2/maven-archiver-3.5.2.jar (26 kB at 75 kB/s)
Downloading from central: https://repo1.maven.org/maven2/org/apache/maven/maven-settings-builder/3.1.1/maven-settings-builder-3.1.1.jar
Downloaded from central: https://repo1.maven.org/maven2/org/apache/maven/maven-model/3.1.1/maven-model-3.1.1.jar (154 kB at 444 kB/s)
Downloading from central: https://repo1.maven.org/maven2/org/apache/maven/maven-repository-metadata/3.1.1/maven-repository-metadata-3.1.1.jar
Progress (1): 598/614 kB
Progress (1): 614 kB    
                    
Downloaded from central: https://repo1.maven.org/maven2/org/osgi/org.osgi.compendium/4.2.0/org.osgi.compendium-4.2.0.jar (614 kB at 1.7 MB/s)
Downloading from central: https://repo1.maven.org/maven2/org/apache/maven/maven-plugin-api/3.1.1/maven-plugin-api-3.1.1.jar
Progress (1): 7.7/557 kB
Progress (1): 8.2/557 kB
Progress (1): 25/557 kB 
Progress (1): 41/557 kB
Progress (1): 57/557 kB
Progress (1): 74/557 kB
Progress (1): 90/557 kB
Progress (1): 106/557 kB
Progress (1): 123/557 kB
Progress (1): 139/557 kB
Progress (1): 156/557 kB
Progress (2): 156/557 kB | 7.7/42 kB
Progress (2): 172/557 kB | 7.7/42 kB
Progress (2): 180/557 kB | 7.7/42 kB
Progress (2): 197/557 kB | 7.7/42 kB
Progress (2): 213/557 kB | 7.7/42 kB
Progress (2): 213/557 kB | 16/42 kB 
Progress (2): 229/557 kB | 16/42 kB
Progress (2): 229/557 kB | 32/42 kB
Progress (2): 229/557 kB | 42 kB   
Progress (2): 246/557 kB | 42 kB
Progress (2): 262/557 kB | 42 kB
Progress (2): 279/557 kB | 42 kB
Progress (2): 295/557 kB | 42 kB
Progress (2): 311/557 kB | 42 kB
Progress (2): 328/557 kB | 42 kB
Progress (2): 344/557 kB | 42 kB
Progress (2): 360/557 kB | 42 kB
Progress (2): 377/557 kB | 42 kB
Progress (2): 393/557 kB | 42 kB
Progress (3): 393/557 kB | 42 kB | 7.7/42 kB
Progress (3): 410/557 kB | 42 kB | 7.7/42 kB
Progress (3): 426/557 kB | 42 kB | 7.7/42 kB
Progress (3): 442/557 kB | 42 kB | 7.7/42 kB
Progress (3): 442/557 kB | 42 kB | 16/42 kB 
Progress (3): 459/557 kB | 42 kB | 16/42 kB
Progress (3): 459/557 kB | 42 kB | 24/42 kB
Progress (3): 459/557 kB | 42 kB | 41/42 kB
Progress (3): 475/557 kB | 42 kB | 41/42 kB
Progress (3): 475/557 kB | 42 kB | 42 kB   
Progress (3): 492/557 kB | 42 kB | 42 kB
Progress (3): 508/557 kB | 42 kB | 42 kB
Progress (3): 524/557 kB | 42 kB | 42 kB
Progress (3): 541/557 kB | 42 kB | 42 kB
Progress (3): 557/557 kB | 42 kB | 42 kB
Progress (3): 557 kB | 42 kB | 42 kB    
Progress (4): 557 kB | 42 kB | 42 kB | 7.7/25 kB
                                                
Downloaded from central: https://repo1.maven.org/maven2/org/apache/maven/maven-settings/3.1.1/maven-settings-3.1.1.jar (42 kB at 106 kB/s)
Downloading from central: https://repo1.maven.org/maven2/org/apache/maven/maven-model-builder/3.1.1/maven-model-builder-3.1.1.jar
Progress (3): 557 kB | 42 kB | 12/25 kB
Progress (3): 557 kB | 42 kB | 25 kB   
                                    
Downloaded from central: https://repo1.maven.org/maven2/org/apache/maven/maven-settings-builder/3.1.1/maven-settings-builder-3.1.1.jar (42 kB at 103 kB/s)
Downloading from central: https://repo1.maven.org/maven2/org/apache/maven/maven-aether-provider/3.1.1/maven-aether-provider-3.1.1.jar
Downloaded from central: https://repo1.maven.org/maven2/org/apache/maven/maven-core/3.1.1/maven-core-3.1.1.jar (557 kB at 1.4 MB/s)
Downloading from central: https://repo1.maven.org/maven2/org/eclipse/sisu/org.eclipse.sisu.plexus/0.0.0.M5/org.eclipse.sisu.plexus-0.0.0.M5.jar
Downloaded from central: https://repo1.maven.org/maven2/org/apache/maven/maven-repository-metadata/3.1.1/maven-repository-metadata-3.1.1.jar (25 kB at 61 kB/s)
Downloading from central: https://repo1.maven.org/maven2/com/google/guava/guava/10.0.1/guava-10.0.1.jar
Progress (1): 7.7/45 kB
Progress (1): 8.2/45 kB
Progress (1): 25/45 kB 
Progress (1): 41/45 kB
Progress (1): 45 kB   
Progress (2): 45 kB | 7.7/160 kB
Progress (2): 45 kB | 7.8/160 kB
                                
Downloaded from central: https://repo1.maven.org/maven2/org/apache/maven/maven-plugin-api/3.1.1/maven-plugin-api-3.1.1.jar (45 kB at 105 kB/s)
Downloading from central: https://repo1.maven.org/maven2/org/sonatype/sisu/sisu-guice/3.1.0/sisu-guice-3.1.0-no_aop.jar
Progress (1): 24/160 kB
Progress (1): 41/160 kB
Progress (1): 57/160 kB
Progress (1): 73/160 kB
Progress (1): 90/160 kB
Progress (1): 106/160 kB
Progress (1): 122/160 kB
Progress (1): 139/160 kB
Progress (1): 155/160 kB
Progress (1): 160 kB    
Progress (2): 160 kB | 0/1.5 MB
                               
Downloaded from central: https://repo1.maven.org/maven2/org/apache/maven/maven-model-builder/3.1.1/maven-model-builder-3.1.1.jar (160 kB at 357 kB/s)
Downloading from central: https://repo1.maven.org/maven2/org/eclipse/sisu/org.eclipse.sisu.inject/0.0.0.M5/org.eclipse.sisu.inject-0.0.0.M5.jar
Progress (1): 0/1.5 MB
Progress (1): 0/1.5 MB
Progress (2): 0/1.5 MB | 7.7/60 kB
Progress (2): 0/1.5 MB | 7.7/60 kB
Progress (2): 0.1/1.5 MB | 7.7/60 kB
Progress (2): 0.1/1.5 MB | 7.7/60 kB
Progress (2): 0.1/1.5 MB | 8.2/60 kB
Progress (2): 0.1/1.5 MB | 8.2/60 kB
Progress (2): 0.1/1.5 MB | 8.2/60 kB
Progress (2): 0.1/1.5 MB | 25/60 kB 
Progress (2): 0.1/1.5 MB | 41/60 kB
Progress (2): 0.1/1.5 MB | 41/60 kB
Progress (2): 0.1/1.5 MB | 41/60 kB
Progress (2): 0.1/1.5 MB | 57/60 kB
Progress (2): 0.1/1.5 MB | 60 kB   
Progress (2): 0.2/1.5 MB | 60 kB
Progress (2): 0.2/1.5 MB | 60 kB
Progress (2): 0.2/1.5 MB | 60 kB
Progress (2): 0.2/1.5 MB | 60 kB
Progress (2): 0.2/1.5 MB | 60 kB
Progress (2): 0.2/1.5 MB | 60 kB
Progress (2): 0.3/1.5 MB | 60 kB
Progress (2): 0.3/1.5 MB | 60 kB
Progress (2): 0.3/1.5 MB | 60 kB
Progress (2): 0.3/1.5 MB | 60 kB
Progress (2): 0.3/1.5 MB | 60 kB
Progress (2): 0.3/1.5 MB | 60 kB
Progress (2): 0.4/1.5 MB | 60 kB
Progress (2): 0.4/1.5 MB | 60 kB
Progress (3): 0.4/1.5 MB | 60 kB | 7.7/197 kB
Progress (3): 0.4/1.5 MB | 60 kB | 8.2/197 kB
Progress (3): 0.4/1.5 MB | 60 kB | 8.2/197 kB
Progress (3): 0.4/1.5 MB | 60 kB | 25/197 kB 
Progress (3): 0.4/1.5 MB | 60 kB | 25/197 kB
Progress (3): 0.4/1.5 MB | 60 kB | 33/197 kB
Progress (3): 0.4/1.5 MB | 60 kB | 33/197 kB
Progress (3): 0.4/1.5 MB | 60 kB | 49/197 kB
Progress (3): 0.4/1.5 MB | 60 kB | 49/197 kB
Progress (3): 0.5/1.5 MB | 60 kB | 49/197 kB
Progress (3): 0.5/1.5 MB | 60 kB | 66/197 kB
Progress (3): 0.5/1.5 MB | 60 kB | 66/197 kB
Progress (3): 0.5/1.5 MB | 60 kB | 82/197 kB
Progress (3): 0.5/1.5 MB | 60 kB | 90/197 kB
Progress (3): 0.5/1.5 MB | 60 kB | 90/197 kB
Progress (3): 0.5/1.5 MB | 60 kB | 106/197 kB
Progress (3): 0.5/1.5 MB | 60 kB | 106/197 kB
Progress (3): 0.5/1.5 MB | 60 kB | 123/197 kB
                                             
Downloaded from central: https://repo1.maven.org/maven2/org/apache/maven/maven-aether-provider/3.1.1/maven-aether-provider-3.1.1.jar (60 kB at 128 kB/s)
Downloading from central: https://repo1.maven.org/maven2/org/codehaus/plexus/plexus-classworlds/2.5.1/plexus-classworlds-2.5.1.jar
Progress (2): 0.5/1.5 MB | 131/197 kB
Progress (2): 0.5/1.5 MB | 131/197 kB
Progress (2): 0.5/1.5 MB | 147/197 kB
Progress (2): 0.5/1.5 MB | 156/197 kB
Progress (2): 0.5/1.5 MB | 156/197 kB
Progress (2): 0.5/1.5 MB | 172/197 kB
Progress (2): 0.6/1.5 MB | 172/197 kB
Progress (2): 0.6/1.5 MB | 188/197 kB
Progress (2): 0.6/1.5 MB | 188/197 kB
Progress (2): 0.6/1.5 MB | 197 kB    
Progress (2): 0.6/1.5 MB | 197 kB
Progress (2): 0.6/1.5 MB | 197 kB
Progress (2): 0.6/1.5 MB | 197 kB
Progress (2): 0.6/1.5 MB | 197 kB
Progress (2): 0.7/1.5 MB | 197 kB
Progress (2): 0.7/1.5 MB | 197 kB
Progress (2): 0.7/1.5 MB | 197 kB
Progress (3): 0.7/1.5 MB | 197 kB | 7.7/357 kB
Progress (3): 0.7/1.5 MB | 197 kB | 7.7/357 kB
Progress (3): 0.7/1.5 MB | 197 kB | 7.7/357 kB
Progress (3): 0.7/1.5 MB | 197 kB | 7.7/357 kB
Progress (3): 0.8/1.5 MB | 197 kB | 7.7/357 kB
Progress (3): 0.8/1.5 MB | 197 kB | 7.7/357 kB
Progress (3): 0.8/1.5 MB | 197 kB | 16/357 kB 
Progress (3): 0.8/1.5 MB | 197 kB | 16/357 kB
Progress (3): 0.8/1.5 MB | 197 kB | 32/357 kB
Progress (3): 0.8/1.5 MB | 197 kB | 49/357 kB
Progress (3): 0.8/1.5 MB | 197 kB | 49/357 kB
Progress (3): 0.8/1.5 MB | 197 kB | 65/357 kB
Progress (3): 0.8/1.5 MB | 197 kB | 65/357 kB
Progress (3): 0.8/1.5 MB | 197 kB | 81/357 kB
Progress (3): 0.8/1.5 MB | 197 kB | 81/357 kB
Progress (3): 0.8/1.5 MB | 197 kB | 98/357 kB
Progress (3): 0.9/1.5 MB | 197 kB | 98/357 kB
Progress (3): 0.9/1.5 MB | 197 kB | 114/357 kB
Progress (3): 0.9/1.5 MB | 197 kB | 114/357 kB
Progress (3): 0.9/1.5 MB | 197 kB | 131/357 kB
Progress (3): 0.9/1.5 MB | 197 kB | 131/357 kB
Progress (3): 0.9/1.5 MB | 197 kB | 147/357 kB
Progress (3): 0.9/1.5 MB | 197 kB | 147/357 kB
Progress (3): 0.9/1.5 MB | 197 kB | 163/357 kB
Progress (3): 0.9/1.5 MB | 197 kB | 163/357 kB
Progress (3): 0.9/1.5 MB | 197 kB | 180/357 kB
Progress (3): 0.9/1.5 MB | 197 kB | 180/357 kB
Progress (3): 0.9/1.5 MB | 197 kB | 196/357 kB
Progress (3): 0.9/1.5 MB | 197 kB | 196/357 kB
Progress (3): 1.0/1.5 MB | 197 kB | 196/357 kB
Progress (3): 1.0/1.5 MB | 197 kB | 213/357 kB
Progress (3): 1.0/1.5 MB | 197 kB | 213/357 kB
Progress (3): 1.0/1.5 MB | 197 kB | 229/357 kB
Progress (3): 1.0/1.5 MB | 197 kB | 229/357 kB
Progress (3): 1.0/1.5 MB | 197 kB | 245/357 kB
Progress (3): 1.0/1.5 MB | 197 kB | 245/357 kB
Progress (4): 1.0/1.5 MB | 197 kB | 245/357 kB | 16/291 kB
Progress (4): 1.0/1.5 MB | 197 kB | 262/357 kB | 16/291 kB
Progress (4): 1.0/1.5 MB | 197 kB | 262/357 kB | 16/291 kB
Progress (4): 1.0/1.5 MB | 197 kB | 262/357 kB | 33/291 kB
Progress (4): 1.0/1.5 MB | 197 kB | 278/357 kB | 33/291 kB
Progress (4): 1.0/1.5 MB | 197 kB | 278/357 kB | 33/291 kB
Progress (4): 1.0/1.5 MB | 197 kB | 278/357 kB | 49/291 kB
Progress (4): 1.0/1.5 MB | 197 kB | 294/357 kB | 49/291 kB
Progress (4): 1.1/1.5 MB | 197 kB | 294/357 kB | 49/291 kB
Progress (4): 1.1/1.5 MB | 197 kB | 294/357 kB | 66/291 kB
Progress (4): 1.1/1.5 MB | 197 kB | 311/357 kB | 66/291 kB
                                                          
Downloaded from central: https://repo1.maven.org/maven2/org/eclipse/sisu/org.eclipse.sisu.plexus/0.0.0.M5/org.eclipse.sisu.plexus-0.0.0.M5.jar (197 kB at 410 kB/s)
Downloading from central: https://repo1.maven.org/maven2/org/apache/commons/commons-compress/1.20/commons-compress-1.20.jar
Progress (3): 1.1/1.5 MB | 311/357 kB | 66/291 kB
Progress (3): 1.1/1.5 MB | 327/357 kB | 66/291 kB
Progress (3): 1.1/1.5 MB | 327/357 kB | 82/291 kB
Progress (3): 1.1/1.5 MB | 344/357 kB | 82/291 kB
Progress (3): 1.1/1.5 MB | 344/357 kB | 98/291 kB
Progress (3): 1.1/1.5 MB | 344/357 kB | 98/291 kB
Progress (3): 1.1/1.5 MB | 357 kB | 98/291 kB    
Progress (3): 1.1/1.5 MB | 357 kB | 115/291 kB
Progress (3): 1.1/1.5 MB | 357 kB | 115/291 kB
Progress (3): 1.1/1.5 MB | 357 kB | 131/291 kB
Progress (3): 1.1/1.5 MB | 357 kB | 131/291 kB
Progress (3): 1.1/1.5 MB | 357 kB | 147/291 kB
Progress (3): 1.1/1.5 MB | 357 kB | 147/291 kB
Progress (3): 1.1/1.5 MB | 357 kB | 164/291 kB
Progress (3): 1.2/1.5 MB | 357 kB | 164/291 kB
Progress (3): 1.2/1.5 MB | 357 kB | 180/291 kB
Progress (3): 1.2/1.5 MB | 357 kB | 180/291 kB
Progress (3): 1.2/1.5 MB | 357 kB | 197/291 kB
Progress (3): 1.2/1.5 MB | 357 kB | 197/291 kB
Progress (3): 1.2/1.5 MB | 357 kB | 213/291 kB
Progress (3): 1.2/1.5 MB | 357 kB | 213/291 kB
Progress (3): 1.2/1.5 MB | 357 kB | 229/291 kB
Progress (3): 1.2/1.5 MB | 357 kB | 233/291 kB
Progress (3): 1.2/1.5 MB | 357 kB | 233/291 kB
Progress (3): 1.2/1.5 MB | 357 kB | 250/291 kB
Progress (3): 1.2/1.5 MB | 357 kB | 250/291 kB
Progress (3): 1.2/1.5 MB | 357 kB | 266/291 kB
Progress (3): 1.2/1.5 MB | 357 kB | 282/291 kB
Progress (3): 1.2/1.5 MB | 357 kB | 291 kB    
Progress (3): 1.3/1.5 MB | 357 kB | 291 kB
Progress (3): 1.3/1.5 MB | 357 kB | 291 kB
Progress (3): 1.3/1.5 MB | 357 kB | 291 kB
Progress (3): 1.3/1.5 MB | 357 kB | 291 kB
Progress (3): 1.3/1.5 MB | 357 kB | 291 kB
Progress (3): 1.3/1.5 MB | 357 kB | 291 kB
Progress (3): 1.4/1.5 MB | 357 kB | 291 kB
Progress (3): 1.4/1.5 MB | 357 kB | 291 kB
Progress (3): 1.4/1.5 MB | 357 kB | 291 kB
Progress (4): 1.4/1.5 MB | 357 kB | 291 kB | 7.7/50 kB
Progress (4): 1.4/1.5 MB | 357 kB | 291 kB | 7.7/50 kB
Progress (4): 1.4/1.5 MB | 357 kB | 291 kB | 7.7/50 kB
Progress (4): 1.4/1.5 MB | 357 kB | 291 kB | 7.7/50 kB
Progress (4): 1.5/1.5 MB | 357 kB | 291 kB | 7.7/50 kB
Progress (4): 1.5/1.5 MB | 357 kB | 291 kB | 7.7/50 kB
Progress (4): 1.5/1.5 MB | 357 kB | 291 kB | 7.7/50 kB
Progress (4): 1.5 MB | 357 kB | 291 kB | 7.7/50 kB    
Progress (4): 1.5 MB | 357 kB | 291 kB | 16/50 kB 
Progress (4): 1.5 MB | 357 kB | 291 kB | 32/50 kB
Progress (4): 1.5 MB | 357 kB | 291 kB | 49/50 kB
Progress (4): 1.5 MB | 357 kB | 291 kB | 50 kB   
Progress (5): 1.5 MB | 357 kB | 291 kB | 50 kB | 7.7/632 kB
                                                           
Downloaded from central: https://repo1.maven.org/maven2/org/sonatype/sisu/sisu-guice/3.1.0/sisu-guice-3.1.0-no_aop.jar (357 kB at 677 kB/s)
Downloading from central: https://repo1.maven.org/maven2/org/codehaus/plexus/plexus-archiver/4.2.7/plexus-archiver-4.2.7.jar
Progress (4): 1.5 MB | 291 kB | 50 kB | 16/632 kB
Progress (4): 1.5 MB | 291 kB | 50 kB | 32/632 kB
Progress (4): 1.5 MB | 291 kB | 50 kB | 49/632 kB
Progress (4): 1.5 MB | 291 kB | 50 kB | 65/632 kB
Progress (4): 1.5 MB | 291 kB | 50 kB | 66/632 kB
Progress (4): 1.5 MB | 291 kB | 50 kB | 82/632 kB
Progress (4): 1.5 MB | 291 kB | 50 kB | 98/632 kB
Progress (4): 1.5 MB | 291 kB | 50 kB | 115/632 kB
Progress (4): 1.5 MB | 291 kB | 50 kB | 131/632 kB
Progress (4): 1.5 MB | 291 kB | 50 kB | 147/632 kB
Progress (4): 1.5 MB | 291 kB | 50 kB | 164/632 kB
Progress (4): 1.5 MB | 291 kB | 50 kB | 180/632 kB
Progress (4): 1.5 MB | 291 kB | 50 kB | 197/632 kB
Progress (4): 1.5 MB | 291 kB | 50 kB | 213/632 kB
Progress (4): 1.5 MB | 291 kB | 50 kB | 229/632 kB
Progress (4): 1.5 MB | 291 kB | 50 kB | 246/632 kB
Progress (4): 1.5 MB | 291 kB | 50 kB | 262/632 kB
Progress (4): 1.5 MB | 291 kB | 50 kB | 279/632 kB
                                                  
Downloaded from central: https://repo1.maven.org/maven2/org/eclipse/sisu/org.eclipse.sisu.inject/0.0.0.M5/org.eclipse.sisu.inject-0.0.0.M5.jar (291 kB at 538 kB/s)
Downloading from central: https://repo1.maven.org/maven2/org/codehaus/plexus/plexus-io/3.2.0/plexus-io-3.2.0.jar
Downloaded from central: https://repo1.maven.org/maven2/org/codehaus/plexus/plexus-classworlds/2.5.1/plexus-classworlds-2.5.1.jar (50 kB at 92 kB/s)
Downloading from central: https://repo1.maven.org/maven2/org/apache/maven/shared/maven-dependency-tree/3.0/maven-dependency-tree-3.0.jar
Progress (2): 1.5 MB | 295/632 kB
Progress (2): 1.5 MB | 311/632 kB
Progress (2): 1.5 MB | 328/632 kB
Progress (2): 1.5 MB | 344/632 kB
Progress (2): 1.5 MB | 360/632 kB
Progress (2): 1.5 MB | 377/632 kB
Progress (2): 1.5 MB | 393/632 kB
Progress (2): 1.5 MB | 410/632 kB
Progress (2): 1.5 MB | 426/632 kB
Progress (2): 1.5 MB | 442/632 kB
Progress (2): 1.5 MB | 459/632 kB
Progress (2): 1.5 MB | 475/632 kB
Progress (2): 1.5 MB | 492/632 kB
Progress (2): 1.5 MB | 508/632 kB
Progress (2): 1.5 MB | 524/632 kB
Progress (2): 1.5 MB | 541/632 kB
Progress (2): 1.5 MB | 557/632 kB
Progress (2): 1.5 MB | 573/632 kB
Progress (2): 1.5 MB | 590/632 kB
Progress (2): 1.5 MB | 606/632 kB
                                 
Downloaded from central: https://repo1.maven.org/maven2/com/google/guava/guava/10.0.1/guava-10.0.1.jar (1.5 MB at 2.7 MB/s)
Downloading from central: https://repo1.maven.org/maven2/org/codehaus/plexus/plexus-component-annotations/1.6/plexus-component-annotations-1.6.jar
Progress (1): 623/632 kB
Progress (1): 632 kB    
Progress (2): 632 kB | 7.7/195 kB
Progress (2): 632 kB | 8.2/195 kB
                                 
Downloaded from central: https://repo1.maven.org/maven2/org/apache/commons/commons-compress/1.20/commons-compress-1.20.jar (632 kB at 1.1 MB/s)
Downloading from central: https://repo1.maven.org/maven2/org/apache/maven/doxia/doxia-sink-api/1.0/doxia-sink-api-1.0.jar
Progress (1): 25/195 kB
Progress (1): 33/195 kB
Progress (1): 49/195 kB
Progress (1): 66/195 kB
Progress (1): 82/195 kB
Progress (1): 98/195 kB
Progress (1): 115/195 kB
Progress (1): 131/195 kB
Progress (1): 147/195 kB
Progress (2): 147/195 kB | 7.7/37 kB
Progress (2): 164/195 kB | 7.7/37 kB
Progress (2): 172/195 kB | 7.7/37 kB
Progress (2): 188/195 kB | 7.7/37 kB
Progress (2): 195 kB | 7.7/37 kB    
Progress (2): 195 kB | 16/37 kB 
Progress (2): 195 kB | 32/37 kB
Progress (2): 195 kB | 37 kB   
Progress (3): 195 kB | 37 kB | 7.7/76 kB
Progress (3): 195 kB | 37 kB | 16/76 kB 
Progress (3): 195 kB | 37 kB | 16/76 kB
Progress (3): 195 kB | 37 kB | 33/76 kB
Progress (3): 195 kB | 37 kB | 49/76 kB
Progress (3): 195 kB | 37 kB | 66/76 kB
Progress (3): 195 kB | 37 kB | 76 kB   
Progress (4): 195 kB | 37 kB | 76 kB | 4.3 kB
                                             
Downloaded from central: https://repo1.maven.org/maven2/org/codehaus/plexus/plexus-archiver/4.2.7/plexus-archiver-4.2.7.jar (195 kB at 327 kB/s)
Downloading from central: https://repo1.maven.org/maven2/org/codehaus/plexus/plexus-container-default/1.0-alpha-30/plexus-container-default-1.0-alpha-30.jar
Downloaded from central: https://repo1.maven.org/maven2/org/apache/maven/shared/maven-dependency-tree/3.0/maven-dependency-tree-3.0.jar (37 kB at 61 kB/s)
Downloading from central: https://repo1.maven.org/maven2/commons-lang/commons-lang/2.1/commons-lang-2.1.jar
Downloaded from central: https://repo1.maven.org/maven2/org/codehaus/plexus/plexus-io/3.2.0/plexus-io-3.2.0.jar (76 kB at 127 kB/s)
Downloading from central: https://repo1.maven.org/maven2/commons-collections/commons-collections/3.2/commons-collections-3.2.jar
Downloaded from central: https://repo1.maven.org/maven2/org/codehaus/plexus/plexus-component-annotations/1.6/plexus-component-annotations-1.6.jar (4.3 kB at 7.0 kB/s)
Downloading from central: https://repo1.maven.org/maven2/org/jdom/jdom/1.1/jdom-1.1.jar
Progress (1): 7.7/10 kB
Progress (1): 10 kB    
                   
Downloaded from central: https://repo1.maven.org/maven2/org/apache/maven/doxia/doxia-sink-api/1.0/doxia-sink-api-1.0.jar (10 kB at 16 kB/s)
Progress (1): 7.7/237 kB
Progress (2): 7.7/237 kB | 7.7/208 kB
Progress (2): 16/237 kB | 7.7/208 kB 
Progress (2): 32/237 kB | 7.7/208 kB
Progress (2): 32/237 kB | 16/208 kB 
Progress (2): 49/237 kB | 16/208 kB
Progress (2): 49/237 kB | 32/208 kB
Progress (2): 65/237 kB | 32/208 kB
Progress (2): 65/237 kB | 49/208 kB
Progress (2): 81/237 kB | 49/208 kB
Progress (2): 81/237 kB | 65/208 kB
Progress (2): 98/237 kB | 65/208 kB
Progress (2): 114/237 kB | 65/208 kB
Progress (3): 114/237 kB | 65/208 kB | 7.7/571 kB
Progress (3): 114/237 kB | 81/208 kB | 7.7/571 kB
Progress (3): 131/237 kB | 81/208 kB | 7.7/571 kB
Progress (3): 131/237 kB | 98/208 kB | 7.7/571 kB
Progress (3): 147/237 kB | 98/208 kB | 7.7/571 kB
Progress (3): 147/237 kB | 114/208 kB | 7.7/571 kB
Progress (3): 163/237 kB | 114/208 kB | 7.7/571 kB
Progress (3): 163/237 kB | 131/208 kB | 7.7/571 kB
Progress (3): 180/237 kB | 131/208 kB | 7.7/571 kB
Progress (3): 180/237 kB | 147/208 kB | 7.7/571 kB
Progress (3): 196/237 kB | 147/208 kB | 7.7/571 kB
Progress (3): 196/237 kB | 147/208 kB | 16/571 kB 
Progress (3): 196/237 kB | 163/208 kB | 16/571 kB
Progress (3): 196/237 kB | 163/208 kB | 25/571 kB
Progress (3): 213/237 kB | 163/208 kB | 25/571 kB
Progress (3): 213/237 kB | 180/208 kB | 25/571 kB
Progress (3): 229/237 kB | 180/208 kB | 25/571 kB
Progress (3): 229/237 kB | 196/208 kB | 25/571 kB
Progress (3): 237 kB | 196/208 kB | 25/571 kB    
Progress (3): 237 kB | 196/208 kB | 41/571 kB
Progress (3): 237 kB | 208 kB | 41/571 kB    
Progress (3): 237 kB | 208 kB | 57/571 kB
Progress (3): 237 kB | 208 kB | 74/571 kB
Progress (3): 237 kB | 208 kB | 90/571 kB
Progress (3): 237 kB | 208 kB | 106/571 kB
Progress (3): 237 kB | 208 kB | 123/571 kB
Progress (3): 237 kB | 208 kB | 131/571 kB
Progress (3): 237 kB | 208 kB | 147/571 kB
Progress (3): 237 kB | 208 kB | 164/571 kB
Progress (3): 237 kB | 208 kB | 180/571 kB
Progress (3): 237 kB | 208 kB | 197/571 kB
Progress (3): 237 kB | 208 kB | 213/571 kB
Progress (3): 237 kB | 208 kB | 229/571 kB
Progress (3): 237 kB | 208 kB | 246/571 kB
Progress (3): 237 kB | 208 kB | 262/571 kB
Progress (3): 237 kB | 208 kB | 279/571 kB
Progress (3): 237 kB | 208 kB | 295/571 kB
Progress (3): 237 kB | 208 kB | 311/571 kB
Progress (3): 237 kB | 208 kB | 328/571 kB
Progress (4): 237 kB | 208 kB | 328/571 kB | 7.7/153 kB
Progress (4): 237 kB | 208 kB | 344/571 kB | 7.7/153 kB
Progress (4): 237 kB | 208 kB | 360/571 kB | 7.7/153 kB
Progress (4): 237 kB | 208 kB | 377/571 kB | 7.7/153 kB
Progress (4): 237 kB | 208 kB | 393/571 kB | 7.7/153 kB
Progress (4): 237 kB | 208 kB | 393/571 kB | 16/153 kB 
Progress (4): 237 kB | 208 kB | 393/571 kB | 32/153 kB
Progress (4): 237 kB | 208 kB | 410/571 kB | 32/153 kB
Progress (4): 237 kB | 208 kB | 410/571 kB | 49/153 kB
Progress (4): 237 kB | 208 kB | 426/571 kB | 49/153 kB
Progress (4): 237 kB | 208 kB | 426/571 kB | 65/153 kB
Progress (4): 237 kB | 208 kB | 442/571 kB | 65/153 kB
Progress (4): 237 kB | 208 kB | 442/571 kB | 81/153 kB
Progress (4): 237 kB | 208 kB | 459/571 kB | 81/153 kB
Progress (4): 237 kB | 208 kB | 463/571 kB | 81/153 kB
Progress (4): 237 kB | 208 kB | 463/571 kB | 98/153 kB
Progress (4): 237 kB | 208 kB | 479/571 kB | 98/153 kB
Progress (4): 237 kB | 208 kB | 479/571 kB | 114/153 kB
Progress (4): 237 kB | 208 kB | 492/571 kB | 114/153 kB
Progress (4): 237 kB | 208 kB | 495/571 kB | 114/153 kB
Progress (4): 237 kB | 208 kB | 495/571 kB | 131/153 kB
Progress (4): 237 kB | 208 kB | 495/571 kB | 147/153 kB
Progress (4): 237 kB | 208 kB | 512/571 kB | 147/153 kB
Progress (4): 237 kB | 208 kB | 512/571 kB | 153 kB    
Progress (4): 237 kB | 208 kB | 528/571 kB | 153 kB
Progress (4): 237 kB | 208 kB | 544/571 kB | 153 kB
Progress (4): 237 kB | 208 kB | 561/571 kB | 153 kB
Progress (4): 237 kB | 208 kB | 571 kB | 153 kB    
                                               
Downloaded from central: https://repo1.maven.org/maven2/commons-lang/commons-lang/2.1/commons-lang-2.1.jar (208 kB at 319 kB/s)
Downloaded from central: https://repo1.maven.org/maven2/org/codehaus/plexus/plexus-container-default/1.0-alpha-30/plexus-container-default-1.0-alpha-30.jar (237 kB at 364 kB/s)
Downloaded from central: https://repo1.maven.org/maven2/org/jdom/jdom/1.1/jdom-1.1.jar (153 kB at 232 kB/s)
Downloaded from central: https://repo1.maven.org/maven2/commons-collections/commons-collections/3.2/commons-collections-3.2.jar (571 kB at 859 kB/s)
Downloading from central: https://repo1.maven.org/maven2/org/eclipse/tycho/tycho-maven-plugin/2.3.0/tycho-maven-plugin-2.3.0.pom
Progress (1): 919 B
Progress (1): 2.1 kB
                    
Downloaded from central: https://repo1.maven.org/maven2/org/eclipse/tycho/tycho-maven-plugin/2.3.0/tycho-maven-plugin-2.3.0.pom (2.1 kB at 9.0 kB/s)
Downloading from central: https://repo1.maven.org/maven2/org/eclipse/tycho/tycho/2.3.0/tycho-2.3.0.pom
Progress (1): 802 B
Progress (1): 2.6 kB
Progress (1): 5.0 kB
Progress (1): 8.8 kB
Progress (1): 12 kB 
Progress (1): 15 kB
Progress (1): 17 kB
                   
Downloaded from central: https://repo1.maven.org/maven2/org/eclipse/tycho/tycho/2.3.0/tycho-2.3.0.pom (17 kB at 205 kB/s)
Downloading from central: https://repo1.maven.org/maven2/org/eclipse/tycho/tycho-core/2.3.0/tycho-core-2.3.0.pom
Progress (1): 860 B
Progress (1): 3.2 kB
Progress (1): 6.6 kB
                    
Downloaded from central: https://repo1.maven.org/maven2/org/eclipse/tycho/tycho-core/2.3.0/tycho-core-2.3.0.pom (6.6 kB at 75 kB/s)
Downloading from central: https://repo1.maven.org/maven2/org/apache/maven/maven-core/3.6.3/maven-core-3.6.3.pom
Progress (1): 764 B
Progress (1): 4.0 kB
Progress (1): 6.5 kB
Progress (1): 8.8 kB
                    
Downloaded from central: https://repo1.maven.org/maven2/org/apache/maven/maven-core/3.6.3/maven-core-3.6.3.pom (8.8 kB at 152 kB/s)
Downloading from central: https://repo1.maven.org/maven2/org/apache/maven/maven/3.6.3/maven-3.6.3.pom
Progress (1): 710 B
Progress (1): 1.9 kB
Progress (1): 3.5 kB
Progress (1): 5.5 kB
Progress (1): 11 kB 
Progress (1): 16 kB
Progress (1): 20 kB
Progress (1): 23 kB
Progress (1): 26 kB
Progress (1): 26 kB
                   
Downloaded from central: https://repo1.maven.org/maven2/org/apache/maven/maven/3.6.3/maven-3.6.3.pom (26 kB at 441 kB/s)
Downloading from central: https://repo1.maven.org/maven2/org/apache/maven/maven-model/3.6.3/maven-model-3.6.3.pom
Progress (1): 793 B
Progress (1): 2.6 kB
Progress (1): 4.1 kB
                    
Downloaded from central: https://repo1.maven.org/maven2/org/apache/maven/maven-model/3.6.3/maven-model-3.6.3.pom (4.1 kB at 74 kB/s)
Downloading from central: https://repo1.maven.org/maven2/org/apache/maven/maven-settings/3.6.3/maven-settings-3.6.3.pom
Progress (1): 832 B
Progress (1): 1.9 kB
                    
Downloaded from central: https://repo1.maven.org/maven2/org/apache/maven/maven-settings/3.6.3/maven-settings-3.6.3.pom (1.9 kB at 44 kB/s)
Downloading from central: https://repo1.maven.org/maven2/org/apache/maven/maven-settings-builder/3.6.3/maven-settings-builder-3.6.3.pom
Progress (1): 821 B
Progress (1): 2.5 kB
                    
Downloaded from central: https://repo1.maven.org/maven2/org/apache/maven/maven-settings-builder/3.6.3/maven-settings-builder-3.6.3.pom (2.5 kB at 53 kB/s)
Downloading from central: https://repo1.maven.org/maven2/org/apache/maven/maven-builder-support/3.6.3/maven-builder-support-3.6.3.pom
Progress (1): 837 B
Progress (1): 1.4 kB
                    
Downloaded from central: https://repo1.maven.org/maven2/org/apache/maven/maven-builder-support/3.6.3/maven-builder-support-3.6.3.pom (1.4 kB at 21 kB/s)
Downloading from central: https://repo1.maven.org/maven2/org/codehaus/plexus/plexus-interpolation/1.25/plexus-interpolation-1.25.pom
Progress (1): 1.4 kB
Progress (1): 2.6 kB
                    
Downloaded from central: https://repo1.maven.org/maven2/org/codehaus/plexus/plexus-interpolation/1.25/plexus-interpolation-1.25.pom (2.6 kB at 50 kB/s)
Downloading from central: https://repo1.maven.org/maven2/org/sonatype/plexus/plexus-sec-dispatcher/1.4/plexus-sec-dispatcher-1.4.pom
Progress (1): 1.3 kB
Progress (1): 3.0 kB
                    
Downloaded from central: https://repo1.maven.org/maven2/org/sonatype/plexus/plexus-sec-dispatcher/1.4/plexus-sec-dispatcher-1.4.pom (3.0 kB at 62 kB/s)
Downloading from central: https://repo1.maven.org/maven2/org/sonatype/plexus/plexus-cipher/1.7/plexus-cipher-1.7.pom
Progress (1): 1.2 kB
Progress (1): 4.2 kB
                    
Downloaded from central: https://repo1.maven.org/maven2/org/sonatype/plexus/plexus-cipher/1.7/plexus-cipher-1.7.pom (4.2 kB at 85 kB/s)
Downloading from central: https://repo1.maven.org/maven2/org/apache/maven/maven-repository-metadata/3.6.3/maven-repository-metadata-3.6.3.pom
Progress (1): 829 B
Progress (1): 1.9 kB
                    
Downloaded from central: https://repo1.maven.org/maven2/org/apache/maven/maven-repository-metadata/3.6.3/maven-repository-metadata-3.6.3.pom (1.9 kB at 43 kB/s)
Downloading from central: https://repo1.maven.org/maven2/org/apache/maven/maven-artifact/3.6.3/maven-artifact-3.6.3.pom
Progress (1): 822 B
Progress (1): 2.4 kB
                    
Downloaded from central: https://repo1.maven.org/maven2/org/apache/maven/maven-artifact/3.6.3/maven-artifact-3.6.3.pom (2.4 kB at 40 kB/s)
Downloading from central: https://repo1.maven.org/maven2/org/apache/maven/maven-plugin-api/3.6.3/maven-plugin-api-3.6.3.pom
Progress (1): 801 B
Progress (1): 2.9 kB
Progress (1): 3.0 kB
                    
Downloaded from central: https://repo1.maven.org/maven2/org/apache/maven/maven-plugin-api/3.6.3/maven-plugin-api-3.6.3.pom (3.0 kB at 58 kB/s)
Downloading from central: https://repo1.maven.org/maven2/org/eclipse/sisu/org.eclipse.sisu.plexus/0.3.4/org.eclipse.sisu.plexus-0.3.4.pom
Progress (1): 904 B
Progress (1): 3.1 kB
Progress (1): 4.2 kB
                    
Downloaded from central: https://repo1.maven.org/maven2/org/eclipse/sisu/org.eclipse.sisu.plexus/0.3.4/org.eclipse.sisu.plexus-0.3.4.pom (4.2 kB at 89 kB/s)
Downloading from central: https://repo1.maven.org/maven2/org/eclipse/sisu/sisu-plexus/0.3.4/sisu-plexus-0.3.4.pom
Progress (1): 861 B
Progress (1): 2.9 kB
Progress (1): 5.2 kB
Progress (1): 9.8 kB
Progress (1): 11 kB 
Progress (1): 14 kB
                   
Downloaded from central: https://repo1.maven.org/maven2/org/eclipse/sisu/sisu-plexus/0.3.4/sisu-plexus-0.3.4.pom (14 kB at 269 kB/s)
Downloading from central: https://repo1.maven.org/maven2/org/eclipse/sisu/org.eclipse.sisu.inject/0.3.4/org.eclipse.sisu.inject-0.3.4.pom
Progress (1): 914 B
Progress (1): 2.6 kB
                    
Downloaded from central: https://repo1.maven.org/maven2/org/eclipse/sisu/org.eclipse.sisu.inject/0.3.4/org.eclipse.sisu.inject-0.3.4.pom (2.6 kB at 49 kB/s)
Downloading from central: https://repo1.maven.org/maven2/org/eclipse/sisu/sisu-inject/0.3.4/sisu-inject-0.3.4.pom
Progress (1): 860 B
Progress (1): 2.8 kB
Progress (1): 5.1 kB
Progress (1): 9.6 kB
Progress (1): 11 kB 
Progress (1): 14 kB
                   
Downloaded from central: https://repo1.maven.org/maven2/org/eclipse/sisu/sisu-inject/0.3.4/sisu-inject-0.3.4.pom (14 kB at 257 kB/s)
Downloading from central: https://repo1.maven.org/maven2/org/apache/maven/maven-model-builder/3.6.3/maven-model-builder-3.6.3.pom
Progress (1): 801 B
Progress (1): 3.4 kB
Progress (1): 3.4 kB
                    
Downloaded from central: https://repo1.maven.org/maven2/org/apache/maven/maven-model-builder/3.6.3/maven-model-builder-3.6.3.pom (3.4 kB at 61 kB/s)
Downloading from central: https://repo1.maven.org/maven2/org/apache/maven/maven-resolver-provider/3.6.3/maven-resolver-provider-3.6.3.pom
Progress (1): 798 B
Progress (1): 3.6 kB
Progress (1): 4.3 kB
                    
Downloaded from central: https://repo1.maven.org/maven2/org/apache/maven/maven-resolver-provider/3.6.3/maven-resolver-provider-3.6.3.pom (4.3 kB at 89 kB/s)
Downloading from central: https://repo1.maven.org/maven2/org/apache/maven/resolver/maven-resolver-spi/1.4.1/maven-resolver-spi-1.4.1.pom
Progress (1): 842 B
Progress (1): 2.6 kB
Progress (1): 2.6 kB
                    
Downloaded from central: https://repo1.maven.org/maven2/org/apache/maven/resolver/maven-resolver-spi/1.4.1/maven-resolver-spi-1.4.1.pom (2.6 kB at 58 kB/s)
Downloading from central: https://repo1.maven.org/maven2/org/apache/maven/resolver/maven-resolver-impl/1.4.1/maven-resolver-impl-1.4.1.pom
Progress (1): 820 B
Progress (1): 3.5 kB
Progress (1): 4.1 kB
                    
Downloaded from central: https://repo1.maven.org/maven2/org/apache/maven/resolver/maven-resolver-impl/1.4.1/maven-resolver-impl-1.4.1.pom (4.1 kB at 88 kB/s)
Downloading from central: https://repo1.maven.org/maven2/org/slf4j/slf4j-api/1.7.29/slf4j-api-1.7.29.pom
Progress (1): 1.0 kB
Progress (1): 3.3 kB
Progress (1): 3.8 kB
                    
Downloaded from central: https://repo1.maven.org/maven2/org/slf4j/slf4j-api/1.7.29/slf4j-api-1.7.29.pom (3.8 kB at 74 kB/s)
Downloading from central: https://repo1.maven.org/maven2/org/slf4j/slf4j-parent/1.7.29/slf4j-parent-1.7.29.pom
Progress (1): 1.1 kB
Progress (1): 3.4 kB
Progress (1): 5.7 kB
Progress (1): 8.9 kB
Progress (1): 12 kB 
Progress (1): 14 kB
                   
Downloaded from central: https://repo1.maven.org/maven2/org/slf4j/slf4j-parent/1.7.29/slf4j-parent-1.7.29.pom (14 kB at 282 kB/s)
Downloading from central: https://repo1.maven.org/maven2/org/apache/maven/shared/maven-shared-utils/3.2.1/maven-shared-utils-3.2.1.pom
Progress (1): 803 B
Progress (1): 2.3 kB
Progress (1): 4.6 kB
Progress (1): 5.6 kB
                    
Downloaded from central: https://repo1.maven.org/maven2/org/apache/maven/shared/maven-shared-utils/3.2.1/maven-shared-utils-3.2.1.pom (5.6 kB at 104 kB/s)
Downloading from central: https://repo1.maven.org/maven2/com/google/inject/guice/4.2.1/guice-4.2.1.pom
Progress (1): 1.6 kB
Progress (1): 3.6 kB
Progress (1): 6.2 kB
Progress (1): 9.9 kB
Progress (1): 11 kB 
                   
Downloaded from central: https://repo1.maven.org/maven2/com/google/inject/guice/4.2.1/guice-4.2.1.pom (11 kB at 169 kB/s)
Downloading from central: https://repo1.maven.org/maven2/com/google/inject/guice-parent/4.2.1/guice-parent-4.2.1.pom
Progress (1): 797 B
Progress (1): 2.8 kB
Progress (1): 4.4 kB
Progress (1): 7.4 kB
Progress (1): 9.9 kB
Progress (1): 13 kB 
Progress (1): 16 kB
Progress (1): 16 kB
                   
Downloaded from central: https://repo1.maven.org/maven2/com/google/inject/guice-parent/4.2.1/guice-parent-4.2.1.pom (16 kB at 329 kB/s)
Downloading from central: https://repo1.maven.org/maven2/org/eclipse/tycho/org.eclipse.tycho.p2.tools.shared/2.3.0/org.eclipse.tycho.p2.tools.shared-2.3.0.pom
Progress (1): 918 B
Progress (1): 1.1 kB
                    
Downloaded from central: https://repo1.maven.org/maven2/org/eclipse/tycho/org.eclipse.tycho.p2.tools.shared/2.3.0/org.eclipse.tycho.p2.tools.shared-2.3.0.pom (1.1 kB at 11 kB/s)
Downloading from central: https://repo1.maven.org/maven2/org/eclipse/tycho/tycho-bundles/2.3.0/tycho-bundles-2.3.0.pom
Progress (1): 880 B
Progress (1): 3.0 kB
                    
Downloaded from central: https://repo1.maven.org/maven2/org/eclipse/tycho/tycho-bundles/2.3.0/tycho-bundles-2.3.0.pom (3.0 kB at 11 kB/s)
Downloading from central: https://repo1.maven.org/maven2/org/eclipse/tycho/org.eclipse.tycho.p2.resolver.shared/2.3.0/org.eclipse.tycho.p2.resolver.shared-2.3.0.pom
Progress (1): 927 B
Progress (1): 1.1 kB
                    
Downloaded from central: https://repo1.maven.org/maven2/org/eclipse/tycho/org.eclipse.tycho.p2.resolver.shared/2.3.0/org.eclipse.tycho.p2.resolver.shared-2.3.0.pom (1.1 kB at 14 kB/s)
Downloading from central: https://repo1.maven.org/maven2/org/codehaus/plexus/plexus-archiver/4.2.2/plexus-archiver-4.2.2.pom
Progress (1): 1.2 kB
Progress (1): 3.6 kB
Progress (1): 4.4 kB
                    
Downloaded from central: https://repo1.maven.org/maven2/org/codehaus/plexus/plexus-archiver/4.2.2/plexus-archiver-4.2.2.pom (4.4 kB at 95 kB/s)
Downloading from central: https://repo1.maven.org/maven2/org/codehaus/plexus/plexus/6.1/plexus-6.1.pom
Progress (1): 695 B
Progress (1): 2.7 kB
Progress (1): 6.4 kB
Progress (1): 9.2 kB
Progress (1): 11 kB 
Progress (1): 16 kB
Progress (1): 19 kB
Progress (1): 24 kB
                   
Downloaded from central: https://repo1.maven.org/maven2/org/codehaus/plexus/plexus/6.1/plexus-6.1.pom (24 kB at 457 kB/s)
Downloading from central: https://repo1.maven.org/maven2/org/tukaani/xz/1.8/xz-1.8.pom
Progress (1): 1.1 kB
Progress (1): 1.9 kB
                    
Downloaded from central: https://repo1.maven.org/maven2/org/tukaani/xz/1.8/xz-1.8.pom (1.9 kB at 36 kB/s)
Downloading from central: https://repo1.maven.org/maven2/org/eclipse/tycho/sisu-equinox-embedder/2.3.0/sisu-equinox-embedder-2.3.0.pom
Progress (1): 901 B
Progress (1): 1.8 kB
                    
Downloaded from central: https://repo1.maven.org/maven2/org/eclipse/tycho/sisu-equinox-embedder/2.3.0/sisu-equinox-embedder-2.3.0.pom (1.8 kB at 7.6 kB/s)
Downloading from central: https://repo1.maven.org/maven2/org/eclipse/tycho/sisu-equinox/2.3.0/sisu-equinox-2.3.0.pom
Progress (1): 920 B
Progress (1): 1.0 kB
                    
Downloaded from central: https://repo1.maven.org/maven2/org/eclipse/tycho/sisu-equinox/2.3.0/sisu-equinox-2.3.0.pom (1.0 kB at 13 kB/s)
Downloading from central: https://repo1.maven.org/maven2/org/eclipse/platform/org.eclipse.osgi/3.16.200/org.eclipse.osgi-3.16.200.pom
Progress (1): 891 B
Progress (1): 1.7 kB
                    
Downloaded from central: https://repo1.maven.org/maven2/org/eclipse/platform/org.eclipse.osgi/3.16.200/org.eclipse.osgi-3.16.200.pom (1.7 kB at 28 kB/s)
Downloading from central: https://repo1.maven.org/maven2/org/eclipse/tycho/sisu-equinox-api/2.3.0/sisu-equinox-api-2.3.0.pom
Progress (1): 900 B
Progress (1): 1.7 kB
                    
Downloaded from central: https://repo1.maven.org/maven2/org/eclipse/tycho/sisu-equinox-api/2.3.0/sisu-equinox-api-2.3.0.pom (1.7 kB at 6.3 kB/s)
Downloading from central: https://repo1.maven.org/maven2/org/eclipse/tycho/tycho-metadata-model/2.3.0/tycho-metadata-model-2.3.0.pom
Progress (1): 947 B
Progress (1): 1.4 kB
                    
Downloaded from central: https://repo1.maven.org/maven2/org/eclipse/tycho/tycho-metadata-model/2.3.0/tycho-metadata-model-2.3.0.pom (1.4 kB at 23 kB/s)
Downloading from central: https://repo1.maven.org/maven2/de/pdark/decentxml/1.4/decentxml-1.4.pom
Progress (1): 1.0 kB
Progress (1): 3.1 kB
Progress (1): 7.6 kB
Progress (1): 9.5 kB
                    
Downloaded from central: https://repo1.maven.org/maven2/de/pdark/decentxml/1.4/decentxml-1.4.pom (9.5 kB at 112 kB/s)
Downloading from central: https://repo1.maven.org/maven2/org/eclipse/tycho/tycho-embedder-api/2.3.0/tycho-embedder-api-2.3.0.pom
Progress (1): 902 B
Progress (1): 2.1 kB
                    
Downloaded from central: https://repo1.maven.org/maven2/org/eclipse/tycho/tycho-embedder-api/2.3.0/tycho-embedder-api-2.3.0.pom (2.1 kB at 7.6 kB/s)
Downloading from central: https://repo1.maven.org/maven2/org/eclipse/tycho/org.eclipse.tycho.embedder.shared/2.3.0/org.eclipse.tycho.embedder.shared-2.3.0.pom
Progress (1): 934 B
Progress (1): 1.1 kB
                    
Downloaded from central: https://repo1.maven.org/maven2/org/eclipse/tycho/org.eclipse.tycho.embedder.shared/2.3.0/org.eclipse.tycho.embedder.shared-2.3.0.pom (1.1 kB at 4.0 kB/s)
Downloading from central: https://repo1.maven.org/maven2/org/eclipse/tycho/org.eclipse.tycho.core.shared/2.3.0/org.eclipse.tycho.core.shared-2.3.0.pom
Progress (1): 930 B
Progress (1): 1.0 kB
                    
Downloaded from central: https://repo1.maven.org/maven2/org/eclipse/tycho/org.eclipse.tycho.core.shared/2.3.0/org.eclipse.tycho.core.shared-2.3.0.pom (1.0 kB at 3.9 kB/s)
Downloading from central: https://repo1.maven.org/maven2/org/apache/maven/maven-compat/3.6.3/maven-compat-3.6.3.pom
Progress (1): 801 B
Progress (1): 4.4 kB
Progress (1): 4.6 kB
                    
Downloaded from central: https://repo1.maven.org/maven2/org/apache/maven/maven-compat/3.6.3/maven-compat-3.6.3.pom (4.6 kB at 60 kB/s)
Downloading from central: https://repo1.maven.org/maven2/org/apache/maven/wagon/wagon-provider-api/3.3.4/wagon-provider-api-3.3.4.pom
Progress (1): 831 B
Progress (1): 1.9 kB
                    
Downloaded from central: https://repo1.maven.org/maven2/org/apache/maven/wagon/wagon-provider-api/3.3.4/wagon-provider-api-3.3.4.pom (1.9 kB at 23 kB/s)
Downloading from central: https://repo1.maven.org/maven2/org/apache/maven/wagon/wagon/3.3.4/wagon-3.3.4.pom
Progress (1): 738 B
Progress (1): 2.2 kB
Progress (1): 4.6 kB
Progress (1): 8.1 kB
Progress (1): 12 kB 
Progress (1): 14 kB
Progress (1): 18 kB
Progress (1): 21 kB
                   
Downloaded from central: https://repo1.maven.org/maven2/org/apache/maven/wagon/wagon/3.3.4/wagon-3.3.4.pom (21 kB at 242 kB/s)
Downloading from central: https://repo1.maven.org/maven2/org/eclipse/tycho/tycho-p2-facade/2.3.0/tycho-p2-facade-2.3.0.pom
Progress (1): 891 B
Progress (1): 2.2 kB
                    
Downloaded from central: https://repo1.maven.org/maven2/org/eclipse/tycho/tycho-p2-facade/2.3.0/tycho-p2-facade-2.3.0.pom (2.2 kB at 28 kB/s)
Downloading from central: https://repo1.maven.org/maven2/org/eclipse/tycho/tycho-p2/2.3.0/tycho-p2-2.3.0.pom
Progress (1): 930 B
Progress (1): 1.1 kB
                    
Downloaded from central: https://repo1.maven.org/maven2/org/eclipse/tycho/tycho-p2/2.3.0/tycho-p2-2.3.0.pom (1.1 kB at 6.9 kB/s)
Downloading from central: https://repo1.maven.org/maven2/org/eclipse/tycho/tycho-maven-plugin/2.3.0/tycho-maven-plugin-2.3.0.jar
Downloading from central: https://repo1.maven.org/maven2/org/eclipse/tycho/tycho-core/2.3.0/tycho-core-2.3.0.jar
Downloading from central: https://repo1.maven.org/maven2/org/apache/maven/maven-core/3.6.3/maven-core-3.6.3.jar
Downloading from central: https://repo1.maven.org/maven2/org/apache/maven/maven-model/3.6.3/maven-model-3.6.3.jar
Downloading from central: https://repo1.maven.org/maven2/org/apache/maven/maven-settings/3.6.3/maven-settings-3.6.3.jar
Progress (1): 5.7 kB
Progress (2): 5.7 kB | 7.7/44 kB
Progress (3): 5.7 kB | 7.7/44 kB | 7.7/215 kB
Progress (4): 5.7 kB | 7.7/44 kB | 7.7/215 kB | 7.7/633 kB
Progress (4): 5.7 kB | 7.7/44 kB | 7.7/215 kB | 16/633 kB 
Progress (4): 5.7 kB | 7.7/44 kB | 7.7/215 kB | 25/633 kB
Progress (4): 5.7 kB | 7.7/44 kB | 7.7/215 kB | 41/633 kB
Progress (4): 5.7 kB | 16/44 kB | 7.7/215 kB | 41/633 kB 
Progress (4): 5.7 kB | 16/44 kB | 8.2/215 kB | 41/633 kB
Progress (4): 5.7 kB | 16/44 kB | 8.2/215 kB | 57/633 kB
Progress (4): 5.7 kB | 16/44 kB | 8.2/215 kB | 74/633 kB
Progress (4): 5.7 kB | 32/44 kB | 8.2/215 kB | 74/633 kB
                                                        
Downloaded from central: https://repo1.maven.org/maven2/org/eclipse/tycho/tycho-maven-plugin/2.3.0/tycho-maven-plugin-2.3.0.jar (5.7 kB at 87 kB/s)
Downloading from central: https://repo1.maven.org/maven2/org/apache/maven/maven-settings-builder/3.6.3/maven-settings-builder-3.6.3.jar
Progress (3): 32/44 kB | 8.2/215 kB | 90/633 kB
Progress (3): 32/44 kB | 25/215 kB | 90/633 kB 
Progress (3): 44 kB | 25/215 kB | 90/633 kB   
Progress (3): 44 kB | 41/215 kB | 90/633 kB
Progress (3): 44 kB | 41/215 kB | 106/633 kB
Progress (3): 44 kB | 57/215 kB | 106/633 kB
Progress (3): 44 kB | 74/215 kB | 106/633 kB
Progress (3): 44 kB | 74/215 kB | 123/633 kB
Progress (3): 44 kB | 74/215 kB | 131/633 kB
Progress (3): 44 kB | 90/215 kB | 131/633 kB
Progress (3): 44 kB | 106/215 kB | 131/633 kB
Progress (3): 44 kB | 106/215 kB | 147/633 kB
Progress (3): 44 kB | 106/215 kB | 164/633 kB
Progress (3): 44 kB | 123/215 kB | 164/633 kB
Progress (3): 44 kB | 123/215 kB | 180/633 kB
Progress (3): 44 kB | 131/215 kB | 180/633 kB
Progress (3): 44 kB | 131/215 kB | 197/633 kB
Progress (3): 44 kB | 131/215 kB | 213/633 kB
Progress (3): 44 kB | 147/215 kB | 213/633 kB
Progress (3): 44 kB | 147/215 kB | 221/633 kB
Progress (3): 44 kB | 164/215 kB | 221/633 kB
Progress (3): 44 kB | 164/215 kB | 238/633 kB
Progress (3): 44 kB | 180/215 kB | 238/633 kB
Progress (3): 44 kB | 180/215 kB | 254/633 kB
Progress (3): 44 kB | 197/215 kB | 254/633 kB
Progress (3): 44 kB | 197/215 kB | 262/633 kB
Progress (3): 44 kB | 197/215 kB | 270/633 kB
Progress (3): 44 kB | 213/215 kB | 270/633 kB
Progress (3): 44 kB | 215 kB | 270/633 kB    
Progress (3): 44 kB | 215 kB | 287/633 kB
Progress (3): 44 kB | 215 kB | 295/633 kB
Progress (3): 44 kB | 215 kB | 303/633 kB
Progress (3): 44 kB | 215 kB | 319/633 kB
Progress (3): 44 kB | 215 kB | 328/633 kB
Progress (3): 44 kB | 215 kB | 336/633 kB
Progress (3): 44 kB | 215 kB | 352/633 kB
Progress (3): 44 kB | 215 kB | 360/633 kB
Progress (3): 44 kB | 215 kB | 377/633 kB
Progress (3): 44 kB | 215 kB | 393/633 kB
Progress (3): 44 kB | 215 kB | 410/633 kB
Progress (3): 44 kB | 215 kB | 426/633 kB
Progress (3): 44 kB | 215 kB | 442/633 kB
Progress (3): 44 kB | 215 kB | 459/633 kB
Progress (3): 44 kB | 215 kB | 475/633 kB
Progress (3): 44 kB | 215 kB | 492/633 kB
Progress (3): 44 kB | 215 kB | 508/633 kB
Progress (3): 44 kB | 215 kB | 524/633 kB
Progress (3): 44 kB | 215 kB | 541/633 kB
Progress (3): 44 kB | 215 kB | 557/633 kB
Progress (3): 44 kB | 215 kB | 573/633 kB
Progress (3): 44 kB | 215 kB | 590/633 kB
Progress (3): 44 kB | 215 kB | 606/633 kB
Progress (3): 44 kB | 215 kB | 623/633 kB
Progress (3): 44 kB | 215 kB | 633 kB    
                                     
Downloaded from central: https://repo1.maven.org/maven2/org/apache/maven/maven-settings/3.6.3/maven-settings-3.6.3.jar (44 kB at 580 kB/s)
Downloading from central: https://repo1.maven.org/maven2/org/sonatype/plexus/plexus-sec-dispatcher/1.4/plexus-sec-dispatcher-1.4.jar
Downloaded from central: https://repo1.maven.org/maven2/org/apache/maven/maven-model/3.6.3/maven-model-3.6.3.jar (215 kB at 2.6 MB/s)
Downloading from central: https://repo1.maven.org/maven2/org/sonatype/plexus/plexus-cipher/1.7/plexus-cipher-1.7.jar
Downloaded from central: https://repo1.maven.org/maven2/org/apache/maven/maven-core/3.6.3/maven-core-3.6.3.jar (633 kB at 7.1 MB/s)
Downloading from central: https://repo1.maven.org/maven2/org/apache/maven/maven-builder-support/3.6.3/maven-builder-support-3.6.3.jar
Progress (1): 7.7/42 kB
Progress (1): 8.2/42 kB
Progress (1): 25/42 kB 
Progress (1): 41/42 kB
Progress (1): 42 kB   
                   
Downloaded from central: https://repo1.maven.org/maven2/org/apache/maven/maven-settings-builder/3.6.3/maven-settings-builder-3.6.3.jar (42 kB at 366 kB/s)
Downloading from central: https://repo1.maven.org/maven2/org/apache/maven/maven-repository-metadata/3.6.3/maven-repository-metadata-3.6.3.jar
Progress (1): 7.7/28 kB
Progress (1): 8.2/28 kB
Progress (1): 25/28 kB 
Progress (2): 25/28 kB | 7.7/13 kB
Progress (2): 28 kB | 7.7/13 kB   
Progress (2): 28 kB | 8.2/13 kB
Progress (2): 28 kB | 13 kB    
                           
Downloaded from central: https://repo1.maven.org/maven2/org/sonatype/plexus/plexus-cipher/1.7/plexus-cipher-1.7.jar (13 kB at 99 kB/s)
Downloading from central: https://repo1.maven.org/maven2/org/apache/maven/maven-artifact/3.6.3/maven-artifact-3.6.3.jar
Downloaded from central: https://repo1.maven.org/maven2/org/sonatype/plexus/plexus-sec-dispatcher/1.4/plexus-sec-dispatcher-1.4.jar (28 kB at 204 kB/s)
Downloading from central: https://repo1.maven.org/maven2/org/apache/maven/maven-model-builder/3.6.3/maven-model-builder-3.6.3.jar
Progress (1): 14 kB
Progress (2): 14 kB | 7.7/27 kB
Progress (2): 14 kB | 16/27 kB 
Progress (2): 14 kB | 27 kB   
                           
Downloaded from central: https://repo1.maven.org/maven2/org/apache/maven/maven-builder-support/3.6.3/maven-builder-support-3.6.3.jar (14 kB at 85 kB/s)
Downloading from central: https://repo1.maven.org/maven2/org/apache/maven/maven-resolver-provider/3.6.3/maven-resolver-provider-3.6.3.jar
Downloaded from central: https://repo1.maven.org/maven2/org/apache/maven/maven-repository-metadata/3.6.3/maven-repository-metadata-3.6.3.jar (27 kB at 157 kB/s)
Downloading from central: https://repo1.maven.org/maven2/org/slf4j/slf4j-api/1.7.29/slf4j-api-1.7.29.jar
Progress (1): 7.8/256 kB
Progress (1): 16/256 kB 
Progress (1): 32/256 kB
Progress (1): 49/256 kB
Progress (1): 65/256 kB
Progress (1): 81/256 kB
Progress (1): 98/256 kB
Progress (1): 114/256 kB
Progress (1): 131/256 kB
Progress (1): 147/256 kB
Progress (2): 147/256 kB | 7.7/192 kB
Progress (2): 163/256 kB | 7.7/192 kB
Progress (2): 180/256 kB | 7.7/192 kB
Progress (2): 196/256 kB | 7.7/192 kB
Progress (2): 213/256 kB | 7.7/192 kB
Progress (2): 229/256 kB | 7.7/192 kB
Progress (2): 229/256 kB | 16/192 kB 
Progress (2): 245/256 kB | 16/192 kB
Progress (2): 245/256 kB | 32/192 kB
Progress (2): 256 kB | 32/192 kB    
Progress (2): 256 kB | 49/192 kB
Progress (2): 256 kB | 65/192 kB
Progress (2): 256 kB | 81/192 kB
Progress (2): 256 kB | 98/192 kB
Progress (2): 256 kB | 114/192 kB
Progress (2): 256 kB | 131/192 kB
Progress (2): 256 kB | 147/192 kB
Progress (2): 256 kB | 163/192 kB
Progress (2): 256 kB | 180/192 kB
Progress (2): 256 kB | 192 kB    
Progress (3): 256 kB | 192 kB | 7.7/58 kB
Progress (3): 256 kB | 192 kB | 8.2/58 kB
Progress (3): 256 kB | 192 kB | 16/58 kB 
Progress (3): 256 kB | 192 kB | 25/58 kB
Progress (3): 256 kB | 192 kB | 41/58 kB
Progress (3): 256 kB | 192 kB | 57/58 kB
Progress (3): 256 kB | 192 kB | 58 kB   
                                     
Downloaded from central: https://repo1.maven.org/maven2/org/eclipse/tycho/tycho-core/2.3.0/tycho-core-2.3.0.jar (256 kB at 1.3 MB/s)
Downloading from central: https://repo1.maven.org/maven2/org/apache/maven/resolver/maven-resolver-impl/1.4.1/maven-resolver-impl-1.4.1.jar
Downloaded from central: https://repo1.maven.org/maven2/org/apache/maven/maven-model-builder/3.6.3/maven-model-builder-3.6.3.jar (192 kB at 976 kB/s)
Downloading from central: https://repo1.maven.org/maven2/org/apache/maven/resolver/maven-resolver-spi/1.4.1/maven-resolver-spi-1.4.1.jar
Downloaded from central: https://repo1.maven.org/maven2/org/apache/maven/maven-artifact/3.6.3/maven-artifact-3.6.3.jar (58 kB at 289 kB/s)
Downloading from central: https://repo1.maven.org/maven2/org/apache/maven/shared/maven-shared-utils/3.2.1/maven-shared-utils-3.2.1.jar
Progress (1): 7.7/41 kB
Progress (1): 16/41 kB 
Progress (1): 24/41 kB
Progress (1): 41/41 kB
Progress (1): 41 kB   
Progress (2): 41 kB | 7.7/66 kB
Progress (2): 41 kB | 16/66 kB 
Progress (2): 41 kB | 32/66 kB
Progress (2): 41 kB | 49/66 kB
Progress (2): 41 kB | 65/66 kB
Progress (2): 41 kB | 66 kB   
                           
Downloaded from central: https://repo1.maven.org/maven2/org/slf4j/slf4j-api/1.7.29/slf4j-api-1.7.29.jar (41 kB at 188 kB/s)
Downloading from central: https://repo1.maven.org/maven2/commons-io/commons-io/2.5/commons-io-2.5.jar
Downloaded from central: https://repo1.maven.org/maven2/org/apache/maven/maven-resolver-provider/3.6.3/maven-resolver-provider-3.6.3.jar (66 kB at 297 kB/s)
Downloading from central: https://repo1.maven.org/maven2/org/eclipse/sisu/org.eclipse.sisu.inject/0.3.4/org.eclipse.sisu.inject-0.3.4.jar
Progress (1): 7.7/167 kB
Progress (1): 16/167 kB 
Progress (1): 29/167 kB
Progress (1): 45/167 kB
Progress (1): 61/167 kB
Progress (1): 78/167 kB
Progress (1): 94/167 kB
Progress (1): 111/167 kB
Progress (1): 127/167 kB
Progress (1): 143/167 kB
Progress (1): 160/167 kB
Progress (1): 167 kB    
Progress (2): 167 kB | 7.7/37 kB
Progress (2): 167 kB | 16/37 kB 
Progress (2): 167 kB | 28/37 kB
Progress (2): 167 kB | 37 kB   
                            
Downloaded from central: https://repo1.maven.org/maven2/org/apache/maven/shared/maven-shared-utils/3.2.1/maven-shared-utils-3.2.1.jar (167 kB at 658 kB/s)
Downloading from central: https://repo1.maven.org/maven2/com/google/inject/guice/4.2.1/guice-4.2.1-no_aop.jar
Progress (2): 37 kB | 7.7/379 kB
Progress (2): 37 kB | 8.2/379 kB
                                
Downloaded from central: https://repo1.maven.org/maven2/org/apache/maven/resolver/maven-resolver-spi/1.4.1/maven-resolver-spi-1.4.1.jar (37 kB at 143 kB/s)
Downloading from central: https://repo1.maven.org/maven2/com/google/guava/guava/25.1-android/guava-25.1-android.jar
Progress (1): 16/379 kB
Progress (2): 16/379 kB | 7.7/209 kB
Progress (2): 33/379 kB | 7.7/209 kB
Progress (2): 41/379 kB | 7.7/209 kB
Progress (2): 57/379 kB | 7.7/209 kB
Progress (2): 57/379 kB | 12/209 kB 
Progress (2): 74/379 kB | 12/209 kB
Progress (2): 74/379 kB | 28/209 kB
Progress (2): 82/379 kB | 28/209 kB
Progress (2): 82/379 kB | 44/209 kB
Progress (2): 98/379 kB | 44/209 kB
Progress (2): 98/379 kB | 61/209 kB
Progress (2): 115/379 kB | 61/209 kB
Progress (2): 131/379 kB | 61/209 kB
Progress (2): 131/379 kB | 77/209 kB
Progress (2): 131/379 kB | 94/209 kB
Progress (2): 147/379 kB | 94/209 kB
Progress (2): 147/379 kB | 110/209 kB
Progress (2): 164/379 kB | 110/209 kB
Progress (2): 164/379 kB | 126/209 kB
Progress (2): 180/379 kB | 126/209 kB
Progress (2): 180/379 kB | 143/209 kB
Progress (2): 197/379 kB | 143/209 kB
Progress (2): 197/379 kB | 151/209 kB
Progress (2): 197/379 kB | 159/209 kB
Progress (2): 213/379 kB | 159/209 kB
Progress (2): 229/379 kB | 159/209 kB
Progress (2): 229/379 kB | 167/209 kB
Progress (2): 246/379 kB | 167/209 kB
Progress (2): 246/379 kB | 184/209 kB
Progress (2): 246/379 kB | 192/209 kB
Progress (2): 262/379 kB | 192/209 kB
Progress (3): 262/379 kB | 192/209 kB | 7.7/181 kB
Progress (3): 262/379 kB | 208/209 kB | 7.7/181 kB
Progress (3): 262/379 kB | 209 kB | 7.7/181 kB    
Progress (3): 262/379 kB | 209 kB | 16/181 kB 
Progress (3): 279/379 kB | 209 kB | 16/181 kB
Progress (3): 279/379 kB | 209 kB | 24/181 kB
Progress (3): 295/379 kB | 209 kB | 24/181 kB
Progress (3): 311/379 kB | 209 kB | 24/181 kB
Progress (3): 311/379 kB | 209 kB | 41/181 kB
Progress (3): 311/379 kB | 209 kB | 49/181 kB
Progress (3): 328/379 kB | 209 kB | 49/181 kB
Progress (3): 328/379 kB | 209 kB | 66/181 kB
Progress (3): 344/379 kB | 209 kB | 66/181 kB
Progress (3): 344/379 kB | 209 kB | 82/181 kB
Progress (3): 360/379 kB | 209 kB | 82/181 kB
Progress (3): 360/379 kB | 209 kB | 98/181 kB
Progress (3): 377/379 kB | 209 kB | 98/181 kB
Progress (3): 379 kB | 209 kB | 98/181 kB    
Progress (3): 379 kB | 209 kB | 115/181 kB
Progress (3): 379 kB | 209 kB | 131/181 kB
Progress (3): 379 kB | 209 kB | 147/181 kB
Progress (3): 379 kB | 209 kB | 164/181 kB
Progress (3): 379 kB | 209 kB | 180/181 kB
Progress (3): 379 kB | 209 kB | 181 kB    
                                      
Downloaded from central: https://repo1.maven.org/maven2/commons-io/commons-io/2.5/commons-io-2.5.jar (209 kB at 756 kB/s)
Downloading from central: https://repo1.maven.org/maven2/org/checkerframework/checker-compat-qual/2.0.0/checker-compat-qual-2.0.0.jar
Downloaded from central: https://repo1.maven.org/maven2/org/apache/maven/resolver/maven-resolver-impl/1.4.1/maven-resolver-impl-1.4.1.jar (181 kB at 648 kB/s)
Downloading from central: https://repo1.maven.org/maven2/com/google/errorprone/error_prone_annotations/2.1.3/error_prone_annotations-2.1.3.jar
Downloaded from central: https://repo1.maven.org/maven2/org/eclipse/sisu/org.eclipse.sisu.inject/0.3.4/org.eclipse.sisu.inject-0.3.4.jar (379 kB at 1.4 MB/s)
Downloading from central: https://repo1.maven.org/maven2/com/google/j2objc/j2objc-annotations/1.1/j2objc-annotations-1.1.jar
Progress (1): 0/2.6 MB
Progress (1): 0/2.6 MB
Progress (1): 0/2.6 MB
Progress (1): 0/2.6 MB
Progress (1): 0.1/2.6 MB
Progress (1): 0.1/2.6 MB
Progress (1): 0.1/2.6 MB
Progress (1): 0.1/2.6 MB
Progress (1): 0.1/2.6 MB
Progress (1): 0.1/2.6 MB
Progress (1): 0.2/2.6 MB
Progress (1): 0.2/2.6 MB
Progress (1): 0.2/2.6 MB
Progress (1): 0.2/2.6 MB
Progress (1): 0.2/2.6 MB
Progress (1): 0.2/2.6 MB
Progress (1): 0.3/2.6 MB
Progress (1): 0.3/2.6 MB
Progress (1): 0.3/2.6 MB
Progress (1): 0.3/2.6 MB
Progress (1): 0.3/2.6 MB
Progress (1): 0.3/2.6 MB
Progress (1): 0.4/2.6 MB
Progress (2): 0.4/2.6 MB | 7.7/521 kB
Progress (2): 0.4/2.6 MB | 7.7/521 kB
Progress (2): 0.4/2.6 MB | 7.7/521 kB
Progress (2): 0.4/2.6 MB | 7.7/521 kB
Progress (2): 0.4/2.6 MB | 7.7/521 kB
Progress (2): 0.4/2.6 MB | 7.7/521 kB
Progress (2): 0.4/2.6 MB | 16/521 kB 
Progress (2): 0.4/2.6 MB | 25/521 kB
Progress (2): 0.5/2.6 MB | 25/521 kB
Progress (2): 0.5/2.6 MB | 41/521 kB
Progress (2): 0.5/2.6 MB | 41/521 kB
Progress (2): 0.5/2.6 MB | 57/521 kB
Progress (2): 0.5/2.6 MB | 74/521 kB
Progress (2): 0.5/2.6 MB | 74/521 kB
Progress (2): 0.5/2.6 MB | 90/521 kB
Progress (2): 0.5/2.6 MB | 90/521 kB
Progress (2): 0.5/2.6 MB | 106/521 kB
Progress (2): 0.5/2.6 MB | 106/521 kB
Progress (2): 0.5/2.6 MB | 123/521 kB
Progress (2): 0.5/2.6 MB | 123/521 kB
Progress (2): 0.5/2.6 MB | 139/521 kB
Progress (2): 0.5/2.6 MB | 156/521 kB
Progress (2): 0.6/2.6 MB | 156/521 kB
Progress (2): 0.6/2.6 MB | 172/521 kB
Progress (2): 0.6/2.6 MB | 172/521 kB
Progress (2): 0.6/2.6 MB | 188/521 kB
Progress (2): 0.6/2.6 MB | 188/521 kB
Progress (2): 0.6/2.6 MB | 188/521 kB
Progress (2): 0.6/2.6 MB | 205/521 kB
Progress (2): 0.6/2.6 MB | 205/521 kB
Progress (2): 0.6/2.6 MB | 221/521 kB
Progress (2): 0.6/2.6 MB | 221/521 kB
Progress (2): 0.6/2.6 MB | 229/521 kB
Progress (2): 0.7/2.6 MB | 229/521 kB
Progress (2): 0.7/2.6 MB | 246/521 kB
Progress (2): 0.7/2.6 MB | 246/521 kB
Progress (2): 0.7/2.6 MB | 262/521 kB
Progress (2): 0.7/2.6 MB | 262/521 kB
Progress (2): 0.7/2.6 MB | 279/521 kB
Progress (2): 0.7/2.6 MB | 287/521 kB
Progress (2): 0.7/2.6 MB | 287/521 kB
Progress (2): 0.7/2.6 MB | 287/521 kB
Progress (2): 0.7/2.6 MB | 303/521 kB
Progress (2): 0.7/2.6 MB | 303/521 kB
Progress (2): 0.7/2.6 MB | 319/521 kB
Progress (2): 0.7/2.6 MB | 336/521 kB
Progress (2): 0.8/2.6 MB | 336/521 kB
Progress (2): 0.8/2.6 MB | 352/521 kB
Progress (2): 0.8/2.6 MB | 352/521 kB
Progress (2): 0.8/2.6 MB | 352/521 kB
Progress (2): 0.8/2.6 MB | 352/521 kB
Progress (2): 0.8/2.6 MB | 360/521 kB
Progress (2): 0.8/2.6 MB | 360/521 kB
Progress (2): 0.8/2.6 MB | 360/521 kB
Progress (2): 0.8/2.6 MB | 377/521 kB
Progress (2): 0.9/2.6 MB | 377/521 kB
Progress (2): 0.9/2.6 MB | 385/521 kB
Progress (2): 0.9/2.6 MB | 385/521 kB
Progress (2): 0.9/2.6 MB | 401/521 kB
Progress (2): 0.9/2.6 MB | 401/521 kB
Progress (2): 0.9/2.6 MB | 401/521 kB
Progress (2): 0.9/2.6 MB | 418/521 kB
Progress (2): 0.9/2.6 MB | 418/521 kB
Progress (2): 0.9/2.6 MB | 418/521 kB
Progress (2): 0.9/2.6 MB | 418/521 kB
Progress (2): 1.0/2.6 MB | 418/521 kB
Progress (2): 1.0/2.6 MB | 434/521 kB
Progress (2): 1.0/2.6 MB | 434/521 kB
Progress (2): 1.0/2.6 MB | 434/521 kB
Progress (2): 1.0/2.6 MB | 451/521 kB
Progress (2): 1.0/2.6 MB | 459/521 kB
Progress (2): 1.0/2.6 MB | 459/521 kB
Progress (2): 1.0/2.6 MB | 475/521 kB
Progress (2): 1.0/2.6 MB | 475/521 kB
Progress (2): 1.0/2.6 MB | 483/521 kB
Progress (2): 1.0/2.6 MB | 483/521 kB
Progress (2): 1.1/2.6 MB | 483/521 kB
Progress (2): 1.1/2.6 MB | 483/521 kB
Progress (2): 1.1/2.6 MB | 483/521 kB
Progress (2): 1.1/2.6 MB | 483/521 kB
Progress (2): 1.1/2.6 MB | 483/521 kB
Progress (2): 1.1/2.6 MB | 500/521 kB
Progress (2): 1.1/2.6 MB | 500/521 kB
Progress (2): 1.1/2.6 MB | 508/521 kB
Progress (2): 1.2/2.6 MB | 508/521 kB
Progress (2): 1.2/2.6 MB | 516/521 kB
Progress (2): 1.2/2.6 MB | 516/521 kB
Progress (2): 1.2/2.6 MB | 521 kB    
Progress (2): 1.2/2.6 MB | 521 kB
Progress (2): 1.2/2.6 MB | 521 kB
Progress (2): 1.2/2.6 MB | 521 kB
Progress (2): 1.2/2.6 MB | 521 kB
Progress (2): 1.3/2.6 MB | 521 kB
Progress (2): 1.3/2.6 MB | 521 kB
Progress (2): 1.3/2.6 MB | 521 kB
Progress (2): 1.3/2.6 MB | 521 kB
Progress (2): 1.3/2.6 MB | 521 kB
Progress (2): 1.3/2.6 MB | 521 kB
Progress (2): 1.4/2.6 MB | 521 kB
Progress (2): 1.4/2.6 MB | 521 kB
Progress (2): 1.4/2.6 MB | 521 kB
Progress (2): 1.4/2.6 MB | 521 kB
Progress (2): 1.4/2.6 MB | 521 kB
Progress (2): 1.4/2.6 MB | 521 kB
Progress (2): 1.5/2.6 MB | 521 kB
Progress (2): 1.5/2.6 MB | 521 kB
Progress (2): 1.5/2.6 MB | 521 kB
Progress (2): 1.5/2.6 MB | 521 kB
Progress (2): 1.5/2.6 MB | 521 kB
Progress (2): 1.5/2.6 MB | 521 kB
Progress (2): 1.6/2.6 MB | 521 kB
Progress (2): 1.6/2.6 MB | 521 kB
Progress (2): 1.6/2.6 MB | 521 kB
Progress (2): 1.6/2.6 MB | 521 kB
Progress (2): 1.6/2.6 MB | 521 kB
Progress (2): 1.6/2.6 MB | 521 kB
Progress (2): 1.7/2.6 MB | 521 kB
Progress (2): 1.7/2.6 MB | 521 kB
Progress (2): 1.7/2.6 MB | 521 kB
Progress (2): 1.7/2.6 MB | 521 kB
Progress (2): 1.7/2.6 MB | 521 kB
Progress (2): 1.7/2.6 MB | 521 kB
Progress (2): 1.8/2.6 MB | 521 kB
Progress (2): 1.8/2.6 MB | 521 kB
Progress (2): 1.8/2.6 MB | 521 kB
Progress (2): 1.8/2.6 MB | 521 kB
Progress (2): 1.8/2.6 MB | 521 kB
Progress (2): 1.8/2.6 MB | 521 kB
Progress (2): 1.9/2.6 MB | 521 kB
Progress (2): 1.9/2.6 MB | 521 kB
Progress (2): 1.9/2.6 MB | 521 kB
Progress (3): 1.9/2.6 MB | 521 kB | 7.7/14 kB
Progress (3): 1.9/2.6 MB | 521 kB | 7.7/14 kB
Progress (3): 1.9/2.6 MB | 521 kB | 7.7/14 kB
Progress (3): 1.9/2.6 MB | 521 kB | 7.7/14 kB
Progress (3): 1.9/2.6 MB | 521 kB | 7.7/14 kB
Progress (3): 2.0/2.6 MB | 521 kB | 7.7/14 kB
Progress (3): 2.0/2.6 MB | 521 kB | 7.7/14 kB
Progress (3): 2.0/2.6 MB | 521 kB | 14 kB    
Progress (3): 2.0/2.6 MB | 521 kB | 14 kB
                                         
Downloaded from central: https://repo1.maven.org/maven2/com/google/inject/guice/4.2.1/guice-4.2.1-no_aop.jar (521 kB at 1.6 MB/s)
Downloading from central: https://repo1.maven.org/maven2/org/codehaus/mojo/animal-sniffer-annotations/1.14/animal-sniffer-annotations-1.14.jar
Progress (2): 2.0/2.6 MB | 14 kB
Progress (2): 2.0/2.6 MB | 14 kB
Progress (2): 2.0/2.6 MB | 14 kB
Progress (2): 2.1/2.6 MB | 14 kB
Progress (2): 2.1/2.6 MB | 14 kB
Progress (2): 2.1/2.6 MB | 14 kB
Progress (2): 2.1/2.6 MB | 14 kB
Progress (2): 2.1/2.6 MB | 14 kB
Progress (2): 2.1/2.6 MB | 14 kB
Progress (2): 2.2/2.6 MB | 14 kB
Progress (2): 2.2/2.6 MB | 14 kB
Progress (2): 2.2/2.6 MB | 14 kB
Progress (2): 2.2/2.6 MB | 14 kB
Progress (2): 2.2/2.6 MB | 14 kB
Progress (2): 2.2/2.6 MB | 14 kB
Progress (2): 2.3/2.6 MB | 14 kB
Progress (2): 2.3/2.6 MB | 14 kB
Progress (2): 2.3/2.6 MB | 14 kB
Progress (2): 2.3/2.6 MB | 14 kB
Progress (2): 2.3/2.6 MB | 14 kB
Progress (3): 2.3/2.6 MB | 14 kB | 7.7/8.8 kB
Progress (3): 2.3/2.6 MB | 14 kB | 7.7/8.8 kB
Progress (3): 2.4/2.6 MB | 14 kB | 7.7/8.8 kB
Progress (3): 2.4/2.6 MB | 14 kB | 7.7/8.8 kB
Progress (3): 2.4/2.6 MB | 14 kB | 7.7/8.8 kB
Progress (3): 2.4/2.6 MB | 14 kB | 7.7/8.8 kB
Progress (4): 2.4/2.6 MB | 14 kB | 7.7/8.8 kB | 8.2/32 kB
Progress (4): 2.4/2.6 MB | 14 kB | 7.7/8.8 kB | 8.2/32 kB
Progress (4): 2.4/2.6 MB | 14 kB | 7.7/8.8 kB | 8.2/32 kB
Progress (4): 2.5/2.6 MB | 14 kB | 7.7/8.8 kB | 8.2/32 kB
Progress (4): 2.5/2.6 MB | 14 kB | 7.7/8.8 kB | 8.2/32 kB
Progress (4): 2.5/2.6 MB | 14 kB | 7.7/8.8 kB | 8.2/32 kB
Progress (4): 2.5/2.6 MB | 14 kB | 8.8 kB | 8.2/32 kB    
Progress (4): 2.5/2.6 MB | 14 kB | 8.8 kB | 8.2/32 kB
Progress (4): 2.5/2.6 MB | 14 kB | 8.8 kB | 25/32 kB 
Progress (4): 2.5/2.6 MB | 14 kB | 8.8 kB | 32 kB   
Progress (4): 2.5/2.6 MB | 14 kB | 8.8 kB | 32 kB
Progress (4): 2.5/2.6 MB | 14 kB | 8.8 kB | 32 kB
Progress (4): 2.6/2.6 MB | 14 kB | 8.8 kB | 32 kB
Progress (4): 2.6/2.6 MB | 14 kB | 8.8 kB | 32 kB
Progress (4): 2.6/2.6 MB | 14 kB | 8.8 kB | 32 kB
Progress (4): 2.6 MB | 14 kB | 8.8 kB | 32 kB    
                                             
Downloaded from central: https://repo1.maven.org/maven2/com/google/errorprone/error_prone_annotations/2.1.3/error_prone_annotations-2.1.3.jar (14 kB at 39 kB/s)
Downloading from central: https://repo1.maven.org/maven2/org/apache/maven/maven-plugin-api/3.6.3/maven-plugin-api-3.6.3.jar
Downloaded from central: https://repo1.maven.org/maven2/org/checkerframework/checker-compat-qual/2.0.0/checker-compat-qual-2.0.0.jar (32 kB at 89 kB/s)
Downloading from central: https://repo1.maven.org/maven2/org/eclipse/tycho/org.eclipse.tycho.p2.tools.shared/2.3.0/org.eclipse.tycho.p2.tools.shared-2.3.0.jar
Downloaded from central: https://repo1.maven.org/maven2/com/google/j2objc/j2objc-annotations/1.1/j2objc-annotations-1.1.jar (8.8 kB at 24 kB/s)
Downloading from central: https://repo1.maven.org/maven2/org/eclipse/tycho/org.eclipse.tycho.p2.resolver.shared/2.3.0/org.eclipse.tycho.p2.resolver.shared-2.3.0.jar
Progress (2): 2.6 MB | 3.5 kB
                             
Downloaded from central: https://repo1.maven.org/maven2/org/codehaus/mojo/animal-sniffer-annotations/1.14/animal-sniffer-annotations-1.14.jar (3.5 kB at 9.4 kB/s)
Downloading from central: https://repo1.maven.org/maven2/org/codehaus/plexus/plexus-archiver/4.2.2/plexus-archiver-4.2.2.jar
Downloaded from central: https://repo1.maven.org/maven2/com/google/guava/guava/25.1-android/guava-25.1-android.jar (2.6 MB at 7.0 MB/s)
Downloading from central: https://repo1.maven.org/maven2/org/tukaani/xz/1.8/xz-1.8.jar
Progress (1): 7.7/47 kB
Progress (1): 16/47 kB 
Progress (1): 32/47 kB
Progress (1): 47 kB   
Progress (2): 47 kB | 16/194 kB
Progress (2): 47 kB | 33/194 kB
Progress (2): 47 kB | 49/194 kB
                               
Downloaded from central: https://repo1.maven.org/maven2/org/apache/maven/maven-plugin-api/3.6.3/maven-plugin-api-3.6.3.jar (47 kB at 118 kB/s)
Downloading from central: https://repo1.maven.org/maven2/org/eclipse/tycho/sisu-equinox-embedder/2.3.0/sisu-equinox-embedder-2.3.0.jar
Progress (1): 66/194 kB
Progress (1): 82/194 kB
Progress (1): 98/194 kB
Progress (1): 115/194 kB
Progress (1): 131/194 kB
Progress (1): 147/194 kB
Progress (1): 164/194 kB
Progress (1): 180/194 kB
Progress (1): 194 kB    
Progress (2): 194 kB | 7.7/109 kB
                                 
Downloaded from central: https://repo1.maven.org/maven2/org/codehaus/plexus/plexus-archiver/4.2.2/plexus-archiver-4.2.2.jar (194 kB at 464 kB/s)
Downloading from central: https://repo1.maven.org/maven2/org/eclipse/platform/org.eclipse.osgi/3.16.200/org.eclipse.osgi-3.16.200.jar
Progress (1): 16/109 kB
Progress (1): 32/109 kB
Progress (1): 49/109 kB
Progress (1): 65/109 kB
Progress (1): 81/109 kB
Progress (1): 98/109 kB
Progress (1): 109 kB   
Progress (2): 109 kB | 7.7/22 kB
Progress (2): 109 kB | 16/22 kB 
Progress (2): 109 kB | 22 kB   
                            
Downloaded from central: https://repo1.maven.org/maven2/org/tukaani/xz/1.8/xz-1.8.jar (109 kB at 249 kB/s)
Downloading from central: https://repo1.maven.org/maven2/org/eclipse/tycho/sisu-equinox-api/2.3.0/sisu-equinox-api-2.3.0.jar
Downloaded from central: https://repo1.maven.org/maven2/org/eclipse/tycho/org.eclipse.tycho.p2.tools.shared/2.3.0/org.eclipse.tycho.p2.tools.shared-2.3.0.jar (22 kB at 50 kB/s)
Downloading from central: https://repo1.maven.org/maven2/org/eclipse/tycho/tycho-metadata-model/2.3.0/tycho-metadata-model-2.3.0.jar
Progress (1): 7.7/13 kB
Progress (1): 13 kB    
                   
Downloaded from central: https://repo1.maven.org/maven2/org/eclipse/tycho/sisu-equinox-embedder/2.3.0/sisu-equinox-embedder-2.3.0.jar (13 kB at 28 kB/s)
Downloading from central: https://repo1.maven.org/maven2/de/pdark/decentxml/1.4/decentxml-1.4.jar
Progress (1): 0/1.5 MB
Progress (1): 0/1.5 MB
Progress (1): 0/1.5 MB
Progress (1): 0/1.5 MB
Progress (1): 0.1/1.5 MB
Progress (1): 0.1/1.5 MB
Progress (1): 0.1/1.5 MB
Progress (1): 0.1/1.5 MB
Progress (1): 0.1/1.5 MB
Progress (1): 0.1/1.5 MB
Progress (1): 0.2/1.5 MB
Progress (1): 0.2/1.5 MB
Progress (1): 0.2/1.5 MB
Progress (1): 0.2/1.5 MB
Progress (1): 0.2/1.5 MB
Progress (1): 0.2/1.5 MB
Progress (1): 0.3/1.5 MB
Progress (1): 0.3/1.5 MB
Progress (1): 0.3/1.5 MB
Progress (1): 0.3/1.5 MB
Progress (1): 0.3/1.5 MB
Progress (1): 0.3/1.5 MB
Progress (1): 0.4/1.5 MB
Progress (1): 0.4/1.5 MB
Progress (1): 0.4/1.5 MB
Progress (1): 0.4/1.5 MB
Progress (1): 0.4/1.5 MB
Progress (1): 0.4/1.5 MB
Progress (1): 0.5/1.5 MB
Progress (1): 0.5/1.5 MB
Progress (1): 0.5/1.5 MB
Progress (1): 0.5/1.5 MB
Progress (1): 0.5/1.5 MB
Progress (1): 0.5/1.5 MB
Progress (1): 0.6/1.5 MB
Progress (1): 0.6/1.5 MB
Progress (1): 0.6/1.5 MB
Progress (1): 0.6/1.5 MB
Progress (1): 0.6/1.5 MB
Progress (1): 0.6/1.5 MB
Progress (1): 0.7/1.5 MB
Progress (1): 0.7/1.5 MB
Progress (1): 0.7/1.5 MB
Progress (1): 0.7/1.5 MB
Progress (1): 0.7/1.5 MB
Progress (1): 0.7/1.5 MB
Progress (1): 0.8/1.5 MB
Progress (1): 0.8/1.5 MB
Progress (1): 0.8/1.5 MB
Progress (1): 0.8/1.5 MB
Progress (1): 0.8/1.5 MB
Progress (1): 0.8/1.5 MB
Progress (1): 0.9/1.5 MB
Progress (1): 0.9/1.5 MB
Progress (2): 0.9/1.5 MB | 7.7/38 kB
Progress (2): 0.9/1.5 MB | 7.7/38 kB
Progress (2): 0.9/1.5 MB | 7.7/38 kB
Progress (2): 0.9/1.5 MB | 7.7/38 kB
Progress (2): 0.9/1.5 MB | 7.7/38 kB
Progress (2): 0.9/1.5 MB | 12/38 kB 
Progress (2): 0.9/1.5 MB | 28/38 kB
Progress (2): 1.0/1.5 MB | 28/38 kB
Progress (2): 1.0/1.5 MB | 38 kB   
Progress (2): 1.0/1.5 MB | 38 kB
Progress (2): 1.0/1.5 MB | 38 kB
Progress (2): 1.0/1.5 MB | 38 kB
Progress (2): 1.0/1.5 MB | 38 kB
Progress (2): 1.0/1.5 MB | 38 kB
Progress (2): 1.0/1.5 MB | 38 kB
Progress (2): 1.1/1.5 MB | 38 kB
Progress (2): 1.1/1.5 MB | 38 kB
Progress (2): 1.1/1.5 MB | 38 kB
Progress (2): 1.1/1.5 MB | 38 kB
Progress (2): 1.1/1.5 MB | 38 kB
Progress (2): 1.1/1.5 MB | 38 kB
Progress (2): 1.2/1.5 MB | 38 kB
Progress (2): 1.2/1.5 MB | 38 kB
Progress (2): 1.2/1.5 MB | 38 kB
Progress (2): 1.2/1.5 MB | 38 kB
Progress (2): 1.2/1.5 MB | 38 kB
Progress (2): 1.2/1.5 MB | 38 kB
Progress (2): 1.2/1.5 MB | 38 kB
Progress (2): 1.3/1.5 MB | 38 kB
Progress (2): 1.3/1.5 MB | 38 kB
Progress (2): 1.3/1.5 MB | 38 kB
Progress (2): 1.3/1.5 MB | 38 kB
Progress (2): 1.3/1.5 MB | 38 kB
Progress (2): 1.3/1.5 MB | 38 kB
Progress (2): 1.4/1.5 MB | 38 kB
Progress (2): 1.4/1.5 MB | 38 kB
Progress (2): 1.4/1.5 MB | 38 kB
Progress (2): 1.4/1.5 MB | 38 kB
Progress (2): 1.4/1.5 MB | 38 kB
Progress (2): 1.4/1.5 MB | 38 kB
Progress (2): 1.5/1.5 MB | 38 kB
Progress (2): 1.5/1.5 MB | 38 kB
Progress (2): 1.5/1.5 MB | 38 kB
Progress (2): 1.5/1.5 MB | 38 kB
Progress (2): 1.5 MB | 38 kB    
Progress (3): 1.5 MB | 38 kB | 7.8/131 kB
Progress (3): 1.5 MB | 38 kB | 16/131 kB 
Progress (3): 1.5 MB | 38 kB | 32/131 kB
Progress (3): 1.5 MB | 38 kB | 49/131 kB
Progress (3): 1.5 MB | 38 kB | 65/131 kB
Progress (3): 1.5 MB | 38 kB | 81/131 kB
                                        
Downloaded from central: https://repo1.maven.org/maven2/org/eclipse/tycho/tycho-metadata-model/2.3.0/tycho-metadata-model-2.3.0.jar (38 kB at 71 kB/s)
Downloading from central: https://repo1.maven.org/maven2/org/eclipse/tycho/tycho-embedder-api/2.3.0/tycho-embedder-api-2.3.0.jar
Progress (2): 1.5 MB | 98/131 kB
Progress (2): 1.5 MB | 114/131 kB
Progress (2): 1.5 MB | 131/131 kB
Progress (2): 1.5 MB | 131 kB    
                             
Downloaded from central: https://repo1.maven.org/maven2/org/eclipse/platform/org.eclipse.osgi/3.16.200/org.eclipse.osgi-3.16.200.jar (1.5 MB at 2.7 MB/s)
Downloading from central: https://repo1.maven.org/maven2/org/eclipse/tycho/org.eclipse.tycho.embedder.shared/2.3.0/org.eclipse.tycho.embedder.shared-2.3.0.jar
Downloaded from central: https://repo1.maven.org/maven2/de/pdark/decentxml/1.4/decentxml-1.4.jar (131 kB at 237 kB/s)
Downloading from central: https://repo1.maven.org/maven2/org/eclipse/tycho/org.eclipse.tycho.core.shared/2.3.0/org.eclipse.tycho.core.shared-2.3.0.jar
Progress (1): 7.8/32 kB
Progress (2): 7.8/32 kB | 7.8/10 kB
Progress (2): 7.8/32 kB | 10 kB    
Progress (3): 7.8/32 kB | 10 kB | 7.0 kB
Progress (3): 13/32 kB | 10 kB | 7.0 kB 
Progress (3): 21/32 kB | 10 kB | 7.0 kB
Progress (3): 32 kB | 10 kB | 7.0 kB   
                                    
Downloaded from central: https://repo1.maven.org/maven2/org/eclipse/tycho/org.eclipse.tycho.embedder.shared/2.3.0/org.eclipse.tycho.embedder.shared-2.3.0.jar (10 kB at 13 kB/s)
Downloading from central: https://repo1.maven.org/maven2/org/apache/maven/maven-compat/3.6.3/maven-compat-3.6.3.jar
Downloaded from central: https://repo1.maven.org/maven2/org/eclipse/tycho/tycho-embedder-api/2.3.0/tycho-embedder-api-2.3.0.jar (7.0 kB at 9.2 kB/s)
Downloading from central: https://repo1.maven.org/maven2/org/codehaus/plexus/plexus-interpolation/1.25/plexus-interpolation-1.25.jar
Downloaded from central: https://repo1.maven.org/maven2/org/eclipse/tycho/org.eclipse.tycho.p2.resolver.shared/2.3.0/org.eclipse.tycho.p2.resolver.shared-2.3.0.jar (32 kB at 43 kB/s)
Downloading from central: https://repo1.maven.org/maven2/org/apache/maven/wagon/wagon-provider-api/3.3.4/wagon-provider-api-3.3.4.jar
Progress (1): 7.7/85 kB
Progress (1): 16/85 kB 
Progress (1): 24/85 kB
Progress (1): 41/85 kB
Progress (1): 57/85 kB
Progress (1): 73/85 kB
Progress (2): 73/85 kB | 7.7/56 kB
Progress (2): 85 kB | 7.7/56 kB   
Progress (2): 85 kB | 12/56 kB 
Progress (2): 85 kB | 29/56 kB
Progress (2): 85 kB | 45/56 kB
Progress (2): 85 kB | 56 kB   
                           
Downloaded from central: https://repo1.maven.org/maven2/org/codehaus/plexus/plexus-interpolation/1.25/plexus-interpolation-1.25.jar (85 kB at 106 kB/s)
Downloading from central: https://repo1.maven.org/maven2/org/eclipse/tycho/tycho-p2-facade/2.3.0/tycho-p2-facade-2.3.0.jar
Downloaded from central: https://repo1.maven.org/maven2/org/apache/maven/wagon/wagon-provider-api/3.3.4/wagon-provider-api-3.3.4.jar (56 kB at 69 kB/s)
Progress (1): 7.8/288 kB
Progress (1): 16/288 kB 
Progress (1): 32/288 kB
Progress (1): 49/288 kB
Progress (2): 49/288 kB | 7.8/41 kB
Progress (2): 65/288 kB | 7.8/41 kB
Progress (2): 81/288 kB | 7.8/41 kB
Progress (2): 98/288 kB | 7.8/41 kB
Progress (2): 98/288 kB | 13/41 kB 
Progress (2): 98/288 kB | 21/41 kB
Progress (2): 114/288 kB | 21/41 kB
Progress (2): 114/288 kB | 24/41 kB
Progress (2): 131/288 kB | 24/41 kB
Progress (2): 131/288 kB | 32/41 kB
Progress (2): 147/288 kB | 32/41 kB
Progress (2): 147/288 kB | 41/41 kB
Progress (2): 163/288 kB | 41/41 kB
Progress (2): 163/288 kB | 41 kB   
Progress (2): 180/288 kB | 41 kB
Progress (2): 196/288 kB | 41 kB
Progress (2): 213/288 kB | 41 kB
Progress (2): 229/288 kB | 41 kB
Progress (2): 245/288 kB | 41 kB
Progress (2): 262/288 kB | 41 kB
Progress (2): 278/288 kB | 41 kB
Progress (2): 288 kB | 41 kB    
                            
Downloaded from central: https://repo1.maven.org/maven2/org/eclipse/tycho/org.eclipse.tycho.core.shared/2.3.0/org.eclipse.tycho.core.shared-2.3.0.jar (41 kB at 49 kB/s)
Downloaded from central: https://repo1.maven.org/maven2/org/apache/maven/maven-compat/3.6.3/maven-compat-3.6.3.jar (288 kB at 343 kB/s)
Progress (1): 7.7/25 kB
Progress (1): 12/25 kB 
Progress (1): 25 kB   
                   
Downloaded from central: https://repo1.maven.org/maven2/org/eclipse/tycho/tycho-p2-facade/2.3.0/tycho-p2-facade-2.3.0.jar (25 kB at 29 kB/s)
Progress (1): 3.1 kB
                    
Downloaded from central: https://repo1.maven.org/maven2/org/eclipse/tycho/sisu-equinox-api/2.3.0/sisu-equinox-api-2.3.0.jar (3.1 kB at 3.4 kB/s)
[WARNING] Error injecting: org.eclipse.tycho.core.maven.TychoMavenLifecycleParticipant
java.lang.TypeNotPresentException: Type org.eclipse.tycho.core.maven.TychoMavenLifecycleParticipant not present
    at org.eclipse.sisu.space.URLClassSpace.loadClass (URLClassSpace.java:149)
    at org.eclipse.sisu.space.NamedClass.load (NamedClass.java:48)
    at org.eclipse.sisu.space.AbstractDeferredClass.get (AbstractDeferredClass.java:50)
    at com.google.inject.internal.ProviderInternalFactory.provision (ProviderInternalFactory.java:86)
    at com.google.inject.internal.InternalFactoryToInitializableAdapter.provision (InternalFactoryToInitializableAdapter.java:57)
    at com.google.inject.internal.ProviderInternalFactory$1.call (ProviderInternalFactory.java:67)
    at com.google.inject.internal.ProvisionListenerStackCallback$Provision.provision (ProvisionListenerStackCallback.java:109)
    at org.eclipse.sisu.bean.BeanScheduler$CycleActivator.onProvision (BeanScheduler.java:232)
    at com.google.inject.internal.ProvisionListenerStackCallback$Provision.provision (ProvisionListenerStackCallback.java:117)
    at com.google.inject.internal.ProvisionListenerStackCallback.provision (ProvisionListenerStackCallback.java:66)
    at com.google.inject.internal.ProviderInternalFactory.circularGet (ProviderInternalFactory.java:62)
    at com.google.inject.internal.InternalFactoryToInitializableAdapter.get (InternalFactoryToInitializableAdapter.java:47)
    at com.google.inject.internal.ProviderToInternalFactoryAdapter.get (ProviderToInternalFactoryAdapter.java:40)
    at com.google.inject.internal.SingletonScope$1.get (SingletonScope.java:169)
    at com.google.inject.internal.InternalFactoryToProviderAdapter.get (InternalFactoryToProviderAdapter.java:45)
    at com.google.inject.internal.InjectorImpl$1.get (InjectorImpl.java:1101)
    at org.eclipse.sisu.inject.LazyBeanEntry.getValue (LazyBeanEntry.java:83)
    at org.eclipse.sisu.plexus.LazyPlexusBean.getValue (LazyPlexusBean.java:53)
    at org.eclipse.sisu.wire.EntryListAdapter$ValueIterator.next (EntryListAdapter.java:113)
    at java.util.AbstractCollection.addAll (AbstractCollection.java:343)
    at org.apache.maven.DefaultMaven.getProjectScopedExtensionComponents (DefaultMaven.java:358)
    at org.apache.maven.DefaultMaven.getLifecycleParticipants (DefaultMaven.java:338)
    at org.apache.maven.DefaultMaven.doExecute (DefaultMaven.java:220)
    at org.apache.maven.DefaultMaven.doExecute (DefaultMaven.java:173)
    at org.apache.maven.DefaultMaven.execute (DefaultMaven.java:101)
    at org.apache.maven.cli.MavenCli.execute (MavenCli.java:919)
    at org.apache.maven.cli.MavenCli.doMain (MavenCli.java:285)
    at org.apache.maven.cli.MavenCli.main (MavenCli.java:207)
    at sun.reflect.NativeMethodAccessorImpl.invoke0 (Native Method)
    at sun.reflect.NativeMethodAccessorImpl.invoke (NativeMethodAccessorImpl.java:62)
    at sun.reflect.DelegatingMethodAccessorImpl.invoke (DelegatingMethodAccessorImpl.java:43)
    at java.lang.reflect.Method.invoke (Method.java:498)
    at org.codehaus.plexus.classworlds.launcher.Launcher.launchEnhanced (Launcher.java:255)
    at org.codehaus.plexus.classworlds.launcher.Launcher.launch (Launcher.java:201)
    at org.codehaus.plexus.classworlds.launcher.Launcher.mainWithExitCode (Launcher.java:361)
    at org.codehaus.plexus.classworlds.launcher.Launcher.main (Launcher.java:314)
Caused by: java.lang.UnsupportedClassVersionError: org/eclipse/tycho/core/maven/TychoMavenLifecycleParticipant has been compiled by a more recent version of the Java Runtime (class file version 55.0), this version of the Java Runtime only recognizes class file versions up to 52.0
    at java.lang.ClassLoader.defineClass1 (Native Method)
    at java.lang.ClassLoader.defineClass (ClassLoader.java:756)
    at java.security.SecureClassLoader.defineClass (SecureClassLoader.java:142)
    at java.net.URLClassLoader.defineClass (URLClassLoader.java:473)
    at java.net.URLClassLoader.access$100 (URLClassLoader.java:74)
    at java.net.URLClassLoader$1.run (URLClassLoader.java:369)
    at java.net.URLClassLoader$1.run (URLClassLoader.java:363)
    at java.security.AccessController.doPrivileged (Native Method)
    at java.net.URLClassLoader.findClass (URLClassLoader.java:362)
    at org.codehaus.plexus.classworlds.realm.ClassRealm.findClassInternal (ClassRealm.java:256)
    at org.codehaus.plexus.classworlds.realm.ClassRealm.loadClassFromSelf (ClassRealm.java:351)
    at org.codehaus.plexus.classworlds.strategy.SelfFirstStrategy.loadClass (SelfFirstStrategy.java:36)
    at org.codehaus.plexus.classworlds.realm.ClassRealm.unsynchronizedLoadClass (ClassRealm.java:225)
    at org.codehaus.plexus.classworlds.realm.ClassRealm.loadClass (ClassRealm.java:210)
    at org.codehaus.plexus.classworlds.realm.ClassRealm.loadClass (ClassRealm.java:205)
    at org.eclipse.sisu.space.URLClassSpace.loadClass (URLClassSpace.java:141)
    at org.eclipse.sisu.space.NamedClass.load (NamedClass.java:48)
    at org.eclipse.sisu.space.AbstractDeferredClass.get (AbstractDeferredClass.java:50)
    at com.google.inject.internal.ProviderInternalFactory.provision (ProviderInternalFactory.java:86)
    at com.google.inject.internal.InternalFactoryToInitializableAdapter.provision (InternalFactoryToInitializableAdapter.java:57)
    at com.google.inject.internal.ProviderInternalFactory$1.call (ProviderInternalFactory.java:67)
    at com.google.inject.internal.ProvisionListenerStackCallback$Provision.provision (ProvisionListenerStackCallback.java:109)
    at org.eclipse.sisu.bean.BeanScheduler$CycleActivator.onProvision (BeanScheduler.java:232)
    at com.google.inject.internal.ProvisionListenerStackCallback$Provision.provision (ProvisionListenerStackCallback.java:117)
    at com.google.inject.internal.ProvisionListenerStackCallback.provision (ProvisionListenerStackCallback.java:66)
    at com.google.inject.internal.ProviderInternalFactory.circularGet (ProviderInternalFactory.java:62)
    at com.google.inject.internal.InternalFactoryToInitializableAdapter.get (InternalFactoryToInitializableAdapter.java:47)
    at com.google.inject.internal.ProviderToInternalFactoryAdapter.get (ProviderToInternalFactoryAdapter.java:40)
    at com.google.inject.internal.SingletonScope$1.get (SingletonScope.java:169)
    at com.google.inject.internal.InternalFactoryToProviderAdapter.get (InternalFactoryToProviderAdapter.java:45)
    at com.google.inject.internal.InjectorImpl$1.get (InjectorImpl.java:1101)
    at org.eclipse.sisu.inject.LazyBeanEntry.getValue (LazyBeanEntry.java:83)
    at org.eclipse.sisu.plexus.LazyPlexusBean.getValue (LazyPlexusBean.java:53)
    at org.eclipse.sisu.wire.EntryListAdapter$ValueIterator.next (EntryListAdapter.java:113)
    at java.util.AbstractCollection.addAll (AbstractCollection.java:343)
    at org.apache.maven.DefaultMaven.getProjectScopedExtensionComponents (DefaultMaven.java:358)
    at org.apache.maven.DefaultMaven.getLifecycleParticipants (DefaultMaven.java:338)
    at org.apache.maven.DefaultMaven.doExecute (DefaultMaven.java:220)
    at org.apache.maven.DefaultMaven.doExecute (DefaultMaven.java:173)
    at org.apache.maven.DefaultMaven.execute (DefaultMaven.java:101)
    at org.apache.maven.cli.MavenCli.execute (MavenCli.java:919)
    at org.apache.maven.cli.MavenCli.doMain (MavenCli.java:285)
    at org.apache.maven.cli.MavenCli.main (MavenCli.java:207)
    at sun.reflect.NativeMethodAccessorImpl.invoke0 (Native Method)
    at sun.reflect.NativeMethodAccessorImpl.invoke (NativeMethodAccessorImpl.java:62)
    at sun.reflect.DelegatingMethodAccessorImpl.invoke (DelegatingMethodAccessorImpl.java:43)
    at java.lang.reflect.Method.invoke (Method.java:498)
    at org.codehaus.plexus.classworlds.launcher.Launcher.launchEnhanced (Launcher.java:255)
    at org.codehaus.plexus.classworlds.launcher.Launcher.launch (Launcher.java:201)
    at org.codehaus.plexus.classworlds.launcher.Launcher.mainWithExitCode (Launcher.java:361)
    at org.codehaus.plexus.classworlds.launcher.Launcher.main (Launcher.java:314)
[ERROR] Internal error: com.google.inject.ProvisionException: Unable to provision, see the following errors:
[ERROR] 
[ERROR] 1) [Guice/ErrorInCustomProvider]: TypeNotPresentException: Type TychoMavenLifecycleParticipant not present
[ERROR]   at ClassRealm[extension>org.eclipse.tycho:tycho-maven-plugin:2.3.0, parent: Launcher$AppClassLoader@7852e922]
[ERROR]       \_ installed by: WireModule -> PlexusBindingModule
[ERROR]   while locating AbstractMavenLifecycleParticipant annotated with @Named(value=TychoMavenLifecycleListener)
[ERROR] 
[ERROR] Learn more:
[ERROR]   https://github.com/google/guice/wiki/ERROR_IN_CUSTOM_PROVIDER
[ERROR] 
[ERROR] 1 error
[ERROR] 
[ERROR] ======================
[ERROR] Full classname legend:
[ERROR] ======================
[ERROR] AbstractMavenLifecycleParticipant: "org.apache.maven.AbstractMavenLifecycleParticipant"
[ERROR] Launcher$AppClassLoader:           "sun.misc.Launcher$AppClassLoader"
[ERROR] Named:                             "com.google.inject.name.Named"
[ERROR] PlexusBindingModule:               "org.eclipse.sisu.plexus.PlexusBindingModule"
[ERROR] TychoMavenLifecycleParticipant:    "org.eclipse.tycho.core.maven.TychoMavenLifecycleParticipant"
[ERROR] WireModule:                        "org.eclipse.sisu.wire.WireModule"
[ERROR] ========================
[ERROR] End of classname legend:
[ERROR] ========================: Type org.eclipse.tycho.core.maven.TychoMavenLifecycleParticipant not present: org/eclipse/tycho/core/maven/TychoMavenLifecycleParticipant has been compiled by a more recent version of the Java Runtime (class file version 55.0), this version of the Java Runtime only recognizes class file versions up to 52.0
[ERROR] -> [Help 1]
org.apache.maven.InternalErrorException: Internal error: com.google.inject.ProvisionException: Unable to provision, see the following errors:

1) [Guice/ErrorInCustomProvider]: TypeNotPresentException: Type TychoMavenLifecycleParticipant not present
  at ClassRealm[extension>org.eclipse.tycho:tycho-maven-plugin:2.3.0, parent: Launcher$AppClassLoader@7852e922]
      \_ installed by: WireModule -> PlexusBindingModule
  while locating AbstractMavenLifecycleParticipant annotated with @Named(value=TychoMavenLifecycleListener)

Learn more:
  https://github.com/google/guice/wiki/ERROR_IN_CUSTOM_PROVIDER

1 error

======================
Full classname legend:
======================
AbstractMavenLifecycleParticipant: "org.apache.maven.AbstractMavenLifecycleParticipant"
Launcher$AppClassLoader:           "sun.misc.Launcher$AppClassLoader"
Named:                             "com.google.inject.name.Named"
PlexusBindingModule:               "org.eclipse.sisu.plexus.PlexusBindingModule"
TychoMavenLifecycleParticipant:    "org.eclipse.tycho.core.maven.TychoMavenLifecycleParticipant"
WireModule:                        "org.eclipse.sisu.wire.WireModule"
========================
End of classname legend:
========================

    at org.apache.maven.DefaultMaven.execute (DefaultMaven.java:109)
    at org.apache.maven.cli.MavenCli.execute (MavenCli.java:919)
    at org.apache.maven.cli.MavenCli.doMain (MavenCli.java:285)
    at org.apache.maven.cli.MavenCli.main (MavenCli.java:207)
    at sun.reflect.NativeMethodAccessorImpl.invoke0 (Native Method)
    at sun.reflect.NativeMethodAccessorImpl.invoke (NativeMethodAccessorImpl.java:62)
    at sun.reflect.DelegatingMethodAccessorImpl.invoke (DelegatingMethodAccessorImpl.java:43)
    at java.lang.reflect.Method.invoke (Method.java:498)
    at org.codehaus.plexus.classworlds.launcher.Launcher.launchEnhanced (Launcher.java:255)
    at org.codehaus.plexus.classworlds.launcher.Launcher.launch (Launcher.java:201)
    at org.codehaus.plexus.classworlds.launcher.Launcher.mainWithExitCode (Launcher.java:361)
    at org.codehaus.plexus.classworlds.launcher.Launcher.main (Launcher.java:314)
Caused by: com.google.inject.ProvisionException: Unable to provision, see the following errors:

1) [Guice/ErrorInCustomProvider]: TypeNotPresentException: Type TychoMavenLifecycleParticipant not present
  at ClassRealm[extension>org.eclipse.tycho:tycho-maven-plugin:2.3.0, parent: Launcher$AppClassLoader@7852e922]
      \_ installed by: WireModule -> PlexusBindingModule
  while locating AbstractMavenLifecycleParticipant annotated with @Named(value=TychoMavenLifecycleListener)

Learn more:
  https://github.com/google/guice/wiki/ERROR_IN_CUSTOM_PROVIDER

1 error

======================
Full classname legend:
======================
AbstractMavenLifecycleParticipant: "org.apache.maven.AbstractMavenLifecycleParticipant"
Launcher$AppClassLoader:           "sun.misc.Launcher$AppClassLoader"
Named:                             "com.google.inject.name.Named"
PlexusBindingModule:               "org.eclipse.sisu.plexus.PlexusBindingModule"
TychoMavenLifecycleParticipant:    "org.eclipse.tycho.core.maven.TychoMavenLifecycleParticipant"
WireModule:                        "org.eclipse.sisu.wire.WireModule"
========================
End of classname legend:
========================

    at com.google.inject.internal.InternalProvisionException.toProvisionException (InternalProvisionException.java:251)
    at com.google.inject.internal.InjectorImpl$1.get (InjectorImpl.java:1104)
    at org.eclipse.sisu.inject.LazyBeanEntry.getValue (LazyBeanEntry.java:83)
    at org.eclipse.sisu.plexus.LazyPlexusBean.getValue (LazyPlexusBean.java:53)
    at org.eclipse.sisu.wire.EntryListAdapter$ValueIterator.next (EntryListAdapter.java:113)
    at java.util.AbstractCollection.addAll (AbstractCollection.java:343)
    at org.apache.maven.DefaultMaven.getProjectScopedExtensionComponents (DefaultMaven.java:358)
    at org.apache.maven.DefaultMaven.getLifecycleParticipants (DefaultMaven.java:338)
    at org.apache.maven.DefaultMaven.doExecute (DefaultMaven.java:220)
    at org.apache.maven.DefaultMaven.doExecute (DefaultMaven.java:173)
    at org.apache.maven.DefaultMaven.execute (DefaultMaven.java:101)
    at org.apache.maven.cli.MavenCli.execute (MavenCli.java:919)
    at org.apache.maven.cli.MavenCli.doMain (MavenCli.java:285)
    at org.apache.maven.cli.MavenCli.main (MavenCli.java:207)
    at sun.reflect.NativeMethodAccessorImpl.invoke0 (Native Method)
    at sun.reflect.NativeMethodAccessorImpl.invoke (NativeMethodAccessorImpl.java:62)
    at sun.reflect.DelegatingMethodAccessorImpl.invoke (DelegatingMethodAccessorImpl.java:43)
    at java.lang.reflect.Method.invoke (Method.java:498)
    at org.codehaus.plexus.classworlds.launcher.Launcher.launchEnhanced (Launcher.java:255)
    at org.codehaus.plexus.classworlds.launcher.Launcher.launch (Launcher.java:201)
    at org.codehaus.plexus.classworlds.launcher.Launcher.mainWithExitCode (Launcher.java:361)
    at org.codehaus.plexus.classworlds.launcher.Launcher.main (Launcher.java:314)
Caused by: java.lang.TypeNotPresentException: Type org.eclipse.tycho.core.maven.TychoMavenLifecycleParticipant not present
    at org.eclipse.sisu.space.URLClassSpace.loadClass (URLClassSpace.java:149)
    at org.eclipse.sisu.space.NamedClass.load (NamedClass.java:48)
    at org.eclipse.sisu.space.AbstractDeferredClass.get (AbstractDeferredClass.java:50)
    at com.google.inject.internal.ProviderInternalFactory.provision (ProviderInternalFactory.java:86)
    at com.google.inject.internal.InternalFactoryToInitializableAdapter.provision (InternalFactoryToInitializableAdapter.java:57)
    at com.google.inject.internal.ProviderInternalFactory$1.call (ProviderInternalFactory.java:67)
    at com.google.inject.internal.ProvisionListenerStackCallback$Provision.provision (ProvisionListenerStackCallback.java:109)
    at org.eclipse.sisu.bean.BeanScheduler$CycleActivator.onProvision (BeanScheduler.java:232)
    at com.google.inject.internal.ProvisionListenerStackCallback$Provision.provision (ProvisionListenerStackCallback.java:117)
    at com.google.inject.internal.ProvisionListenerStackCallback.provision (ProvisionListenerStackCallback.java:66)
    at com.google.inject.internal.ProviderInternalFactory.circularGet (ProviderInternalFactory.java:62)
    at com.google.inject.internal.InternalFactoryToInitializableAdapter.get (InternalFactoryToInitializableAdapter.java:47)
    at com.google.inject.internal.ProviderToInternalFactoryAdapter.get (ProviderToInternalFactoryAdapter.java:40)
    at com.google.inject.internal.SingletonScope$1.get (SingletonScope.java:169)
    at com.google.inject.internal.InternalFactoryToProviderAdapter.get (InternalFactoryToProviderAdapter.java:45)
    at com.google.inject.internal.InjectorImpl$1.get (InjectorImpl.java:1101)
    at org.eclipse.sisu.inject.LazyBeanEntry.getValue (LazyBeanEntry.java:83)
    at org.eclipse.sisu.plexus.LazyPlexusBean.getValue (LazyPlexusBean.java:53)
    at org.eclipse.sisu.wire.EntryListAdapter$ValueIterator.next (EntryListAdapter.java:113)
    at java.util.AbstractCollection.addAll (AbstractCollection.java:343)
    at org.apache.maven.DefaultMaven.getProjectScopedExtensionComponents (DefaultMaven.java:358)
    at org.apache.maven.DefaultMaven.getLifecycleParticipants (DefaultMaven.java:338)
    at org.apache.maven.DefaultMaven.doExecute (DefaultMaven.java:220)
    at org.apache.maven.DefaultMaven.doExecute (DefaultMaven.java:173)
    at org.apache.maven.DefaultMaven.execute (DefaultMaven.java:101)
    at org.apache.maven.cli.MavenCli.execute (MavenCli.java:919)
    at org.apache.maven.cli.MavenCli.doMain (MavenCli.java:285)
    at org.apache.maven.cli.MavenCli.main (MavenCli.java:207)
    at sun.reflect.NativeMethodAccessorImpl.invoke0 (Native Method)
    at sun.reflect.NativeMethodAccessorImpl.invoke (NativeMethodAccessorImpl.java:62)
    at sun.reflect.DelegatingMethodAccessorImpl.invoke (DelegatingMethodAccessorImpl.java:43)
    at java.lang.reflect.Method.invoke (Method.java:498)
    at org.codehaus.plexus.classworlds.launcher.Launcher.launchEnhanced (Launcher.java:255)
    at org.codehaus.plexus.classworlds.launcher.Launcher.launch (Launcher.java:201)
    at org.codehaus.plexus.classworlds.launcher.Launcher.mainWithExitCode (Launcher.java:361)
    at org.codehaus.plexus.classworlds.launcher.Launcher.main (Launcher.java:314)
Caused by: java.lang.UnsupportedClassVersionError: org/eclipse/tycho/core/maven/TychoMavenLifecycleParticipant has been compiled by a more recent version of the Java Runtime (class file version 55.0), this version of the Java Runtime only recognizes class file versions up to 52.0
    at java.lang.ClassLoader.defineClass1 (Native Method)
    at java.lang.ClassLoader.defineClass (ClassLoader.java:756)
    at java.security.SecureClassLoader.defineClass (SecureClassLoader.java:142)
    at java.net.URLClassLoader.defineClass (URLClassLoader.java:473)
    at java.net.URLClassLoader.access$100 (URLClassLoader.java:74)
    at java.net.URLClassLoader$1.run (URLClassLoader.java:369)
    at java.net.URLClassLoader$1.run (URLClassLoader.java:363)
    at java.security.AccessController.doPrivileged (Native Method)
    at java.net.URLClassLoader.findClass (URLClassLoader.java:362)
    at org.codehaus.plexus.classworlds.realm.ClassRealm.findClassInternal (ClassRealm.java:256)
    at org.codehaus.plexus.classworlds.realm.ClassRealm.loadClassFromSelf (ClassRealm.java:351)
    at org.codehaus.plexus.classworlds.strategy.SelfFirstStrategy.loadClass (SelfFirstStrategy.java:36)
    at org.codehaus.plexus.classworlds.realm.ClassRealm.unsynchronizedLoadClass (ClassRealm.java:225)
    at org.codehaus.plexus.classworlds.realm.ClassRealm.loadClass (ClassRealm.java:210)
    at org.codehaus.plexus.classworlds.realm.ClassRealm.loadClass (ClassRealm.java:205)
    at org.eclipse.sisu.space.URLClassSpace.loadClass (URLClassSpace.java:141)
    at org.eclipse.sisu.space.NamedClass.load (NamedClass.java:48)
    at org.eclipse.sisu.space.AbstractDeferredClass.get (AbstractDeferredClass.java:50)
    at com.google.inject.internal.ProviderInternalFactory.provision (ProviderInternalFactory.java:86)
    at com.google.inject.internal.InternalFactoryToInitializableAdapter.provision (InternalFactoryToInitializableAdapter.java:57)
    at com.google.inject.internal.ProviderInternalFactory$1.call (ProviderInternalFactory.java:67)
    at com.google.inject.internal.ProvisionListenerStackCallback$Provision.provision (ProvisionListenerStackCallback.java:109)
    at org.eclipse.sisu.bean.BeanScheduler$CycleActivator.onProvision (BeanScheduler.java:232)
    at com.google.inject.internal.ProvisionListenerStackCallback$Provision.provision (ProvisionListenerStackCallback.java:117)
    at com.google.inject.internal.ProvisionListenerStackCallback.provision (ProvisionListenerStackCallback.java:66)
    at com.google.inject.internal.ProviderInternalFactory.circularGet (ProviderInternalFactory.java:62)
    at com.google.inject.internal.InternalFactoryToInitializableAdapter.get (InternalFactoryToInitializableAdapter.java:47)
    at com.google.inject.internal.ProviderToInternalFactoryAdapter.get (ProviderToInternalFactoryAdapter.java:40)
    at com.google.inject.internal.SingletonScope$1.get (SingletonScope.java:169)
    at com.google.inject.internal.InternalFactoryToProviderAdapter.get (InternalFactoryToProviderAdapter.java:45)
    at com.google.inject.internal.InjectorImpl$1.get (InjectorImpl.java:1101)
    at org.eclipse.sisu.inject.LazyBeanEntry.getValue (LazyBeanEntry.java:83)
    at org.eclipse.sisu.plexus.LazyPlexusBean.getValue (LazyPlexusBean.java:53)
    at org.eclipse.sisu.wire.EntryListAdapter$ValueIterator.next (EntryListAdapter.java:113)
    at java.util.AbstractCollection.addAll (AbstractCollection.java:343)
    at org.apache.maven.DefaultMaven.getProjectScopedExtensionComponents (DefaultMaven.java:358)
    at org.apache.maven.DefaultMaven.getLifecycleParticipants (DefaultMaven.java:338)
    at org.apache.maven.DefaultMaven.doExecute (DefaultMaven.java:220)
    at org.apache.maven.DefaultMaven.doExecute (DefaultMaven.java:173)
    at org.apache.maven.DefaultMaven.execute (DefaultMaven.java:101)
    at org.apache.maven.cli.MavenCli.execute (MavenCli.java:919)
    at org.apache.maven.cli.MavenCli.doMain (MavenCli.java:285)
    at org.apache.maven.cli.MavenCli.main (MavenCli.java:207)
    at sun.reflect.NativeMethodAccessorImpl.invoke0 (Native Method)
    at sun.reflect.NativeMethodAccessorImpl.invoke (NativeMethodAccessorImpl.java:62)
    at sun.reflect.DelegatingMethodAccessorImpl.invoke (DelegatingMethodAccessorImpl.java:43)
    at java.lang.reflect.Method.invoke (Method.java:498)
    at org.codehaus.plexus.classworlds.launcher.Launcher.launchEnhanced (Launcher.java:255)
    at org.codehaus.plexus.classworlds.launcher.Launcher.launch (Launcher.java:201)
    at org.codehaus.plexus.classworlds.launcher.Launcher.mainWithExitCode (Launcher.java:361)
    at org.codehaus.plexus.classworlds.launcher.Launcher.main (Launcher.java:314)
[ERROR] 
[ERROR] To see the full stack trace of the errors, re-run Maven with the -e switch.
[ERROR] Re-run Maven using the -X switch to enable full debug logging.
[ERROR] 
[ERROR] For more information about the errors and possible solutions, please read the following articles:
[ERROR] [Help 1] http://cwiki.apache.org/confluence/display/MAVEN/InternalErrorException

STDERR:
