COMMAND: mvn.cmd -s D:\Khedma\Mr wiem\mutation-test-pipeline\.mvn\settings.xml -DskipTests compile

STDOUT:
[INFO] Scanning for projects...
Downloading from central: https://repo1.maven.org/maven2/org/apache/directory/project/project/48/project-48.pom
Progress (1): 765 B
Progress (1): 1.7 kB
Progress (1): 3.3 kB
Progress (1): 9.3 kB
Progress (1): 14 kB 
Progress (1): 21 kB
Progress (1): 25 kB
Progress (1): 26 kB
Progress (1): 32 kB
Progress (1): 36 kB
Progress (1): 38 kB
Progress (1): 39 kB
                   
Downloaded from central: https://repo1.maven.org/maven2/org/apache/directory/project/project/48/project-48.pom (39 kB at 121 kB/s)
Downloading from central: https://repo1.maven.org/maven2/org/apache/apache/30/apache-30.pom
Progress (1): 743 B
Progress (1): 1.6 kB
Progress (1): 3.4 kB
Progress (1): 5.4 kB
Progress (1): 7.4 kB
Progress (1): 13 kB 
Progress (1): 18 kB
Progress (1): 20 kB
Progress (1): 22 kB
Progress (1): 23 kB
                   
Downloaded from central: https://repo1.maven.org/maven2/org/apache/apache/30/apache-30.pom (23 kB at 423 kB/s)
Downloading from central: https://repo1.maven.org/maven2/org/apache/felix/maven-bundle-plugin/5.1.9/maven-bundle-plugin-5.1.9.pom
Progress (1): 783 B
Progress (1): 1.6 kB
Progress (1): 3.6 kB
Progress (1): 6.0 kB
Progress (1): 9.3 kB
Progress (1): 11 kB 
                   
Downloaded from central: https://repo1.maven.org/maven2/org/apache/felix/maven-bundle-plugin/5.1.9/maven-bundle-plugin-5.1.9.pom (11 kB at 138 kB/s)
Downloading from central: https://repo1.maven.org/maven2/org/apache/felix/felix-parent/7/felix-parent-7.pom
Progress (1): 778 B
Progress (1): 1.7 kB
Progress (1): 3.5 kB
Progress (1): 7.6 kB
Progress (1): 10 kB 
Progress (1): 13 kB
Progress (1): 21 kB
Progress (1): 21 kB
                   
Downloaded from central: https://repo1.maven.org/maven2/org/apache/felix/felix-parent/7/felix-parent-7.pom (21 kB at 391 kB/s)
Downloading from central: https://repo1.maven.org/maven2/org/slf4j/slf4j-api/1.7.25/slf4j-api-1.7.25.pom
Progress (1): 1.0 kB
Progress (1): 2.9 kB
Progress (1): 3.8 kB
                    
Downloaded from central: https://repo1.maven.org/maven2/org/slf4j/slf4j-api/1.7.25/slf4j-api-1.7.25.pom (3.8 kB at 87 kB/s)
Downloading from central: https://repo1.maven.org/maven2/org/slf4j/slf4j-parent/1.7.25/slf4j-parent-1.7.25.pom
Progress (1): 1.0 kB
Progress (1): 2.5 kB
Progress (1): 5.3 kB
Progress (1): 8.1 kB
Progress (1): 10 kB 
Progress (1): 13 kB
Progress (1): 14 kB
                   
Downloaded from central: https://repo1.maven.org/maven2/org/slf4j/slf4j-parent/1.7.25/slf4j-parent-1.7.25.pom (14 kB at 287 kB/s)
Downloading from central: https://repo1.maven.org/maven2/org/apache/felix/org.apache.felix.bundlerepository/1.6.6/org.apache.felix.bundlerepository-1.6.6.pom
Progress (1): 804 B
Progress (1): 2.0 kB
Progress (1): 4.8 kB
Progress (1): 5.9 kB
                    
Downloaded from central: https://repo1.maven.org/maven2/org/apache/felix/org.apache.felix.bundlerepository/1.6.6/org.apache.felix.bundlerepository-1.6.6.pom (5.9 kB at 131 kB/s)
Downloading from central: https://repo1.maven.org/maven2/org/apache/felix/felix-parent/2.1/felix-parent-2.1.pom
Progress (1): 797 B
Progress (1): 1.8 kB
Progress (1): 4.3 kB
Progress (1): 8.0 kB
Progress (1): 9.7 kB
                    
Downloaded from central: https://repo1.maven.org/maven2/org/apache/felix/felix-parent/2.1/felix-parent-2.1.pom (9.7 kB at 201 kB/s)
Downloading from central: https://repo1.maven.org/maven2/org/apache/felix/org.apache.felix.utils/1.6.0/org.apache.felix.utils-1.6.0.pom
Progress (1): 829 B
Progress (1): 2.1 kB
Progress (1): 3.3 kB
                    
Downloaded from central: https://repo1.maven.org/maven2/org/apache/felix/org.apache.felix.utils/1.6.0/org.apache.felix.utils-1.6.0.pom (3.3 kB at 40 kB/s)
Downloading from central: https://repo1.maven.org/maven2/org/apache/maven/reporting/maven-reporting-api/3.0/maven-reporting-api-3.0.pom
Progress (1): 816 B
Progress (1): 1.8 kB
Progress (1): 2.4 kB
                    
Downloaded from central: https://repo1.maven.org/maven2/org/apache/maven/reporting/maven-reporting-api/3.0/maven-reporting-api-3.0.pom (2.4 kB at 50 kB/s)
Downloading from central: https://repo1.maven.org/maven2/org/apache/maven/shared/maven-shared-components/15/maven-shared-components-15.pom
Progress (1): 770 B
Progress (1): 1.8 kB
Progress (1): 6.0 kB
Progress (1): 8.3 kB
Progress (1): 9.3 kB
                    
Downloaded from central: https://repo1.maven.org/maven2/org/apache/maven/shared/maven-shared-components/15/maven-shared-components-15.pom (9.3 kB at 180 kB/s)
Downloading from central: https://repo1.maven.org/maven2/org/apache/maven/doxia/doxia-sink-api/1.0/doxia-sink-api-1.0.pom
Progress (1): 835 B
Progress (1): 1.4 kB
                    
Downloaded from central: https://repo1.maven.org/maven2/org/apache/maven/doxia/doxia-sink-api/1.0/doxia-sink-api-1.0.pom (1.4 kB at 24 kB/s)
Downloading from central: https://repo1.maven.org/maven2/org/apache/maven/doxia/doxia/1.0/doxia-1.0.pom
Progress (1): 762 B
Progress (1): 1.7 kB
Progress (1): 4.9 kB
Progress (1): 7.8 kB
Progress (1): 9.6 kB
                    
Downloaded from central: https://repo1.maven.org/maven2/org/apache/maven/doxia/doxia/1.0/doxia-1.0.pom (9.6 kB at 185 kB/s)
Downloading from central: https://repo1.maven.org/maven2/org/apache/maven/maven-parent/10/maven-parent-10.pom
Progress (1): 736 B
Progress (1): 1.9 kB
Progress (1): 6.2 kB
Progress (1): 11 kB 
Progress (1): 14 kB
Progress (1): 16 kB
Progress (1): 22 kB
Progress (1): 23 kB
Progress (1): 27 kB
Progress (1): 31 kB
Progress (1): 32 kB
                   
Downloaded from central: https://repo1.maven.org/maven2/org/apache/maven/maven-parent/10/maven-parent-10.pom (32 kB at 659 kB/s)
Downloading from central: https://repo1.maven.org/maven2/org/apache/maven/maven-archiver/3.5.2/maven-archiver-3.5.2.pom
Progress (1): 796 B
Progress (1): 2.2 kB
Progress (1): 4.9 kB
Progress (1): 5.5 kB
                    
Downloaded from central: https://repo1.maven.org/maven2/org/apache/maven/maven-archiver/3.5.2/maven-archiver-3.5.2.pom (5.5 kB at 73 kB/s)
Downloading from central: https://repo1.maven.org/maven2/org/apache/maven/shared/maven-shared-components/34/maven-shared-components-34.pom
Progress (1): 781 B
Progress (1): 2.3 kB
Progress (1): 4.6 kB
Progress (1): 5.1 kB
                    
Downloaded from central: https://repo1.maven.org/maven2/org/apache/maven/shared/maven-shared-components/34/maven-shared-components-34.pom (5.1 kB at 104 kB/s)
Downloading from central: https://repo1.maven.org/maven2/org/apache/maven/maven-artifact/3.1.1/maven-artifact-3.1.1.pom
Progress (1): 845 B
Progress (1): 2.0 kB
                    
Downloaded from central: https://repo1.maven.org/maven2/org/apache/maven/maven-artifact/3.1.1/maven-artifact-3.1.1.pom (2.0 kB at 39 kB/s)
Downloading from central: https://repo1.maven.org/maven2/org/apache/maven/maven/3.1.1/maven-3.1.1.pom
Progress (1): 770 B
Progress (1): 1.9 kB
Progress (1): 3.7 kB
Progress (1): 7.6 kB
Progress (1): 13 kB 
Progress (1): 16 kB
Progress (1): 19 kB
Progress (1): 20 kB
Progress (1): 22 kB
                   
Downloaded from central: https://repo1.maven.org/maven2/org/apache/maven/maven/3.1.1/maven-3.1.1.pom (22 kB at 433 kB/s)
Downloading from central: https://repo1.maven.org/maven2/org/codehaus/plexus/plexus-utils/3.0.15/plexus-utils-3.0.15.pom
Progress (1): 817 B
Progress (1): 2.3 kB
Progress (1): 3.1 kB
                    
Downloaded from central: https://repo1.maven.org/maven2/org/codehaus/plexus/plexus-utils/3.0.15/plexus-utils-3.0.15.pom (3.1 kB at 67 kB/s)
Downloading from central: https://repo1.maven.org/maven2/org/codehaus/plexus/plexus/3.3.1/plexus-3.3.1.pom
Progress (1): 707 B
Progress (1): 2.6 kB
Progress (1): 6.1 kB
Progress (1): 8.6 kB
Progress (1): 11 kB 
Progress (1): 16 kB
Progress (1): 20 kB
Progress (1): 20 kB
                   
Downloaded from central: https://repo1.maven.org/maven2/org/codehaus/plexus/plexus/3.3.1/plexus-3.3.1.pom (20 kB at 426 kB/s)
Downloading from central: https://repo1.maven.org/maven2/org/sonatype/spice/spice-parent/17/spice-parent-17.pom
Progress (1): 1.2 kB
Progress (1): 3.4 kB
Progress (1): 6.7 kB
Progress (1): 6.8 kB
                    
Downloaded from central: https://repo1.maven.org/maven2/org/sonatype/spice/spice-parent/17/spice-parent-17.pom (6.8 kB at 121 kB/s)
Downloading from central: https://repo1.maven.org/maven2/org/apache/maven/maven-model/3.1.1/maven-model-3.1.1.pom
Progress (1): 809 B
Progress (1): 2.3 kB
Progress (1): 4.1 kB
                    
Downloaded from central: https://repo1.maven.org/maven2/org/apache/maven/maven-model/3.1.1/maven-model-3.1.1.pom (4.1 kB at 85 kB/s)
Downloading from central: https://repo1.maven.org/maven2/org/apache/maven/maven-core/3.1.1/maven-core-3.1.1.pom
Progress (1): 795 B
Progress (1): 3.6 kB
Progress (1): 5.8 kB
Progress (1): 7.3 kB
                    
Downloaded from central: https://repo1.maven.org/maven2/org/apache/maven/maven-core/3.1.1/maven-core-3.1.1.pom (7.3 kB at 145 kB/s)
Downloading from central: https://repo1.maven.org/maven2/org/apache/maven/maven-settings/3.1.1/maven-settings-3.1.1.pom
Progress (1): 830 B
Progress (1): 2.2 kB
                    
Downloaded from central: https://repo1.maven.org/maven2/org/apache/maven/maven-settings/3.1.1/maven-settings-3.1.1.pom (2.2 kB at 43 kB/s)
Downloading from central: https://repo1.maven.org/maven2/org/apache/maven/maven-settings-builder/3.1.1/maven-settings-builder-3.1.1.pom
Progress (1): 823 B
Progress (1): 2.6 kB
                    
Downloaded from central: https://repo1.maven.org/maven2/org/apache/maven/maven-settings-builder/3.1.1/maven-settings-builder-3.1.1.pom (2.6 kB at 54 kB/s)
Downloading from central: https://repo1.maven.org/maven2/org/codehaus/plexus/plexus-interpolation/1.19/plexus-interpolation-1.19.pom
Progress (1): 1.0 kB
                    
Downloaded from central: https://repo1.maven.org/maven2/org/codehaus/plexus/plexus-interpolation/1.19/plexus-interpolation-1.19.pom (1.0 kB at 21 kB/s)
Downloading from central: https://repo1.maven.org/maven2/org/codehaus/plexus/plexus-components/1.3.1/plexus-components-1.3.1.pom
Progress (1): 1.3 kB
Progress (1): 3.1 kB
                    
Downloaded from central: https://repo1.maven.org/maven2/org/codehaus/plexus/plexus-components/1.3.1/plexus-components-1.3.1.pom (3.1 kB at 73 kB/s)
Downloading from central: https://repo1.maven.org/maven2/org/codehaus/plexus/plexus-component-annotations/1.5.5/plexus-component-annotations-1.5.5.pom
Progress (1): 815 B
                   
Downloaded from central: https://repo1.maven.org/maven2/org/codehaus/plexus/plexus-component-annotations/1.5.5/plexus-component-annotations-1.5.5.pom (815 B at 18 kB/s)
Downloading from central: https://repo1.maven.org/maven2/org/codehaus/plexus/plexus-containers/1.5.5/plexus-containers-1.5.5.pom
Progress (1): 1.3 kB
Progress (1): 4.2 kB
                    
Downloaded from central: https://repo1.maven.org/maven2/org/codehaus/plexus/plexus-containers/1.5.5/plexus-containers-1.5.5.pom (4.2 kB at 94 kB/s)
Downloading from central: https://repo1.maven.org/maven2/org/codehaus/plexus/plexus/2.0.7/plexus-2.0.7.pom
Progress (1): 711 B
Progress (1): 2.8 kB
Progress (1): 6.4 kB
Progress (1): 9.1 kB
Progress (1): 13 kB 
Progress (1): 17 kB
                   
Downloaded from central: https://repo1.maven.org/maven2/org/codehaus/plexus/plexus/2.0.7/plexus-2.0.7.pom (17 kB at 314 kB/s)
Downloading from central: https://repo1.maven.org/maven2/org/sonatype/plexus/plexus-sec-dispatcher/1.3/plexus-sec-dispatcher-1.3.pom
Progress (1): 1.3 kB
Progress (1): 3.0 kB
                    
Downloaded from central: https://repo1.maven.org/maven2/org/sonatype/plexus/plexus-sec-dispatcher/1.3/plexus-sec-dispatcher-1.3.pom (3.0 kB at 66 kB/s)
Downloading from central: https://repo1.maven.org/maven2/org/sonatype/spice/spice-parent/12/spice-parent-12.pom
Progress (1): 1.2 kB
Progress (1): 4.2 kB
Progress (1): 6.8 kB
                    
Downloaded from central: https://repo1.maven.org/maven2/org/sonatype/spice/spice-parent/12/spice-parent-12.pom (6.8 kB at 145 kB/s)
Downloading from central: https://repo1.maven.org/maven2/org/sonatype/plexus/plexus-cipher/1.4/plexus-cipher-1.4.pom
Progress (1): 1.4 kB
Progress (1): 2.1 kB
                    
Downloaded from central: https://repo1.maven.org/maven2/org/sonatype/plexus/plexus-cipher/1.4/plexus-cipher-1.4.pom (2.1 kB at 47 kB/s)
Downloading from central: https://repo1.maven.org/maven2/org/apache/maven/maven-repository-metadata/3.1.1/maven-repository-metadata-3.1.1.pom
Progress (1): 823 B
Progress (1): 2.2 kB
                    
Downloaded from central: https://repo1.maven.org/maven2/org/apache/maven/maven-repository-metadata/3.1.1/maven-repository-metadata-3.1.1.pom (2.2 kB at 46 kB/s)
Downloading from central: https://repo1.maven.org/maven2/org/apache/maven/maven-plugin-api/3.1.1/maven-plugin-api-3.1.1.pom
Progress (1): 816 B
Progress (1): 2.5 kB
Progress (1): 3.4 kB
                    
Downloaded from central: https://repo1.maven.org/maven2/org/apache/maven/maven-plugin-api/3.1.1/maven-plugin-api-3.1.1.pom (3.4 kB at 58 kB/s)
Downloading from central: https://repo1.maven.org/maven2/javax/enterprise/cdi-api/1.0/cdi-api-1.0.pom
Progress (1): 1.4 kB
                    
Downloaded from central: https://repo1.maven.org/maven2/javax/enterprise/cdi-api/1.0/cdi-api-1.0.pom (1.4 kB at 23 kB/s)
Downloading from central: https://repo1.maven.org/maven2/org/jboss/weld/weld-api-parent/1.0/weld-api-parent-1.0.pom
Progress (1): 1.1 kB
Progress (1): 2.4 kB
                    
Downloaded from central: https://repo1.maven.org/maven2/org/jboss/weld/weld-api-parent/1.0/weld-api-parent-1.0.pom (2.4 kB at 44 kB/s)
Downloading from central: https://repo1.maven.org/maven2/org/jboss/weld/weld-api-bom/1.0/weld-api-bom-1.0.pom
Progress (1): 987 B
Progress (1): 3.4 kB
Progress (1): 7.9 kB
Progress (1): 7.9 kB
                    
Downloaded from central: https://repo1.maven.org/maven2/org/jboss/weld/weld-api-bom/1.0/weld-api-bom-1.0.pom (7.9 kB at 168 kB/s)
Downloading from central: https://repo1.maven.org/maven2/org/jboss/weld/weld-parent/6/weld-parent-6.pom
Progress (1): 1.1 kB
Progress (1): 3.6 kB
Progress (1): 7.1 kB
Progress (1): 13 kB 
Progress (1): 17 kB
Progress (1): 20 kB
Progress (1): 21 kB
                   
Downloaded from central: https://repo1.maven.org/maven2/org/jboss/weld/weld-parent/6/weld-parent-6.pom (21 kB at 287 kB/s)
Downloading from central: https://repo1.maven.org/maven2/com/google/guava/guava/10.0.1/guava-10.0.1.pom
Progress (1): 898 B
Progress (1): 3.2 kB
Progress (1): 5.4 kB
                    
Downloaded from central: https://repo1.maven.org/maven2/com/google/guava/guava/10.0.1/guava-10.0.1.pom (5.4 kB at 100 kB/s)
Downloading from central: https://repo1.maven.org/maven2/com/google/guava/guava-parent/10.0.1/guava-parent-10.0.1.pom
Progress (1): 1.1 kB
Progress (1): 2.0 kB
                    
Downloaded from central: https://repo1.maven.org/maven2/com/google/guava/guava-parent/10.0.1/guava-parent-10.0.1.pom (2.0 kB at 31 kB/s)
Downloading from central: https://repo1.maven.org/maven2/org/codehaus/plexus/plexus-classworlds/2.4/plexus-classworlds-2.4.pom
Progress (1): 949 B
Progress (1): 2.9 kB
Progress (1): 3.9 kB
                    
Downloaded from central: https://repo1.maven.org/maven2/org/codehaus/plexus/plexus-classworlds/2.4/plexus-classworlds-2.4.pom (3.9 kB at 66 kB/s)
Downloading from central: https://repo1.maven.org/maven2/org/codehaus/plexus/plexus-utils/2.1/plexus-utils-2.1.pom
Progress (1): 810 B
Progress (1): 2.3 kB
Progress (1): 4.0 kB
                    
Downloaded from central: https://repo1.maven.org/maven2/org/codehaus/plexus/plexus-utils/2.1/plexus-utils-2.1.pom (4.0 kB at 60 kB/s)
Downloading from central: https://repo1.maven.org/maven2/org/sonatype/spice/spice-parent/16/spice-parent-16.pom
Progress (1): 1.2 kB
Progress (1): 3.7 kB
Progress (1): 7.3 kB
Progress (1): 8.4 kB
                    
Downloaded from central: https://repo1.maven.org/maven2/org/sonatype/spice/spice-parent/16/spice-parent-16.pom (8.4 kB at 178 kB/s)
Downloading from central: https://repo1.maven.org/maven2/org/apache/maven/maven-model-builder/3.1.1/maven-model-builder-3.1.1.pom
Progress (1): 838 B
Progress (1): 2.7 kB
Progress (1): 2.8 kB
                    
Downloaded from central: https://repo1.maven.org/maven2/org/apache/maven/maven-model-builder/3.1.1/maven-model-builder-3.1.1.pom (2.8 kB at 55 kB/s)
Downloading from central: https://repo1.maven.org/maven2/org/apache/maven/maven-aether-provider/3.1.1/maven-aether-provider-3.1.1.pom
Progress (1): 813 B
Progress (1): 3.0 kB
Progress (1): 4.1 kB
                    
Downloaded from central: https://repo1.maven.org/maven2/org/apache/maven/maven-aether-provider/3.1.1/maven-aether-provider-3.1.1.pom (4.1 kB at 82 kB/s)
Downloading from central: https://repo1.maven.org/maven2/org/codehaus/plexus/plexus-classworlds/2.5.1/plexus-classworlds-2.5.1.pom
Progress (1): 931 B
Progress (1): 3.0 kB
Progress (1): 5.0 kB
                    
Downloaded from central: https://repo1.maven.org/maven2/org/codehaus/plexus/plexus-classworlds/2.5.1/plexus-classworlds-2.5.1.pom (5.0 kB at 74 kB/s)
Downloading from central: https://repo1.maven.org/maven2/org/apache/maven/shared/maven-shared-utils/3.3.3/maven-shared-utils-3.3.3.pom
Progress (1): 807 B
Progress (1): 2.3 kB
Progress (1): 4.7 kB
Progress (1): 5.8 kB
                    
Downloaded from central: https://repo1.maven.org/maven2/org/apache/maven/shared/maven-shared-utils/3.3.3/maven-shared-utils-3.3.3.pom (5.8 kB at 52 kB/s)
Downloading from central: https://repo1.maven.org/maven2/org/apache/commons/commons-parent/42/commons-parent-42.pom
Progress (1): 707 B
Progress (1): 1.9 kB
Progress (1): 3.1 kB
Progress (1): 4.5 kB
Progress (1): 5.9 kB
Progress (1): 7.5 kB
Progress (1): 11 kB 
Progress (1): 14 kB
Progress (1): 17 kB
Progress (1): 21 kB
Progress (1): 24 kB
Progress (1): 26 kB
Progress (1): 29 kB
Progress (1): 31 kB
Progress (1): 34 kB
Progress (1): 34 kB
Progress (1): 37 kB
Progress (1): 40 kB
Progress (1): 44 kB
Progress (1): 49 kB
Progress (1): 53 kB
Progress (1): 55 kB
Progress (1): 59 kB
Progress (1): 60 kB
Progress (1): 62 kB
Progress (1): 65 kB
Progress (1): 66 kB
Progress (1): 68 kB
                   
Downloaded from central: https://repo1.maven.org/maven2/org/apache/commons/commons-parent/42/commons-parent-42.pom (68 kB at 971 kB/s)
Downloading from central: https://repo1.maven.org/maven2/org/apache/apache/18/apache-18.pom
Progress (1): 748 B
Progress (1): 2.1 kB
Progress (1): 3.9 kB
Progress (1): 8.0 kB
Progress (1): 12 kB 
Progress (1): 15 kB
Progress (1): 16 kB
                   
Downloaded from central: https://repo1.maven.org/maven2/org/apache/apache/18/apache-18.pom (16 kB at 241 kB/s)
Downloading from central: https://repo1.maven.org/maven2/org/apache/commons/commons-compress/1.20/commons-compress-1.20.pom
Progress (1): 765 B
Progress (1): 1.9 kB
Progress (1): 3.5 kB
Progress (1): 6.7 kB
Progress (1): 9.2 kB
Progress (1): 12 kB 
Progress (1): 15 kB
Progress (1): 18 kB
                   
Downloaded from central: https://repo1.maven.org/maven2/org/apache/commons/commons-compress/1.20/commons-compress-1.20.pom (18 kB at 250 kB/s)
Downloading from central: https://repo1.maven.org/maven2/org/codehaus/plexus/plexus-archiver/4.2.7/plexus-archiver-4.2.7.pom
Progress (1): 1.3 kB
Progress (1): 3.7 kB
Progress (1): 4.9 kB
                    
Downloaded from central: https://repo1.maven.org/maven2/org/codehaus/plexus/plexus-archiver/4.2.7/plexus-archiver-4.2.7.pom (4.9 kB at 78 kB/s)
Downloading from central: https://repo1.maven.org/maven2/org/codehaus/plexus/plexus/8/plexus-8.pom
Progress (1): 696 B
Progress (1): 2.7 kB
Progress (1): 6.4 kB
Progress (1): 9.2 kB
Progress (1): 11 kB 
Progress (1): 15 kB
Progress (1): 20 kB
Progress (1): 24 kB
Progress (1): 25 kB
                   
Downloaded from central: https://repo1.maven.org/maven2/org/codehaus/plexus/plexus/8/plexus-8.pom (25 kB at 398 kB/s)
Downloading from central: https://repo1.maven.org/maven2/org/codehaus/plexus/plexus-utils/3.4.1/plexus-utils-3.4.1.pom
Progress (1): 731 B
Progress (1): 2.3 kB
Progress (1): 4.6 kB
Progress (1): 8.0 kB
                    
Downloaded from central: https://repo1.maven.org/maven2/org/codehaus/plexus/plexus-utils/3.4.1/plexus-utils-3.4.1.pom (8.0 kB at 109 kB/s)
Downloading from central: https://repo1.maven.org/maven2/org/codehaus/plexus/plexus-io/3.2.0/plexus-io-3.2.0.pom
Progress (1): 1.4 kB
Progress (1): 4.4 kB
Progress (1): 4.5 kB
                    
Downloaded from central: https://repo1.maven.org/maven2/org/codehaus/plexus/plexus-io/3.2.0/plexus-io-3.2.0.pom (4.5 kB at 80 kB/s)
Downloading from central: https://repo1.maven.org/maven2/org/codehaus/plexus/plexus-utils/3.3.0/plexus-utils-3.3.0.pom
Progress (1): 801 B
Progress (1): 2.6 kB
Progress (1): 4.9 kB
Progress (1): 5.2 kB
                    
Downloaded from central: https://repo1.maven.org/maven2/org/codehaus/plexus/plexus-utils/3.3.0/plexus-utils-3.3.0.pom (5.2 kB at 98 kB/s)
Downloading from central: https://repo1.maven.org/maven2/org/apache/commons/commons-compress/1.21/commons-compress-1.21.pom
Progress (1): 753 B
Progress (1): 1.9 kB
Progress (1): 3.5 kB
Progress (1): 6.8 kB
Progress (1): 9.1 kB
Progress (1): 11 kB 
Progress (1): 14 kB
Progress (1): 18 kB
Progress (1): 20 kB
                   
Downloaded from central: https://repo1.maven.org/maven2/org/apache/commons/commons-compress/1.21/commons-compress-1.21.pom (20 kB at 323 kB/s)
Downloading from central: https://repo1.maven.org/maven2/org/apache/maven/shared/maven-dependency-tree/3.0/maven-dependency-tree-3.0.pom
Progress (1): 786 B
Progress (1): 2.3 kB
Progress (1): 4.8 kB
Progress (1): 7.3 kB
Progress (1): 7.4 kB
                    
Downloaded from central: https://repo1.maven.org/maven2/org/apache/maven/shared/maven-dependency-tree/3.0/maven-dependency-tree-3.0.pom (7.4 kB at 117 kB/s)
Downloading from central: https://repo1.maven.org/maven2/org/apache/maven/shared/maven-shared-components/21/maven-shared-components-21.pom
Progress (1): 798 B
Progress (1): 2.4 kB
Progress (1): 4.2 kB
Progress (1): 5.1 kB
                    
Downloaded from central: https://repo1.maven.org/maven2/org/apache/maven/shared/maven-shared-components/21/maven-shared-components-21.pom (5.1 kB at 102 kB/s)
Downloading from central: https://repo1.maven.org/maven2/org/apache/maven/maven-parent/25/maven-parent-25.pom
Progress (1): 730 B
Progress (1): 2.0 kB
Progress (1): 6.0 kB
Progress (1): 11 kB 
Progress (1): 15 kB
Progress (1): 19 kB
Progress (1): 23 kB
Progress (1): 24 kB
Progress (1): 27 kB
Progress (1): 30 kB
Progress (1): 32 kB
Progress (1): 37 kB
Progress (1): 37 kB
                   
Downloaded from central: https://repo1.maven.org/maven2/org/apache/maven/maven-parent/25/maven-parent-25.pom (37 kB at 451 kB/s)
Downloading from central: https://repo1.maven.org/maven2/org/codehaus/plexus/plexus-component-annotations/1.6/plexus-component-annotations-1.6.pom
Progress (1): 748 B
                   
Downloaded from central: https://repo1.maven.org/maven2/org/codehaus/plexus/plexus-component-annotations/1.6/plexus-component-annotations-1.6.pom (748 B at 17 kB/s)
Downloading from central: https://repo1.maven.org/maven2/org/codehaus/plexus/plexus-containers/1.6/plexus-containers-1.6.pom
Progress (1): 1.2 kB
Progress (1): 3.8 kB
                    
Downloaded from central: https://repo1.maven.org/maven2/org/codehaus/plexus/plexus-containers/1.6/plexus-containers-1.6.pom (3.8 kB at 63 kB/s)
Downloading from central: https://repo1.maven.org/maven2/org/codehaus/plexus/plexus/3.3.2/plexus-3.3.2.pom
Progress (1): 703 B
Progress (1): 2.5 kB
Progress (1): 6.2 kB
Progress (1): 8.8 kB
Progress (1): 11 kB 
Progress (1): 15 kB
Progress (1): 20 kB
Progress (1): 22 kB
                   
Downloaded from central: https://repo1.maven.org/maven2/org/codehaus/plexus/plexus/3.3.2/plexus-3.3.2.pom (22 kB at 378 kB/s)
Downloading from central: https://repo1.maven.org/maven2/org/apache/maven/doxia/doxia-site-renderer/1.0/doxia-site-renderer-1.0.pom
Progress (1): 797 B
Progress (1): 2.8 kB
Progress (1): 4.4 kB
                    
Downloaded from central: https://repo1.maven.org/maven2/org/apache/maven/doxia/doxia-site-renderer/1.0/doxia-site-renderer-1.0.pom (4.4 kB at 79 kB/s)
Downloading from central: https://repo1.maven.org/maven2/org/apache/maven/doxia/doxia-sitetools/1.0/doxia-sitetools-1.0.pom
Progress (1): 762 B
Progress (1): 2.3 kB
Progress (1): 6.2 kB
Progress (1): 9.6 kB
Progress (1): 9.6 kB
                    
Downloaded from central: https://repo1.maven.org/maven2/org/apache/maven/doxia/doxia-sitetools/1.0/doxia-sitetools-1.0.pom (9.6 kB at 184 kB/s)
Downloading from central: https://repo1.maven.org/maven2/org/apache/maven/doxia/doxia-core/1.0/doxia-core-1.0.pom
Progress (1): 821 B
Progress (1): 2.4 kB
                    
Downloaded from central: https://repo1.maven.org/maven2/org/apache/maven/doxia/doxia-core/1.0/doxia-core-1.0.pom (2.4 kB at 51 kB/s)
Downloading from central: https://repo1.maven.org/maven2/org/codehaus/plexus/plexus-utils/1.5.7/plexus-utils-1.5.7.pom
Progress (1): 994 B
Progress (1): 5.0 kB
Progress (1): 8.1 kB
                    
Downloaded from central: https://repo1.maven.org/maven2/org/codehaus/plexus/plexus-utils/1.5.7/plexus-utils-1.5.7.pom (8.1 kB at 155 kB/s)
Downloading from central: https://repo1.maven.org/maven2/org/codehaus/plexus/plexus-container-default/1.0-alpha-30/plexus-container-default-1.0-alpha-30.pom
Progress (1): 1.5 kB
Progress (1): 3.5 kB
                    
Downloaded from central: https://repo1.maven.org/maven2/org/codehaus/plexus/plexus-container-default/1.0-alpha-30/plexus-container-default-1.0-alpha-30.pom (3.5 kB at 72 kB/s)
Downloading from central: https://repo1.maven.org/maven2/org/codehaus/plexus/plexus-containers/1.0-alpha-30/plexus-containers-1.0-alpha-30.pom
Progress (1): 1.8 kB
Progress (1): 1.9 kB
                    
Downloaded from central: https://repo1.maven.org/maven2/org/codehaus/plexus/plexus-containers/1.0-alpha-30/plexus-containers-1.0-alpha-30.pom (1.9 kB at 47 kB/s)
Downloading from central: https://repo1.maven.org/maven2/org/codehaus/plexus/plexus-utils/1.4.5/plexus-utils-1.4.5.pom
Progress (1): 1.2 kB
Progress (1): 2.3 kB
                    
Downloaded from central: https://repo1.maven.org/maven2/org/codehaus/plexus/plexus-utils/1.4.5/plexus-utils-1.4.5.pom (2.3 kB at 49 kB/s)
Downloading from central: https://repo1.maven.org/maven2/org/codehaus/plexus/plexus-classworlds/1.2-alpha-9/plexus-classworlds-1.2-alpha-9.pom
Progress (1): 937 B
Progress (1): 2.9 kB
Progress (1): 3.2 kB
                    
Downloaded from central: https://repo1.maven.org/maven2/org/codehaus/plexus/plexus-classworlds/1.2-alpha-9/plexus-classworlds-1.2-alpha-9.pom (3.2 kB at 75 kB/s)
Downloading from central: https://repo1.maven.org/maven2/org/codehaus/plexus/plexus/1.0.10/plexus-1.0.10.pom
Progress (1): 1.7 kB
Progress (1): 4.8 kB
Progress (1): 7.9 kB
Progress (1): 8.2 kB
                    
Downloaded from central: https://repo1.maven.org/maven2/org/codehaus/plexus/plexus/1.0.10/plexus-1.0.10.pom (8.2 kB at 159 kB/s)
Downloading from central: https://repo1.maven.org/maven2/org/codehaus/plexus/plexus-i18n/1.0-beta-7/plexus-i18n-1.0-beta-7.pom
Progress (1): 1.1 kB
                    
Downloaded from central: https://repo1.maven.org/maven2/org/codehaus/plexus/plexus-i18n/1.0-beta-7/plexus-i18n-1.0-beta-7.pom (1.1 kB at 26 kB/s)
Downloading from central: https://repo1.maven.org/maven2/org/codehaus/plexus/plexus-components/1.1.12/plexus-components-1.1.12.pom
Progress (1): 1.7 kB
Progress (1): 3.0 kB
                    
Downloaded from central: https://repo1.maven.org/maven2/org/codehaus/plexus/plexus-components/1.1.12/plexus-components-1.1.12.pom (3.0 kB at 63 kB/s)
Downloading from central: https://repo1.maven.org/maven2/org/codehaus/plexus/plexus-velocity/1.1.7/plexus-velocity-1.1.7.pom
Progress (1): 850 B
Progress (1): 2.0 kB
                    
Downloaded from central: https://repo1.maven.org/maven2/org/codehaus/plexus/plexus-velocity/1.1.7/plexus-velocity-1.1.7.pom (2.0 kB at 46 kB/s)
Downloading from central: https://repo1.maven.org/maven2/org/codehaus/plexus/plexus-container-default/1.0-alpha-20/plexus-container-default-1.0-alpha-20.pom
Progress (1): 1.7 kB
Progress (1): 3.0 kB
                    
Downloaded from central: https://repo1.maven.org/maven2/org/codehaus/plexus/plexus-container-default/1.0-alpha-20/plexus-container-default-1.0-alpha-20.pom (3.0 kB at 75 kB/s)
Downloading from central: https://repo1.maven.org/maven2/org/codehaus/plexus/plexus-containers/1.0-alpha-20/plexus-containers-1.0-alpha-20.pom
Progress (1): 1.8 kB
Progress (1): 1.9 kB
                    
Downloaded from central: https://repo1.maven.org/maven2/org/codehaus/plexus/plexus-containers/1.0-alpha-20/plexus-containers-1.0-alpha-20.pom (1.9 kB at 33 kB/s)
Downloading from central: https://repo1.maven.org/maven2/org/codehaus/plexus/plexus-utils/1.3/plexus-utils-1.3.pom
Progress (1): 1.0 kB
                    
Downloaded from central: https://repo1.maven.org/maven2/org/codehaus/plexus/plexus-utils/1.3/plexus-utils-1.3.pom (1.0 kB at 26 kB/s)
Downloading from central: https://repo1.maven.org/maven2/org/codehaus/plexus/plexus-classworlds/1.2-alpha-7/plexus-classworlds-1.2-alpha-7.pom
Progress (1): 1.7 kB
Progress (1): 2.4 kB
                    
Downloaded from central: https://repo1.maven.org/maven2/org/codehaus/plexus/plexus-classworlds/1.2-alpha-7/plexus-classworlds-1.2-alpha-7.pom (2.4 kB at 54 kB/s)
Downloading from central: https://repo1.maven.org/maven2/org/codehaus/plexus/plexus/1.0.9/plexus-1.0.9.pom
Progress (1): 1.6 kB
Progress (1): 4.9 kB
Progress (1): 7.7 kB
                    
Downloaded from central: https://repo1.maven.org/maven2/org/codehaus/plexus/plexus/1.0.9/plexus-1.0.9.pom (7.7 kB at 183 kB/s)
Downloading from central: https://repo1.maven.org/maven2/org/apache/velocity/velocity/1.5/velocity-1.5.pom
Progress (1): 1.1 kB
Progress (1): 3.1 kB
Progress (1): 6.0 kB
Progress (1): 7.8 kB
                    
Downloaded from central: https://repo1.maven.org/maven2/org/apache/velocity/velocity/1.5/velocity-1.5.pom (7.8 kB at 165 kB/s)
Downloading from central: https://repo1.maven.org/maven2/org/apache/maven/doxia/doxia-decoration-model/1.0/doxia-decoration-model-1.0.pom
Progress (1): 799 B
Progress (1): 2.8 kB
Progress (1): 3.2 kB
                    
Downloaded from central: https://repo1.maven.org/maven2/org/apache/maven/doxia/doxia-decoration-model/1.0/doxia-decoration-model-1.0.pom (3.2 kB at 73 kB/s)
Downloading from central: https://repo1.maven.org/maven2/org/apache/maven/doxia/doxia-module-apt/1.0/doxia-module-apt-1.0.pom
Progress (1): 821 B
Progress (1): 2.3 kB
                    
Downloaded from central: https://repo1.maven.org/maven2/org/apache/maven/doxia/doxia-module-apt/1.0/doxia-module-apt-1.0.pom (2.3 kB at 46 kB/s)
Downloading from central: https://repo1.maven.org/maven2/org/apache/maven/doxia/doxia-modules/1.0/doxia-modules-1.0.pom
Progress (1): 819 B
Progress (1): 2.4 kB
                    
Downloaded from central: https://repo1.maven.org/maven2/org/apache/maven/doxia/doxia-modules/1.0/doxia-modules-1.0.pom (2.4 kB at 31 kB/s)
Downloading from central: https://repo1.maven.org/maven2/org/apache/maven/doxia/doxia-module-fml/1.0/doxia-module-fml-1.0.pom
Progress (1): 817 B
Progress (1): 2.7 kB
                    
Downloaded from central: https://repo1.maven.org/maven2/org/apache/maven/doxia/doxia-module-fml/1.0/doxia-module-fml-1.0.pom (2.7 kB at 57 kB/s)
Downloading from central: https://repo1.maven.org/maven2/org/apache/maven/doxia/doxia-module-xdoc/1.0/doxia-module-xdoc-1.0.pom
Progress (1): 821 B
Progress (1): 2.2 kB
                    
Downloaded from central: https://repo1.maven.org/maven2/org/apache/maven/doxia/doxia-module-xdoc/1.0/doxia-module-xdoc-1.0.pom (2.2 kB at 51 kB/s)
Downloading from central: https://repo1.maven.org/maven2/org/apache/maven/doxia/doxia-module-xhtml/1.0/doxia-module-xhtml-1.0.pom
Progress (1): 830 B
Progress (1): 1.6 kB
                    
Downloaded from central: https://repo1.maven.org/maven2/org/apache/maven/doxia/doxia-module-xhtml/1.0/doxia-module-xhtml-1.0.pom (1.6 kB at 35 kB/s)
Downloading from central: https://repo1.maven.org/maven2/org/apache/felix/maven-bundle-plugin/5.1.9/maven-bundle-plugin-5.1.9.jar
Downloading from central: https://repo1.maven.org/maven2/org/slf4j/slf4j-api/1.7.25/slf4j-api-1.7.25.jar
Downloading from central: https://repo1.maven.org/maven2/org/apache/felix/org.apache.felix.bundlerepository/1.6.6/org.apache.felix.bundlerepository-1.6.6.jar
Downloading from central: https://repo1.maven.org/maven2/org/apache/felix/org.apache.felix.utils/1.6.0/org.apache.felix.utils-1.6.0.jar
Downloading from central: https://repo1.maven.org/maven2/org/apache/maven/reporting/maven-reporting-api/3.0/maven-reporting-api-3.0.jar
Progress (1): 7.7/168 kB
Progress (1): 16/168 kB 
Progress (1): 32/168 kB
Progress (1): 49/168 kB
Progress (1): 65/168 kB
Progress (1): 81/168 kB
Progress (1): 98/168 kB
Progress (1): 114/168 kB
Progress (1): 131/168 kB
Progress (1): 147/168 kB
Progress (1): 163/168 kB
Progress (1): 168 kB    
                    
Downloaded from central: https://repo1.maven.org/maven2/org/apache/felix/org.apache.felix.bundlerepository/1.6.6/org.apache.felix.bundlerepository-1.6.6.jar (168 kB at 2.2 MB/s)
Downloading from central: https://repo1.maven.org/maven2/org/apache/maven/maven-archiver/3.5.2/maven-archiver-3.5.2.jar
Progress (1): 0.9/211 kB
Progress (1): 2.3/211 kB
Progress (1): 3.6/211 kB
Progress (2): 3.6/211 kB | 0.9/11 kB
Progress (2): 3.6/211 kB | 2.3/11 kB
Progress (2): 5.0/211 kB | 2.3/11 kB
Progress (2): 5.0/211 kB | 3.6/11 kB
Progress (2): 6.4/211 kB | 3.6/11 kB
Progress (2): 7.7/211 kB | 3.6/11 kB
Progress (2): 7.7/211 kB | 5.0/11 kB
Progress (2): 9.1/211 kB | 5.0/11 kB
Progress (2): 9.1/211 kB | 6.4/11 kB
Progress (2): 9.1/211 kB | 7.7/11 kB
Progress (2): 10/211 kB | 7.7/11 kB 
Progress (2): 10/211 kB | 7.8/11 kB
Progress (2): 12/211 kB | 7.8/11 kB
Progress (2): 13/211 kB | 7.8/11 kB
Progress (2): 13/211 kB | 9.1/11 kB
Progress (2): 15/211 kB | 9.1/11 kB
Progress (2): 15/211 kB | 10/11 kB 
Progress (2): 16/211 kB | 10/11 kB
Progress (3): 16/211 kB | 10/11 kB | 0.9/68 kB
Progress (3): 16/211 kB | 11 kB | 0.9/68 kB   
Progress (3): 17/211 kB | 11 kB | 0.9/68 kB
Progress (3): 19/211 kB | 11 kB | 0.9/68 kB
Progress (3): 20/211 kB | 11 kB | 0.9/68 kB
Progress (3): 21/211 kB | 11 kB | 0.9/68 kB
Progress (3): 23/211 kB | 11 kB | 0.9/68 kB
Progress (3): 24/211 kB | 11 kB | 0.9/68 kB
Progress (3): 26/211 kB | 11 kB | 0.9/68 kB
Progress (3): 27/211 kB | 11 kB | 0.9/68 kB
Progress (3): 28/211 kB | 11 kB | 0.9/68 kB
Progress (3): 28/211 kB | 11 kB | 2.3/68 kB
Progress (3): 30/211 kB | 11 kB | 2.3/68 kB
Progress (3): 31/211 kB | 11 kB | 2.3/68 kB
Progress (3): 32/211 kB | 11 kB | 2.3/68 kB
Progress (3): 32/211 kB | 11 kB | 3.6/68 kB
Progress (3): 34/211 kB | 11 kB | 3.6/68 kB
Progress (3): 34/211 kB | 11 kB | 5.0/68 kB
Progress (3): 34/211 kB | 11 kB | 6.4/68 kB
Progress (3): 35/211 kB | 11 kB | 6.4/68 kB
Progress (3): 35/211 kB | 11 kB | 7.7/68 kB
Progress (3): 36/211 kB | 11 kB | 7.7/68 kB
Progress (3): 36/211 kB | 11 kB | 9.1/68 kB
Progress (3): 38/211 kB | 11 kB | 9.1/68 kB
Progress (3): 38/211 kB | 11 kB | 10/68 kB 
Progress (3): 39/211 kB | 11 kB | 10/68 kB
Progress (3): 39/211 kB | 11 kB | 12/68 kB
Progress (3): 41/211 kB | 11 kB | 12/68 kB
Progress (3): 41/211 kB | 11 kB | 13/68 kB
Progress (3): 42/211 kB | 11 kB | 13/68 kB
Progress (3): 42/211 kB | 11 kB | 15/68 kB
Progress (3): 43/211 kB | 11 kB | 15/68 kB
Progress (3): 43/211 kB | 11 kB | 16/68 kB
Progress (3): 45/211 kB | 11 kB | 16/68 kB
Progress (3): 46/211 kB | 11 kB | 16/68 kB
Progress (3): 46/211 kB | 11 kB | 17/68 kB
Progress (3): 47/211 kB | 11 kB | 17/68 kB
Progress (3): 47/211 kB | 11 kB | 19/68 kB
Progress (3): 49/211 kB | 11 kB | 19/68 kB
Progress (3): 49/211 kB | 11 kB | 20/68 kB
Progress (3): 50/211 kB | 11 kB | 20/68 kB
Progress (3): 50/211 kB | 11 kB | 21/68 kB
Progress (3): 52/211 kB | 11 kB | 21/68 kB
Progress (3): 52/211 kB | 11 kB | 23/68 kB
Progress (3): 53/211 kB | 11 kB | 23/68 kB
Progress (3): 53/211 kB | 11 kB | 24/68 kB
Progress (3): 54/211 kB | 11 kB | 24/68 kB
Progress (3): 54/211 kB | 11 kB | 26/68 kB
Progress (3): 56/211 kB | 11 kB | 26/68 kB
Progress (3): 56/211 kB | 11 kB | 27/68 kB
Progress (3): 56/211 kB | 11 kB | 28/68 kB
Progress (3): 57/211 kB | 11 kB | 28/68 kB
Progress (3): 57/211 kB | 11 kB | 30/68 kB
Progress (3): 62/211 kB | 11 kB | 30/68 kB
Progress (3): 62/211 kB | 11 kB | 31/68 kB
Progress (3): 62/211 kB | 11 kB | 32/68 kB
Progress (3): 62/211 kB | 11 kB | 34/68 kB
Progress (3): 66/211 kB | 11 kB | 34/68 kB
Progress (3): 66/211 kB | 11 kB | 35/68 kB
Progress (3): 66/211 kB | 11 kB | 36/68 kB
Progress (3): 70/211 kB | 11 kB | 36/68 kB
Progress (3): 70/211 kB | 11 kB | 38/68 kB
Progress (3): 70/211 kB | 11 kB | 39/68 kB
Progress (3): 74/211 kB | 11 kB | 39/68 kB
Progress (3): 74/211 kB | 11 kB | 41/68 kB
Progress (3): 78/211 kB | 11 kB | 41/68 kB
Progress (3): 78/211 kB | 11 kB | 42/68 kB
Progress (3): 78/211 kB | 11 kB | 43/68 kB
Progress (3): 78/211 kB | 11 kB | 45/68 kB
Progress (4): 78/211 kB | 11 kB | 45/68 kB | 0.9/41 kB
Progress (4): 83/211 kB | 11 kB | 45/68 kB | 0.9/41 kB
Progress (4): 83/211 kB | 11 kB | 46/68 kB | 0.9/41 kB
Progress (4): 87/211 kB | 11 kB | 46/68 kB | 0.9/41 kB
Progress (4): 91/211 kB | 11 kB | 46/68 kB | 0.9/41 kB
Progress (4): 91/211 kB | 11 kB | 47/68 kB | 0.9/41 kB
Progress (4): 91/211 kB | 11 kB | 49/68 kB | 0.9/41 kB
Progress (4): 95/211 kB | 11 kB | 49/68 kB | 0.9/41 kB
Progress (4): 95/211 kB | 11 kB | 50/68 kB | 0.9/41 kB
Progress (4): 100/211 kB | 11 kB | 50/68 kB | 0.9/41 kB
Progress (4): 100/211 kB | 11 kB | 52/68 kB | 0.9/41 kB
Progress (4): 100/211 kB | 11 kB | 53/68 kB | 0.9/41 kB
Progress (4): 104/211 kB | 11 kB | 53/68 kB | 0.9/41 kB
Progress (4): 104/211 kB | 11 kB | 53/68 kB | 2.3/41 kB
Progress (4): 104/211 kB | 11 kB | 54/68 kB | 2.3/41 kB
Progress (4): 104/211 kB | 11 kB | 56/68 kB | 2.3/41 kB
Progress (4): 104/211 kB | 11 kB | 60/68 kB | 2.3/41 kB
Progress (4): 108/211 kB | 11 kB | 60/68 kB | 2.3/41 kB
Progress (4): 108/211 kB | 11 kB | 60/68 kB | 3.6/41 kB
Progress (4): 112/211 kB | 11 kB | 60/68 kB | 3.6/41 kB
Progress (4): 117/211 kB | 11 kB | 60/68 kB | 3.6/41 kB
Progress (4): 121/211 kB | 11 kB | 60/68 kB | 3.6/41 kB
Progress (4): 125/211 kB | 11 kB | 60/68 kB | 3.6/41 kB
Progress (4): 125/211 kB | 11 kB | 60/68 kB | 5.0/41 kB
Progress (4): 125/211 kB | 11 kB | 60/68 kB | 6.4/41 kB
Progress (4): 125/211 kB | 11 kB | 60/68 kB | 7.7/41 kB
Progress (4): 125/211 kB | 11 kB | 60/68 kB | 7.8/41 kB
Progress (4): 125/211 kB | 11 kB | 60/68 kB | 9.1/41 kB
                                                       
Downloaded from central: https://repo1.maven.org/maven2/org/apache/maven/reporting/maven-reporting-api/3.0/maven-reporting-api-3.0.jar (11 kB at 111 kB/s)
Downloading from central: https://repo1.maven.org/maven2/org/apache/maven/maven-artifact/3.1.1/maven-artifact-3.1.1.jar
Progress (3): 125/211 kB | 60/68 kB | 10/41 kB
Progress (3): 125/211 kB | 60/68 kB | 12/41 kB
Progress (3): 125/211 kB | 60/68 kB | 13/41 kB
Progress (3): 125/211 kB | 60/68 kB | 15/41 kB
Progress (3): 125/211 kB | 60/68 kB | 16/41 kB
Progress (3): 125/211 kB | 60/68 kB | 17/41 kB
Progress (3): 125/211 kB | 60/68 kB | 19/41 kB
Progress (3): 125/211 kB | 60/68 kB | 20/41 kB
Progress (3): 125/211 kB | 60/68 kB | 21/41 kB
Progress (3): 125/211 kB | 60/68 kB | 23/41 kB
Progress (3): 125/211 kB | 60/68 kB | 24/41 kB
Progress (3): 125/211 kB | 60/68 kB | 26/41 kB
Progress (3): 125/211 kB | 60/68 kB | 27/41 kB
Progress (3): 125/211 kB | 60/68 kB | 28/41 kB
Progress (3): 125/211 kB | 60/68 kB | 30/41 kB
Progress (3): 125/211 kB | 60/68 kB | 31/41 kB
Progress (3): 125/211 kB | 60/68 kB | 32/41 kB
Progress (3): 125/211 kB | 60/68 kB | 34/41 kB
Progress (3): 125/211 kB | 60/68 kB | 35/41 kB
Progress (3): 125/211 kB | 60/68 kB | 37/41 kB
Progress (3): 129/211 kB | 60/68 kB | 37/41 kB
Progress (3): 129/211 kB | 60/68 kB | 38/41 kB
Progress (3): 129/211 kB | 64/68 kB | 38/41 kB
Progress (3): 129/211 kB | 64/68 kB | 39/41 kB
Progress (3): 133/211 kB | 64/68 kB | 39/41 kB
Progress (3): 133/211 kB | 64/68 kB | 41/41 kB
Progress (3): 133/211 kB | 64/68 kB | 41 kB   
Progress (3): 133/211 kB | 68 kB | 41 kB   
Progress (3): 138/211 kB | 68 kB | 41 kB
Progress (3): 142/211 kB | 68 kB | 41 kB
Progress (3): 146/211 kB | 68 kB | 41 kB
Progress (3): 150/211 kB | 68 kB | 41 kB
Progress (3): 155/211 kB | 68 kB | 41 kB
Progress (3): 159/211 kB | 68 kB | 41 kB
Progress (3): 163/211 kB | 68 kB | 41 kB
Progress (3): 167/211 kB | 68 kB | 41 kB
Progress (3): 172/211 kB | 68 kB | 41 kB
Progress (3): 176/211 kB | 68 kB | 41 kB
Progress (3): 180/211 kB | 68 kB | 41 kB
Progress (3): 184/211 kB | 68 kB | 41 kB
Progress (3): 188/211 kB | 68 kB | 41 kB
Progress (3): 193/211 kB | 68 kB | 41 kB
Progress (3): 197/211 kB | 68 kB | 41 kB
Progress (3): 201/211 kB | 68 kB | 41 kB
Progress (3): 205/211 kB | 68 kB | 41 kB
Progress (3): 210/211 kB | 68 kB | 41 kB
Progress (3): 211 kB | 68 kB | 41 kB    
Progress (4): 211 kB | 68 kB | 41 kB | 7.7/26 kB
Progress (4): 211 kB | 68 kB | 41 kB | 16/26 kB 
Progress (4): 211 kB | 68 kB | 41 kB | 26 kB   
                                            
Downloaded from central: https://repo1.maven.org/maven2/org/slf4j/slf4j-api/1.7.25/slf4j-api-1.7.25.jar (41 kB at 355 kB/s)
Downloading from central: https://repo1.maven.org/maven2/org/apache/maven/maven-model/3.1.1/maven-model-3.1.1.jar
Downloaded from central: https://repo1.maven.org/maven2/org/apache/felix/org.apache.felix.utils/1.6.0/org.apache.felix.utils-1.6.0.jar (68 kB at 583 kB/s)
Downloading from central: https://repo1.maven.org/maven2/org/apache/maven/maven-core/3.1.1/maven-core-3.1.1.jar
Downloaded from central: https://repo1.maven.org/maven2/org/apache/felix/maven-bundle-plugin/5.1.9/maven-bundle-plugin-5.1.9.jar (211 kB at 1.7 MB/s)
Downloading from central: https://repo1.maven.org/maven2/org/apache/maven/maven-settings/3.1.1/maven-settings-3.1.1.jar
Downloaded from central: https://repo1.maven.org/maven2/org/apache/maven/maven-archiver/3.5.2/maven-archiver-3.5.2.jar (26 kB at 211 kB/s)
Downloading from central: https://repo1.maven.org/maven2/org/apache/maven/maven-settings-builder/3.1.1/maven-settings-builder-3.1.1.jar
Progress (1): 0.9/52 kB
Progress (1): 2.3/52 kB
Progress (1): 3.6/52 kB
Progress (1): 5.0/52 kB
Progress (1): 6.4/52 kB
Progress (1): 7.7/52 kB
Progress (1): 9.1/52 kB
Progress (1): 10/52 kB 
Progress (1): 12/52 kB
Progress (1): 13/52 kB
Progress (1): 15/52 kB
Progress (1): 16/52 kB
Progress (1): 17/52 kB
Progress (1): 19/52 kB
Progress (1): 20/52 kB
Progress (1): 21/52 kB
Progress (1): 23/52 kB
Progress (1): 24/52 kB
Progress (1): 25/52 kB
Progress (1): 26/52 kB
Progress (1): 27/52 kB
Progress (1): 29/52 kB
Progress (1): 30/52 kB
Progress (1): 31/52 kB
Progress (1): 33/52 kB
Progress (1): 34/52 kB
Progress (1): 36/52 kB
Progress (1): 37/52 kB
Progress (1): 38/52 kB
Progress (1): 40/52 kB
Progress (1): 41/52 kB
Progress (1): 45/52 kB
Progress (1): 49/52 kB
Progress (1): 52 kB   
                   
Downloaded from central: https://repo1.maven.org/maven2/org/apache/maven/maven-artifact/3.1.1/maven-artifact-3.1.1.jar (52 kB at 346 kB/s)
Downloading from central: https://repo1.maven.org/maven2/org/apache/maven/maven-repository-metadata/3.1.1/maven-repository-metadata-3.1.1.jar
Progress (1): 3.8/557 kB
Progress (2): 3.8/557 kB | 7.7/154 kB
Progress (2): 3.8/557 kB | 16/154 kB 
Progress (2): 8.0/557 kB | 16/154 kB
Progress (2): 8.0/557 kB | 32/154 kB
Progress (2): 12/557 kB | 32/154 kB 
Progress (2): 12/557 kB | 49/154 kB
Progress (2): 12/557 kB | 65/154 kB
Progress (2): 29/557 kB | 65/154 kB
Progress (2): 29/557 kB | 81/154 kB
Progress (2): 45/557 kB | 81/154 kB
Progress (2): 45/557 kB | 98/154 kB
Progress (2): 61/557 kB | 98/154 kB
Progress (2): 61/557 kB | 114/154 kB
Progress (2): 78/557 kB | 114/154 kB
Progress (2): 78/557 kB | 122/154 kB
Progress (2): 82/557 kB | 122/154 kB
Progress (2): 82/557 kB | 139/154 kB
Progress (2): 98/557 kB | 139/154 kB
Progress (2): 98/557 kB | 154 kB    
Progress (2): 115/557 kB | 154 kB
Progress (2): 131/557 kB | 154 kB
Progress (2): 147/557 kB | 154 kB
Progress (2): 164/557 kB | 154 kB
Progress (2): 180/557 kB | 154 kB
Progress (2): 197/557 kB | 154 kB
Progress (3): 197/557 kB | 154 kB | 3.8/42 kB
Progress (3): 213/557 kB | 154 kB | 3.8/42 kB
Progress (3): 213/557 kB | 154 kB | 8.0/42 kB
Progress (3): 213/557 kB | 154 kB | 12/42 kB 
Progress (3): 213/557 kB | 154 kB | 16/42 kB
Progress (3): 229/557 kB | 154 kB | 16/42 kB
Progress (3): 229/557 kB | 154 kB | 21/42 kB
Progress (3): 229/557 kB | 154 kB | 25/42 kB
Progress (3): 229/557 kB | 154 kB | 29/42 kB
Progress (3): 229/557 kB | 154 kB | 33/42 kB
Progress (3): 246/557 kB | 154 kB | 33/42 kB
Progress (3): 246/557 kB | 154 kB | 38/42 kB
Progress (3): 246/557 kB | 154 kB | 42 kB   
Progress (3): 262/557 kB | 154 kB | 42 kB
Progress (3): 279/557 kB | 154 kB | 42 kB
Progress (3): 295/557 kB | 154 kB | 42 kB
Progress (3): 311/557 kB | 154 kB | 42 kB
Progress (4): 311/557 kB | 154 kB | 42 kB | 0.9/42 kB
Progress (4): 328/557 kB | 154 kB | 42 kB | 0.9/42 kB
Progress (4): 344/557 kB | 154 kB | 42 kB | 0.9/42 kB
Progress (4): 360/557 kB | 154 kB | 42 kB | 0.9/42 kB
Progress (4): 377/557 kB | 154 kB | 42 kB | 0.9/42 kB
Progress (4): 393/557 kB | 154 kB | 42 kB | 0.9/42 kB
Progress (4): 393/557 kB | 154 kB | 42 kB | 2.3/42 kB
Progress (4): 410/557 kB | 154 kB | 42 kB | 2.3/42 kB
Progress (4): 426/557 kB | 154 kB | 42 kB | 2.3/42 kB
Progress (4): 442/557 kB | 154 kB | 42 kB | 2.3/42 kB
Progress (4): 442/557 kB | 154 kB | 42 kB | 3.6/42 kB
Progress (4): 442/557 kB | 154 kB | 42 kB | 5.0/42 kB
Progress (4): 442/557 kB | 154 kB | 42 kB | 6.4/42 kB
                                                     
Downloaded from central: https://repo1.maven.org/maven2/org/apache/maven/maven-model/3.1.1/maven-model-3.1.1.jar (154 kB at 891 kB/s)
Progress (3): 442/557 kB | 42 kB | 7.7/42 kB
                                            
Downloading from central: https://repo1.maven.org/maven2/org/apache/maven/maven-plugin-api/3.1.1/maven-plugin-api-3.1.1.jar
Progress (3): 442/557 kB | 42 kB | 9.1/42 kB
Progress (3): 442/557 kB | 42 kB | 10/42 kB 
Progress (3): 442/557 kB | 42 kB | 12/42 kB
Progress (3): 459/557 kB | 42 kB | 12/42 kB
Progress (3): 459/557 kB | 42 kB | 16/42 kB
Progress (3): 459/557 kB | 42 kB | 20/42 kB
Progress (3): 475/557 kB | 42 kB | 20/42 kB
Progress (3): 475/557 kB | 42 kB | 24/42 kB
Progress (3): 492/557 kB | 42 kB | 24/42 kB
Progress (3): 492/557 kB | 42 kB | 29/42 kB
Progress (3): 492/557 kB | 42 kB | 33/42 kB
Progress (3): 492/557 kB | 42 kB | 37/42 kB
Progress (3): 508/557 kB | 42 kB | 37/42 kB
Progress (3): 508/557 kB | 42 kB | 41/42 kB
Progress (3): 508/557 kB | 42 kB | 42 kB   
Progress (3): 524/557 kB | 42 kB | 42 kB
Progress (3): 541/557 kB | 42 kB | 42 kB
                                        
Downloaded from central: https://repo1.maven.org/maven2/org/apache/maven/maven-settings/3.1.1/maven-settings-3.1.1.jar (42 kB at 236 kB/s)
Downloading from central: https://repo1.maven.org/maven2/org/apache/maven/maven-model-builder/3.1.1/maven-model-builder-3.1.1.jar
Progress (2): 557/557 kB | 42 kB
Progress (2): 557 kB | 42 kB    
                            
Downloaded from central: https://repo1.maven.org/maven2/org/apache/maven/maven-settings-builder/3.1.1/maven-settings-builder-3.1.1.jar (42 kB at 225 kB/s)
Downloading from central: https://repo1.maven.org/maven2/org/apache/maven/maven-aether-provider/3.1.1/maven-aether-provider-3.1.1.jar
Progress (2): 557 kB | 3.8/25 kB
Progress (2): 557 kB | 8.0/25 kB
Progress (2): 557 kB | 12/25 kB 
Progress (2): 557 kB | 16/25 kB
Progress (2): 557 kB | 21/25 kB
Progress (2): 557 kB | 24/25 kB
Progress (2): 557 kB | 25 kB   
                            
Downloaded from central: https://repo1.maven.org/maven2/org/apache/maven/maven-core/3.1.1/maven-core-3.1.1.jar (557 kB at 2.9 MB/s)
Downloading from central: https://repo1.maven.org/maven2/javax/enterprise/cdi-api/1.0/cdi-api-1.0.jar
Downloaded from central: https://repo1.maven.org/maven2/org/apache/maven/maven-repository-metadata/3.1.1/maven-repository-metadata-3.1.1.jar (25 kB at 127 kB/s)
Downloading from central: https://repo1.maven.org/maven2/com/google/guava/guava/10.0.1/guava-10.0.1.jar
Progress (1): 3.8/45 kB
Progress (2): 3.8/45 kB | 3.8/160 kB
Progress (2): 8.0/45 kB | 3.8/160 kB
Progress (2): 8.0/45 kB | 8.0/160 kB
Progress (2): 12/45 kB | 8.0/160 kB 
Progress (2): 16/45 kB | 8.0/160 kB
Progress (2): 21/45 kB | 8.0/160 kB
Progress (2): 21/45 kB | 8.2/160 kB
Progress (2): 25/45 kB | 8.2/160 kB
Progress (2): 29/45 kB | 8.2/160 kB
Progress (2): 29/45 kB | 12/160 kB 
Progress (2): 33/45 kB | 12/160 kB
Progress (2): 33/45 kB | 17/160 kB
Progress (2): 37/45 kB | 17/160 kB
Progress (2): 37/45 kB | 21/160 kB
Progress (2): 41/45 kB | 21/160 kB
Progress (2): 41/45 kB | 25/160 kB
Progress (2): 45 kB | 25/160 kB   
Progress (2): 45 kB | 29/160 kB
Progress (2): 45 kB | 34/160 kB
Progress (2): 45 kB | 38/160 kB
Progress (2): 45 kB | 42/160 kB
Progress (2): 45 kB | 46/160 kB
Progress (3): 45 kB | 46/160 kB | 7.7/60 kB
Progress (3): 45 kB | 50/160 kB | 7.7/60 kB
Progress (3): 45 kB | 55/160 kB | 7.7/60 kB
Progress (3): 45 kB | 59/160 kB | 7.7/60 kB
Progress (3): 45 kB | 63/160 kB | 7.7/60 kB
Progress (3): 45 kB | 63/160 kB | 7.8/60 kB
Progress (3): 45 kB | 63/160 kB | 24/60 kB 
Progress (3): 45 kB | 63/160 kB | 41/60 kB
Progress (3): 45 kB | 63/160 kB | 57/60 kB
Progress (3): 45 kB | 63/160 kB | 60 kB   
Progress (3): 45 kB | 66/160 kB | 60 kB
Progress (3): 45 kB | 70/160 kB | 60 kB
Progress (3): 45 kB | 74/160 kB | 60 kB
Progress (3): 45 kB | 78/160 kB | 60 kB
Progress (3): 45 kB | 82/160 kB | 60 kB
Progress (4): 45 kB | 82/160 kB | 60 kB | 3.8/45 kB
Progress (4): 45 kB | 86/160 kB | 60 kB | 3.8/45 kB
Progress (5): 45 kB | 86/160 kB | 60 kB | 3.8/45 kB | 0/1.5 MB
Progress (5): 45 kB | 90/160 kB | 60 kB | 3.8/45 kB | 0/1.5 MB
Progress (5): 45 kB | 94/160 kB | 60 kB | 3.8/45 kB | 0/1.5 MB
Progress (5): 45 kB | 98/160 kB | 60 kB | 3.8/45 kB | 0/1.5 MB
Progress (5): 45 kB | 103/160 kB | 60 kB | 3.8/45 kB | 0/1.5 MB
Progress (5): 45 kB | 107/160 kB | 60 kB | 3.8/45 kB | 0/1.5 MB
Progress (5): 45 kB | 111/160 kB | 60 kB | 3.8/45 kB | 0/1.5 MB
Progress (5): 45 kB | 115/160 kB | 60 kB | 3.8/45 kB | 0/1.5 MB
Progress (5): 45 kB | 119/160 kB | 60 kB | 3.8/45 kB | 0/1.5 MB
Progress (5): 45 kB | 123/160 kB | 60 kB | 3.8/45 kB | 0/1.5 MB
Progress (5): 45 kB | 127/160 kB | 60 kB | 3.8/45 kB | 0/1.5 MB
Progress (5): 45 kB | 127/160 kB | 60 kB | 3.8/45 kB | 0/1.5 MB
Progress (5): 45 kB | 127/160 kB | 60 kB | 3.8/45 kB | 0/1.5 MB
Progress (5): 45 kB | 139/160 kB | 60 kB | 3.8/45 kB | 0/1.5 MB
Progress (5): 45 kB | 139/160 kB | 60 kB | 3.8/45 kB | 0/1.5 MB
Progress (5): 45 kB | 139/160 kB | 60 kB | 3.8/45 kB | 0.1/1.5 MB
Progress (5): 45 kB | 139/160 kB | 60 kB | 3.8/45 kB | 0.1/1.5 MB
Progress (5): 45 kB | 139/160 kB | 60 kB | 3.8/45 kB | 0.1/1.5 MB
Progress (5): 45 kB | 156/160 kB | 60 kB | 3.8/45 kB | 0.1/1.5 MB
Progress (5): 45 kB | 160 kB | 60 kB | 3.8/45 kB | 0.1/1.5 MB    
Progress (5): 45 kB | 160 kB | 60 kB | 8.0/45 kB | 0.1/1.5 MB
Progress (5): 45 kB | 160 kB | 60 kB | 8.0/45 kB | 0.1/1.5 MB
                                                             
Downloaded from central: https://repo1.maven.org/maven2/org/apache/maven/maven-plugin-api/3.1.1/maven-plugin-api-3.1.1.jar (45 kB at 192 kB/s)
Downloading from central: https://repo1.maven.org/maven2/org/codehaus/plexus/plexus-classworlds/2.5.1/plexus-classworlds-2.5.1.jar
Progress (4): 160 kB | 60 kB | 8.0/45 kB | 0.1/1.5 MB
Progress (4): 160 kB | 60 kB | 8.0/45 kB | 0.1/1.5 MB
Progress (4): 160 kB | 60 kB | 12/45 kB | 0.1/1.5 MB 
Progress (4): 160 kB | 60 kB | 12/45 kB | 0.2/1.5 MB
Progress (4): 160 kB | 60 kB | 16/45 kB | 0.2/1.5 MB
Progress (4): 160 kB | 60 kB | 16/45 kB | 0.2/1.5 MB
Progress (4): 160 kB | 60 kB | 21/45 kB | 0.2/1.5 MB
Progress (4): 160 kB | 60 kB | 24/45 kB | 0.2/1.5 MB
Progress (4): 160 kB | 60 kB | 24/45 kB | 0.2/1.5 MB
Progress (4): 160 kB | 60 kB | 28/45 kB | 0.2/1.5 MB
Progress (4): 160 kB | 60 kB | 33/45 kB | 0.2/1.5 MB
Progress (4): 160 kB | 60 kB | 33/45 kB | 0.2/1.5 MB
Progress (4): 160 kB | 60 kB | 37/45 kB | 0.2/1.5 MB
Progress (4): 160 kB | 60 kB | 37/45 kB | 0.2/1.5 MB
Progress (4): 160 kB | 60 kB | 41/45 kB | 0.2/1.5 MB
Progress (4): 160 kB | 60 kB | 45 kB | 0.2/1.5 MB   
Progress (4): 160 kB | 60 kB | 45 kB | 0.2/1.5 MB
Progress (4): 160 kB | 60 kB | 45 kB | 0.3/1.5 MB
Progress (4): 160 kB | 60 kB | 45 kB | 0.3/1.5 MB
Progress (4): 160 kB | 60 kB | 45 kB | 0.3/1.5 MB
Progress (4): 160 kB | 60 kB | 45 kB | 0.3/1.5 MB
Progress (4): 160 kB | 60 kB | 45 kB | 0.3/1.5 MB
                                                 
Downloaded from central: https://repo1.maven.org/maven2/org/apache/maven/maven-aether-provider/3.1.1/maven-aether-provider-3.1.1.jar (60 kB at 249 kB/s)
Downloading from central: https://repo1.maven.org/maven2/org/sonatype/plexus/plexus-sec-dispatcher/1.3/plexus-sec-dispatcher-1.3.jar
Progress (3): 160 kB | 45 kB | 0.3/1.5 MB
                                         
Downloaded from central: https://repo1.maven.org/maven2/org/apache/maven/maven-model-builder/3.1.1/maven-model-builder-3.1.1.jar (160 kB at 654 kB/s)
Downloading from central: https://repo1.maven.org/maven2/org/sonatype/plexus/plexus-cipher/1.4/plexus-cipher-1.4.jar
Progress (2): 45 kB | 0.4/1.5 MB
Progress (2): 45 kB | 0.4/1.5 MB
Progress (2): 45 kB | 0.4/1.5 MB
Progress (2): 45 kB | 0.4/1.5 MB
                                
Downloaded from central: https://repo1.maven.org/maven2/javax/enterprise/cdi-api/1.0/cdi-api-1.0.jar (45 kB at 183 kB/s)
Downloading from central: https://repo1.maven.org/maven2/org/apache/maven/shared/maven-shared-utils/3.3.3/maven-shared-utils-3.3.3.jar
Progress (1): 0.4/1.5 MB
Progress (1): 0.4/1.5 MB
Progress (1): 0.5/1.5 MB
Progress (1): 0.5/1.5 MB
Progress (1): 0.5/1.5 MB
Progress (1): 0.5/1.5 MB
Progress (1): 0.5/1.5 MB
Progress (1): 0.5/1.5 MB
Progress (1): 0.6/1.5 MB
Progress (1): 0.6/1.5 MB
Progress (1): 0.6/1.5 MB
Progress (1): 0.6/1.5 MB
Progress (1): 0.6/1.5 MB
Progress (1): 0.6/1.5 MB
Progress (1): 0.7/1.5 MB
Progress (1): 0.7/1.5 MB
Progress (1): 0.7/1.5 MB
Progress (1): 0.7/1.5 MB
Progress (1): 0.7/1.5 MB
Progress (1): 0.7/1.5 MB
Progress (1): 0.8/1.5 MB
Progress (1): 0.8/1.5 MB
Progress (1): 0.8/1.5 MB
Progress (1): 0.8/1.5 MB
Progress (1): 0.8/1.5 MB
Progress (1): 0.8/1.5 MB
Progress (1): 0.9/1.5 MB
Progress (1): 0.9/1.5 MB
Progress (1): 0.9/1.5 MB
Progress (1): 0.9/1.5 MB
Progress (1): 0.9/1.5 MB
Progress (1): 0.9/1.5 MB
Progress (1): 0.9/1.5 MB
Progress (1): 1.0/1.5 MB
Progress (1): 1.0/1.5 MB
Progress (1): 1.0/1.5 MB
Progress (1): 1.0/1.5 MB
Progress (1): 1.0/1.5 MB
Progress (1): 1.0/1.5 MB
Progress (1): 1.1/1.5 MB
Progress (1): 1.1/1.5 MB
Progress (1): 1.1/1.5 MB
Progress (1): 1.1/1.5 MB
Progress (1): 1.1/1.5 MB
Progress (1): 1.1/1.5 MB
Progress (1): 1.2/1.5 MB
Progress (1): 1.2/1.5 MB
Progress (1): 1.2/1.5 MB
Progress (2): 1.2/1.5 MB | 3.8/29 kB
Progress (2): 1.2/1.5 MB | 3.8/29 kB
Progress (2): 1.2/1.5 MB | 3.8/29 kB
Progress (2): 1.2/1.5 MB | 3.8/29 kB
Progress (2): 1.3/1.5 MB | 3.8/29 kB
Progress (2): 1.3/1.5 MB | 3.8/29 kB
Progress (2): 1.3/1.5 MB | 3.8/29 kB
Progress (2): 1.3/1.5 MB | 3.8/29 kB
Progress (2): 1.3/1.5 MB | 3.8/29 kB
Progress (3): 1.3/1.5 MB | 3.8/29 kB | 7.7/50 kB
Progress (3): 1.3/1.5 MB | 3.8/29 kB | 7.7/50 kB
Progress (3): 1.4/1.5 MB | 3.8/29 kB | 7.7/50 kB
Progress (3): 1.4/1.5 MB | 3.8/29 kB | 7.7/50 kB
Progress (3): 1.4/1.5 MB | 8.0/29 kB | 7.7/50 kB
Progress (3): 1.4/1.5 MB | 8.0/29 kB | 7.7/50 kB
Progress (3): 1.4/1.5 MB | 8.0/29 kB | 8.2/50 kB
Progress (3): 1.4/1.5 MB | 8.0/29 kB | 8.2/50 kB
Progress (3): 1.4/1.5 MB | 8.0/29 kB | 8.2/50 kB
Progress (3): 1.4/1.5 MB | 8.0/29 kB | 8.2/50 kB
Progress (3): 1.4/1.5 MB | 12/29 kB | 8.2/50 kB 
Progress (3): 1.5/1.5 MB | 12/29 kB | 8.2/50 kB
Progress (3): 1.5/1.5 MB | 12/29 kB | 25/50 kB 
Progress (3): 1.5/1.5 MB | 16/29 kB | 25/50 kB
Progress (3): 1.5/1.5 MB | 21/29 kB | 25/50 kB
Progress (3): 1.5/1.5 MB | 21/29 kB | 41/50 kB
Progress (3): 1.5/1.5 MB | 21/29 kB | 41/50 kB
Progress (3): 1.5/1.5 MB | 25/29 kB | 41/50 kB
Progress (3): 1.5/1.5 MB | 29 kB | 41/50 kB   
Progress (3): 1.5/1.5 MB | 29 kB | 50 kB   
Progress (3): 1.5/1.5 MB | 29 kB | 50 kB
Progress (3): 1.5 MB | 29 kB | 50 kB    
Progress (4): 1.5 MB | 29 kB | 50 kB | 3.8/154 kB
Progress (4): 1.5 MB | 29 kB | 50 kB | 8.0/154 kB
Progress (4): 1.5 MB | 29 kB | 50 kB | 12/154 kB 
Progress (4): 1.5 MB | 29 kB | 50 kB | 16/154 kB
Progress (4): 1.5 MB | 29 kB | 50 kB | 21/154 kB
Progress (4): 1.5 MB | 29 kB | 50 kB | 25/154 kB
Progress (4): 1.5 MB | 29 kB | 50 kB | 29/154 kB
Progress (4): 1.5 MB | 29 kB | 50 kB | 33/154 kB
Progress (4): 1.5 MB | 29 kB | 50 kB | 38/154 kB
Progress (4): 1.5 MB | 29 kB | 50 kB | 42/154 kB
Progress (4): 1.5 MB | 29 kB | 50 kB | 46/154 kB
Progress (4): 1.5 MB | 29 kB | 50 kB | 50/154 kB
Progress (4): 1.5 MB | 29 kB | 50 kB | 54/154 kB
Progress (4): 1.5 MB | 29 kB | 50 kB | 59/154 kB
Progress (4): 1.5 MB | 29 kB | 50 kB | 63/154 kB
Progress (5): 1.5 MB | 29 kB | 50 kB | 63/154 kB | 7.7/13 kB
Progress (5): 1.5 MB | 29 kB | 50 kB | 67/154 kB | 7.7/13 kB
Progress (5): 1.5 MB | 29 kB | 50 kB | 84/154 kB | 7.7/13 kB
Progress (5): 1.5 MB | 29 kB | 50 kB | 100/154 kB | 7.7/13 kB
Progress (5): 1.5 MB | 29 kB | 50 kB | 100/154 kB | 13 kB    
Progress (5): 1.5 MB | 29 kB | 50 kB | 116/154 kB | 13 kB
Progress (5): 1.5 MB | 29 kB | 50 kB | 133/154 kB | 13 kB
Progress (5): 1.5 MB | 29 kB | 50 kB | 149/154 kB | 13 kB
Progress (5): 1.5 MB | 29 kB | 50 kB | 154 kB | 13 kB    
                                                     
Downloaded from central: https://repo1.maven.org/maven2/org/codehaus/plexus/plexus-classworlds/2.5.1/plexus-classworlds-2.5.1.jar (50 kB at 165 kB/s)
Downloading from central: https://repo1.maven.org/maven2/org/apache/commons/commons-compress/1.20/commons-compress-1.20.jar
Downloaded from central: https://repo1.maven.org/maven2/org/sonatype/plexus/plexus-sec-dispatcher/1.3/plexus-sec-dispatcher-1.3.jar (29 kB at 94 kB/s)
Downloading from central: https://repo1.maven.org/maven2/org/codehaus/plexus/plexus-archiver/4.2.7/plexus-archiver-4.2.7.jar
Downloaded from central: https://repo1.maven.org/maven2/com/google/guava/guava/10.0.1/guava-10.0.1.jar (1.5 MB at 4.8 MB/s)
Downloading from central: https://repo1.maven.org/maven2/org/codehaus/plexus/plexus-io/3.2.0/plexus-io-3.2.0.jar
Downloaded from central: https://repo1.maven.org/maven2/org/apache/maven/shared/maven-shared-utils/3.3.3/maven-shared-utils-3.3.3.jar (154 kB at 489 kB/s)
Downloading from central: https://repo1.maven.org/maven2/org/apache/maven/shared/maven-dependency-tree/3.0/maven-dependency-tree-3.0.jar
Downloaded from central: https://repo1.maven.org/maven2/org/sonatype/plexus/plexus-cipher/1.4/plexus-cipher-1.4.jar (13 kB at 43 kB/s)
Downloading from central: https://repo1.maven.org/maven2/org/codehaus/plexus/plexus-component-annotations/1.6/plexus-component-annotations-1.6.jar
Progress (1): 7.7/195 kB
Progress (1): 12/195 kB 
Progress (1): 29/195 kB
Progress (1): 45/195 kB
Progress (1): 61/195 kB
Progress (1): 78/195 kB
Progress (1): 94/195 kB
Progress (2): 94/195 kB | 7.7/76 kB
Progress (2): 111/195 kB | 7.7/76 kB
Progress (2): 127/195 kB | 7.7/76 kB
Progress (2): 127/195 kB | 16/76 kB 
Progress (2): 143/195 kB | 16/76 kB
Progress (2): 143/195 kB | 29/76 kB
Progress (2): 160/195 kB | 29/76 kB
Progress (2): 160/195 kB | 45/76 kB
Progress (2): 176/195 kB | 45/76 kB
Progress (2): 176/195 kB | 61/76 kB
Progress (2): 176/195 kB | 76 kB   
Progress (2): 193/195 kB | 76 kB
Progress (2): 195 kB | 76 kB    
Progress (3): 195 kB | 76 kB | 7.7/632 kB
Progress (3): 195 kB | 76 kB | 8.2/632 kB
Progress (3): 195 kB | 76 kB | 25/632 kB 
Progress (4): 195 kB | 76 kB | 25/632 kB | 3.8/4.3 kB
Progress (4): 195 kB | 76 kB | 41/632 kB | 3.8/4.3 kB
Progress (4): 195 kB | 76 kB | 57/632 kB | 3.8/4.3 kB
Progress (4): 195 kB | 76 kB | 66/632 kB | 3.8/4.3 kB
Progress (4): 195 kB | 76 kB | 82/632 kB | 3.8/4.3 kB
Progress (4): 195 kB | 76 kB | 98/632 kB | 3.8/4.3 kB
Progress (4): 195 kB | 76 kB | 115/632 kB | 3.8/4.3 kB
Progress (4): 195 kB | 76 kB | 123/632 kB | 3.8/4.3 kB
Progress (4): 195 kB | 76 kB | 123/632 kB | 4.3 kB    
Progress (4): 195 kB | 76 kB | 139/632 kB | 4.3 kB
Progress (4): 195 kB | 76 kB | 156/632 kB | 4.3 kB
Progress (4): 195 kB | 76 kB | 172/632 kB | 4.3 kB
Progress (4): 195 kB | 76 kB | 188/632 kB | 4.3 kB
Progress (4): 195 kB | 76 kB | 197/632 kB | 4.3 kB
Progress (4): 195 kB | 76 kB | 213/632 kB | 4.3 kB
Progress (4): 195 kB | 76 kB | 229/632 kB | 4.3 kB
Progress (4): 195 kB | 76 kB | 246/632 kB | 4.3 kB
Progress (4): 195 kB | 76 kB | 262/632 kB | 4.3 kB
Progress (5): 195 kB | 76 kB | 262/632 kB | 4.3 kB | 7.7/37 kB
Progress (5): 195 kB | 76 kB | 279/632 kB | 4.3 kB | 7.7/37 kB
Progress (5): 195 kB | 76 kB | 295/632 kB | 4.3 kB | 7.7/37 kB
Progress (5): 195 kB | 76 kB | 311/632 kB | 4.3 kB | 7.7/37 kB
Progress (5): 195 kB | 76 kB | 311/632 kB | 4.3 kB | 16/37 kB 
Progress (5): 195 kB | 76 kB | 328/632 kB | 4.3 kB | 16/37 kB
Progress (5): 195 kB | 76 kB | 328/632 kB | 4.3 kB | 32/37 kB
Progress (5): 195 kB | 76 kB | 328/632 kB | 4.3 kB | 37 kB   
                                                          
Downloaded from central: https://repo1.maven.org/maven2/org/codehaus/plexus/plexus-io/3.2.0/plexus-io-3.2.0.jar (76 kB at 207 kB/s)
Downloading from central: https://repo1.maven.org/maven2/org/codehaus/plexus/plexus-utils/3.3.0/plexus-utils-3.3.0.jar
Downloaded from central: https://repo1.maven.org/maven2/org/codehaus/plexus/plexus-archiver/4.2.7/plexus-archiver-4.2.7.jar (195 kB at 529 kB/s)
Downloading from central: https://repo1.maven.org/maven2/org/apache/maven/doxia/doxia-sink-api/1.0/doxia-sink-api-1.0.jar
Progress (3): 344/632 kB | 4.3 kB | 37 kB
                                         
Downloaded from central: https://repo1.maven.org/maven2/org/codehaus/plexus/plexus-component-annotations/1.6/plexus-component-annotations-1.6.jar (4.3 kB at 12 kB/s)
Downloading from central: https://repo1.maven.org/maven2/org/apache/maven/doxia/doxia-site-renderer/1.0/doxia-site-renderer-1.0.jar
Progress (2): 360/632 kB | 37 kB
Progress (2): 377/632 kB | 37 kB
Progress (2): 393/632 kB | 37 kB
Progress (2): 410/632 kB | 37 kB
Progress (2): 426/632 kB | 37 kB
Progress (2): 442/632 kB | 37 kB
Progress (2): 459/632 kB | 37 kB
Progress (2): 475/632 kB | 37 kB
Progress (2): 492/632 kB | 37 kB
                                
Downloaded from central: https://repo1.maven.org/maven2/org/apache/maven/shared/maven-dependency-tree/3.0/maven-dependency-tree-3.0.jar (37 kB at 98 kB/s)
Progress (1): 508/632 kB
                        
Downloading from central: https://repo1.maven.org/maven2/org/apache/maven/doxia/doxia-core/1.0/doxia-core-1.0.jar
Progress (1): 524/632 kB
Progress (1): 541/632 kB
Progress (1): 557/632 kB
Progress (1): 573/632 kB
Progress (1): 590/632 kB
Progress (1): 606/632 kB
Progress (1): 623/632 kB
Progress (1): 632 kB    
                    
Downloaded from central: https://repo1.maven.org/maven2/org/apache/commons/commons-compress/1.20/commons-compress-1.20.jar (632 kB at 1.6 MB/s)
Downloading from central: https://repo1.maven.org/maven2/org/codehaus/plexus/plexus-i18n/1.0-beta-7/plexus-i18n-1.0-beta-7.jar
Progress (1): 7.7/55 kB
Progress (2): 7.7/55 kB | 3.8/10 kB
Progress (2): 7.7/55 kB | 8.0/10 kB
Progress (2): 7.7/55 kB | 10 kB    
Progress (2): 16/55 kB | 10 kB 
Progress (2): 32/55 kB | 10 kB
Progress (2): 49/55 kB | 10 kB
Progress (2): 55 kB | 10 kB   
Progress (3): 55 kB | 10 kB | 7.7/263 kB
Progress (3): 55 kB | 10 kB | 16/263 kB 
Progress (3): 55 kB | 10 kB | 16/263 kB
Progress (3): 55 kB | 10 kB | 33/263 kB
Progress (3): 55 kB | 10 kB | 41/263 kB
Progress (3): 55 kB | 10 kB | 57/263 kB
Progress (3): 55 kB | 10 kB | 74/263 kB
Progress (3): 55 kB | 10 kB | 90/263 kB
Progress (3): 55 kB | 10 kB | 106/263 kB
Progress (3): 55 kB | 10 kB | 123/263 kB
Progress (3): 55 kB | 10 kB | 131/263 kB
Progress (3): 55 kB | 10 kB | 139/263 kB
Progress (3): 55 kB | 10 kB | 147/263 kB
Progress (3): 55 kB | 10 kB | 164/263 kB
Progress (3): 55 kB | 10 kB | 180/263 kB
                                        
Downloaded from central: https://repo1.maven.org/maven2/org/apache/maven/doxia/doxia-core/1.0/doxia-core-1.0.jar (55 kB at 131 kB/s)
Downloading from central: https://repo1.maven.org/maven2/org/codehaus/plexus/plexus-container-default/1.0-alpha-30/plexus-container-default-1.0-alpha-30.jar
Progress (2): 10 kB | 197/263 kB
                                
Downloaded from central: https://repo1.maven.org/maven2/org/apache/maven/doxia/doxia-sink-api/1.0/doxia-sink-api-1.0.jar (10 kB at 24 kB/s)
Downloading from central: https://repo1.maven.org/maven2/org/codehaus/plexus/plexus-velocity/1.1.7/plexus-velocity-1.1.7.jar
Progress (1): 213/263 kB
Progress (1): 229/263 kB
Progress (1): 246/263 kB
Progress (1): 262/263 kB
Progress (1): 263 kB    
Progress (2): 263 kB | 7.7/11 kB
Progress (2): 263 kB | 11 kB    
Progress (3): 263 kB | 11 kB | 7.7/47 kB
Progress (3): 263 kB | 11 kB | 12/47 kB 
Progress (3): 263 kB | 11 kB | 29/47 kB
Progress (3): 263 kB | 11 kB | 45/47 kB
Progress (3): 263 kB | 11 kB | 47 kB   
                                    
Downloaded from central: https://repo1.maven.org/maven2/org/codehaus/plexus/plexus-utils/3.3.0/plexus-utils-3.3.0.jar (263 kB at 588 kB/s)
Downloading from central: https://repo1.maven.org/maven2/org/apache/velocity/velocity/1.5/velocity-1.5.jar
Downloaded from central: https://repo1.maven.org/maven2/org/codehaus/plexus/plexus-i18n/1.0-beta-7/plexus-i18n-1.0-beta-7.jar (11 kB at 23 kB/s)
Downloading from central: https://repo1.maven.org/maven2/org/apache/maven/doxia/doxia-decoration-model/1.0/doxia-decoration-model-1.0.jar
Progress (2): 47 kB | 16/237 kB
                               
Downloaded from central: https://repo1.maven.org/maven2/org/apache/maven/doxia/doxia-site-renderer/1.0/doxia-site-renderer-1.0.jar (47 kB at 102 kB/s)
Downloading from central: https://repo1.maven.org/maven2/org/apache/maven/doxia/doxia-module-apt/1.0/doxia-module-apt-1.0.jar
Progress (1): 25/237 kB
Progress (1): 41/237 kB
Progress (1): 57/237 kB
Progress (1): 74/237 kB
Progress (1): 90/237 kB
Progress (1): 106/237 kB
Progress (1): 123/237 kB
Progress (1): 139/237 kB
Progress (1): 156/237 kB
Progress (1): 172/237 kB
Progress (1): 188/237 kB
Progress (1): 205/237 kB
Progress (1): 221/237 kB
Progress (2): 221/237 kB | 3.8/7.7 kB
Progress (2): 237 kB | 3.8/7.7 kB    
Progress (2): 237 kB | 7.7 kB    
                             
Downloaded from central: https://repo1.maven.org/maven2/org/codehaus/plexus/plexus-container-default/1.0-alpha-30/plexus-container-default-1.0-alpha-30.jar (237 kB at 498 kB/s)
Downloading from central: https://repo1.maven.org/maven2/org/apache/maven/doxia/doxia-module-fml/1.0/doxia-module-fml-1.0.jar
Downloaded from central: https://repo1.maven.org/maven2/org/codehaus/plexus/plexus-velocity/1.1.7/plexus-velocity-1.1.7.jar (7.7 kB at 16 kB/s)
Downloading from central: https://repo1.maven.org/maven2/org/apache/maven/doxia/doxia-module-xdoc/1.0/doxia-module-xdoc-1.0.jar
Progress (1): 7.7/392 kB
Progress (1): 16/392 kB 
Progress (1): 32/392 kB
Progress (1): 49/392 kB
Progress (1): 65/392 kB
Progress (1): 81/392 kB
Progress (1): 98/392 kB
Progress (1): 114/392 kB
Progress (1): 131/392 kB
Progress (1): 147/392 kB
Progress (1): 163/392 kB
Progress (1): 180/392 kB
Progress (1): 196/392 kB
Progress (1): 213/392 kB
Progress (1): 229/392 kB
Progress (1): 245/392 kB
Progress (1): 262/392 kB
Progress (1): 278/392 kB
Progress (1): 294/392 kB
Progress (2): 294/392 kB | 7.7/47 kB
Progress (2): 294/392 kB | 8.2/47 kB
Progress (2): 311/392 kB | 8.2/47 kB
Progress (3): 311/392 kB | 8.2/47 kB | 7.7/49 kB
Progress (3): 327/392 kB | 8.2/47 kB | 7.7/49 kB
Progress (3): 327/392 kB | 25/47 kB | 7.7/49 kB 
Progress (3): 327/392 kB | 33/47 kB | 7.7/49 kB
Progress (3): 344/392 kB | 33/47 kB | 7.7/49 kB
Progress (3): 360/392 kB | 33/47 kB | 7.7/49 kB
Progress (3): 360/392 kB | 47 kB | 7.7/49 kB   
Progress (3): 376/392 kB | 47 kB | 7.7/49 kB
Progress (3): 376/392 kB | 47 kB | 16/49 kB 
Progress (3): 392 kB | 47 kB | 16/49 kB    
Progress (3): 392 kB | 47 kB | 25/49 kB
Progress (3): 392 kB | 47 kB | 41/49 kB
Progress (3): 392 kB | 47 kB | 49 kB   
Progress (4): 392 kB | 47 kB | 49 kB | 3.8/19 kB
Progress (4): 392 kB | 47 kB | 49 kB | 8.0/19 kB
Progress (4): 392 kB | 47 kB | 49 kB | 12/19 kB 
Progress (4): 392 kB | 47 kB | 49 kB | 12/19 kB
Progress (4): 392 kB | 47 kB | 49 kB | 17/19 kB
Progress (4): 392 kB | 47 kB | 49 kB | 19 kB   
                                            
Downloaded from central: https://repo1.maven.org/maven2/org/apache/maven/doxia/doxia-module-apt/1.0/doxia-module-apt-1.0.jar (47 kB at 92 kB/s)
Downloading from central: https://repo1.maven.org/maven2/org/apache/maven/doxia/doxia-module-xhtml/1.0/doxia-module-xhtml-1.0.jar
Downloaded from central: https://repo1.maven.org/maven2/org/apache/maven/doxia/doxia-decoration-model/1.0/doxia-decoration-model-1.0.jar (49 kB at 96 kB/s)
Downloaded from central: https://repo1.maven.org/maven2/org/apache/velocity/velocity/1.5/velocity-1.5.jar (392 kB at 766 kB/s)
Progress (2): 19 kB | 4.1/28 kB
Progress (2): 19 kB | 20/28 kB 
Progress (2): 19 kB | 28 kB   
                           
Downloaded from central: https://repo1.maven.org/maven2/org/apache/maven/doxia/doxia-module-fml/1.0/doxia-module-fml-1.0.jar (19 kB at 35 kB/s)
Downloaded from central: https://repo1.maven.org/maven2/org/apache/maven/doxia/doxia-module-xdoc/1.0/doxia-module-xdoc-1.0.jar (28 kB at 52 kB/s)
Progress (1): 7.7/22 kB
Progress (1): 16/22 kB 
Progress (1): 22 kB   
                   
Downloaded from central: https://repo1.maven.org/maven2/org/apache/maven/doxia/doxia-module-xhtml/1.0/doxia-module-xhtml-1.0.jar (22 kB at 39 kB/s)
Downloading from central: https://repo1.maven.org/maven2/org/apache/maven/maven-core/3.6.3/maven-core-3.6.3.pom
Progress (1): 764 B
Progress (1): 4.0 kB
Progress (1): 6.5 kB
Progress (1): 8.8 kB
                    
Downloaded from central: https://repo1.maven.org/maven2/org/apache/maven/maven-core/3.6.3/maven-core-3.6.3.pom (8.8 kB at 192 kB/s)
Downloading from central: https://repo1.maven.org/maven2/org/apache/maven/maven/3.6.3/maven-3.6.3.pom
Progress (1): 710 B
Progress (1): 1.9 kB
Progress (1): 3.5 kB
Progress (1): 5.5 kB
Progress (1): 11 kB 
Progress (1): 16 kB
Progress (1): 20 kB
Progress (1): 23 kB
Progress (1): 26 kB
Progress (1): 26 kB
                   
Downloaded from central: https://repo1.maven.org/maven2/org/apache/maven/maven/3.6.3/maven-3.6.3.pom (26 kB at 456 kB/s)
Downloading from central: https://repo1.maven.org/maven2/org/apache/maven/maven-model/3.6.3/maven-model-3.6.3.pom
Progress (1): 793 B
Progress (1): 2.6 kB
Progress (1): 4.1 kB
                    
Downloaded from central: https://repo1.maven.org/maven2/org/apache/maven/maven-model/3.6.3/maven-model-3.6.3.pom (4.1 kB at 77 kB/s)
Downloading from central: https://repo1.maven.org/maven2/org/apache/maven/maven-settings/3.6.3/maven-settings-3.6.3.pom
Progress (1): 832 B
Progress (1): 1.9 kB
                    
Downloaded from central: https://repo1.maven.org/maven2/org/apache/maven/maven-settings/3.6.3/maven-settings-3.6.3.pom (1.9 kB at 34 kB/s)
Downloading from central: https://repo1.maven.org/maven2/org/apache/maven/maven-settings-builder/3.6.3/maven-settings-builder-3.6.3.pom
Progress (1): 821 B
Progress (1): 2.5 kB
                    
Downloaded from central: https://repo1.maven.org/maven2/org/apache/maven/maven-settings-builder/3.6.3/maven-settings-builder-3.6.3.pom (2.5 kB at 64 kB/s)
Downloading from central: https://repo1.maven.org/maven2/org/apache/maven/maven-builder-support/3.6.3/maven-builder-support-3.6.3.pom
Progress (1): 837 B
Progress (1): 1.4 kB
                    
Downloaded from central: https://repo1.maven.org/maven2/org/apache/maven/maven-builder-support/3.6.3/maven-builder-support-3.6.3.pom (1.4 kB at 24 kB/s)
Downloading from central: https://repo1.maven.org/maven2/org/codehaus/plexus/plexus-interpolation/1.25/plexus-interpolation-1.25.pom
Progress (1): 1.4 kB
Progress (1): 2.6 kB
                    
Downloaded from central: https://repo1.maven.org/maven2/org/codehaus/plexus/plexus-interpolation/1.25/plexus-interpolation-1.25.pom (2.6 kB at 54 kB/s)
Downloading from central: https://repo1.maven.org/maven2/org/sonatype/plexus/plexus-sec-dispatcher/1.4/plexus-sec-dispatcher-1.4.pom
Progress (1): 1.3 kB
Progress (1): 3.0 kB
                    
Downloaded from central: https://repo1.maven.org/maven2/org/sonatype/plexus/plexus-sec-dispatcher/1.4/plexus-sec-dispatcher-1.4.pom (3.0 kB at 60 kB/s)
Downloading from central: https://repo1.maven.org/maven2/org/sonatype/plexus/plexus-cipher/1.7/plexus-cipher-1.7.pom
Progress (1): 1.2 kB
Progress (1): 4.2 kB
                    
Downloaded from central: https://repo1.maven.org/maven2/org/sonatype/plexus/plexus-cipher/1.7/plexus-cipher-1.7.pom (4.2 kB at 79 kB/s)
Downloading from central: https://repo1.maven.org/maven2/org/apache/maven/maven-repository-metadata/3.6.3/maven-repository-metadata-3.6.3.pom
Progress (1): 829 B
Progress (1): 1.9 kB
                    
Downloaded from central: https://repo1.maven.org/maven2/org/apache/maven/maven-repository-metadata/3.6.3/maven-repository-metadata-3.6.3.pom (1.9 kB at 41 kB/s)
Downloading from central: https://repo1.maven.org/maven2/org/apache/maven/maven-artifact/3.6.3/maven-artifact-3.6.3.pom
Progress (1): 822 B
Progress (1): 2.4 kB
                    
Downloaded from central: https://repo1.maven.org/maven2/org/apache/maven/maven-artifact/3.6.3/maven-artifact-3.6.3.pom (2.4 kB at 51 kB/s)
Downloading from central: https://repo1.maven.org/maven2/org/apache/commons/commons-lang3/3.8.1/commons-lang3-3.8.1.pom
Progress (1): 743 B
Progress (1): 2.1 kB
Progress (1): 5.4 kB
Progress (1): 8.8 kB
Progress (1): 12 kB 
Progress (1): 15 kB
Progress (1): 16 kB
Progress (1): 18 kB
Progress (1): 21 kB
Progress (1): 24 kB
Progress (1): 27 kB
Progress (1): 28 kB
                   
Downloaded from central: https://repo1.maven.org/maven2/org/apache/commons/commons-lang3/3.8.1/commons-lang3-3.8.1.pom (28 kB at 358 kB/s)
Downloading from central: https://repo1.maven.org/maven2/org/apache/maven/maven-plugin-api/3.6.3/maven-plugin-api-3.6.3.pom
Progress (1): 801 B
Progress (1): 2.9 kB
Progress (1): 3.0 kB
                    
Downloaded from central: https://repo1.maven.org/maven2/org/apache/maven/maven-plugin-api/3.6.3/maven-plugin-api-3.6.3.pom (3.0 kB at 47 kB/s)
Downloading from central: https://repo1.maven.org/maven2/org/codehaus/plexus/plexus-component-annotations/2.1.0/plexus-component-annotations-2.1.0.pom
Progress (1): 750 B
                   
Downloaded from central: https://repo1.maven.org/maven2/org/codehaus/plexus/plexus-component-annotations/2.1.0/plexus-component-annotations-2.1.0.pom (750 B at 17 kB/s)
Downloading from central: https://repo1.maven.org/maven2/org/codehaus/plexus/plexus-containers/2.1.0/plexus-containers-2.1.0.pom
Progress (1): 1.3 kB
Progress (1): 4.7 kB
Progress (1): 4.8 kB
                    
Downloaded from central: https://repo1.maven.org/maven2/org/codehaus/plexus/plexus-containers/2.1.0/plexus-containers-2.1.0.pom (4.8 kB at 87 kB/s)
Downloading from central: https://repo1.maven.org/maven2/org/codehaus/plexus/plexus-classworlds/2.5.2/plexus-classworlds-2.5.2.pom
Progress (1): 930 B
Progress (1): 3.0 kB
Progress (1): 6.0 kB
Progress (1): 7.3 kB
                    
Downloaded from central: https://repo1.maven.org/maven2/org/codehaus/plexus/plexus-classworlds/2.5.2/plexus-classworlds-2.5.2.pom (7.3 kB at 130 kB/s)
Downloading from central: https://repo1.maven.org/maven2/org/codehaus/plexus/plexus-classworlds/2.6.0/plexus-classworlds-2.6.0.pom
Progress (1): 932 B
Progress (1): 2.6 kB
Progress (1): 5.5 kB
Progress (1): 7.9 kB
                    
Downloaded from central: https://repo1.maven.org/maven2/org/codehaus/plexus/plexus-classworlds/2.6.0/plexus-classworlds-2.6.0.pom (7.9 kB at 146 kB/s)
Downloading from central: https://repo1.maven.org/maven2/org/apache/maven/maven-model-builder/3.6.3/maven-model-builder-3.6.3.pom
Progress (1): 801 B
Progress (1): 3.4 kB
Progress (1): 3.4 kB
                    
Downloaded from central: https://repo1.maven.org/maven2/org/apache/maven/maven-model-builder/3.6.3/maven-model-builder-3.6.3.pom (3.4 kB at 72 kB/s)
Downloading from central: https://repo1.maven.org/maven2/org/apache/maven/maven-resolver-provider/3.6.3/maven-resolver-provider-3.6.3.pom
Progress (1): 798 B
Progress (1): 3.6 kB
Progress (1): 4.3 kB
                    
Downloaded from central: https://repo1.maven.org/maven2/org/apache/maven/maven-resolver-provider/3.6.3/maven-resolver-provider-3.6.3.pom (4.3 kB at 71 kB/s)
Downloading from central: https://repo1.maven.org/maven2/org/apache/maven/resolver/maven-resolver-api/1.4.1/maven-resolver-api-1.4.1.pom
Progress (1): 843 B
Progress (1): 2.6 kB
Progress (1): 2.6 kB
                    
Downloaded from central: https://repo1.maven.org/maven2/org/apache/maven/resolver/maven-resolver-api/1.4.1/maven-resolver-api-1.4.1.pom (2.6 kB at 49 kB/s)
Downloading from central: https://repo1.maven.org/maven2/org/apache/maven/resolver/maven-resolver/1.4.1/maven-resolver-1.4.1.pom
Progress (1): 774 B
Progress (1): 2.2 kB
Progress (1): 6.0 kB
Progress (1): 9.6 kB
Progress (1): 13 kB 
Progress (1): 16 kB
Progress (1): 18 kB
                   
Downloaded from central: https://repo1.maven.org/maven2/org/apache/maven/resolver/maven-resolver/1.4.1/maven-resolver-1.4.1.pom (18 kB at 260 kB/s)
Downloading from central: https://repo1.maven.org/maven2/org/apache/maven/resolver/maven-resolver-spi/1.4.1/maven-resolver-spi-1.4.1.pom
Progress (1): 842 B
Progress (1): 2.6 kB
Progress (1): 2.6 kB
                    
Downloaded from central: https://repo1.maven.org/maven2/org/apache/maven/resolver/maven-resolver-spi/1.4.1/maven-resolver-spi-1.4.1.pom (2.6 kB at 56 kB/s)
Downloading from central: https://repo1.maven.org/maven2/org/apache/maven/resolver/maven-resolver-util/1.4.1/maven-resolver-util-1.4.1.pom
Progress (1): 825 B
Progress (1): 2.8 kB
Progress (1): 2.8 kB
                    
Downloaded from central: https://repo1.maven.org/maven2/org/apache/maven/resolver/maven-resolver-util/1.4.1/maven-resolver-util-1.4.1.pom (2.8 kB at 57 kB/s)
Downloading from central: https://repo1.maven.org/maven2/org/apache/maven/resolver/maven-resolver-impl/1.4.1/maven-resolver-impl-1.4.1.pom
Progress (1): 820 B
Progress (1): 3.5 kB
Progress (1): 4.1 kB
                    
Downloaded from central: https://repo1.maven.org/maven2/org/apache/maven/resolver/maven-resolver-impl/1.4.1/maven-resolver-impl-1.4.1.pom (4.1 kB at 88 kB/s)
Downloading from central: https://repo1.maven.org/maven2/org/slf4j/slf4j-api/1.7.29/slf4j-api-1.7.29.pom
Progress (1): 1.0 kB
Progress (1): 3.3 kB
Progress (1): 3.8 kB
                    
Downloaded from central: https://repo1.maven.org/maven2/org/slf4j/slf4j-api/1.7.29/slf4j-api-1.7.29.pom (3.8 kB at 85 kB/s)
Downloading from central: https://repo1.maven.org/maven2/org/slf4j/slf4j-parent/1.7.29/slf4j-parent-1.7.29.pom
Progress (1): 1.0 kB
Progress (1): 3.2 kB
Progress (1): 6.0 kB
Progress (1): 9.1 kB
Progress (1): 12 kB 
Progress (1): 14 kB
                   
Downloaded from central: https://repo1.maven.org/maven2/org/slf4j/slf4j-parent/1.7.29/slf4j-parent-1.7.29.pom (14 kB at 238 kB/s)
Downloading from central: https://repo1.maven.org/maven2/org/apache/maven/shared/maven-shared-utils/3.2.1/maven-shared-utils-3.2.1.pom
Progress (1): 803 B
Progress (1): 2.3 kB
Progress (1): 4.6 kB
Progress (1): 5.6 kB
                    
Downloaded from central: https://repo1.maven.org/maven2/org/apache/maven/shared/maven-shared-utils/3.2.1/maven-shared-utils-3.2.1.pom (5.6 kB at 104 kB/s)
Downloading from central: https://repo1.maven.org/maven2/org/apache/maven/shared/maven-shared-components/30/maven-shared-components-30.pom
Progress (1): 800 B
Progress (1): 2.4 kB
Progress (1): 4.6 kB
Progress (1): 4.6 kB
                    
Downloaded from central: https://repo1.maven.org/maven2/org/apache/maven/shared/maven-shared-components/30/maven-shared-components-30.pom (4.6 kB at 92 kB/s)
Downloading from central: https://repo1.maven.org/maven2/org/apache/maven/maven-parent/30/maven-parent-30.pom
Progress (1): 717 B
Progress (1): 1.9 kB
Progress (1): 5.4 kB
Progress (1): 10.0 kB
Progress (1): 14 kB  
Progress (1): 19 kB
Progress (1): 23 kB
Progress (1): 25 kB
Progress (1): 27 kB
Progress (1): 31 kB
Progress (1): 34 kB
Progress (1): 37 kB
Progress (1): 41 kB
                   
Downloaded from central: https://repo1.maven.org/maven2/org/apache/maven/maven-parent/30/maven-parent-30.pom (41 kB at 810 kB/s)
Downloading from central: https://repo1.maven.org/maven2/com/google/inject/guice/4.2.1/guice-4.2.1.pom
Progress (1): 1.6 kB
Progress (1): 3.6 kB
Progress (1): 6.2 kB
Progress (1): 9.9 kB
Progress (1): 11 kB 
                   
Downloaded from central: https://repo1.maven.org/maven2/com/google/inject/guice/4.2.1/guice-4.2.1.pom (11 kB at 171 kB/s)
Downloading from central: https://repo1.maven.org/maven2/com/google/inject/guice-parent/4.2.1/guice-parent-4.2.1.pom
Progress (1): 797 B
Progress (1): 2.8 kB
Progress (1): 4.4 kB
Progress (1): 7.4 kB
Progress (1): 9.9 kB
Progress (1): 13 kB 
Progress (1): 16 kB
Progress (1): 16 kB
                   
Downloaded from central: https://repo1.maven.org/maven2/com/google/inject/guice-parent/4.2.1/guice-parent-4.2.1.pom (16 kB at 293 kB/s)
Downloading from central: https://repo1.maven.org/maven2/com/google/guava/guava/25.1-android/guava-25.1-android.pom
Progress (1): 1.1 kB
Progress (1): 2.9 kB
Progress (1): 4.9 kB
Progress (1): 6.5 kB
Progress (1): 7.8 kB
                    
Downloaded from central: https://repo1.maven.org/maven2/com/google/guava/guava/25.1-android/guava-25.1-android.pom (7.8 kB at 100 kB/s)
Downloading from central: https://repo1.maven.org/maven2/com/google/guava/guava-parent/25.1-android/guava-parent-25.1-android.pom
Progress (1): 987 B
Progress (1): 2.8 kB
Progress (1): 5.4 kB
Progress (1): 7.4 kB
Progress (1): 10 kB 
                   
Downloaded from central: https://repo1.maven.org/maven2/com/google/guava/guava-parent/25.1-android/guava-parent-25.1-android.pom (10 kB at 179 kB/s)
Downloading from central: https://repo1.maven.org/maven2/com/google/errorprone/error_prone_annotations/2.1.3/error_prone_annotations-2.1.3.pom
Progress (1): 837 B
Progress (1): 1.8 kB
                    
Downloaded from central: https://repo1.maven.org/maven2/com/google/errorprone/error_prone_annotations/2.1.3/error_prone_annotations-2.1.3.pom (1.8 kB at 34 kB/s)
Downloading from central: https://repo1.maven.org/maven2/com/google/errorprone/error_prone_parent/2.1.3/error_prone_parent-2.1.3.pom
Progress (1): 759 B
Progress (1): 2.4 kB
Progress (1): 5.1 kB
                    
Downloaded from central: https://repo1.maven.org/maven2/com/google/errorprone/error_prone_parent/2.1.3/error_prone_parent-2.1.3.pom (5.1 kB at 113 kB/s)
Downloading from central: https://repo1.maven.org/maven2/com/google/j2objc/j2objc-annotations/1.1/j2objc-annotations-1.1.pom
Progress (1): 857 B
Progress (1): 2.8 kB
                    
Downloaded from central: https://repo1.maven.org/maven2/com/google/j2objc/j2objc-annotations/1.1/j2objc-annotations-1.1.pom (2.8 kB at 60 kB/s)
Downloading from central: https://repo1.maven.org/maven2/org/codehaus/mojo/animal-sniffer-annotations/1.14/animal-sniffer-annotations-1.14.pom
Progress (1): 802 B
Progress (1): 2.0 kB
Progress (1): 2.5 kB
                    
Downloaded from central: https://repo1.maven.org/maven2/org/codehaus/mojo/animal-sniffer-annotations/1.14/animal-sniffer-annotations-1.14.pom (2.5 kB at 53 kB/s)
Downloading from central: https://repo1.maven.org/maven2/org/codehaus/mojo/animal-sniffer-parent/1.14/animal-sniffer-parent-1.14.pom
Progress (1): 785 B
Progress (1): 2.0 kB
Progress (1): 3.8 kB
Progress (1): 4.4 kB
                    
Downloaded from central: https://repo1.maven.org/maven2/org/codehaus/mojo/animal-sniffer-parent/1.14/animal-sniffer-parent-1.14.pom (4.4 kB at 97 kB/s)
Downloading from central: https://repo1.maven.org/maven2/org/codehaus/mojo/mojo-parent/34/mojo-parent-34.pom
Progress (1): 753 B
Progress (1): 2.8 kB
Progress (1): 4.6 kB
Progress (1): 8.5 kB
Progress (1): 13 kB 
Progress (1): 15 kB
Progress (1): 19 kB
Progress (1): 24 kB
Progress (1): 24 kB
                   
Downloaded from central: https://repo1.maven.org/maven2/org/codehaus/mojo/mojo-parent/34/mojo-parent-34.pom (24 kB at 468 kB/s)
Downloading from central: https://repo1.maven.org/maven2/org/codehaus/codehaus-parent/4/codehaus-parent-4.pom
Progress (1): 844 B
Progress (1): 2.4 kB
Progress (1): 4.8 kB
Progress (1): 4.8 kB
                    
Downloaded from central: https://repo1.maven.org/maven2/org/codehaus/codehaus-parent/4/codehaus-parent-4.pom (4.8 kB at 7.0 kB/s)
Downloading from central: https://repo1.maven.org/maven2/org/codehaus/plexus/plexus-archiver/4.2.2/plexus-archiver-4.2.2.pom
Progress (1): 1.2 kB
Progress (1): 3.6 kB
Progress (1): 4.4 kB
                    
Downloaded from central: https://repo1.maven.org/maven2/org/codehaus/plexus/plexus-archiver/4.2.2/plexus-archiver-4.2.2.pom (4.4 kB at 97 kB/s)
Downloading from central: https://repo1.maven.org/maven2/org/codehaus/plexus/plexus/6.1/plexus-6.1.pom
Progress (1): 695 B
Progress (1): 2.7 kB
Progress (1): 6.4 kB
Progress (1): 9.2 kB
Progress (1): 11 kB 
Progress (1): 16 kB
Progress (1): 19 kB
Progress (1): 24 kB
                   
Downloaded from central: https://repo1.maven.org/maven2/org/codehaus/plexus/plexus/6.1/plexus-6.1.pom (24 kB at 528 kB/s)
Downloading from central: https://repo1.maven.org/maven2/org/apache/maven/maven-compat/3.6.3/maven-compat-3.6.3.pom
Progress (1): 801 B
Progress (1): 4.4 kB
Progress (1): 4.6 kB
                    
Downloaded from central: https://repo1.maven.org/maven2/org/apache/maven/maven-compat/3.6.3/maven-compat-3.6.3.pom (4.6 kB at 86 kB/s)
Downloading from central: https://repo1.maven.org/maven2/org/apache/maven/wagon/wagon-provider-api/3.3.4/wagon-provider-api-3.3.4.pom
Progress (1): 831 B
Progress (1): 1.9 kB
                    
Downloaded from central: https://repo1.maven.org/maven2/org/apache/maven/wagon/wagon-provider-api/3.3.4/wagon-provider-api-3.3.4.pom (1.9 kB at 39 kB/s)
Downloading from central: https://repo1.maven.org/maven2/org/apache/maven/wagon/wagon/3.3.4/wagon-3.3.4.pom
Progress (1): 738 B
Progress (1): 2.2 kB
Progress (1): 4.6 kB
Progress (1): 8.1 kB
Progress (1): 12 kB 
Progress (1): 14 kB
Progress (1): 18 kB
Progress (1): 21 kB
                   
Downloaded from central: https://repo1.maven.org/maven2/org/apache/maven/wagon/wagon/3.3.4/wagon-3.3.4.pom (21 kB at 389 kB/s)
Downloading from central: https://repo1.maven.org/maven2/org/apache/maven/maven-core/3.6.3/maven-core-3.6.3.jar
Downloading from central: https://repo1.maven.org/maven2/org/apache/maven/maven-model/3.6.3/maven-model-3.6.3.jar
Downloading from central: https://repo1.maven.org/maven2/org/apache/maven/maven-settings/3.6.3/maven-settings-3.6.3.jar
Downloading from central: https://repo1.maven.org/maven2/org/apache/maven/maven-settings-builder/3.6.3/maven-settings-builder-3.6.3.jar
Downloading from central: https://repo1.maven.org/maven2/org/sonatype/plexus/plexus-sec-dispatcher/1.4/plexus-sec-dispatcher-1.4.jar
Progress (1): 16/215 kB
Progress (1): 33/215 kB
Progress (1): 49/215 kB
Progress (1): 57/215 kB
Progress (1): 74/215 kB
Progress (1): 90/215 kB
Progress (1): 106/215 kB
Progress (1): 123/215 kB
Progress (1): 131/215 kB
Progress (1): 147/215 kB
Progress (1): 164/215 kB
Progress (1): 180/215 kB
Progress (1): 197/215 kB
Progress (2): 197/215 kB | 7.7/633 kB
Progress (2): 213/215 kB | 7.7/633 kB
Progress (2): 213/215 kB | 16/633 kB 
Progress (2): 215 kB | 16/633 kB    
Progress (2): 215 kB | 32/633 kB
Progress (2): 215 kB | 49/633 kB
Progress (2): 215 kB | 65/633 kB
Progress (2): 215 kB | 81/633 kB
Progress (2): 215 kB | 98/633 kB
Progress (2): 215 kB | 114/633 kB
Progress (3): 215 kB | 114/633 kB | 7.7/44 kB
Progress (3): 215 kB | 131/633 kB | 7.7/44 kB
Progress (3): 215 kB | 131/633 kB | 16/44 kB 
Progress (3): 215 kB | 147/633 kB | 16/44 kB
Progress (3): 215 kB | 147/633 kB | 32/44 kB
Progress (3): 215 kB | 147/633 kB | 44 kB   
Progress (3): 215 kB | 163/633 kB | 44 kB
Progress (3): 215 kB | 180/633 kB | 44 kB
Progress (3): 215 kB | 196/633 kB | 44 kB
Progress (3): 215 kB | 212/633 kB | 44 kB
Progress (4): 215 kB | 212/633 kB | 44 kB | 7.7/42 kB
Progress (4): 215 kB | 229/633 kB | 44 kB | 7.7/42 kB
Progress (4): 215 kB | 245/633 kB | 44 kB | 7.7/42 kB
Progress (4): 215 kB | 262/633 kB | 44 kB | 7.7/42 kB
Progress (4): 215 kB | 278/633 kB | 44 kB | 7.7/42 kB
Progress (4): 215 kB | 294/633 kB | 44 kB | 7.7/42 kB
Progress (4): 215 kB | 311/633 kB | 44 kB | 7.7/42 kB
Progress (4): 215 kB | 327/633 kB | 44 kB | 7.7/42 kB
Progress (4): 215 kB | 327/633 kB | 44 kB | 12/42 kB 
Progress (4): 215 kB | 344/633 kB | 44 kB | 12/42 kB
Progress (4): 215 kB | 344/633 kB | 44 kB | 28/42 kB
Progress (4): 215 kB | 360/633 kB | 44 kB | 28/42 kB
Progress (4): 215 kB | 360/633 kB | 44 kB | 42 kB   
Progress (4): 215 kB | 376/633 kB | 44 kB | 42 kB
Progress (4): 215 kB | 393/633 kB | 44 kB | 42 kB
Progress (4): 215 kB | 409/633 kB | 44 kB | 42 kB
Progress (4): 215 kB | 425/633 kB | 44 kB | 42 kB
Progress (4): 215 kB | 442/633 kB | 44 kB | 42 kB
Progress (4): 215 kB | 458/633 kB | 44 kB | 42 kB
Progress (4): 215 kB | 475/633 kB | 44 kB | 42 kB
Progress (4): 215 kB | 491/633 kB | 44 kB | 42 kB
Progress (4): 215 kB | 507/633 kB | 44 kB | 42 kB
                                                 
Downloaded from central: https://repo1.maven.org/maven2/org/apache/maven/maven-model/3.6.3/maven-model-3.6.3.jar (215 kB at 3.5 MB/s)
Downloading from central: https://repo1.maven.org/maven2/org/sonatype/plexus/plexus-cipher/1.7/plexus-cipher-1.7.jar
Progress (3): 524/633 kB | 44 kB | 42 kB
Progress (3): 540/633 kB | 44 kB | 42 kB
Progress (3): 557/633 kB | 44 kB | 42 kB
Progress (3): 573/633 kB | 44 kB | 42 kB
Progress (3): 589/633 kB | 44 kB | 42 kB
Progress (3): 606/633 kB | 44 kB | 42 kB
Progress (4): 606/633 kB | 44 kB | 42 kB | 3.4/28 kB
Progress (4): 622/633 kB | 44 kB | 42 kB | 3.4/28 kB
Progress (4): 633 kB | 44 kB | 42 kB | 3.4/28 kB    
Progress (4): 633 kB | 44 kB | 42 kB | 20/28 kB 
Progress (4): 633 kB | 44 kB | 42 kB | 28 kB   
                                            
Downloaded from central: https://repo1.maven.org/maven2/org/apache/maven/maven-settings/3.6.3/maven-settings-3.6.3.jar (44 kB at 667 kB/s)
Downloading from central: https://repo1.maven.org/maven2/org/apache/maven/maven-builder-support/3.6.3/maven-builder-support-3.6.3.jar
Downloaded from central: https://repo1.maven.org/maven2/org/apache/maven/maven-settings-builder/3.6.3/maven-settings-builder-3.6.3.jar (42 kB at 585 kB/s)
Downloading from central: https://repo1.maven.org/maven2/org/apache/maven/maven-repository-metadata/3.6.3/maven-repository-metadata-3.6.3.jar
Downloaded from central: https://repo1.maven.org/maven2/org/sonatype/plexus/plexus-sec-dispatcher/1.4/plexus-sec-dispatcher-1.4.jar (28 kB at 355 kB/s)
Downloading from central: https://repo1.maven.org/maven2/org/apache/maven/maven-artifact/3.6.3/maven-artifact-3.6.3.jar
Downloaded from central: https://repo1.maven.org/maven2/org/apache/maven/maven-core/3.6.3/maven-core-3.6.3.jar (633 kB at 7.9 MB/s)
Downloading from central: https://repo1.maven.org/maven2/org/apache/maven/maven-model-builder/3.6.3/maven-model-builder-3.6.3.jar
Progress (1): 7.7/13 kB
Progress (2): 7.7/13 kB | 7.7/14 kB
Progress (2): 7.7/13 kB | 8.2/14 kB
Progress (2): 13 kB | 8.2/14 kB    
Progress (2): 13 kB | 14 kB    
Progress (3): 13 kB | 14 kB | 7.7/27 kB
Progress (3): 13 kB | 14 kB | 16/27 kB 
Progress (3): 13 kB | 14 kB | 27 kB   
Progress (4): 13 kB | 14 kB | 27 kB | 7.7/192 kB
Progress (5): 13 kB | 14 kB | 27 kB | 7.7/192 kB | 7.7/58 kB
Progress (5): 13 kB | 14 kB | 27 kB | 16/192 kB | 7.7/58 kB 
Progress (5): 13 kB | 14 kB | 27 kB | 32/192 kB | 7.7/58 kB
Progress (5): 13 kB | 14 kB | 27 kB | 49/192 kB | 7.7/58 kB
Progress (5): 13 kB | 14 kB | 27 kB | 65/192 kB | 7.7/58 kB
Progress (5): 13 kB | 14 kB | 27 kB | 81/192 kB | 7.7/58 kB
Progress (5): 13 kB | 14 kB | 27 kB | 98/192 kB | 7.7/58 kB
Progress (5): 13 kB | 14 kB | 27 kB | 114/192 kB | 7.7/58 kB
Progress (5): 13 kB | 14 kB | 27 kB | 114/192 kB | 12/58 kB 
Progress (5): 13 kB | 14 kB | 27 kB | 131/192 kB | 12/58 kB
Progress (5): 13 kB | 14 kB | 27 kB | 131/192 kB | 29/58 kB
                                                           
Downloaded from central: https://repo1.maven.org/maven2/org/sonatype/plexus/plexus-cipher/1.7/plexus-cipher-1.7.jar (13 kB at 111 kB/s)
Downloading from central: https://repo1.maven.org/maven2/org/apache/maven/maven-resolver-provider/3.6.3/maven-resolver-provider-3.6.3.jar
Progress (4): 14 kB | 27 kB | 147/192 kB | 29/58 kB
Progress (4): 14 kB | 27 kB | 147/192 kB | 45/58 kB
Progress (4): 14 kB | 27 kB | 163/192 kB | 45/58 kB
Progress (4): 14 kB | 27 kB | 163/192 kB | 58 kB   
Progress (4): 14 kB | 27 kB | 180/192 kB | 58 kB
Progress (4): 14 kB | 27 kB | 192 kB | 58 kB    
                                            
Downloaded from central: https://repo1.maven.org/maven2/org/apache/maven/maven-repository-metadata/3.6.3/maven-repository-metadata-3.6.3.jar (27 kB at 214 kB/s)
Downloading from central: https://repo1.maven.org/maven2/org/slf4j/slf4j-api/1.7.29/slf4j-api-1.7.29.jar
Downloaded from central: https://repo1.maven.org/maven2/org/apache/maven/maven-builder-support/3.6.3/maven-builder-support-3.6.3.jar (14 kB at 112 kB/s)
Downloading from central: https://repo1.maven.org/maven2/org/apache/maven/resolver/maven-resolver-impl/1.4.1/maven-resolver-impl-1.4.1.jar
Downloaded from central: https://repo1.maven.org/maven2/org/apache/maven/maven-artifact/3.6.3/maven-artifact-3.6.3.jar (58 kB at 435 kB/s)
Downloading from central: https://repo1.maven.org/maven2/org/apache/maven/resolver/maven-resolver-api/1.4.1/maven-resolver-api-1.4.1.jar
Downloaded from central: https://repo1.maven.org/maven2/org/apache/maven/maven-model-builder/3.6.3/maven-model-builder-3.6.3.jar (192 kB at 1.4 MB/s)
Downloading from central: https://repo1.maven.org/maven2/org/apache/maven/resolver/maven-resolver-spi/1.4.1/maven-resolver-spi-1.4.1.jar
Progress (1): 7.7/66 kB
Progress (1): 16/66 kB 
Progress (1): 32/66 kB
Progress (1): 49/66 kB
Progress (1): 65/66 kB
Progress (1): 66 kB   
Progress (2): 66 kB | 7.7/41 kB
Progress (2): 66 kB | 16/41 kB 
Progress (2): 66 kB | 29/41 kB
Progress (2): 66 kB | 41 kB   
                           
Downloaded from central: https://repo1.maven.org/maven2/org/apache/maven/maven-resolver-provider/3.6.3/maven-resolver-provider-3.6.3.jar (66 kB at 411 kB/s)
Downloading from central: https://repo1.maven.org/maven2/org/apache/maven/resolver/maven-resolver-util/1.4.1/maven-resolver-util-1.4.1.jar
Progress (2): 41 kB | 7.7/181 kB
Progress (2): 41 kB | 8.2/181 kB
                                
Downloaded from central: https://repo1.maven.org/maven2/org/slf4j/slf4j-api/1.7.29/slf4j-api-1.7.29.jar (41 kB at 247 kB/s)
Downloading from central: https://repo1.maven.org/maven2/org/apache/maven/shared/maven-shared-utils/3.2.1/maven-shared-utils-3.2.1.jar
Progress (1): 25/181 kB
Progress (1): 41/181 kB
Progress (1): 57/181 kB
Progress (1): 74/181 kB
Progress (1): 90/181 kB
Progress (1): 106/181 kB
Progress (2): 106/181 kB | 7.7/149 kB
Progress (2): 123/181 kB | 7.7/149 kB
Progress (2): 139/181 kB | 7.7/149 kB
Progress (2): 156/181 kB | 7.7/149 kB
Progress (2): 156/181 kB | 8.2/149 kB
Progress (2): 172/181 kB | 8.2/149 kB
Progress (2): 181 kB | 8.2/149 kB    
Progress (2): 181 kB | 25/149 kB 
Progress (2): 181 kB | 41/149 kB
Progress (2): 181 kB | 57/149 kB
Progress (3): 181 kB | 57/149 kB | 16/37 kB
Progress (3): 181 kB | 74/149 kB | 16/37 kB
Progress (3): 181 kB | 74/149 kB | 33/37 kB
Progress (3): 181 kB | 90/149 kB | 33/37 kB
Progress (3): 181 kB | 90/149 kB | 37 kB   
Progress (3): 181 kB | 106/149 kB | 37 kB
Progress (3): 181 kB | 123/149 kB | 37 kB
Progress (3): 181 kB | 139/149 kB | 37 kB
Progress (3): 181 kB | 149 kB | 37 kB    
Progress (4): 181 kB | 149 kB | 37 kB | 16/168 kB
Progress (4): 181 kB | 149 kB | 37 kB | 25/168 kB
                                                 
Downloaded from central: https://repo1.maven.org/maven2/org/apache/maven/resolver/maven-resolver-spi/1.4.1/maven-resolver-spi-1.4.1.jar (37 kB at 191 kB/s)
Downloading from central: https://repo1.maven.org/maven2/com/google/inject/guice/4.2.1/guice-4.2.1-no_aop.jar
Downloaded from central: https://repo1.maven.org/maven2/org/apache/maven/resolver/maven-resolver-impl/1.4.1/maven-resolver-impl-1.4.1.jar (181 kB at 941 kB/s)
Downloading from central: https://repo1.maven.org/maven2/com/google/guava/guava/25.1-android/guava-25.1-android.jar
Progress (2): 149 kB | 41/168 kB
Progress (2): 149 kB | 49/168 kB
Progress (2): 149 kB | 66/168 kB
Progress (2): 149 kB | 82/168 kB
Progress (2): 149 kB | 98/168 kB
                                
Downloaded from central: https://repo1.maven.org/maven2/org/apache/maven/resolver/maven-resolver-api/1.4.1/maven-resolver-api-1.4.1.jar (149 kB at 768 kB/s)
Downloading from central: https://repo1.maven.org/maven2/com/google/errorprone/error_prone_annotations/2.1.3/error_prone_annotations-2.1.3.jar
Progress (1): 106/168 kB
Progress (1): 123/168 kB
Progress (1): 139/168 kB
Progress (1): 156/168 kB
Progress (1): 168 kB    
Progress (2): 168 kB | 7.7/167 kB
Progress (2): 168 kB | 16/167 kB 
Progress (2): 168 kB | 25/167 kB
                                
Downloaded from central: https://repo1.maven.org/maven2/org/apache/maven/resolver/maven-resolver-util/1.4.1/maven-resolver-util-1.4.1.jar (168 kB at 790 kB/s)
Downloading from central: https://repo1.maven.org/maven2/com/google/j2objc/j2objc-annotations/1.1/j2objc-annotations-1.1.jar
Progress (1): 41/167 kB
Progress (1): 57/167 kB
Progress (1): 74/167 kB
Progress (1): 90/167 kB
Progress (1): 106/167 kB
Progress (1): 123/167 kB
Progress (1): 139/167 kB
Progress (1): 156/167 kB
Progress (1): 167 kB    
Progress (2): 167 kB | 16/521 kB
                                
Downloaded from central: https://repo1.maven.org/maven2/org/apache/maven/shared/maven-shared-utils/3.2.1/maven-shared-utils-3.2.1.jar (167 kB at 718 kB/s)
Downloading from central: https://repo1.maven.org/maven2/org/codehaus/mojo/animal-sniffer-annotations/1.14/animal-sniffer-annotations-1.14.jar
Progress (1): 33/521 kB
Progress (2): 33/521 kB | 7.7/14 kB
Progress (2): 49/521 kB | 7.7/14 kB
Progress (2): 66/521 kB | 7.7/14 kB
Progress (2): 66/521 kB | 14 kB    
Progress (2): 82/521 kB | 14 kB
Progress (2): 90/521 kB | 14 kB
Progress (2): 98/521 kB | 14 kB
Progress (2): 115/521 kB | 14 kB
Progress (2): 131/521 kB | 14 kB
Progress (2): 147/521 kB | 14 kB
Progress (2): 156/521 kB | 14 kB
Progress (3): 156/521 kB | 14 kB | 4.1/8.8 kB
Progress (3): 172/521 kB | 14 kB | 4.1/8.8 kB
Progress (3): 180/521 kB | 14 kB | 4.1/8.8 kB
Progress (3): 197/521 kB | 14 kB | 4.1/8.8 kB
Progress (3): 205/521 kB | 14 kB | 4.1/8.8 kB
Progress (3): 213/521 kB | 14 kB | 4.1/8.8 kB
Progress (3): 229/521 kB | 14 kB | 4.1/8.8 kB
Progress (3): 246/521 kB | 14 kB | 4.1/8.8 kB
Progress (3): 262/521 kB | 14 kB | 4.1/8.8 kB
Progress (3): 279/521 kB | 14 kB | 4.1/8.8 kB
Progress (3): 279/521 kB | 14 kB | 8.8 kB    
Progress (3): 295/521 kB | 14 kB | 8.8 kB
Progress (3): 311/521 kB | 14 kB | 8.8 kB
Progress (3): 328/521 kB | 14 kB | 8.8 kB
Progress (3): 344/521 kB | 14 kB | 8.8 kB
Progress (3): 360/521 kB | 14 kB | 8.8 kB
Progress (3): 377/521 kB | 14 kB | 8.8 kB
Progress (3): 393/521 kB | 14 kB | 8.8 kB
Progress (3): 410/521 kB | 14 kB | 8.8 kB
Progress (3): 426/521 kB | 14 kB | 8.8 kB
Progress (3): 442/521 kB | 14 kB | 8.8 kB
Progress (3): 459/521 kB | 14 kB | 8.8 kB
Progress (3): 475/521 kB | 14 kB | 8.8 kB
Progress (3): 492/521 kB | 14 kB | 8.8 kB
Progress (3): 508/521 kB | 14 kB | 8.8 kB
Progress (3): 521 kB | 14 kB | 8.8 kB    
Progress (4): 521 kB | 14 kB | 8.8 kB | 0/2.6 MB
Progress (4): 521 kB | 14 kB | 8.8 kB | 0/2.6 MB
Progress (4): 521 kB | 14 kB | 8.8 kB | 0/2.6 MB
                                                
Downloaded from central: https://repo1.maven.org/maven2/com/google/errorprone/error_prone_annotations/2.1.3/error_prone_annotations-2.1.3.jar (14 kB at 54 kB/s)
Downloading from central: https://repo1.maven.org/maven2/org/codehaus/plexus/plexus-classworlds/2.6.0/plexus-classworlds-2.6.0.jar
Progress (3): 521 kB | 8.8 kB | 0/2.6 MB
Progress (3): 521 kB | 8.8 kB | 0.1/2.6 MB
Progress (3): 521 kB | 8.8 kB | 0.1/2.6 MB
Progress (3): 521 kB | 8.8 kB | 0.1/2.6 MB
                                          
Downloaded from central: https://repo1.maven.org/maven2/com/google/j2objc/j2objc-annotations/1.1/j2objc-annotations-1.1.jar (8.8 kB at 34 kB/s)
Downloading from central: https://repo1.maven.org/maven2/org/apache/commons/commons-lang3/3.8.1/commons-lang3-3.8.1.jar
Progress (2): 521 kB | 0.1/2.6 MB
Progress (2): 521 kB | 0.1/2.6 MB
Progress (2): 521 kB | 0.1/2.6 MB
Progress (2): 521 kB | 0.2/2.6 MB
Progress (2): 521 kB | 0.2/2.6 MB
Progress (2): 521 kB | 0.2/2.6 MB
Progress (2): 521 kB | 0.2/2.6 MB
Progress (2): 521 kB | 0.2/2.6 MB
Progress (2): 521 kB | 0.2/2.6 MB
Progress (2): 521 kB | 0.3/2.6 MB
Progress (2): 521 kB | 0.3/2.6 MB
Progress (2): 521 kB | 0.3/2.6 MB
Progress (2): 521 kB | 0.3/2.6 MB
Progress (2): 521 kB | 0.3/2.6 MB
Progress (2): 521 kB | 0.3/2.6 MB
Progress (2): 521 kB | 0.4/2.6 MB
Progress (2): 521 kB | 0.4/2.6 MB
Progress (2): 521 kB | 0.4/2.6 MB
Progress (3): 521 kB | 0.4/2.6 MB | 3.5 kB
Progress (3): 521 kB | 0.4/2.6 MB | 3.5 kB
Progress (3): 521 kB | 0.4/2.6 MB | 3.5 kB
Progress (3): 521 kB | 0.4/2.6 MB | 3.5 kB
Progress (3): 521 kB | 0.5/2.6 MB | 3.5 kB
Progress (3): 521 kB | 0.5/2.6 MB | 3.5 kB
Progress (3): 521 kB | 0.5/2.6 MB | 3.5 kB
Progress (3): 521 kB | 0.5/2.6 MB | 3.5 kB
Progress (3): 521 kB | 0.5/2.6 MB | 3.5 kB
                                          
Downloaded from central: https://repo1.maven.org/maven2/com/google/inject/guice/4.2.1/guice-4.2.1-no_aop.jar (521 kB at 1.9 MB/s)
Downloading from central: https://repo1.maven.org/maven2/org/apache/maven/maven-plugin-api/3.6.3/maven-plugin-api-3.6.3.jar
Progress (2): 0.5/2.6 MB | 3.5 kB
Progress (2): 0.6/2.6 MB | 3.5 kB
Progress (2): 0.6/2.6 MB | 3.5 kB
Progress (2): 0.6/2.6 MB | 3.5 kB
Progress (2): 0.6/2.6 MB | 3.5 kB
Progress (2): 0.6/2.6 MB | 3.5 kB
Progress (2): 0.6/2.6 MB | 3.5 kB
Progress (2): 0.7/2.6 MB | 3.5 kB
Progress (2): 0.7/2.6 MB | 3.5 kB
Progress (2): 0.7/2.6 MB | 3.5 kB
Progress (2): 0.7/2.6 MB | 3.5 kB
Progress (2): 0.7/2.6 MB | 3.5 kB
Progress (2): 0.7/2.6 MB | 3.5 kB
Progress (2): 0.8/2.6 MB | 3.5 kB
Progress (2): 0.8/2.6 MB | 3.5 kB
Progress (2): 0.8/2.6 MB | 3.5 kB
Progress (2): 0.8/2.6 MB | 3.5 kB
Progress (2): 0.8/2.6 MB | 3.5 kB
Progress (2): 0.8/2.6 MB | 3.5 kB
Progress (2): 0.9/2.6 MB | 3.5 kB
Progress (2): 0.9/2.6 MB | 3.5 kB
Progress (2): 0.9/2.6 MB | 3.5 kB
Progress (2): 0.9/2.6 MB | 3.5 kB
Progress (2): 0.9/2.6 MB | 3.5 kB
Progress (2): 0.9/2.6 MB | 3.5 kB
Progress (2): 0.9/2.6 MB | 3.5 kB
                                 
Downloaded from central: https://repo1.maven.org/maven2/org/codehaus/mojo/animal-sniffer-annotations/1.14/animal-sniffer-annotations-1.14.jar (3.5 kB at 13 kB/s)
Downloading from central: https://repo1.maven.org/maven2/org/codehaus/plexus/plexus-archiver/4.2.2/plexus-archiver-4.2.2.jar
Progress (1): 1.0/2.6 MB
Progress (1): 1.0/2.6 MB
Progress (1): 1.0/2.6 MB
Progress (1): 1.0/2.6 MB
Progress (1): 1.0/2.6 MB
Progress (1): 1.0/2.6 MB
Progress (1): 1.1/2.6 MB
Progress (1): 1.1/2.6 MB
Progress (1): 1.1/2.6 MB
Progress (1): 1.1/2.6 MB
Progress (1): 1.1/2.6 MB
Progress (1): 1.1/2.6 MB
Progress (1): 1.2/2.6 MB
Progress (1): 1.2/2.6 MB
Progress (1): 1.2/2.6 MB
Progress (1): 1.2/2.6 MB
Progress (1): 1.2/2.6 MB
Progress (1): 1.2/2.6 MB
Progress (1): 1.3/2.6 MB
Progress (1): 1.3/2.6 MB
Progress (1): 1.3/2.6 MB
Progress (1): 1.3/2.6 MB
Progress (1): 1.3/2.6 MB
Progress (1): 1.3/2.6 MB
Progress (1): 1.4/2.6 MB
Progress (1): 1.4/2.6 MB
Progress (1): 1.4/2.6 MB
Progress (1): 1.4/2.6 MB
Progress (1): 1.4/2.6 MB
Progress (1): 1.4/2.6 MB
Progress (1): 1.5/2.6 MB
Progress (1): 1.5/2.6 MB
Progress (1): 1.5/2.6 MB
Progress (1): 1.5/2.6 MB
Progress (1): 1.5/2.6 MB
Progress (1): 1.5/2.6 MB
Progress (1): 1.6/2.6 MB
Progress (1): 1.6/2.6 MB
Progress (1): 1.6/2.6 MB
Progress (1): 1.6/2.6 MB
Progress (1): 1.6/2.6 MB
Progress (1): 1.6/2.6 MB
Progress (1): 1.7/2.6 MB
Progress (1): 1.7/2.6 MB
Progress (1): 1.7/2.6 MB
Progress (1): 1.7/2.6 MB
Progress (1): 1.7/2.6 MB
Progress (1): 1.7/2.6 MB
Progress (1): 1.8/2.6 MB
Progress (1): 1.8/2.6 MB
Progress (1): 1.8/2.6 MB
Progress (1): 1.8/2.6 MB
Progress (1): 1.8/2.6 MB
Progress (1): 1.8/2.6 MB
Progress (1): 1.9/2.6 MB
Progress (1): 1.9/2.6 MB
Progress (1): 1.9/2.6 MB
Progress (1): 1.9/2.6 MB
Progress (1): 1.9/2.6 MB
Progress (1): 1.9/2.6 MB
Progress (1): 1.9/2.6 MB
Progress (1): 2.0/2.6 MB
Progress (1): 2.0/2.6 MB
Progress (1): 2.0/2.6 MB
Progress (1): 2.0/2.6 MB
Progress (1): 2.0/2.6 MB
Progress (1): 2.0/2.6 MB
Progress (1): 2.1/2.6 MB
Progress (1): 2.1/2.6 MB
Progress (1): 2.1/2.6 MB
Progress (1): 2.1/2.6 MB
Progress (1): 2.1/2.6 MB
Progress (1): 2.1/2.6 MB
Progress (1): 2.2/2.6 MB
Progress (1): 2.2/2.6 MB
Progress (1): 2.2/2.6 MB
Progress (1): 2.2/2.6 MB
Progress (1): 2.2/2.6 MB
Progress (1): 2.2/2.6 MB
Progress (1): 2.3/2.6 MB
Progress (1): 2.3/2.6 MB
Progress (1): 2.3/2.6 MB
Progress (1): 2.3/2.6 MB
Progress (1): 2.3/2.6 MB
Progress (1): 2.3/2.6 MB
Progress (1): 2.4/2.6 MB
Progress (2): 2.4/2.6 MB | 7.7/53 kB
Progress (2): 2.4/2.6 MB | 7.7/53 kB
Progress (2): 2.4/2.6 MB | 12/53 kB 
Progress (2): 2.4/2.6 MB | 12/53 kB
Progress (2): 2.4/2.6 MB | 12/53 kB
Progress (2): 2.4/2.6 MB | 28/53 kB
Progress (2): 2.4/2.6 MB | 28/53 kB
Progress (2): 2.4/2.6 MB | 44/53 kB
Progress (2): 2.4/2.6 MB | 44/53 kB
Progress (2): 2.4/2.6 MB | 53 kB   
Progress (2): 2.5/2.6 MB | 53 kB
Progress (2): 2.5/2.6 MB | 53 kB
Progress (2): 2.5/2.6 MB | 53 kB
Progress (2): 2.5/2.6 MB | 53 kB
Progress (2): 2.5/2.6 MB | 53 kB
Progress (2): 2.5/2.6 MB | 53 kB
Progress (2): 2.6/2.6 MB | 53 kB
Progress (2): 2.6/2.6 MB | 53 kB
Progress (2): 2.6/2.6 MB | 53 kB
Progress (2): 2.6 MB | 53 kB    
Progress (3): 2.6 MB | 53 kB | 7.7/47 kB
Progress (3): 2.6 MB | 53 kB | 16/47 kB 
Progress (3): 2.6 MB | 53 kB | 32/47 kB
Progress (3): 2.6 MB | 53 kB | 47 kB   
Progress (4): 2.6 MB | 53 kB | 47 kB | 7.7/194 kB
                                                 
Downloaded from central: https://repo1.maven.org/maven2/org/codehaus/plexus/plexus-classworlds/2.6.0/plexus-classworlds-2.6.0.jar (53 kB at 169 kB/s)
Downloading from central: https://repo1.maven.org/maven2/org/apache/maven/maven-compat/3.6.3/maven-compat-3.6.3.jar
Progress (3): 2.6 MB | 47 kB | 16/194 kB
Progress (3): 2.6 MB | 47 kB | 25/194 kB
Progress (3): 2.6 MB | 47 kB | 41/194 kB
Progress (3): 2.6 MB | 47 kB | 57/194 kB
Progress (3): 2.6 MB | 47 kB | 74/194 kB
Progress (3): 2.6 MB | 47 kB | 90/194 kB
Progress (3): 2.6 MB | 47 kB | 106/194 kB
Progress (3): 2.6 MB | 47 kB | 123/194 kB
Progress (3): 2.6 MB | 47 kB | 139/194 kB
Progress (3): 2.6 MB | 47 kB | 156/194 kB
Progress (3): 2.6 MB | 47 kB | 172/194 kB
Progress (3): 2.6 MB | 47 kB | 188/194 kB
Progress (3): 2.6 MB | 47 kB | 194 kB    
Progress (4): 2.6 MB | 47 kB | 194 kB | 8.2/502 kB
Progress (4): 2.6 MB | 47 kB | 194 kB | 25/502 kB 
Progress (4): 2.6 MB | 47 kB | 194 kB | 41/502 kB
Progress (4): 2.6 MB | 47 kB | 194 kB | 57/502 kB
Progress (4): 2.6 MB | 47 kB | 194 kB | 66/502 kB
                                                 
Downloaded from central: https://repo1.maven.org/maven2/org/apache/maven/maven-plugin-api/3.6.3/maven-plugin-api-3.6.3.jar (47 kB at 146 kB/s)
Downloading from central: https://repo1.maven.org/maven2/org/codehaus/plexus/plexus-interpolation/1.25/plexus-interpolation-1.25.jar
Progress (3): 2.6 MB | 194 kB | 82/502 kB
Progress (3): 2.6 MB | 194 kB | 98/502 kB
Progress (3): 2.6 MB | 194 kB | 115/502 kB
Progress (3): 2.6 MB | 194 kB | 131/502 kB
Progress (3): 2.6 MB | 194 kB | 147/502 kB
Progress (3): 2.6 MB | 194 kB | 164/502 kB
Progress (3): 2.6 MB | 194 kB | 180/502 kB
Progress (3): 2.6 MB | 194 kB | 197/502 kB
Progress (3): 2.6 MB | 194 kB | 213/502 kB
Progress (3): 2.6 MB | 194 kB | 229/502 kB
Progress (3): 2.6 MB | 194 kB | 246/502 kB
Progress (3): 2.6 MB | 194 kB | 262/502 kB
Progress (3): 2.6 MB | 194 kB | 279/502 kB
Progress (3): 2.6 MB | 194 kB | 295/502 kB
Progress (3): 2.6 MB | 194 kB | 311/502 kB
                                          
Downloaded from central: https://repo1.maven.org/maven2/org/codehaus/plexus/plexus-archiver/4.2.2/plexus-archiver-4.2.2.jar (194 kB at 590 kB/s)
Downloading from central: https://repo1.maven.org/maven2/org/apache/maven/wagon/wagon-provider-api/3.3.4/wagon-provider-api-3.3.4.jar
Downloaded from central: https://repo1.maven.org/maven2/com/google/guava/guava/25.1-android/guava-25.1-android.jar (2.6 MB at 7.9 MB/s)
Downloading from central: https://repo1.maven.org/maven2/org/codehaus/plexus/plexus-component-annotations/2.1.0/plexus-component-annotations-2.1.0.jar
Progress (1): 328/502 kB
Progress (1): 344/502 kB
Progress (1): 360/502 kB
Progress (1): 377/502 kB
Progress (1): 393/502 kB
Progress (1): 410/502 kB
Progress (1): 426/502 kB
Progress (1): 442/502 kB
Progress (1): 459/502 kB
Progress (1): 475/502 kB
Progress (1): 492/502 kB
Progress (1): 502 kB    
Progress (2): 502 kB | 7.7/288 kB
Progress (2): 502 kB | 16/288 kB 
Progress (2): 502 kB | 32/288 kB
Progress (2): 502 kB | 49/288 kB
Progress (2): 502 kB | 65/288 kB
Progress (2): 502 kB | 81/288 kB
Progress (2): 502 kB | 98/288 kB
                                
Downloaded from central: https://repo1.maven.org/maven2/org/apache/commons/commons-lang3/3.8.1/commons-lang3-3.8.1.jar (502 kB at 1.4 MB/s)
Progress (1): 114/288 kB
Progress (1): 131/288 kB
Progress (1): 147/288 kB
Progress (1): 163/288 kB
Progress (1): 180/288 kB
Progress (1): 196/288 kB
Progress (1): 213/288 kB
Progress (1): 229/288 kB
Progress (1): 245/288 kB
Progress (1): 262/288 kB
Progress (1): 278/288 kB
Progress (2): 278/288 kB | 7.7/85 kB
Progress (2): 288 kB | 7.7/85 kB    
Progress (2): 288 kB | 12/85 kB 
Progress (2): 288 kB | 29/85 kB
Progress (2): 288 kB | 45/85 kB
Progress (2): 288 kB | 61/85 kB
Progress (2): 288 kB | 78/85 kB
Progress (2): 288 kB | 85 kB   
                            
Downloaded from central: https://repo1.maven.org/maven2/org/codehaus/plexus/plexus-interpolation/1.25/plexus-interpolation-1.25.jar (85 kB at 232 kB/s)
Downloaded from central: https://repo1.maven.org/maven2/org/apache/maven/maven-compat/3.6.3/maven-compat-3.6.3.jar (288 kB at 780 kB/s)
Progress (1): 7.7/56 kB
Progress (1): 8.2/56 kB
Progress (1): 25/56 kB 
Progress (1): 41/56 kB
Progress (1): 49/56 kB
Progress (1): 56 kB   
                   
Downloaded from central: https://repo1.maven.org/maven2/org/apache/maven/wagon/wagon-provider-api/3.3.4/wagon-provider-api-3.3.4.jar (56 kB at 145 kB/s)
Progress (1): 4.2 kB
                    
Downloaded from central: https://repo1.maven.org/maven2/org/codehaus/plexus/plexus-component-annotations/2.1.0/plexus-component-annotations-2.1.0.jar (4.2 kB at 10 kB/s)
[ERROR] Internal error: org.eclipse.tycho.core.osgitools.OsgiManifestParserException: Exception parsing OSGi MANIFEST D:\Khedma\Mr wiem\mutation-test-pipeline\target-repos\205407\plugins\openldap.acl.editor\META-INF\MANIFEST.MF: Manifest file not found -> [Help 1]
org.apache.maven.InternalErrorException: Internal error: org.eclipse.tycho.core.osgitools.OsgiManifestParserException: Exception parsing OSGi MANIFEST D:\Khedma\Mr wiem\mutation-test-pipeline\target-repos\205407\plugins\openldap.acl.editor\META-INF\MANIFEST.MF: Manifest file not found
    at org.apache.maven.DefaultMaven.execute (DefaultMaven.java:109)
    at org.apache.maven.cli.MavenCli.execute (MavenCli.java:919)
    at org.apache.maven.cli.MavenCli.doMain (MavenCli.java:285)
    at org.apache.maven.cli.MavenCli.main (MavenCli.java:207)
    at jdk.internal.reflect.NativeMethodAccessorImpl.invoke0 (Native Method)
    at jdk.internal.reflect.NativeMethodAccessorImpl.invoke (NativeMethodAccessorImpl.java:77)
    at jdk.internal.reflect.DelegatingMethodAccessorImpl.invoke (DelegatingMethodAccessorImpl.java:43)
    at java.lang.reflect.Method.invoke (Method.java:569)
    at org.codehaus.plexus.classworlds.launcher.Launcher.launchEnhanced (Launcher.java:255)
    at org.codehaus.plexus.classworlds.launcher.Launcher.launch (Launcher.java:201)
    at org.codehaus.plexus.classworlds.launcher.Launcher.mainWithExitCode (Launcher.java:361)
    at org.codehaus.plexus.classworlds.launcher.Launcher.main (Launcher.java:314)
Caused by: org.eclipse.tycho.core.osgitools.OsgiManifestParserException: Exception parsing OSGi MANIFEST D:\Khedma\Mr wiem\mutation-test-pipeline\target-repos\205407\plugins\openldap.acl.editor\META-INF\MANIFEST.MF: Manifest file not found
    at org.eclipse.tycho.core.osgitools.DefaultBundleReader.loadManifestFromDirectory (DefaultBundleReader.java:93)
    at org.eclipse.tycho.core.osgitools.DefaultBundleReader.doLoadManifest (DefaultBundleReader.java:60)
    at org.eclipse.tycho.core.osgitools.DefaultBundleReader.loadManifest (DefaultBundleReader.java:51)
    at org.eclipse.tycho.core.osgitools.OsgiBundleProject.readArtifactKey (OsgiBundleProject.java:159)
    at org.eclipse.tycho.core.osgitools.OsgiBundleProject.setupProject (OsgiBundleProject.java:154)
    at org.eclipse.tycho.core.resolver.DefaultTychoResolver.setupProject (DefaultTychoResolver.java:84)
    at org.eclipse.tycho.core.maven.TychoMavenLifecycleParticipant.afterProjectsRead (TychoMavenLifecycleParticipant.java:99)
    at org.apache.maven.DefaultMaven.doExecute (DefaultMaven.java:223)
    at org.apache.maven.DefaultMaven.doExecute (DefaultMaven.java:173)
    at org.apache.maven.DefaultMaven.execute (DefaultMaven.java:101)
    at org.apache.maven.cli.MavenCli.execute (MavenCli.java:919)
    at org.apache.maven.cli.MavenCli.doMain (MavenCli.java:285)
    at org.apache.maven.cli.MavenCli.main (MavenCli.java:207)
    at jdk.internal.reflect.NativeMethodAccessorImpl.invoke0 (Native Method)
    at jdk.internal.reflect.NativeMethodAccessorImpl.invoke (NativeMethodAccessorImpl.java:77)
    at jdk.internal.reflect.DelegatingMethodAccessorImpl.invoke (DelegatingMethodAccessorImpl.java:43)
    at java.lang.reflect.Method.invoke (Method.java:569)
    at org.codehaus.plexus.classworlds.launcher.Launcher.launchEnhanced (Launcher.java:255)
    at org.codehaus.plexus.classworlds.launcher.Launcher.launch (Launcher.java:201)
    at org.codehaus.plexus.classworlds.launcher.Launcher.mainWithExitCode (Launcher.java:361)
    at org.codehaus.plexus.classworlds.launcher.Launcher.main (Launcher.java:314)
[ERROR] 
[ERROR] To see the full stack trace of the errors, re-run Maven with the -e switch.
[ERROR] Re-run Maven using the -X switch to enable full debug logging.
[ERROR] 
[ERROR] For more information about the errors and possible solutions, please read the following articles:
[ERROR] [Help 1] http://cwiki.apache.org/confluence/display/MAVEN/InternalErrorException

STDERR:
