COMMAND: mvn.cmd -s D:\Khedma\Mr wiem\mutation-test-pipeline\.mvn\settings.xml -DskipTests compile

STDOUT:
[INFO] Scanning for projects...
Downloading from central: https://repo1.maven.org/maven2/org/junit/junit-bom/6.0.1/junit-bom-6.0.1.pom
Progress (1): 915 B
Progress (1): 2.5 kB
Progress (1): 5.1 kB
                    
Downloaded from central: https://repo1.maven.org/maven2/org/junit/junit-bom/6.0.1/junit-bom-6.0.1.pom (5.1 kB at 5.0 kB/s)
[INFO] 
[INFO] ------------------< org.apache.jspwiki:jspwiki-main >-------------------
[INFO] Building Apache JSPWiki Main Jar 3.0.0-SNAPSHOT
[INFO]   from pom.xml
[INFO] --------------------------------[ jar ]---------------------------------
Downloading from central: https://repo1.maven.org/maven2/org/apache/maven/plugins/maven-remote-resources-plugin/3.3.0/maven-remote-resources-plugin-3.3.0.pom
Progress (1): 756 B
Progress (1): 1.7 kB
Progress (1): 3.2 kB
Progress (1): 8.2 kB
Progress (1): 9.6 kB
Progress (1): 14 kB 
Progress (1): 15 kB
                   
Downloaded from central: https://repo1.maven.org/maven2/org/apache/maven/plugins/maven-remote-resources-plugin/3.3.0/maven-remote-resources-plugin-3.3.0.pom (15 kB at 122 kB/s)
Downloading from central: https://repo1.maven.org/maven2/org/apache/maven/plugins/maven-remote-resources-plugin/3.3.0/maven-remote-resources-plugin-3.3.0.jar
Progress (1): 0.9/83 kB
Progress (1): 2.3/83 kB
Progress (1): 3.4/83 kB
Progress (1): 4.7/83 kB
Progress (1): 6.1/83 kB
Progress (1): 7.5/83 kB
Progress (1): 8.8/83 kB
Progress (1): 10/83 kB 
Progress (1): 12/83 kB
Progress (1): 13/83 kB
Progress (1): 14/83 kB
Progress (1): 16/83 kB
Progress (1): 17/83 kB
Progress (1): 18/83 kB
Progress (1): 20/83 kB
Progress (1): 21/83 kB
Progress (1): 23/83 kB
Progress (1): 24/83 kB
Progress (1): 25/83 kB
Progress (1): 27/83 kB
Progress (1): 28/83 kB
Progress (1): 29/83 kB
Progress (1): 31/83 kB
Progress (1): 32/83 kB
Progress (1): 33/83 kB
Progress (1): 35/83 kB
Progress (1): 36/83 kB
Progress (1): 38/83 kB
Progress (1): 39/83 kB
Progress (1): 40/83 kB
Progress (1): 42/83 kB
Progress (1): 43/83 kB
Progress (1): 44/83 kB
Progress (1): 46/83 kB
Progress (1): 47/83 kB
Progress (1): 51/83 kB
Progress (1): 56/83 kB
Progress (1): 60/83 kB
Progress (1): 64/83 kB
Progress (1): 68/83 kB
Progress (1): 73/83 kB
Progress (1): 77/83 kB
Progress (1): 81/83 kB
Progress (1): 83 kB   
                   
Downloaded from central: https://repo1.maven.org/maven2/org/apache/maven/plugins/maven-remote-resources-plugin/3.3.0/maven-remote-resources-plugin-3.3.0.jar (83 kB at 291 kB/s)
Downloading from central: https://repo1.maven.org/maven2/org/apache/maven/plugins/maven-enforcer-plugin/3.6.2/maven-enforcer-plugin-3.6.2.pom
Progress (1): 810 B
Progress (1): 3.5 kB
Progress (1): 5.4 kB
Progress (1): 8.2 kB
                    
Downloaded from central: https://repo1.maven.org/maven2/org/apache/maven/plugins/maven-enforcer-plugin/3.6.2/maven-enforcer-plugin-3.6.2.pom (8.2 kB at 81 kB/s)
Downloading from central: https://repo1.maven.org/maven2/org/apache/maven/enforcer/enforcer/3.6.2/enforcer-3.6.2.pom
Progress (1): 805 B
Progress (1): 2.3 kB
Progress (1): 4.4 kB
Progress (1): 8.9 kB
Progress (1): 9.2 kB
                    
Downloaded from central: https://repo1.maven.org/maven2/org/apache/maven/enforcer/enforcer/3.6.2/enforcer-3.6.2.pom (9.2 kB at 101 kB/s)
Downloading from central: https://repo1.maven.org/maven2/org/apache/maven/plugins/maven-enforcer-plugin/3.6.2/maven-enforcer-plugin-3.6.2.jar
Progress (1): 3.8/40 kB
Progress (1): 8.0/40 kB
Progress (1): 12/40 kB 
Progress (1): 16/40 kB
Progress (1): 21/40 kB
Progress (1): 25/40 kB
Progress (1): 29/40 kB
Progress (1): 33/40 kB
Progress (1): 38/40 kB
Progress (1): 40 kB   
                   
Downloaded from central: https://repo1.maven.org/maven2/org/apache/maven/plugins/maven-enforcer-plugin/3.6.2/maven-enforcer-plugin-3.6.2.jar (40 kB at 388 kB/s)
Downloading from central: https://repo1.maven.org/maven2/net/nicoulaj/maven/plugins/checksum-maven-plugin/1.11/checksum-maven-plugin-1.11.pom
Progress (1): 758 B
Progress (1): 2.4 kB
Progress (1): 5.6 kB
Progress (1): 8.7 kB
Progress (1): 12 kB 
Progress (1): 14 kB
                   
Downloaded from central: https://repo1.maven.org/maven2/net/nicoulaj/maven/plugins/checksum-maven-plugin/1.11/checksum-maven-plugin-1.11.pom (14 kB at 129 kB/s)
Downloading from central: https://repo1.maven.org/maven2/net/nicoulaj/parent/61/parent-61.pom
Progress (1): 694 B
Progress (1): 2.2 kB
Progress (1): 4.4 kB
Progress (1): 7.3 kB
Progress (1): 12 kB 
Progress (1): 18 kB
Progress (1): 23 kB
Progress (1): 24 kB
Progress (1): 27 kB
Progress (1): 29 kB
                   
Downloaded from central: https://repo1.maven.org/maven2/net/nicoulaj/parent/61/parent-61.pom (29 kB at 231 kB/s)
Downloading from central: https://repo1.maven.org/maven2/net/nicoulaj/maven/plugins/checksum-maven-plugin/1.11/checksum-maven-plugin-1.11.jar
Progress (1): 3.8/70 kB
Progress (1): 8.0/70 kB
Progress (1): 12/70 kB 
Progress (1): 12/70 kB
Progress (1): 17/70 kB
Progress (1): 21/70 kB
Progress (1): 25/70 kB
Progress (1): 29/70 kB
Progress (1): 33/70 kB
Progress (1): 37/70 kB
Progress (1): 41/70 kB
Progress (1): 45/70 kB
Progress (1): 49/70 kB
Progress (1): 66/70 kB
Progress (1): 70 kB   
                   
Downloaded from central: https://repo1.maven.org/maven2/net/nicoulaj/maven/plugins/checksum-maven-plugin/1.11/checksum-maven-plugin-1.11.jar (70 kB at 782 kB/s)
Downloading from central: https://repo1.maven.org/maven2/org/jacoco/jacoco-maven-plugin/0.8.14/jacoco-maven-plugin-0.8.14.pom
Progress (1): 870 B
Progress (1): 3.3 kB
Progress (1): 4.2 kB
                    
Downloaded from central: https://repo1.maven.org/maven2/org/jacoco/jacoco-maven-plugin/0.8.14/jacoco-maven-plugin-0.8.14.pom (4.2 kB at 22 kB/s)
Downloading from central: https://repo1.maven.org/maven2/org/jacoco/org.jacoco.build/0.8.14/org.jacoco.build-0.8.14.pom
Progress (1): 748 B
Progress (1): 2.6 kB
Progress (1): 4.6 kB
Progress (1): 8.4 kB
Progress (1): 13 kB 
Progress (1): 17 kB
Progress (1): 19 kB
Progress (1): 22 kB
Progress (1): 25 kB
Progress (1): 28 kB
Progress (1): 30 kB
Progress (1): 37 kB
Progress (1): 41 kB
Progress (1): 46 kB
                   
Downloaded from central: https://repo1.maven.org/maven2/org/jacoco/org.jacoco.build/0.8.14/org.jacoco.build-0.8.14.pom (46 kB at 466 kB/s)
Downloading from central: https://repo1.maven.org/maven2/org/ow2/asm/asm-bom/9.9/asm-bom-9.9.pom
Progress (1): 1.1 kB
Progress (1): 3.3 kB
                    
Downloaded from central: https://repo1.maven.org/maven2/org/ow2/asm/asm-bom/9.9/asm-bom-9.9.pom (3.3 kB at 46 kB/s)
Downloading from central: https://repo1.maven.org/maven2/org/jacoco/jacoco-maven-plugin/0.8.14/jacoco-maven-plugin-0.8.14.jar
Progress (1): 7.7/57 kB
Progress (1): 16/57 kB 
Progress (1): 25/57 kB
Progress (1): 41/57 kB
Progress (1): 57/57 kB
Progress (1): 57 kB   
                   
Downloaded from central: https://repo1.maven.org/maven2/org/jacoco/jacoco-maven-plugin/0.8.14/jacoco-maven-plugin-0.8.14.jar (57 kB at 991 kB/s)
Downloading from central: https://repo1.maven.org/maven2/org/apache/maven/plugins/maven-compiler-plugin/3.14.1/maven-compiler-plugin-3.14.1.pom
Progress (1): 762 B
Progress (1): 2.3 kB
Progress (1): 4.6 kB
Progress (1): 8.2 kB
Progress (1): 9.9 kB
                    
Downloaded from central: https://repo1.maven.org/maven2/org/apache/maven/plugins/maven-compiler-plugin/3.14.1/maven-compiler-plugin-3.14.1.pom (9.9 kB at 109 kB/s)
Downloading from central: https://repo1.maven.org/maven2/org/apache/maven/plugins/maven-compiler-plugin/3.14.1/maven-compiler-plugin-3.14.1.jar
Progress (1): 7.7/84 kB
Progress (1): 12/84 kB 
Progress (1): 29/84 kB
Progress (1): 45/84 kB
Progress (1): 61/84 kB
Progress (1): 78/84 kB
Progress (1): 84 kB   
                   
Downloaded from central: https://repo1.maven.org/maven2/org/apache/maven/plugins/maven-compiler-plugin/3.14.1/maven-compiler-plugin-3.14.1.jar (84 kB at 1.7 MB/s)
Downloading from central: https://repo1.maven.org/maven2/commons-codec/commons-codec/1.20.0/commons-codec-1.20.0.pom
Progress (1): 743 B
Progress (1): 1.9 kB
Progress (1): 4.0 kB
Progress (1): 5.8 kB
Progress (1): 8.3 kB
Progress (1): 12 kB 
Progress (1): 15 kB
Progress (1): 17 kB
Progress (1): 19 kB
                   
Downloaded from central: https://repo1.maven.org/maven2/commons-codec/commons-codec/1.20.0/commons-codec-1.20.0.pom (19 kB at 29 kB/s)
Downloading from central: https://repo1.maven.org/maven2/org/apache/commons/commons-parent/91/commons-parent-91.pom
Progress (1): 699 B
Progress (1): 1.9 kB
Progress (1): 3.2 kB
Progress (1): 4.7 kB
Progress (1): 6.8 kB
Progress (1): 9.4 kB
Progress (1): 11 kB 
Progress (1): 14 kB
Progress (1): 16 kB
Progress (1): 18 kB
Progress (1): 21 kB
Progress (1): 23 kB
Progress (1): 25 kB
Progress (1): 29 kB
Progress (1): 32 kB
Progress (1): 32 kB
Progress (1): 38 kB
Progress (1): 41 kB
Progress (1): 45 kB
Progress (1): 47 kB
Progress (1): 50 kB
Progress (1): 52 kB
Progress (1): 56 kB
Progress (1): 58 kB
Progress (1): 61 kB
Progress (1): 65 kB
Progress (1): 69 kB
Progress (1): 71 kB
Progress (1): 74 kB
Progress (1): 76 kB
Progress (1): 79 kB
Progress (1): 79 kB
                   
Downloaded from central: https://repo1.maven.org/maven2/org/apache/commons/commons-parent/91/commons-parent-91.pom (79 kB at 924 kB/s)
Downloading from central: https://repo1.maven.org/maven2/org/junit/junit-bom/5.13.4/junit-bom-5.13.4.pom
Progress (1): 921 B
Progress (1): 3.8 kB
Progress (1): 5.7 kB
                    
Downloaded from central: https://repo1.maven.org/maven2/org/junit/junit-bom/5.13.4/junit-bom-5.13.4.pom (5.7 kB at 90 kB/s)
Downloading from central: https://repo1.maven.org/maven2/tools/jackson/core/jackson-databind/3.0.2/jackson-databind-3.0.2.pom
Progress (1): 964 B
Progress (1): 2.4 kB
Progress (1): 3.7 kB
Progress (1): 5.7 kB
Progress (1): 7.8 kB
Progress (1): 10 kB 
Progress (1): 12 kB
Progress (1): 14 kB
Progress (1): 16 kB
Progress (1): 18 kB
Progress (1): 18 kB
                   
Downloaded from central: https://repo1.maven.org/maven2/tools/jackson/core/jackson-databind/3.0.2/jackson-databind-3.0.2.pom (18 kB at 210 kB/s)
Downloading from central: https://repo1.maven.org/maven2/tools/jackson/jackson-base/3.0.2/jackson-base-3.0.2.pom
Progress (1): 926 B
Progress (1): 2.5 kB
Progress (1): 4.5 kB
Progress (1): 6.7 kB
Progress (1): 9.4 kB
Progress (1): 12 kB 
Progress (1): 14 kB
Progress (1): 16 kB
                   
Downloaded from central: https://repo1.maven.org/maven2/tools/jackson/jackson-base/3.0.2/jackson-base-3.0.2.pom (16 kB at 187 kB/s)
Downloading from central: https://repo1.maven.org/maven2/tools/jackson/jackson-bom/3.0.2/jackson-bom-3.0.2.pom
Progress (1): 895 B
Progress (1): 2.7 kB
Progress (1): 4.7 kB
Progress (1): 14 kB 
Progress (1): 19 kB
Progress (1): 20 kB
                   
Downloaded from central: https://repo1.maven.org/maven2/tools/jackson/jackson-bom/3.0.2/jackson-bom-3.0.2.pom (20 kB at 234 kB/s)
Downloading from central: https://repo1.maven.org/maven2/com/fasterxml/oss-parent/73/oss-parent-73.pom
Progress (1): 948 B
Progress (1): 2.9 kB
Progress (1): 4.1 kB
Progress (1): 6.1 kB
Progress (1): 10 kB 
Progress (1): 12 kB
Progress (1): 15 kB
Progress (1): 18 kB
Progress (1): 22 kB
Progress (1): 24 kB
                   
Downloaded from central: https://repo1.maven.org/maven2/com/fasterxml/oss-parent/73/oss-parent-73.pom (24 kB at 407 kB/s)
Downloading from central: https://repo1.maven.org/maven2/com/fasterxml/jackson/core/jackson-annotations/2.20/jackson-annotations-2.20.pom
Progress (1): 952 B
Progress (1): 2.3 kB
Progress (1): 3.8 kB
Progress (1): 6.4 kB
Progress (1): 7.0 kB
                    
Downloaded from central: https://repo1.maven.org/maven2/com/fasterxml/jackson/core/jackson-annotations/2.20/jackson-annotations-2.20.pom (7.0 kB at 123 kB/s)
Downloading from central: https://repo1.maven.org/maven2/com/fasterxml/jackson/jackson-parent/2.20/jackson-parent-2.20.pom
Progress (1): 1.1 kB
Progress (1): 2.5 kB
Progress (1): 4.1 kB
Progress (1): 6.2 kB
Progress (1): 6.8 kB
                    
Downloaded from central: https://repo1.maven.org/maven2/com/fasterxml/jackson/jackson-parent/2.20/jackson-parent-2.20.pom (6.8 kB at 80 kB/s)
Downloading from central: https://repo1.maven.org/maven2/com/fasterxml/oss-parent/70/oss-parent-70.pom
Progress (1): 952 B
Progress (1): 2.9 kB
Progress (1): 4.1 kB
Progress (1): 6.1 kB
Progress (1): 9.9 kB
Progress (1): 12 kB 
Progress (1): 15 kB
Progress (1): 18 kB
Progress (1): 21 kB
Progress (1): 24 kB
                   
Downloaded from central: https://repo1.maven.org/maven2/com/fasterxml/oss-parent/70/oss-parent-70.pom (24 kB at 369 kB/s)
Downloading from central: https://repo1.maven.org/maven2/tools/jackson/core/jackson-core/3.0.2/jackson-core-3.0.2.pom
Progress (1): 954 B
Progress (1): 3.2 kB
Progress (1): 7.8 kB
Progress (1): 10 kB 
Progress (1): 10 kB
                   
Downloaded from central: https://repo1.maven.org/maven2/tools/jackson/core/jackson-core/3.0.2/jackson-core-3.0.2.pom (10 kB at 116 kB/s)
[WARNING] The POM for org.apache.jspwiki:jspwiki-util:jar:3.0.0-SNAPSHOT is missing, no dependency information available
[WARNING] The POM for org.apache.jspwiki:jspwiki-event:jar:3.0.0-SNAPSHOT is missing, no dependency information available
[WARNING] The POM for org.apache.jspwiki:jspwiki-api:jar:3.0.0-SNAPSHOT is missing, no dependency information available
[WARNING] The POM for org.apache.jspwiki:jspwiki-cache:jar:3.0.0-SNAPSHOT is missing, no dependency information available
[WARNING] The POM for org.apache.jspwiki:jspwiki-http:jar:3.0.0-SNAPSHOT is missing, no dependency information available
[WARNING] The POM for org.apache.jspwiki:jspwiki-wysiwyg:jar:3.0.0-SNAPSHOT is missing, no dependency information available
Downloading from central: https://repo1.maven.org/maven2/com/google/code/gson/gson/2.13.2/gson-2.13.2.pom
Progress (1): 723 B
Progress (1): 1.9 kB
Progress (1): 4.0 kB
Progress (1): 6.3 kB
Progress (1): 9.0 kB
Progress (1): 12 kB 
Progress (1): 13 kB
                   
Downloaded from central: https://repo1.maven.org/maven2/com/google/code/gson/gson/2.13.2/gson-2.13.2.pom (13 kB at 214 kB/s)
Downloading from central: https://repo1.maven.org/maven2/com/google/code/gson/gson-parent/2.13.2/gson-parent-2.13.2.pom
Progress (1): 705 B
Progress (1): 2.0 kB
Progress (1): 3.7 kB
Progress (1): 5.7 kB
Progress (1): 7.2 kB
Progress (1): 9.0 kB
Progress (1): 10 kB 
Progress (1): 12 kB
Progress (1): 15 kB
Progress (1): 18 kB
Progress (1): 19 kB
Progress (1): 22 kB
Progress (1): 24 kB
Progress (1): 27 kB
Progress (1): 27 kB
                   
Downloaded from central: https://repo1.maven.org/maven2/com/google/code/gson/gson-parent/2.13.2/gson-parent-2.13.2.pom (27 kB at 346 kB/s)
Downloading from central: https://repo1.maven.org/maven2/com/google/errorprone/error_prone_annotations/2.41.0/error_prone_annotations-2.41.0.pom
Progress (1): 759 B
Progress (1): 2.7 kB
Progress (1): 4.3 kB
                    
Downloaded from central: https://repo1.maven.org/maven2/com/google/errorprone/error_prone_annotations/2.41.0/error_prone_annotations-2.41.0.pom (4.3 kB at 64 kB/s)
Downloading from central: https://repo1.maven.org/maven2/com/google/errorprone/error_prone_parent/2.41.0/error_prone_parent-2.41.0.pom
Progress (1): 729 B
Progress (1): 2.2 kB
Progress (1): 4.1 kB
Progress (1): 6.4 kB
Progress (1): 11 kB 
Progress (1): 14 kB
Progress (1): 16 kB
                   
Downloaded from central: https://repo1.maven.org/maven2/com/google/errorprone/error_prone_parent/2.41.0/error_prone_parent-2.41.0.pom (16 kB at 253 kB/s)
Downloading from central: https://repo1.maven.org/maven2/org/apache/commons/commons-fileupload2-javax/2.0.0-M4/commons-fileupload2-javax-2.0.0-M4.pom
Progress (1): 775 B
Progress (1): 2.0 kB
Progress (1): 4.5 kB
Progress (1): 5.6 kB
                    
Downloaded from central: https://repo1.maven.org/maven2/org/apache/commons/commons-fileupload2-javax/2.0.0-M4/commons-fileupload2-javax-2.0.0-M4.pom (5.6 kB at 57 kB/s)
Downloading from central: https://repo1.maven.org/maven2/org/apache/commons/commons-fileupload2/2.0.0-M4/commons-fileupload2-2.0.0-M4.pom
Progress (1): 752 B
Progress (1): 2.1 kB
Progress (1): 4.2 kB
Progress (1): 6.1 kB
Progress (1): 8.9 kB
Progress (1): 12 kB 
Progress (1): 14 kB
Progress (1): 17 kB
                   
Downloaded from central: https://repo1.maven.org/maven2/org/apache/commons/commons-fileupload2/2.0.0-M4/commons-fileupload2-2.0.0-M4.pom (17 kB at 254 kB/s)
Downloading from central: https://repo1.maven.org/maven2/org/apache/commons/commons-fileupload2-core/2.0.0-M4/commons-fileupload2-core-2.0.0-M4.pom
Progress (1): 780 B
Progress (1): 2.0 kB
Progress (1): 4.5 kB
Progress (1): 4.8 kB
                    
Downloaded from central: https://repo1.maven.org/maven2/org/apache/commons/commons-fileupload2-core/2.0.0-M4/commons-fileupload2-core-2.0.0-M4.pom (4.8 kB at 78 kB/s)
Downloading from central: https://repo1.maven.org/maven2/commons-io/commons-io/2.21.0/commons-io-2.21.0.pom
Progress (1): 760 B
Progress (1): 2.0 kB
Progress (1): 4.8 kB
Progress (1): 6.6 kB
Progress (1): 8.7 kB
Progress (1): 12 kB 
Progress (1): 14 kB
Progress (1): 18 kB
Progress (1): 21 kB
Progress (1): 21 kB
                   
Downloaded from central: https://repo1.maven.org/maven2/commons-io/commons-io/2.21.0/commons-io-2.21.0.pom (21 kB at 336 kB/s)
Downloading from central: https://repo1.maven.org/maven2/org/apache/commons/commons-fileupload2-jakarta-servlet6/2.0.0-M4/commons-fileupload2-jakarta-servlet6-2.0.0-M4.pom
Progress (1): 780 B
Progress (1): 2.0 kB
Progress (1): 4.3 kB
Progress (1): 5.8 kB
                    
Downloaded from central: https://repo1.maven.org/maven2/org/apache/commons/commons-fileupload2-jakarta-servlet6/2.0.0-M4/commons-fileupload2-jakarta-servlet6-2.0.0-M4.pom (5.8 kB at 62 kB/s)
Downloading from central: https://repo1.maven.org/maven2/net/thauvin/erik/akismet-kotlin/1.0.0/akismet-kotlin-1.0.0.pom
Progress (1): 920 B
Progress (1): 3.2 kB
                    
Downloaded from central: https://repo1.maven.org/maven2/net/thauvin/erik/akismet-kotlin/1.0.0/akismet-kotlin-1.0.0.pom (3.2 kB at 11 kB/s)
Downloading from central: https://repo1.maven.org/maven2/org/jetbrains/kotlin/kotlin-bom/1.9.10/kotlin-bom-1.9.10.pom
Progress (1): 913 B
Progress (1): 5.4 kB
Progress (1): 9.1 kB
                    
Downloaded from central: https://repo1.maven.org/maven2/org/jetbrains/kotlin/kotlin-bom/1.9.10/kotlin-bom-1.9.10.pom (9.1 kB at 43 kB/s)
Downloading from central: https://repo1.maven.org/maven2/org/jetbrains/kotlin/kotlin-stdlib-jdk8/1.9.10/kotlin-stdlib-jdk8-1.9.10.pom
Progress (1): 1.3 kB
Progress (1): 1.6 kB
                    
Downloaded from central: https://repo1.maven.org/maven2/org/jetbrains/kotlin/kotlin-stdlib-jdk8/1.9.10/kotlin-stdlib-jdk8-1.9.10.pom (1.6 kB at 15 kB/s)
Downloading from central: https://repo1.maven.org/maven2/org/jetbrains/kotlin/kotlin-stdlib/1.9.10/kotlin-stdlib-1.9.10.pom
Progress (1): 1.3 kB
Progress (1): 1.6 kB
                    
Downloaded from central: https://repo1.maven.org/maven2/org/jetbrains/kotlin/kotlin-stdlib/1.9.10/kotlin-stdlib-1.9.10.pom (1.6 kB at 18 kB/s)
Downloading from central: https://repo1.maven.org/maven2/org/jetbrains/kotlin/kotlin-stdlib-common/1.9.10/kotlin-stdlib-common-1.9.10.pom
Progress (1): 1.2 kB
                    
Downloaded from central: https://repo1.maven.org/maven2/org/jetbrains/kotlin/kotlin-stdlib-common/1.9.10/kotlin-stdlib-common-1.9.10.pom (1.2 kB at 8.9 kB/s)
Downloading from central: https://repo1.maven.org/maven2/org/jetbrains/annotations/13.0/annotations-13.0.pom
Progress (1): 1.0 kB
Progress (1): 4.5 kB
Progress (1): 4.9 kB
                    
Downloaded from central: https://repo1.maven.org/maven2/org/jetbrains/annotations/13.0/annotations-13.0.pom (4.9 kB at 58 kB/s)
Downloading from central: https://repo1.maven.org/maven2/org/jetbrains/kotlin/kotlin-stdlib-jdk7/1.9.10/kotlin-stdlib-jdk7-1.9.10.pom
Progress (1): 1.3 kB
Progress (1): 1.4 kB
                    
Downloaded from central: https://repo1.maven.org/maven2/org/jetbrains/kotlin/kotlin-stdlib-jdk7/1.9.10/kotlin-stdlib-jdk7-1.9.10.pom (1.4 kB at 20 kB/s)
Downloading from central: https://repo1.maven.org/maven2/jakarta/servlet/jakarta.servlet-api/6.1.0/jakarta.servlet-api-6.1.0.pom
Progress (1): 826 B
Progress (1): 2.8 kB
Progress (1): 5.2 kB
Progress (1): 7.7 kB
Progress (1): 11 kB 
Progress (1): 15 kB
Progress (1): 19 kB
                   
Downloaded from central: https://repo1.maven.org/maven2/jakarta/servlet/jakarta.servlet-api/6.1.0/jakarta.servlet-api-6.1.0.pom (19 kB at 159 kB/s)
Downloading from central: https://repo1.maven.org/maven2/org/eclipse/ee4j/project/1.0.9/project-1.0.9.pom
Progress (1): 876 B
Progress (1): 2.5 kB
Progress (1): 5.0 kB
Progress (1): 8.5 kB
Progress (1): 12 kB 
Progress (1): 16 kB
                   
Downloaded from central: https://repo1.maven.org/maven2/org/eclipse/ee4j/project/1.0.9/project-1.0.9.pom (16 kB at 116 kB/s)
Downloading from central: https://repo1.maven.org/maven2/com/squareup/okhttp3/okhttp/4.11.0/okhttp-4.11.0.pom
Progress (1): 945 B
Progress (1): 2.0 kB
                    
Downloaded from central: https://repo1.maven.org/maven2/com/squareup/okhttp3/okhttp/4.11.0/okhttp-4.11.0.pom (2.0 kB at 14 kB/s)
Downloading from central: https://repo1.maven.org/maven2/com/squareup/okio/okio/3.2.0/okio-3.2.0.pom
Progress (1): 989 B
Progress (1): 1.6 kB
                    
Downloaded from central: https://repo1.maven.org/maven2/com/squareup/okio/okio/3.2.0/okio-3.2.0.pom (1.6 kB at 22 kB/s)
Downloading from central: https://repo1.maven.org/maven2/com/squareup/okio/okio-jvm/3.2.0/okio-jvm-3.2.0.pom
Progress (1): 970 B
Progress (1): 1.9 kB
                    
Downloaded from central: https://repo1.maven.org/maven2/com/squareup/okio/okio-jvm/3.2.0/okio-jvm-3.2.0.pom (1.9 kB at 19 kB/s)
Downloading from central: https://repo1.maven.org/maven2/org/jetbrains/kotlin/kotlin-stdlib-jdk8/1.6.20/kotlin-stdlib-jdk8-1.6.20.pom
Progress (1): 1.3 kB
Progress (1): 1.6 kB
                    
Downloaded from central: https://repo1.maven.org/maven2/org/jetbrains/kotlin/kotlin-stdlib-jdk8/1.6.20/kotlin-stdlib-jdk8-1.6.20.pom (1.6 kB at 8.7 kB/s)
Downloading from central: https://repo1.maven.org/maven2/org/jetbrains/kotlin/kotlin-stdlib/1.6.20/kotlin-stdlib-1.6.20.pom
Progress (1): 1.3 kB
Progress (1): 1.6 kB
                    
Downloaded from central: https://repo1.maven.org/maven2/org/jetbrains/kotlin/kotlin-stdlib/1.6.20/kotlin-stdlib-1.6.20.pom (1.6 kB at 8.9 kB/s)
Downloading from central: https://repo1.maven.org/maven2/org/jetbrains/kotlin/kotlin-stdlib-common/1.6.20/kotlin-stdlib-common-1.6.20.pom
Progress (1): 1.2 kB
                    
Downloaded from central: https://repo1.maven.org/maven2/org/jetbrains/kotlin/kotlin-stdlib-common/1.6.20/kotlin-stdlib-common-1.6.20.pom (1.2 kB at 12 kB/s)
Downloading from central: https://repo1.maven.org/maven2/org/jetbrains/kotlin/kotlin-stdlib-jdk7/1.6.20/kotlin-stdlib-jdk7-1.6.20.pom
Progress (1): 1.3 kB
Progress (1): 1.4 kB
                    
Downloaded from central: https://repo1.maven.org/maven2/org/jetbrains/kotlin/kotlin-stdlib-jdk7/1.6.20/kotlin-stdlib-jdk7-1.6.20.pom (1.4 kB at 19 kB/s)
Downloading from central: https://repo1.maven.org/maven2/com/squareup/okio/okio-jvm/3.5.0/okio-jvm-3.5.0.pom
Progress (1): 941 B
Progress (1): 1.9 kB
                    
Downloaded from central: https://repo1.maven.org/maven2/com/squareup/okio/okio-jvm/3.5.0/okio-jvm-3.5.0.pom (1.9 kB at 28 kB/s)
Downloading from central: https://repo1.maven.org/maven2/org/jetbrains/kotlin/kotlin-stdlib-jdk8/1.9.0/kotlin-stdlib-jdk8-1.9.0.pom
Progress (1): 1.3 kB
Progress (1): 1.6 kB
                    
Downloaded from central: https://repo1.maven.org/maven2/org/jetbrains/kotlin/kotlin-stdlib-jdk8/1.9.0/kotlin-stdlib-jdk8-1.9.0.pom (1.6 kB at 17 kB/s)
Downloading from central: https://repo1.maven.org/maven2/org/jetbrains/kotlin/kotlin-stdlib/1.9.0/kotlin-stdlib-1.9.0.pom
Progress (1): 1.3 kB
Progress (1): 1.6 kB
                    
Downloaded from central: https://repo1.maven.org/maven2/org/jetbrains/kotlin/kotlin-stdlib/1.9.0/kotlin-stdlib-1.9.0.pom (1.6 kB at 2.4 kB/s)
Downloading from central: https://repo1.maven.org/maven2/org/jetbrains/kotlin/kotlin-stdlib-common/1.9.0/kotlin-stdlib-common-1.9.0.pom
Progress (1): 1.2 kB
                    
Downloaded from central: https://repo1.maven.org/maven2/org/jetbrains/kotlin/kotlin-stdlib-common/1.9.0/kotlin-stdlib-common-1.9.0.pom (1.2 kB at 22 kB/s)
Downloading from central: https://repo1.maven.org/maven2/org/jetbrains/kotlin/kotlin-stdlib-jdk7/1.9.0/kotlin-stdlib-jdk7-1.9.0.pom
Progress (1): 1.3 kB
Progress (1): 1.4 kB
                    
Downloaded from central: https://repo1.maven.org/maven2/org/jetbrains/kotlin/kotlin-stdlib-jdk7/1.9.0/kotlin-stdlib-jdk7-1.9.0.pom (1.4 kB at 19 kB/s)
Downloading from central: https://repo1.maven.org/maven2/com/squareup/okhttp3/logging-interceptor/4.11.0/logging-interceptor-4.11.0.pom
Progress (1): 938 B
Progress (1): 1.9 kB
                    
Downloaded from central: https://repo1.maven.org/maven2/com/squareup/okhttp3/logging-interceptor/4.11.0/logging-interceptor-4.11.0.pom (1.9 kB at 33 kB/s)
Downloading from central: https://repo1.maven.org/maven2/org/jetbrains/kotlin/kotlin-stdlib-jdk8/1.6.10/kotlin-stdlib-jdk8-1.6.10.pom
Progress (1): 1.3 kB
Progress (1): 1.6 kB
                    
Downloaded from central: https://repo1.maven.org/maven2/org/jetbrains/kotlin/kotlin-stdlib-jdk8/1.6.10/kotlin-stdlib-jdk8-1.6.10.pom (1.6 kB at 18 kB/s)
Downloading from central: https://repo1.maven.org/maven2/org/jetbrains/kotlin/kotlin-stdlib/1.6.10/kotlin-stdlib-1.6.10.pom
Progress (1): 1.3 kB
Progress (1): 1.6 kB
                    
Downloaded from central: https://repo1.maven.org/maven2/org/jetbrains/kotlin/kotlin-stdlib/1.6.10/kotlin-stdlib-1.6.10.pom (1.6 kB at 29 kB/s)
Downloading from central: https://repo1.maven.org/maven2/org/jetbrains/kotlin/kotlin-stdlib-common/1.6.10/kotlin-stdlib-common-1.6.10.pom
Progress (1): 1.2 kB
                    
Downloaded from central: https://repo1.maven.org/maven2/org/jetbrains/kotlin/kotlin-stdlib-common/1.6.10/kotlin-stdlib-common-1.6.10.pom (1.2 kB at 20 kB/s)
Downloading from central: https://repo1.maven.org/maven2/org/jetbrains/kotlin/kotlin-stdlib-jdk7/1.6.10/kotlin-stdlib-jdk7-1.6.10.pom
Progress (1): 1.3 kB
Progress (1): 1.4 kB
                    
Downloaded from central: https://repo1.maven.org/maven2/org/jetbrains/kotlin/kotlin-stdlib-jdk7/1.6.10/kotlin-stdlib-jdk7-1.6.10.pom (1.4 kB at 30 kB/s)
Downloading from central: https://repo1.maven.org/maven2/org/jetbrains/kotlinx/kotlinx-serialization-json-jvm/1.6.0/kotlinx-serialization-json-jvm-1.6.0.pom
Progress (1): 981 B
Progress (1): 2.4 kB
                    
Downloaded from central: https://repo1.maven.org/maven2/org/jetbrains/kotlinx/kotlinx-serialization-json-jvm/1.6.0/kotlinx-serialization-json-jvm-1.6.0.pom (2.4 kB at 47 kB/s)
Downloading from central: https://repo1.maven.org/maven2/org/jetbrains/kotlinx/kotlinx-serialization-bom/1.6.0/kotlinx-serialization-bom-1.6.0.pom
Progress (1): 1.2 kB
Progress (1): 3.8 kB
                    
Downloaded from central: https://repo1.maven.org/maven2/org/jetbrains/kotlinx/kotlinx-serialization-bom/1.6.0/kotlinx-serialization-bom-1.6.0.pom (3.8 kB at 71 kB/s)
Downloading from central: https://repo1.maven.org/maven2/org/jetbrains/kotlinx/kotlinx-serialization-core-jvm/1.6.0/kotlinx-serialization-core-jvm-1.6.0.pom
Progress (1): 989 B
Progress (1): 2.2 kB
                    
Downloaded from central: https://repo1.maven.org/maven2/org/jetbrains/kotlinx/kotlinx-serialization-core-jvm/1.6.0/kotlinx-serialization-core-jvm-1.6.0.pom (2.2 kB at 36 kB/s)
Downloading from central: https://repo1.maven.org/maven2/com/rometools/rome/2.1.0/rome-2.1.0.pom
Progress (1): 971 B
Progress (1): 3.1 kB
Progress (1): 4.1 kB
                    
Downloaded from central: https://repo1.maven.org/maven2/com/rometools/rome/2.1.0/rome-2.1.0.pom (4.1 kB at 55 kB/s)
Downloading from central: https://repo1.maven.org/maven2/com/rometools/rome-parent/2.1.0/rome-parent-2.1.0.pom
Progress (1): 1.2 kB
Progress (1): 4.6 kB
Progress (1): 7.7 kB
Progress (1): 8.4 kB
                    
Downloaded from central: https://repo1.maven.org/maven2/com/rometools/rome-parent/2.1.0/rome-parent-2.1.0.pom (8.4 kB at 124 kB/s)
Downloading from central: https://repo1.maven.org/maven2/com/rometools/rome-utils/2.1.0/rome-utils-2.1.0.pom
Progress (1): 1.5 kB
Progress (1): 1.8 kB
                    
Downloaded from central: https://repo1.maven.org/maven2/com/rometools/rome-utils/2.1.0/rome-utils-2.1.0.pom (1.8 kB at 31 kB/s)
Downloading from central: https://repo1.maven.org/maven2/org/slf4j/slf4j-api/2.0.17/slf4j-api-2.0.17.pom
Progress (1): 1.1 kB
Progress (1): 2.8 kB
                    
Downloaded from central: https://repo1.maven.org/maven2/org/slf4j/slf4j-api/2.0.17/slf4j-api-2.0.17.pom (2.8 kB at 57 kB/s)
Downloading from central: https://repo1.maven.org/maven2/org/slf4j/slf4j-parent/2.0.17/slf4j-parent-2.0.17.pom
Progress (1): 953 B
Progress (1): 3.2 kB
Progress (1): 6.0 kB
Progress (1): 8.2 kB
Progress (1): 11 kB 
Progress (1): 13 kB
                   
Downloaded from central: https://repo1.maven.org/maven2/org/slf4j/slf4j-parent/2.0.17/slf4j-parent-2.0.17.pom (13 kB at 257 kB/s)
Downloading from central: https://repo1.maven.org/maven2/org/slf4j/slf4j-bom/2.0.17/slf4j-bom-2.0.17.pom
Progress (1): 997 B
Progress (1): 4.7 kB
Progress (1): 7.3 kB
Progress (1): 7.3 kB
                    
Downloaded from central: https://repo1.maven.org/maven2/org/slf4j/slf4j-bom/2.0.17/slf4j-bom-2.0.17.pom (7.3 kB at 118 kB/s)
Downloading from central: https://repo1.maven.org/maven2/jaxen/jaxen/2.0.0/jaxen-2.0.0.pom
Progress (1): 1.5 kB
Progress (1): 1.7 kB
                    
Downloaded from central: https://repo1.maven.org/maven2/jaxen/jaxen/2.0.0/jaxen-2.0.0.pom (1.7 kB at 31 kB/s)
Downloading from central: https://repo1.maven.org/maven2/jaxen/jaxen-parent/2.0.0/jaxen-parent-2.0.0.pom
Progress (1): 956 B
Progress (1): 3.0 kB
Progress (1): 5.3 kB
Progress (1): 7.7 kB
Progress (1): 10 kB 
Progress (1): 14 kB
Progress (1): 15 kB
                   
Downloaded from central: https://repo1.maven.org/maven2/jaxen/jaxen-parent/2.0.0/jaxen-parent-2.0.0.pom (15 kB at 256 kB/s)
Downloading from central: https://repo1.maven.org/maven2/org/apache/commons/commons-lang3/3.20.0/commons-lang3-3.20.0.pom
Progress (1): 740 B
Progress (1): 1.8 kB
Progress (1): 4.1 kB
Progress (1): 5.5 kB
Progress (1): 7.5 kB
Progress (1): 9.7 kB
Progress (1): 12 kB 
Progress (1): 16 kB
Progress (1): 19 kB
Progress (1): 22 kB
Progress (1): 25 kB
Progress (1): 28 kB
Progress (1): 32 kB
Progress (1): 33 kB
                   
Downloaded from central: https://repo1.maven.org/maven2/org/apache/commons/commons-lang3/3.20.0/commons-lang3-3.20.0.pom (33 kB at 494 kB/s)
Downloading from central: https://repo1.maven.org/maven2/org/apache/commons/commons-parent/92/commons-parent-92.pom
Progress (1): 699 B
Progress (1): 1.9 kB
Progress (1): 3.2 kB
Progress (1): 4.7 kB
Progress (1): 6.8 kB
Progress (1): 9.5 kB
Progress (1): 11 kB 
Progress (1): 14 kB
Progress (1): 16 kB
Progress (1): 18 kB
Progress (1): 21 kB
Progress (1): 23 kB
Progress (1): 25 kB
Progress (1): 29 kB
Progress (1): 32 kB
Progress (1): 32 kB
Progress (1): 37 kB
Progress (1): 41 kB
Progress (1): 45 kB
Progress (1): 47 kB
Progress (1): 50 kB
Progress (1): 52 kB
Progress (1): 56 kB
Progress (1): 58 kB
Progress (1): 61 kB
Progress (1): 64 kB
Progress (1): 68 kB
Progress (1): 71 kB
Progress (1): 74 kB
Progress (1): 76 kB
Progress (1): 79 kB
Progress (1): 80 kB
                   
Downloaded from central: https://repo1.maven.org/maven2/org/apache/commons/commons-parent/92/commons-parent-92.pom (80 kB at 1.1 MB/s)
Downloading from central: https://repo1.maven.org/maven2/org/apache/commons/commons-collections4/4.5.0/commons-collections4-4.5.0.pom
Progress (1): 760 B
Progress (1): 2.2 kB
Progress (1): 4.4 kB
Progress (1): 6.1 kB
Progress (1): 8.4 kB
Progress (1): 11 kB 
Progress (1): 14 kB
Progress (1): 16 kB
Progress (1): 19 kB
Progress (1): 22 kB
Progress (1): 26 kB
Progress (1): 26 kB
                   
Downloaded from central: https://repo1.maven.org/maven2/org/apache/commons/commons-collections4/4.5.0/commons-collections4-4.5.0.pom (26 kB at 383 kB/s)
Downloading from central: https://repo1.maven.org/maven2/commons-validator/commons-validator/1.10.1/commons-validator-1.10.1.pom
Progress (1): 753 B
Progress (1): 2.1 kB
Progress (1): 4.0 kB
Progress (1): 5.9 kB
Progress (1): 9.0 kB
Progress (1): 12 kB 
Progress (1): 15 kB
Progress (1): 16 kB
                   
Downloaded from central: https://repo1.maven.org/maven2/commons-validator/commons-validator/1.10.1/commons-validator-1.10.1.pom (16 kB at 185 kB/s)
Downloading from central: https://repo1.maven.org/maven2/commons-digester/commons-digester/2.1/commons-digester-2.1.pom
Progress (1): 787 B
Progress (1): 2.1 kB
Progress (1): 4.7 kB
Progress (1): 6.5 kB
Progress (1): 8.9 kB
Progress (1): 10 kB 
                   
Downloaded from central: https://repo1.maven.org/maven2/commons-digester/commons-digester/2.1/commons-digester-2.1.pom (10 kB at 145 kB/s)
Downloading from central: https://repo1.maven.org/maven2/org/apache/logging/log4j/log4j-api/2.25.2/log4j-api-2.25.2.pom
Progress (1): 814 B
Progress (1): 2.1 kB
Progress (1): 4.2 kB
Progress (1): 4.5 kB
                    
Downloaded from central: https://repo1.maven.org/maven2/org/apache/logging/log4j/log4j-api/2.25.2/log4j-api-2.25.2.pom (4.5 kB at 48 kB/s)
Downloading from central: https://repo1.maven.org/maven2/org/apache/logging/log4j/log4j/2.25.2/log4j-2.25.2.pom
Progress (1): 724 B
Progress (1): 2.2 kB
Progress (1): 3.9 kB
Progress (1): 5.9 kB
Progress (1): 9.9 kB
Progress (1): 16 kB 
Progress (1): 23 kB
Progress (1): 28 kB
Progress (1): 31 kB
Progress (1): 34 kB
Progress (1): 37 kB
Progress (1): 40 kB
Progress (1): 42 kB
                   
Downloaded from central: https://repo1.maven.org/maven2/org/apache/logging/log4j/log4j/2.25.2/log4j-2.25.2.pom (42 kB at 414 kB/s)
Downloading from central: https://repo1.maven.org/maven2/org/apache/logging/log4j/log4j-bom/2.25.2/log4j-bom-2.25.2.pom
Progress (1): 792 B
Progress (1): 2.4 kB
Progress (1): 5.8 kB
Progress (1): 12 kB 
                   
Downloaded from central: https://repo1.maven.org/maven2/org/apache/logging/log4j/log4j-bom/2.25.2/log4j-bom-2.25.2.pom (12 kB at 204 kB/s)
Downloading from central: https://repo1.maven.org/maven2/org/apache/groovy/groovy-bom/4.0.27/groovy-bom-4.0.27.pom
Progress (1): 863 B
Progress (1): 3.6 kB
Progress (1): 7.0 kB
Progress (1): 11 kB 
Progress (1): 14 kB
Progress (1): 18 kB
Progress (1): 22 kB
Progress (1): 27 kB
                   
Downloaded from central: https://repo1.maven.org/maven2/org/apache/groovy/groovy-bom/4.0.27/groovy-bom-4.0.27.pom (27 kB at 374 kB/s)
Downloading from central: https://repo1.maven.org/maven2/com/fasterxml/jackson/jackson-bom/2.19.1/jackson-bom-2.19.1.pom
Progress (1): 933 B
Progress (1): 2.7 kB
Progress (1): 7.4 kB
Progress (1): 16 kB 
Progress (1): 20 kB
Progress (1): 20 kB
                   
Downloaded from central: https://repo1.maven.org/maven2/com/fasterxml/jackson/jackson-bom/2.19.1/jackson-bom-2.19.1.pom (20 kB at 327 kB/s)
Downloading from central: https://repo1.maven.org/maven2/com/fasterxml/jackson/jackson-parent/2.19.2/jackson-parent-2.19.2.pom
Progress (1): 1.1 kB
Progress (1): 2.5 kB
Progress (1): 4.2 kB
Progress (1): 6.1 kB
Progress (1): 7.2 kB
                    
Downloaded from central: https://repo1.maven.org/maven2/com/fasterxml/jackson/jackson-parent/2.19.2/jackson-parent-2.19.2.pom (7.2 kB at 114 kB/s)
Downloading from central: https://repo1.maven.org/maven2/com/fasterxml/oss-parent/68/oss-parent-68.pom
Progress (1): 949 B
Progress (1): 2.9 kB
Progress (1): 4.1 kB
Progress (1): 6.1 kB
Progress (1): 9.9 kB
Progress (1): 12 kB 
Progress (1): 15 kB
Progress (1): 18 kB
Progress (1): 21 kB
Progress (1): 24 kB
                   
Downloaded from central: https://repo1.maven.org/maven2/com/fasterxml/oss-parent/68/oss-parent-68.pom (24 kB at 358 kB/s)
Downloading from central: https://repo1.maven.org/maven2/jakarta/platform/jakarta.jakartaee-bom/9.1.0/jakarta.jakartaee-bom-9.1.0.pom
Progress (1): 848 B
Progress (1): 4.7 kB
Progress (1): 9.6 kB
                    
Downloaded from central: https://repo1.maven.org/maven2/jakarta/platform/jakarta.jakartaee-bom/9.1.0/jakarta.jakartaee-bom-9.1.0.pom (9.6 kB at 157 kB/s)
Downloading from central: https://repo1.maven.org/maven2/jakarta/platform/jakartaee-api-parent/9.1.0/jakartaee-api-parent-9.1.0.pom
Progress (1): 823 B
Progress (1): 3.1 kB
Progress (1): 5.9 kB
Progress (1): 11 kB 
Progress (1): 14 kB
Progress (1): 15 kB
                   
Downloaded from central: https://repo1.maven.org/maven2/jakarta/platform/jakartaee-api-parent/9.1.0/jakartaee-api-parent-9.1.0.pom (15 kB at 236 kB/s)
Downloading from central: https://repo1.maven.org/maven2/org/junit/junit-bom/5.13.2/junit-bom-5.13.2.pom
Progress (1): 908 B
Progress (1): 4.1 kB
Progress (1): 5.7 kB
                    
Downloaded from central: https://repo1.maven.org/maven2/org/junit/junit-bom/5.13.2/junit-bom-5.13.2.pom (5.7 kB at 91 kB/s)
Downloading from central: https://repo1.maven.org/maven2/org/mockito/mockito-bom/4.11.0/mockito-bom-4.11.0.pom
Progress (1): 1.4 kB
Progress (1): 3.2 kB
                    
Downloaded from central: https://repo1.maven.org/maven2/org/mockito/mockito-bom/4.11.0/mockito-bom-4.11.0.pom (3.2 kB at 59 kB/s)
Downloading from central: https://repo1.maven.org/maven2/org/springframework/spring-framework-bom/5.3.39/spring-framework-bom-5.3.39.pom
Progress (1): 974 B
Progress (1): 5.7 kB
                    
Downloaded from central: https://repo1.maven.org/maven2/org/springframework/spring-framework-bom/5.3.39/spring-framework-bom-5.3.39.pom (5.7 kB at 99 kB/s)
Downloading from central: https://repo1.maven.org/maven2/org/apache/logging/log4j/log4j-core/2.25.2/log4j-core-2.25.2.pom
Progress (1): 791 B
Progress (1): 1.9 kB
Progress (1): 3.7 kB
Progress (1): 8.1 kB
Progress (1): 9.3 kB
                    
Downloaded from central: https://repo1.maven.org/maven2/org/apache/logging/log4j/log4j-core/2.25.2/log4j-core-2.25.2.pom (9.3 kB at 105 kB/s)
Downloading from central: https://repo1.maven.org/maven2/org/apache/lucene/lucene-analysis-common/9.12.2/lucene-analysis-common-9.12.2.pom
Progress (1): 1.7 kB
Progress (1): 2.4 kB
                    
Downloaded from central: https://repo1.maven.org/maven2/org/apache/lucene/lucene-analysis-common/9.12.2/lucene-analysis-common-9.12.2.pom (2.4 kB at 25 kB/s)
Downloading from central: https://repo1.maven.org/maven2/org/apache/lucene/lucene-core/9.12.2/lucene-core-9.12.2.pom
Progress (1): 1.7 kB
Progress (1): 2.2 kB
                    
Downloaded from central: https://repo1.maven.org/maven2/org/apache/lucene/lucene-core/9.12.2/lucene-core-9.12.2.pom (2.2 kB at 20 kB/s)
Downloading from central: https://repo1.maven.org/maven2/org/apache/lucene/lucene-backward-codecs/9.12.2/lucene-backward-codecs-9.12.2.pom
Progress (1): 1.7 kB
Progress (1): 2.4 kB
                    
Downloaded from central: https://repo1.maven.org/maven2/org/apache/lucene/lucene-backward-codecs/9.12.2/lucene-backward-codecs-9.12.2.pom (2.4 kB at 10 kB/s)
Downloading from central: https://repo1.maven.org/maven2/org/apache/lucene/lucene-highlighter/9.12.2/lucene-highlighter-9.12.2.pom
Progress (1): 1.7 kB
Progress (1): 2.8 kB
                    
Downloaded from central: https://repo1.maven.org/maven2/org/apache/lucene/lucene-highlighter/9.12.2/lucene-highlighter-9.12.2.pom (2.8 kB at 48 kB/s)
Downloading from central: https://repo1.maven.org/maven2/org/apache/lucene/lucene-queries/9.12.2/lucene-queries-9.12.2.pom
Progress (1): 1.7 kB
Progress (1): 2.4 kB
                    
Downloaded from central: https://repo1.maven.org/maven2/org/apache/lucene/lucene-queries/9.12.2/lucene-queries-9.12.2.pom (2.4 kB at 42 kB/s)
Downloading from central: https://repo1.maven.org/maven2/org/apache/lucene/lucene-memory/9.12.2/lucene-memory-9.12.2.pom
Progress (1): 1.7 kB
Progress (1): 2.4 kB
                    
Downloaded from central: https://repo1.maven.org/maven2/org/apache/lucene/lucene-memory/9.12.2/lucene-memory-9.12.2.pom (2.4 kB at 26 kB/s)
Downloading from central: https://repo1.maven.org/maven2/org/apache/lucene/lucene-queryparser/9.12.2/lucene-queryparser-9.12.2.pom
Progress (1): 1.7 kB
Progress (1): 2.8 kB
                    
Downloaded from central: https://repo1.maven.org/maven2/org/apache/lucene/lucene-queryparser/9.12.2/lucene-queryparser-9.12.2.pom (2.8 kB at 38 kB/s)
Downloading from central: https://repo1.maven.org/maven2/org/apache/lucene/lucene-sandbox/9.12.2/lucene-sandbox-9.12.2.pom
Progress (1): 1.7 kB
Progress (1): 2.7 kB
                    
Downloaded from central: https://repo1.maven.org/maven2/org/apache/lucene/lucene-sandbox/9.12.2/lucene-sandbox-9.12.2.pom (2.7 kB at 43 kB/s)
Downloading from central: https://repo1.maven.org/maven2/org/apache/lucene/lucene-facet/9.12.2/lucene-facet-9.12.2.pom
Progress (1): 1.7 kB
Progress (1): 2.4 kB
                    
Downloaded from central: https://repo1.maven.org/maven2/org/apache/lucene/lucene-facet/9.12.2/lucene-facet-9.12.2.pom (2.4 kB at 29 kB/s)
Downloading from central: https://repo1.maven.org/maven2/org/codelibs/nekohtml/2.1.3/nekohtml-2.1.3.pom
Progress (1): 1.0 kB
Progress (1): 3.8 kB
Progress (1): 6.3 kB
                    
Downloaded from central: https://repo1.maven.org/maven2/org/codelibs/nekohtml/2.1.3/nekohtml-2.1.3.pom (6.3 kB at 18 kB/s)
Downloading from central: https://repo1.maven.org/maven2/org/freshcookies/freshcookies-security/0.60/freshcookies-security-0.60.pom
Progress (1): 1.2 kB
                    
Downloaded from central: https://repo1.maven.org/maven2/org/freshcookies/freshcookies-security/0.60/freshcookies-security-0.60.pom (1.2 kB at 15 kB/s)
Downloading from central: https://repo1.maven.org/maven2/io/github/java-diff-utils/java-diff-utils/4.16/java-diff-utils-4.16.pom
Progress (1): 1.5 kB
Progress (1): 2.3 kB
                    
Downloaded from central: https://repo1.maven.org/maven2/io/github/java-diff-utils/java-diff-utils/4.16/java-diff-utils-4.16.pom (2.3 kB at 37 kB/s)
Downloading from central: https://repo1.maven.org/maven2/io/github/java-diff-utils/java-diff-utils-parent/4.16/java-diff-utils-parent-4.16.pom
Progress (1): 985 B
Progress (1): 3.0 kB
Progress (1): 5.2 kB
Progress (1): 8.2 kB
Progress (1): 9.2 kB
                    
Downloaded from central: https://repo1.maven.org/maven2/io/github/java-diff-utils/java-diff-utils-parent/4.16/java-diff-utils-parent-4.16.pom (9.2 kB at 148 kB/s)
Downloading from central: https://repo1.maven.org/maven2/jakarta/servlet/jsp/jakarta.servlet.jsp-api/4.0.0/jakarta.servlet.jsp-api-4.0.0.pom
Progress (1): 843 B
Progress (1): 2.7 kB
Progress (1): 5.0 kB
Progress (1): 7.5 kB
Progress (1): 11 kB 
Progress (1): 12 kB
                   
Downloaded from central: https://repo1.maven.org/maven2/jakarta/servlet/jsp/jakarta.servlet.jsp-api/4.0.0/jakarta.servlet.jsp-api-4.0.0.pom (12 kB at 162 kB/s)
Downloading from central: https://repo1.maven.org/maven2/jakarta/servlet/jsp/jstl/jakarta.servlet.jsp.jstl-api/3.0.2/jakarta.servlet.jsp.jstl-api-3.0.2.pom
Progress (1): 848 B
Progress (1): 2.6 kB
Progress (1): 5.3 kB
Progress (1): 8.3 kB
Progress (1): 12 kB 
Progress (1): 13 kB
                   
Downloaded from central: https://repo1.maven.org/maven2/jakarta/servlet/jsp/jstl/jakarta.servlet.jsp.jstl-api/3.0.2/jakarta.servlet.jsp.jstl-api-3.0.2.pom (13 kB at 133 kB/s)
Downloading from central: https://repo1.maven.org/maven2/jakarta/el/jakarta.el-api/5.0.0/jakarta.el-api-5.0.0.pom
Progress (1): 838 B
Progress (1): 2.6 kB
Progress (1): 4.9 kB
Progress (1): 7.4 kB
Progress (1): 11 kB 
Progress (1): 11 kB
                   
Downloaded from central: https://repo1.maven.org/maven2/jakarta/el/jakarta.el-api/5.0.0/jakarta.el-api-5.0.0.pom (11 kB at 156 kB/s)
Downloading from central: https://repo1.maven.org/maven2/com/github/jbellis/jamm/0.4.0/jamm-0.4.0.pom
Progress (1): 986 B
Progress (1): 3.4 kB
Progress (1): 6.8 kB
Progress (1): 8.7 kB
                    
Downloaded from central: https://repo1.maven.org/maven2/com/github/jbellis/jamm/0.4.0/jamm-0.4.0.pom (8.7 kB at 113 kB/s)
Downloading from central: https://repo1.maven.org/maven2/com/sun/mail/jakarta.mail/2.0.2/jakarta.mail-2.0.2.pom
Progress (1): 846 B
Progress (1): 2.7 kB
Progress (1): 5.7 kB
Progress (1): 5.7 kB
                    
Downloaded from central: https://repo1.maven.org/maven2/com/sun/mail/jakarta.mail/2.0.2/jakarta.mail-2.0.2.pom (5.7 kB at 92 kB/s)
Downloading from central: https://repo1.maven.org/maven2/com/sun/mail/all/2.0.2/all-2.0.2.pom
Progress (1): 804 B
Progress (1): 2.4 kB
Progress (1): 4.1 kB
Progress (1): 5.8 kB
Progress (1): 7.5 kB
Progress (1): 9.6 kB
Progress (1): 12 kB 
Progress (1): 14 kB
Progress (1): 17 kB
Progress (1): 20 kB
Progress (1): 24 kB
Progress (1): 24 kB
                   
Downloaded from central: https://repo1.maven.org/maven2/com/sun/mail/all/2.0.2/all-2.0.2.pom (24 kB at 367 kB/s)
Downloading from central: https://repo1.maven.org/maven2/com/sun/activation/jakarta.activation/2.0.1/jakarta.activation-2.0.1.pom
Progress (1): 964 B
Progress (1): 2.0 kB
                    
Downloaded from central: https://repo1.maven.org/maven2/com/sun/activation/jakarta.activation/2.0.1/jakarta.activation-2.0.1.pom (2.0 kB at 34 kB/s)
Downloading from central: https://repo1.maven.org/maven2/com/sun/activation/all/2.0.1/all-2.0.1.pom
Progress (1): 793 B
Progress (1): 2.6 kB
Progress (1): 4.4 kB
Progress (1): 6.8 kB
Progress (1): 9.9 kB
Progress (1): 13 kB 
Progress (1): 16 kB
Progress (1): 20 kB
Progress (1): 23 kB
                   
Downloaded from central: https://repo1.maven.org/maven2/com/sun/activation/all/2.0.1/all-2.0.1.pom (23 kB at 300 kB/s)
Downloading from central: https://repo1.maven.org/maven2/org/awaitility/awaitility/4.3.0/awaitility-4.3.0.pom
Progress (1): 821 B
Progress (1): 3.0 kB
Progress (1): 3.7 kB
                    
Downloaded from central: https://repo1.maven.org/maven2/org/awaitility/awaitility/4.3.0/awaitility-4.3.0.pom (3.7 kB at 66 kB/s)
Downloading from central: https://repo1.maven.org/maven2/org/awaitility/awaitility-parent/4.3.0/awaitility-parent-4.3.0.pom
Progress (1): 826 B
Progress (1): 2.5 kB
Progress (1): 5.3 kB
Progress (1): 9.3 kB
Progress (1): 11 kB 
                   
Downloaded from central: https://repo1.maven.org/maven2/org/awaitility/awaitility-parent/4.3.0/awaitility-parent-4.3.0.pom (11 kB at 153 kB/s)
Downloading from central: https://repo1.maven.org/maven2/org/hamcrest/hamcrest/2.1/hamcrest-2.1.pom
Progress (1): 1.1 kB
                    
Downloaded from central: https://repo1.maven.org/maven2/org/hamcrest/hamcrest/2.1/hamcrest-2.1.pom (1.1 kB at 21 kB/s)
Downloading from central: https://repo1.maven.org/maven2/org/hsqldb/hsqldb/2.7.4/hsqldb-2.7.4.pom
Progress (1): 1.2 kB
Progress (1): 1.4 kB
                    
Downloaded from central: https://repo1.maven.org/maven2/org/hsqldb/hsqldb/2.7.4/hsqldb-2.7.4.pom (1.4 kB at 26 kB/s)
Downloading from central: https://repo1.maven.org/maven2/org/hsqldb/sqltool/2.7.4/sqltool-2.7.4.pom
Progress (1): 1.1 kB
Progress (1): 1.3 kB
                    
Downloaded from central: https://repo1.maven.org/maven2/org/hsqldb/sqltool/2.7.4/sqltool-2.7.4.pom (1.3 kB at 19 kB/s)
Downloading from central: https://repo1.maven.org/maven2/org/junit/jupiter/junit-jupiter-api/6.0.1/junit-jupiter-api-6.0.1.pom
Progress (1): 952 B
Progress (1): 3.3 kB
Progress (1): 3.4 kB
                    
Downloaded from central: https://repo1.maven.org/maven2/org/junit/jupiter/junit-jupiter-api/6.0.1/junit-jupiter-api-6.0.1.pom (3.4 kB at 41 kB/s)
Downloading from central: https://repo1.maven.org/maven2/org/opentest4j/opentest4j/1.3.0/opentest4j-1.3.0.pom
Progress (1): 996 B
Progress (1): 2.0 kB
                    
Downloaded from central: https://repo1.maven.org/maven2/org/opentest4j/opentest4j/1.3.0/opentest4j-1.3.0.pom (2.0 kB at 40 kB/s)
Downloading from central: https://repo1.maven.org/maven2/org/junit/platform/junit-platform-commons/6.0.1/junit-platform-commons-6.0.1.pom
Progress (1): 968 B
Progress (1): 3.0 kB
                    
Downloaded from central: https://repo1.maven.org/maven2/org/junit/platform/junit-platform-commons/6.0.1/junit-platform-commons-6.0.1.pom (3.0 kB at 54 kB/s)
Downloading from central: https://repo1.maven.org/maven2/org/apiguardian/apiguardian-api/1.1.2/apiguardian-api-1.1.2.pom
Progress (1): 1.0 kB
Progress (1): 1.5 kB
                    
Downloaded from central: https://repo1.maven.org/maven2/org/apiguardian/apiguardian-api/1.1.2/apiguardian-api-1.1.2.pom (1.5 kB at 29 kB/s)
Downloading from central: https://repo1.maven.org/maven2/org/jspecify/jspecify/1.0.0/jspecify-1.0.0.pom
Progress (1): 994 B
Progress (1): 1.5 kB
                    
Downloaded from central: https://repo1.maven.org/maven2/org/jspecify/jspecify/1.0.0/jspecify-1.0.0.pom (1.5 kB at 31 kB/s)
Downloading from central: https://repo1.maven.org/maven2/org/junit/jupiter/junit-jupiter-params/6.0.1/junit-jupiter-params-6.0.1.pom
Progress (1): 969 B
Progress (1): 3.2 kB
                    
Downloaded from central: https://repo1.maven.org/maven2/org/junit/jupiter/junit-jupiter-params/6.0.1/junit-jupiter-params-6.0.1.pom (3.2 kB at 56 kB/s)
Downloading from central: https://repo1.maven.org/maven2/org/junit/jupiter/junit-jupiter-engine/6.0.1/junit-jupiter-engine-6.0.1.pom
Progress (1): 957 B
Progress (1): 3.4 kB
                    
Downloaded from central: https://repo1.maven.org/maven2/org/junit/jupiter/junit-jupiter-engine/6.0.1/junit-jupiter-engine-6.0.1.pom (3.4 kB at 58 kB/s)
Downloading from central: https://repo1.maven.org/maven2/org/junit/platform/junit-platform-engine/6.0.1/junit-platform-engine-6.0.1.pom
Progress (1): 956 B
Progress (1): 3.4 kB
Progress (1): 3.4 kB
                    
Downloaded from central: https://repo1.maven.org/maven2/org/junit/platform/junit-platform-engine/6.0.1/junit-platform-engine-6.0.1.pom (3.4 kB at 62 kB/s)
Downloading from central: https://repo1.maven.org/maven2/org/mockito/mockito-core/5.20.0/mockito-core-5.20.0.pom
Progress (1): 1.6 kB
Progress (1): 2.5 kB
                    
Downloaded from central: https://repo1.maven.org/maven2/org/mockito/mockito-core/5.20.0/mockito-core-5.20.0.pom (2.5 kB at 25 kB/s)
Downloading from central: https://repo1.maven.org/maven2/net/bytebuddy/byte-buddy/1.17.7/byte-buddy-1.17.7.pom
Progress (1): 941 B
Progress (1): 3.6 kB
Progress (1): 6.7 kB
Progress (1): 15 kB 
Progress (1): 19 kB
Progress (1): 19 kB
                   
Downloaded from central: https://repo1.maven.org/maven2/net/bytebuddy/byte-buddy/1.17.7/byte-buddy-1.17.7.pom (19 kB at 323 kB/s)
Downloading from central: https://repo1.maven.org/maven2/net/bytebuddy/byte-buddy-parent/1.17.7/byte-buddy-parent-1.17.7.pom
Progress (1): 840 B
Progress (1): 2.1 kB
Progress (1): 3.6 kB
Progress (1): 6.2 kB
Progress (1): 8.1 kB
Progress (1): 10 kB 
Progress (1): 13 kB
Progress (1): 16 kB
Progress (1): 21 kB
Progress (1): 25 kB
Progress (1): 33 kB
Progress (1): 48 kB
Progress (1): 53 kB
Progress (1): 58 kB
Progress (1): 63 kB
Progress (1): 65 kB
Progress (1): 65 kB
                   
Downloaded from central: https://repo1.maven.org/maven2/net/bytebuddy/byte-buddy-parent/1.17.7/byte-buddy-parent-1.17.7.pom (65 kB at 1.2 MB/s)
Downloading from central: https://repo1.maven.org/maven2/net/bytebuddy/byte-buddy-agent/1.17.7/byte-buddy-agent-1.17.7.pom
Progress (1): 1.1 kB
Progress (1): 3.6 kB
Progress (1): 6.3 kB
Progress (1): 9.9 kB
Progress (1): 14 kB 
                   
Downloaded from central: https://repo1.maven.org/maven2/net/bytebuddy/byte-buddy-agent/1.17.7/byte-buddy-agent-1.17.7.pom (14 kB at 271 kB/s)
Downloading from central: https://repo1.maven.org/maven2/org/mockito/mockito-junit-jupiter/5.20.0/mockito-junit-jupiter-5.20.0.pom
Progress (1): 1.6 kB
Progress (1): 2.3 kB
                    
Downloaded from central: https://repo1.maven.org/maven2/org/mockito/mockito-junit-jupiter/5.20.0/mockito-junit-jupiter-5.20.0.pom (2.3 kB at 37 kB/s)
Downloading from central: https://repo1.maven.org/maven2/commons-codec/commons-codec/1.20.0/commons-codec-1.20.0.jar
Downloading from central: https://repo1.maven.org/maven2/tools/jackson/core/jackson-databind/3.0.2/jackson-databind-3.0.2.jar
Downloading from central: https://repo1.maven.org/maven2/com/fasterxml/jackson/core/jackson-annotations/2.20/jackson-annotations-2.20.jar
Downloading from central: https://repo1.maven.org/maven2/tools/jackson/core/jackson-core/3.0.2/jackson-core-3.0.2.jar
Downloading from central: https://repo1.maven.org/maven2/com/google/code/gson/gson/2.13.2/gson-2.13.2.jar
Progress (1): 7.7/79 kB
Progress (1): 16/79 kB 
Progress (1): 32/79 kB
Progress (1): 49/79 kB
Progress (1): 65/79 kB
Progress (1): 79 kB   
                   
Downloaded from central: https://repo1.maven.org/maven2/com/fasterxml/jackson/core/jackson-annotations/2.20/jackson-annotations-2.20.jar (79 kB at 1.3 MB/s)
Downloading from central: https://repo1.maven.org/maven2/com/google/errorprone/error_prone_annotations/2.41.0/error_prone_annotations-2.41.0.jar
Progress (1): 0.9/290 kB
Progress (1): 2.3/290 kB
Progress (1): 3.7/290 kB
Progress (1): 5.0/290 kB
Progress (1): 6.4/290 kB
Progress (1): 7.8/290 kB
Progress (1): 8.2/290 kB
Progress (1): 9.6/290 kB
Progress (1): 11/290 kB 
Progress (1): 12/290 kB
Progress (1): 14/290 kB
Progress (1): 15/290 kB
Progress (1): 16/290 kB
Progress (1): 18/290 kB
Progress (1): 19/290 kB
Progress (1): 21/290 kB
Progress (1): 22/290 kB
Progress (1): 23/290 kB
Progress (1): 25/290 kB
Progress (1): 26/290 kB
Progress (1): 27/290 kB
Progress (1): 29/290 kB
Progress (1): 30/290 kB
Progress (1): 31/290 kB
Progress (2): 31/290 kB | 0.9/401 kB
Progress (2): 31/290 kB | 2.3/401 kB
Progress (2): 33/290 kB | 2.3/401 kB
Progress (2): 33/290 kB | 3.7/401 kB
Progress (2): 34/290 kB | 3.7/401 kB
Progress (2): 36/290 kB | 3.7/401 kB
Progress (2): 36/290 kB | 5.0/401 kB
Progress (2): 37/290 kB | 5.0/401 kB
Progress (3): 37/290 kB | 5.0/401 kB | 7.7/20 kB
Progress (3): 37/290 kB | 6.4/401 kB | 7.7/20 kB
Progress (3): 38/290 kB | 6.4/401 kB | 7.7/20 kB
Progress (3): 38/290 kB | 7.8/401 kB | 7.7/20 kB
Progress (3): 40/290 kB | 7.8/401 kB | 7.7/20 kB
Progress (3): 41/290 kB | 7.8/401 kB | 7.7/20 kB
Progress (3): 41/290 kB | 9.1/401 kB | 7.7/20 kB
Progress (3): 42/290 kB | 9.1/401 kB | 7.7/20 kB
Progress (3): 44/290 kB | 9.1/401 kB | 7.7/20 kB
Progress (3): 44/290 kB | 11/401 kB | 7.7/20 kB 
Progress (3): 45/290 kB | 11/401 kB | 7.7/20 kB
Progress (3): 45/290 kB | 12/401 kB | 7.7/20 kB
Progress (3): 46/290 kB | 12/401 kB | 7.7/20 kB
Progress (3): 46/290 kB | 13/401 kB | 7.7/20 kB
Progress (3): 48/290 kB | 13/401 kB | 7.7/20 kB
Progress (3): 48/290 kB | 15/401 kB | 7.7/20 kB
Progress (3): 49/290 kB | 15/401 kB | 7.7/20 kB
Progress (3): 51/290 kB | 15/401 kB | 7.7/20 kB
Progress (3): 51/290 kB | 16/401 kB | 7.7/20 kB
Progress (3): 51/290 kB | 16/401 kB | 16/20 kB 
Progress (3): 52/290 kB | 16/401 kB | 16/20 kB
Progress (3): 52/290 kB | 17/401 kB | 16/20 kB
Progress (3): 53/290 kB | 17/401 kB | 16/20 kB
Progress (3): 53/290 kB | 17/401 kB | 20 kB   
Progress (3): 55/290 kB | 17/401 kB | 20 kB
Progress (3): 55/290 kB | 19/401 kB | 20 kB
Progress (3): 55/290 kB | 20/401 kB | 20 kB
Progress (3): 59/290 kB | 20/401 kB | 20 kB
Progress (3): 59/290 kB | 21/401 kB | 20 kB
Progress (3): 63/290 kB | 21/401 kB | 20 kB
Progress (3): 63/290 kB | 23/401 kB | 20 kB
Progress (3): 63/290 kB | 24/401 kB | 20 kB
Progress (3): 63/290 kB | 25/401 kB | 20 kB
Progress (3): 63/290 kB | 26/401 kB | 20 kB
Progress (3): 63/290 kB | 27/401 kB | 20 kB
Progress (3): 63/290 kB | 29/401 kB | 20 kB
Progress (3): 63/290 kB | 30/401 kB | 20 kB
Progress (3): 63/290 kB | 31/401 kB | 20 kB
Progress (3): 63/290 kB | 33/401 kB | 20 kB
Progress (3): 63/290 kB | 34/401 kB | 20 kB
Progress (3): 63/290 kB | 36/401 kB | 20 kB
Progress (3): 63/290 kB | 37/401 kB | 20 kB
Progress (3): 63/290 kB | 38/401 kB | 20 kB
Progress (3): 63/290 kB | 40/401 kB | 20 kB
Progress (3): 63/290 kB | 41/401 kB | 20 kB
Progress (3): 63/290 kB | 42/401 kB | 20 kB
Progress (3): 63/290 kB | 44/401 kB | 20 kB
Progress (3): 63/290 kB | 45/401 kB | 20 kB
Progress (3): 63/290 kB | 46/401 kB | 20 kB
Progress (3): 63/290 kB | 48/401 kB | 20 kB
Progress (3): 63/290 kB | 49/401 kB | 20 kB
Progress (3): 63/290 kB | 51/401 kB | 20 kB
Progress (3): 63/290 kB | 52/401 kB | 20 kB
Progress (3): 63/290 kB | 53/401 kB | 20 kB
Progress (3): 63/290 kB | 55/401 kB | 20 kB
Progress (3): 67/290 kB | 55/401 kB | 20 kB
Progress (3): 72/290 kB | 55/401 kB | 20 kB
Progress (3): 72/290 kB | 59/401 kB | 20 kB
Progress (3): 72/290 kB | 63/401 kB | 20 kB
Progress (3): 72/290 kB | 67/401 kB | 20 kB
Progress (3): 72/290 kB | 72/401 kB | 20 kB
Progress (4): 72/290 kB | 72/401 kB | 20 kB | 0/1.9 MB
Progress (5): 72/290 kB | 72/401 kB | 20 kB | 0/1.9 MB | 0.9/594 kB
Progress (5): 72/290 kB | 72/401 kB | 20 kB | 0/1.9 MB | 2.3/594 kB
Progress (5): 72/290 kB | 72/401 kB | 20 kB | 0/1.9 MB | 3.7/594 kB
Progress (5): 72/290 kB | 72/401 kB | 20 kB | 0/1.9 MB | 5.0/594 kB
Progress (5): 72/290 kB | 72/401 kB | 20 kB | 0/1.9 MB | 6.4/594 kB
Progress (5): 72/290 kB | 72/401 kB | 20 kB | 0/1.9 MB | 7.8/594 kB
Progress (5): 72/290 kB | 72/401 kB | 20 kB | 0/1.9 MB | 9.1/594 kB
Progress (5): 72/290 kB | 72/401 kB | 20 kB | 0/1.9 MB | 11/594 kB 
Progress (5): 72/290 kB | 72/401 kB | 20 kB | 0/1.9 MB | 12/594 kB
Progress (5): 72/290 kB | 72/401 kB | 20 kB | 0/1.9 MB | 12/594 kB
Progress (5): 72/290 kB | 72/401 kB | 20 kB | 0/1.9 MB | 13/594 kB
Progress (5): 72/290 kB | 72/401 kB | 20 kB | 0/1.9 MB | 15/594 kB
Progress (5): 72/290 kB | 72/401 kB | 20 kB | 0/1.9 MB | 16/594 kB
Progress (5): 72/290 kB | 72/401 kB | 20 kB | 0/1.9 MB | 17/594 kB
Progress (5): 72/290 kB | 72/401 kB | 20 kB | 0/1.9 MB | 19/594 kB
Progress (5): 72/290 kB | 72/401 kB | 20 kB | 0/1.9 MB | 20/594 kB
Progress (5): 72/290 kB | 72/401 kB | 20 kB | 0/1.9 MB | 21/594 kB
Progress (5): 72/290 kB | 72/401 kB | 20 kB | 0/1.9 MB | 23/594 kB
Progress (5): 72/290 kB | 72/401 kB | 20 kB | 0/1.9 MB | 24/594 kB
Progress (5): 72/290 kB | 72/401 kB | 20 kB | 0/1.9 MB | 26/594 kB
Progress (5): 72/290 kB | 72/401 kB | 20 kB | 0/1.9 MB | 27/594 kB
Progress (5): 72/290 kB | 72/401 kB | 20 kB | 0/1.9 MB | 28/594 kB
Progress (5): 72/290 kB | 72/401 kB | 20 kB | 0/1.9 MB | 30/594 kB
Progress (5): 72/290 kB | 72/401 kB | 20 kB | 0/1.9 MB | 31/594 kB
Progress (5): 72/290 kB | 72/401 kB | 20 kB | 0/1.9 MB | 32/594 kB
Progress (5): 72/290 kB | 72/401 kB | 20 kB | 0/1.9 MB | 34/594 kB
Progress (5): 72/290 kB | 72/401 kB | 20 kB | 0/1.9 MB | 35/594 kB
Progress (5): 72/290 kB | 72/401 kB | 20 kB | 0/1.9 MB | 37/594 kB
Progress (5): 72/290 kB | 72/401 kB | 20 kB | 0/1.9 MB | 38/594 kB
Progress (5): 72/290 kB | 72/401 kB | 20 kB | 0/1.9 MB | 39/594 kB
Progress (5): 72/290 kB | 72/401 kB | 20 kB | 0/1.9 MB | 41/594 kB
Progress (5): 72/290 kB | 72/401 kB | 20 kB | 0/1.9 MB | 42/594 kB
Progress (5): 72/290 kB | 72/401 kB | 20 kB | 0/1.9 MB | 43/594 kB
Progress (5): 72/290 kB | 72/401 kB | 20 kB | 0/1.9 MB | 45/594 kB
Progress (5): 72/290 kB | 72/401 kB | 20 kB | 0/1.9 MB | 46/594 kB
Progress (5): 72/290 kB | 72/401 kB | 20 kB | 0/1.9 MB | 47/594 kB
Progress (5): 72/290 kB | 72/401 kB | 20 kB | 0/1.9 MB | 49/594 kB
Progress (5): 72/290 kB | 72/401 kB | 20 kB | 0/1.9 MB | 50/594 kB
Progress (5): 72/290 kB | 72/401 kB | 20 kB | 0/1.9 MB | 52/594 kB
Progress (5): 72/290 kB | 72/401 kB | 20 kB | 0/1.9 MB | 53/594 kB
Progress (5): 72/290 kB | 72/401 kB | 20 kB | 0/1.9 MB | 54/594 kB
Progress (5): 72/290 kB | 72/401 kB | 20 kB | 0/1.9 MB | 56/594 kB
Progress (5): 76/290 kB | 72/401 kB | 20 kB | 0/1.9 MB | 56/594 kB
Progress (5): 76/290 kB | 72/401 kB | 20 kB | 0/1.9 MB | 56/594 kB
Progress (5): 76/290 kB | 76/401 kB | 20 kB | 0/1.9 MB | 56/594 kB
Progress (5): 76/290 kB | 76/401 kB | 20 kB | 0/1.9 MB | 60/594 kB
Progress (5): 80/290 kB | 76/401 kB | 20 kB | 0/1.9 MB | 60/594 kB
Progress (5): 80/290 kB | 80/401 kB | 20 kB | 0/1.9 MB | 60/594 kB
Progress (5): 84/290 kB | 80/401 kB | 20 kB | 0/1.9 MB | 60/594 kB
Progress (5): 88/290 kB | 80/401 kB | 20 kB | 0/1.9 MB | 60/594 kB
Progress (5): 93/290 kB | 80/401 kB | 20 kB | 0/1.9 MB | 60/594 kB
Progress (5): 97/290 kB | 80/401 kB | 20 kB | 0/1.9 MB | 60/594 kB
Progress (5): 101/290 kB | 80/401 kB | 20 kB | 0/1.9 MB | 60/594 kB
Progress (5): 105/290 kB | 80/401 kB | 20 kB | 0/1.9 MB | 60/594 kB
Progress (5): 110/290 kB | 80/401 kB | 20 kB | 0/1.9 MB | 60/594 kB
Progress (5): 110/290 kB | 80/401 kB | 20 kB | 0/1.9 MB | 60/594 kB
Progress (5): 110/290 kB | 80/401 kB | 20 kB | 0/1.9 MB | 60/594 kB
Progress (5): 114/290 kB | 80/401 kB | 20 kB | 0/1.9 MB | 60/594 kB
Progress (5): 114/290 kB | 80/401 kB | 20 kB | 0/1.9 MB | 60/594 kB
Progress (5): 114/290 kB | 80/401 kB | 20 kB | 0/1.9 MB | 60/594 kB
Progress (5): 118/290 kB | 80/401 kB | 20 kB | 0/1.9 MB | 60/594 kB
Progress (5): 118/290 kB | 80/401 kB | 20 kB | 0/1.9 MB | 60/594 kB
Progress (5): 118/290 kB | 80/401 kB | 20 kB | 0/1.9 MB | 60/594 kB
Progress (5): 122/290 kB | 80/401 kB | 20 kB | 0/1.9 MB | 60/594 kB
Progress (5): 122/290 kB | 80/401 kB | 20 kB | 0/1.9 MB | 60/594 kB
Progress (5): 122/290 kB | 80/401 kB | 20 kB | 0/1.9 MB | 60/594 kB
Progress (5): 122/290 kB | 84/401 kB | 20 kB | 0/1.9 MB | 60/594 kB
Progress (5): 127/290 kB | 84/401 kB | 20 kB | 0/1.9 MB | 60/594 kB
Progress (5): 127/290 kB | 84/401 kB | 20 kB | 0/1.9 MB | 60/594 kB
Progress (5): 131/290 kB | 84/401 kB | 20 kB | 0/1.9 MB | 60/594 kB
Progress (5): 131/290 kB | 89/401 kB | 20 kB | 0/1.9 MB | 60/594 kB
Progress (5): 131/290 kB | 89/401 kB | 20 kB | 0/1.9 MB | 60/594 kB
Progress (5): 131/290 kB | 89/401 kB | 20 kB | 0/1.9 MB | 60/594 kB
                                                                   
Downloaded from central: https://repo1.maven.org/maven2/com/google/errorprone/error_prone_annotations/2.41.0/error_prone_annotations-2.41.0.jar (20 kB at 182 kB/s)
Downloading from central: https://repo1.maven.org/maven2/org/apache/commons/commons-fileupload2-javax/2.0.0-M4/commons-fileupload2-javax-2.0.0-M4.jar
Progress (4): 131/290 kB | 89/401 kB | 0/1.9 MB | 60/594 kB
Progress (4): 131/290 kB | 89/401 kB | 0/1.9 MB | 60/594 kB
Progress (4): 131/290 kB | 93/401 kB | 0/1.9 MB | 60/594 kB
Progress (4): 131/290 kB | 93/401 kB | 0/1.9 MB | 60/594 kB
Progress (4): 135/290 kB | 93/401 kB | 0/1.9 MB | 60/594 kB
Progress (4): 135/290 kB | 93/401 kB | 0/1.9 MB | 60/594 kB
Progress (4): 135/290 kB | 97/401 kB | 0/1.9 MB | 60/594 kB
Progress (4): 135/290 kB | 97/401 kB | 0/1.9 MB | 60/594 kB
Progress (4): 135/290 kB | 97/401 kB | 0/1.9 MB | 60/594 kB
Progress (4): 135/290 kB | 101/401 kB | 0/1.9 MB | 60/594 kB
Progress (4): 135/290 kB | 101/401 kB | 0/1.9 MB | 60/594 kB
Progress (4): 135/290 kB | 101/401 kB | 0/1.9 MB | 60/594 kB
Progress (4): 139/290 kB | 101/401 kB | 0/1.9 MB | 60/594 kB
Progress (4): 139/290 kB | 101/401 kB | 0/1.9 MB | 60/594 kB
Progress (4): 139/290 kB | 101/401 kB | 0/1.9 MB | 60/594 kB
Progress (4): 143/290 kB | 101/401 kB | 0/1.9 MB | 60/594 kB
Progress (4): 143/290 kB | 101/401 kB | 0/1.9 MB | 64/594 kB
Progress (4): 143/290 kB | 105/401 kB | 0/1.9 MB | 64/594 kB
Progress (4): 143/290 kB | 105/401 kB | 0/1.9 MB | 64/594 kB
Progress (4): 147/290 kB | 105/401 kB | 0/1.9 MB | 64/594 kB
Progress (4): 147/290 kB | 105/401 kB | 0/1.9 MB | 68/594 kB
Progress (4): 147/290 kB | 105/401 kB | 0/1.9 MB | 68/594 kB
Progress (4): 147/290 kB | 110/401 kB | 0/1.9 MB | 68/594 kB
Progress (4): 147/290 kB | 110/401 kB | 0/1.9 MB | 68/594 kB
Progress (4): 147/290 kB | 114/401 kB | 0/1.9 MB | 68/594 kB
Progress (4): 147/290 kB | 114/401 kB | 0/1.9 MB | 73/594 kB
Progress (4): 152/290 kB | 114/401 kB | 0/1.9 MB | 73/594 kB
Progress (4): 152/290 kB | 114/401 kB | 0/1.9 MB | 73/594 kB
Progress (4): 152/290 kB | 114/401 kB | 0/1.9 MB | 73/594 kB
Progress (4): 152/290 kB | 114/401 kB | 0/1.9 MB | 77/594 kB
Progress (4): 152/290 kB | 114/401 kB | 0/1.9 MB | 77/594 kB
Progress (4): 156/290 kB | 114/401 kB | 0/1.9 MB | 77/594 kB
Progress (4): 156/290 kB | 114/401 kB | 0/1.9 MB | 77/594 kB
Progress (4): 156/290 kB | 114/401 kB | 0/1.9 MB | 81/594 kB
Progress (4): 156/290 kB | 118/401 kB | 0/1.9 MB | 81/594 kB
Progress (4): 156/290 kB | 118/401 kB | 0/1.9 MB | 81/594 kB
Progress (4): 160/290 kB | 118/401 kB | 0/1.9 MB | 81/594 kB
Progress (4): 160/290 kB | 118/401 kB | 0/1.9 MB | 85/594 kB
Progress (4): 160/290 kB | 118/401 kB | 0/1.9 MB | 85/594 kB
Progress (4): 164/290 kB | 118/401 kB | 0/1.9 MB | 85/594 kB
Progress (4): 164/290 kB | 118/401 kB | 0/1.9 MB | 85/594 kB
Progress (4): 164/290 kB | 118/401 kB | 0/1.9 MB | 90/594 kB
Progress (4): 164/290 kB | 118/401 kB | 0/1.9 MB | 90/594 kB
Progress (4): 169/290 kB | 118/401 kB | 0/1.9 MB | 90/594 kB
Progress (4): 169/290 kB | 118/401 kB | 0/1.9 MB | 94/594 kB
Progress (4): 169/290 kB | 118/401 kB | 0/1.9 MB | 94/594 kB
Progress (4): 173/290 kB | 118/401 kB | 0/1.9 MB | 94/594 kB
Progress (4): 173/290 kB | 122/401 kB | 0/1.9 MB | 94/594 kB
Progress (4): 173/290 kB | 122/401 kB | 0.1/1.9 MB | 94/594 kB
Progress (4): 173/290 kB | 122/401 kB | 0.1/1.9 MB | 98/594 kB
Progress (4): 173/290 kB | 122/401 kB | 0.1/1.9 MB | 98/594 kB
Progress (4): 177/290 kB | 122/401 kB | 0.1/1.9 MB | 98/594 kB
Progress (4): 177/290 kB | 127/401 kB | 0.1/1.9 MB | 98/594 kB
Progress (4): 177/290 kB | 127/401 kB | 0.1/1.9 MB | 98/594 kB
Progress (4): 177/290 kB | 131/401 kB | 0.1/1.9 MB | 98/594 kB
Progress (4): 177/290 kB | 131/401 kB | 0.1/1.9 MB | 98/594 kB
Progress (4): 177/290 kB | 131/401 kB | 0.1/1.9 MB | 98/594 kB
Progress (4): 177/290 kB | 131/401 kB | 0.1/1.9 MB | 102/594 kB
Progress (4): 177/290 kB | 131/401 kB | 0.1/1.9 MB | 102/594 kB
Progress (4): 177/290 kB | 131/401 kB | 0.1/1.9 MB | 102/594 kB
Progress (4): 177/290 kB | 135/401 kB | 0.1/1.9 MB | 102/594 kB
Progress (4): 177/290 kB | 135/401 kB | 0.1/1.9 MB | 106/594 kB
Progress (4): 177/290 kB | 135/401 kB | 0.1/1.9 MB | 106/594 kB
Progress (4): 177/290 kB | 139/401 kB | 0.1/1.9 MB | 106/594 kB
Progress (4): 177/290 kB | 139/401 kB | 0.1/1.9 MB | 106/594 kB
Progress (4): 177/290 kB | 144/401 kB | 0.1/1.9 MB | 106/594 kB
Progress (4): 177/290 kB | 144/401 kB | 0.1/1.9 MB | 106/594 kB
Progress (4): 177/290 kB | 144/401 kB | 0.1/1.9 MB | 111/594 kB
Progress (4): 177/290 kB | 144/401 kB | 0.1/1.9 MB | 111/594 kB
Progress (4): 177/290 kB | 144/401 kB | 0.1/1.9 MB | 115/594 kB
Progress (4): 177/290 kB | 144/401 kB | 0.1/1.9 MB | 115/594 kB
Progress (4): 177/290 kB | 144/401 kB | 0.1/1.9 MB | 119/594 kB
Progress (4): 177/290 kB | 148/401 kB | 0.1/1.9 MB | 119/594 kB
Progress (4): 177/290 kB | 148/401 kB | 0.1/1.9 MB | 119/594 kB
Progress (4): 177/290 kB | 148/401 kB | 0.1/1.9 MB | 119/594 kB
Progress (4): 177/290 kB | 148/401 kB | 0.1/1.9 MB | 119/594 kB
Progress (4): 177/290 kB | 148/401 kB | 0.1/1.9 MB | 119/594 kB
Progress (4): 177/290 kB | 148/401 kB | 0.1/1.9 MB | 123/594 kB
Progress (4): 177/290 kB | 148/401 kB | 0.1/1.9 MB | 128/594 kB
Progress (4): 177/290 kB | 148/401 kB | 0.1/1.9 MB | 128/594 kB
Progress (4): 177/290 kB | 148/401 kB | 0.1/1.9 MB | 131/594 kB
Progress (4): 177/290 kB | 148/401 kB | 0.1/1.9 MB | 131/594 kB
Progress (4): 177/290 kB | 148/401 kB | 0.1/1.9 MB | 131/594 kB
Progress (4): 177/290 kB | 148/401 kB | 0.1/1.9 MB | 131/594 kB
Progress (4): 177/290 kB | 148/401 kB | 0.1/1.9 MB | 135/594 kB
Progress (4): 177/290 kB | 148/401 kB | 0.1/1.9 MB | 135/594 kB
Progress (4): 177/290 kB | 148/401 kB | 0.1/1.9 MB | 140/594 kB
Progress (4): 177/290 kB | 148/401 kB | 0.1/1.9 MB | 140/594 kB
Progress (4): 177/290 kB | 148/401 kB | 0.1/1.9 MB | 144/594 kB
Progress (4): 177/290 kB | 148/401 kB | 0.1/1.9 MB | 144/594 kB
Progress (4): 177/290 kB | 148/401 kB | 0.1/1.9 MB | 144/594 kB
Progress (4): 177/290 kB | 148/401 kB | 0.1/1.9 MB | 147/594 kB
Progress (4): 177/290 kB | 148/401 kB | 0.1/1.9 MB | 147/594 kB
Progress (4): 177/290 kB | 148/401 kB | 0.1/1.9 MB | 152/594 kB
Progress (4): 177/290 kB | 148/401 kB | 0.1/1.9 MB | 152/594 kB
Progress (4): 177/290 kB | 148/401 kB | 0.1/1.9 MB | 156/594 kB
Progress (4): 177/290 kB | 148/401 kB | 0.1/1.9 MB | 156/594 kB
Progress (4): 177/290 kB | 148/401 kB | 0.1/1.9 MB | 156/594 kB
Progress (4): 177/290 kB | 148/401 kB | 0.2/1.9 MB | 156/594 kB
Progress (4): 177/290 kB | 148/401 kB | 0.2/1.9 MB | 160/594 kB
Progress (4): 177/290 kB | 148/401 kB | 0.2/1.9 MB | 160/594 kB
Progress (4): 177/290 kB | 148/401 kB | 0.2/1.9 MB | 164/594 kB
Progress (4): 177/290 kB | 148/401 kB | 0.2/1.9 MB | 164/594 kB
Progress (4): 177/290 kB | 148/401 kB | 0.2/1.9 MB | 164/594 kB
Progress (4): 177/290 kB | 148/401 kB | 0.2/1.9 MB | 164/594 kB
Progress (4): 177/290 kB | 148/401 kB | 0.2/1.9 MB | 164/594 kB
Progress (4): 177/290 kB | 148/401 kB | 0.2/1.9 MB | 169/594 kB
Progress (4): 177/290 kB | 148/401 kB | 0.2/1.9 MB | 169/594 kB
Progress (4): 177/290 kB | 148/401 kB | 0.2/1.9 MB | 173/594 kB
Progress (4): 177/290 kB | 148/401 kB | 0.2/1.9 MB | 173/594 kB
Progress (4): 177/290 kB | 148/401 kB | 0.2/1.9 MB | 177/594 kB
Progress (4): 177/290 kB | 148/401 kB | 0.2/1.9 MB | 177/594 kB
Progress (4): 177/290 kB | 148/401 kB | 0.2/1.9 MB | 177/594 kB
Progress (4): 177/290 kB | 148/401 kB | 0.2/1.9 MB | 181/594 kB
Progress (4): 177/290 kB | 148/401 kB | 0.2/1.9 MB | 184/594 kB
Progress (4): 177/290 kB | 148/401 kB | 0.2/1.9 MB | 188/594 kB
Progress (4): 177/290 kB | 148/401 kB | 0.2/1.9 MB | 192/594 kB
Progress (4): 181/290 kB | 148/401 kB | 0.2/1.9 MB | 192/594 kB
Progress (4): 186/290 kB | 148/401 kB | 0.2/1.9 MB | 192/594 kB
Progress (4): 190/290 kB | 148/401 kB | 0.2/1.9 MB | 192/594 kB
Progress (4): 194/290 kB | 148/401 kB | 0.2/1.9 MB | 192/594 kB
Progress (4): 198/290 kB | 148/401 kB | 0.2/1.9 MB | 192/594 kB
Progress (4): 202/290 kB | 148/401 kB | 0.2/1.9 MB | 192/594 kB
Progress (4): 207/290 kB | 148/401 kB | 0.2/1.9 MB | 192/594 kB
Progress (4): 211/290 kB | 148/401 kB | 0.2/1.9 MB | 192/594 kB
Progress (4): 215/290 kB | 148/401 kB | 0.2/1.9 MB | 192/594 kB
Progress (4): 219/290 kB | 148/401 kB | 0.2/1.9 MB | 192/594 kB
Progress (4): 224/290 kB | 148/401 kB | 0.2/1.9 MB | 192/594 kB
Progress (4): 224/290 kB | 152/401 kB | 0.2/1.9 MB | 192/594 kB
Progress (4): 224/290 kB | 156/401 kB | 0.2/1.9 MB | 192/594 kB
Progress (4): 240/290 kB | 156/401 kB | 0.2/1.9 MB | 192/594 kB
Progress (4): 240/290 kB | 160/401 kB | 0.2/1.9 MB | 192/594 kB
Progress (4): 240/290 kB | 164/401 kB | 0.2/1.9 MB | 192/594 kB
Progress (4): 240/290 kB | 168/401 kB | 0.2/1.9 MB | 192/594 kB
Progress (4): 256/290 kB | 168/401 kB | 0.2/1.9 MB | 192/594 kB
Progress (4): 256/290 kB | 173/401 kB | 0.2/1.9 MB | 192/594 kB
Progress (4): 256/290 kB | 177/401 kB | 0.2/1.9 MB | 192/594 kB
Progress (4): 273/290 kB | 177/401 kB | 0.2/1.9 MB | 192/594 kB
Progress (4): 273/290 kB | 181/401 kB | 0.2/1.9 MB | 192/594 kB
Progress (4): 279/290 kB | 181/401 kB | 0.2/1.9 MB | 192/594 kB
Progress (4): 279/290 kB | 181/401 kB | 0.2/1.9 MB | 192/594 kB
Progress (4): 279/290 kB | 185/401 kB | 0.2/1.9 MB | 192/594 kB
Progress (4): 279/290 kB | 185/401 kB | 0.2/1.9 MB | 192/594 kB
Progress (4): 290 kB | 185/401 kB | 0.2/1.9 MB | 192/594 kB    
Progress (4): 290 kB | 189/401 kB | 0.2/1.9 MB | 192/594 kB
Progress (4): 290 kB | 189/401 kB | 0.2/1.9 MB | 192/594 kB
Progress (4): 290 kB | 194/401 kB | 0.2/1.9 MB | 192/594 kB
Progress (4): 290 kB | 194/401 kB | 0.2/1.9 MB | 192/594 kB
Progress (4): 290 kB | 194/401 kB | 0.2/1.9 MB | 197/594 kB
Progress (4): 290 kB | 194/401 kB | 0.2/1.9 MB | 197/594 kB
Progress (4): 290 kB | 194/401 kB | 0.2/1.9 MB | 201/594 kB
Progress (4): 290 kB | 198/401 kB | 0.2/1.9 MB | 201/594 kB
Progress (4): 290 kB | 198/401 kB | 0.2/1.9 MB | 201/594 kB
Progress (4): 290 kB | 202/401 kB | 0.2/1.9 MB | 201/594 kB
Progress (4): 290 kB | 202/401 kB | 0.2/1.9 MB | 205/594 kB
Progress (4): 290 kB | 202/401 kB | 0.2/1.9 MB | 205/594 kB
Progress (4): 290 kB | 206/401 kB | 0.2/1.9 MB | 205/594 kB
Progress (4): 290 kB | 206/401 kB | 0.2/1.9 MB | 209/594 kB
Progress (4): 290 kB | 206/401 kB | 0.2/1.9 MB | 213/594 kB
Progress (4): 290 kB | 211/401 kB | 0.2/1.9 MB | 213/594 kB
Progress (4): 290 kB | 215/401 kB | 0.2/1.9 MB | 213/594 kB
Progress (4): 290 kB | 215/401 kB | 0.2/1.9 MB | 213/594 kB
Progress (4): 290 kB | 215/401 kB | 0.2/1.9 MB | 217/594 kB
Progress (4): 290 kB | 219/401 kB | 0.2/1.9 MB | 217/594 kB
Progress (4): 290 kB | 223/401 kB | 0.2/1.9 MB | 217/594 kB
Progress (4): 290 kB | 223/401 kB | 0.3/1.9 MB | 217/594 kB
Progress (4): 290 kB | 223/401 kB | 0.3/1.9 MB | 234/594 kB
Progress (4): 290 kB | 240/401 kB | 0.3/1.9 MB | 234/594 kB
Progress (4): 290 kB | 240/401 kB | 0.3/1.9 MB | 234/594 kB
Progress (4): 290 kB | 240/401 kB | 0.3/1.9 MB | 250/594 kB
Progress (4): 290 kB | 256/401 kB | 0.3/1.9 MB | 250/594 kB
Progress (4): 290 kB | 256/401 kB | 0.3/1.9 MB | 250/594 kB
Progress (4): 290 kB | 256/401 kB | 0.3/1.9 MB | 250/594 kB
Progress (4): 290 kB | 256/401 kB | 0.3/1.9 MB | 266/594 kB
Progress (4): 290 kB | 256/401 kB | 0.3/1.9 MB | 266/594 kB
Progress (4): 290 kB | 272/401 kB | 0.3/1.9 MB | 266/594 kB
Progress (4): 290 kB | 272/401 kB | 0.3/1.9 MB | 283/594 kB
Progress (4): 290 kB | 272/401 kB | 0.3/1.9 MB | 299/594 kB
Progress (4): 290 kB | 272/401 kB | 0.3/1.9 MB | 316/594 kB
Progress (4): 290 kB | 272/401 kB | 0.3/1.9 MB | 332/594 kB
Progress (4): 290 kB | 272/401 kB | 0.3/1.9 MB | 344/594 kB
Progress (4): 290 kB | 272/401 kB | 0.3/1.9 MB | 344/594 kB
Progress (4): 290 kB | 272/401 kB | 0.3/1.9 MB | 344/594 kB
Progress (4): 290 kB | 272/401 kB | 0.3/1.9 MB | 360/594 kB
Progress (4): 290 kB | 272/401 kB | 0.3/1.9 MB | 360/594 kB
Progress (4): 290 kB | 272/401 kB | 0.4/1.9 MB | 360/594 kB
Progress (4): 290 kB | 287/401 kB | 0.4/1.9 MB | 360/594 kB
Progress (4): 290 kB | 289/401 kB | 0.4/1.9 MB | 360/594 kB
Progress (4): 290 kB | 289/401 kB | 0.4/1.9 MB | 360/594 kB
Progress (4): 290 kB | 289/401 kB | 0.4/1.9 MB | 377/594 kB
Progress (4): 290 kB | 305/401 kB | 0.4/1.9 MB | 377/594 kB
Progress (4): 290 kB | 305/401 kB | 0.4/1.9 MB | 377/594 kB
                                                           
Downloaded from central: https://repo1.maven.org/maven2/com/google/code/gson/gson/2.13.2/gson-2.13.2.jar (290 kB at 2.1 MB/s)
Downloading from central: https://repo1.maven.org/maven2/org/apache/commons/commons-fileupload2-core/2.0.0-M4/commons-fileupload2-core-2.0.0-M4.jar
Progress (3): 305/401 kB | 0.4/1.9 MB | 377/594 kB
Progress (3): 322/401 kB | 0.4/1.9 MB | 377/594 kB
Progress (3): 322/401 kB | 0.4/1.9 MB | 393/594 kB
Progress (3): 322/401 kB | 0.4/1.9 MB | 410/594 kB
Progress (3): 322/401 kB | 0.4/1.9 MB | 410/594 kB
Progress (3): 338/401 kB | 0.4/1.9 MB | 410/594 kB
Progress (3): 338/401 kB | 0.4/1.9 MB | 426/594 kB
Progress (3): 338/401 kB | 0.4/1.9 MB | 426/594 kB
Progress (3): 354/401 kB | 0.4/1.9 MB | 426/594 kB
Progress (3): 354/401 kB | 0.5/1.9 MB | 426/594 kB
Progress (3): 354/401 kB | 0.5/1.9 MB | 442/594 kB
Progress (3): 354/401 kB | 0.5/1.9 MB | 442/594 kB
Progress (3): 371/401 kB | 0.5/1.9 MB | 442/594 kB
Progress (3): 371/401 kB | 0.5/1.9 MB | 459/594 kB
Progress (3): 371/401 kB | 0.5/1.9 MB | 459/594 kB
Progress (3): 387/401 kB | 0.5/1.9 MB | 459/594 kB
Progress (3): 387/401 kB | 0.5/1.9 MB | 459/594 kB
Progress (3): 387/401 kB | 0.5/1.9 MB | 475/594 kB
Progress (3): 401 kB | 0.5/1.9 MB | 475/594 kB    
Progress (3): 401 kB | 0.5/1.9 MB | 475/594 kB
Progress (3): 401 kB | 0.5/1.9 MB | 492/594 kB
Progress (3): 401 kB | 0.5/1.9 MB | 508/594 kB
Progress (3): 401 kB | 0.5/1.9 MB | 508/594 kB
Progress (3): 401 kB | 0.6/1.9 MB | 508/594 kB
Progress (3): 401 kB | 0.6/1.9 MB | 524/594 kB
Progress (3): 401 kB | 0.6/1.9 MB | 524/594 kB
Progress (3): 401 kB | 0.6/1.9 MB | 541/594 kB
Progress (3): 401 kB | 0.6/1.9 MB | 541/594 kB
Progress (3): 401 kB | 0.6/1.9 MB | 557/594 kB
Progress (3): 401 kB | 0.6/1.9 MB | 557/594 kB
Progress (3): 401 kB | 0.6/1.9 MB | 573/594 kB
Progress (3): 401 kB | 0.6/1.9 MB | 573/594 kB
Progress (3): 401 kB | 0.6/1.9 MB | 590/594 kB
Progress (3): 401 kB | 0.6/1.9 MB | 594 kB    
Progress (3): 401 kB | 0.6/1.9 MB | 594 kB
Progress (3): 401 kB | 0.7/1.9 MB | 594 kB
Progress (3): 401 kB | 0.7/1.9 MB | 594 kB
Progress (4): 401 kB | 0.7/1.9 MB | 594 kB | 7.7/14 kB
Progress (4): 401 kB | 0.7/1.9 MB | 594 kB | 7.7/14 kB
Progress (4): 401 kB | 0.7/1.9 MB | 594 kB | 7.7/14 kB
Progress (4): 401 kB | 0.7/1.9 MB | 594 kB | 7.7/14 kB
Progress (4): 401 kB | 0.7/1.9 MB | 594 kB | 7.7/14 kB
Progress (4): 401 kB | 0.7/1.9 MB | 594 kB | 12/14 kB 
Progress (4): 401 kB | 0.8/1.9 MB | 594 kB | 12/14 kB
Progress (4): 401 kB | 0.8/1.9 MB | 594 kB | 14 kB   
Progress (4): 401 kB | 0.8/1.9 MB | 594 kB | 14 kB
Progress (4): 401 kB | 0.8/1.9 MB | 594 kB | 14 kB
Progress (4): 401 kB | 0.8/1.9 MB | 594 kB | 14 kB
Progress (4): 401 kB | 0.8/1.9 MB | 594 kB | 14 kB
Progress (4): 401 kB | 0.8/1.9 MB | 594 kB | 14 kB
Progress (4): 401 kB | 0.9/1.9 MB | 594 kB | 14 kB
Progress (4): 401 kB | 0.9/1.9 MB | 594 kB | 14 kB
Progress (4): 401 kB | 0.9/1.9 MB | 594 kB | 14 kB
Progress (4): 401 kB | 0.9/1.9 MB | 594 kB | 14 kB
Progress (4): 401 kB | 0.9/1.9 MB | 594 kB | 14 kB
Progress (4): 401 kB | 0.9/1.9 MB | 594 kB | 14 kB
                                                  
Downloaded from central: https://repo1.maven.org/maven2/commons-codec/commons-codec/1.20.0/commons-codec-1.20.0.jar (401 kB at 2.5 MB/s)
Downloading from central: https://repo1.maven.org/maven2/commons-io/commons-io/2.21.0/commons-io-2.21.0.jar
Progress (3): 0.9/1.9 MB | 594 kB | 14 kB
Progress (3): 1.0/1.9 MB | 594 kB | 14 kB
Progress (3): 1.0/1.9 MB | 594 kB | 14 kB
Progress (3): 1.0/1.9 MB | 594 kB | 14 kB
Progress (3): 1.0/1.9 MB | 594 kB | 14 kB
Progress (3): 1.0/1.9 MB | 594 kB | 14 kB
Progress (3): 1.0/1.9 MB | 594 kB | 14 kB
Progress (3): 1.1/1.9 MB | 594 kB | 14 kB
Progress (3): 1.1/1.9 MB | 594 kB | 14 kB
Progress (3): 1.1/1.9 MB | 594 kB | 14 kB
Progress (3): 1.1/1.9 MB | 594 kB | 14 kB
                                         
Downloaded from central: https://repo1.maven.org/maven2/tools/jackson/core/jackson-core/3.0.2/jackson-core-3.0.2.jar (594 kB at 3.6 MB/s)
Downloading from central: https://repo1.maven.org/maven2/org/apache/commons/commons-fileupload2-jakarta-servlet6/2.0.0-M4/commons-fileupload2-jakarta-servlet6-2.0.0-M4.jar
Downloaded from central: https://repo1.maven.org/maven2/org/apache/commons/commons-fileupload2-javax/2.0.0-M4/commons-fileupload2-javax-2.0.0-M4.jar (14 kB at 82 kB/s)
Downloading from central: https://repo1.maven.org/maven2/net/thauvin/erik/akismet-kotlin/1.0.0/akismet-kotlin-1.0.0.jar
Progress (1): 1.1/1.9 MB
Progress (1): 1.1/1.9 MB
Progress (1): 1.2/1.9 MB
Progress (1): 1.2/1.9 MB
Progress (1): 1.2/1.9 MB
Progress (1): 1.2/1.9 MB
Progress (1): 1.2/1.9 MB
Progress (1): 1.2/1.9 MB
Progress (1): 1.2/1.9 MB
Progress (1): 1.3/1.9 MB
Progress (1): 1.3/1.9 MB
Progress (1): 1.3/1.9 MB
Progress (1): 1.3/1.9 MB
Progress (1): 1.3/1.9 MB
Progress (1): 1.3/1.9 MB
Progress (1): 1.4/1.9 MB
Progress (1): 1.4/1.9 MB
Progress (1): 1.4/1.9 MB
Progress (1): 1.4/1.9 MB
Progress (1): 1.4/1.9 MB
Progress (1): 1.4/1.9 MB
Progress (1): 1.5/1.9 MB
Progress (1): 1.5/1.9 MB
Progress (1): 1.5/1.9 MB
Progress (1): 1.5/1.9 MB
Progress (1): 1.5/1.9 MB
Progress (1): 1.5/1.9 MB
Progress (1): 1.6/1.9 MB
Progress (1): 1.6/1.9 MB
Progress (2): 1.6/1.9 MB | 7.7/63 kB
Progress (2): 1.6/1.9 MB | 7.7/63 kB
Progress (2): 1.6/1.9 MB | 7.7/63 kB
Progress (2): 1.6/1.9 MB | 7.7/63 kB
Progress (2): 1.6/1.9 MB | 16/63 kB 
Progress (2): 1.6/1.9 MB | 16/63 kB
Progress (2): 1.6/1.9 MB | 25/63 kB
Progress (2): 1.7/1.9 MB | 25/63 kB
Progress (2): 1.7/1.9 MB | 41/63 kB
Progress (2): 1.7/1.9 MB | 41/63 kB
Progress (2): 1.7/1.9 MB | 57/63 kB
Progress (2): 1.7/1.9 MB | 57/63 kB
Progress (2): 1.7/1.9 MB | 63 kB   
Progress (2): 1.7/1.9 MB | 63 kB
Progress (2): 1.7/1.9 MB | 63 kB
Progress (2): 1.7/1.9 MB | 63 kB
Progress (2): 1.8/1.9 MB | 63 kB
Progress (2): 1.8/1.9 MB | 63 kB
Progress (3): 1.8/1.9 MB | 63 kB | 7.7/585 kB
Progress (3): 1.8/1.9 MB | 63 kB | 7.7/585 kB
Progress (3): 1.8/1.9 MB | 63 kB | 7.7/585 kB
Progress (3): 1.8/1.9 MB | 63 kB | 7.7/585 kB
Progress (3): 1.8/1.9 MB | 63 kB | 7.7/585 kB
Progress (3): 1.8/1.9 MB | 63 kB | 12/585 kB 
Progress (3): 1.8/1.9 MB | 63 kB | 29/585 kB
Progress (3): 1.9/1.9 MB | 63 kB | 29/585 kB
Progress (3): 1.9 MB | 63 kB | 29/585 kB    
Progress (3): 1.9 MB | 63 kB | 45/585 kB
Progress (3): 1.9 MB | 63 kB | 61/585 kB
Progress (3): 1.9 MB | 63 kB | 78/585 kB
Progress (3): 1.9 MB | 63 kB | 94/585 kB
Progress (3): 1.9 MB | 63 kB | 111/585 kB
Progress (3): 1.9 MB | 63 kB | 127/585 kB
                                         
Downloaded from central: https://repo1.maven.org/maven2/org/apache/commons/commons-fileupload2-core/2.0.0-M4/commons-fileupload2-core-2.0.0-M4.jar (63 kB at 317 kB/s)
Downloading from central: https://repo1.maven.org/maven2/org/jetbrains/kotlin/kotlin-stdlib-jdk8/1.9.10/kotlin-stdlib-jdk8-1.9.10.jar
Progress (2): 1.9 MB | 143/585 kB
Progress (2): 1.9 MB | 160/585 kB
Progress (2): 1.9 MB | 176/585 kB
Progress (2): 1.9 MB | 193/585 kB
Progress (2): 1.9 MB | 209/585 kB
Progress (2): 1.9 MB | 225/585 kB
Progress (2): 1.9 MB | 242/585 kB
Progress (2): 1.9 MB | 258/585 kB
Progress (2): 1.9 MB | 274/585 kB
Progress (2): 1.9 MB | 291/585 kB
Progress (2): 1.9 MB | 307/585 kB
Progress (2): 1.9 MB | 324/585 kB
Progress (2): 1.9 MB | 340/585 kB
Progress (2): 1.9 MB | 356/585 kB
Progress (2): 1.9 MB | 373/585 kB
                                 
Downloaded from central: https://repo1.maven.org/maven2/tools/jackson/core/jackson-databind/3.0.2/jackson-databind-3.0.2.jar (1.9 MB at 8.7 MB/s)
Downloading from central: https://repo1.maven.org/maven2/org/jetbrains/kotlin/kotlin-stdlib/1.9.10/kotlin-stdlib-1.9.10.jar
Progress (1): 389/585 kB
Progress (1): 406/585 kB
Progress (1): 422/585 kB
Progress (1): 438/585 kB
Progress (1): 455/585 kB
Progress (1): 471/585 kB
Progress (1): 487/585 kB
Progress (2): 487/585 kB | 7.7/14 kB
Progress (2): 504/585 kB | 7.7/14 kB
Progress (2): 520/585 kB | 7.7/14 kB
Progress (2): 537/585 kB | 7.7/14 kB
Progress (2): 553/585 kB | 7.7/14 kB
Progress (2): 553/585 kB | 14 kB    
Progress (2): 569/585 kB | 14 kB
Progress (2): 585 kB | 14 kB    
                            
Downloaded from central: https://repo1.maven.org/maven2/org/apache/commons/commons-fileupload2-jakarta-servlet6/2.0.0-M4/commons-fileupload2-jakarta-servlet6-2.0.0-M4.jar (14 kB at 60 kB/s)
Downloading from central: https://repo1.maven.org/maven2/org/jetbrains/annotations/13.0/annotations-13.0.jar
Progress (2): 585 kB | 965 B
                            
Downloaded from central: https://repo1.maven.org/maven2/commons-io/commons-io/2.21.0/commons-io-2.21.0.jar (585 kB at 2.4 MB/s)
Downloading from central: https://repo1.maven.org/maven2/org/jetbrains/kotlin/kotlin-stdlib-jdk7/1.9.10/kotlin-stdlib-jdk7-1.9.10.jar
Progress (2): 965 B | 0/1.7 MB
Progress (2): 965 B | 0/1.7 MB
Progress (2): 965 B | 0/1.7 MB
Progress (2): 965 B | 0/1.7 MB
Progress (2): 965 B | 0.1/1.7 MB
Progress (2): 965 B | 0.1/1.7 MB
Progress (2): 965 B | 0.1/1.7 MB
Progress (2): 965 B | 0.1/1.7 MB
Progress (2): 965 B | 0.1/1.7 MB
Progress (2): 965 B | 0.1/1.7 MB
Progress (2): 965 B | 0.2/1.7 MB
                                
Downloaded from central: https://repo1.maven.org/maven2/org/jetbrains/kotlin/kotlin-stdlib-jdk8/1.9.10/kotlin-stdlib-jdk8-1.9.10.jar (965 B at 3.7 kB/s)
Downloading from central: https://repo1.maven.org/maven2/com/squareup/okhttp3/okhttp/4.11.0/okhttp-4.11.0.jar
Progress (1): 0.2/1.7 MB
Progress (1): 0.2/1.7 MB
Progress (1): 0.2/1.7 MB
Progress (1): 0.2/1.7 MB
Progress (1): 0.2/1.7 MB
Progress (1): 0.3/1.7 MB
Progress (1): 0.3/1.7 MB
Progress (1): 0.3/1.7 MB
Progress (1): 0.3/1.7 MB
Progress (1): 0.3/1.7 MB
Progress (1): 0.3/1.7 MB
Progress (2): 0.3/1.7 MB | 7.7/18 kB
Progress (2): 0.4/1.7 MB | 7.7/18 kB
Progress (2): 0.4/1.7 MB | 7.7/18 kB
Progress (2): 0.4/1.7 MB | 7.7/18 kB
Progress (2): 0.4/1.7 MB | 16/18 kB 
Progress (2): 0.4/1.7 MB | 18 kB   
Progress (2): 0.4/1.7 MB | 18 kB
Progress (2): 0.4/1.7 MB | 18 kB
Progress (2): 0.4/1.7 MB | 18 kB
Progress (2): 0.5/1.7 MB | 18 kB
Progress (2): 0.5/1.7 MB | 18 kB
Progress (2): 0.5/1.7 MB | 18 kB
Progress (2): 0.5/1.7 MB | 18 kB
Progress (2): 0.5/1.7 MB | 18 kB
Progress (2): 0.5/1.7 MB | 18 kB
Progress (2): 0.6/1.7 MB | 18 kB
Progress (2): 0.6/1.7 MB | 18 kB
Progress (2): 0.6/1.7 MB | 18 kB
Progress (2): 0.6/1.7 MB | 18 kB
Progress (2): 0.6/1.7 MB | 18 kB
Progress (2): 0.6/1.7 MB | 18 kB
Progress (3): 0.6/1.7 MB | 18 kB | 959 B
Progress (3): 0.7/1.7 MB | 18 kB | 959 B
Progress (3): 0.7/1.7 MB | 18 kB | 959 B
Progress (3): 0.7/1.7 MB | 18 kB | 959 B
Progress (3): 0.7/1.7 MB | 18 kB | 959 B
Progress (3): 0.7/1.7 MB | 18 kB | 959 B
Progress (3): 0.7/1.7 MB | 18 kB | 959 B
Progress (3): 0.8/1.7 MB | 18 kB | 959 B
Progress (3): 0.8/1.7 MB | 18 kB | 959 B
Progress (3): 0.8/1.7 MB | 18 kB | 959 B
Progress (3): 0.8/1.7 MB | 18 kB | 959 B
Progress (3): 0.8/1.7 MB | 18 kB | 959 B
Progress (3): 0.8/1.7 MB | 18 kB | 959 B
Progress (3): 0.9/1.7 MB | 18 kB | 959 B
                                        
Downloaded from central: https://repo1.maven.org/maven2/org/jetbrains/annotations/13.0/annotations-13.0.jar (18 kB at 62 kB/s)
Downloading from central: https://repo1.maven.org/maven2/com/squareup/okio/okio/3.2.0/okio-3.2.0.jar
Progress (2): 0.9/1.7 MB | 959 B
Progress (2): 0.9/1.7 MB | 959 B
Progress (2): 0.9/1.7 MB | 959 B
Progress (2): 0.9/1.7 MB | 959 B
Progress (2): 0.9/1.7 MB | 959 B
Progress (2): 0.9/1.7 MB | 959 B
Progress (2): 1.0/1.7 MB | 959 B
Progress (2): 1.0/1.7 MB | 959 B
Progress (2): 1.0/1.7 MB | 959 B
Progress (2): 1.0/1.7 MB | 959 B
Progress (2): 1.0/1.7 MB | 959 B
Progress (2): 1.0/1.7 MB | 959 B
Progress (2): 1.1/1.7 MB | 959 B
Progress (2): 1.1/1.7 MB | 959 B
Progress (2): 1.1/1.7 MB | 959 B
                                
Downloaded from central: https://repo1.maven.org/maven2/org/jetbrains/kotlin/kotlin-stdlib-jdk7/1.9.10/kotlin-stdlib-jdk7-1.9.10.jar (959 B at 3.3 kB/s)
Downloading from central: https://repo1.maven.org/maven2/com/squareup/okio/okio-jvm/3.5.0/okio-jvm-3.5.0.jar
Progress (1): 1.1/1.7 MB
Progress (1): 1.1/1.7 MB
Progress (1): 1.1/1.7 MB
Progress (1): 1.2/1.7 MB
Progress (1): 1.2/1.7 MB
Progress (1): 1.2/1.7 MB
Progress (1): 1.2/1.7 MB
Progress (1): 1.2/1.7 MB
Progress (1): 1.2/1.7 MB
Progress (1): 1.3/1.7 MB
Progress (1): 1.3/1.7 MB
Progress (1): 1.3/1.7 MB
Progress (1): 1.3/1.7 MB
Progress (1): 1.3/1.7 MB
Progress (1): 1.3/1.7 MB
Progress (1): 1.4/1.7 MB
Progress (1): 1.4/1.7 MB
Progress (1): 1.4/1.7 MB
Progress (2): 1.4/1.7 MB | 7.7/787 kB
Progress (2): 1.4/1.7 MB | 7.7/787 kB
Progress (2): 1.4/1.7 MB | 7.7/787 kB
Progress (2): 1.4/1.7 MB | 7.7/787 kB
Progress (2): 1.5/1.7 MB | 7.7/787 kB
Progress (2): 1.5/1.7 MB | 12/787 kB 
Progress (2): 1.5/1.7 MB | 12/787 kB
Progress (2): 1.5/1.7 MB | 29/787 kB
Progress (2): 1.5/1.7 MB | 29/787 kB
Progress (2): 1.5/1.7 MB | 45/787 kB
Progress (2): 1.5/1.7 MB | 45/787 kB
Progress (2): 1.5/1.7 MB | 61/787 kB
Progress (2): 1.5/1.7 MB | 61/787 kB
Progress (2): 1.5/1.7 MB | 78/787 kB
Progress (2): 1.5/1.7 MB | 78/787 kB
Progress (2): 1.5/1.7 MB | 94/787 kB
Progress (2): 1.6/1.7 MB | 94/787 kB
Progress (2): 1.6/1.7 MB | 111/787 kB
Progress (2): 1.6/1.7 MB | 111/787 kB
Progress (2): 1.6/1.7 MB | 127/787 kB
Progress (2): 1.6/1.7 MB | 127/787 kB
Progress (2): 1.6/1.7 MB | 143/787 kB
Progress (2): 1.6/1.7 MB | 143/787 kB
Progress (2): 1.6/1.7 MB | 160/787 kB
Progress (2): 1.6/1.7 MB | 160/787 kB
Progress (2): 1.6/1.7 MB | 176/787 kB
Progress (2): 1.6/1.7 MB | 176/787 kB
Progress (2): 1.6/1.7 MB | 193/787 kB
Progress (2): 1.7/1.7 MB | 193/787 kB
Progress (2): 1.7/1.7 MB | 200/787 kB
Progress (2): 1.7/1.7 MB | 200/787 kB
Progress (2): 1.7/1.7 MB | 216/787 kB
Progress (2): 1.7/1.7 MB | 216/787 kB
Progress (2): 1.7/1.7 MB | 233/787 kB
Progress (2): 1.7/1.7 MB | 233/787 kB
Progress (2): 1.7 MB | 233/787 kB    
Progress (2): 1.7 MB | 249/787 kB
Progress (2): 1.7 MB | 266/787 kB
Progress (2): 1.7 MB | 282/787 kB
Progress (2): 1.7 MB | 298/787 kB
Progress (2): 1.7 MB | 315/787 kB
Progress (2): 1.7 MB | 331/787 kB
Progress (2): 1.7 MB | 348/787 kB
Progress (2): 1.7 MB | 364/787 kB
Progress (2): 1.7 MB | 380/787 kB
Progress (2): 1.7 MB | 397/787 kB
Progress (2): 1.7 MB | 413/787 kB
Progress (2): 1.7 MB | 429/787 kB
Progress (2): 1.7 MB | 446/787 kB
Progress (2): 1.7 MB | 462/787 kB
Progress (2): 1.7 MB | 479/787 kB
Progress (2): 1.7 MB | 495/787 kB
Progress (2): 1.7 MB | 511/787 kB
Progress (2): 1.7 MB | 528/787 kB
Progress (2): 1.7 MB | 544/787 kB
Progress (2): 1.7 MB | 561/787 kB
Progress (2): 1.7 MB | 577/787 kB
Progress (2): 1.7 MB | 593/787 kB
Progress (2): 1.7 MB | 610/787 kB
Progress (2): 1.7 MB | 626/787 kB
Progress (2): 1.7 MB | 642/787 kB
Progress (2): 1.7 MB | 659/787 kB
Progress (2): 1.7 MB | 675/787 kB
Progress (2): 1.7 MB | 692/787 kB
Progress (2): 1.7 MB | 708/787 kB
Progress (2): 1.7 MB | 724/787 kB
Progress (2): 1.7 MB | 741/787 kB
Progress (2): 1.7 MB | 757/787 kB
Progress (2): 1.7 MB | 774/787 kB
Progress (2): 1.7 MB | 787 kB    
Progress (3): 1.7 MB | 787 kB | 7.7/359 kB
Progress (3): 1.7 MB | 787 kB | 16/359 kB 
Progress (3): 1.7 MB | 787 kB | 25/359 kB
Progress (3): 1.7 MB | 787 kB | 41/359 kB
Progress (3): 1.7 MB | 787 kB | 57/359 kB
Progress (3): 1.7 MB | 787 kB | 74/359 kB
Progress (3): 1.7 MB | 787 kB | 90/359 kB
Progress (3): 1.7 MB | 787 kB | 106/359 kB
Progress (3): 1.7 MB | 787 kB | 123/359 kB
Progress (3): 1.7 MB | 787 kB | 139/359 kB
Progress (3): 1.7 MB | 787 kB | 156/359 kB
Progress (3): 1.7 MB | 787 kB | 172/359 kB
Progress (3): 1.7 MB | 787 kB | 188/359 kB
Progress (3): 1.7 MB | 787 kB | 205/359 kB
Progress (3): 1.7 MB | 787 kB | 213/359 kB
Progress (3): 1.7 MB | 787 kB | 229/359 kB
Progress (4): 1.7 MB | 787 kB | 229/359 kB | 7.7/26 kB
Progress (4): 1.7 MB | 787 kB | 246/359 kB | 7.7/26 kB
Progress (4): 1.7 MB | 787 kB | 262/359 kB | 7.7/26 kB
Progress (4): 1.7 MB | 787 kB | 279/359 kB | 7.7/26 kB
Progress (4): 1.7 MB | 787 kB | 295/359 kB | 7.7/26 kB
Progress (4): 1.7 MB | 787 kB | 295/359 kB | 16/26 kB 
Progress (4): 1.7 MB | 787 kB | 311/359 kB | 16/26 kB
Progress (4): 1.7 MB | 787 kB | 311/359 kB | 25/26 kB
Progress (4): 1.7 MB | 787 kB | 328/359 kB | 25/26 kB
Progress (4): 1.7 MB | 787 kB | 328/359 kB | 26 kB   
Progress (4): 1.7 MB | 787 kB | 344/359 kB | 26 kB
                                                  
Downloaded from central: https://repo1.maven.org/maven2/org/jetbrains/kotlin/kotlin-stdlib/1.9.10/kotlin-stdlib-1.9.10.jar (1.7 MB at 5.3 MB/s)
Downloading from central: https://repo1.maven.org/maven2/org/jetbrains/kotlin/kotlin-stdlib-common/1.9.0/kotlin-stdlib-common-1.9.0.jar
Progress (3): 787 kB | 359 kB | 26 kB
                                     
Downloaded from central: https://repo1.maven.org/maven2/com/squareup/okhttp3/okhttp/4.11.0/okhttp-4.11.0.jar (787 kB at 2.4 MB/s)
Downloading from central: https://repo1.maven.org/maven2/com/squareup/okhttp3/logging-interceptor/4.11.0/logging-interceptor-4.11.0.jar
Downloaded from central: https://repo1.maven.org/maven2/com/squareup/okio/okio/3.2.0/okio-3.2.0.jar (26 kB at 75 kB/s)
Downloading from central: https://repo1.maven.org/maven2/org/jetbrains/kotlinx/kotlinx-serialization-json-jvm/1.6.0/kotlinx-serialization-json-jvm-1.6.0.jar
Downloaded from central: https://repo1.maven.org/maven2/com/squareup/okio/okio-jvm/3.5.0/okio-jvm-3.5.0.jar (359 kB at 1.1 MB/s)
Downloading from central: https://repo1.maven.org/maven2/org/jetbrains/kotlinx/kotlinx-serialization-core-jvm/1.6.0/kotlinx-serialization-core-jvm-1.6.0.jar
Progress (1): 7.7/225 kB
Progress (1): 12/225 kB 
Progress (1): 29/225 kB
Progress (1): 45/225 kB
Progress (1): 61/225 kB
Progress (1): 78/225 kB
Progress (1): 94/225 kB
Progress (1): 111/225 kB
Progress (1): 127/225 kB
Progress (1): 143/225 kB
Progress (1): 160/225 kB
Progress (1): 176/225 kB
Progress (1): 193/225 kB
Progress (1): 209/225 kB
Progress (1): 225 kB    
Progress (2): 225 kB | 7.7/257 kB
Progress (2): 225 kB | 12/257 kB 
Progress (2): 225 kB | 28/257 kB
Progress (2): 225 kB | 44/257 kB
Progress (2): 225 kB | 61/257 kB
Progress (3): 225 kB | 61/257 kB | 7.8/16 kB
Progress (3): 225 kB | 77/257 kB | 7.8/16 kB
Progress (3): 225 kB | 94/257 kB | 7.8/16 kB
Progress (3): 225 kB | 97/257 kB | 7.8/16 kB
                                            
Downloaded from central: https://repo1.maven.org/maven2/org/jetbrains/kotlin/kotlin-stdlib-common/1.9.0/kotlin-stdlib-common-1.9.0.jar (225 kB at 599 kB/s)
Downloading from central: https://repo1.maven.org/maven2/com/rometools/rome/2.1.0/rome-2.1.0.jar
Progress (2): 114/257 kB | 7.8/16 kB
Progress (2): 114/257 kB | 16 kB    
Progress (2): 130/257 kB | 16 kB
Progress (2): 146/257 kB | 16 kB
Progress (2): 163/257 kB | 16 kB
Progress (2): 179/257 kB | 16 kB
Progress (2): 196/257 kB | 16 kB
Progress (2): 212/257 kB | 16 kB
Progress (2): 228/257 kB | 16 kB
Progress (2): 245/257 kB | 16 kB
Progress (2): 257 kB | 16 kB    
Progress (3): 257 kB | 16 kB | 8.2/418 kB
Progress (3): 257 kB | 16 kB | 25/418 kB 
Progress (3): 257 kB | 16 kB | 33/418 kB
Progress (3): 257 kB | 16 kB | 49/418 kB
Progress (3): 257 kB | 16 kB | 57/418 kB
Progress (3): 257 kB | 16 kB | 74/418 kB
Progress (3): 257 kB | 16 kB | 90/418 kB
Progress (3): 257 kB | 16 kB | 106/418 kB
Progress (3): 257 kB | 16 kB | 115/418 kB
Progress (3): 257 kB | 16 kB | 131/418 kB
Progress (3): 257 kB | 16 kB | 147/418 kB
Progress (3): 257 kB | 16 kB | 164/418 kB
Progress (3): 257 kB | 16 kB | 180/418 kB
Progress (3): 257 kB | 16 kB | 197/418 kB
Progress (3): 257 kB | 16 kB | 213/418 kB
Progress (3): 257 kB | 16 kB | 229/418 kB
Progress (3): 257 kB | 16 kB | 246/418 kB
Progress (3): 257 kB | 16 kB | 262/418 kB
Progress (3): 257 kB | 16 kB | 279/418 kB
Progress (3): 257 kB | 16 kB | 295/418 kB
Progress (3): 257 kB | 16 kB | 311/418 kB
Progress (3): 257 kB | 16 kB | 319/418 kB
                                         
Downloaded from central: https://repo1.maven.org/maven2/com/squareup/okhttp3/logging-interceptor/4.11.0/logging-interceptor-4.11.0.jar (16 kB at 40 kB/s)
Downloading from central: https://repo1.maven.org/maven2/com/rometools/rome-utils/2.1.0/rome-utils-2.1.0.jar
Progress (2): 257 kB | 336/418 kB
Progress (2): 257 kB | 352/418 kB
Progress (2): 257 kB | 369/418 kB
Progress (2): 257 kB | 385/418 kB
Progress (2): 257 kB | 393/418 kB
Progress (2): 257 kB | 410/418 kB
Progress (2): 257 kB | 418 kB    
                             
Downloaded from central: https://repo1.maven.org/maven2/org/jetbrains/kotlinx/kotlinx-serialization-json-jvm/1.6.0/kotlinx-serialization-json-jvm-1.6.0.jar (257 kB at 653 kB/s)
Downloading from central: https://repo1.maven.org/maven2/org/slf4j/slf4j-api/2.0.17/slf4j-api-2.0.17.jar
Downloaded from central: https://repo1.maven.org/maven2/org/jetbrains/kotlinx/kotlinx-serialization-core-jvm/1.6.0/kotlinx-serialization-core-jvm-1.6.0.jar (418 kB at 1.0 MB/s)
Downloading from central: https://repo1.maven.org/maven2/jaxen/jaxen/2.0.0/jaxen-2.0.0.jar
Progress (1): 7.8/24 kB
Progress (1): 8.3/24 kB
Progress (1): 20/24 kB 
Progress (1): 24 kB   
Progress (2): 24 kB | 7.7/258 kB
Progress (2): 24 kB | 12/258 kB 
Progress (2): 24 kB | 29/258 kB
Progress (2): 24 kB | 45/258 kB
Progress (2): 24 kB | 61/258 kB
Progress (2): 24 kB | 78/258 kB
Progress (2): 24 kB | 94/258 kB
Progress (2): 24 kB | 111/258 kB
Progress (2): 24 kB | 127/258 kB
Progress (2): 24 kB | 143/258 kB
Progress (2): 24 kB | 160/258 kB
Progress (2): 24 kB | 176/258 kB
Progress (2): 24 kB | 193/258 kB
Progress (3): 24 kB | 193/258 kB | 7.5/8.7 kB
Progress (3): 24 kB | 209/258 kB | 7.5/8.7 kB
Progress (3): 24 kB | 225/258 kB | 7.5/8.7 kB
Progress (3): 24 kB | 242/258 kB | 7.5/8.7 kB
Progress (3): 24 kB | 258/258 kB | 7.5/8.7 kB
Progress (3): 24 kB | 258 kB | 7.5/8.7 kB    
Progress (3): 24 kB | 258 kB | 8.7 kB    
                                     
Downloaded from central: https://repo1.maven.org/maven2/net/thauvin/erik/akismet-kotlin/1.0.0/akismet-kotlin-1.0.0.jar (24 kB at 57 kB/s)
Downloading from central: https://repo1.maven.org/maven2/org/apache/commons/commons-lang3/3.20.0/commons-lang3-3.20.0.jar
Progress (3): 258 kB | 8.7 kB | 7.7/70 kB
Progress (3): 258 kB | 8.7 kB | 8.2/70 kB
Progress (4): 258 kB | 8.7 kB | 8.2/70 kB | 7.7/224 kB
Progress (4): 258 kB | 8.7 kB | 25/70 kB | 7.7/224 kB 
Progress (4): 258 kB | 8.7 kB | 41/70 kB | 7.7/224 kB
Progress (4): 258 kB | 8.7 kB | 57/70 kB | 7.7/224 kB
Progress (4): 258 kB | 8.7 kB | 70 kB | 7.7/224 kB   
Progress (4): 258 kB | 8.7 kB | 70 kB | 16/224 kB 
Progress (4): 258 kB | 8.7 kB | 70 kB | 32/224 kB
Progress (4): 258 kB | 8.7 kB | 70 kB | 49/224 kB
Progress (4): 258 kB | 8.7 kB | 70 kB | 65/224 kB
Progress (4): 258 kB | 8.7 kB | 70 kB | 81/224 kB
Progress (4): 258 kB | 8.7 kB | 70 kB | 98/224 kB
Progress (4): 258 kB | 8.7 kB | 70 kB | 114/224 kB
Progress (4): 258 kB | 8.7 kB | 70 kB | 131/224 kB
Progress (4): 258 kB | 8.7 kB | 70 kB | 147/224 kB
Progress (4): 258 kB | 8.7 kB | 70 kB | 163/224 kB
Progress (4): 258 kB | 8.7 kB | 70 kB | 180/224 kB
Progress (4): 258 kB | 8.7 kB | 70 kB | 196/224 kB
Progress (4): 258 kB | 8.7 kB | 70 kB | 213/224 kB
Progress (4): 258 kB | 8.7 kB | 70 kB | 224 kB    
                                              
Downloaded from central: https://repo1.maven.org/maven2/com/rometools/rome/2.1.0/rome-2.1.0.jar (258 kB at 581 kB/s)
Downloading from central: https://repo1.maven.org/maven2/org/apache/commons/commons-collections4/4.5.0/commons-collections4-4.5.0.jar
Downloaded from central: https://repo1.maven.org/maven2/com/rometools/rome-utils/2.1.0/rome-utils-2.1.0.jar (8.7 kB at 20 kB/s)
Downloading from central: https://repo1.maven.org/maven2/commons-validator/commons-validator/1.10.1/commons-validator-1.10.1.jar
Downloaded from central: https://repo1.maven.org/maven2/org/slf4j/slf4j-api/2.0.17/slf4j-api-2.0.17.jar (70 kB at 156 kB/s)
Downloading from central: https://repo1.maven.org/maven2/commons-digester/commons-digester/2.1/commons-digester-2.1.jar
Downloaded from central: https://repo1.maven.org/maven2/jaxen/jaxen/2.0.0/jaxen-2.0.0.jar (224 kB at 494 kB/s)
Downloading from central: https://repo1.maven.org/maven2/org/apache/logging/log4j/log4j-api/2.25.2/log4j-api-2.25.2.jar
Progress (1): 7.7/714 kB
Progress (1): 12/714 kB 
Progress (1): 29/714 kB
Progress (1): 45/714 kB
Progress (1): 61/714 kB
Progress (1): 78/714 kB
Progress (1): 94/714 kB
Progress (1): 111/714 kB
Progress (1): 127/714 kB
Progress (1): 131/714 kB
Progress (1): 147/714 kB
Progress (1): 164/714 kB
Progress (1): 180/714 kB
Progress (1): 197/714 kB
Progress (1): 213/714 kB
Progress (1): 229/714 kB
Progress (1): 246/714 kB
Progress (1): 262/714 kB
Progress (1): 279/714 kB
Progress (1): 295/714 kB
Progress (1): 299/714 kB
Progress (1): 315/714 kB
Progress (1): 328/714 kB
Progress (1): 344/714 kB
Progress (1): 360/714 kB
Progress (1): 377/714 kB
Progress (1): 393/714 kB
Progress (2): 393/714 kB | 16/899 kB
Progress (2): 410/714 kB | 16/899 kB
Progress (2): 410/714 kB | 33/899 kB
Progress (2): 426/714 kB | 33/899 kB
Progress (2): 426/714 kB | 49/899 kB
Progress (2): 442/714 kB | 49/899 kB
Progress (2): 442/714 kB | 66/899 kB
Progress (2): 459/714 kB | 66/899 kB
Progress (2): 459/714 kB | 82/899 kB
Progress (2): 459/714 kB | 98/899 kB
Progress (2): 475/714 kB | 98/899 kB
Progress (2): 475/714 kB | 115/899 kB
Progress (2): 492/714 kB | 115/899 kB
Progress (2): 492/714 kB | 131/899 kB
Progress (2): 508/714 kB | 131/899 kB
Progress (2): 508/714 kB | 147/899 kB
Progress (2): 524/714 kB | 147/899 kB
Progress (2): 524/714 kB | 164/899 kB
Progress (2): 541/714 kB | 164/899 kB
Progress (2): 541/714 kB | 180/899 kB
Progress (2): 557/714 kB | 180/899 kB
Progress (2): 557/714 kB | 197/899 kB
Progress (2): 573/714 kB | 197/899 kB
Progress (2): 590/714 kB | 197/899 kB
Progress (2): 590/714 kB | 213/899 kB
Progress (2): 590/714 kB | 229/899 kB
Progress (2): 606/714 kB | 229/899 kB
Progress (2): 606/714 kB | 246/899 kB
Progress (2): 623/714 kB | 246/899 kB
Progress (2): 623/714 kB | 262/899 kB
Progress (2): 639/714 kB | 262/899 kB
Progress (2): 655/714 kB | 262/899 kB
Progress (2): 655/714 kB | 279/899 kB
Progress (2): 672/714 kB | 279/899 kB
Progress (2): 672/714 kB | 295/899 kB
Progress (2): 688/714 kB | 295/899 kB
Progress (2): 688/714 kB | 311/899 kB
Progress (2): 705/714 kB | 311/899 kB
Progress (2): 705/714 kB | 328/899 kB
Progress (2): 714 kB | 328/899 kB    
Progress (2): 714 kB | 344/899 kB
Progress (2): 714 kB | 360/899 kB
Progress (2): 714 kB | 377/899 kB
Progress (2): 714 kB | 393/899 kB
Progress (2): 714 kB | 410/899 kB
Progress (2): 714 kB | 426/899 kB
Progress (2): 714 kB | 442/899 kB
Progress (2): 714 kB | 459/899 kB
Progress (2): 714 kB | 475/899 kB
Progress (2): 714 kB | 492/899 kB
Progress (2): 714 kB | 508/899 kB
Progress (2): 714 kB | 524/899 kB
Progress (2): 714 kB | 541/899 kB
Progress (2): 714 kB | 557/899 kB
Progress (2): 714 kB | 573/899 kB
Progress (2): 714 kB | 590/899 kB
Progress (3): 714 kB | 590/899 kB | 7.7/203 kB
Progress (3): 714 kB | 606/899 kB | 7.7/203 kB
Progress (3): 714 kB | 623/899 kB | 7.7/203 kB
Progress (3): 714 kB | 639/899 kB | 7.7/203 kB
Progress (3): 714 kB | 639/899 kB | 12/203 kB 
Progress (3): 714 kB | 655/899 kB | 12/203 kB
Progress (3): 714 kB | 655/899 kB | 28/203 kB
Progress (3): 714 kB | 655/899 kB | 44/203 kB
Progress (3): 714 kB | 655/899 kB | 61/203 kB
Progress (3): 714 kB | 655/899 kB | 77/203 kB
Progress (3): 714 kB | 672/899 kB | 77/203 kB
Progress (3): 714 kB | 672/899 kB | 94/203 kB
Progress (3): 714 kB | 672/899 kB | 110/203 kB
Progress (3): 714 kB | 672/899 kB | 115/203 kB
Progress (3): 714 kB | 688/899 kB | 115/203 kB
Progress (3): 714 kB | 688/899 kB | 123/203 kB
Progress (3): 714 kB | 705/899 kB | 123/203 kB
Progress (3): 714 kB | 705/899 kB | 139/203 kB
Progress (3): 714 kB | 705/899 kB | 156/203 kB
Progress (3): 714 kB | 705/899 kB | 172/203 kB
Progress (3): 714 kB | 705/899 kB | 180/203 kB
Progress (3): 714 kB | 705/899 kB | 197/203 kB
Progress (3): 714 kB | 705/899 kB | 203 kB    
Progress (4): 714 kB | 705/899 kB | 203 kB | 7.7/197 kB
Progress (4): 714 kB | 705/899 kB | 203 kB | 16/197 kB 
Progress (4): 714 kB | 705/899 kB | 203 kB | 32/197 kB
Progress (4): 714 kB | 721/899 kB | 203 kB | 32/197 kB
Progress (4): 714 kB | 721/899 kB | 203 kB | 49/197 kB
Progress (4): 714 kB | 721/899 kB | 203 kB | 65/197 kB
Progress (4): 714 kB | 737/899 kB | 203 kB | 65/197 kB
Progress (4): 714 kB | 754/899 kB | 203 kB | 65/197 kB
Progress (4): 714 kB | 754/899 kB | 203 kB | 81/197 kB
Progress (4): 714 kB | 770/899 kB | 203 kB | 81/197 kB
Progress (4): 714 kB | 770/899 kB | 203 kB | 98/197 kB
Progress (4): 714 kB | 786/899 kB | 203 kB | 98/197 kB
Progress (4): 714 kB | 786/899 kB | 203 kB | 114/197 kB
Progress (4): 714 kB | 803/899 kB | 203 kB | 114/197 kB
Progress (4): 714 kB | 803/899 kB | 203 kB | 131/197 kB
Progress (4): 714 kB | 819/899 kB | 203 kB | 131/197 kB
Progress (4): 714 kB | 819/899 kB | 203 kB | 147/197 kB
Progress (4): 714 kB | 836/899 kB | 203 kB | 147/197 kB
Progress (4): 714 kB | 836/899 kB | 203 kB | 163/197 kB
Progress (4): 714 kB | 852/899 kB | 203 kB | 163/197 kB
Progress (4): 714 kB | 852/899 kB | 203 kB | 180/197 kB
Progress (4): 714 kB | 868/899 kB | 203 kB | 180/197 kB
Progress (4): 714 kB | 885/899 kB | 203 kB | 180/197 kB
Progress (4): 714 kB | 885/899 kB | 203 kB | 196/197 kB
Progress (4): 714 kB | 885/899 kB | 203 kB | 197 kB    
Progress (4): 714 kB | 899 kB | 203 kB | 197 kB    
Progress (5): 714 kB | 899 kB | 203 kB | 197 kB | 7.7/350 kB
                                                            
Downloaded from central: https://repo1.maven.org/maven2/org/apache/commons/commons-lang3/3.20.0/commons-lang3-3.20.0.jar (714 kB at 1.4 MB/s)
Downloading from central: https://repo1.maven.org/maven2/org/apache/logging/log4j/log4j-core/2.25.2/log4j-core-2.25.2.jar
Progress (4): 899 kB | 203 kB | 197 kB | 16/350 kB
Progress (4): 899 kB | 203 kB | 197 kB | 32/350 kB
Progress (4): 899 kB | 203 kB | 197 kB | 49/350 kB
Progress (4): 899 kB | 203 kB | 197 kB | 65/350 kB
Progress (4): 899 kB | 203 kB | 197 kB | 81/350 kB
Progress (4): 899 kB | 203 kB | 197 kB | 98/350 kB
Progress (4): 899 kB | 203 kB | 197 kB | 114/350 kB
Progress (4): 899 kB | 203 kB | 197 kB | 131/350 kB
Progress (4): 899 kB | 203 kB | 197 kB | 147/350 kB
Progress (4): 899 kB | 203 kB | 197 kB | 163/350 kB
Progress (4): 899 kB | 203 kB | 197 kB | 180/350 kB
Progress (4): 899 kB | 203 kB | 197 kB | 196/350 kB
Progress (4): 899 kB | 203 kB | 197 kB | 213/350 kB
Progress (4): 899 kB | 203 kB | 197 kB | 229/350 kB
Progress (4): 899 kB | 203 kB | 197 kB | 245/350 kB
Progress (4): 899 kB | 203 kB | 197 kB | 262/350 kB
Progress (4): 899 kB | 203 kB | 197 kB | 278/350 kB
Progress (4): 899 kB | 203 kB | 197 kB | 294/350 kB
Progress (4): 899 kB | 203 kB | 197 kB | 311/350 kB
Progress (4): 899 kB | 203 kB | 197 kB | 327/350 kB
                                                   
Downloaded from central: https://repo1.maven.org/maven2/commons-validator/commons-validator/1.10.1/commons-validator-1.10.1.jar (203 kB at 406 kB/s)
Downloading from central: https://repo1.maven.org/maven2/org/apache/lucene/lucene-analysis-common/9.12.2/lucene-analysis-common-9.12.2.jar
Progress (3): 899 kB | 197 kB | 344/350 kB
Progress (3): 899 kB | 197 kB | 350 kB    
                                      
Downloaded from central: https://repo1.maven.org/maven2/commons-digester/commons-digester/2.1/commons-digester-2.1.jar (197 kB at 388 kB/s)
Downloading from central: https://repo1.maven.org/maven2/org/apache/lucene/lucene-core/9.12.2/lucene-core-9.12.2.jar
Downloaded from central: https://repo1.maven.org/maven2/org/apache/commons/commons-collections4/4.5.0/commons-collections4-4.5.0.jar (899 kB at 1.8 MB/s)
Downloading from central: https://repo1.maven.org/maven2/org/apache/lucene/lucene-backward-codecs/9.12.2/lucene-backward-codecs-9.12.2.jar
Downloaded from central: https://repo1.maven.org/maven2/org/apache/logging/log4j/log4j-api/2.25.2/log4j-api-2.25.2.jar (350 kB at 674 kB/s)
Downloading from central: https://repo1.maven.org/maven2/org/apache/lucene/lucene-highlighter/9.12.2/lucene-highlighter-9.12.2.jar
Progress (1): 0/2.0 MB
Progress (1): 0/2.0 MB
Progress (1): 0/2.0 MB
Progress (1): 0/2.0 MB
Progress (1): 0.1/2.0 MB
Progress (1): 0.1/2.0 MB
Progress (1): 0.1/2.0 MB
Progress (1): 0.1/2.0 MB
Progress (1): 0.1/2.0 MB
Progress (1): 0.1/2.0 MB
Progress (1): 0.2/2.0 MB
Progress (1): 0.2/2.0 MB
Progress (1): 0.2/2.0 MB
Progress (1): 0.2/2.0 MB
Progress (1): 0.2/2.0 MB
Progress (1): 0.2/2.0 MB
Progress (1): 0.2/2.0 MB
Progress (1): 0.3/2.0 MB
Progress (1): 0.3/2.0 MB
Progress (1): 0.3/2.0 MB
Progress (1): 0.3/2.0 MB
Progress (1): 0.3/2.0 MB
Progress (1): 0.3/2.0 MB
Progress (1): 0.4/2.0 MB
Progress (1): 0.4/2.0 MB
Progress (1): 0.4/2.0 MB
Progress (1): 0.4/2.0 MB
Progress (1): 0.4/2.0 MB
Progress (1): 0.4/2.0 MB
Progress (1): 0.5/2.0 MB
Progress (1): 0.5/2.0 MB
Progress (1): 0.5/2.0 MB
Progress (1): 0.5/2.0 MB
Progress (1): 0.5/2.0 MB
Progress (1): 0.5/2.0 MB
Progress (1): 0.6/2.0 MB
Progress (1): 0.6/2.0 MB
Progress (1): 0.6/2.0 MB
Progress (1): 0.6/2.0 MB
Progress (1): 0.6/2.0 MB
Progress (1): 0.6/2.0 MB
Progress (1): 0.7/2.0 MB
Progress (1): 0.7/2.0 MB
Progress (1): 0.7/2.0 MB
Progress (1): 0.7/2.0 MB
Progress (1): 0.7/2.0 MB
Progress (1): 0.7/2.0 MB
Progress (1): 0.8/2.0 MB
Progress (1): 0.8/2.0 MB
Progress (1): 0.8/2.0 MB
Progress (1): 0.8/2.0 MB
Progress (1): 0.8/2.0 MB
Progress (1): 0.8/2.0 MB
Progress (1): 0.9/2.0 MB
Progress (1): 0.9/2.0 MB
Progress (1): 0.9/2.0 MB
Progress (1): 0.9/2.0 MB
Progress (1): 0.9/2.0 MB
Progress (1): 0.9/2.0 MB
Progress (1): 1.0/2.0 MB
Progress (1): 1.0/2.0 MB
Progress (1): 1.0/2.0 MB
Progress (1): 1.0/2.0 MB
Progress (1): 1.0/2.0 MB
Progress (1): 1.0/2.0 MB
Progress (1): 1.1/2.0 MB
Progress (1): 1.1/2.0 MB
Progress (1): 1.1/2.0 MB
Progress (1): 1.1/2.0 MB
Progress (1): 1.1/2.0 MB
Progress (1): 1.1/2.0 MB
Progress (1): 1.2/2.0 MB
Progress (1): 1.2/2.0 MB
Progress (1): 1.2/2.0 MB
Progress (1): 1.2/2.0 MB
Progress (1): 1.2/2.0 MB
Progress (1): 1.2/2.0 MB
Progress (1): 1.2/2.0 MB
Progress (1): 1.3/2.0 MB
Progress (1): 1.3/2.0 MB
Progress (1): 1.3/2.0 MB
Progress (1): 1.3/2.0 MB
Progress (1): 1.3/2.0 MB
Progress (1): 1.3/2.0 MB
Progress (1): 1.4/2.0 MB
Progress (1): 1.4/2.0 MB
Progress (1): 1.4/2.0 MB
Progress (1): 1.4/2.0 MB
Progress (1): 1.4/2.0 MB
Progress (1): 1.4/2.0 MB
Progress (1): 1.5/2.0 MB
Progress (1): 1.5/2.0 MB
Progress (1): 1.5/2.0 MB
Progress (1): 1.5/2.0 MB
Progress (1): 1.5/2.0 MB
Progress (1): 1.5/2.0 MB
Progress (1): 1.6/2.0 MB
Progress (1): 1.6/2.0 MB
Progress (1): 1.6/2.0 MB
Progress (1): 1.6/2.0 MB
Progress (2): 1.6/2.0 MB | 7.7/274 kB
Progress (2): 1.6/2.0 MB | 7.7/274 kB
Progress (2): 1.6/2.0 MB | 7.7/274 kB
Progress (2): 1.7/2.0 MB | 7.7/274 kB
Progress (2): 1.7/2.0 MB | 7.7/274 kB
Progress (2): 1.7/2.0 MB | 7.7/274 kB
Progress (2): 1.7/2.0 MB | 7.7/274 kB
Progress (2): 1.7/2.0 MB | 7.7/274 kB
Progress (2): 1.7/2.0 MB | 7.7/274 kB
Progress (2): 1.8/2.0 MB | 7.7/274 kB
Progress (2): 1.8/2.0 MB | 7.7/274 kB
Progress (3): 1.8/2.0 MB | 7.7/274 kB | 0/1.7 MB
Progress (3): 1.8/2.0 MB | 7.8/274 kB | 0/1.7 MB
Progress (4): 1.8/2.0 MB | 7.8/274 kB | 0/1.7 MB | 0/4.3 MB
Progress (4): 1.8/2.0 MB | 7.8/274 kB | 0/1.7 MB | 0/4.3 MB
Progress (4): 1.8/2.0 MB | 7.8/274 kB | 0/1.7 MB | 0/4.3 MB
Progress (4): 1.8/2.0 MB | 7.8/274 kB | 0/1.7 MB | 0/4.3 MB
Progress (4): 1.8/2.0 MB | 7.8/274 kB | 0/1.7 MB | 0/4.3 MB
Progress (4): 1.9/2.0 MB | 7.8/274 kB | 0/1.7 MB | 0/4.3 MB
Progress (4): 1.9/2.0 MB | 7.8/274 kB | 0/1.7 MB | 0/4.3 MB
Progress (4): 1.9/2.0 MB | 7.8/274 kB | 0/1.7 MB | 0/4.3 MB
Progress (4): 1.9/2.0 MB | 7.8/274 kB | 0/1.7 MB | 0/4.3 MB
Progress (4): 1.9/2.0 MB | 7.8/274 kB | 0/1.7 MB | 0/4.3 MB
Progress (4): 1.9/2.0 MB | 7.8/274 kB | 0/1.7 MB | 0/4.3 MB
Progress (4): 1.9/2.0 MB | 7.8/274 kB | 0/1.7 MB | 0/4.3 MB
Progress (4): 1.9/2.0 MB | 7.8/274 kB | 0/1.7 MB | 0/4.3 MB
Progress (4): 1.9/2.0 MB | 7.8/274 kB | 0/1.7 MB | 0/4.3 MB
Progress (4): 1.9/2.0 MB | 7.8/274 kB | 0/1.7 MB | 0/4.3 MB
Progress (4): 1.9/2.0 MB | 7.8/274 kB | 0.1/1.7 MB | 0/4.3 MB
Progress (4): 1.9/2.0 MB | 7.8/274 kB | 0.1/1.7 MB | 0.1/4.3 MB
Progress (4): 1.9/2.0 MB | 24/274 kB | 0.1/1.7 MB | 0.1/4.3 MB 
Progress (4): 1.9/2.0 MB | 24/274 kB | 0.1/1.7 MB | 0.1/4.3 MB
Progress (4): 1.9/2.0 MB | 41/274 kB | 0.1/1.7 MB | 0.1/4.3 MB
Progress (4): 1.9/2.0 MB | 41/274 kB | 0.1/1.7 MB | 0.1/4.3 MB
Progress (4): 1.9/2.0 MB | 41/274 kB | 0.1/1.7 MB | 0.1/4.3 MB
Progress (4): 1.9/2.0 MB | 41/274 kB | 0.1/1.7 MB | 0.1/4.3 MB
Progress (4): 1.9/2.0 MB | 41/274 kB | 0.1/1.7 MB | 0.1/4.3 MB
Progress (4): 1.9/2.0 MB | 41/274 kB | 0.1/1.7 MB | 0.1/4.3 MB
Progress (4): 1.9/2.0 MB | 57/274 kB | 0.1/1.7 MB | 0.1/4.3 MB
Progress (4): 2.0/2.0 MB | 57/274 kB | 0.1/1.7 MB | 0.1/4.3 MB
Progress (4): 2.0/2.0 MB | 57/274 kB | 0.1/1.7 MB | 0.1/4.3 MB
Progress (4): 2.0/2.0 MB | 57/274 kB | 0.1/1.7 MB | 0.1/4.3 MB
Progress (4): 2.0/2.0 MB | 66/274 kB | 0.1/1.7 MB | 0.1/4.3 MB
Progress (4): 2.0/2.0 MB | 66/274 kB | 0.1/1.7 MB | 0.1/4.3 MB
Progress (4): 2.0/2.0 MB | 66/274 kB | 0.1/1.7 MB | 0.1/4.3 MB
Progress (4): 2.0/2.0 MB | 66/274 kB | 0.1/1.7 MB | 0.1/4.3 MB
Progress (4): 2.0/2.0 MB | 82/274 kB | 0.1/1.7 MB | 0.1/4.3 MB
Progress (4): 2.0/2.0 MB | 98/274 kB | 0.1/1.7 MB | 0.1/4.3 MB
Progress (4): 2.0/2.0 MB | 98/274 kB | 0.1/1.7 MB | 0.1/4.3 MB
Progress (4): 2.0/2.0 MB | 98/274 kB | 0.1/1.7 MB | 0.1/4.3 MB
Progress (4): 2.0/2.0 MB | 98/274 kB | 0.1/1.7 MB | 0.1/4.3 MB
Progress (4): 2.0/2.0 MB | 98/274 kB | 0.1/1.7 MB | 0.2/4.3 MB
Progress (4): 2.0/2.0 MB | 115/274 kB | 0.1/1.7 MB | 0.2/4.3 MB
Progress (4): 2.0/2.0 MB | 115/274 kB | 0.1/1.7 MB | 0.2/4.3 MB
Progress (4): 2.0/2.0 MB | 115/274 kB | 0.2/1.7 MB | 0.2/4.3 MB
Progress (4): 2.0/2.0 MB | 115/274 kB | 0.2/1.7 MB | 0.2/4.3 MB
Progress (4): 2.0/2.0 MB | 115/274 kB | 0.2/1.7 MB | 0.2/4.3 MB
Progress (4): 2.0 MB | 115/274 kB | 0.2/1.7 MB | 0.2/4.3 MB    
Progress (4): 2.0 MB | 115/274 kB | 0.2/1.7 MB | 0.2/4.3 MB
Progress (4): 2.0 MB | 131/274 kB | 0.2/1.7 MB | 0.2/4.3 MB
Progress (4): 2.0 MB | 131/274 kB | 0.2/1.7 MB | 0.2/4.3 MB
Progress (4): 2.0 MB | 147/274 kB | 0.2/1.7 MB | 0.2/4.3 MB
Progress (4): 2.0 MB | 147/274 kB | 0.2/1.7 MB | 0.2/4.3 MB
Progress (4): 2.0 MB | 164/274 kB | 0.2/1.7 MB | 0.2/4.3 MB
Progress (4): 2.0 MB | 164/274 kB | 0.2/1.7 MB | 0.2/4.3 MB
Progress (4): 2.0 MB | 180/274 kB | 0.2/1.7 MB | 0.2/4.3 MB
Progress (4): 2.0 MB | 197/274 kB | 0.2/1.7 MB | 0.2/4.3 MB
Progress (4): 2.0 MB | 197/274 kB | 0.2/1.7 MB | 0.2/4.3 MB
Progress (4): 2.0 MB | 213/274 kB | 0.2/1.7 MB | 0.2/4.3 MB
Progress (4): 2.0 MB | 213/274 kB | 0.2/1.7 MB | 0.2/4.3 MB
Progress (4): 2.0 MB | 229/274 kB | 0.2/1.7 MB | 0.2/4.3 MB
Progress (4): 2.0 MB | 229/274 kB | 0.3/1.7 MB | 0.2/4.3 MB
Progress (4): 2.0 MB | 246/274 kB | 0.3/1.7 MB | 0.2/4.3 MB
Progress (4): 2.0 MB | 262/274 kB | 0.3/1.7 MB | 0.2/4.3 MB
Progress (4): 2.0 MB | 262/274 kB | 0.3/1.7 MB | 0.2/4.3 MB
Progress (4): 2.0 MB | 262/274 kB | 0.3/1.7 MB | 0.2/4.3 MB
Progress (4): 2.0 MB | 274 kB | 0.3/1.7 MB | 0.2/4.3 MB    
Progress (4): 2.0 MB | 274 kB | 0.3/1.7 MB | 0.2/4.3 MB
Progress (4): 2.0 MB | 274 kB | 0.3/1.7 MB | 0.2/4.3 MB
Progress (4): 2.0 MB | 274 kB | 0.3/1.7 MB | 0.2/4.3 MB
Progress (4): 2.0 MB | 274 kB | 0.3/1.7 MB | 0.2/4.3 MB
Progress (4): 2.0 MB | 274 kB | 0.3/1.7 MB | 0.2/4.3 MB
Progress (4): 2.0 MB | 274 kB | 0.4/1.7 MB | 0.2/4.3 MB
Progress (4): 2.0 MB | 274 kB | 0.4/1.7 MB | 0.2/4.3 MB
Progress (4): 2.0 MB | 274 kB | 0.4/1.7 MB | 0.2/4.3 MB
Progress (4): 2.0 MB | 274 kB | 0.4/1.7 MB | 0.2/4.3 MB
Progress (4): 2.0 MB | 274 kB | 0.4/1.7 MB | 0.2/4.3 MB
Progress (4): 2.0 MB | 274 kB | 0.4/1.7 MB | 0.2/4.3 MB
Progress (4): 2.0 MB | 274 kB | 0.4/1.7 MB | 0.2/4.3 MB
Progress (4): 2.0 MB | 274 kB | 0.4/1.7 MB | 0.3/4.3 MB
Progress (4): 2.0 MB | 274 kB | 0.4/1.7 MB | 0.3/4.3 MB
Progress (4): 2.0 MB | 274 kB | 0.5/1.7 MB | 0.3/4.3 MB
Progress (4): 2.0 MB | 274 kB | 0.5/1.7 MB | 0.3/4.3 MB
Progress (4): 2.0 MB | 274 kB | 0.5/1.7 MB | 0.3/4.3 MB
Progress (4): 2.0 MB | 274 kB | 0.5/1.7 MB | 0.3/4.3 MB
Progress (4): 2.0 MB | 274 kB | 0.5/1.7 MB | 0.3/4.3 MB
Progress (4): 2.0 MB | 274 kB | 0.5/1.7 MB | 0.3/4.3 MB
Progress (4): 2.0 MB | 274 kB | 0.5/1.7 MB | 0.3/4.3 MB
Progress (4): 2.0 MB | 274 kB | 0.5/1.7 MB | 0.3/4.3 MB
Progress (4): 2.0 MB | 274 kB | 0.5/1.7 MB | 0.3/4.3 MB
Progress (4): 2.0 MB | 274 kB | 0.5/1.7 MB | 0.3/4.3 MB
Progress (4): 2.0 MB | 274 kB | 0.5/1.7 MB | 0.4/4.3 MB
Progress (4): 2.0 MB | 274 kB | 0.5/1.7 MB | 0.4/4.3 MB
Progress (4): 2.0 MB | 274 kB | 0.5/1.7 MB | 0.4/4.3 MB
Progress (4): 2.0 MB | 274 kB | 0.6/1.7 MB | 0.4/4.3 MB
Progress (4): 2.0 MB | 274 kB | 0.6/1.7 MB | 0.4/4.3 MB
Progress (4): 2.0 MB | 274 kB | 0.6/1.7 MB | 0.4/4.3 MB
Progress (4): 2.0 MB | 274 kB | 0.6/1.7 MB | 0.4/4.3 MB
Progress (4): 2.0 MB | 274 kB | 0.6/1.7 MB | 0.4/4.3 MB
Progress (4): 2.0 MB | 274 kB | 0.6/1.7 MB | 0.4/4.3 MB
Progress (4): 2.0 MB | 274 kB | 0.6/1.7 MB | 0.4/4.3 MB
Progress (4): 2.0 MB | 274 kB | 0.6/1.7 MB | 0.5/4.3 MB
Progress (4): 2.0 MB | 274 kB | 0.6/1.7 MB | 0.5/4.3 MB
Progress (4): 2.0 MB | 274 kB | 0.6/1.7 MB | 0.5/4.3 MB
Progress (4): 2.0 MB | 274 kB | 0.6/1.7 MB | 0.5/4.3 MB
Progress (4): 2.0 MB | 274 kB | 0.7/1.7 MB | 0.5/4.3 MB
Progress (4): 2.0 MB | 274 kB | 0.7/1.7 MB | 0.5/4.3 MB
Progress (4): 2.0 MB | 274 kB | 0.7/1.7 MB | 0.5/4.3 MB
Progress (4): 2.0 MB | 274 kB | 0.7/1.7 MB | 0.5/4.3 MB
Progress (4): 2.0 MB | 274 kB | 0.7/1.7 MB | 0.5/4.3 MB
Progress (4): 2.0 MB | 274 kB | 0.7/1.7 MB | 0.5/4.3 MB
Progress (5): 2.0 MB | 274 kB | 0.7/1.7 MB | 0.5/4.3 MB | 8.2/761 kB
Progress (5): 2.0 MB | 274 kB | 0.7/1.7 MB | 0.5/4.3 MB | 8.2/761 kB
Progress (5): 2.0 MB | 274 kB | 0.8/1.7 MB | 0.5/4.3 MB | 8.2/761 kB
Progress (5): 2.0 MB | 274 kB | 0.8/1.7 MB | 0.5/4.3 MB | 16/761 kB 
Progress (5): 2.0 MB | 274 kB | 0.8/1.7 MB | 0.5/4.3 MB | 16/761 kB
Progress (5): 2.0 MB | 274 kB | 0.8/1.7 MB | 0.5/4.3 MB | 25/761 kB
Progress (5): 2.0 MB | 274 kB | 0.8/1.7 MB | 0.5/4.3 MB | 25/761 kB
Progress (5): 2.0 MB | 274 kB | 0.8/1.7 MB | 0.5/4.3 MB | 41/761 kB
Progress (5): 2.0 MB | 274 kB | 0.8/1.7 MB | 0.5/4.3 MB | 41/761 kB
Progress (5): 2.0 MB | 274 kB | 0.8/1.7 MB | 0.5/4.3 MB | 49/761 kB
Progress (5): 2.0 MB | 274 kB | 0.8/1.7 MB | 0.5/4.3 MB | 57/761 kB
Progress (5): 2.0 MB | 274 kB | 0.8/1.7 MB | 0.5/4.3 MB | 57/761 kB
Progress (5): 2.0 MB | 274 kB | 0.8/1.7 MB | 0.5/4.3 MB | 74/761 kB
Progress (5): 2.0 MB | 274 kB | 0.8/1.7 MB | 0.5/4.3 MB | 74/761 kB
Progress (5): 2.0 MB | 274 kB | 0.8/1.7 MB | 0.5/4.3 MB | 82/761 kB
Progress (5): 2.0 MB | 274 kB | 0.8/1.7 MB | 0.5/4.3 MB | 82/761 kB
Progress (5): 2.0 MB | 274 kB | 0.9/1.7 MB | 0.5/4.3 MB | 82/761 kB
Progress (5): 2.0 MB | 274 kB | 0.9/1.7 MB | 0.5/4.3 MB | 98/761 kB
Progress (5): 2.0 MB | 274 kB | 0.9/1.7 MB | 0.5/4.3 MB | 98/761 kB
Progress (5): 2.0 MB | 274 kB | 0.9/1.7 MB | 0.5/4.3 MB | 98/761 kB
Progress (5): 2.0 MB | 274 kB | 0.9/1.7 MB | 0.5/4.3 MB | 98/761 kB
Progress (5): 2.0 MB | 274 kB | 0.9/1.7 MB | 0.5/4.3 MB | 115/761 kB
Progress (5): 2.0 MB | 274 kB | 0.9/1.7 MB | 0.5/4.3 MB | 115/761 kB
Progress (5): 2.0 MB | 274 kB | 0.9/1.7 MB | 0.6/4.3 MB | 115/761 kB
Progress (5): 2.0 MB | 274 kB | 0.9/1.7 MB | 0.6/4.3 MB | 115/761 kB
Progress (5): 2.0 MB | 274 kB | 0.9/1.7 MB | 0.6/4.3 MB | 123/761 kB
Progress (5): 2.0 MB | 274 kB | 0.9/1.7 MB | 0.6/4.3 MB | 123/761 kB
Progress (5): 2.0 MB | 274 kB | 0.9/1.7 MB | 0.6/4.3 MB | 123/761 kB
Progress (5): 2.0 MB | 274 kB | 0.9/1.7 MB | 0.6/4.3 MB | 123/761 kB
Progress (5): 2.0 MB | 274 kB | 0.9/1.7 MB | 0.6/4.3 MB | 139/761 kB
Progress (5): 2.0 MB | 274 kB | 0.9/1.7 MB | 0.6/4.3 MB | 139/761 kB
Progress (5): 2.0 MB | 274 kB | 0.9/1.7 MB | 0.6/4.3 MB | 156/761 kB
Progress (5): 2.0 MB | 274 kB | 0.9/1.7 MB | 0.6/4.3 MB | 164/761 kB
Progress (5): 2.0 MB | 274 kB | 0.9/1.7 MB | 0.6/4.3 MB | 164/761 kB
Progress (5): 2.0 MB | 274 kB | 0.9/1.7 MB | 0.6/4.3 MB | 172/761 kB
Progress (5): 2.0 MB | 274 kB | 0.9/1.7 MB | 0.6/4.3 MB | 180/761 kB
Progress (5): 2.0 MB | 274 kB | 1.0/1.7 MB | 0.6/4.3 MB | 180/761 kB
                                                                    
Downloaded from central: https://repo1.maven.org/maven2/org/apache/lucene/lucene-highlighter/9.12.2/lucene-highlighter-9.12.2.jar (274 kB at 467 kB/s)
Downloading from central: https://repo1.maven.org/maven2/org/apache/lucene/lucene-queries/9.12.2/lucene-queries-9.12.2.jar
Progress (4): 2.0 MB | 1.0/1.7 MB | 0.6/4.3 MB | 197/761 kB
Progress (4): 2.0 MB | 1.0/1.7 MB | 0.6/4.3 MB | 197/761 kB
Progress (4): 2.0 MB | 1.0/1.7 MB | 0.6/4.3 MB | 213/761 kB
Progress (4): 2.0 MB | 1.0/1.7 MB | 0.6/4.3 MB | 213/761 kB
Progress (4): 2.0 MB | 1.0/1.7 MB | 0.6/4.3 MB | 229/761 kB
Progress (4): 2.0 MB | 1.0/1.7 MB | 0.6/4.3 MB | 229/761 kB
Progress (4): 2.0 MB | 1.0/1.7 MB | 0.6/4.3 MB | 229/761 kB
Progress (4): 2.0 MB | 1.0/1.7 MB | 0.6/4.3 MB | 246/761 kB
Progress (4): 2.0 MB | 1.0/1.7 MB | 0.6/4.3 MB | 246/761 kB
Progress (4): 2.0 MB | 1.0/1.7 MB | 0.6/4.3 MB | 262/761 kB
Progress (4): 2.0 MB | 1.0/1.7 MB | 0.6/4.3 MB | 262/761 kB
Progress (4): 2.0 MB | 1.0/1.7 MB | 0.6/4.3 MB | 262/761 kB
Progress (4): 2.0 MB | 1.0/1.7 MB | 0.6/4.3 MB | 279/761 kB
Progress (4): 2.0 MB | 1.0/1.7 MB | 0.6/4.3 MB | 295/761 kB
Progress (4): 2.0 MB | 1.1/1.7 MB | 0.6/4.3 MB | 295/761 kB
Progress (4): 2.0 MB | 1.1/1.7 MB | 0.6/4.3 MB | 311/761 kB
Progress (4): 2.0 MB | 1.1/1.7 MB | 0.6/4.3 MB | 311/761 kB
Progress (4): 2.0 MB | 1.1/1.7 MB | 0.6/4.3 MB | 328/761 kB
Progress (4): 2.0 MB | 1.1/1.7 MB | 0.6/4.3 MB | 328/761 kB
Progress (4): 2.0 MB | 1.1/1.7 MB | 0.6/4.3 MB | 336/761 kB
Progress (4): 2.0 MB | 1.1/1.7 MB | 0.6/4.3 MB | 336/761 kB
Progress (4): 2.0 MB | 1.1/1.7 MB | 0.6/4.3 MB | 352/761 kB
Progress (4): 2.0 MB | 1.1/1.7 MB | 0.6/4.3 MB | 360/761 kB
Progress (4): 2.0 MB | 1.1/1.7 MB | 0.6/4.3 MB | 377/761 kB
Progress (4): 2.0 MB | 1.1/1.7 MB | 0.6/4.3 MB | 393/761 kB
Progress (4): 2.0 MB | 1.1/1.7 MB | 0.6/4.3 MB | 401/761 kB
Progress (4): 2.0 MB | 1.1/1.7 MB | 0.6/4.3 MB | 418/761 kB
Progress (4): 2.0 MB | 1.1/1.7 MB | 0.6/4.3 MB | 434/761 kB
Progress (4): 2.0 MB | 1.1/1.7 MB | 0.6/4.3 MB | 442/761 kB
Progress (4): 2.0 MB | 1.1/1.7 MB | 0.6/4.3 MB | 459/761 kB
Progress (4): 2.0 MB | 1.1/1.7 MB | 0.6/4.3 MB | 475/761 kB
Progress (4): 2.0 MB | 1.1/1.7 MB | 0.6/4.3 MB | 483/761 kB
Progress (4): 2.0 MB | 1.1/1.7 MB | 0.6/4.3 MB | 500/761 kB
Progress (4): 2.0 MB | 1.1/1.7 MB | 0.6/4.3 MB | 516/761 kB
Progress (4): 2.0 MB | 1.1/1.7 MB | 0.6/4.3 MB | 532/761 kB
Progress (4): 2.0 MB | 1.1/1.7 MB | 0.6/4.3 MB | 541/761 kB
Progress (4): 2.0 MB | 1.1/1.7 MB | 0.6/4.3 MB | 549/761 kB
Progress (4): 2.0 MB | 1.1/1.7 MB | 0.6/4.3 MB | 549/761 kB
Progress (4): 2.0 MB | 1.1/1.7 MB | 0.6/4.3 MB | 565/761 kB
Progress (4): 2.0 MB | 1.1/1.7 MB | 0.6/4.3 MB | 565/761 kB
Progress (4): 2.0 MB | 1.1/1.7 MB | 0.6/4.3 MB | 582/761 kB
Progress (4): 2.0 MB | 1.2/1.7 MB | 0.6/4.3 MB | 582/761 kB
Progress (4): 2.0 MB | 1.2/1.7 MB | 0.6/4.3 MB | 598/761 kB
Progress (4): 2.0 MB | 1.2/1.7 MB | 0.6/4.3 MB | 598/761 kB
Progress (4): 2.0 MB | 1.2/1.7 MB | 0.6/4.3 MB | 614/761 kB
Progress (4): 2.0 MB | 1.2/1.7 MB | 0.6/4.3 MB | 614/761 kB
Progress (4): 2.0 MB | 1.2/1.7 MB | 0.6/4.3 MB | 631/761 kB
Progress (4): 2.0 MB | 1.2/1.7 MB | 0.6/4.3 MB | 631/761 kB
Progress (4): 2.0 MB | 1.2/1.7 MB | 0.6/4.3 MB | 647/761 kB
Progress (4): 2.0 MB | 1.2/1.7 MB | 0.6/4.3 MB | 647/761 kB
Progress (4): 2.0 MB | 1.2/1.7 MB | 0.6/4.3 MB | 664/761 kB
Progress (4): 2.0 MB | 1.2/1.7 MB | 0.6/4.3 MB | 664/761 kB
Progress (4): 2.0 MB | 1.2/1.7 MB | 0.6/4.3 MB | 680/761 kB
Progress (4): 2.0 MB | 1.3/1.7 MB | 0.6/4.3 MB | 680/761 kB
Progress (4): 2.0 MB | 1.3/1.7 MB | 0.6/4.3 MB | 696/761 kB
Progress (4): 2.0 MB | 1.3/1.7 MB | 0.6/4.3 MB | 696/761 kB
Progress (4): 2.0 MB | 1.3/1.7 MB | 0.6/4.3 MB | 713/761 kB
Progress (4): 2.0 MB | 1.3/1.7 MB | 0.6/4.3 MB | 713/761 kB
Progress (4): 2.0 MB | 1.3/1.7 MB | 0.6/4.3 MB | 713/761 kB
Progress (4): 2.0 MB | 1.3/1.7 MB | 0.6/4.3 MB | 729/761 kB
Progress (4): 2.0 MB | 1.3/1.7 MB | 0.6/4.3 MB | 745/761 kB
Progress (4): 2.0 MB | 1.3/1.7 MB | 0.6/4.3 MB | 745/761 kB
Progress (4): 2.0 MB | 1.3/1.7 MB | 0.6/4.3 MB | 761 kB    
Progress (4): 2.0 MB | 1.3/1.7 MB | 0.6/4.3 MB | 761 kB
                                                       
Downloaded from central: https://repo1.maven.org/maven2/org/apache/logging/log4j/log4j-core/2.25.2/log4j-core-2.25.2.jar (2.0 MB at 3.4 MB/s)
Downloading from central: https://repo1.maven.org/maven2/org/apache/lucene/lucene-memory/9.12.2/lucene-memory-9.12.2.jar
Progress (3): 1.4/1.7 MB | 0.6/4.3 MB | 761 kB
Progress (3): 1.4/1.7 MB | 0.6/4.3 MB | 761 kB
Progress (3): 1.4/1.7 MB | 0.6/4.3 MB | 761 kB
Progress (3): 1.4/1.7 MB | 0.6/4.3 MB | 761 kB
Progress (3): 1.4/1.7 MB | 0.6/4.3 MB | 761 kB
Progress (3): 1.4/1.7 MB | 0.6/4.3 MB | 761 kB
Progress (3): 1.5/1.7 MB | 0.6/4.3 MB | 761 kB
Progress (3): 1.5/1.7 MB | 0.6/4.3 MB | 761 kB
Progress (3): 1.5/1.7 MB | 0.6/4.3 MB | 761 kB
Progress (3): 1.5/1.7 MB | 0.6/4.3 MB | 761 kB
Progress (3): 1.5/1.7 MB | 0.6/4.3 MB | 761 kB
Progress (3): 1.5/1.7 MB | 0.6/4.3 MB | 761 kB
Progress (3): 1.5/1.7 MB | 0.6/4.3 MB | 761 kB
Progress (3): 1.6/1.7 MB | 0.6/4.3 MB | 761 kB
Progress (3): 1.6/1.7 MB | 0.7/4.3 MB | 761 kB
Progress (3): 1.6/1.7 MB | 0.7/4.3 MB | 761 kB
Progress (3): 1.6/1.7 MB | 0.7/4.3 MB | 761 kB
Progress (3): 1.6/1.7 MB | 0.7/4.3 MB | 761 kB
Progress (3): 1.6/1.7 MB | 0.7/4.3 MB | 761 kB
Progress (3): 1.6/1.7 MB | 0.7/4.3 MB | 761 kB
Progress (3): 1.6/1.7 MB | 0.7/4.3 MB | 761 kB
Progress (3): 1.6/1.7 MB | 0.7/4.3 MB | 761 kB
Progress (3): 1.6/1.7 MB | 0.7/4.3 MB | 761 kB
Progress (3): 1.7/1.7 MB | 0.7/4.3 MB | 761 kB
Progress (3): 1.7/1.7 MB | 0.7/4.3 MB | 761 kB
Progress (3): 1.7/1.7 MB | 0.7/4.3 MB | 761 kB
Progress (3): 1.7/1.7 MB | 0.7/4.3 MB | 761 kB
Progress (3): 1.7/1.7 MB | 0.7/4.3 MB | 761 kB
Progress (3): 1.7/1.7 MB | 0.7/4.3 MB | 761 kB
Progress (3): 1.7 MB | 0.7/4.3 MB | 761 kB    
Progress (3): 1.7 MB | 0.7/4.3 MB | 761 kB
Progress (3): 1.7 MB | 0.8/4.3 MB | 761 kB
Progress (3): 1.7 MB | 0.8/4.3 MB | 761 kB
Progress (3): 1.7 MB | 0.8/4.3 MB | 761 kB
Progress (3): 1.7 MB | 0.8/4.3 MB | 761 kB
Progress (3): 1.7 MB | 0.8/4.3 MB | 761 kB
Progress (3): 1.7 MB | 0.8/4.3 MB | 761 kB
Progress (3): 1.7 MB | 0.9/4.3 MB | 761 kB
Progress (3): 1.7 MB | 0.9/4.3 MB | 761 kB
Progress (3): 1.7 MB | 0.9/4.3 MB | 761 kB
Progress (3): 1.7 MB | 0.9/4.3 MB | 761 kB
Progress (3): 1.7 MB | 0.9/4.3 MB | 761 kB
Progress (3): 1.7 MB | 0.9/4.3 MB | 761 kB
Progress (3): 1.7 MB | 0.9/4.3 MB | 761 kB
Progress (3): 1.7 MB | 1.0/4.3 MB | 761 kB
Progress (3): 1.7 MB | 1.0/4.3 MB | 761 kB
Progress (3): 1.7 MB | 1.0/4.3 MB | 761 kB
Progress (3): 1.7 MB | 1.0/4.3 MB | 761 kB
Progress (3): 1.7 MB | 1.0/4.3 MB | 761 kB
Progress (3): 1.7 MB | 1.0/4.3 MB | 761 kB
Progress (3): 1.7 MB | 1.1/4.3 MB | 761 kB
Progress (3): 1.7 MB | 1.1/4.3 MB | 761 kB
Progress (3): 1.7 MB | 1.1/4.3 MB | 761 kB
Progress (3): 1.7 MB | 1.1/4.3 MB | 761 kB
Progress (3): 1.7 MB | 1.1/4.3 MB | 761 kB
Progress (3): 1.7 MB | 1.1/4.3 MB | 761 kB
Progress (3): 1.7 MB | 1.2/4.3 MB | 761 kB
Progress (3): 1.7 MB | 1.2/4.3 MB | 761 kB
Progress (3): 1.7 MB | 1.2/4.3 MB | 761 kB
Progress (3): 1.7 MB | 1.2/4.3 MB | 761 kB
Progress (3): 1.7 MB | 1.2/4.3 MB | 761 kB
                                          
Downloaded from central: https://repo1.maven.org/maven2/org/apache/lucene/lucene-backward-codecs/9.12.2/lucene-backward-codecs-9.12.2.jar (761 kB at 1.2 MB/s)
Downloading from central: https://repo1.maven.org/maven2/org/apache/lucene/lucene-queryparser/9.12.2/lucene-queryparser-9.12.2.jar
Progress (2): 1.7 MB | 1.2/4.3 MB
Progress (2): 1.7 MB | 1.3/4.3 MB
Progress (2): 1.7 MB | 1.3/4.3 MB
Progress (2): 1.7 MB | 1.3/4.3 MB
Progress (2): 1.7 MB | 1.3/4.3 MB
Progress (2): 1.7 MB | 1.3/4.3 MB
Progress (2): 1.7 MB | 1.3/4.3 MB
Progress (2): 1.7 MB | 1.4/4.3 MB
Progress (2): 1.7 MB | 1.4/4.3 MB
Progress (2): 1.7 MB | 1.4/4.3 MB
Progress (2): 1.7 MB | 1.4/4.3 MB
Progress (2): 1.7 MB | 1.4/4.3 MB
Progress (2): 1.7 MB | 1.4/4.3 MB
Progress (2): 1.7 MB | 1.5/4.3 MB
Progress (2): 1.7 MB | 1.5/4.3 MB
Progress (2): 1.7 MB | 1.5/4.3 MB
Progress (2): 1.7 MB | 1.5/4.3 MB
Progress (2): 1.7 MB | 1.5/4.3 MB
Progress (2): 1.7 MB | 1.5/4.3 MB
Progress (2): 1.7 MB | 1.6/4.3 MB
Progress (2): 1.7 MB | 1.6/4.3 MB
Progress (2): 1.7 MB | 1.6/4.3 MB
Progress (2): 1.7 MB | 1.6/4.3 MB
Progress (2): 1.7 MB | 1.6/4.3 MB
Progress (2): 1.7 MB | 1.6/4.3 MB
                                 
Downloaded from central: https://repo1.maven.org/maven2/org/apache/lucene/lucene-analysis-common/9.12.2/lucene-analysis-common-9.12.2.jar (1.7 MB at 2.8 MB/s)
Downloading from central: https://repo1.maven.org/maven2/org/apache/lucene/lucene-sandbox/9.12.2/lucene-sandbox-9.12.2.jar
Progress (1): 1.7/4.3 MB
Progress (1): 1.7/4.3 MB
Progress (1): 1.7/4.3 MB
Progress (1): 1.7/4.3 MB
Progress (1): 1.7/4.3 MB
Progress (1): 1.7/4.3 MB
Progress (1): 1.8/4.3 MB
Progress (1): 1.8/4.3 MB
Progress (1): 1.8/4.3 MB
Progress (1): 1.8/4.3 MB
Progress (1): 1.8/4.3 MB
Progress (1): 1.8/4.3 MB
Progress (1): 1.9/4.3 MB
Progress (1): 1.9/4.3 MB
Progress (1): 1.9/4.3 MB
Progress (1): 1.9/4.3 MB
Progress (1): 1.9/4.3 MB
Progress (1): 1.9/4.3 MB
Progress (1): 1.9/4.3 MB
Progress (1): 2.0/4.3 MB
Progress (1): 2.0/4.3 MB
Progress (1): 2.0/4.3 MB
Progress (1): 2.0/4.3 MB
Progress (1): 2.0/4.3 MB
Progress (1): 2.0/4.3 MB
Progress (1): 2.1/4.3 MB
Progress (2): 2.1/4.3 MB | 7.7/513 kB
Progress (2): 2.1/4.3 MB | 7.7/513 kB
Progress (2): 2.1/4.3 MB | 7.7/513 kB
Progress (2): 2.1/4.3 MB | 7.7/513 kB
Progress (2): 2.1/4.3 MB | 7.7/513 kB
Progress (2): 2.1/4.3 MB | 7.7/513 kB
Progress (2): 2.2/4.3 MB | 7.7/513 kB
Progress (2): 2.2/4.3 MB | 8.2/513 kB
Progress (2): 2.2/4.3 MB | 8.2/513 kB
Progress (2): 2.2/4.3 MB | 8.2/513 kB
Progress (2): 2.2/4.3 MB | 8.2/513 kB
Progress (2): 2.2/4.3 MB | 25/513 kB 
Progress (2): 2.2/4.3 MB | 41/513 kB
Progress (2): 2.2/4.3 MB | 41/513 kB
Progress (2): 2.2/4.3 MB | 57/513 kB
Progress (2): 2.2/4.3 MB | 74/513 kB
Progress (2): 2.2/4.3 MB | 90/513 kB
Progress (2): 2.2/4.3 MB | 106/513 kB
Progress (2): 2.2/4.3 MB | 123/513 kB
Progress (2): 2.2/4.3 MB | 123/513 kB
Progress (2): 2.2/4.3 MB | 139/513 kB
Progress (2): 2.3/4.3 MB | 139/513 kB
Progress (2): 2.3/4.3 MB | 156/513 kB
Progress (2): 2.3/4.3 MB | 156/513 kB
Progress (2): 2.3/4.3 MB | 172/513 kB
Progress (2): 2.3/4.3 MB | 172/513 kB
Progress (2): 2.3/4.3 MB | 188/513 kB
Progress (2): 2.3/4.3 MB | 197/513 kB
Progress (2): 2.3/4.3 MB | 197/513 kB
Progress (2): 2.3/4.3 MB | 213/513 kB
Progress (2): 2.3/4.3 MB | 213/513 kB
Progress (2): 2.3/4.3 MB | 229/513 kB
Progress (2): 2.3/4.3 MB | 229/513 kB
Progress (2): 2.3/4.3 MB | 246/513 kB
Progress (2): 2.4/4.3 MB | 246/513 kB
Progress (2): 2.4/4.3 MB | 262/513 kB
Progress (2): 2.4/4.3 MB | 262/513 kB
Progress (2): 2.4/4.3 MB | 279/513 kB
Progress (2): 2.4/4.3 MB | 279/513 kB
Progress (2): 2.4/4.3 MB | 295/513 kB
Progress (2): 2.4/4.3 MB | 295/513 kB
Progress (2): 2.4/4.3 MB | 311/513 kB
Progress (2): 2.4/4.3 MB | 311/513 kB
Progress (2): 2.4/4.3 MB | 328/513 kB
Progress (2): 2.4/4.3 MB | 328/513 kB
Progress (2): 2.4/4.3 MB | 344/513 kB
Progress (2): 2.5/4.3 MB | 344/513 kB
Progress (2): 2.5/4.3 MB | 360/513 kB
Progress (2): 2.5/4.3 MB | 360/513 kB
Progress (2): 2.5/4.3 MB | 372/513 kB
Progress (2): 2.5/4.3 MB | 372/513 kB
Progress (2): 2.5/4.3 MB | 388/513 kB
Progress (2): 2.5/4.3 MB | 388/513 kB
Progress (2): 2.5/4.3 MB | 405/513 kB
Progress (2): 2.5/4.3 MB | 405/513 kB
Progress (2): 2.5/4.3 MB | 405/513 kB
Progress (2): 2.5/4.3 MB | 421/513 kB
Progress (2): 2.6/4.3 MB | 421/513 kB
Progress (2): 2.6/4.3 MB | 437/513 kB
Progress (2): 2.6/4.3 MB | 437/513 kB
Progress (2): 2.6/4.3 MB | 437/513 kB
Progress (2): 2.6/4.3 MB | 454/513 kB
Progress (2): 2.6/4.3 MB | 454/513 kB
Progress (2): 2.6/4.3 MB | 470/513 kB
Progress (2): 2.6/4.3 MB | 470/513 kB
Progress (2): 2.6/4.3 MB | 486/513 kB
Progress (2): 2.6/4.3 MB | 486/513 kB
Progress (2): 2.6/4.3 MB | 503/513 kB
Progress (2): 2.6/4.3 MB | 513 kB    
Progress (2): 2.7/4.3 MB | 513 kB
Progress (2): 2.7/4.3 MB | 513 kB
Progress (2): 2.7/4.3 MB | 513 kB
Progress (2): 2.7/4.3 MB | 513 kB
Progress (2): 2.7/4.3 MB | 513 kB
Progress (2): 2.7/4.3 MB | 513 kB
Progress (2): 2.8/4.3 MB | 513 kB
Progress (2): 2.8/4.3 MB | 513 kB
Progress (2): 2.8/4.3 MB | 513 kB
Progress (2): 2.8/4.3 MB | 513 kB
Progress (2): 2.8/4.3 MB | 513 kB
Progress (2): 2.8/4.3 MB | 513 kB
Progress (2): 2.9/4.3 MB | 513 kB
Progress (2): 2.9/4.3 MB | 513 kB
Progress (2): 2.9/4.3 MB | 513 kB
Progress (2): 2.9/4.3 MB | 513 kB
Progress (2): 2.9/4.3 MB | 513 kB
Progress (2): 2.9/4.3 MB | 513 kB
Progress (2): 2.9/4.3 MB | 513 kB
Progress (2): 3.0/4.3 MB | 513 kB
Progress (2): 3.0/4.3 MB | 513 kB
Progress (2): 3.0/4.3 MB | 513 kB
Progress (2): 3.0/4.3 MB | 513 kB
Progress (2): 3.0/4.3 MB | 513 kB
Progress (2): 3.0/4.3 MB | 513 kB
Progress (2): 3.1/4.3 MB | 513 kB
Progress (2): 3.1/4.3 MB | 513 kB
Progress (2): 3.1/4.3 MB | 513 kB
Progress (2): 3.1/4.3 MB | 513 kB
Progress (2): 3.1/4.3 MB | 513 kB
Progress (2): 3.1/4.3 MB | 513 kB
Progress (2): 3.2/4.3 MB | 513 kB
Progress (2): 3.2/4.3 MB | 513 kB
Progress (2): 3.2/4.3 MB | 513 kB
Progress (2): 3.2/4.3 MB | 513 kB
Progress (2): 3.2/4.3 MB | 513 kB
Progress (2): 3.2/4.3 MB | 513 kB
Progress (2): 3.3/4.3 MB | 513 kB
Progress (2): 3.3/4.3 MB | 513 kB
Progress (2): 3.3/4.3 MB | 513 kB
Progress (2): 3.3/4.3 MB | 513 kB
Progress (2): 3.3/4.3 MB | 513 kB
Progress (2): 3.3/4.3 MB | 513 kB
Progress (2): 3.4/4.3 MB | 513 kB
Progress (2): 3.4/4.3 MB | 513 kB
Progress (2): 3.4/4.3 MB | 513 kB
Progress (2): 3.4/4.3 MB | 513 kB
Progress (2): 3.4/4.3 MB | 513 kB
Progress (2): 3.4/4.3 MB | 513 kB
                                 
Downloaded from central: https://repo1.maven.org/maven2/org/apache/lucene/lucene-queries/9.12.2/lucene-queries-9.12.2.jar (513 kB at 783 kB/s)
Downloading from central: https://repo1.maven.org/maven2/org/apache/lucene/lucene-facet/9.12.2/lucene-facet-9.12.2.jar
Progress (1): 3.5/4.3 MB
Progress (1): 3.5/4.3 MB
Progress (1): 3.5/4.3 MB
Progress (1): 3.5/4.3 MB
Progress (1): 3.5/4.3 MB
Progress (2): 3.5/4.3 MB | 7.7/64 kB
Progress (2): 3.5/4.3 MB | 7.7/64 kB
Progress (2): 3.6/4.3 MB | 7.7/64 kB
Progress (2): 3.6/4.3 MB | 7.7/64 kB
Progress (2): 3.6/4.3 MB | 7.7/64 kB
Progress (2): 3.6/4.3 MB | 7.7/64 kB
Progress (2): 3.6/4.3 MB | 7.7/64 kB
Progress (2): 3.6/4.3 MB | 7.7/64 kB
Progress (2): 3.6/4.3 MB | 8.2/64 kB
Progress (2): 3.7/4.3 MB | 8.2/64 kB
Progress (2): 3.7/4.3 MB | 8.2/64 kB
Progress (2): 3.7/4.3 MB | 8.2/64 kB
Progress (2): 3.7/4.3 MB | 8.2/64 kB
Progress (2): 3.7/4.3 MB | 8.2/64 kB
Progress (2): 3.7/4.3 MB | 25/64 kB 
Progress (2): 3.7/4.3 MB | 41/64 kB
Progress (2): 3.7/4.3 MB | 41/64 kB
Progress (2): 3.7/4.3 MB | 49/64 kB
Progress (2): 3.8/4.3 MB | 49/64 kB
Progress (2): 3.8/4.3 MB | 57/64 kB
Progress (2): 3.8/4.3 MB | 57/64 kB
Progress (2): 3.8/4.3 MB | 64 kB   
Progress (2): 3.8/4.3 MB | 64 kB
Progress (3): 3.8/4.3 MB | 64 kB | 8.2/421 kB
Progress (3): 3.8/4.3 MB | 64 kB | 8.2/421 kB
Progress (3): 3.8/4.3 MB | 64 kB | 8.2/421 kB
Progress (3): 3.8/4.3 MB | 64 kB | 25/421 kB 
Progress (3): 3.8/4.3 MB | 64 kB | 25/421 kB
Progress (3): 3.8/4.3 MB | 64 kB | 41/421 kB
Progress (3): 3.8/4.3 MB | 64 kB | 41/421 kB
Progress (3): 3.8/4.3 MB | 64 kB | 57/421 kB
Progress (3): 3.8/4.3 MB | 64 kB | 66/421 kB
Progress (3): 3.9/4.3 MB | 64 kB | 66/421 kB
Progress (3): 3.9/4.3 MB | 64 kB | 82/421 kB
Progress (3): 3.9/4.3 MB | 64 kB | 82/421 kB
Progress (3): 3.9/4.3 MB | 64 kB | 98/421 kB
Progress (3): 3.9/4.3 MB | 64 kB | 115/421 kB
Progress (3): 3.9/4.3 MB | 64 kB | 115/421 kB
Progress (3): 3.9/4.3 MB | 64 kB | 115/421 kB
Progress (3): 3.9/4.3 MB | 64 kB | 131/421 kB
Progress (3): 3.9/4.3 MB | 64 kB | 131/421 kB
Progress (3): 3.9/4.3 MB | 64 kB | 147/421 kB
Progress (3): 3.9/4.3 MB | 64 kB | 164/421 kB
Progress (3): 3.9/4.3 MB | 64 kB | 164/421 kB
Progress (3): 3.9/4.3 MB | 64 kB | 180/421 kB
Progress (3): 4.0/4.3 MB | 64 kB | 180/421 kB
Progress (3): 4.0/4.3 MB | 64 kB | 197/421 kB
Progress (3): 4.0/4.3 MB | 64 kB | 197/421 kB
Progress (3): 4.0/4.3 MB | 64 kB | 213/421 kB
Progress (3): 4.0/4.3 MB | 64 kB | 213/421 kB
Progress (3): 4.0/4.3 MB | 64 kB | 229/421 kB
Progress (3): 4.0/4.3 MB | 64 kB | 229/421 kB
Progress (3): 4.0/4.3 MB | 64 kB | 246/421 kB
Progress (3): 4.0/4.3 MB | 64 kB | 246/421 kB
Progress (3): 4.0/4.3 MB | 64 kB | 262/421 kB
Progress (3): 4.0/4.3 MB | 64 kB | 262/421 kB
Progress (3): 4.0/4.3 MB | 64 kB | 279/421 kB
Progress (3): 4.1/4.3 MB | 64 kB | 279/421 kB
Progress (3): 4.1/4.3 MB | 64 kB | 295/421 kB
Progress (3): 4.1/4.3 MB | 64 kB | 311/421 kB
Progress (3): 4.1/4.3 MB | 64 kB | 311/421 kB
Progress (3): 4.1/4.3 MB | 64 kB | 328/421 kB
Progress (3): 4.1/4.3 MB | 64 kB | 344/421 kB
Progress (3): 4.1/4.3 MB | 64 kB | 344/421 kB
Progress (3): 4.1/4.3 MB | 64 kB | 360/421 kB
Progress (3): 4.1/4.3 MB | 64 kB | 377/421 kB
Progress (3): 4.1/4.3 MB | 64 kB | 377/421 kB
Progress (3): 4.1/4.3 MB | 64 kB | 393/421 kB
Progress (3): 4.1/4.3 MB | 64 kB | 393/421 kB
Progress (3): 4.1/4.3 MB | 64 kB | 410/421 kB
Progress (3): 4.1/4.3 MB | 64 kB | 421 kB    
Progress (3): 4.1/4.3 MB | 64 kB | 421 kB
Progress (3): 4.2/4.3 MB | 64 kB | 421 kB
Progress (3): 4.2/4.3 MB | 64 kB | 421 kB
Progress (3): 4.2/4.3 MB | 64 kB | 421 kB
Progress (3): 4.2/4.3 MB | 64 kB | 421 kB
Progress (3): 4.2/4.3 MB | 64 kB | 421 kB
Progress (3): 4.2/4.3 MB | 64 kB | 421 kB
Progress (3): 4.3/4.3 MB | 64 kB | 421 kB
Progress (3): 4.3 MB | 64 kB | 421 kB    
                                     
Downloaded from central: https://repo1.maven.org/maven2/org/apache/lucene/lucene-memory/9.12.2/lucene-memory-9.12.2.jar (64 kB at 95 kB/s)
Downloading from central: https://repo1.maven.org/maven2/org/codelibs/nekohtml/2.1.3/nekohtml-2.1.3.jar
Downloaded from central: https://repo1.maven.org/maven2/org/apache/lucene/lucene-queryparser/9.12.2/lucene-queryparser-9.12.2.jar (421 kB at 618 kB/s)
Downloading from central: https://repo1.maven.org/maven2/org/freshcookies/freshcookies-security/0.60/freshcookies-security-0.60.jar
Progress (2): 4.3 MB | 7.8/305 kB
Progress (2): 4.3 MB | 16/305 kB 
Progress (2): 4.3 MB | 32/305 kB
Progress (2): 4.3 MB | 49/305 kB
Progress (2): 4.3 MB | 65/305 kB
Progress (2): 4.3 MB | 81/305 kB
Progress (2): 4.3 MB | 98/305 kB
Progress (2): 4.3 MB | 114/305 kB
Progress (2): 4.3 MB | 131/305 kB
Progress (2): 4.3 MB | 147/305 kB
Progress (2): 4.3 MB | 163/305 kB
Progress (2): 4.3 MB | 180/305 kB
Progress (2): 4.3 MB | 196/305 kB
Progress (2): 4.3 MB | 213/305 kB
Progress (2): 4.3 MB | 229/305 kB
Progress (2): 4.3 MB | 245/305 kB
Progress (2): 4.3 MB | 262/305 kB
Progress (2): 4.3 MB | 278/305 kB
Progress (2): 4.3 MB | 294/305 kB
Progress (2): 4.3 MB | 305 kB    
                             
Downloaded from central: https://repo1.maven.org/maven2/org/apache/lucene/lucene-sandbox/9.12.2/lucene-sandbox-9.12.2.jar (305 kB at 431 kB/s)
Downloading from central: https://repo1.maven.org/maven2/org/jdom/jdom2/2.0.6/jdom2-2.0.6.jar
Progress (2): 4.3 MB | 4.1/351 kB
                                 
Downloaded from central: https://repo1.maven.org/maven2/org/apache/lucene/lucene-core/9.12.2/lucene-core-9.12.2.jar (4.3 MB at 6.0 MB/s)
Downloading from central: https://repo1.maven.org/maven2/io/github/java-diff-utils/java-diff-utils/4.16/java-diff-utils-4.16.jar
Progress (1): 20/351 kB
Progress (1): 29/351 kB
Progress (1): 45/351 kB
Progress (1): 61/351 kB
Progress (1): 78/351 kB
Progress (1): 94/351 kB
Progress (1): 102/351 kB
Progress (1): 118/351 kB
Progress (1): 135/351 kB
Progress (1): 151/351 kB
Progress (1): 167/351 kB
Progress (1): 184/351 kB
Progress (1): 197/351 kB
Progress (1): 213/351 kB
Progress (1): 229/351 kB
Progress (1): 246/351 kB
Progress (1): 262/351 kB
Progress (1): 279/351 kB
Progress (1): 295/351 kB
Progress (1): 311/351 kB
Progress (1): 328/351 kB
Progress (1): 344/351 kB
Progress (1): 351 kB    
                    
Downloaded from central: https://repo1.maven.org/maven2/org/apache/lucene/lucene-facet/9.12.2/lucene-facet-9.12.2.jar (351 kB at 479 kB/s)
Downloading from central: https://repo1.maven.org/maven2/jakarta/servlet/jakarta.servlet-api/6.1.0/jakarta.servlet-api-6.1.0.jar
Progress (1): 7.7/305 kB
Progress (1): 16/305 kB 
Progress (1): 32/305 kB
Progress (1): 49/305 kB
Progress (1): 65/305 kB
Progress (1): 81/305 kB
Progress (1): 98/305 kB
Progress (1): 114/305 kB
Progress (1): 131/305 kB
Progress (1): 147/305 kB
Progress (1): 163/305 kB
Progress (2): 163/305 kB | 7.7/79 kB
Progress (2): 180/305 kB | 7.7/79 kB
Progress (2): 196/305 kB | 7.7/79 kB
Progress (2): 213/305 kB | 7.7/79 kB
Progress (2): 229/305 kB | 7.7/79 kB
Progress (2): 229/305 kB | 16/79 kB 
Progress (2): 245/305 kB | 16/79 kB
Progress (2): 245/305 kB | 32/79 kB
Progress (2): 262/305 kB | 32/79 kB
Progress (2): 262/305 kB | 49/79 kB
Progress (2): 278/305 kB | 49/79 kB
Progress (2): 278/305 kB | 65/79 kB
Progress (2): 294/305 kB | 65/79 kB
Progress (2): 305 kB | 65/79 kB    
Progress (2): 305 kB | 79 kB   
                            
Downloaded from central: https://repo1.maven.org/maven2/io/github/java-diff-utils/java-diff-utils/4.16/java-diff-utils-4.16.jar (79 kB at 103 kB/s)
Downloading from central: https://repo1.maven.org/maven2/jakarta/servlet/jsp/jakarta.servlet.jsp-api/4.0.0/jakarta.servlet.jsp-api-4.0.0.jar
Downloaded from central: https://repo1.maven.org/maven2/org/jdom/jdom2/2.0.6/jdom2-2.0.6.jar (305 kB at 395 kB/s)
Downloading from central: https://repo1.maven.org/maven2/jakarta/servlet/jsp/jstl/jakarta.servlet.jsp.jstl-api/3.0.2/jakarta.servlet.jsp.jstl-api-3.0.2.jar
Progress (1): 8.2/398 kB
Progress (1): 25/398 kB 
Progress (1): 41/398 kB
Progress (1): 57/398 kB
Progress (2): 57/398 kB | 8.2/65 kB
Progress (2): 66/398 kB | 8.2/65 kB
Progress (2): 82/398 kB | 8.2/65 kB
Progress (2): 98/398 kB | 8.2/65 kB
Progress (2): 98/398 kB | 25/65 kB 
Progress (2): 102/398 kB | 25/65 kB
Progress (2): 102/398 kB | 41/65 kB
Progress (2): 102/398 kB | 57/65 kB
Progress (2): 118/398 kB | 57/65 kB
Progress (2): 118/398 kB | 65 kB   
Progress (2): 131/398 kB | 65 kB
Progress (2): 147/398 kB | 65 kB
Progress (2): 164/398 kB | 65 kB
Progress (2): 180/398 kB | 65 kB
Progress (2): 197/398 kB | 65 kB
Progress (2): 213/398 kB | 65 kB
Progress (2): 229/398 kB | 65 kB
Progress (2): 246/398 kB | 65 kB
Progress (2): 262/398 kB | 65 kB
Progress (2): 279/398 kB | 65 kB
Progress (2): 295/398 kB | 65 kB
Progress (2): 311/398 kB | 65 kB
Progress (2): 328/398 kB | 65 kB
Progress (2): 344/398 kB | 65 kB
Progress (2): 360/398 kB | 65 kB
Progress (2): 377/398 kB | 65 kB
Progress (2): 393/398 kB | 65 kB
Progress (2): 398 kB | 65 kB    
                            
Downloaded from central: https://repo1.maven.org/maven2/org/freshcookies/freshcookies-security/0.60/freshcookies-security-0.60.jar (65 kB at 82 kB/s)
Downloading from central: https://repo1.maven.org/maven2/jakarta/el/jakarta.el-api/5.0.0/jakarta.el-api-5.0.0.jar
Downloaded from central: https://repo1.maven.org/maven2/jakarta/servlet/jakarta.servlet-api/6.1.0/jakarta.servlet-api-6.1.0.jar (398 kB at 501 kB/s)
Downloading from central: https://repo1.maven.org/maven2/com/github/jbellis/jamm/0.4.0/jamm-0.4.0.jar
Progress (1): 7.7/46 kB
Progress (1): 16/46 kB 
Progress (1): 25/46 kB
Progress (1): 41/46 kB
Progress (1): 46 kB   
Progress (2): 46 kB | 7.7/67 kB
Progress (2): 46 kB | 16/67 kB 
Progress (2): 46 kB | 32/67 kB
Progress (2): 46 kB | 49/67 kB
Progress (2): 46 kB | 65/67 kB
Progress (2): 46 kB | 67 kB   
                           
Downloaded from central: https://repo1.maven.org/maven2/jakarta/servlet/jsp/jstl/jakarta.servlet.jsp.jstl-api/3.0.2/jakarta.servlet.jsp.jstl-api-3.0.2.jar (46 kB at 56 kB/s)
Downloading from central: https://repo1.maven.org/maven2/com/sun/mail/jakarta.mail/2.0.2/jakarta.mail-2.0.2.jar
Downloaded from central: https://repo1.maven.org/maven2/jakarta/servlet/jsp/jakarta.servlet.jsp-api/4.0.0/jakarta.servlet.jsp-api-4.0.0.jar (67 kB at 81 kB/s)
Downloading from central: https://repo1.maven.org/maven2/com/sun/activation/jakarta.activation/2.0.1/jakarta.activation-2.0.1.jar
Progress (1): 7.7/88 kB
Progress (1): 16/88 kB 
Progress (1): 32/88 kB
Progress (1): 49/88 kB
Progress (1): 65/88 kB
Progress (1): 81/88 kB
Progress (1): 88 kB   
Progress (2): 88 kB | 0/1.6 MB
Progress (2): 88 kB | 0/1.6 MB
Progress (2): 88 kB | 0/1.6 MB
Progress (2): 88 kB | 0/1.6 MB
Progress (2): 88 kB | 0.1/1.6 MB
Progress (2): 88 kB | 0.1/1.6 MB
Progress (2): 88 kB | 0.1/1.6 MB
Progress (2): 88 kB | 0.1/1.6 MB
Progress (2): 88 kB | 0.1/1.6 MB
Progress (2): 88 kB | 0.1/1.6 MB
Progress (2): 88 kB | 0.2/1.6 MB
Progress (2): 88 kB | 0.2/1.6 MB
Progress (2): 88 kB | 0.2/1.6 MB
Progress (2): 88 kB | 0.2/1.6 MB
Progress (2): 88 kB | 0.2/1.6 MB
Progress (2): 88 kB | 0.2/1.6 MB
Progress (2): 88 kB | 0.2/1.6 MB
Progress (2): 88 kB | 0.3/1.6 MB
Progress (2): 88 kB | 0.3/1.6 MB
Progress (2): 88 kB | 0.3/1.6 MB
Progress (2): 88 kB | 0.3/1.6 MB
Progress (2): 88 kB | 0.3/1.6 MB
Progress (2): 88 kB | 0.3/1.6 MB
                                
Downloaded from central: https://repo1.maven.org/maven2/jakarta/el/jakarta.el-api/5.0.0/jakarta.el-api-5.0.0.jar (88 kB at 105 kB/s)
Downloading from central: https://repo1.maven.org/maven2/org/awaitility/awaitility/4.3.0/awaitility-4.3.0.jar
Progress (1): 0.4/1.6 MB
Progress (1): 0.4/1.6 MB
Progress (1): 0.4/1.6 MB
Progress (1): 0.4/1.6 MB
Progress (1): 0.4/1.6 MB
Progress (1): 0.4/1.6 MB
Progress (1): 0.4/1.6 MB
Progress (1): 0.4/1.6 MB
Progress (1): 0.5/1.6 MB
Progress (1): 0.5/1.6 MB
Progress (1): 0.5/1.6 MB
Progress (1): 0.5/1.6 MB
Progress (1): 0.5/1.6 MB
Progress (1): 0.5/1.6 MB
Progress (1): 0.5/1.6 MB
Progress (1): 0.5/1.6 MB
Progress (1): 0.6/1.6 MB
Progress (1): 0.6/1.6 MB
Progress (1): 0.6/1.6 MB
Progress (1): 0.6/1.6 MB
Progress (1): 0.6/1.6 MB
Progress (1): 0.6/1.6 MB
Progress (1): 0.7/1.6 MB
Progress (1): 0.7/1.6 MB
Progress (1): 0.7/1.6 MB
Progress (1): 0.7/1.6 MB
Progress (1): 0.7/1.6 MB
Progress (1): 0.7/1.6 MB
Progress (1): 0.7/1.6 MB
Progress (1): 0.8/1.6 MB
Progress (1): 0.8/1.6 MB
Progress (1): 0.8/1.6 MB
Progress (1): 0.8/1.6 MB
Progress (1): 0.8/1.6 MB
Progress (1): 0.8/1.6 MB
Progress (1): 0.8/1.6 MB
Progress (1): 0.8/1.6 MB
Progress (1): 0.8/1.6 MB
Progress (1): 0.9/1.6 MB
Progress (1): 0.9/1.6 MB
Progress (1): 0.9/1.6 MB
Progress (1): 0.9/1.6 MB
Progress (1): 0.9/1.6 MB
Progress (1): 0.9/1.6 MB
Progress (1): 0.9/1.6 MB
Progress (1): 0.9/1.6 MB
Progress (1): 1.0/1.6 MB
Progress (1): 1.0/1.6 MB
Progress (1): 1.0/1.6 MB
Progress (1): 1.0/1.6 MB
Progress (1): 1.0/1.6 MB
Progress (1): 1.0/1.6 MB
Progress (1): 1.0/1.6 MB
Progress (1): 1.1/1.6 MB
Progress (1): 1.1/1.6 MB
Progress (1): 1.1/1.6 MB
Progress (1): 1.1/1.6 MB
Progress (1): 1.1/1.6 MB
Progress (1): 1.1/1.6 MB
Progress (1): 1.1/1.6 MB
Progress (1): 1.2/1.6 MB
Progress (1): 1.2/1.6 MB
Progress (1): 1.2/1.6 MB
Progress (1): 1.2/1.6 MB
Progress (1): 1.2/1.6 MB
Progress (1): 1.2/1.6 MB
Progress (1): 1.2/1.6 MB
Progress (1): 1.3/1.6 MB
Progress (1): 1.3/1.6 MB
Progress (2): 1.3/1.6 MB | 7.8/69 kB
Progress (2): 1.3/1.6 MB | 7.8/69 kB
Progress (2): 1.3/1.6 MB | 7.8/69 kB
Progress (2): 1.3/1.6 MB | 7.8/69 kB
Progress (2): 1.3/1.6 MB | 7.8/69 kB
Progress (2): 1.3/1.6 MB | 7.8/69 kB
Progress (2): 1.4/1.6 MB | 7.8/69 kB
Progress (2): 1.4/1.6 MB | 7.8/69 kB
Progress (2): 1.4/1.6 MB | 7.8/69 kB
Progress (2): 1.4/1.6 MB | 7.8/69 kB
Progress (2): 1.4/1.6 MB | 16/69 kB 
Progress (2): 1.4/1.6 MB | 16/69 kB
Progress (2): 1.4/1.6 MB | 16/69 kB
Progress (2): 1.4/1.6 MB | 32/69 kB
Progress (2): 1.4/1.6 MB | 32/69 kB
Progress (2): 1.4/1.6 MB | 49/69 kB
Progress (2): 1.5/1.6 MB | 49/69 kB
Progress (2): 1.5/1.6 MB | 65/69 kB
Progress (2): 1.5/1.6 MB | 65/69 kB
Progress (2): 1.5/1.6 MB | 69 kB   
Progress (2): 1.5/1.6 MB | 69 kB
Progress (2): 1.5/1.6 MB | 69 kB
Progress (3): 1.5/1.6 MB | 69 kB | 7.7/62 kB
Progress (3): 1.5/1.6 MB | 69 kB | 7.7/62 kB
Progress (3): 1.5/1.6 MB | 69 kB | 7.7/62 kB
Progress (3): 1.5/1.6 MB | 69 kB | 7.7/62 kB
Progress (3): 1.5/1.6 MB | 69 kB | 7.7/62 kB
Progress (4): 1.5/1.6 MB | 69 kB | 7.7/62 kB | 7.7/690 kB
Progress (4): 1.6/1.6 MB | 69 kB | 7.7/62 kB | 7.7/690 kB
Progress (4): 1.6/1.6 MB | 69 kB | 7.7/62 kB | 7.7/690 kB
Progress (4): 1.6/1.6 MB | 69 kB | 7.7/62 kB | 7.7/690 kB
Progress (4): 1.6 MB | 69 kB | 7.7/62 kB | 7.7/690 kB    
Progress (4): 1.6 MB | 69 kB | 16/62 kB | 7.7/690 kB 
Progress (4): 1.6 MB | 69 kB | 32/62 kB | 7.7/690 kB
Progress (4): 1.6 MB | 69 kB | 48/62 kB | 7.7/690 kB
Progress (4): 1.6 MB | 69 kB | 62 kB | 7.7/690 kB   
Progress (4): 1.6 MB | 69 kB | 62 kB | 16/690 kB 
Progress (4): 1.6 MB | 69 kB | 62 kB | 25/690 kB
Progress (4): 1.6 MB | 69 kB | 62 kB | 41/690 kB
Progress (4): 1.6 MB | 69 kB | 62 kB | 57/690 kB
Progress (4): 1.6 MB | 69 kB | 62 kB | 74/690 kB
Progress (4): 1.6 MB | 69 kB | 62 kB | 90/690 kB
Progress (4): 1.6 MB | 69 kB | 62 kB | 106/690 kB
Progress (4): 1.6 MB | 69 kB | 62 kB | 123/690 kB
Progress (4): 1.6 MB | 69 kB | 62 kB | 134/690 kB
Progress (4): 1.6 MB | 69 kB | 62 kB | 151/690 kB
Progress (4): 1.6 MB | 69 kB | 62 kB | 167/690 kB
Progress (4): 1.6 MB | 69 kB | 62 kB | 183/690 kB
Progress (4): 1.6 MB | 69 kB | 62 kB | 200/690 kB
Progress (4): 1.6 MB | 69 kB | 62 kB | 216/690 kB
Progress (4): 1.6 MB | 69 kB | 62 kB | 233/690 kB
Progress (4): 1.6 MB | 69 kB | 62 kB | 249/690 kB
Progress (4): 1.6 MB | 69 kB | 62 kB | 265/690 kB
Progress (4): 1.6 MB | 69 kB | 62 kB | 282/690 kB
Progress (4): 1.6 MB | 69 kB | 62 kB | 298/690 kB
Progress (4): 1.6 MB | 69 kB | 62 kB | 314/690 kB
Progress (4): 1.6 MB | 69 kB | 62 kB | 331/690 kB
Progress (4): 1.6 MB | 69 kB | 62 kB | 347/690 kB
Progress (4): 1.6 MB | 69 kB | 62 kB | 364/690 kB
Progress (4): 1.6 MB | 69 kB | 62 kB | 380/690 kB
Progress (4): 1.6 MB | 69 kB | 62 kB | 396/690 kB
Progress (4): 1.6 MB | 69 kB | 62 kB | 413/690 kB
Progress (4): 1.6 MB | 69 kB | 62 kB | 429/690 kB
Progress (4): 1.6 MB | 69 kB | 62 kB | 446/690 kB
Progress (4): 1.6 MB | 69 kB | 62 kB | 462/690 kB
Progress (4): 1.6 MB | 69 kB | 62 kB | 467/690 kB
Progress (4): 1.6 MB | 69 kB | 62 kB | 475/690 kB
Progress (4): 1.6 MB | 69 kB | 62 kB | 483/690 kB
Progress (4): 1.6 MB | 69 kB | 62 kB | 500/690 kB
Progress (4): 1.6 MB | 69 kB | 62 kB | 516/690 kB
Progress (4): 1.6 MB | 69 kB | 62 kB | 532/690 kB
                                                 
Downloaded from central: https://repo1.maven.org/maven2/com/github/jbellis/jamm/0.4.0/jamm-0.4.0.jar (69 kB at 79 kB/s)
Downloading from central: https://repo1.maven.org/maven2/org/hamcrest/hamcrest/2.1/hamcrest-2.1.jar
Progress (3): 1.6 MB | 62 kB | 549/690 kB
Progress (3): 1.6 MB | 62 kB | 565/690 kB
Progress (3): 1.6 MB | 62 kB | 582/690 kB
Progress (3): 1.6 MB | 62 kB | 598/690 kB
Progress (3): 1.6 MB | 62 kB | 614/690 kB
Progress (3): 1.6 MB | 62 kB | 631/690 kB
Progress (3): 1.6 MB | 62 kB | 647/690 kB
Progress (3): 1.6 MB | 62 kB | 664/690 kB
Progress (3): 1.6 MB | 62 kB | 680/690 kB
Progress (3): 1.6 MB | 62 kB | 690 kB    
                                     
Downloaded from central: https://repo1.maven.org/maven2/com/sun/activation/jakarta.activation/2.0.1/jakarta.activation-2.0.1.jar (62 kB at 71 kB/s)
Downloading from central: https://repo1.maven.org/maven2/org/hsqldb/hsqldb/2.7.4/hsqldb-2.7.4-jdk8.jar
Progress (3): 1.6 MB | 690 kB | 7.7/98 kB
Progress (3): 1.6 MB | 690 kB | 16/98 kB 
Progress (3): 1.6 MB | 690 kB | 32/98 kB
Progress (3): 1.6 MB | 690 kB | 49/98 kB
Progress (3): 1.6 MB | 690 kB | 65/98 kB
Progress (3): 1.6 MB | 690 kB | 81/98 kB
Progress (3): 1.6 MB | 690 kB | 98 kB   
                                     
Downloaded from central: https://repo1.maven.org/maven2/org/codelibs/nekohtml/2.1.3/nekohtml-2.1.3.jar (1.6 MB at 1.8 MB/s)
Downloading from central: https://repo1.maven.org/maven2/org/hsqldb/sqltool/2.7.4/sqltool-2.7.4-jdk8.jar
Downloaded from central: https://repo1.maven.org/maven2/org/awaitility/awaitility/4.3.0/awaitility-4.3.0.jar (98 kB at 109 kB/s)
Downloading from central: https://repo1.maven.org/maven2/org/junit/jupiter/junit-jupiter-api/6.0.1/junit-jupiter-api-6.0.1.jar
Downloaded from central: https://repo1.maven.org/maven2/com/sun/mail/jakarta.mail/2.0.2/jakarta.mail-2.0.2.jar (690 kB at 766 kB/s)
Downloading from central: https://repo1.maven.org/maven2/org/opentest4j/opentest4j/1.3.0/opentest4j-1.3.0.jar
Progress (1): 7.7/14 kB
Progress (1): 14 kB    
Progress (2): 14 kB | 0/1.7 MB
Progress (2): 14 kB | 0/1.7 MB
Progress (2): 14 kB | 0/1.7 MB
Progress (2): 14 kB | 0/1.7 MB
Progress (2): 14 kB | 0.1/1.7 MB
Progress (2): 14 kB | 0.1/1.7 MB
Progress (2): 14 kB | 0.1/1.7 MB
Progress (2): 14 kB | 0.1/1.7 MB
Progress (2): 14 kB | 0.1/1.7 MB
Progress (2): 14 kB | 0.1/1.7 MB
Progress (2): 14 kB | 0.2/1.7 MB
Progress (2): 14 kB | 0.2/1.7 MB
Progress (2): 14 kB | 0.2/1.7 MB
Progress (3): 14 kB | 0.2/1.7 MB | 7.8/123 kB
Progress (3): 14 kB | 0.2/1.7 MB | 7.8/123 kB
Progress (3): 14 kB | 0.2/1.7 MB | 7.8/123 kB
Progress (3): 14 kB | 0.2/1.7 MB | 7.8/123 kB
Progress (3): 14 kB | 0.3/1.7 MB | 7.8/123 kB
Progress (3): 14 kB | 0.3/1.7 MB | 16/123 kB 
Progress (3): 14 kB | 0.3/1.7 MB | 16/123 kB
Progress (3): 14 kB | 0.3/1.7 MB | 32/123 kB
Progress (3): 14 kB | 0.3/1.7 MB | 32/123 kB
Progress (3): 14 kB | 0.3/1.7 MB | 49/123 kB
Progress (3): 14 kB | 0.3/1.7 MB | 49/123 kB
Progress (3): 14 kB | 0.3/1.7 MB | 65/123 kB
Progress (3): 14 kB | 0.3/1.7 MB | 65/123 kB
Progress (3): 14 kB | 0.3/1.7 MB | 65/123 kB
Progress (3): 14 kB | 0.3/1.7 MB | 81/123 kB
Progress (3): 14 kB | 0.4/1.7 MB | 81/123 kB
Progress (3): 14 kB | 0.4/1.7 MB | 98/123 kB
Progress (3): 14 kB | 0.4/1.7 MB | 98/123 kB
Progress (3): 14 kB | 0.4/1.7 MB | 114/123 kB
Progress (3): 14 kB | 0.4/1.7 MB | 114/123 kB
Progress (3): 14 kB | 0.4/1.7 MB | 123 kB    
Progress (3): 14 kB | 0.4/1.7 MB | 123 kB
Progress (3): 14 kB | 0.4/1.7 MB | 123 kB
Progress (3): 14 kB | 0.4/1.7 MB | 123 kB
Progress (3): 14 kB | 0.5/1.7 MB | 123 kB
Progress (3): 14 kB | 0.5/1.7 MB | 123 kB
Progress (3): 14 kB | 0.5/1.7 MB | 123 kB
Progress (3): 14 kB | 0.5/1.7 MB | 123 kB
Progress (3): 14 kB | 0.5/1.7 MB | 123 kB
Progress (3): 14 kB | 0.5/1.7 MB | 123 kB
Progress (3): 14 kB | 0.5/1.7 MB | 123 kB
Progress (3): 14 kB | 0.6/1.7 MB | 123 kB
Progress (3): 14 kB | 0.6/1.7 MB | 123 kB
                                         
Downloaded from central: https://repo1.maven.org/maven2/org/opentest4j/opentest4j/1.3.0/opentest4j-1.3.0.jar (14 kB at 15 kB/s)
Downloading from central: https://repo1.maven.org/maven2/org/junit/platform/junit-platform-commons/6.0.1/junit-platform-commons-6.0.1.jar
Progress (2): 0.6/1.7 MB | 123 kB
Progress (2): 0.6/1.7 MB | 123 kB
Progress (2): 0.6/1.7 MB | 123 kB
Progress (2): 0.6/1.7 MB | 123 kB
Progress (2): 0.7/1.7 MB | 123 kB
Progress (2): 0.7/1.7 MB | 123 kB
Progress (2): 0.7/1.7 MB | 123 kB
Progress (2): 0.7/1.7 MB | 123 kB
Progress (2): 0.7/1.7 MB | 123 kB
Progress (2): 0.7/1.7 MB | 123 kB
Progress (2): 0.8/1.7 MB | 123 kB
Progress (2): 0.8/1.7 MB | 123 kB
Progress (2): 0.8/1.7 MB | 123 kB
Progress (2): 0.8/1.7 MB | 123 kB
Progress (2): 0.8/1.7 MB | 123 kB
Progress (3): 0.8/1.7 MB | 123 kB | 7.7/251 kB
Progress (3): 0.8/1.7 MB | 123 kB | 7.7/251 kB
Progress (3): 0.8/1.7 MB | 123 kB | 16/251 kB 
Progress (3): 0.9/1.7 MB | 123 kB | 16/251 kB
Progress (3): 0.9/1.7 MB | 123 kB | 32/251 kB
Progress (3): 0.9/1.7 MB | 123 kB | 32/251 kB
Progress (3): 0.9/1.7 MB | 123 kB | 32/251 kB
Progress (3): 0.9/1.7 MB | 123 kB | 49/251 kB
Progress (3): 0.9/1.7 MB | 123 kB | 49/251 kB
Progress (3): 0.9/1.7 MB | 123 kB | 65/251 kB
Progress (3): 0.9/1.7 MB | 123 kB | 65/251 kB
Progress (3): 0.9/1.7 MB | 123 kB | 81/251 kB
Progress (3): 0.9/1.7 MB | 123 kB | 81/251 kB
Progress (3): 0.9/1.7 MB | 123 kB | 98/251 kB
Progress (3): 0.9/1.7 MB | 123 kB | 98/251 kB
Progress (3): 0.9/1.7 MB | 123 kB | 114/251 kB
Progress (3): 1.0/1.7 MB | 123 kB | 114/251 kB
Progress (3): 1.0/1.7 MB | 123 kB | 131/251 kB
                                              
Downloaded from central: https://repo1.maven.org/maven2/org/hamcrest/hamcrest/2.1/hamcrest-2.1.jar (123 kB at 128 kB/s)
Downloading from central: https://repo1.maven.org/maven2/org/apiguardian/apiguardian-api/1.1.2/apiguardian-api-1.1.2.jar
Progress (2): 1.0/1.7 MB | 131/251 kB
Progress (2): 1.0/1.7 MB | 147/251 kB
Progress (2): 1.0/1.7 MB | 147/251 kB
Progress (2): 1.0/1.7 MB | 163/251 kB
Progress (2): 1.0/1.7 MB | 163/251 kB
Progress (2): 1.0/1.7 MB | 180/251 kB
Progress (2): 1.0/1.7 MB | 180/251 kB
Progress (2): 1.0/1.7 MB | 196/251 kB
Progress (2): 1.0/1.7 MB | 196/251 kB
Progress (2): 1.0/1.7 MB | 213/251 kB
Progress (2): 1.1/1.7 MB | 213/251 kB
Progress (2): 1.1/1.7 MB | 229/251 kB
Progress (2): 1.1/1.7 MB | 229/251 kB
Progress (2): 1.1/1.7 MB | 245/251 kB
Progress (2): 1.1/1.7 MB | 245/251 kB
Progress (2): 1.1/1.7 MB | 251 kB    
Progress (2): 1.1/1.7 MB | 251 kB
Progress (2): 1.1/1.7 MB | 251 kB
Progress (2): 1.1/1.7 MB | 251 kB
Progress (2): 1.2/1.7 MB | 251 kB
Progress (2): 1.2/1.7 MB | 251 kB
Progress (2): 1.2/1.7 MB | 251 kB
Progress (2): 1.2/1.7 MB | 251 kB
Progress (2): 1.2/1.7 MB | 251 kB
Progress (2): 1.2/1.7 MB | 251 kB
Progress (2): 1.3/1.7 MB | 251 kB
Progress (2): 1.3/1.7 MB | 251 kB
Progress (2): 1.3/1.7 MB | 251 kB
Progress (2): 1.3/1.7 MB | 251 kB
Progress (2): 1.3/1.7 MB | 251 kB
Progress (2): 1.3/1.7 MB | 251 kB
Progress (2): 1.4/1.7 MB | 251 kB
Progress (2): 1.4/1.7 MB | 251 kB
Progress (2): 1.4/1.7 MB | 251 kB
Progress (2): 1.4/1.7 MB | 251 kB
Progress (2): 1.4/1.7 MB | 251 kB
Progress (2): 1.4/1.7 MB | 251 kB
Progress (2): 1.4/1.7 MB | 251 kB
Progress (2): 1.4/1.7 MB | 251 kB
Progress (3): 1.4/1.7 MB | 251 kB | 7.8/148 kB
Progress (3): 1.5/1.7 MB | 251 kB | 7.8/148 kB
Progress (3): 1.5/1.7 MB | 251 kB | 7.8/148 kB
Progress (3): 1.5/1.7 MB | 251 kB | 7.8/148 kB
Progress (3): 1.5/1.7 MB | 251 kB | 7.8/148 kB
Progress (3): 1.5/1.7 MB | 251 kB | 16/148 kB 
Progress (3): 1.5/1.7 MB | 251 kB | 16/148 kB
Progress (3): 1.5/1.7 MB | 251 kB | 16/148 kB
Progress (3): 1.5/1.7 MB | 251 kB | 32/148 kB
Progress (3): 1.6/1.7 MB | 251 kB | 32/148 kB
Progress (3): 1.6/1.7 MB | 251 kB | 49/148 kB
Progress (3): 1.6/1.7 MB | 251 kB | 49/148 kB
Progress (3): 1.6/1.7 MB | 251 kB | 65/148 kB
Progress (3): 1.6/1.7 MB | 251 kB | 65/148 kB
Progress (3): 1.6/1.7 MB | 251 kB | 81/148 kB
Progress (3): 1.6/1.7 MB | 251 kB | 81/148 kB
Progress (3): 1.6/1.7 MB | 251 kB | 81/148 kB
Progress (3): 1.6/1.7 MB | 251 kB | 98/148 kB
Progress (3): 1.6/1.7 MB | 251 kB | 98/148 kB
Progress (3): 1.6/1.7 MB | 251 kB | 114/148 kB
Progress (3): 1.6/1.7 MB | 251 kB | 114/148 kB
Progress (3): 1.6/1.7 MB | 251 kB | 114/148 kB
Progress (3): 1.6/1.7 MB | 251 kB | 131/148 kB
Progress (3): 1.7/1.7 MB | 251 kB | 131/148 kB
Progress (3): 1.7/1.7 MB | 251 kB | 147/148 kB
Progress (3): 1.7/1.7 MB | 251 kB | 148 kB    
Progress (3): 1.7/1.7 MB | 251 kB | 148 kB
Progress (3): 1.7 MB | 251 kB | 148 kB    
                                      
Downloaded from central: https://repo1.maven.org/maven2/org/junit/jupiter/junit-jupiter-api/6.0.1/junit-jupiter-api-6.0.1.jar (251 kB at 255 kB/s)
Downloading from central: https://repo1.maven.org/maven2/org/jspecify/jspecify/1.0.0/jspecify-1.0.0.jar
Progress (3): 1.7 MB | 148 kB | 16/171 kB
Progress (3): 1.7 MB | 148 kB | 33/171 kB
                                         
Downloaded from central: https://repo1.maven.org/maven2/org/hsqldb/sqltool/2.7.4/sqltool-2.7.4-jdk8.jar (148 kB at 150 kB/s)
Downloading from central: https://repo1.maven.org/maven2/org/junit/jupiter/junit-jupiter-params/6.0.1/junit-jupiter-params-6.0.1.jar
Progress (2): 1.7 MB | 49/171 kB
Progress (2): 1.7 MB | 66/171 kB
Progress (2): 1.7 MB | 82/171 kB
Progress (2): 1.7 MB | 98/171 kB
Progress (2): 1.7 MB | 115/171 kB
Progress (2): 1.7 MB | 131/171 kB
Progress (2): 1.7 MB | 147/171 kB
Progress (2): 1.7 MB | 164/171 kB
Progress (2): 1.7 MB | 171 kB    
                             
Downloaded from central: https://repo1.maven.org/maven2/org/hsqldb/hsqldb/2.7.4/hsqldb-2.7.4-jdk8.jar (1.7 MB at 1.7 MB/s)
Downloading from central: https://repo1.maven.org/maven2/org/junit/jupiter/junit-jupiter-engine/6.0.1/junit-jupiter-engine-6.0.1.jar
Progress (2): 171 kB | 6.8 kB
                             
Downloaded from central: https://repo1.maven.org/maven2/org/junit/platform/junit-platform-commons/6.0.1/junit-platform-commons-6.0.1.jar (171 kB at 169 kB/s)
Downloading from central: https://repo1.maven.org/maven2/org/junit/platform/junit-platform-engine/6.0.1/junit-platform-engine-6.0.1.jar
Progress (2): 6.8 kB | 3.8 kB
Progress (3): 6.8 kB | 3.8 kB | 7.7/297 kB
Progress (4): 6.8 kB | 3.8 kB | 7.7/297 kB | 7.7/356 kB
Progress (4): 6.8 kB | 3.8 kB | 8.2/297 kB | 7.7/356 kB
Progress (4): 6.8 kB | 3.8 kB | 25/297 kB | 7.7/356 kB 
Progress (4): 6.8 kB | 3.8 kB | 41/297 kB | 7.7/356 kB
Progress (4): 6.8 kB | 3.8 kB | 57/297 kB | 7.7/356 kB
Progress (4): 6.8 kB | 3.8 kB | 74/297 kB | 7.7/356 kB
Progress (4): 6.8 kB | 3.8 kB | 90/297 kB | 7.7/356 kB
Progress (4): 6.8 kB | 3.8 kB | 106/297 kB | 7.7/356 kB
Progress (4): 6.8 kB | 3.8 kB | 123/297 kB | 7.7/356 kB
Progress (4): 6.8 kB | 3.8 kB | 139/297 kB | 7.7/356 kB
Progress (4): 6.8 kB | 3.8 kB | 156/297 kB | 7.7/356 kB
Progress (4): 6.8 kB | 3.8 kB | 172/297 kB | 7.7/356 kB
Progress (4): 6.8 kB | 3.8 kB | 188/297 kB | 7.7/356 kB
Progress (4): 6.8 kB | 3.8 kB | 197/297 kB | 7.7/356 kB
Progress (4): 6.8 kB | 3.8 kB | 213/297 kB | 7.7/356 kB
Progress (4): 6.8 kB | 3.8 kB | 229/297 kB | 7.7/356 kB
Progress (4): 6.8 kB | 3.8 kB | 233/297 kB | 7.7/356 kB
Progress (4): 6.8 kB | 3.8 kB | 250/297 kB | 7.7/356 kB
Progress (4): 6.8 kB | 3.8 kB | 262/297 kB | 7.7/356 kB
Progress (4): 6.8 kB | 3.8 kB | 279/297 kB | 7.7/356 kB
Progress (4): 6.8 kB | 3.8 kB | 295/297 kB | 7.7/356 kB
Progress (4): 6.8 kB | 3.8 kB | 295/297 kB | 16/356 kB 
Progress (4): 6.8 kB | 3.8 kB | 297 kB | 16/356 kB    
Progress (4): 6.8 kB | 3.8 kB | 297 kB | 25/356 kB
Progress (4): 6.8 kB | 3.8 kB | 297 kB | 41/356 kB
Progress (4): 6.8 kB | 3.8 kB | 297 kB | 57/356 kB
Progress (4): 6.8 kB | 3.8 kB | 297 kB | 74/356 kB
Progress (4): 6.8 kB | 3.8 kB | 297 kB | 90/356 kB
Progress (4): 6.8 kB | 3.8 kB | 297 kB | 106/356 kB
Progress (4): 6.8 kB | 3.8 kB | 297 kB | 123/356 kB
Progress (4): 6.8 kB | 3.8 kB | 297 kB | 131/356 kB
Progress (4): 6.8 kB | 3.8 kB | 297 kB | 147/356 kB
Progress (4): 6.8 kB | 3.8 kB | 297 kB | 164/356 kB
Progress (4): 6.8 kB | 3.8 kB | 297 kB | 180/356 kB
Progress (4): 6.8 kB | 3.8 kB | 297 kB | 197/356 kB
Progress (4): 6.8 kB | 3.8 kB | 297 kB | 213/356 kB
Progress (4): 6.8 kB | 3.8 kB | 297 kB | 229/356 kB
Progress (4): 6.8 kB | 3.8 kB | 297 kB | 233/356 kB
Progress (4): 6.8 kB | 3.8 kB | 297 kB | 250/356 kB
Progress (4): 6.8 kB | 3.8 kB | 297 kB | 262/356 kB
Progress (4): 6.8 kB | 3.8 kB | 297 kB | 279/356 kB
Progress (5): 6.8 kB | 3.8 kB | 297 kB | 279/356 kB | 16/278 kB
Progress (5): 6.8 kB | 3.8 kB | 297 kB | 295/356 kB | 16/278 kB
Progress (5): 6.8 kB | 3.8 kB | 297 kB | 311/356 kB | 16/278 kB
Progress (5): 6.8 kB | 3.8 kB | 297 kB | 311/356 kB | 33/278 kB
Progress (5): 6.8 kB | 3.8 kB | 297 kB | 328/356 kB | 33/278 kB
Progress (5): 6.8 kB | 3.8 kB | 297 kB | 328/356 kB | 49/278 kB
Progress (5): 6.8 kB | 3.8 kB | 297 kB | 344/356 kB | 49/278 kB
Progress (5): 6.8 kB | 3.8 kB | 297 kB | 356 kB | 49/278 kB    
Progress (5): 6.8 kB | 3.8 kB | 297 kB | 356 kB | 66/278 kB
Progress (5): 6.8 kB | 3.8 kB | 297 kB | 356 kB | 82/278 kB
Progress (5): 6.8 kB | 3.8 kB | 297 kB | 356 kB | 98/278 kB
Progress (5): 6.8 kB | 3.8 kB | 297 kB | 356 kB | 115/278 kB
Progress (5): 6.8 kB | 3.8 kB | 297 kB | 356 kB | 131/278 kB
                                                            
Downloaded from central: https://repo1.maven.org/maven2/org/apiguardian/apiguardian-api/1.1.2/apiguardian-api-1.1.2.jar (6.8 kB at 6.3 kB/s)
Downloading from central: https://repo1.maven.org/maven2/org/mockito/mockito-core/5.20.0/mockito-core-5.20.0.jar
Progress (4): 3.8 kB | 297 kB | 356 kB | 147/278 kB
Progress (4): 3.8 kB | 297 kB | 356 kB | 164/278 kB
Progress (4): 3.8 kB | 297 kB | 356 kB | 180/278 kB
Progress (4): 3.8 kB | 297 kB | 356 kB | 197/278 kB
                                                   
Downloaded from central: https://repo1.maven.org/maven2/org/jspecify/jspecify/1.0.0/jspecify-1.0.0.jar (3.8 kB at 3.5 kB/s)
Downloading from central: https://repo1.maven.org/maven2/net/bytebuddy/byte-buddy/1.17.7/byte-buddy-1.17.7.jar
Progress (3): 297 kB | 356 kB | 213/278 kB
Progress (3): 297 kB | 356 kB | 229/278 kB
Progress (3): 297 kB | 356 kB | 246/278 kB
Progress (3): 297 kB | 356 kB | 262/278 kB
Progress (3): 297 kB | 356 kB | 278 kB    
                                      
Downloaded from central: https://repo1.maven.org/maven2/org/junit/jupiter/junit-jupiter-params/6.0.1/junit-jupiter-params-6.0.1.jar (297 kB at 273 kB/s)
Downloading from central: https://repo1.maven.org/maven2/net/bytebuddy/byte-buddy-agent/1.17.7/byte-buddy-agent-1.17.7.jar
Downloaded from central: https://repo1.maven.org/maven2/org/junit/jupiter/junit-jupiter-engine/6.0.1/junit-jupiter-engine-6.0.1.jar (356 kB at 327 kB/s)
Downloading from central: https://repo1.maven.org/maven2/org/mockito/mockito-junit-jupiter/5.20.0/mockito-junit-jupiter-5.20.0.jar
Downloaded from central: https://repo1.maven.org/maven2/org/junit/platform/junit-platform-engine/6.0.1/junit-platform-engine-6.0.1.jar (278 kB at 255 kB/s)
Progress (1): 7.7/711 kB
Progress (1): 16/711 kB 
Progress (1): 32/711 kB
Progress (1): 49/711 kB
Progress (1): 65/711 kB
Progress (1): 81/711 kB
Progress (1): 98/711 kB
Progress (1): 114/711 kB
Progress (1): 131/711 kB
Progress (1): 147/711 kB
Progress (1): 163/711 kB
Progress (1): 180/711 kB
Progress (1): 196/711 kB
Progress (1): 213/711 kB
Progress (1): 229/711 kB
Progress (1): 245/711 kB
Progress (1): 262/711 kB
Progress (1): 278/711 kB
Progress (1): 294/711 kB
Progress (1): 311/711 kB
Progress (1): 327/711 kB
Progress (1): 344/711 kB
Progress (1): 360/711 kB
Progress (2): 360/711 kB | 0/9.0 MB
Progress (2): 376/711 kB | 0/9.0 MB
Progress (2): 393/711 kB | 0/9.0 MB
Progress (2): 409/711 kB | 0/9.0 MB
Progress (2): 426/711 kB | 0/9.0 MB
Progress (2): 442/711 kB | 0/9.0 MB
Progress (2): 442/711 kB | 0/9.0 MB
Progress (2): 458/711 kB | 0/9.0 MB
Progress (2): 458/711 kB | 0/9.0 MB
Progress (2): 458/711 kB | 0/9.0 MB
Progress (2): 475/711 kB | 0/9.0 MB
Progress (2): 475/711 kB | 0.1/9.0 MB
Progress (2): 491/711 kB | 0.1/9.0 MB
Progress (2): 491/711 kB | 0.1/9.0 MB
Progress (2): 507/711 kB | 0.1/9.0 MB
Progress (2): 507/711 kB | 0.1/9.0 MB
Progress (2): 524/711 kB | 0.1/9.0 MB
Progress (2): 524/711 kB | 0.1/9.0 MB
Progress (2): 524/711 kB | 0.1/9.0 MB
Progress (2): 540/711 kB | 0.1/9.0 MB
Progress (2): 540/711 kB | 0.1/9.0 MB
Progress (2): 557/711 kB | 0.1/9.0 MB
Progress (2): 557/711 kB | 0.2/9.0 MB
Progress (2): 573/711 kB | 0.2/9.0 MB
Progress (2): 573/711 kB | 0.2/9.0 MB
Progress (2): 589/711 kB | 0.2/9.0 MB
Progress (2): 589/711 kB | 0.2/9.0 MB
Progress (2): 606/711 kB | 0.2/9.0 MB
Progress (2): 606/711 kB | 0.2/9.0 MB
Progress (2): 622/711 kB | 0.2/9.0 MB
Progress (2): 622/711 kB | 0.2/9.0 MB
Progress (2): 639/711 kB | 0.2/9.0 MB
Progress (2): 639/711 kB | 0.2/9.0 MB
Progress (2): 655/711 kB | 0.2/9.0 MB
Progress (2): 655/711 kB | 0.3/9.0 MB
Progress (2): 671/711 kB | 0.3/9.0 MB
Progress (2): 671/711 kB | 0.3/9.0 MB
Progress (2): 688/711 kB | 0.3/9.0 MB
Progress (2): 688/711 kB | 0.3/9.0 MB
Progress (2): 704/711 kB | 0.3/9.0 MB
Progress (2): 704/711 kB | 0.3/9.0 MB
Progress (2): 711 kB | 0.3/9.0 MB    
Progress (2): 711 kB | 0.3/9.0 MB
Progress (3): 711 kB | 0.3/9.0 MB | 7.7/366 kB
Progress (3): 711 kB | 0.3/9.0 MB | 7.7/366 kB
Progress (3): 711 kB | 0.4/9.0 MB | 7.7/366 kB
Progress (3): 711 kB | 0.4/9.0 MB | 7.7/366 kB
Progress (3): 711 kB | 0.4/9.0 MB | 7.7/366 kB
Progress (3): 711 kB | 0.4/9.0 MB | 16/366 kB 
Progress (3): 711 kB | 0.4/9.0 MB | 16/366 kB
Progress (3): 711 kB | 0.4/9.0 MB | 16/366 kB
Progress (3): 711 kB | 0.4/9.0 MB | 32/366 kB
Progress (3): 711 kB | 0.4/9.0 MB | 32/366 kB
Progress (3): 711 kB | 0.5/9.0 MB | 32/366 kB
Progress (3): 711 kB | 0.5/9.0 MB | 49/366 kB
Progress (3): 711 kB | 0.5/9.0 MB | 49/366 kB
Progress (3): 711 kB | 0.5/9.0 MB | 65/366 kB
Progress (3): 711 kB | 0.5/9.0 MB | 65/366 kB
Progress (3): 711 kB | 0.5/9.0 MB | 81/366 kB
Progress (3): 711 kB | 0.5/9.0 MB | 81/366 kB
Progress (3): 711 kB | 0.5/9.0 MB | 81/366 kB
Progress (3): 711 kB | 0.5/9.0 MB | 98/366 kB
Progress (3): 711 kB | 0.5/9.0 MB | 98/366 kB
Progress (3): 711 kB | 0.5/9.0 MB | 114/366 kB
Progress (3): 711 kB | 0.6/9.0 MB | 114/366 kB
Progress (3): 711 kB | 0.6/9.0 MB | 131/366 kB
Progress (3): 711 kB | 0.6/9.0 MB | 131/366 kB
Progress (3): 711 kB | 0.6/9.0 MB | 147/366 kB
Progress (3): 711 kB | 0.6/9.0 MB | 147/366 kB
Progress (3): 711 kB | 0.6/9.0 MB | 163/366 kB
Progress (3): 711 kB | 0.6/9.0 MB | 163/366 kB
Progress (3): 711 kB | 0.6/9.0 MB | 180/366 kB
Progress (3): 711 kB | 0.6/9.0 MB | 180/366 kB
Progress (3): 711 kB | 0.6/9.0 MB | 180/366 kB
Progress (3): 711 kB | 0.6/9.0 MB | 196/366 kB
Progress (3): 711 kB | 0.7/9.0 MB | 196/366 kB
Progress (3): 711 kB | 0.7/9.0 MB | 213/366 kB
Progress (3): 711 kB | 0.7/9.0 MB | 213/366 kB
Progress (3): 711 kB | 0.7/9.0 MB | 229/366 kB
Progress (3): 711 kB | 0.7/9.0 MB | 229/366 kB
Progress (3): 711 kB | 0.7/9.0 MB | 245/366 kB
Progress (3): 711 kB | 0.7/9.0 MB | 245/366 kB
Progress (3): 711 kB | 0.7/9.0 MB | 262/366 kB
Progress (3): 711 kB | 0.7/9.0 MB | 278/366 kB
Progress (3): 711 kB | 0.7/9.0 MB | 278/366 kB
Progress (3): 711 kB | 0.7/9.0 MB | 294/366 kB
Progress (3): 711 kB | 0.7/9.0 MB | 311/366 kB
Progress (3): 711 kB | 0.7/9.0 MB | 311/366 kB
Progress (3): 711 kB | 0.7/9.0 MB | 327/366 kB
Progress (3): 711 kB | 0.7/9.0 MB | 344/366 kB
Progress (3): 711 kB | 0.8/9.0 MB | 344/366 kB
Progress (3): 711 kB | 0.8/9.0 MB | 360/366 kB
Progress (3): 711 kB | 0.8/9.0 MB | 360/366 kB
Progress (3): 711 kB | 0.8/9.0 MB | 366 kB    
Progress (3): 711 kB | 0.8/9.0 MB | 366 kB
Progress (3): 711 kB | 0.8/9.0 MB | 366 kB
Progress (3): 711 kB | 0.8/9.0 MB | 366 kB
Progress (3): 711 kB | 0.8/9.0 MB | 366 kB
Progress (3): 711 kB | 0.9/9.0 MB | 366 kB
Progress (3): 711 kB | 0.9/9.0 MB | 366 kB
Progress (3): 711 kB | 0.9/9.0 MB | 366 kB
Progress (3): 711 kB | 0.9/9.0 MB | 366 kB
Progress (3): 711 kB | 0.9/9.0 MB | 366 kB
Progress (3): 711 kB | 0.9/9.0 MB | 366 kB
Progress (3): 711 kB | 0.9/9.0 MB | 366 kB
Progress (3): 711 kB | 1.0/9.0 MB | 366 kB
Progress (3): 711 kB | 1.0/9.0 MB | 366 kB
Progress (3): 711 kB | 1.0/9.0 MB | 366 kB
Progress (3): 711 kB | 1.0/9.0 MB | 366 kB
Progress (3): 711 kB | 1.0/9.0 MB | 366 kB
Progress (3): 711 kB | 1.0/9.0 MB | 366 kB
Progress (4): 711 kB | 1.0/9.0 MB | 366 kB | 7.7/9.4 kB
Progress (4): 711 kB | 1.0/9.0 MB | 366 kB | 9.4 kB    
Progress (4): 711 kB | 1.1/9.0 MB | 366 kB | 9.4 kB
Progress (4): 711 kB | 1.1/9.0 MB | 366 kB | 9.4 kB
Progress (4): 711 kB | 1.1/9.0 MB | 366 kB | 9.4 kB
Progress (4): 711 kB | 1.1/9.0 MB | 366 kB | 9.4 kB
Progress (4): 711 kB | 1.1/9.0 MB | 366 kB | 9.4 kB
Progress (4): 711 kB | 1.1/9.0 MB | 366 kB | 9.4 kB
Progress (4): 711 kB | 1.2/9.0 MB | 366 kB | 9.4 kB
Progress (4): 711 kB | 1.2/9.0 MB | 366 kB | 9.4 kB
Progress (4): 711 kB | 1.2/9.0 MB | 366 kB | 9.4 kB
Progress (4): 711 kB | 1.2/9.0 MB | 366 kB | 9.4 kB
Progress (4): 711 kB | 1.2/9.0 MB | 366 kB | 9.4 kB
Progress (4): 711 kB | 1.2/9.0 MB | 366 kB | 9.4 kB
Progress (4): 711 kB | 1.3/9.0 MB | 366 kB | 9.4 kB
Progress (4): 711 kB | 1.3/9.0 MB | 366 kB | 9.4 kB
Progress (4): 711 kB | 1.3/9.0 MB | 366 kB | 9.4 kB
Progress (4): 711 kB | 1.3/9.0 MB | 366 kB | 9.4 kB
Progress (4): 711 kB | 1.3/9.0 MB | 366 kB | 9.4 kB
Progress (4): 711 kB | 1.3/9.0 MB | 366 kB | 9.4 kB
Progress (4): 711 kB | 1.4/9.0 MB | 366 kB | 9.4 kB
Progress (4): 711 kB | 1.4/9.0 MB | 366 kB | 9.4 kB
Progress (4): 711 kB | 1.4/9.0 MB | 366 kB | 9.4 kB
Progress (4): 711 kB | 1.4/9.0 MB | 366 kB | 9.4 kB
Progress (4): 711 kB | 1.4/9.0 MB | 366 kB | 9.4 kB
Progress (4): 711 kB | 1.4/9.0 MB | 366 kB | 9.4 kB
Progress (4): 711 kB | 1.5/9.0 MB | 366 kB | 9.4 kB
Progress (4): 711 kB | 1.5/9.0 MB | 366 kB | 9.4 kB
                                                   
Downloaded from central: https://repo1.maven.org/maven2/org/mockito/mockito-core/5.20.0/mockito-core-5.20.0.jar (711 kB at 620 kB/s)
Progress (3): 1.5/9.0 MB | 366 kB | 9.4 kB
Progress (3): 1.5/9.0 MB | 366 kB | 9.4 kB
Progress (3): 1.5/9.0 MB | 366 kB | 9.4 kB
Progress (3): 1.5/9.0 MB | 366 kB | 9.4 kB
Progress (3): 1.6/9.0 MB | 366 kB | 9.4 kB
Progress (3): 1.6/9.0 MB | 366 kB | 9.4 kB
Progress (3): 1.6/9.0 MB | 366 kB | 9.4 kB
Progress (3): 1.6/9.0 MB | 366 kB | 9.4 kB
Progress (3): 1.6/9.0 MB | 366 kB | 9.4 kB
Progress (3): 1.6/9.0 MB | 366 kB | 9.4 kB
Progress (3): 1.7/9.0 MB | 366 kB | 9.4 kB
Progress (3): 1.7/9.0 MB | 366 kB | 9.4 kB
Progress (3): 1.7/9.0 MB | 366 kB | 9.4 kB
Progress (3): 1.7/9.0 MB | 366 kB | 9.4 kB
Progress (3): 1.7/9.0 MB | 366 kB | 9.4 kB
Progress (3): 1.7/9.0 MB | 366 kB | 9.4 kB
Progress (3): 1.8/9.0 MB | 366 kB | 9.4 kB
Progress (3): 1.8/9.0 MB | 366 kB | 9.4 kB
Progress (3): 1.8/9.0 MB | 366 kB | 9.4 kB
Progress (3): 1.8/9.0 MB | 366 kB | 9.4 kB
Progress (3): 1.8/9.0 MB | 366 kB | 9.4 kB
Progress (3): 1.8/9.0 MB | 366 kB | 9.4 kB
Progress (3): 1.9/9.0 MB | 366 kB | 9.4 kB
Progress (3): 1.9/9.0 MB | 366 kB | 9.4 kB
Progress (3): 1.9/9.0 MB | 366 kB | 9.4 kB
Progress (3): 1.9/9.0 MB | 366 kB | 9.4 kB
Progress (3): 1.9/9.0 MB | 366 kB | 9.4 kB
                                          
Downloaded from central: https://repo1.maven.org/maven2/net/bytebuddy/byte-buddy-agent/1.17.7/byte-buddy-agent-1.17.7.jar (366 kB at 318 kB/s)
Progress (2): 1.9/9.0 MB | 9.4 kB
Progress (2): 1.9/9.0 MB | 9.4 kB
                                 
Downloaded from central: https://repo1.maven.org/maven2/org/mockito/mockito-junit-jupiter/5.20.0/mockito-junit-jupiter-5.20.0.jar (9.4 kB at 8.2 kB/s)
Progress (1): 2.0/9.0 MB
Progress (1): 2.0/9.0 MB
Progress (1): 2.0/9.0 MB
Progress (1): 2.0/9.0 MB
Progress (1): 2.0/9.0 MB
Progress (1): 2.0/9.0 MB
Progress (1): 2.1/9.0 MB
Progress (1): 2.1/9.0 MB
Progress (1): 2.1/9.0 MB
Progress (1): 2.1/9.0 MB
Progress (1): 2.1/9.0 MB
Progress (1): 2.1/9.0 MB
Progress (1): 2.2/9.0 MB
Progress (1): 2.2/9.0 MB
Progress (1): 2.2/9.0 MB
Progress (1): 2.2/9.0 MB
Progress (1): 2.2/9.0 MB
Progress (1): 2.2/9.0 MB
Progress (1): 2.3/9.0 MB
Progress (1): 2.3/9.0 MB
Progress (1): 2.3/9.0 MB
Progress (1): 2.3/9.0 MB
Progress (1): 2.3/9.0 MB
Progress (1): 2.3/9.0 MB
Progress (1): 2.4/9.0 MB
Progress (1): 2.4/9.0 MB
Progress (1): 2.4/9.0 MB
Progress (1): 2.4/9.0 MB
Progress (1): 2.4/9.0 MB
Progress (1): 2.4/9.0 MB
Progress (1): 2.5/9.0 MB
Progress (1): 2.5/9.0 MB
Progress (1): 2.5/9.0 MB
Progress (1): 2.5/9.0 MB
Progress (1): 2.5/9.0 MB
Progress (1): 2.5/9.0 MB
Progress (1): 2.6/9.0 MB
Progress (1): 2.6/9.0 MB
Progress (1): 2.6/9.0 MB
Progress (1): 2.6/9.0 MB
Progress (1): 2.6/9.0 MB
Progress (1): 2.6/9.0 MB
Progress (1): 2.7/9.0 MB
Progress (1): 2.7/9.0 MB
Progress (1): 2.7/9.0 MB
Progress (1): 2.7/9.0 MB
Progress (1): 2.7/9.0 MB
Progress (1): 2.7/9.0 MB
Progress (1): 2.8/9.0 MB
Progress (1): 2.8/9.0 MB
Progress (1): 2.8/9.0 MB
Progress (1): 2.8/9.0 MB
Progress (1): 2.8/9.0 MB
Progress (1): 2.8/9.0 MB
Progress (1): 2.9/9.0 MB
Progress (1): 2.9/9.0 MB
Progress (1): 2.9/9.0 MB
Progress (1): 2.9/9.0 MB
Progress (1): 2.9/9.0 MB
Progress (1): 2.9/9.0 MB
Progress (1): 2.9/9.0 MB
Progress (1): 3.0/9.0 MB
Progress (1): 3.0/9.0 MB
Progress (1): 3.0/9.0 MB
Progress (1): 3.0/9.0 MB
Progress (1): 3.0/9.0 MB
Progress (1): 3.0/9.0 MB
Progress (1): 3.1/9.0 MB
Progress (1): 3.1/9.0 MB
Progress (1): 3.1/9.0 MB
Progress (1): 3.1/9.0 MB
Progress (1): 3.1/9.0 MB
Progress (1): 3.1/9.0 MB
Progress (1): 3.2/9.0 MB
Progress (1): 3.2/9.0 MB
Progress (1): 3.2/9.0 MB
Progress (1): 3.2/9.0 MB
Progress (1): 3.2/9.0 MB
Progress (1): 3.2/9.0 MB
Progress (1): 3.3/9.0 MB
Progress (1): 3.3/9.0 MB
Progress (1): 3.3/9.0 MB
Progress (1): 3.3/9.0 MB
Progress (1): 3.3/9.0 MB
Progress (1): 3.3/9.0 MB
Progress (1): 3.4/9.0 MB
Progress (1): 3.4/9.0 MB
Progress (1): 3.4/9.0 MB
Progress (1): 3.4/9.0 MB
Progress (1): 3.4/9.0 MB
Progress (1): 3.4/9.0 MB
Progress (1): 3.5/9.0 MB
Progress (1): 3.5/9.0 MB
Progress (1): 3.5/9.0 MB
Progress (1): 3.5/9.0 MB
Progress (1): 3.5/9.0 MB
Progress (1): 3.5/9.0 MB
Progress (1): 3.6/9.0 MB
Progress (1): 3.6/9.0 MB
Progress (1): 3.6/9.0 MB
Progress (1): 3.6/9.0 MB
Progress (1): 3.6/9.0 MB
Progress (1): 3.6/9.0 MB
Progress (1): 3.7/9.0 MB
Progress (1): 3.7/9.0 MB
Progress (1): 3.7/9.0 MB
Progress (1): 3.7/9.0 MB
Progress (1): 3.7/9.0 MB
Progress (1): 3.7/9.0 MB
Progress (1): 3.8/9.0 MB
Progress (1): 3.8/9.0 MB
Progress (1): 3.8/9.0 MB
Progress (1): 3.8/9.0 MB
Progress (1): 3.8/9.0 MB
Progress (1): 3.8/9.0 MB
Progress (1): 3.8/9.0 MB
Progress (1): 3.9/9.0 MB
Progress (1): 3.9/9.0 MB
Progress (1): 3.9/9.0 MB
Progress (1): 3.9/9.0 MB
Progress (1): 3.9/9.0 MB
Progress (1): 3.9/9.0 MB
Progress (1): 4.0/9.0 MB
Progress (1): 4.0/9.0 MB
Progress (1): 4.0/9.0 MB
Progress (1): 4.0/9.0 MB
Progress (1): 4.0/9.0 MB
Progress (1): 4.0/9.0 MB
Progress (1): 4.1/9.0 MB
Progress (1): 4.1/9.0 MB
Progress (1): 4.1/9.0 MB
Progress (1): 4.1/9.0 MB
Progress (1): 4.1/9.0 MB
Progress (1): 4.1/9.0 MB
Progress (1): 4.2/9.0 MB
Progress (1): 4.2/9.0 MB
Progress (1): 4.2/9.0 MB
Progress (1): 4.2/9.0 MB
Progress (1): 4.2/9.0 MB
Progress (1): 4.2/9.0 MB
Progress (1): 4.3/9.0 MB
Progress (1): 4.3/9.0 MB
Progress (1): 4.3/9.0 MB
Progress (1): 4.3/9.0 MB
Progress (1): 4.3/9.0 MB
Progress (1): 4.3/9.0 MB
Progress (1): 4.4/9.0 MB
Progress (1): 4.4/9.0 MB
Progress (1): 4.4/9.0 MB
Progress (1): 4.4/9.0 MB
Progress (1): 4.4/9.0 MB
Progress (1): 4.4/9.0 MB
Progress (1): 4.5/9.0 MB
Progress (1): 4.5/9.0 MB
Progress (1): 4.5/9.0 MB
Progress (1): 4.5/9.0 MB
Progress (1): 4.5/9.0 MB
Progress (1): 4.5/9.0 MB
Progress (1): 4.6/9.0 MB
Progress (1): 4.6/9.0 MB
Progress (1): 4.6/9.0 MB
Progress (1): 4.6/9.0 MB
Progress (1): 4.6/9.0 MB
Progress (1): 4.6/9.0 MB
Progress (1): 4.7/9.0 MB
Progress (1): 4.7/9.0 MB
Progress (1): 4.7/9.0 MB
Progress (1): 4.7/9.0 MB
Progress (1): 4.7/9.0 MB
Progress (1): 4.7/9.0 MB
Progress (1): 4.8/9.0 MB
Progress (1): 4.8/9.0 MB
Progress (1): 4.8/9.0 MB
Progress (1): 4.8/9.0 MB
Progress (1): 4.8/9.0 MB
Progress (1): 4.8/9.0 MB
Progress (1): 4.8/9.0 MB
Progress (1): 4.9/9.0 MB
Progress (1): 4.9/9.0 MB
Progress (1): 4.9/9.0 MB
Progress (1): 4.9/9.0 MB
Progress (1): 4.9/9.0 MB
Progress (1): 4.9/9.0 MB
Progress (1): 5.0/9.0 MB
Progress (1): 5.0/9.0 MB
Progress (1): 5.0/9.0 MB
Progress (1): 5.0/9.0 MB
Progress (1): 5.0/9.0 MB
Progress (1): 5.0/9.0 MB
Progress (1): 5.1/9.0 MB
Progress (1): 5.1/9.0 MB
Progress (1): 5.1/9.0 MB
Progress (1): 5.1/9.0 MB
Progress (1): 5.1/9.0 MB
Progress (1): 5.1/9.0 MB
Progress (1): 5.2/9.0 MB
Progress (1): 5.2/9.0 MB
Progress (1): 5.2/9.0 MB
Progress (1): 5.2/9.0 MB
Progress (1): 5.2/9.0 MB
Progress (1): 5.2/9.0 MB
Progress (1): 5.3/9.0 MB
Progress (1): 5.3/9.0 MB
Progress (1): 5.3/9.0 MB
Progress (1): 5.3/9.0 MB
Progress (1): 5.3/9.0 MB
Progress (1): 5.3/9.0 MB
Progress (1): 5.4/9.0 MB
Progress (1): 5.4/9.0 MB
Progress (1): 5.4/9.0 MB
Progress (1): 5.4/9.0 MB
Progress (1): 5.4/9.0 MB
Progress (1): 5.4/9.0 MB
Progress (1): 5.5/9.0 MB
Progress (1): 5.5/9.0 MB
Progress (1): 5.5/9.0 MB
Progress (1): 5.5/9.0 MB
Progress (1): 5.5/9.0 MB
Progress (1): 5.5/9.0 MB
Progress (1): 5.6/9.0 MB
Progress (1): 5.6/9.0 MB
Progress (1): 5.6/9.0 MB
Progress (1): 5.6/9.0 MB
Progress (1): 5.6/9.0 MB
Progress (1): 5.6/9.0 MB
Progress (1): 5.7/9.0 MB
Progress (1): 5.7/9.0 MB
Progress (1): 5.7/9.0 MB
Progress (1): 5.7/9.0 MB
Progress (1): 5.7/9.0 MB
Progress (1): 5.7/9.0 MB
Progress (1): 5.8/9.0 MB
Progress (1): 5.8/9.0 MB
Progress (1): 5.8/9.0 MB
Progress (1): 5.8/9.0 MB
Progress (1): 5.8/9.0 MB
Progress (1): 5.8/9.0 MB
Progress (1): 5.8/9.0 MB
Progress (1): 5.9/9.0 MB
Progress (1): 5.9/9.0 MB
Progress (1): 5.9/9.0 MB
Progress (1): 5.9/9.0 MB
Progress (1): 5.9/9.0 MB
Progress (1): 5.9/9.0 MB
Progress (1): 6.0/9.0 MB
Progress (1): 6.0/9.0 MB
Progress (1): 6.0/9.0 MB
Progress (1): 6.0/9.0 MB
Progress (1): 6.0/9.0 MB
Progress (1): 6.0/9.0 MB
Progress (1): 6.1/9.0 MB
Progress (1): 6.1/9.0 MB
Progress (1): 6.1/9.0 MB
Progress (1): 6.1/9.0 MB
Progress (1): 6.1/9.0 MB
Progress (1): 6.1/9.0 MB
Progress (1): 6.2/9.0 MB
Progress (1): 6.2/9.0 MB
Progress (1): 6.2/9.0 MB
Progress (1): 6.2/9.0 MB
Progress (1): 6.2/9.0 MB
Progress (1): 6.2/9.0 MB
Progress (1): 6.3/9.0 MB
Progress (1): 6.3/9.0 MB
Progress (1): 6.3/9.0 MB
Progress (1): 6.3/9.0 MB
Progress (1): 6.3/9.0 MB
Progress (1): 6.3/9.0 MB
Progress (1): 6.4/9.0 MB
Progress (1): 6.4/9.0 MB
Progress (1): 6.4/9.0 MB
Progress (1): 6.4/9.0 MB
Progress (1): 6.4/9.0 MB
Progress (1): 6.4/9.0 MB
Progress (1): 6.5/9.0 MB
Progress (1): 6.5/9.0 MB
Progress (1): 6.5/9.0 MB
Progress (1): 6.5/9.0 MB
Progress (1): 6.5/9.0 MB
Progress (1): 6.5/9.0 MB
Progress (1): 6.6/9.0 MB
Progress (1): 6.6/9.0 MB
Progress (1): 6.6/9.0 MB
Progress (1): 6.6/9.0 MB
Progress (1): 6.6/9.0 MB
Progress (1): 6.6/9.0 MB
Progress (1): 6.7/9.0 MB
Progress (1): 6.7/9.0 MB
Progress (1): 6.7/9.0 MB
Progress (1): 6.7/9.0 MB
Progress (1): 6.7/9.0 MB
Progress (1): 6.7/9.0 MB
Progress (1): 6.7/9.0 MB
Progress (1): 6.8/9.0 MB
Progress (1): 6.8/9.0 MB
Progress (1): 6.8/9.0 MB
Progress (1): 6.8/9.0 MB
Progress (1): 6.8/9.0 MB
Progress (1): 6.8/9.0 MB
Progress (1): 6.9/9.0 MB
Progress (1): 6.9/9.0 MB
Progress (1): 6.9/9.0 MB
Progress (1): 6.9/9.0 MB
Progress (1): 6.9/9.0 MB
Progress (1): 6.9/9.0 MB
Progress (1): 7.0/9.0 MB
Progress (1): 7.0/9.0 MB
Progress (1): 7.0/9.0 MB
Progress (1): 7.0/9.0 MB
Progress (1): 7.0/9.0 MB
Progress (1): 7.0/9.0 MB
Progress (1): 7.1/9.0 MB
Progress (1): 7.1/9.0 MB
Progress (1): 7.1/9.0 MB
Progress (1): 7.1/9.0 MB
Progress (1): 7.1/9.0 MB
Progress (1): 7.1/9.0 MB
Progress (1): 7.2/9.0 MB
Progress (1): 7.2/9.0 MB
Progress (1): 7.2/9.0 MB
Progress (1): 7.2/9.0 MB
Progress (1): 7.2/9.0 MB
Progress (1): 7.2/9.0 MB
Progress (1): 7.3/9.0 MB
Progress (1): 7.3/9.0 MB
Progress (1): 7.3/9.0 MB
Progress (1): 7.3/9.0 MB
Progress (1): 7.3/9.0 MB
Progress (1): 7.3/9.0 MB
Progress (1): 7.4/9.0 MB
Progress (1): 7.4/9.0 MB
Progress (1): 7.4/9.0 MB
Progress (1): 7.4/9.0 MB
Progress (1): 7.4/9.0 MB
Progress (1): 7.4/9.0 MB
Progress (1): 7.5/9.0 MB
Progress (1): 7.5/9.0 MB
Progress (1): 7.5/9.0 MB
Progress (1): 7.5/9.0 MB
Progress (1): 7.5/9.0 MB
Progress (1): 7.5/9.0 MB
Progress (1): 7.6/9.0 MB
Progress (1): 7.6/9.0 MB
Progress (1): 7.6/9.0 MB
Progress (1): 7.6/9.0 MB
Progress (1): 7.6/9.0 MB
Progress (1): 7.6/9.0 MB
Progress (1): 7.7/9.0 MB
Progress (1): 7.7/9.0 MB
Progress (1): 7.7/9.0 MB
Progress (1): 7.7/9.0 MB
Progress (1): 7.7/9.0 MB
Progress (1): 7.7/9.0 MB
Progress (1): 7.7/9.0 MB
Progress (1): 7.8/9.0 MB
Progress (1): 7.8/9.0 MB
Progress (1): 7.8/9.0 MB
Progress (1): 7.8/9.0 MB
Progress (1): 7.8/9.0 MB
Progress (1): 7.8/9.0 MB
Progress (1): 7.9/9.0 MB
Progress (1): 7.9/9.0 MB
Progress (1): 7.9/9.0 MB
Progress (1): 7.9/9.0 MB
Progress (1): 7.9/9.0 MB
Progress (1): 7.9/9.0 MB
Progress (1): 8.0/9.0 MB
Progress (1): 8.0/9.0 MB
Progress (1): 8.0/9.0 MB
Progress (1): 8.0/9.0 MB
Progress (1): 8.0/9.0 MB
Progress (1): 8.0/9.0 MB
Progress (1): 8.1/9.0 MB
Progress (1): 8.1/9.0 MB
Progress (1): 8.1/9.0 MB
Progress (1): 8.1/9.0 MB
Progress (1): 8.1/9.0 MB
Progress (1): 8.1/9.0 MB
Progress (1): 8.2/9.0 MB
Progress (1): 8.2/9.0 MB
Progress (1): 8.2/9.0 MB
Progress (1): 8.2/9.0 MB
Progress (1): 8.2/9.0 MB
Progress (1): 8.2/9.0 MB
Progress (1): 8.3/9.0 MB
Progress (1): 8.3/9.0 MB
Progress (1): 8.3/9.0 MB
Progress (1): 8.3/9.0 MB
Progress (1): 8.3/9.0 MB
Progress (1): 8.3/9.0 MB
Progress (1): 8.4/9.0 MB
Progress (1): 8.4/9.0 MB
Progress (1): 8.4/9.0 MB
Progress (1): 8.4/9.0 MB
Progress (1): 8.4/9.0 MB
Progress (1): 8.4/9.0 MB
Progress (1): 8.5/9.0 MB
Progress (1): 8.5/9.0 MB
Progress (1): 8.5/9.0 MB
Progress (1): 8.5/9.0 MB
Progress (1): 8.5/9.0 MB
Progress (1): 8.5/9.0 MB
Progress (1): 8.6/9.0 MB
Progress (1): 8.6/9.0 MB
Progress (1): 8.6/9.0 MB
Progress (1): 8.6/9.0 MB
Progress (1): 8.6/9.0 MB
Progress (1): 8.6/9.0 MB
Progress (1): 8.7/9.0 MB
Progress (1): 8.7/9.0 MB
Progress (1): 8.7/9.0 MB
Progress (1): 8.7/9.0 MB
Progress (1): 8.7/9.0 MB
Progress (1): 8.7/9.0 MB
Progress (1): 8.7/9.0 MB
Progress (1): 8.8/9.0 MB
Progress (1): 8.8/9.0 MB
Progress (1): 8.8/9.0 MB
Progress (1): 8.8/9.0 MB
Progress (1): 8.8/9.0 MB
Progress (1): 8.8/9.0 MB
Progress (1): 8.9/9.0 MB
Progress (1): 8.9/9.0 MB
Progress (1): 8.9/9.0 MB
Progress (1): 8.9/9.0 MB
Progress (1): 8.9/9.0 MB
Progress (1): 8.9/9.0 MB
Progress (1): 9.0/9.0 MB
Progress (1): 9.0/9.0 MB
Progress (1): 9.0/9.0 MB
Progress (1): 9.0/9.0 MB
Progress (1): 9.0 MB    
                    
Downloaded from central: https://repo1.maven.org/maven2/net/bytebuddy/byte-buddy/1.17.7/byte-buddy-1.17.7.jar (9.0 MB at 6.8 MB/s)
[INFO] ------------------------------------------------------------------------
[INFO] BUILD FAILURE
[INFO] ------------------------------------------------------------------------
[INFO] Total time:  16.137 s
[INFO] Finished at: 2026-02-24T21:25:44-05:00
[INFO] ------------------------------------------------------------------------
[ERROR] Failed to execute goal on project jspwiki-main: Could not resolve dependencies for project org.apache.jspwiki:jspwiki-main:jar:3.0.0-SNAPSHOT
[ERROR] dependency: org.apache.jspwiki:jspwiki-util:jar:3.0.0-SNAPSHOT (compile)
[ERROR] 	Could not find artifact org.apache.jspwiki:jspwiki-util:jar:3.0.0-SNAPSHOT
[ERROR] dependency: org.apache.jspwiki:jspwiki-event:jar:3.0.0-SNAPSHOT (compile)
[ERROR] 	Could not find artifact org.apache.jspwiki:jspwiki-event:jar:3.0.0-SNAPSHOT
[ERROR] dependency: org.apache.jspwiki:jspwiki-api:jar:3.0.0-SNAPSHOT (compile)
[ERROR] 	Could not find artifact org.apache.jspwiki:jspwiki-api:jar:3.0.0-SNAPSHOT
[ERROR] dependency: org.apache.jspwiki:jspwiki-cache:jar:3.0.0-SNAPSHOT (compile)
[ERROR] 	Could not find artifact org.apache.jspwiki:jspwiki-cache:jar:3.0.0-SNAPSHOT
[ERROR] dependency: org.apache.jspwiki:jspwiki-http:jar:3.0.0-SNAPSHOT (compile)
[ERROR] 	Could not find artifact org.apache.jspwiki:jspwiki-http:jar:3.0.0-SNAPSHOT
[ERROR] dependency: org.apache.jspwiki:jspwiki-wysiwyg:jar:3.0.0-SNAPSHOT (compile)
[ERROR] 	Could not find artifact org.apache.jspwiki:jspwiki-wysiwyg:jar:3.0.0-SNAPSHOT
[ERROR] 
[ERROR] -> [Help 1]
[ERROR] 
[ERROR] To see the full stack trace of the errors, re-run Maven with the -e switch.
[ERROR] Re-run Maven using the -X switch to enable full debug logging.
[ERROR] 
[ERROR] For more information about the errors and possible solutions, please read the following articles:
[ERROR] [Help 1] http://cwiki.apache.org/confluence/display/MAVEN/DependencyResolutionException

STDERR:
